age,job,marital,education,default,balance,housing,loan,contact,day,month,duration,campaign,pdays,previous,poutcome,y
82,retired,married,primary,no,3456.0,no,no,telephone,5,may,510,4,-1,0,unknown,yes
40,admin.,married,secondary,no,3426.0,yes,no,cellular,19,nov,154,1,-1,0,unknown,no
66,technician,married,primary,no,0.0,yes,yes,cellular,24,jul,84,1,-1,0,unknown,no
51,admin.,single,secondary,no,-163.5,yes,yes,cellular,11,may,1038,1,370,1,failure,yes
47,unemployed,married,secondary,no,1386.0,yes,no,cellular,9,feb,181,9,-1,0,unknown,no
43,technician,married,secondary,no,2151.0,yes,no,cellular,20,nov,200,1,-1,0,unknown,no
64,retired,married,secondary,no,2739.0,yes,no,cellular,17,nov,264,4,-1,0,unknown,no
42,blue-collar,single,secondary,no,79.5,yes,no,cellular,18,nov,276,1,195,1,failure,no
47,management,married,tertiary,no,2142.0,no,no,cellular,16,nov,333,2,-1,0,unknown,no
45,management,married,tertiary,no,366.0,yes,no,cellular,11,may,155,2,173,1,failure,no
45,retired,single,tertiary,no,2133.0,yes,yes,cellular,20,apr,28,7,272,3,other,no
59,technician,married,secondary,no,825.0,yes,no,unknown,5,jun,412,2,-1,0,unknown,no
63,management,divorced,secondary,no,3322.5,yes,yes,cellular,31,jul,88,14,-1,0,unknown,no
45,blue-collar,married,primary,no,457.5,yes,no,cellular,25,jul,168,2,-1,0,unknown,no
63,management,divorced,tertiary,no,5055.0,no,no,cellular,21,oct,180,1,334,3,other,no
70,retired,married,secondary,no,0.0,no,no,cellular,5,aug,143,3,-1,0,unknown,no
80,management,married,tertiary,no,8344.5,no,no,cellular,6,feb,146,1,-1,0,unknown,no
69,retired,married,secondary,yes,-3.0,no,yes,cellular,18,jul,102,1,-1,0,unknown,no
56,retired,married,secondary,no,22.5,yes,yes,cellular,20,aug,76,3,-1,0,unknown,no
41,technician,single,secondary,no,6060.0,yes,no,unknown,2,jun,213,2,-1,0,unknown,no
46,management,single,tertiary,yes,-838.5,yes,no,unknown,2,jun,71,2,-1,0,unknown,no
43,retired,married,primary,no,313.5,no,no,cellular,12,aug,76,4,-1,0,unknown,no
41,entrepreneur,single,tertiary,no,0.0,no,no,unknown,3,jun,31,5,-1,0,unknown,no
43,retired,single,unknown,no,193.5,yes,yes,cellular,30,apr,482,1,161,1,failure,yes
47,blue-collar,married,unknown,no,933.0,yes,no,cellular,11,may,175,1,-1,0,unknown,no
46,blue-collar,divorced,primary,no,-462.0,yes,no,cellular,12,may,725,1,-1,0,unknown,yes
50,blue-collar,divorced,secondary,no,1189.5,yes,no,unknown,15,may,109,1,-1,0,unknown,no
45,retired,single,secondary,no,274.5,no,no,cellular,23,oct,281,1,52,4,failure,yes
51,blue-collar,married,unknown,no,603.0,yes,no,cellular,15,jul,368,2,-1,0,unknown,no
56,admin.,married,secondary,no,1108.5,yes,no,cellular,23,jul,250,1,-1,0,unknown,no
41,technician,married,secondary,no,0.0,no,yes,cellular,19,aug,144,4,-1,0,unknown,no
64,services,single,secondary,no,838.5,yes,yes,unknown,3,jun,242,6,-1,0,unknown,no
62,services,married,secondary,no,7.5,yes,yes,cellular,11,jul,94,2,-1,0,unknown,no
39,blue-collar,single,secondary,no,1944.0,yes,yes,cellular,29,jan,275,1,240,1,other,no
48,admin.,married,primary,no,5869.5,yes,no,cellular,20,apr,196,2,315,2,failure,no
46,services,divorced,secondary,no,334.5,yes,yes,cellular,11,may,80,1,-1,0,unknown,no
39,technician,married,tertiary,no,64.5,yes,no,unknown,20,may,68,2,-1,0,unknown,no
54,retired,married,primary,no,2148.0,yes,yes,unknown,27,may,63,9,-1,0,unknown,no
43,services,married,secondary,no,2446.5,yes,no,cellular,20,nov,366,6,-1,0,unknown,no
49,technician,married,secondary,no,5241.0,yes,no,cellular,19,nov,139,1,92,4,failure,no
56,admin.,single,unknown,no,459.0,yes,no,cellular,11,may,289,5,-1,0,unknown,no
76,retired,married,primary,no,3828.0,no,no,telephone,22,apr,186,4,-1,0,unknown,no
59,technician,married,primary,no,2122.5,yes,no,cellular,30,jul,269,2,-1,0,unknown,no
47,management,married,tertiary,no,10156.5,no,no,cellular,7,sep,337,1,186,1,success,yes
33,student,single,secondary,no,646.5,no,no,cellular,15,feb,201,3,186,2,success,yes
42,retired,single,secondary,no,5487.0,yes,yes,cellular,20,nov,56,4,-1,0,unknown,no
58,services,married,secondary,no,2359.5,no,no,cellular,5,aug,165,1,-1,0,unknown,no
64,technician,married,primary,no,-2727.0,yes,no,cellular,17,jul,271,2,-1,0,unknown,no
55,blue-collar,married,secondary,no,1206.0,yes,no,unknown,16,may,528,1,-1,0,unknown,yes
37,student,single,tertiary,no,177.0,no,no,cellular,31,aug,160,3,98,1,failure,yes
66,management,married,tertiary,no,-1143.0,yes,yes,cellular,4,feb,19,10,7,5,other,no
45,unemployed,married,tertiary,no,-141.0,yes,no,cellular,18,jul,354,1,-1,0,unknown,no
49,retired,married,tertiary,no,7.5,yes,no,cellular,17,nov,118,2,131,1,other,no
46,technician,married,secondary,no,0.0,yes,no,cellular,21,jul,193,5,-1,0,unknown,no
61,retired,single,primary,no,906.0,no,no,unknown,20,jun,43,2,-1,0,unknown,no
52,retired,married,primary,no,238.5,yes,no,telephone,12,may,295,3,-1,0,unknown,no
43,technician,single,secondary,no,0.0,no,no,cellular,26,aug,73,4,-1,0,unknown,no
62,admin.,divorced,secondary,no,4075.5,no,no,telephone,18,nov,114,1,162,2,failure,no
52,technician,single,unknown,no,16672.5,no,no,cellular,30,apr,328,1,-1,0,unknown,yes
47,self-employed,single,tertiary,no,834.0,no,no,unknown,17,jun,200,2,-1,0,unknown,no
48,blue-collar,married,primary,no,435.0,yes,no,cellular,16,apr,283,1,-1,0,unknown,no
55,retired,married,secondary,no,0.0,yes,yes,unknown,20,jun,8,5,-1,0,unknown,no
49,blue-collar,married,secondary,no,439.5,yes,no,unknown,23,may,160,3,-1,0,unknown,no
59,self-employed,divorced,tertiary,no,4939.5,no,no,cellular,24,may,260,1,77,9,failure,no
47,technician,married,secondary,yes,-4.5,no,no,cellular,29,aug,122,4,-1,0,unknown,no
43,management,single,tertiary,no,8917.5,yes,no,cellular,19,nov,190,1,-1,0,unknown,no
43,retired,single,secondary,no,-544.5,yes,no,cellular,18,may,214,2,-1,0,unknown,no
50,blue-collar,married,secondary,no,4683.0,yes,no,unknown,12,may,344,3,-1,0,unknown,no
43,technician,married,secondary,no,1539.0,no,no,cellular,3,aug,326,2,340,3,failure,no
40,blue-collar,single,secondary,no,342.0,no,no,cellular,5,feb,232,1,365,1,failure,no
65,retired,married,unknown,no,34.5,no,no,cellular,13,aug,123,2,-1,0,unknown,no
59,blue-collar,married,primary,no,4573.5,no,no,unknown,12,jun,124,2,-1,0,unknown,no
41,blue-collar,single,secondary,no,24.0,no,no,cellular,7,jul,387,1,-1,0,unknown,no
70,retired,married,secondary,no,1708.5,no,no,cellular,6,feb,67,2,207,2,failure,no
66,retired,married,secondary,no,-1.5,yes,no,unknown,2,jun,45,1,-1,0,unknown,no
42,retired,married,secondary,no,7185.0,yes,no,cellular,22,jul,314,2,-1,0,unknown,no
53,services,divorced,secondary,no,829.5,yes,no,telephone,3,feb,362,2,-1,0,unknown,no
39,student,single,secondary,no,1422.0,yes,no,unknown,6,may,75,2,-1,0,unknown,no
31,student,single,secondary,no,9.0,no,no,unknown,9,may,622,1,-1,0,unknown,no
55,blue-collar,single,primary,no,462.0,yes,no,cellular,23,jul,191,2,-1,0,unknown,no
57,admin.,divorced,secondary,no,-610.5,yes,no,unknown,27,may,46,1,-1,0,unknown,no
49,management,married,tertiary,no,862.5,no,no,unknown,6,jun,109,1,-1,0,unknown,no
51,blue-collar,married,secondary,no,2827.5,yes,no,cellular,7,apr,158,2,-1,0,unknown,no
80,technician,married,secondary,no,4530.0,no,no,telephone,30,apr,56,1,-1,0,unknown,no
64,management,married,tertiary,no,750.0,yes,no,cellular,11,aug,56,4,-1,0,unknown,no
68,retired,married,tertiary,no,102.0,yes,no,unknown,6,may,172,5,-1,0,unknown,no
48,retired,married,tertiary,no,570.0,no,no,cellular,10,feb,100,1,-1,0,unknown,no
59,blue-collar,married,unknown,no,2916.0,no,no,unknown,5,jun,773,1,-1,0,unknown,no
47,services,married,secondary,yes,-1431.0,yes,no,cellular,17,nov,69,1,180,3,failure,no
65,retired,married,primary,no,1302.0,no,no,unknown,19,jun,207,1,-1,0,unknown,no
41,blue-collar,single,secondary,no,616.5,no,no,cellular,21,may,91,3,361,1,failure,no
44,management,single,tertiary,no,10060.5,yes,no,cellular,20,apr,16,3,154,4,other,no
36,management,single,tertiary,no,-12.0,no,no,cellular,13,aug,402,2,-1,0,unknown,no
58,blue-collar,single,primary,no,2907.0,yes,no,unknown,4,jun,407,1,-1,0,unknown,no
49,retired,married,secondary,no,14427.0,yes,no,cellular,13,may,94,2,338,1,failure,no
37,student,single,tertiary,no,5530.5,no,no,cellular,8,apr,335,2,-1,0,unknown,no
67,technician,married,primary,no,6663.0,no,no,cellular,8,jul,97,6,-1,0,unknown,no
42,blue-collar,single,secondary,no,652.5,yes,no,unknown,21,may,373,2,-1,0,unknown,no
44,management,single,secondary,no,291.0,no,no,cellular,29,aug,186,2,-1,0,unknown,no
43,unemployed,married,secondary,yes,-162.0,yes,yes,cellular,19,nov,286,3,-1,0,unknown,no
61,retired,single,tertiary,no,2347.5,yes,no,cellular,24,jul,870,3,-1,0,unknown,no
78,retired,married,tertiary,no,4230.0,no,no,cellular,3,dec,154,1,97,2,failure,yes
48,admin.,married,secondary,no,-21.0,no,yes,cellular,8,jul,124,1,-1,0,unknown,no
40,retired,single,primary,no,696.0,yes,no,cellular,13,apr,686,1,-1,0,unknown,no
63,housemaid,married,primary,no,4749.0,no,no,unknown,20,jun,14,12,-1,0,unknown,no
61,blue-collar,married,primary,no,0.0,no,no,cellular,20,nov,85,1,-1,0,unknown,no
48,management,married,secondary,no,144.0,yes,no,cellular,20,nov,151,3,-1,0,unknown,no
64,retired,married,secondary,no,1218.0,yes,yes,cellular,31,jul,83,6,-1,0,unknown,no
46,unemployed,married,secondary,no,1384.5,no,no,unknown,27,sep,6,1,-1,0,unknown,no
35,retired,married,secondary,no,-34.5,yes,no,cellular,25,jul,936,1,-1,0,unknown,no
63,technician,married,secondary,no,5143.5,no,no,cellular,19,aug,280,4,-1,0,unknown,no
45,management,married,tertiary,no,129.0,yes,no,cellular,19,aug,144,3,-1,0,unknown,no
56,unemployed,married,secondary,no,-187.5,yes,no,unknown,6,may,23,1,-1,0,unknown,no
38,technician,married,tertiary,no,304.5,no,yes,cellular,29,jan,188,3,-1,0,unknown,no
46,admin.,single,secondary,no,0.0,yes,yes,unknown,16,may,213,1,-1,0,unknown,no
37,student,single,secondary,no,807.0,no,no,cellular,18,dec,170,4,197,2,success,yes
59,blue-collar,married,tertiary,no,2653.5,yes,no,cellular,14,may,283,2,-1,0,unknown,no
40,unemployed,single,tertiary,no,459.0,no,no,cellular,6,feb,90,6,256,14,failure,no
47,management,married,tertiary,no,498.0,yes,no,cellular,14,aug,190,2,84,7,failure,no
55,services,divorced,secondary,no,-268.5,no,no,unknown,3,jul,155,2,-1,0,unknown,no
47,technician,married,secondary,no,673.5,yes,no,cellular,29,aug,59,4,-1,0,unknown,no
43,management,single,tertiary,no,8914.5,no,no,cellular,28,aug,81,8,-1,0,unknown,no
69,retired,married,primary,no,1596.0,yes,no,cellular,6,may,88,2,-1,0,unknown,no
50,technician,married,secondary,no,-594.0,yes,no,unknown,26,may,127,1,-1,0,unknown,no
55,housemaid,married,secondary,no,1305.0,no,yes,unknown,19,jun,258,2,-1,0,unknown,no
38,blue-collar,married,secondary,no,294.0,yes,no,unknown,26,jun,176,7,-1,0,unknown,no
56,blue-collar,married,secondary,no,835.5,no,no,unknown,18,jun,89,1,-1,0,unknown,no
61,retired,married,secondary,no,804.0,yes,yes,cellular,4,feb,53,1,-1,0,unknown,no
54,retired,married,primary,no,96.0,no,yes,cellular,29,jul,223,6,-1,0,unknown,no
65,technician,married,unknown,no,360.0,yes,no,cellular,2,aug,108,3,277,1,success,yes
61,management,married,tertiary,no,385.5,yes,no,cellular,8,may,129,2,-1,0,unknown,no
39,technician,single,tertiary,no,1009.5,yes,no,cellular,9,feb,835,3,-1,0,unknown,yes
66,retired,married,secondary,no,0.0,no,no,cellular,26,jan,413,2,-1,0,unknown,no
57,management,married,tertiary,no,589.5,yes,yes,cellular,21,jul,419,2,-1,0,unknown,no
44,technician,married,tertiary,no,715.5,no,no,telephone,29,jul,128,11,-1,0,unknown,no
48,services,married,secondary,no,456.0,no,yes,unknown,3,jul,131,1,-1,0,unknown,no
44,management,single,tertiary,no,-96.0,yes,yes,cellular,28,aug,693,7,-1,0,unknown,no
49,technician,single,tertiary,no,0.0,no,no,cellular,21,aug,121,2,-1,0,unknown,no
53,blue-collar,married,secondary,no,1807.5,yes,no,unknown,6,may,769,2,-1,0,unknown,no
65,blue-collar,married,secondary,no,294.0,no,no,cellular,21,aug,81,1,-1,0,unknown,yes
52,admin.,divorced,secondary,no,8031.0,yes,no,cellular,17,apr,799,1,-1,0,unknown,no
54,blue-collar,married,primary,no,3.0,no,yes,telephone,7,jul,46,2,-1,0,unknown,no
62,retired,single,tertiary,no,895.5,no,no,cellular,25,aug,84,4,-1,0,unknown,no
46,technician,divorced,secondary,no,849.0,yes,no,unknown,20,may,129,2,-1,0,unknown,no
50,technician,married,tertiary,no,-2668.5,yes,yes,unknown,18,jun,37,2,-1,0,unknown,no
49,blue-collar,married,secondary,no,991.5,yes,no,unknown,12,may,162,4,-1,0,unknown,no
51,technician,married,tertiary,no,1224.0,yes,yes,cellular,13,apr,520,2,319,1,failure,no
40,management,single,tertiary,no,0.0,yes,no,cellular,2,apr,293,2,314,2,failure,no
49,blue-collar,married,secondary,no,84.0,yes,no,telephone,20,apr,368,1,-1,0,unknown,no
53,management,married,secondary,no,3172.5,yes,no,cellular,18,nov,102,1,-1,0,unknown,no
56,blue-collar,single,primary,no,532.5,yes,no,unknown,13,may,320,1,-1,0,unknown,no
45,entrepreneur,married,tertiary,no,768.0,yes,no,unknown,30,may,659,1,-1,0,unknown,no
55,admin.,married,unknown,no,2335.5,no,no,unknown,20,jun,158,5,-1,0,unknown,no
44,management,married,tertiary,no,-184.5,yes,no,cellular,14,jul,64,3,-1,0,unknown,no
58,student,single,unknown,no,1918.5,no,no,telephone,20,oct,2429,1,-1,0,unknown,no
61,admin.,married,secondary,no,5604.0,no,no,cellular,20,nov,92,1,-1,0,unknown,no
83,retired,divorced,secondary,no,1638.0,no,no,cellular,7,aug,390,2,-1,0,unknown,no
41,blue-collar,married,secondary,no,1707.0,yes,yes,unknown,21,may,254,3,-1,0,unknown,no
64,blue-collar,single,unknown,no,2332.5,yes,no,telephone,30,jan,258,5,248,2,failure,no
47,technician,married,secondary,no,415.5,yes,no,cellular,4,feb,244,2,-1,0,unknown,no
66,retired,divorced,secondary,no,1465.5,no,no,cellular,7,jul,1200,1,-1,0,unknown,no
57,blue-collar,married,primary,no,2178.0,yes,yes,cellular,28,jan,181,1,177,2,failure,no
40,admin.,married,secondary,no,1027.5,yes,no,unknown,20,jun,25,3,-1,0,unknown,no
46,technician,married,secondary,no,741.0,yes,no,unknown,9,may,83,3,-1,0,unknown,no
61,blue-collar,married,primary,no,3472.5,no,no,cellular,7,aug,111,2,-1,0,unknown,no
62,technician,married,secondary,no,694.5,yes,no,cellular,4,feb,132,6,267,5,failure,no
47,management,married,tertiary,no,895.5,no,yes,unknown,30,jun,96,3,-1,0,unknown,no
51,admin.,married,secondary,no,0.0,no,no,unknown,20,jun,89,1,-1,0,unknown,no
47,retired,married,secondary,no,1354.5,yes,no,cellular,20,apr,124,1,-1,0,unknown,no
49,services,married,secondary,no,259.5,yes,no,cellular,18,nov,96,2,182,2,failure,no
43,technician,married,secondary,no,-244.5,yes,yes,cellular,8,aug,502,2,-1,0,unknown,no
41,management,divorced,secondary,no,0.0,yes,no,cellular,15,jul,216,7,-1,0,unknown,no
47,services,married,secondary,no,0.0,yes,no,unknown,3,jun,126,1,-1,0,unknown,no
47,technician,divorced,secondary,no,118.5,no,no,cellular,21,jul,191,1,-1,0,unknown,no
70,services,divorced,secondary,no,87.0,no,yes,cellular,11,jul,165,2,-1,0,unknown,no
47,technician,single,tertiary,no,10333.5,yes,no,cellular,21,nov,1221,1,-1,0,unknown,no
67,retired,married,secondary,no,622.5,no,no,cellular,6,oct,408,1,410,2,failure,no
57,technician,married,secondary,no,-817.5,yes,yes,unknown,26,may,140,5,-1,0,unknown,no
45,technician,single,secondary,no,3744.0,yes,no,cellular,20,apr,9,2,-1,0,unknown,no
57,blue-collar,married,secondary,no,357.0,yes,yes,cellular,13,mar,3076,1,-1,0,unknown,yes
57,blue-collar,married,secondary,no,2691.0,yes,yes,unknown,30,may,515,2,-1,0,unknown,no
49,retired,single,secondary,no,1243.5,no,no,cellular,5,feb,336,1,-1,0,unknown,no
51,technician,single,secondary,no,852.0,yes,no,unknown,30,may,72,2,-1,0,unknown,no
47,blue-collar,single,secondary,no,0.0,no,no,cellular,19,nov,228,3,-1,0,unknown,no
52,management,married,tertiary,no,1908.0,yes,no,cellular,5,may,117,1,169,1,failure,no
51,housemaid,married,primary,no,0.0,no,no,cellular,14,apr,168,1,-1,0,unknown,yes
53,blue-collar,married,secondary,no,21969.0,no,no,cellular,23,oct,210,1,-1,0,unknown,yes
63,unemployed,single,secondary,no,6.0,no,no,cellular,30,jul,259,3,-1,0,unknown,no
49,technician,divorced,secondary,no,1032.0,yes,yes,cellular,1,apr,233,2,133,1,failure,no
55,retired,single,tertiary,no,24.0,no,no,cellular,18,nov,100,1,110,2,failure,no
47,services,single,secondary,no,372.0,yes,no,cellular,8,apr,417,2,57,3,failure,no
44,management,married,tertiary,no,454.5,yes,no,cellular,18,jul,226,2,-1,0,unknown,no
41,retired,single,secondary,no,1035.0,no,no,cellular,4,may,10,4,87,12,failure,no
70,retired,married,secondary,no,-594.0,yes,no,cellular,11,may,443,1,350,1,failure,no
36,services,single,secondary,no,114.0,yes,no,unknown,3,jun,177,1,-1,0,unknown,no
59,retired,married,secondary,no,12972.0,no,no,cellular,17,nov,527,1,-1,0,unknown,no
64,management,married,tertiary,no,882.0,no,no,cellular,13,aug,327,1,-1,0,unknown,no
68,services,married,secondary,no,97.5,no,no,unknown,27,jun,162,1,-1,0,unknown,no
70,retired,married,tertiary,no,3675.0,no,no,unknown,9,jul,297,5,-1,0,unknown,no
50,blue-collar,married,secondary,yes,-84.0,yes,no,unknown,27,may,316,1,-1,0,unknown,no
60,blue-collar,married,secondary,no,489.0,no,no,cellular,28,aug,157,9,-1,0,unknown,no
54,management,married,tertiary,no,4314.0,no,no,unknown,9,jun,125,1,-1,0,unknown,no
40,admin.,married,secondary,no,885.0,no,no,cellular,11,aug,443,3,-1,0,unknown,no
57,services,married,secondary,no,2443.5,yes,no,cellular,7,may,25,1,-1,0,unknown,no
44,services,married,secondary,no,1905.0,yes,no,unknown,21,may,494,3,-1,0,unknown,no
79,retired,married,secondary,no,3709.5,no,no,cellular,8,jul,967,3,-1,0,unknown,yes
45,management,single,tertiary,no,3459.0,no,no,cellular,18,aug,86,7,-1,0,unknown,no
51,unemployed,single,secondary,no,253.5,yes,no,cellular,11,may,712,1,-1,0,unknown,no
53,technician,divorced,tertiary,no,1632.0,no,no,cellular,20,aug,341,3,-1,0,unknown,no
49,management,divorced,tertiary,no,2952.0,no,no,cellular,21,nov,648,1,-1,0,unknown,yes
36,services,single,secondary,no,138.0,yes,no,unknown,3,jun,50,4,-1,0,unknown,no
36,technician,single,secondary,no,1884.0,no,no,unknown,26,may,404,1,-1,0,unknown,no
35,management,single,tertiary,no,1212.0,no,no,cellular,27,may,268,2,-1,0,unknown,no
47,retired,single,secondary,no,1816.5,yes,no,unknown,21,may,795,1,-1,0,unknown,yes
63,technician,married,tertiary,no,1482.0,no,no,cellular,20,aug,1408,5,-1,0,unknown,yes
82,blue-collar,married,primary,no,6622.5,no,no,telephone,13,oct,120,1,-1,0,unknown,no
62,housemaid,divorced,primary,no,2545.5,no,no,unknown,20,jun,153,1,-1,0,unknown,no
44,management,single,tertiary,no,72.0,yes,no,cellular,12,aug,810,3,93,6,failure,yes
57,management,single,tertiary,no,129.0,no,no,cellular,30,apr,387,3,87,1,success,yes
47,self-employed,single,tertiary,no,2637.0,no,no,cellular,8,jun,98,2,-1,0,unknown,no
41,management,single,tertiary,no,436.5,yes,no,cellular,15,may,48,1,-1,0,unknown,no
40,technician,single,secondary,no,1194.0,yes,yes,cellular,18,aug,315,4,-1,0,unknown,no
57,management,divorced,tertiary,no,160.5,no,no,unknown,15,may,246,1,-1,0,unknown,no
69,management,married,tertiary,no,1962.0,no,no,cellular,30,jul,183,4,-1,0,unknown,no
61,technician,married,secondary,no,406.5,yes,no,unknown,28,may,294,3,-1,0,unknown,no
45,retired,single,secondary,no,1035.0,yes,no,cellular,17,nov,1012,1,-1,0,unknown,no
70,retired,married,tertiary,no,1138.5,no,no,cellular,8,aug,255,2,-1,0,unknown,no
43,technician,divorced,secondary,no,33.0,no,no,cellular,29,aug,71,2,-1,0,unknown,no
35,technician,single,secondary,no,1407.0,no,no,cellular,1,jun,1048,1,-1,0,unknown,yes
40,technician,married,tertiary,no,1.5,no,no,cellular,29,aug,69,21,-1,0,unknown,no
68,unemployed,married,secondary,no,1030.5,yes,no,cellular,30,apr,341,2,-1,0,unknown,yes
43,retired,married,secondary,no,265.5,yes,no,cellular,11,may,100,1,-1,0,unknown,no
68,blue-collar,married,secondary,no,1612.5,yes,no,cellular,18,may,42,1,-1,0,unknown,no
39,technician,married,tertiary,no,-21.0,no,no,cellular,21,jul,203,2,-1,0,unknown,no
38,self-employed,single,tertiary,no,405.0,yes,no,cellular,7,may,49,2,345,2,failure,no
52,retired,married,secondary,no,4.5,yes,no,cellular,12,may,118,1,-1,0,unknown,no
39,retired,married,tertiary,no,3457.5,no,no,cellular,27,may,82,2,-1,0,unknown,no
61,management,married,tertiary,no,703.5,no,no,cellular,15,apr,200,1,181,2,success,yes
36,blue-collar,married,primary,no,-328.5,yes,yes,unknown,15,may,311,5,-1,0,unknown,no
43,blue-collar,married,unknown,no,36.0,yes,no,cellular,14,may,535,1,-1,0,unknown,no
49,blue-collar,single,secondary,no,-720.0,yes,yes,cellular,2,feb,147,2,252,3,other,no
37,technician,single,unknown,no,832.5,no,no,unknown,11,jun,240,9,-1,0,unknown,no
46,blue-collar,single,primary,no,394.5,yes,no,cellular,17,apr,199,2,337,2,failure,no
67,management,married,tertiary,no,3660.0,yes,no,unknown,15,may,391,2,-1,0,unknown,no
63,retired,married,secondary,no,0.0,yes,no,cellular,17,jul,187,1,-1,0,unknown,no
33,blue-collar,single,secondary,no,321.0,yes,no,unknown,28,may,44,1,-1,0,unknown,no
41,entrepreneur,single,tertiary,no,205.5,no,no,cellular,29,jan,445,2,-1,0,unknown,no
51,retired,divorced,tertiary,no,6414.0,yes,no,cellular,12,feb,103,3,-1,0,unknown,no
76,technician,married,secondary,no,0.0,no,no,cellular,6,feb,751,1,-1,0,unknown,yes
44,technician,single,secondary,no,0.0,yes,yes,unknown,16,may,214,1,-1,0,unknown,no
69,technician,married,secondary,no,174.0,no,no,cellular,12,aug,398,4,422,3,failure,yes
47,blue-collar,married,secondary,no,639.0,yes,no,cellular,13,may,323,3,345,3,failure,no
54,self-employed,married,tertiary,no,4942.5,no,no,unknown,9,jun,138,4,-1,0,unknown,no
44,retired,single,tertiary,no,-438.0,yes,no,cellular,11,aug,111,2,-1,0,unknown,no
62,blue-collar,married,secondary,no,276.0,yes,no,unknown,3,jul,92,1,-1,0,unknown,no
67,management,married,tertiary,no,2035.5,yes,yes,cellular,18,nov,97,2,-1,0,unknown,no
40,management,single,tertiary,no,333.0,no,yes,cellular,4,feb,111,1,204,2,other,no
49,management,married,tertiary,no,12292.5,no,no,cellular,5,aug,121,3,-1,0,unknown,no
45,technician,married,tertiary,no,492.0,yes,no,cellular,22,jul,654,2,-1,0,unknown,yes
65,retired,divorced,secondary,no,-432.0,yes,no,cellular,14,may,62,4,352,2,failure,no
56,blue-collar,single,secondary,no,-150.0,yes,no,cellular,8,may,445,2,303,1,failure,no
43,unemployed,divorced,secondary,no,0.0,yes,no,cellular,18,nov,91,2,-1,0,unknown,no
40,retired,single,tertiary,no,3889.5,no,no,unknown,27,may,662,7,-1,0,unknown,no
64,blue-collar,divorced,primary,no,322.5,yes,no,cellular,18,may,34,7,348,5,failure,no
49,management,married,tertiary,no,14368.5,yes,no,cellular,18,nov,160,3,-1,0,unknown,no
66,retired,married,tertiary,no,4623.0,yes,yes,unknown,30,jun,444,3,-1,0,unknown,no
62,management,married,secondary,no,3324.0,yes,yes,cellular,14,may,161,1,332,8,failure,no
41,management,single,tertiary,yes,-547.5,yes,no,unknown,30,may,319,6,-1,0,unknown,no
54,technician,married,secondary,no,1839.0,yes,yes,cellular,29,jul,51,2,-1,0,unknown,no
67,blue-collar,married,unknown,no,145.5,yes,no,unknown,16,may,260,6,-1,0,unknown,no
61,services,married,secondary,no,408.0,no,yes,cellular,8,jul,217,1,-1,0,unknown,no
44,retired,single,secondary,no,2772.0,yes,no,unknown,5,jun,131,10,-1,0,unknown,no
38,admin.,single,secondary,no,39.0,yes,no,cellular,7,may,227,2,-1,0,unknown,no
65,entrepreneur,married,primary,no,57.0,no,yes,unknown,19,jun,63,1,-1,0,unknown,no
58,admin.,married,secondary,no,4060.5,no,no,cellular,17,nov,212,2,-1,0,unknown,no
40,blue-collar,single,secondary,no,154.5,yes,no,cellular,17,apr,2053,2,317,1,other,no
57,services,married,secondary,no,334.5,no,no,cellular,15,may,133,2,-1,0,unknown,no
42,retired,married,secondary,yes,-79.5,yes,no,cellular,16,apr,648,1,272,1,other,yes
50,technician,single,tertiary,no,2469.0,yes,no,cellular,2,feb,215,1,242,2,failure,yes
45,retired,married,tertiary,no,93.0,no,no,cellular,8,feb,469,2,185,2,failure,yes
69,retired,divorced,primary,no,60.0,no,no,unknown,6,jun,108,1,-1,0,unknown,no
47,technician,single,secondary,no,-411.0,yes,no,cellular,26,aug,218,5,-1,0,unknown,no
51,retired,married,secondary,no,960.0,no,no,cellular,28,jul,169,6,-1,0,unknown,no
68,blue-collar,married,unknown,no,8257.5,yes,no,unknown,23,may,317,4,-1,0,unknown,no
55,services,divorced,secondary,no,2071.5,no,no,unknown,19,jun,653,2,-1,0,unknown,no
44,technician,single,secondary,no,2644.5,no,no,cellular,11,aug,246,2,-1,0,unknown,no
45,blue-collar,single,primary,no,1822.5,yes,no,unknown,15,may,597,1,-1,0,unknown,no
35,blue-collar,single,secondary,no,288.0,no,no,telephone,4,jul,112,2,-1,0,unknown,no
41,management,single,tertiary,no,4942.5,no,no,cellular,2,feb,845,2,-1,0,unknown,no
48,retired,single,secondary,no,69.0,no,no,cellular,25,aug,90,2,-1,0,unknown,no
51,entrepreneur,married,tertiary,no,256.5,yes,no,unknown,12,may,143,4,-1,0,unknown,no
65,admin.,married,primary,no,514.5,yes,no,cellular,14,jul,276,3,-1,0,unknown,no
51,blue-collar,married,primary,no,0.0,yes,no,cellular,6,feb,620,4,200,4,success,no
46,services,married,secondary,no,204.0,no,no,unknown,9,jun,244,3,-1,0,unknown,no
52,blue-collar,married,unknown,no,1684.5,yes,no,unknown,29,may,105,3,-1,0,unknown,no
56,entrepreneur,married,secondary,no,0.0,no,no,cellular,2,feb,64,1,-1,0,unknown,no
59,management,married,tertiary,no,2868.0,yes,no,cellular,20,aug,380,4,-1,0,unknown,no
38,blue-collar,single,secondary,no,775.5,no,yes,cellular,8,jul,681,1,-1,0,unknown,yes
35,blue-collar,single,secondary,no,2949.0,yes,no,unknown,28,may,209,1,-1,0,unknown,no
41,technician,single,secondary,no,868.5,yes,yes,cellular,17,apr,469,3,322,15,other,no
51,unemployed,divorced,secondary,no,213.0,yes,no,cellular,17,jul,353,3,-1,0,unknown,no
58,technician,married,secondary,no,21222.0,yes,no,cellular,18,aug,85,2,-1,0,unknown,no
46,management,married,tertiary,no,594.0,no,no,cellular,21,nov,64,2,100,5,failure,no
36,entrepreneur,married,secondary,no,1.5,yes,no,cellular,24,jul,70,2,-1,0,unknown,no
55,technician,married,tertiary,no,2670.0,no,no,unknown,9,jun,464,1,-1,0,unknown,no
56,management,single,unknown,no,2290.5,yes,no,unknown,6,may,269,1,-1,0,unknown,no
68,retired,married,secondary,no,0.0,no,no,telephone,25,aug,176,5,-1,0,unknown,no
49,blue-collar,married,primary,no,178.5,yes,no,cellular,21,nov,271,2,-1,0,unknown,no
40,technician,single,tertiary,no,4.5,yes,no,cellular,18,nov,54,1,195,1,failure,no
41,management,single,tertiary,no,27.0,no,no,cellular,8,aug,82,2,-1,0,unknown,no
57,management,married,secondary,no,687.0,no,no,cellular,18,nov,66,1,-1,0,unknown,no
38,management,married,secondary,no,438.0,yes,no,unknown,28,may,507,1,-1,0,unknown,yes
54,management,married,tertiary,no,25.5,yes,no,unknown,6,may,352,2,-1,0,unknown,no
52,blue-collar,married,primary,no,-856.5,yes,yes,telephone,21,nov,136,2,179,4,failure,no
61,services,married,primary,no,-829.5,yes,no,unknown,4,jun,149,8,-1,0,unknown,no
41,admin.,married,secondary,no,1069.5,yes,no,cellular,20,nov,373,1,-1,0,unknown,no
37,blue-collar,married,secondary,no,1069.5,yes,no,unknown,30,may,152,4,-1,0,unknown,no
65,services,married,secondary,no,6394.5,no,no,cellular,14,aug,93,2,-1,0,unknown,no
47,management,married,tertiary,no,11677.5,yes,no,cellular,17,apr,231,2,-1,0,unknown,no
59,blue-collar,single,secondary,no,3219.0,yes,no,cellular,7,may,1516,2,353,2,other,yes
48,technician,married,tertiary,no,501.0,yes,no,cellular,13,aug,139,2,-1,0,unknown,no
40,technician,single,tertiary,no,0.0,no,no,cellular,22,aug,34,2,-1,0,unknown,no
60,management,single,tertiary,no,5305.5,no,no,unknown,24,oct,305,1,-1,0,unknown,yes
46,retired,single,tertiary,no,376.5,yes,no,cellular,8,may,91,4,-1,0,unknown,no
54,unknown,single,unknown,no,1858.5,no,no,unknown,20,jun,39,4,-1,0,unknown,no
68,management,married,tertiary,no,3213.0,yes,no,cellular,4,feb,41,2,274,3,failure,no
61,management,divorced,tertiary,no,1542.0,no,no,cellular,5,aug,178,4,-1,0,unknown,no
36,blue-collar,single,primary,no,24.0,no,yes,cellular,8,jul,249,2,-1,0,unknown,no
49,admin.,single,secondary,no,153.0,yes,no,cellular,12,may,293,2,-1,0,unknown,no
46,management,married,tertiary,no,256.5,no,no,cellular,12,aug,92,2,-1,0,unknown,no
43,retired,married,secondary,no,4698.0,yes,no,unknown,23,may,350,5,-1,0,unknown,no
46,technician,married,secondary,no,678.0,yes,no,unknown,26,may,113,5,-1,0,unknown,no
64,entrepreneur,divorced,unknown,no,7104.0,yes,no,telephone,6,apr,475,6,307,5,failure,yes
61,retired,married,secondary,no,-355.5,yes,yes,cellular,20,apr,379,3,320,2,other,no
36,retired,single,tertiary,no,228.0,no,no,cellular,30,jan,151,2,2,1,other,no
43,blue-collar,single,secondary,no,247.5,yes,no,cellular,15,may,139,2,-1,0,unknown,no
44,retired,single,secondary,no,41169.0,yes,no,cellular,21,nov,203,2,-1,0,unknown,no
69,services,divorced,secondary,no,1.5,yes,no,cellular,28,jan,602,1,253,5,other,yes
56,blue-collar,single,secondary,no,114.0,yes,no,unknown,7,may,245,2,-1,0,unknown,no
41,technician,single,secondary,no,3690.0,no,no,cellular,1,oct,477,1,-1,0,unknown,no
50,blue-collar,married,primary,no,-465.0,yes,yes,cellular,26,may,133,2,363,5,failure,no
67,management,divorced,tertiary,no,691.5,yes,no,unknown,21,may,142,10,-1,0,unknown,no
42,management,married,secondary,no,0.0,no,no,cellular,26,aug,277,3,-1,0,unknown,no
47,retired,married,tertiary,no,1638.0,no,no,cellular,19,nov,292,3,-1,0,unknown,no
55,blue-collar,married,secondary,no,399.0,yes,no,cellular,12,may,277,1,-1,0,unknown,no
48,technician,divorced,secondary,no,409.5,yes,no,unknown,20,may,314,2,-1,0,unknown,no
55,technician,married,secondary,no,2215.5,yes,no,cellular,17,nov,75,1,132,1,failure,no
66,retired,married,secondary,no,-384.0,yes,yes,cellular,14,may,92,1,370,2,failure,no
45,technician,married,secondary,no,975.0,yes,no,cellular,14,may,241,2,349,2,failure,no
43,retired,married,secondary,no,-400.5,yes,no,cellular,20,apr,1030,3,-1,0,unknown,yes
61,technician,single,secondary,no,790.5,yes,no,cellular,30,jan,197,1,2,3,other,no
41,student,single,unknown,no,564.0,no,no,cellular,16,nov,202,1,96,2,other,no
56,blue-collar,married,primary,no,1.5,yes,yes,telephone,10,jul,270,7,-1,0,unknown,no
40,student,single,secondary,no,8754.0,no,no,cellular,27,apr,165,2,-1,0,unknown,no
62,management,divorced,secondary,no,184.5,no,no,unknown,8,may,306,2,-1,0,unknown,no
45,unemployed,married,secondary,no,6846.0,yes,no,telephone,5,feb,508,1,-1,0,unknown,no
40,management,single,tertiary,no,19.5,yes,no,cellular,28,jan,204,1,-1,0,unknown,no
65,retired,married,secondary,no,46.5,no,no,unknown,18,jun,72,1,-1,0,unknown,no
38,technician,single,tertiary,no,1438.5,yes,no,cellular,29,jan,330,2,-1,0,unknown,no
63,technician,married,secondary,no,270.0,no,yes,cellular,19,aug,58,2,-1,0,unknown,no
53,management,married,tertiary,no,0.0,yes,no,cellular,5,feb,280,2,-1,0,unknown,no
39,admin.,single,secondary,no,280.5,no,no,cellular,28,jan,299,1,-1,0,unknown,no
37,retired,single,tertiary,no,10186.5,no,no,cellular,24,jun,136,5,94,30,failure,no
66,retired,married,secondary,no,1999.5,no,no,cellular,28,aug,17,14,-1,0,unknown,no
46,self-employed,married,tertiary,no,381.0,yes,no,telephone,17,jul,202,5,-1,0,unknown,no
71,retired,married,secondary,no,1587.0,no,no,cellular,27,apr,159,3,-1,0,unknown,yes
42,blue-collar,single,secondary,no,282.0,no,yes,cellular,18,jul,144,1,-1,0,unknown,no
65,retired,married,primary,no,237.0,yes,no,unknown,15,may,176,18,-1,0,unknown,no
41,unemployed,married,secondary,no,9.0,no,no,cellular,4,jun,121,4,-1,0,unknown,yes
50,management,single,tertiary,no,403.5,yes,no,cellular,15,may,11,8,-1,0,unknown,no
42,blue-collar,divorced,secondary,no,987.0,no,no,cellular,20,nov,173,2,-1,0,unknown,no
68,retired,married,secondary,no,16.5,no,no,cellular,11,aug,270,1,-1,0,unknown,no
34,retired,single,secondary,no,0.0,yes,no,unknown,4,jun,204,1,-1,0,unknown,no
58,retired,divorced,tertiary,no,7441.5,yes,no,unknown,17,jun,64,1,-1,0,unknown,no
61,admin.,divorced,secondary,no,4075.5,no,no,unknown,9,jun,559,2,-1,0,unknown,no
56,services,divorced,secondary,no,6493.5,no,no,cellular,21,nov,534,2,-1,0,unknown,yes
63,entrepreneur,married,secondary,no,-177.0,yes,no,unknown,9,may,101,3,-1,0,unknown,no
66,services,married,secondary,no,700.5,no,yes,telephone,29,jul,105,8,-1,0,unknown,no
37,student,single,secondary,no,4.5,no,no,cellular,28,jan,131,1,-1,0,unknown,no
42,retired,divorced,secondary,no,5017.5,yes,no,cellular,6,may,118,1,260,3,failure,no
49,technician,married,secondary,no,12.0,no,yes,cellular,17,nov,333,2,96,2,failure,no
58,management,married,secondary,no,0.0,yes,no,telephone,23,jul,90,2,-1,0,unknown,no
45,technician,married,secondary,no,373.5,no,no,cellular,21,aug,205,8,-1,0,unknown,no
34,services,married,secondary,no,2031.0,yes,yes,cellular,18,may,239,2,-1,0,unknown,no
38,self-employed,single,secondary,no,361.5,yes,no,cellular,9,jul,275,1,-1,0,unknown,no
57,management,married,tertiary,no,1353.0,no,no,cellular,8,aug,75,3,-1,0,unknown,no
44,management,married,tertiary,no,-456.0,yes,no,unknown,28,may,279,2,-1,0,unknown,no
44,admin.,married,tertiary,no,31.5,no,yes,cellular,2,jun,269,1,92,2,failure,no
52,technician,single,secondary,no,0.0,yes,no,unknown,7,may,275,4,-1,0,unknown,no
35,services,single,secondary,no,1342.5,yes,no,unknown,3,jun,167,1,-1,0,unknown,no
54,services,single,secondary,no,1143.0,no,yes,cellular,21,nov,778,1,-1,0,unknown,no
43,technician,married,secondary,no,415.5,no,no,cellular,7,aug,155,2,-1,0,unknown,no
64,blue-collar,single,secondary,no,60.0,yes,no,cellular,18,jul,172,2,-1,0,unknown,no
46,entrepreneur,married,secondary,no,277.5,yes,no,cellular,15,jul,136,2,-1,0,unknown,no
60,blue-collar,married,secondary,no,7468.5,no,no,telephone,6,apr,180,1,-1,0,unknown,yes
54,admin.,married,secondary,no,372.0,no,no,unknown,6,jun,18,1,-1,0,unknown,no
64,retired,married,secondary,no,1506.0,yes,no,cellular,1,apr,479,1,307,1,failure,no
89,retired,divorced,primary,no,504.0,no,no,cellular,6,oct,386,1,184,1,other,no
58,technician,married,secondary,no,384.0,yes,no,unknown,29,may,150,4,-1,0,unknown,no
52,management,divorced,tertiary,no,30.0,no,no,cellular,25,jul,64,2,-1,0,unknown,no
48,retired,single,tertiary,no,3175.5,no,no,cellular,14,aug,81,2,-1,0,unknown,no
37,unemployed,single,secondary,no,0.0,yes,no,unknown,27,may,185,2,-1,0,unknown,no
64,retired,divorced,secondary,no,-622.5,yes,no,unknown,26,may,290,2,-1,0,unknown,no
46,services,divorced,secondary,no,361.5,yes,no,unknown,8,may,133,1,-1,0,unknown,no
35,admin.,single,secondary,no,1180.5,yes,no,unknown,9,may,164,1,-1,0,unknown,no
47,blue-collar,married,secondary,no,1056.0,yes,no,cellular,31,jul,183,2,-1,0,unknown,no
62,blue-collar,married,secondary,no,175.5,no,yes,cellular,24,jul,164,2,-1,0,unknown,no
40,technician,married,tertiary,no,358.5,no,no,telephone,20,oct,73,1,-1,0,unknown,no
45,services,single,secondary,no,0.0,yes,no,cellular,13,may,419,2,-1,0,unknown,no
42,management,single,tertiary,no,0.0,no,no,cellular,22,aug,360,2,-1,0,unknown,no
44,admin.,divorced,secondary,no,991.5,yes,no,cellular,5,aug,245,2,183,10,failure,yes
42,technician,single,secondary,no,463.5,yes,yes,cellular,25,aug,99,3,-1,0,unknown,no
39,self-employed,single,tertiary,no,4935.0,no,no,cellular,23,mar,136,1,291,2,success,yes
57,blue-collar,married,secondary,no,484.5,no,no,unknown,30,jun,385,1,-1,0,unknown,no
57,retired,divorced,tertiary,no,399.0,yes,no,unknown,9,may,128,1,-1,0,unknown,no
48,services,married,secondary,no,7939.5,yes,no,cellular,21,nov,1199,3,155,3,other,no
70,self-employed,married,tertiary,no,16291.5,no,no,cellular,9,nov,98,1,91,2,failure,yes
49,management,married,tertiary,no,909.0,no,no,cellular,4,feb,79,1,-1,0,unknown,no
42,management,married,tertiary,no,2490.0,yes,no,cellular,11,jul,1389,2,-1,0,unknown,no
42,technician,single,tertiary,no,3510.0,no,no,cellular,26,may,94,1,97,2,success,no
58,management,single,secondary,no,10.5,no,no,cellular,4,feb,191,1,-1,0,unknown,no
36,blue-collar,single,secondary,no,7507.5,no,yes,cellular,3,apr,117,1,-1,0,unknown,yes
40,technician,married,secondary,no,40.5,yes,no,cellular,19,aug,163,2,-1,0,unknown,no
65,retired,divorced,tertiary,no,211.5,yes,no,cellular,28,jul,154,5,-1,0,unknown,no
41,blue-collar,married,secondary,no,1675.5,yes,no,unknown,28,may,340,3,-1,0,unknown,no
48,entrepreneur,married,secondary,no,4873.5,yes,no,unknown,2,jun,384,1,-1,0,unknown,no
42,services,divorced,secondary,no,681.0,yes,no,cellular,18,jul,978,1,-1,0,unknown,yes
40,admin.,divorced,secondary,no,82.5,yes,no,cellular,13,may,177,4,-1,0,unknown,no
45,management,single,tertiary,no,2448.0,yes,no,unknown,2,jun,430,2,-1,0,unknown,no
49,retired,married,tertiary,no,8242.5,yes,no,cellular,19,aug,391,6,-1,0,unknown,no
56,management,married,tertiary,no,880.5,no,no,telephone,2,feb,186,1,-1,0,unknown,no
70,management,married,unknown,no,3762.0,no,no,unknown,9,jun,91,1,-1,0,unknown,no
48,management,married,tertiary,no,3417.0,yes,yes,cellular,13,may,244,1,-1,0,unknown,no
31,student,single,secondary,no,322.5,no,no,cellular,24,may,382,1,89,7,success,yes
65,management,married,primary,no,343.5,no,yes,unknown,9,jun,175,3,-1,0,unknown,no
49,blue-collar,married,secondary,no,747.0,yes,no,cellular,14,jul,149,4,-1,0,unknown,no
45,retired,married,secondary,no,1740.0,yes,no,unknown,27,may,116,3,-1,0,unknown,no
45,admin.,divorced,secondary,no,2704.5,no,no,cellular,28,jan,61,2,-1,0,unknown,no
60,self-employed,married,secondary,no,4537.5,no,yes,cellular,6,aug,168,3,-1,0,unknown,no
64,unemployed,divorced,secondary,no,2496.0,no,no,cellular,2,jun,257,3,-1,0,unknown,yes
41,admin.,single,tertiary,no,0.0,yes,yes,unknown,23,may,181,1,-1,0,unknown,no
56,entrepreneur,single,tertiary,no,115.5,yes,yes,unknown,6,jun,520,3,-1,0,unknown,no
57,blue-collar,married,unknown,no,45.0,no,yes,cellular,23,jul,498,2,-1,0,unknown,no
42,technician,single,tertiary,no,814.5,no,no,cellular,11,aug,385,3,-1,0,unknown,no
39,admin.,married,secondary,no,8407.5,yes,no,unknown,28,may,117,2,-1,0,unknown,no
40,admin.,married,secondary,no,1965.0,no,no,telephone,27,oct,3284,1,-1,0,unknown,no
49,technician,married,secondary,no,-361.5,yes,yes,cellular,7,jul,337,4,-1,0,unknown,no
51,technician,married,secondary,no,-258.0,yes,yes,cellular,11,jul,132,2,-1,0,unknown,no
31,technician,single,tertiary,no,91.5,no,yes,cellular,8,jul,141,1,-1,0,unknown,no
47,technician,single,secondary,no,1470.0,no,no,cellular,8,aug,1306,5,-1,0,unknown,yes
50,retired,divorced,secondary,no,760.5,yes,no,cellular,2,feb,134,1,266,7,failure,no
44,technician,single,secondary,no,24.0,no,no,cellular,13,aug,990,1,-1,0,unknown,yes
33,blue-collar,single,secondary,no,2535.0,yes,yes,unknown,30,may,163,3,-1,0,unknown,no
41,technician,divorced,secondary,no,16180.5,yes,no,unknown,4,jun,135,2,-1,0,unknown,no
48,management,married,secondary,no,1599.0,yes,no,cellular,28,jul,78,2,-1,0,unknown,no
40,self-employed,married,tertiary,no,3999.0,no,no,cellular,5,aug,475,2,93,4,success,yes
46,retired,married,unknown,no,-984.0,yes,no,unknown,20,may,92,2,-1,0,unknown,no
41,management,single,tertiary,no,43.5,no,no,cellular,26,aug,179,2,-1,0,unknown,no
58,admin.,divorced,secondary,no,6.0,yes,no,cellular,20,apr,7,5,318,10,other,no
59,management,married,tertiary,no,4594.5,yes,no,cellular,18,may,68,2,-1,0,unknown,no
66,management,married,tertiary,no,2704.5,no,no,cellular,20,nov,305,2,-1,0,unknown,no
34,management,single,tertiary,no,1545.0,no,no,cellular,4,mar,396,2,-1,0,unknown,yes
42,blue-collar,divorced,secondary,no,301.5,yes,no,cellular,15,may,63,8,365,24,other,no
48,technician,divorced,secondary,no,615.0,no,no,cellular,11,aug,63,6,-1,0,unknown,no
43,management,married,tertiary,no,444.0,no,no,cellular,13,aug,142,4,-1,0,unknown,no
61,technician,married,primary,no,390.0,no,no,cellular,19,aug,137,2,-1,0,unknown,no
44,retired,married,primary,no,-216.0,yes,no,unknown,6,may,79,2,-1,0,unknown,no
41,management,married,tertiary,no,2271.0,no,no,cellular,12,aug,284,2,-1,0,unknown,no
50,blue-collar,divorced,secondary,no,0.0,yes,no,cellular,15,may,21,2,-1,0,unknown,no
69,retired,divorced,secondary,no,1018.5,no,no,cellular,30,jul,761,4,-1,0,unknown,yes
50,blue-collar,single,secondary,no,-280.5,yes,no,cellular,5,feb,160,1,-1,0,unknown,no
33,admin.,single,secondary,no,2037.0,no,no,cellular,27,may,237,2,-1,0,unknown,no
38,blue-collar,single,secondary,no,6081.0,yes,no,cellular,11,may,133,2,-1,0,unknown,no
37,admin.,single,tertiary,no,64.5,no,no,cellular,2,feb,95,3,-1,0,unknown,no
51,management,single,tertiary,no,3612.0,no,no,cellular,29,aug,122,2,-1,0,unknown,no
45,retired,single,tertiary,no,1071.0,yes,no,cellular,7,apr,263,2,224,22,failure,no
45,technician,single,secondary,no,2791.5,yes,no,unknown,20,may,297,1,-1,0,unknown,no
39,services,married,primary,no,823.5,yes,no,unknown,5,jun,61,2,-1,0,unknown,no
45,technician,divorced,secondary,no,319.5,no,no,cellular,8,aug,46,2,-1,0,unknown,no
69,retired,married,secondary,no,3462.0,no,no,cellular,30,apr,815,1,87,1,other,yes
59,unemployed,married,secondary,no,20727.0,no,no,cellular,31,jul,221,2,-1,0,unknown,no
54,unemployed,married,tertiary,no,267.0,no,no,cellular,8,aug,126,2,-1,0,unknown,no
44,management,married,tertiary,no,15046.5,yes,no,cellular,18,nov,65,2,-1,0,unknown,no
45,retired,married,secondary,no,891.0,yes,no,unknown,6,jun,213,2,-1,0,unknown,no
55,admin.,single,secondary,no,1419.0,yes,no,cellular,21,nov,56,2,175,4,failure,no
62,technician,married,tertiary,no,0.0,no,yes,cellular,5,aug,409,1,-1,0,unknown,no
51,management,married,tertiary,no,492.0,yes,no,cellular,29,jul,65,12,-1,0,unknown,no
54,retired,married,secondary,no,1611.0,yes,no,cellular,11,jul,911,2,-1,0,unknown,yes
46,self-employed,married,secondary,no,282.0,yes,yes,cellular,4,may,1046,3,333,2,success,yes
62,services,divorced,secondary,no,4806.0,no,no,cellular,19,nov,77,1,-1,0,unknown,no
62,retired,divorced,secondary,no,294.0,yes,no,unknown,7,may,119,3,-1,0,unknown,no
41,management,married,tertiary,no,19.5,no,no,cellular,28,aug,110,5,-1,0,unknown,no
37,student,single,secondary,no,24259.5,yes,no,unknown,28,may,489,1,-1,0,unknown,no
63,admin.,married,secondary,no,258.0,no,no,cellular,19,aug,80,6,-1,0,unknown,no
46,retired,married,tertiary,no,-1291.5,yes,yes,cellular,28,jul,53,2,-1,0,unknown,no
49,management,married,tertiary,no,406.5,yes,no,cellular,8,apr,101,1,-1,0,unknown,no
54,technician,married,tertiary,no,2899.5,no,no,cellular,5,jun,462,1,-1,0,unknown,yes
45,self-employed,single,tertiary,no,807.0,yes,yes,cellular,19,nov,308,1,195,9,failure,no
43,retired,single,tertiary,no,35494.5,yes,no,cellular,16,apr,199,2,146,2,failure,no
64,management,married,tertiary,no,10873.5,yes,yes,cellular,11,may,346,1,96,3,failure,no
40,blue-collar,married,primary,no,1651.5,yes,yes,cellular,19,nov,779,2,175,1,failure,no
61,entrepreneur,married,unknown,no,5106.0,no,no,cellular,31,jul,44,7,-1,0,unknown,no
52,admin.,single,secondary,no,759.0,yes,yes,unknown,3,jul,277,2,-1,0,unknown,no
50,management,married,tertiary,no,18613.5,yes,no,cellular,19,nov,140,1,99,2,failure,no
54,management,married,tertiary,no,2176.5,yes,no,cellular,17,nov,157,3,150,12,failure,no
58,retired,married,tertiary,no,8209.5,no,no,cellular,24,feb,127,2,184,2,success,yes
70,management,married,primary,no,31938.0,no,no,unknown,16,jun,242,6,-1,0,unknown,no
43,blue-collar,single,secondary,no,571.5,yes,no,cellular,7,may,1957,1,-1,0,unknown,no
45,blue-collar,married,secondary,no,1885.5,yes,no,cellular,20,apr,93,3,329,7,failure,no
54,retired,married,secondary,no,396.0,yes,no,unknown,13,may,198,2,-1,0,unknown,no
44,admin.,married,secondary,no,232.5,no,no,cellular,5,feb,696,2,-1,0,unknown,yes
45,management,married,tertiary,no,370.5,yes,no,cellular,8,may,209,3,367,3,other,no
50,blue-collar,married,secondary,no,1867.5,yes,no,unknown,9,may,306,1,-1,0,unknown,no
68,management,single,tertiary,no,2080.5,yes,no,telephone,3,feb,140,6,6,6,other,no
70,housemaid,divorced,primary,no,1785.0,no,no,unknown,9,jun,166,1,-1,0,unknown,no
62,housemaid,married,secondary,no,5884.5,yes,no,unknown,14,may,942,3,-1,0,unknown,yes
51,entrepreneur,married,primary,no,0.0,no,no,cellular,3,jul,438,2,389,1,other,yes
38,management,single,tertiary,no,225.0,yes,no,unknown,8,may,491,1,-1,0,unknown,no
59,retired,married,secondary,no,612.0,no,no,cellular,12,aug,559,4,-1,0,unknown,yes
56,management,single,tertiary,no,4356.0,yes,no,unknown,30,may,984,2,-1,0,unknown,yes
44,blue-collar,married,secondary,no,12463.5,yes,yes,cellular,19,nov,50,1,-1,0,unknown,no
49,entrepreneur,married,tertiary,yes,-258.0,yes,no,cellular,15,may,562,2,-1,0,unknown,yes
44,management,single,tertiary,no,141.0,no,no,cellular,25,aug,45,11,-1,0,unknown,no
39,technician,single,tertiary,no,3403.5,yes,no,cellular,20,apr,53,1,346,1,failure,no
59,blue-collar,married,primary,no,2304.0,yes,no,unknown,19,may,400,2,-1,0,unknown,no
61,retired,married,tertiary,no,460.5,yes,no,unknown,30,may,206,2,-1,0,unknown,no
45,blue-collar,married,secondary,no,120.0,yes,yes,cellular,21,nov,38,2,172,2,failure,no
64,admin.,divorced,tertiary,no,183.0,no,no,cellular,26,oct,322,1,547,1,failure,no
63,blue-collar,single,secondary,no,157.5,yes,no,unknown,26,may,239,3,-1,0,unknown,no
54,management,married,tertiary,no,3574.5,no,no,cellular,1,jul,571,2,-1,0,unknown,yes
36,admin.,single,tertiary,no,1140.0,yes,no,cellular,6,sep,164,2,186,7,success,no
42,retired,married,secondary,no,180.0,yes,yes,unknown,9,may,214,3,-1,0,unknown,no
64,admin.,single,secondary,no,283.5,no,no,cellular,2,jun,95,5,-1,0,unknown,no
52,retired,married,secondary,no,240.0,yes,yes,unknown,26,jun,190,1,-1,0,unknown,no
47,management,married,secondary,no,847.5,no,no,cellular,6,aug,174,1,93,3,failure,yes
57,admin.,married,secondary,no,385.5,yes,no,unknown,15,may,484,11,-1,0,unknown,no
55,management,divorced,tertiary,no,330.0,yes,no,unknown,18,jun,89,4,-1,0,unknown,no
54,technician,married,secondary,no,16332.0,yes,no,cellular,5,aug,163,1,-1,0,unknown,no
50,management,married,tertiary,no,1050.0,yes,no,cellular,21,aug,88,6,-1,0,unknown,no
69,management,married,tertiary,no,1.5,yes,no,cellular,29,apr,210,1,-1,0,unknown,yes
36,retired,single,secondary,no,123.0,yes,no,unknown,5,may,228,1,-1,0,unknown,no
64,blue-collar,married,primary,no,649.5,yes,no,cellular,20,apr,252,5,-1,0,unknown,no
39,unemployed,married,tertiary,no,12.0,yes,no,unknown,7,may,233,1,-1,0,unknown,no
38,technician,married,secondary,no,1395.0,yes,yes,unknown,26,may,112,1,-1,0,unknown,no
48,blue-collar,married,secondary,no,-330.0,yes,no,unknown,27,may,518,2,-1,0,unknown,no
61,blue-collar,married,secondary,no,10770.0,yes,no,unknown,14,may,927,1,-1,0,unknown,yes
51,management,divorced,tertiary,no,12159.0,no,no,cellular,19,nov,39,1,-1,0,unknown,no
55,blue-collar,single,unknown,no,1224.0,no,no,cellular,20,nov,279,3,-1,0,unknown,no
40,blue-collar,single,secondary,no,222.0,no,no,cellular,2,apr,206,1,-1,0,unknown,no
61,blue-collar,married,primary,no,0.0,yes,no,cellular,10,jul,324,1,-1,0,unknown,no
43,management,married,tertiary,no,34300.5,yes,no,cellular,10,nov,266,2,92,3,failure,yes
47,management,married,tertiary,no,0.0,yes,no,unknown,3,jun,247,13,-1,0,unknown,no
53,blue-collar,married,primary,no,3409.5,yes,no,cellular,14,apr,424,2,147,3,failure,no
57,technician,married,secondary,no,5278.5,no,yes,cellular,28,dec,193,1,220,1,failure,no
61,retired,married,secondary,no,0.0,no,no,unknown,15,may,70,1,-1,0,unknown,no
58,retired,married,secondary,no,174.0,yes,no,telephone,20,apr,70,4,-1,0,unknown,no
41,retired,married,tertiary,no,274.5,yes,yes,cellular,14,may,46,3,-1,0,unknown,no
73,management,married,tertiary,no,4672.5,no,no,cellular,16,nov,432,5,-1,0,unknown,yes
57,management,married,tertiary,no,621.0,no,no,unknown,18,jun,387,1,-1,0,unknown,no
52,management,single,tertiary,no,3186.0,yes,no,unknown,15,may,161,3,-1,0,unknown,no
41,blue-collar,single,primary,no,807.0,yes,no,cellular,14,may,703,4,-1,0,unknown,no
51,retired,married,secondary,no,2733.0,no,yes,cellular,31,jul,391,1,-1,0,unknown,no
57,technician,married,tertiary,yes,-1219.5,yes,yes,cellular,21,nov,85,2,158,25,failure,no
41,retired,divorced,secondary,no,0.0,yes,no,unknown,30,may,745,12,-1,0,unknown,yes
63,retired,married,tertiary,no,111.0,yes,no,unknown,15,may,122,1,-1,0,unknown,no
45,management,married,tertiary,no,2206.5,yes,yes,cellular,13,aug,236,3,-1,0,unknown,no
60,admin.,divorced,secondary,no,121.5,no,yes,cellular,21,nov,64,1,-1,0,unknown,no
40,retired,married,primary,no,142.5,yes,no,cellular,15,may,220,2,298,1,failure,no
43,retired,married,secondary,no,7444.5,yes,no,unknown,20,may,148,2,-1,0,unknown,no
46,blue-collar,married,secondary,no,459.0,no,no,cellular,31,jul,43,3,-1,0,unknown,no
69,admin.,married,secondary,no,3217.5,no,no,telephone,17,nov,273,2,-1,0,unknown,no
38,student,single,secondary,no,1455.0,no,no,cellular,8,nov,137,1,96,1,failure,no
40,unemployed,married,secondary,no,127.5,yes,yes,cellular,7,jul,88,1,-1,0,unknown,no
54,services,divorced,secondary,no,-3.0,yes,no,cellular,15,may,152,5,-1,0,unknown,no
44,retired,married,tertiary,no,747.0,yes,no,unknown,23,may,216,2,-1,0,unknown,no
65,technician,married,secondary,no,2247.0,no,yes,unknown,17,jun,345,2,-1,0,unknown,no
58,admin.,single,secondary,no,144.0,yes,no,unknown,8,may,255,1,-1,0,unknown,no
43,blue-collar,married,primary,no,61.5,yes,no,cellular,13,may,173,1,-1,0,unknown,no
58,retired,married,primary,no,672.0,yes,no,unknown,8,may,189,1,-1,0,unknown,no
37,technician,single,unknown,no,0.0,yes,no,cellular,2,feb,168,1,-1,0,unknown,no
46,blue-collar,single,secondary,no,1518.0,yes,yes,unknown,6,jun,399,1,-1,0,unknown,no
50,services,married,secondary,no,5338.5,yes,no,unknown,20,may,138,8,-1,0,unknown,no
45,technician,married,tertiary,no,24.0,yes,no,cellular,5,may,43,5,-1,0,unknown,no
52,self-employed,married,tertiary,no,15108.0,no,no,cellular,22,apr,102,1,-1,0,unknown,no
53,management,married,tertiary,no,2469.0,yes,no,cellular,20,nov,214,1,-1,0,unknown,no
39,blue-collar,married,secondary,no,369.0,yes,no,cellular,28,jul,194,5,-1,0,unknown,no
41,management,single,tertiary,no,18.0,yes,no,unknown,9,may,330,4,-1,0,unknown,no
44,management,single,tertiary,no,256.5,yes,no,cellular,7,may,191,1,294,1,failure,no
45,blue-collar,married,secondary,no,543.0,yes,no,unknown,12,may,363,2,-1,0,unknown,no
49,blue-collar,married,primary,no,852.0,yes,no,unknown,21,may,173,3,-1,0,unknown,no
56,blue-collar,married,secondary,no,3403.5,yes,no,cellular,12,aug,73,2,-1,0,unknown,no
87,retired,married,secondary,no,6168.0,no,no,telephone,26,jan,1616,1,95,2,success,yes
64,retired,married,secondary,no,-103.5,yes,no,unknown,26,may,135,2,-1,0,unknown,no
52,blue-collar,married,secondary,no,523.5,yes,no,cellular,7,apr,226,2,-1,0,unknown,no
40,management,single,tertiary,no,25.5,no,no,cellular,28,aug,95,6,-1,0,unknown,no
43,unemployed,single,secondary,no,3099.0,no,yes,cellular,9,sep,305,1,749,2,failure,yes
61,technician,married,secondary,no,331.5,yes,no,unknown,7,may,139,3,-1,0,unknown,no
48,blue-collar,married,primary,no,-63.0,yes,no,cellular,14,may,87,1,-1,0,unknown,no
56,blue-collar,married,tertiary,no,1489.5,yes,no,unknown,16,jun,78,1,-1,0,unknown,no
69,management,married,tertiary,no,498.0,yes,yes,cellular,30,jul,35,2,-1,0,unknown,no
50,self-employed,married,secondary,no,2274.0,yes,yes,unknown,23,may,373,1,-1,0,unknown,no
70,retired,married,secondary,no,-360.0,no,no,cellular,11,aug,152,6,-1,0,unknown,no
55,retired,married,secondary,no,10489.5,yes,no,cellular,20,nov,283,1,-1,0,unknown,yes
37,student,single,secondary,no,136.5,no,no,telephone,4,dec,157,6,95,37,other,no
55,blue-collar,married,primary,no,70.5,no,yes,cellular,18,aug,128,4,-1,0,unknown,no
49,blue-collar,married,secondary,no,414.0,no,yes,cellular,25,jul,441,12,-1,0,unknown,no
51,management,married,tertiary,no,9306.0,no,yes,unknown,11,jun,148,2,-1,0,unknown,no
66,unemployed,married,secondary,no,2010.0,no,yes,telephone,30,jul,197,6,-1,0,unknown,no
38,student,single,secondary,no,567.0,yes,no,cellular,17,apr,346,1,-1,0,unknown,no
70,blue-collar,married,secondary,no,7354.5,no,yes,unknown,9,jun,290,1,-1,0,unknown,no
57,entrepreneur,divorced,tertiary,no,267.0,no,no,cellular,4,feb,291,1,-1,0,unknown,no
51,admin.,single,secondary,no,363.0,no,yes,cellular,9,feb,116,3,-1,0,unknown,no
55,retired,married,primary,no,277.5,yes,no,cellular,29,jan,249,3,-1,0,unknown,no
50,management,divorced,tertiary,no,14311.5,no,no,cellular,20,nov,128,2,189,1,failure,no
58,blue-collar,married,secondary,no,964.5,yes,no,cellular,11,may,66,4,173,7,other,no
66,unemployed,married,primary,no,0.0,yes,no,unknown,26,may,250,1,-1,0,unknown,no
39,management,married,tertiary,no,297.0,yes,no,cellular,3,aug,1179,1,-1,0,unknown,no
40,services,married,secondary,no,312.0,no,yes,cellular,28,jul,213,3,-1,0,unknown,no
51,blue-collar,married,primary,no,610.5,yes,yes,telephone,10,jul,387,2,-1,0,unknown,no
69,services,married,primary,no,2343.0,yes,no,telephone,6,apr,471,2,270,1,other,no
44,blue-collar,single,primary,no,127.5,no,no,unknown,16,may,136,1,-1,0,unknown,no
68,retired,married,secondary,no,37.5,yes,no,unknown,2,jun,132,2,-1,0,unknown,no
38,blue-collar,single,tertiary,no,1090.5,yes,no,unknown,6,jun,144,4,-1,0,unknown,no
57,management,married,tertiary,no,5494.5,no,no,cellular,30,mar,364,3,-1,0,unknown,yes
56,blue-collar,married,secondary,no,1413.0,no,no,telephone,22,jul,425,2,-1,0,unknown,no
39,student,married,tertiary,no,15894.0,yes,no,cellular,12,apr,143,1,-1,0,unknown,no
60,technician,married,secondary,no,-105.0,yes,yes,cellular,21,jul,357,1,-1,0,unknown,no
37,admin.,single,primary,no,792.0,yes,yes,cellular,18,may,267,2,311,2,failure,no
54,retired,married,primary,no,154.5,yes,no,cellular,12,may,79,1,329,2,failure,no
43,technician,single,tertiary,no,1785.0,yes,no,cellular,17,apr,50,2,252,4,failure,no
48,blue-collar,married,secondary,no,1135.5,yes,no,cellular,2,feb,133,1,272,1,failure,no
77,retired,married,primary,no,2145.0,no,no,cellular,11,jan,499,2,91,3,failure,yes
52,retired,married,secondary,no,3004.5,yes,no,cellular,17,apr,177,3,-1,0,unknown,no
69,management,divorced,tertiary,no,5085.0,no,no,cellular,29,jul,43,2,-1,0,unknown,no
46,blue-collar,married,primary,no,159.0,yes,no,cellular,29,jul,171,13,-1,0,unknown,no
50,management,married,tertiary,no,0.0,no,no,cellular,14,oct,1410,3,-1,0,unknown,no
46,blue-collar,married,primary,no,0.0,no,no,telephone,9,jul,39,1,-1,0,unknown,no
59,retired,married,secondary,no,1489.5,yes,yes,cellular,8,may,199,1,301,2,other,no
45,services,single,secondary,no,1377.0,yes,no,unknown,29,may,178,1,-1,0,unknown,no
78,retired,married,secondary,no,28975.5,yes,no,cellular,4,aug,249,1,-1,0,unknown,yes
38,blue-collar,married,secondary,no,2937.0,yes,no,unknown,3,jun,196,1,-1,0,unknown,no
49,blue-collar,married,secondary,no,991.5,yes,no,cellular,3,feb,84,4,267,4,failure,no
47,management,married,unknown,no,370.5,no,no,cellular,2,feb,192,2,208,1,failure,no
44,services,married,secondary,no,-148.5,yes,yes,cellular,7,may,258,2,-1,0,unknown,no
45,management,married,tertiary,no,400.5,yes,no,unknown,7,may,192,1,-1,0,unknown,no
70,housemaid,married,unknown,no,23521.5,no,no,cellular,30,jul,140,3,-1,0,unknown,no
46,technician,married,secondary,yes,1420.5,yes,no,unknown,28,may,452,2,-1,0,unknown,no
47,services,married,secondary,no,33.0,yes,yes,unknown,8,may,160,1,-1,0,unknown,no
41,entrepreneur,married,secondary,no,15.0,yes,yes,cellular,25,jul,13,9,-1,0,unknown,no
46,blue-collar,married,primary,no,-912.0,yes,no,cellular,11,jul,135,2,-1,0,unknown,no
63,entrepreneur,married,secondary,no,0.0,yes,no,cellular,22,jul,200,1,-1,0,unknown,no
63,unemployed,divorced,secondary,no,0.0,no,no,unknown,20,jun,101,2,-1,0,unknown,no
37,admin.,married,tertiary,no,4282.5,no,no,cellular,22,jul,138,2,178,4,success,yes
30,retired,single,unknown,no,1243.5,no,no,cellular,9,jul,253,2,-1,0,unknown,yes
42,services,married,primary,no,327.0,yes,no,cellular,4,feb,177,3,-1,0,unknown,no
55,retired,married,secondary,no,40.5,yes,yes,cellular,31,jul,43,2,-1,0,unknown,no
39,blue-collar,married,secondary,no,75.0,no,no,cellular,8,jul,185,2,-1,0,unknown,no
43,management,married,tertiary,no,93.0,yes,no,cellular,2,feb,102,1,264,1,failure,no
53,technician,married,secondary,no,492.0,no,no,cellular,22,aug,79,2,-1,0,unknown,no
41,management,married,tertiary,no,1375.5,yes,no,cellular,27,aug,100,9,-1,0,unknown,no
46,management,single,tertiary,no,256.5,no,no,unknown,17,jun,398,4,-1,0,unknown,no
43,services,single,secondary,no,4903.5,no,yes,cellular,21,nov,381,1,126,1,failure,no
34,student,single,secondary,no,751.5,no,no,cellular,28,may,121,6,-1,0,unknown,no
52,entrepreneur,married,secondary,no,1077.0,yes,no,cellular,14,may,201,2,365,2,failure,no
50,blue-collar,married,secondary,no,150.0,yes,no,unknown,29,may,218,2,-1,0,unknown,no
44,technician,single,tertiary,no,123.0,no,no,cellular,19,aug,292,4,-1,0,unknown,no
43,management,single,tertiary,no,4755.0,no,no,cellular,28,oct,246,2,-1,0,unknown,no
60,blue-collar,married,secondary,no,2100.0,yes,no,cellular,11,may,189,1,-1,0,unknown,no
55,management,single,tertiary,no,7246.5,no,no,cellular,30,jul,852,3,182,11,success,yes
39,management,single,tertiary,no,4198.5,yes,no,cellular,5,may,371,2,-1,0,unknown,no
62,management,married,secondary,no,642.0,yes,no,unknown,30,may,153,1,-1,0,unknown,no
34,retired,single,tertiary,no,1396.5,yes,no,unknown,28,may,200,4,-1,0,unknown,no
64,retired,divorced,tertiary,no,523.5,yes,no,cellular,12,may,176,2,175,1,failure,no
45,admin.,single,tertiary,no,93.0,no,yes,cellular,30,apr,67,1,-1,0,unknown,no
52,management,divorced,tertiary,no,535.5,yes,no,cellular,8,may,39,1,-1,0,unknown,no
38,services,single,secondary,no,2454.0,yes,no,cellular,18,may,97,1,355,2,failure,no
65,retired,married,primary,no,0.0,yes,yes,cellular,13,aug,201,2,-1,0,unknown,no
41,admin.,single,secondary,no,1107.0,yes,no,cellular,18,jul,381,1,-1,0,unknown,no
59,entrepreneur,married,tertiary,no,480.0,yes,yes,unknown,19,may,243,6,-1,0,unknown,no
35,retired,single,secondary,no,757.5,no,yes,cellular,17,nov,386,2,-1,0,unknown,yes
66,retired,married,secondary,no,0.0,yes,no,unknown,7,may,333,4,-1,0,unknown,no
53,management,married,tertiary,no,8505.0,yes,no,unknown,15,may,184,2,-1,0,unknown,no
69,admin.,married,secondary,no,3514.5,yes,no,unknown,5,may,1042,1,-1,0,unknown,yes
50,blue-collar,single,primary,no,2295.0,yes,no,cellular,20,apr,8,3,315,1,failure,no
62,unemployed,married,secondary,no,2124.0,no,no,cellular,10,mar,436,2,182,1,success,yes
39,blue-collar,married,secondary,no,34.5,yes,no,unknown,14,may,219,4,-1,0,unknown,no
56,management,married,tertiary,no,24.0,yes,no,cellular,6,may,304,1,-1,0,unknown,no
36,blue-collar,married,secondary,no,933.0,yes,no,cellular,21,jul,471,2,-1,0,unknown,no
43,management,single,tertiary,no,163.5,no,no,cellular,21,aug,122,5,-1,0,unknown,no
64,housemaid,married,secondary,yes,0.0,no,no,cellular,30,apr,103,3,-1,0,unknown,no
52,technician,single,secondary,no,-1279.5,yes,no,cellular,11,may,189,1,-1,0,unknown,no
57,admin.,married,secondary,no,5514.0,no,no,cellular,18,oct,567,1,95,3,success,yes
60,services,married,secondary,no,1981.5,no,no,unknown,17,jun,271,2,-1,0,unknown,no
60,services,married,secondary,yes,1338.0,yes,no,cellular,10,jul,189,1,-1,0,unknown,no
64,technician,married,secondary,no,97.5,no,no,cellular,24,feb,87,1,91,3,failure,no
40,entrepreneur,married,tertiary,no,7.5,no,no,cellular,11,aug,126,2,-1,0,unknown,no
41,management,single,tertiary,no,24.0,no,no,cellular,20,nov,73,1,-1,0,unknown,no
60,blue-collar,married,unknown,no,0.0,no,no,unknown,11,jun,249,1,-1,0,unknown,no
67,housemaid,married,primary,no,751.5,yes,yes,cellular,11,feb,105,7,188,2,failure,no
48,services,single,secondary,no,14413.5,yes,no,cellular,11,aug,1687,9,-1,0,unknown,no
48,management,single,tertiary,no,2242.5,yes,no,cellular,30,jan,339,2,-1,0,unknown,no
47,admin.,single,tertiary,no,18871.5,no,no,unknown,16,jun,155,4,-1,0,unknown,no
40,management,married,tertiary,no,4995.0,no,no,cellular,7,aug,109,6,-1,0,unknown,no
31,admin.,single,unknown,no,-42.0,yes,no,unknown,27,may,125,1,-1,0,unknown,no
46,blue-collar,married,secondary,no,-609.0,yes,yes,unknown,14,may,104,3,-1,0,unknown,no
40,management,single,tertiary,no,480.0,no,no,cellular,26,may,140,1,-1,0,unknown,no
66,blue-collar,married,primary,no,0.0,no,no,unknown,27,jun,291,2,-1,0,unknown,no
54,admin.,divorced,secondary,no,-132.0,yes,no,unknown,27,may,600,2,-1,0,unknown,no
42,admin.,single,secondary,no,12939.0,no,no,cellular,7,dec,200,1,196,2,failure,no
38,retired,single,secondary,no,889.5,yes,no,unknown,19,jun,202,1,-1,0,unknown,no
37,management,married,tertiary,no,2296.5,yes,no,cellular,15,may,187,1,367,4,failure,no
49,admin.,married,secondary,no,70.5,yes,no,cellular,16,aug,143,2,371,6,failure,no
46,technician,married,tertiary,no,781.5,no,no,cellular,20,oct,347,3,-1,0,unknown,yes
49,blue-collar,single,secondary,no,43.5,yes,no,unknown,7,may,214,2,-1,0,unknown,no
48,technician,single,secondary,no,-363.0,yes,no,cellular,18,may,1173,3,278,6,success,yes
45,retired,married,secondary,no,4168.5,no,no,cellular,26,apr,182,2,186,2,success,yes
46,retired,single,secondary,yes,-730.5,yes,no,cellular,17,apr,1080,1,-1,0,unknown,yes
38,admin.,single,secondary,no,2172.0,no,no,cellular,8,jun,130,5,-1,0,unknown,no
57,blue-collar,married,unknown,no,1099.5,yes,no,unknown,7,may,268,1,-1,0,unknown,no
50,management,married,tertiary,no,289.5,no,no,cellular,18,aug,105,6,-1,0,unknown,no
52,technician,divorced,tertiary,no,3775.5,no,no,cellular,27,aug,569,17,-1,0,unknown,no
40,management,single,tertiary,no,0.0,no,no,cellular,29,aug,135,2,-1,0,unknown,no
57,blue-collar,married,secondary,no,397.5,yes,no,cellular,8,may,144,2,368,1,failure,no
52,blue-collar,married,secondary,no,307.5,yes,yes,unknown,29,may,313,2,-1,0,unknown,no
37,management,single,tertiary,no,609.0,no,no,cellular,9,feb,269,9,-1,0,unknown,no
49,admin.,divorced,unknown,no,96.0,yes,no,cellular,18,jul,147,1,-1,0,unknown,no
57,admin.,single,secondary,no,-496.5,yes,no,cellular,14,jul,227,4,-1,0,unknown,no
57,services,married,secondary,no,3483.0,no,no,cellular,22,aug,618,1,-1,0,unknown,no
37,management,single,secondary,no,174.0,yes,no,cellular,6,feb,138,2,-1,0,unknown,no
41,retired,married,tertiary,no,645.0,yes,no,cellular,25,jul,137,16,-1,0,unknown,no
61,housemaid,married,primary,no,2073.0,no,no,unknown,17,jun,226,1,-1,0,unknown,no
57,services,married,secondary,no,660.0,yes,no,unknown,12,jun,91,1,-1,0,unknown,no
38,unemployed,married,secondary,no,-529.5,no,yes,cellular,21,jul,299,1,-1,0,unknown,no
48,retired,single,tertiary,no,10113.0,no,no,cellular,21,nov,8,2,-1,0,unknown,no
42,blue-collar,single,tertiary,no,537.0,no,no,cellular,9,feb,103,3,-1,0,unknown,no
59,services,married,secondary,no,1326.0,yes,no,telephone,8,jul,201,3,-1,0,unknown,no
52,blue-collar,married,secondary,no,2298.0,yes,no,cellular,23,jul,98,3,-1,0,unknown,no
53,blue-collar,married,primary,no,-681.0,yes,no,unknown,7,may,322,2,-1,0,unknown,no
68,retired,divorced,secondary,no,1080.0,no,no,telephone,22,may,250,1,94,4,success,no
60,blue-collar,married,primary,no,2425.5,no,no,cellular,26,aug,55,4,-1,0,unknown,no
50,retired,married,secondary,no,925.5,yes,no,cellular,5,may,257,1,-1,0,unknown,no
59,unemployed,married,secondary,no,6165.0,no,no,unknown,17,jun,50,2,-1,0,unknown,no
51,blue-collar,married,secondary,no,1747.5,no,no,unknown,12,jun,69,3,-1,0,unknown,no
75,retired,divorced,secondary,no,1116.0,no,no,cellular,5,jul,182,1,-1,0,unknown,no
54,services,divorced,secondary,no,315.0,no,yes,unknown,12,may,111,2,-1,0,unknown,no
61,retired,divorced,unknown,no,-85.5,yes,no,unknown,29,may,175,1,-1,0,unknown,no
61,retired,married,primary,no,4755.0,yes,no,unknown,29,may,51,1,-1,0,unknown,no
34,retired,single,secondary,no,261.0,yes,yes,cellular,18,may,487,1,-1,0,unknown,yes
43,technician,married,secondary,no,-133.5,no,yes,cellular,4,aug,410,4,-1,0,unknown,no
43,admin.,married,secondary,no,0.0,yes,no,cellular,17,nov,78,1,-1,0,unknown,no
55,services,married,secondary,no,780.0,yes,no,unknown,15,may,714,4,-1,0,unknown,no
67,management,married,tertiary,no,3624.0,no,no,cellular,11,aug,74,2,-1,0,unknown,no
67,management,divorced,tertiary,no,-1014.0,yes,yes,cellular,29,jan,100,2,247,1,failure,no
65,technician,married,secondary,no,0.0,yes,yes,cellular,2,mar,116,1,-1,0,unknown,yes
49,blue-collar,married,primary,no,1149.0,yes,no,unknown,3,jun,350,3,-1,0,unknown,no
42,management,married,tertiary,no,0.0,no,no,cellular,28,aug,15,13,-1,0,unknown,no
53,management,divorced,tertiary,no,1699.5,yes,no,cellular,5,may,131,1,-1,0,unknown,no
48,management,married,tertiary,yes,-1510.5,yes,yes,unknown,19,jun,71,1,-1,0,unknown,no
41,blue-collar,married,secondary,no,-747.0,yes,no,cellular,21,jul,357,1,-1,0,unknown,no
57,blue-collar,married,secondary,no,2994.0,no,no,unknown,5,jun,761,2,-1,0,unknown,yes
53,services,married,secondary,no,2437.5,yes,no,cellular,20,apr,390,1,-1,0,unknown,no
51,management,married,tertiary,no,37.5,no,no,cellular,18,nov,431,2,-1,0,unknown,no
36,admin.,married,secondary,no,426.0,no,no,unknown,10,aug,11,1,-1,0,unknown,no
51,management,married,tertiary,no,2086.5,no,no,cellular,5,aug,537,1,-1,0,unknown,no
41,services,single,secondary,no,36.0,no,no,cellular,18,jul,135,2,-1,0,unknown,no
44,retired,single,secondary,no,186.0,no,no,telephone,14,aug,31,2,-1,0,unknown,no
64,management,married,secondary,no,7224.0,no,yes,cellular,9,jul,406,1,-1,0,unknown,no
67,retired,married,secondary,no,0.0,yes,no,cellular,5,may,127,1,363,4,failure,no
56,entrepreneur,married,secondary,no,2635.5,yes,no,unknown,30,may,396,3,-1,0,unknown,no
69,retired,divorced,primary,no,4770.0,no,no,unknown,6,jun,28,1,-1,0,unknown,no
46,blue-collar,married,secondary,no,885.0,yes,no,unknown,9,may,282,2,-1,0,unknown,no
44,blue-collar,single,secondary,no,1858.5,yes,no,cellular,18,jul,90,1,-1,0,unknown,no
52,retired,married,secondary,no,-225.0,yes,no,cellular,20,apr,233,3,-1,0,unknown,no
45,retired,single,secondary,no,244.5,yes,no,unknown,12,jun,483,1,-1,0,unknown,no
51,entrepreneur,married,secondary,no,835.5,no,yes,cellular,9,jul,72,1,-1,0,unknown,no
46,management,single,tertiary,no,6814.5,yes,no,unknown,2,jun,252,5,-1,0,unknown,no
66,retired,divorced,secondary,no,5175.0,no,no,cellular,10,aug,507,1,181,2,success,yes
68,blue-collar,married,secondary,no,144.0,no,no,unknown,16,jun,76,3,-1,0,unknown,no
42,retired,married,secondary,no,88.5,yes,yes,unknown,9,may,202,2,-1,0,unknown,no
50,retired,married,tertiary,no,90.0,no,no,unknown,16,jun,172,6,-1,0,unknown,no
34,retired,single,primary,no,711.0,no,no,cellular,12,aug,249,1,104,1,success,no
52,entrepreneur,married,tertiary,no,1602.0,yes,no,unknown,17,jun,70,8,-1,0,unknown,no
49,services,married,secondary,no,1099.5,no,no,unknown,16,jun,83,4,-1,0,unknown,no
42,technician,single,secondary,no,135.0,no,no,cellular,22,aug,278,2,-1,0,unknown,no
55,retired,married,secondary,no,540.0,no,no,cellular,3,nov,215,1,-1,0,unknown,yes
54,unemployed,married,secondary,no,1092.0,yes,no,cellular,7,apr,185,1,328,11,failure,no
39,blue-collar,married,secondary,no,4965.0,no,no,cellular,1,sep,367,1,91,4,failure,no
35,retired,married,tertiary,no,1359.0,no,no,cellular,26,may,253,1,-1,0,unknown,yes
53,services,married,secondary,no,2175.0,yes,no,unknown,4,jun,227,2,-1,0,unknown,no
91,retired,divorced,secondary,no,678.0,no,no,telephone,16,dec,443,1,-1,0,unknown,yes
63,technician,married,secondary,no,0.0,no,no,cellular,22,aug,77,9,-1,0,unknown,no
71,technician,married,secondary,no,1786.5,no,no,cellular,21,may,214,4,-1,0,unknown,yes
57,services,married,secondary,no,0.0,yes,no,cellular,9,jul,173,1,-1,0,unknown,no
67,housemaid,divorced,primary,no,1797.0,no,no,cellular,13,aug,146,1,-1,0,unknown,no
61,blue-collar,married,primary,no,166.5,yes,no,unknown,14,may,140,1,-1,0,unknown,no
41,retired,single,tertiary,no,681.0,no,no,cellular,4,feb,73,3,-1,0,unknown,no
69,retired,married,secondary,no,9.0,no,yes,unknown,1,jul,292,1,-1,0,unknown,no
39,blue-collar,single,secondary,no,0.0,yes,no,unknown,29,may,106,4,-1,0,unknown,no
80,retired,married,unknown,no,1279.5,no,no,cellular,15,apr,120,1,-1,0,unknown,no
68,retired,divorced,secondary,yes,-595.5,no,yes,cellular,14,aug,386,1,-1,0,unknown,no
43,blue-collar,single,secondary,no,558.0,yes,no,unknown,23,may,92,1,-1,0,unknown,no
53,technician,divorced,tertiary,no,151.5,no,no,cellular,19,aug,173,3,-1,0,unknown,no
62,retired,married,primary,no,805.5,no,no,unknown,9,jun,85,1,-1,0,unknown,no
50,retired,divorced,tertiary,no,1972.5,yes,no,cellular,9,apr,466,2,141,5,failure,no
57,blue-collar,married,secondary,no,321.0,yes,no,unknown,16,jun,442,3,-1,0,unknown,no
53,management,married,unknown,no,412.5,no,no,cellular,9,apr,109,2,339,2,failure,no
43,retired,married,secondary,no,7.5,yes,no,unknown,26,may,175,2,-1,0,unknown,no
51,blue-collar,divorced,secondary,no,7936.5,yes,no,unknown,14,may,1423,3,-1,0,unknown,yes
75,management,married,secondary,no,880.5,no,no,cellular,15,apr,223,2,-1,0,unknown,yes
59,technician,married,secondary,no,3600.0,no,no,cellular,21,oct,262,3,-1,0,unknown,no
42,management,single,tertiary,no,934.5,no,no,telephone,24,dec,273,1,203,1,failure,no
55,admin.,divorced,secondary,no,88.5,yes,no,cellular,24,jul,873,8,-1,0,unknown,yes
56,unemployed,divorced,secondary,yes,33.0,no,no,cellular,6,feb,8,10,-1,0,unknown,no
52,retired,married,primary,no,-454.5,yes,no,unknown,18,jun,40,3,-1,0,unknown,no
51,blue-collar,married,secondary,no,2308.5,yes,no,cellular,21,nov,139,6,130,3,failure,no
62,housemaid,married,tertiary,no,831.0,no,no,cellular,31,jul,44,5,-1,0,unknown,no
55,technician,married,secondary,no,8623.5,no,no,telephone,25,may,180,1,-1,0,unknown,no
75,retired,married,primary,no,739.5,no,no,cellular,16,oct,622,1,182,1,failure,no
44,entrepreneur,married,secondary,no,2770.5,yes,no,cellular,9,apr,543,3,321,6,failure,no
62,unemployed,married,secondary,no,48.0,yes,no,unknown,29,may,144,5,-1,0,unknown,no
45,blue-collar,married,primary,no,162.0,yes,no,unknown,9,may,200,4,-1,0,unknown,no
62,management,divorced,tertiary,no,640.5,no,yes,telephone,20,nov,36,3,-1,0,unknown,no
61,blue-collar,married,secondary,no,-138.0,yes,no,unknown,4,jun,28,4,-1,0,unknown,no
33,student,single,tertiary,no,2388.0,no,no,cellular,10,aug,298,1,-1,0,unknown,no
71,retired,married,secondary,no,718.5,no,no,cellular,22,jul,464,5,-1,0,unknown,no
61,blue-collar,married,secondary,no,60.0,yes,no,cellular,13,may,79,1,370,1,failure,no
38,admin.,married,secondary,no,1182.0,yes,no,cellular,18,may,11,14,-1,0,unknown,no
63,technician,married,secondary,no,46.5,yes,no,unknown,16,may,90,2,-1,0,unknown,no
70,retired,married,secondary,no,2779.5,no,no,cellular,11,aug,408,1,-1,0,unknown,yes
42,services,single,secondary,no,426.0,yes,no,unknown,28,may,63,2,-1,0,unknown,no
43,admin.,married,tertiary,no,82.5,yes,no,cellular,10,jul,384,1,-1,0,unknown,no
57,blue-collar,married,secondary,no,-984.0,yes,no,unknown,16,may,184,2,-1,0,unknown,no
45,retired,married,secondary,no,174.0,no,no,unknown,6,jun,361,1,-1,0,unknown,no
43,technician,single,secondary,no,0.0,yes,yes,cellular,9,feb,47,2,12,4,other,no
45,blue-collar,married,secondary,no,1000.5,no,no,cellular,20,nov,178,1,-1,0,unknown,no
58,services,divorced,secondary,no,1278.0,yes,yes,unknown,7,may,202,1,-1,0,unknown,no
39,blue-collar,married,primary,no,118.5,yes,no,cellular,18,may,27,4,356,2,failure,no
63,retired,divorced,tertiary,no,940.5,yes,no,cellular,17,nov,102,3,-1,0,unknown,no
38,management,single,tertiary,no,11316.0,yes,no,unknown,26,may,470,1,-1,0,unknown,no
52,blue-collar,single,primary,no,2442.0,yes,no,cellular,25,jul,590,8,-1,0,unknown,yes
35,unemployed,single,secondary,no,1156.5,no,no,cellular,5,mar,86,1,-1,0,unknown,no
41,management,single,tertiary,no,70.5,no,no,cellular,22,aug,361,4,-1,0,unknown,no
53,unemployed,divorced,secondary,no,1050.0,yes,no,unknown,27,may,259,1,-1,0,unknown,no
39,retired,single,unknown,no,2376.0,no,no,cellular,6,sep,245,1,-1,0,unknown,yes
51,technician,single,secondary,no,-927.0,yes,yes,cellular,11,jul,215,1,-1,0,unknown,no
70,blue-collar,married,secondary,no,3930.0,yes,no,unknown,30,may,523,1,-1,0,unknown,no
37,admin.,single,secondary,no,1036.5,yes,no,unknown,3,jun,418,2,-1,0,unknown,no
60,blue-collar,divorced,secondary,no,-661.5,yes,no,cellular,8,may,203,2,-1,0,unknown,no
55,services,single,secondary,no,2067.0,yes,no,cellular,15,may,25,5,372,2,failure,no
69,retired,divorced,primary,no,1021.5,no,yes,unknown,18,jun,376,7,-1,0,unknown,no
47,blue-collar,married,primary,no,0.0,yes,no,unknown,26,may,24,1,-1,0,unknown,no
40,self-employed,single,tertiary,no,982.5,no,no,cellular,23,sep,272,4,184,1,success,yes
50,technician,single,secondary,no,961.5,no,no,cellular,16,jul,156,6,-1,0,unknown,no
50,blue-collar,divorced,secondary,no,-523.5,no,yes,cellular,15,jul,31,19,-1,0,unknown,no
67,management,married,tertiary,no,322.5,no,yes,cellular,23,jul,288,9,-1,0,unknown,no
49,retired,married,secondary,no,0.0,yes,no,unknown,15,may,171,10,-1,0,unknown,no
48,technician,single,tertiary,no,165.0,no,no,unknown,17,jun,1051,3,-1,0,unknown,yes
48,admin.,married,secondary,no,4570.5,yes,no,unknown,6,may,285,2,-1,0,unknown,no
39,unemployed,single,secondary,no,825.0,no,no,cellular,29,jan,801,1,-1,0,unknown,yes
44,unemployed,married,tertiary,no,271.5,yes,no,cellular,2,feb,110,1,-1,0,unknown,no
63,services,married,secondary,no,49.5,yes,no,unknown,19,may,84,12,-1,0,unknown,no
42,services,married,secondary,no,907.5,yes,no,cellular,30,jan,164,1,-1,0,unknown,no
52,management,married,tertiary,no,240.0,no,no,cellular,20,aug,97,2,-1,0,unknown,no
63,housemaid,divorced,secondary,no,1420.5,yes,no,unknown,5,may,163,1,-1,0,unknown,no
42,technician,single,secondary,no,174.0,yes,no,cellular,20,aug,718,2,-1,0,unknown,yes
41,management,single,tertiary,no,1933.5,yes,no,cellular,12,aug,264,3,-1,0,unknown,no
57,admin.,married,tertiary,no,145.5,yes,no,cellular,8,feb,340,3,-1,0,unknown,no
68,self-employed,married,tertiary,no,3894.0,no,no,telephone,18,nov,15,2,-1,0,unknown,no
54,self-employed,divorced,secondary,no,874.5,yes,no,cellular,14,may,423,3,-1,0,unknown,no
37,blue-collar,single,secondary,no,802.5,no,no,cellular,16,aug,265,3,95,4,success,yes
59,management,married,tertiary,no,733.5,yes,no,cellular,6,may,65,1,358,1,failure,no
67,entrepreneur,married,tertiary,no,0.0,no,no,telephone,18,jun,390,15,-1,0,unknown,no
50,retired,married,secondary,no,-567.0,yes,no,unknown,28,may,261,2,-1,0,unknown,no
34,admin.,married,secondary,no,0.0,yes,no,cellular,16,apr,284,1,-1,0,unknown,no
66,retired,married,tertiary,no,130.5,no,no,cellular,8,jul,136,2,-1,0,unknown,no
44,management,divorced,tertiary,no,0.0,yes,no,cellular,19,nov,1283,1,-1,0,unknown,no
42,management,married,tertiary,no,3319.5,no,no,cellular,28,aug,73,7,-1,0,unknown,no
42,services,single,secondary,no,228.0,yes,no,cellular,25,may,158,2,-1,0,unknown,yes
57,retired,divorced,secondary,no,246.0,no,no,unknown,5,may,212,1,-1,0,unknown,no
68,technician,married,secondary,no,-1413.0,yes,no,cellular,17,nov,131,1,-1,0,unknown,no
41,admin.,single,secondary,no,1020.0,yes,no,unknown,23,may,152,1,-1,0,unknown,no
51,management,married,secondary,no,1909.5,no,no,unknown,20,jun,73,3,-1,0,unknown,no
42,student,married,tertiary,no,1116.0,yes,no,cellular,14,may,506,2,352,1,other,no
44,technician,married,secondary,no,1209.0,no,no,cellular,19,jul,253,3,458,1,success,yes
64,technician,divorced,unknown,no,2587.5,no,no,unknown,16,jun,216,3,-1,0,unknown,no
43,services,married,secondary,no,4462.5,yes,no,cellular,20,nov,207,1,-1,0,unknown,no
66,retired,married,tertiary,no,-97.5,yes,no,unknown,30,jun,45,2,-1,0,unknown,no
46,management,married,tertiary,no,2778.0,no,no,unknown,8,may,362,1,-1,0,unknown,no
34,technician,married,secondary,no,834.0,yes,no,cellular,6,nov,368,2,80,2,success,yes
58,technician,married,secondary,no,3166.5,no,no,cellular,20,apr,92,1,-1,0,unknown,no
36,self-employed,single,tertiary,no,37.5,no,no,cellular,28,jan,158,1,-1,0,unknown,no
52,blue-collar,divorced,secondary,no,5110.5,no,no,cellular,7,jul,277,2,-1,0,unknown,no
46,unknown,single,primary,no,5122.5,no,no,telephone,10,jul,150,10,-1,0,unknown,no
55,management,married,tertiary,no,2044.5,yes,no,unknown,15,may,657,5,-1,0,unknown,no
67,housemaid,divorced,primary,no,12417.0,no,no,cellular,17,nov,408,3,-1,0,unknown,no
45,blue-collar,married,primary,no,5380.5,yes,no,unknown,30,may,148,4,-1,0,unknown,no
54,technician,divorced,secondary,no,0.0,no,no,cellular,12,aug,56,2,-1,0,unknown,no
51,blue-collar,married,secondary,no,-285.0,no,yes,cellular,29,jul,808,3,-1,0,unknown,yes
38,self-employed,single,tertiary,no,0.0,yes,no,cellular,29,jan,379,1,192,1,failure,no
40,management,married,secondary,no,1275.0,no,no,cellular,12,aug,507,2,-1,0,unknown,yes
38,unemployed,married,secondary,no,646.5,yes,no,cellular,5,may,29,6,358,3,other,no
51,retired,married,secondary,no,5148.0,no,no,cellular,6,aug,140,3,-1,0,unknown,no
45,management,married,tertiary,no,0.0,yes,no,telephone,29,jul,399,12,-1,0,unknown,no
46,retired,married,secondary,no,3955.5,no,no,unknown,4,jul,219,1,-1,0,unknown,no
42,management,married,tertiary,no,387.0,yes,yes,cellular,18,nov,197,1,-1,0,unknown,no
45,technician,married,tertiary,no,2031.0,no,no,cellular,2,jun,250,2,-1,0,unknown,yes
69,technician,married,unknown,no,2206.5,no,no,telephone,31,jul,7,3,-1,0,unknown,no
53,retired,divorced,secondary,no,1435.5,no,yes,cellular,22,jul,145,4,-1,0,unknown,no
75,retired,married,unknown,no,1230.0,no,no,cellular,7,jul,432,1,-1,0,unknown,no
54,unemployed,married,secondary,no,4134.0,no,no,cellular,30,mar,57,4,-1,0,unknown,no
46,housemaid,married,secondary,no,834.0,yes,no,cellular,7,may,35,3,-1,0,unknown,no
51,blue-collar,married,primary,no,354.0,yes,no,telephone,11,may,65,1,356,2,failure,no
40,retired,single,tertiary,no,547.5,yes,no,cellular,13,may,76,3,-1,0,unknown,no
37,admin.,single,secondary,no,1240.5,yes,no,cellular,4,jun,73,1,107,1,failure,no
48,retired,single,secondary,no,1528.5,yes,no,cellular,6,may,249,1,-1,0,unknown,no
41,technician,married,tertiary,no,243.0,yes,no,cellular,24,jul,141,11,-1,0,unknown,no
62,admin.,single,secondary,no,817.5,yes,no,unknown,7,may,260,1,-1,0,unknown,no
46,technician,married,tertiary,no,736.5,yes,no,unknown,8,may,103,3,-1,0,unknown,no
62,management,married,tertiary,no,655.5,no,no,telephone,12,jun,137,3,113,1,other,no
44,management,married,tertiary,no,1162.5,yes,no,cellular,25,jul,210,2,-1,0,unknown,no
41,admin.,single,secondary,no,7872.0,no,yes,cellular,23,jul,368,1,-1,0,unknown,no
65,technician,married,secondary,no,1111.5,yes,no,unknown,15,may,973,2,-1,0,unknown,no
41,technician,divorced,secondary,no,-1777.5,yes,no,unknown,16,jun,81,5,-1,0,unknown,no
40,management,single,tertiary,no,858.0,no,no,cellular,17,jun,339,3,183,2,success,yes
69,management,married,unknown,no,5301.0,no,no,cellular,21,nov,216,4,-1,0,unknown,no
55,retired,single,tertiary,no,2386.5,no,no,cellular,15,jul,392,4,-1,0,unknown,no
40,services,single,secondary,no,2265.0,yes,no,cellular,18,nov,191,1,-1,0,unknown,no
45,technician,divorced,secondary,no,103.5,yes,no,unknown,8,may,461,3,-1,0,unknown,no
42,technician,married,secondary,no,1821.0,yes,no,cellular,20,apr,53,1,-1,0,unknown,no
45,blue-collar,married,secondary,no,9616.5,yes,yes,cellular,30,jan,144,1,266,2,failure,no
42,management,single,tertiary,no,-372.0,yes,yes,cellular,6,may,109,1,315,20,other,no
70,retired,married,unknown,no,1444.5,no,no,cellular,22,aug,148,10,-1,0,unknown,no
46,technician,married,tertiary,no,123.0,yes,no,cellular,29,jul,45,4,-1,0,unknown,no
40,self-employed,single,tertiary,no,-261.0,no,no,cellular,20,nov,80,1,-1,0,unknown,no
54,admin.,married,tertiary,no,1032.0,no,no,telephone,19,nov,274,1,-1,0,unknown,no
44,blue-collar,divorced,primary,no,258.0,yes,no,cellular,17,apr,306,1,-1,0,unknown,no
43,services,married,tertiary,no,127.5,no,no,unknown,6,may,262,3,-1,0,unknown,no
41,student,single,tertiary,no,3045.0,yes,no,cellular,14,may,168,2,351,2,failure,no
44,technician,married,secondary,no,1851.0,yes,no,cellular,24,jul,185,6,-1,0,unknown,no
41,technician,single,tertiary,no,190.5,yes,no,cellular,16,jul,122,1,-1,0,unknown,no
46,technician,married,tertiary,yes,94.5,no,no,cellular,28,aug,12,14,-1,0,unknown,no
69,self-employed,married,tertiary,no,889.5,no,no,unknown,13,may,64,2,-1,0,unknown,no
43,blue-collar,married,secondary,no,414.0,no,no,unknown,30,jun,224,2,-1,0,unknown,no
38,self-employed,single,tertiary,no,37.5,no,no,cellular,9,jul,618,1,-1,0,unknown,no
37,blue-collar,single,secondary,no,1.5,yes,no,cellular,18,jul,320,2,-1,0,unknown,no
37,unemployed,single,tertiary,no,55.5,yes,no,unknown,13,may,163,3,-1,0,unknown,no
37,admin.,single,secondary,no,888.0,yes,yes,cellular,5,feb,466,3,-1,0,unknown,no
71,housemaid,single,unknown,no,1339.5,no,no,telephone,2,feb,324,1,-1,0,unknown,no
40,self-employed,married,tertiary,no,1575.0,no,no,cellular,21,nov,58,2,-1,0,unknown,no
49,entrepreneur,married,tertiary,no,0.0,no,no,cellular,31,jul,70,3,-1,0,unknown,no
49,management,married,tertiary,no,6808.5,no,no,cellular,30,apr,301,1,-1,0,unknown,no
65,retired,married,primary,no,238.5,yes,yes,telephone,23,jul,184,1,-1,0,unknown,no
45,technician,married,secondary,no,0.0,no,no,cellular,27,aug,18,14,-1,0,unknown,no
51,admin.,single,tertiary,no,1309.5,yes,no,cellular,9,feb,16,9,-1,0,unknown,no
47,blue-collar,married,primary,no,306.0,yes,no,unknown,21,may,161,4,-1,0,unknown,no
57,technician,married,secondary,no,498.0,yes,no,cellular,2,feb,276,1,269,1,success,no
46,retired,married,secondary,no,9576.0,yes,yes,cellular,18,nov,97,1,-1,0,unknown,no
58,blue-collar,married,secondary,no,5628.0,yes,no,cellular,13,apr,215,5,-1,0,unknown,no
38,blue-collar,married,secondary,no,259.5,no,no,cellular,18,jul,588,7,-1,0,unknown,yes
59,blue-collar,married,secondary,no,0.0,no,yes,cellular,9,jul,625,1,-1,0,unknown,yes
63,management,married,primary,no,6129.0,no,no,unknown,20,jun,14,3,-1,0,unknown,no
57,management,divorced,tertiary,no,1200.0,no,no,cellular,12,aug,483,5,-1,0,unknown,no
46,blue-collar,married,secondary,no,559.5,yes,no,unknown,13,may,94,1,-1,0,unknown,no
38,blue-collar,single,secondary,no,2022.0,yes,no,cellular,6,aug,221,2,-1,0,unknown,yes
54,blue-collar,married,secondary,no,2242.5,yes,no,cellular,1,oct,82,1,142,1,failure,no
48,technician,single,secondary,no,4485.0,yes,no,unknown,2,jun,612,2,-1,0,unknown,no
63,blue-collar,married,secondary,no,1344.0,yes,no,unknown,14,may,106,1,-1,0,unknown,no
42,technician,single,tertiary,no,2782.5,no,no,cellular,15,sep,126,2,134,1,other,yes
40,technician,single,secondary,no,616.5,yes,no,cellular,16,apr,948,1,-1,0,unknown,no
82,retired,married,secondary,no,1144.5,no,no,cellular,24,apr,384,2,-1,0,unknown,yes
53,retired,married,tertiary,no,-789.0,no,no,cellular,12,aug,603,2,-1,0,unknown,no
41,admin.,married,secondary,no,4578.0,yes,yes,cellular,20,nov,115,2,177,2,failure,no
42,blue-collar,married,secondary,no,1233.0,yes,no,cellular,14,may,19,8,366,6,failure,no
47,management,single,tertiary,no,876.0,yes,no,telephone,13,may,115,1,-1,0,unknown,no
47,admin.,divorced,secondary,no,8652.0,yes,no,cellular,18,may,297,1,-1,0,unknown,no
47,management,single,tertiary,no,3259.5,no,no,cellular,30,jul,352,1,-1,0,unknown,no
44,retired,married,secondary,no,-430.5,yes,yes,unknown,26,may,199,1,-1,0,unknown,no
43,technician,single,tertiary,no,4882.5,no,no,telephone,14,aug,214,4,-1,0,unknown,no
47,management,single,tertiary,no,3259.5,no,no,cellular,21,nov,158,3,114,1,failure,no
56,management,married,tertiary,no,6451.5,yes,yes,cellular,18,nov,50,1,183,2,failure,no
41,technician,married,tertiary,no,2254.5,yes,yes,cellular,8,aug,257,2,-1,0,unknown,no
41,retired,married,secondary,no,2110.5,yes,no,cellular,6,may,142,3,-1,0,unknown,no
47,blue-collar,married,secondary,no,294.0,yes,no,unknown,5,jun,66,3,-1,0,unknown,no
45,management,divorced,tertiary,no,3430.5,no,no,cellular,18,nov,130,3,-1,0,unknown,no
57,blue-collar,divorced,primary,no,10.5,no,yes,unknown,16,jun,219,7,-1,0,unknown,no
47,management,married,tertiary,no,0.0,no,no,cellular,4,aug,96,1,-1,0,unknown,no
42,technician,single,secondary,no,42.0,yes,no,cellular,17,apr,598,1,150,1,failure,no
40,management,single,tertiary,no,330.0,no,yes,cellular,12,aug,111,2,-1,0,unknown,no
68,blue-collar,married,secondary,no,108.0,no,no,cellular,19,aug,235,5,-1,0,unknown,no
42,retired,married,secondary,no,4842.0,yes,no,cellular,19,nov,198,3,-1,0,unknown,no
54,management,married,tertiary,no,3600.0,yes,no,unknown,15,may,74,1,-1,0,unknown,no
33,services,single,secondary,no,-343.5,yes,yes,cellular,18,may,557,1,-1,0,unknown,no
43,admin.,divorced,secondary,no,210.0,yes,no,unknown,8,may,139,1,-1,0,unknown,no
52,services,married,secondary,no,1951.5,yes,no,cellular,21,jul,510,6,-1,0,unknown,no
37,management,single,unknown,no,4794.0,no,no,cellular,9,feb,10,2,-1,0,unknown,no
46,management,married,tertiary,no,144.0,no,no,cellular,30,jul,729,4,-1,0,unknown,yes
30,student,married,unknown,no,438.0,no,no,cellular,4,may,45,1,-1,0,unknown,no
38,technician,single,secondary,no,0.0,no,yes,cellular,22,jul,188,2,-1,0,unknown,no
43,blue-collar,married,secondary,no,1831.5,yes,no,cellular,7,may,127,6,-1,0,unknown,no
57,blue-collar,married,secondary,yes,-921.0,yes,no,unknown,26,may,118,2,-1,0,unknown,no
58,technician,married,secondary,no,6397.5,yes,no,unknown,13,may,220,2,-1,0,unknown,no
65,technician,married,secondary,no,0.0,no,no,unknown,6,may,160,3,-1,0,unknown,no
35,student,single,unknown,no,1258.5,no,no,cellular,15,mar,109,1,181,2,other,no
51,blue-collar,single,secondary,no,2346.0,yes,no,cellular,12,may,493,10,362,1,other,no
42,blue-collar,single,secondary,no,4044.0,yes,no,cellular,8,may,238,6,169,3,failure,no
44,blue-collar,single,secondary,no,20112.0,no,no,cellular,1,apr,647,2,-1,0,unknown,no
66,retired,married,secondary,no,1092.0,no,no,cellular,18,nov,163,2,110,15,failure,no
65,retired,married,secondary,no,6558.0,yes,no,cellular,30,jul,122,2,-1,0,unknown,no
42,blue-collar,divorced,secondary,no,-433.5,yes,yes,cellular,21,jul,808,5,-1,0,unknown,no
36,admin.,single,tertiary,no,3079.5,no,no,cellular,31,jul,127,4,-1,0,unknown,no
45,blue-collar,divorced,secondary,no,4653.0,yes,no,cellular,20,nov,138,1,-1,0,unknown,no
58,technician,married,secondary,no,328.5,yes,yes,unknown,29,may,154,4,-1,0,unknown,no
55,technician,single,secondary,no,43.5,yes,no,cellular,7,may,86,1,367,1,failure,no
59,admin.,divorced,secondary,no,9768.0,no,no,cellular,21,nov,93,2,-1,0,unknown,no
45,technician,single,secondary,no,1380.0,yes,no,cellular,11,aug,159,2,286,6,failure,no
69,retired,divorced,primary,no,-132.0,yes,no,unknown,5,jun,910,2,-1,0,unknown,yes
41,retired,single,secondary,no,904.5,yes,yes,cellular,17,apr,185,2,319,2,failure,no
52,admin.,single,secondary,no,246.0,yes,yes,unknown,22,oct,80,1,-1,0,unknown,no
42,services,married,secondary,no,-718.5,yes,no,unknown,27,may,142,1,-1,0,unknown,no
36,blue-collar,married,primary,no,199.5,no,yes,cellular,25,jul,57,3,-1,0,unknown,no
47,services,married,secondary,no,3192.0,no,no,unknown,18,jun,105,1,-1,0,unknown,no
37,retired,married,secondary,no,2212.5,yes,no,unknown,27,may,472,1,-1,0,unknown,no
53,technician,married,secondary,no,0.0,no,yes,cellular,8,may,9,2,172,5,failure,no
65,blue-collar,single,primary,no,58.5,yes,no,unknown,26,may,128,5,-1,0,unknown,no
40,services,married,secondary,no,1833.0,yes,no,cellular,14,may,444,1,-1,0,unknown,no
47,management,married,tertiary,no,85.5,no,no,cellular,30,apr,96,2,84,1,success,no
70,blue-collar,divorced,secondary,no,0.0,yes,no,unknown,29,may,1207,1,-1,0,unknown,yes
91,retired,divorced,primary,no,0.0,no,no,telephone,15,oct,172,1,-1,0,unknown,no
66,self-employed,married,unknown,no,0.0,no,no,cellular,19,aug,130,1,-1,0,unknown,no
43,technician,divorced,secondary,no,6553.5,yes,no,unknown,21,may,433,3,-1,0,unknown,no
65,retired,divorced,secondary,no,79.5,yes,no,unknown,29,may,84,2,-1,0,unknown,no
59,management,single,tertiary,no,870.0,no,no,unknown,19,may,310,2,-1,0,unknown,no
40,admin.,single,secondary,no,-319.5,yes,yes,unknown,27,may,751,1,-1,0,unknown,yes
46,technician,married,tertiary,no,511.5,no,no,cellular,12,feb,419,2,183,1,success,yes
37,admin.,single,secondary,no,2238.0,yes,no,unknown,23,may,67,13,-1,0,unknown,no
40,retired,married,primary,no,364.5,no,yes,cellular,9,feb,133,2,213,2,failure,no
47,blue-collar,married,primary,no,4731.0,yes,no,unknown,16,jun,265,3,-1,0,unknown,no
56,management,married,tertiary,no,286.5,yes,no,cellular,17,nov,58,1,-1,0,unknown,no
62,blue-collar,divorced,secondary,no,459.0,yes,no,unknown,26,may,63,3,-1,0,unknown,no
37,technician,single,secondary,no,306.0,no,no,cellular,28,jul,471,2,-1,0,unknown,yes
64,unemployed,married,primary,no,1876.5,no,no,cellular,21,nov,105,1,-1,0,unknown,no
50,blue-collar,divorced,secondary,no,-639.0,no,yes,unknown,26,may,245,1,-1,0,unknown,no
60,management,married,tertiary,no,3549.0,no,no,cellular,28,jan,816,2,149,1,other,yes
42,management,married,tertiary,no,307.5,yes,no,cellular,5,feb,141,4,-1,0,unknown,no
62,technician,married,secondary,no,204.0,no,no,cellular,28,aug,88,5,-1,0,unknown,no
45,technician,married,secondary,no,19.5,no,no,cellular,22,aug,94,2,-1,0,unknown,no
80,management,married,tertiary,no,15256.5,no,no,cellular,18,aug,65,2,-1,0,unknown,no
47,retired,single,tertiary,no,1548.0,no,no,telephone,4,feb,63,1,-1,0,unknown,no
47,services,married,secondary,no,5143.5,yes,yes,unknown,26,may,81,8,-1,0,unknown,no
68,retired,married,secondary,no,337.5,no,no,cellular,7,aug,122,6,-1,0,unknown,no
41,technician,married,secondary,no,550.5,no,no,cellular,28,aug,79,17,-1,0,unknown,no
43,retired,married,secondary,no,1270.5,yes,no,unknown,2,jun,127,1,-1,0,unknown,no
41,management,single,tertiary,no,685.5,yes,no,unknown,29,may,38,9,-1,0,unknown,no
61,blue-collar,married,secondary,no,1432.5,no,yes,cellular,17,dec,221,3,-1,0,unknown,yes
53,admin.,single,secondary,no,562.5,no,yes,cellular,5,feb,193,2,199,4,failure,no
36,unemployed,married,tertiary,no,681.0,yes,yes,unknown,23,may,28,18,-1,0,unknown,no
62,retired,married,tertiary,no,406.5,yes,no,unknown,5,may,99,1,-1,0,unknown,no
51,self-employed,single,tertiary,no,0.0,no,no,cellular,18,nov,256,1,-1,0,unknown,no
59,admin.,divorced,secondary,no,-109.5,yes,no,cellular,30,jul,31,22,-1,0,unknown,no
38,retired,single,tertiary,no,2659.5,yes,no,cellular,23,jul,275,1,-1,0,unknown,no
38,blue-collar,single,secondary,no,6343.5,yes,yes,cellular,5,may,205,2,-1,0,unknown,no
46,entrepreneur,divorced,tertiary,no,1371.0,no,no,unknown,6,jun,219,1,-1,0,unknown,no
68,retired,married,secondary,no,352.5,no,no,cellular,27,aug,88,4,-1,0,unknown,no
46,services,married,secondary,no,1765.5,yes,yes,cellular,3,feb,50,5,-1,0,unknown,no
50,retired,married,secondary,no,466.5,yes,no,unknown,20,may,723,2,-1,0,unknown,no
47,retired,divorced,tertiary,no,64.5,yes,no,cellular,20,apr,328,2,264,2,failure,no
47,admin.,divorced,secondary,no,759.0,yes,no,cellular,2,feb,446,2,273,1,failure,no
59,management,single,tertiary,no,11164.5,no,no,telephone,20,nov,35,2,-1,0,unknown,no
50,self-employed,married,tertiary,no,4588.5,yes,yes,cellular,18,nov,41,1,182,1,failure,no
52,management,married,tertiary,no,2010.0,yes,no,unknown,14,may,299,1,-1,0,unknown,no
52,blue-collar,married,secondary,no,8458.5,yes,no,cellular,17,jul,430,2,-1,0,unknown,no
41,admin.,single,tertiary,no,1051.5,yes,no,unknown,23,may,301,2,-1,0,unknown,no
62,retired,divorced,primary,no,-1168.5,yes,yes,cellular,17,apr,709,1,-1,0,unknown,yes
49,retired,single,secondary,no,0.0,no,no,cellular,20,aug,332,4,-1,0,unknown,no
70,management,married,primary,no,378.0,yes,yes,cellular,13,apr,123,2,147,3,failure,no
40,management,single,secondary,no,4888.5,yes,no,cellular,23,jul,495,1,-1,0,unknown,no
63,retired,married,primary,no,-58.5,yes,no,cellular,20,aug,87,2,-1,0,unknown,no
43,technician,married,secondary,no,118.5,yes,no,cellular,18,aug,170,6,-1,0,unknown,no
64,retired,married,primary,no,0.0,yes,no,unknown,13,may,106,1,-1,0,unknown,no
43,retired,married,secondary,no,244.5,yes,no,unknown,20,may,135,1,-1,0,unknown,no
61,technician,married,secondary,no,195.0,no,no,cellular,22,aug,547,3,-1,0,unknown,no
58,technician,married,secondary,no,2971.5,yes,no,cellular,16,jun,404,3,92,5,failure,no
60,retired,married,secondary,no,0.0,yes,no,cellular,23,jul,137,1,-1,0,unknown,no
84,retired,married,tertiary,no,30633.0,no,no,cellular,12,aug,90,2,-1,0,unknown,no
43,management,married,secondary,no,-21.0,yes,no,cellular,20,apr,856,3,-1,0,unknown,no
41,retired,married,tertiary,no,7417.5,no,no,cellular,11,aug,445,1,-1,0,unknown,no
42,management,single,tertiary,no,1219.5,no,no,cellular,28,aug,114,7,-1,0,unknown,no
37,admin.,single,tertiary,no,7486.5,yes,no,cellular,13,feb,123,1,-1,0,unknown,no
51,technician,divorced,secondary,no,6070.5,yes,no,cellular,18,feb,343,1,-1,0,unknown,yes
44,management,married,tertiary,no,523.5,yes,yes,cellular,29,jan,133,2,185,3,failure,no
43,student,single,secondary,no,2824.5,yes,no,cellular,3,feb,121,5,256,1,failure,no
47,services,married,secondary,no,2440.5,yes,no,unknown,12,jun,602,2,-1,0,unknown,no
38,retired,married,secondary,no,321.0,yes,yes,cellular,24,jul,332,3,-1,0,unknown,no
42,blue-collar,married,secondary,no,37.5,yes,no,cellular,6,may,28,2,345,3,other,no
46,technician,single,primary,no,3253.5,yes,no,cellular,18,nov,133,2,110,3,other,no
68,blue-collar,married,secondary,no,1947.0,yes,no,unknown,29,may,516,4,-1,0,unknown,no
50,entrepreneur,divorced,tertiary,no,1488.0,yes,no,cellular,31,jul,196,2,-1,0,unknown,no
42,admin.,married,secondary,no,1492.5,no,no,cellular,3,sep,331,1,99,2,other,yes
36,self-employed,single,tertiary,no,123.0,yes,no,cellular,17,jul,200,1,-1,0,unknown,no
42,admin.,single,tertiary,no,735.0,yes,no,unknown,9,may,94,2,-1,0,unknown,no
41,technician,single,tertiary,no,79.5,no,no,cellular,28,jan,97,2,-1,0,unknown,no
48,blue-collar,married,secondary,no,0.0,yes,no,unknown,9,jun,254,1,-1,0,unknown,no
39,retired,single,tertiary,no,12.0,no,no,cellular,28,jan,468,1,-1,0,unknown,no
44,admin.,married,secondary,no,75.0,yes,no,unknown,20,may,89,2,-1,0,unknown,no
43,retired,married,secondary,no,-196.5,yes,yes,unknown,9,may,145,2,-1,0,unknown,no
49,technician,single,tertiary,no,589.5,no,no,cellular,26,mar,281,1,-1,0,unknown,yes
46,management,divorced,tertiary,no,0.0,no,no,cellular,28,aug,81,4,-1,0,unknown,no
60,blue-collar,married,secondary,no,487.5,yes,no,cellular,17,apr,150,1,-1,0,unknown,no
48,management,married,tertiary,no,5160.0,no,no,cellular,20,aug,471,10,-1,0,unknown,no
52,management,single,tertiary,no,16512.0,no,no,cellular,28,jul,822,6,405,1,success,yes
47,services,single,secondary,no,1575.0,yes,no,cellular,3,feb,586,3,-1,0,unknown,no
47,retired,married,tertiary,no,34.5,yes,no,unknown,26,may,409,2,-1,0,unknown,no
41,blue-collar,single,tertiary,no,604.5,no,no,cellular,29,jan,356,2,-1,0,unknown,no
61,retired,married,tertiary,no,141.0,yes,no,cellular,19,nov,281,3,-1,0,unknown,no
62,retired,married,tertiary,no,3835.5,no,no,cellular,8,jul,340,1,156,1,other,yes
40,retired,single,tertiary,no,0.0,no,no,cellular,28,aug,62,7,-1,0,unknown,no
57,entrepreneur,divorced,secondary,no,588.0,yes,yes,cellular,16,apr,279,3,148,1,failure,no
59,management,married,tertiary,no,-705.0,yes,no,unknown,12,jun,691,1,-1,0,unknown,no
53,services,single,secondary,no,0.0,yes,no,cellular,14,may,88,4,-1,0,unknown,no
51,retired,married,secondary,no,507.0,yes,no,unknown,14,may,87,1,-1,0,unknown,no
52,entrepreneur,married,secondary,no,486.0,yes,no,cellular,15,jul,528,3,-1,0,unknown,no
50,blue-collar,married,secondary,no,1132.5,no,no,cellular,17,nov,408,1,117,1,failure,no
59,management,married,tertiary,no,0.0,no,no,cellular,6,aug,44,2,-1,0,unknown,no
48,blue-collar,married,secondary,no,0.0,yes,no,cellular,31,jul,18,22,-1,0,unknown,no
41,management,single,secondary,no,679.5,yes,no,unknown,9,may,384,2,-1,0,unknown,no
68,self-employed,married,tertiary,no,490.5,no,yes,cellular,14,jul,145,2,-1,0,unknown,no
46,self-employed,single,tertiary,no,201.0,no,yes,unknown,1,jun,36,1,-1,0,unknown,no
41,management,single,tertiary,no,-36.0,yes,yes,unknown,3,jun,589,6,-1,0,unknown,no
60,technician,married,secondary,no,754.5,yes,no,cellular,24,jul,186,2,-1,0,unknown,no
42,blue-collar,divorced,unknown,no,436.5,yes,yes,unknown,27,jun,120,6,-1,0,unknown,no
45,services,married,secondary,no,99.0,yes,no,cellular,18,nov,110,1,123,1,other,no
61,housemaid,married,primary,no,927.0,yes,yes,cellular,30,apr,277,1,85,1,failure,no
44,management,married,tertiary,no,0.0,yes,no,cellular,30,apr,300,1,86,1,success,yes
62,retired,married,primary,no,-955.5,yes,yes,cellular,12,may,161,5,174,2,failure,no
40,retired,married,tertiary,no,427.5,no,no,cellular,5,feb,693,2,-1,0,unknown,no
41,admin.,single,secondary,no,-673.5,yes,no,unknown,28,may,81,2,-1,0,unknown,no
36,retired,single,secondary,no,261.0,yes,no,unknown,30,may,67,2,-1,0,unknown,no
40,blue-collar,single,secondary,no,25.5,yes,no,unknown,29,may,197,9,-1,0,unknown,no
46,technician,single,secondary,no,1842.0,yes,no,cellular,4,may,303,3,-1,0,unknown,yes
58,management,divorced,tertiary,no,8967.0,no,no,cellular,28,jan,58,1,-1,0,unknown,no
42,technician,married,secondary,no,3.0,yes,yes,cellular,8,jul,143,1,-1,0,unknown,no
64,blue-collar,married,primary,no,316.5,no,no,unknown,19,jun,200,2,-1,0,unknown,no
67,retired,divorced,tertiary,no,9778.5,no,no,cellular,20,nov,1040,1,-1,0,unknown,no
52,management,married,tertiary,no,41544.0,no,no,cellular,12,may,176,2,89,5,success,yes
59,admin.,single,secondary,no,1240.5,yes,no,cellular,30,jan,61,1,-1,0,unknown,no
47,retired,single,tertiary,no,3111.0,no,no,cellular,18,aug,244,2,-1,0,unknown,no
41,management,married,unknown,no,102.0,yes,no,cellular,5,feb,425,2,189,27,other,no
39,technician,married,tertiary,no,-1474.5,yes,yes,cellular,31,jul,58,2,-1,0,unknown,no
49,retired,single,secondary,no,0.0,yes,no,cellular,7,may,722,2,-1,0,unknown,no
35,student,single,secondary,no,2802.0,no,no,cellular,26,oct,259,1,103,2,other,yes
43,management,married,tertiary,no,2283.0,yes,no,cellular,18,nov,171,2,179,3,failure,no
44,entrepreneur,married,tertiary,no,-42.0,yes,no,cellular,16,jul,574,1,-1,0,unknown,no
45,management,single,secondary,no,1572.0,no,no,cellular,22,aug,362,2,-1,0,unknown,no
57,services,married,secondary,no,1740.0,yes,no,unknown,27,jun,59,4,-1,0,unknown,no
40,admin.,married,secondary,no,601.5,no,no,cellular,19,nov,50,1,-1,0,unknown,no
41,housemaid,married,secondary,no,1.5,yes,no,unknown,30,may,101,16,-1,0,unknown,no
52,blue-collar,single,unknown,no,4252.5,yes,no,telephone,13,may,61,4,350,1,failure,no
58,services,married,primary,no,724.5,no,no,cellular,6,aug,119,2,-1,0,unknown,no
53,blue-collar,married,secondary,no,1249.5,no,no,cellular,17,jul,156,1,-1,0,unknown,no
55,blue-collar,married,secondary,no,19675.5,no,no,unknown,11,jun,42,2,-1,0,unknown,no
40,blue-collar,married,secondary,no,187.5,yes,no,unknown,29,may,238,2,-1,0,unknown,no
35,retired,single,secondary,no,1054.5,no,no,cellular,5,may,1100,3,-1,0,unknown,no
61,technician,married,tertiary,no,1585.5,no,no,unknown,9,jun,149,2,-1,0,unknown,no
62,management,married,tertiary,no,1126.5,no,no,cellular,14,may,165,4,371,5,failure,no
46,blue-collar,married,secondary,no,-309.0,yes,no,unknown,8,may,177,2,-1,0,unknown,no
39,self-employed,married,tertiary,yes,-1624.5,yes,no,unknown,4,jun,139,2,-1,0,unknown,no
44,retired,single,primary,no,5472.0,yes,no,cellular,5,feb,288,1,-1,0,unknown,no
47,management,married,primary,no,2106.0,yes,no,cellular,2,feb,97,1,-1,0,unknown,no
60,entrepreneur,married,tertiary,no,78.0,no,no,cellular,31,jul,22,8,-1,0,unknown,no
69,retired,divorced,tertiary,no,387.0,yes,no,telephone,29,oct,266,1,-1,0,unknown,yes
68,retired,married,secondary,no,225.0,yes,no,unknown,5,jun,420,4,-1,0,unknown,no
53,entrepreneur,married,tertiary,no,17298.0,yes,no,telephone,25,jul,58,1,-1,0,unknown,no
40,technician,married,secondary,no,99.0,no,yes,cellular,5,aug,239,1,-1,0,unknown,no
37,technician,single,secondary,no,189.0,yes,yes,cellular,5,feb,147,2,216,4,failure,no
71,retired,divorced,tertiary,no,78880.5,no,no,cellular,15,feb,394,3,189,1,success,yes
41,self-employed,single,tertiary,no,22038.0,yes,no,unknown,23,may,601,1,-1,0,unknown,no
46,management,married,tertiary,no,0.0,no,no,unknown,17,jun,222,3,-1,0,unknown,no
50,services,married,secondary,no,-513.0,yes,no,unknown,26,may,754,1,-1,0,unknown,no
48,services,married,secondary,no,1234.5,yes,no,unknown,3,jun,132,5,-1,0,unknown,no
49,blue-collar,single,secondary,no,973.5,yes,no,cellular,15,apr,668,1,-1,0,unknown,yes
51,blue-collar,single,secondary,no,2820.0,no,yes,cellular,14,may,35,1,356,10,other,no
48,services,divorced,secondary,no,9273.0,yes,no,cellular,14,may,484,3,177,1,other,no
58,retired,married,secondary,no,2338.5,no,no,cellular,13,aug,344,1,190,2,failure,no
42,services,married,secondary,no,3102.0,yes,yes,unknown,9,may,143,1,-1,0,unknown,no
61,blue-collar,married,primary,no,-39.0,yes,no,unknown,27,may,47,1,-1,0,unknown,no
42,services,single,secondary,no,2488.5,yes,no,unknown,30,may,120,6,-1,0,unknown,no
43,retired,single,tertiary,no,106.5,no,no,cellular,15,jul,94,4,-1,0,unknown,no
42,management,married,tertiary,no,2275.5,no,no,cellular,13,aug,202,3,-1,0,unknown,no
45,management,single,tertiary,no,93.0,yes,no,cellular,20,apr,213,3,-1,0,unknown,yes
46,technician,divorced,tertiary,no,1761.0,yes,no,cellular,18,nov,192,2,-1,0,unknown,no
67,housemaid,married,primary,no,87.0,no,no,unknown,11,jun,510,1,-1,0,unknown,no
42,management,single,tertiary,no,3540.0,no,no,cellular,4,may,11,4,90,7,success,no
46,technician,married,secondary,no,853.5,yes,no,cellular,9,apr,265,1,323,5,failure,no
39,services,single,secondary,no,-307.5,no,no,cellular,30,jan,194,1,-1,0,unknown,no
36,admin.,single,tertiary,no,5595.0,yes,no,cellular,11,mar,93,1,98,4,other,no
41,management,single,tertiary,no,3885.0,no,no,cellular,23,sep,103,2,484,2,other,no
57,retired,married,secondary,no,735.0,yes,no,unknown,18,jun,55,10,-1,0,unknown,no
56,management,single,tertiary,no,889.5,yes,no,cellular,29,jan,190,3,-1,0,unknown,no
45,services,married,secondary,no,520.5,yes,no,cellular,6,may,282,4,-1,0,unknown,no
41,retired,married,secondary,no,8200.5,yes,no,cellular,13,apr,251,1,-1,0,unknown,no
62,services,single,secondary,no,31.5,yes,no,cellular,28,jul,147,15,-1,0,unknown,no
49,blue-collar,married,secondary,no,250.5,yes,yes,cellular,12,may,612,1,-1,0,unknown,yes
36,retired,single,secondary,no,802.5,no,no,cellular,14,aug,125,1,-1,0,unknown,yes
80,retired,married,primary,no,5673.0,no,no,cellular,16,mar,618,1,-1,0,unknown,no
41,technician,married,tertiary,no,2077.5,no,no,cellular,25,aug,116,8,-1,0,unknown,no
47,admin.,divorced,secondary,no,0.0,yes,no,unknown,30,may,127,5,-1,0,unknown,no
57,blue-collar,married,secondary,no,1531.5,no,no,cellular,13,aug,399,3,-1,0,unknown,no
60,entrepreneur,married,secondary,no,1281.0,no,no,cellular,16,apr,198,1,-1,0,unknown,no
65,retired,married,secondary,no,5319.0,yes,yes,cellular,18,nov,588,1,110,2,failure,no
47,management,married,tertiary,no,13903.5,yes,yes,cellular,17,apr,71,1,149,2,failure,no
63,management,divorced,tertiary,no,4341.0,yes,no,cellular,5,may,163,1,-1,0,unknown,no
57,management,married,secondary,no,6226.5,yes,no,unknown,14,may,114,1,-1,0,unknown,no
60,blue-collar,married,secondary,no,-871.5,yes,no,cellular,14,may,877,2,345,5,failure,no
38,management,divorced,secondary,no,-114.0,no,yes,cellular,14,jul,1271,2,-1,0,unknown,no
79,retired,married,tertiary,no,709.5,no,no,cellular,20,apr,333,1,-1,0,unknown,no
42,admin.,single,secondary,no,9282.0,yes,yes,cellular,18,nov,147,1,-1,0,unknown,no
56,management,divorced,tertiary,no,997.5,yes,no,cellular,2,feb,158,2,207,1,other,no
41,services,single,secondary,no,417.0,no,no,cellular,28,may,95,3,-1,0,unknown,no
48,blue-collar,married,secondary,no,10264.5,no,no,unknown,2,jun,89,1,-1,0,unknown,no
53,blue-collar,married,primary,no,-88.5,yes,no,unknown,20,jun,205,5,-1,0,unknown,no
45,management,single,tertiary,no,102.0,no,no,unknown,6,jun,1085,1,-1,0,unknown,yes
41,management,married,tertiary,no,244.5,yes,yes,telephone,10,nov,107,1,-1,0,unknown,no
55,technician,divorced,secondary,no,18583.5,no,yes,cellular,8,jul,711,1,-1,0,unknown,no
49,management,married,tertiary,no,4.5,yes,no,cellular,18,nov,341,1,-1,0,unknown,no
41,retired,married,secondary,no,0.0,yes,no,cellular,10,jul,270,1,-1,0,unknown,no
50,blue-collar,married,primary,no,-72.0,yes,no,cellular,12,may,113,1,-1,0,unknown,no
43,management,single,tertiary,no,153.0,yes,yes,cellular,19,nov,199,1,-1,0,unknown,no
55,services,married,secondary,no,174.0,yes,no,unknown,11,jun,287,3,-1,0,unknown,no
63,retired,married,tertiary,no,-1.5,no,no,cellular,12,aug,150,2,-1,0,unknown,no
41,blue-collar,married,secondary,no,1296.0,yes,yes,cellular,13,may,127,1,-1,0,unknown,no
41,retired,single,secondary,no,513.0,yes,no,cellular,15,may,117,5,366,7,other,no
57,self-employed,married,secondary,no,1681.5,no,no,unknown,20,jun,454,6,-1,0,unknown,no
87,management,married,unknown,no,2670.0,yes,no,cellular,23,oct,221,2,183,3,success,yes
47,technician,married,secondary,no,882.0,yes,no,cellular,14,aug,65,4,-1,0,unknown,no
66,management,married,tertiary,no,34.5,yes,no,cellular,16,jul,156,2,-1,0,unknown,no
44,blue-collar,married,secondary,no,483.0,yes,no,cellular,20,apr,10,3,-1,0,unknown,no
67,admin.,married,secondary,no,-1450.5,yes,no,telephone,15,may,8,7,-1,0,unknown,no
59,technician,single,secondary,no,1867.5,no,no,cellular,29,apr,115,2,198,2,failure,no
47,retired,single,secondary,no,2340.0,yes,no,unknown,11,jun,203,2,-1,0,unknown,no
59,services,divorced,secondary,no,1087.5,no,no,unknown,11,jun,275,2,-1,0,unknown,no
69,retired,married,tertiary,no,1968.0,yes,no,cellular,1,jun,244,2,-1,0,unknown,no
65,entrepreneur,married,secondary,no,-36.0,yes,no,unknown,8,may,176,1,-1,0,unknown,no
52,blue-collar,single,primary,no,234.0,yes,no,telephone,15,may,7,4,371,5,failure,no
45,management,married,tertiary,yes,48.0,yes,no,cellular,21,nov,180,1,-1,0,unknown,no
52,self-employed,married,tertiary,no,2898.0,yes,no,unknown,16,may,192,32,-1,0,unknown,no
54,entrepreneur,divorced,tertiary,no,201.0,yes,no,cellular,12,may,78,5,-1,0,unknown,no
41,retired,married,tertiary,no,232.5,yes,no,cellular,8,sep,214,1,99,1,failure,no
37,services,single,secondary,no,291.0,yes,no,unknown,16,may,326,1,-1,0,unknown,no
48,blue-collar,married,secondary,no,903.0,yes,no,unknown,30,may,161,12,-1,0,unknown,no
42,management,single,tertiary,no,219.0,no,no,cellular,19,aug,162,2,-1,0,unknown,no
37,entrepreneur,married,unknown,no,517.5,yes,yes,cellular,6,may,465,1,289,4,failure,no
56,management,married,tertiary,no,-4.5,no,no,cellular,28,aug,205,2,-1,0,unknown,no
47,admin.,married,secondary,no,0.0,yes,no,telephone,15,jul,280,6,-1,0,unknown,no
52,blue-collar,married,primary,no,1980.0,no,no,unknown,15,may,301,4,-1,0,unknown,no
52,self-employed,married,secondary,no,157.5,no,no,cellular,27,aug,85,4,-1,0,unknown,no
54,management,married,tertiary,yes,0.0,yes,no,cellular,21,nov,123,2,-1,0,unknown,no
58,retired,married,tertiary,no,2350.5,yes,no,cellular,20,aug,77,3,-1,0,unknown,no
46,management,single,tertiary,no,1281.0,yes,yes,cellular,15,jul,503,6,-1,0,unknown,no
54,retired,married,secondary,no,2820.0,yes,no,cellular,18,nov,34,1,124,6,failure,no
51,management,married,tertiary,no,-6.0,yes,no,cellular,8,may,72,1,368,1,failure,no
36,retired,married,secondary,no,115.5,yes,no,cellular,15,may,619,1,340,4,failure,yes
37,student,single,secondary,no,4176.0,yes,no,telephone,20,apr,153,1,328,1,failure,no
61,retired,married,tertiary,no,-30.0,no,no,cellular,19,nov,139,3,-1,0,unknown,no
57,unknown,married,unknown,no,451.5,no,no,cellular,5,aug,111,1,-1,0,unknown,no
31,retired,single,unknown,no,300.0,no,no,unknown,1,jun,8,1,-1,0,unknown,no
66,admin.,single,secondary,no,-409.5,no,no,cellular,8,jul,119,2,-1,0,unknown,no
40,services,married,secondary,no,0.0,yes,yes,unknown,3,jun,185,1,-1,0,unknown,no
50,technician,married,secondary,no,112.5,yes,no,unknown,16,may,259,1,-1,0,unknown,no
43,management,married,tertiary,no,222.0,no,no,unknown,20,may,717,1,-1,0,unknown,no
58,services,married,secondary,no,976.5,no,yes,cellular,28,jan,228,1,196,2,failure,no
47,blue-collar,married,primary,no,3180.0,yes,no,cellular,21,nov,150,4,-1,0,unknown,no
46,housemaid,married,primary,no,6486.0,yes,no,cellular,18,nov,139,4,127,4,failure,no
38,entrepreneur,single,tertiary,no,142.5,no,no,cellular,4,feb,255,2,-1,0,unknown,no
61,retired,married,tertiary,no,372.0,yes,yes,cellular,14,jul,78,3,-1,0,unknown,no
67,technician,married,secondary,no,1605.0,no,no,unknown,19,jun,73,1,-1,0,unknown,no
43,blue-collar,single,secondary,no,1881.0,yes,no,cellular,14,apr,584,1,-1,0,unknown,no
41,management,single,tertiary,no,14811.0,yes,no,unknown,23,may,1222,5,-1,0,unknown,no
68,retired,married,unknown,no,1366.5,no,no,cellular,27,aug,178,4,-1,0,unknown,no
49,management,married,tertiary,no,-6.0,no,no,cellular,10,jul,358,1,-1,0,unknown,no
47,admin.,single,secondary,no,46.5,yes,no,cellular,18,may,15,9,-1,0,unknown,no
55,management,divorced,tertiary,no,36897.0,yes,no,unknown,5,may,313,3,-1,0,unknown,no
50,admin.,married,secondary,no,2746.5,no,no,cellular,21,nov,492,2,-1,0,unknown,no
48,technician,divorced,tertiary,no,1186.5,yes,no,unknown,26,may,89,2,-1,0,unknown,no
38,retired,single,secondary,no,1857.0,yes,no,unknown,28,may,252,2,-1,0,unknown,no
60,blue-collar,married,secondary,no,1074.0,yes,no,cellular,5,may,444,2,-1,0,unknown,no
59,technician,divorced,secondary,no,-2320.5,yes,yes,unknown,27,may,492,3,-1,0,unknown,no
42,technician,single,secondary,no,390.0,yes,no,unknown,5,sep,13,1,656,7,other,no
67,blue-collar,married,secondary,no,735.0,yes,no,cellular,18,aug,70,5,-1,0,unknown,no
44,technician,married,secondary,no,1356.0,no,no,cellular,6,feb,199,3,-1,0,unknown,no
43,technician,single,secondary,no,430.5,yes,no,cellular,14,may,97,1,358,8,failure,no
56,retired,married,primary,no,553.5,yes,no,unknown,13,may,916,2,-1,0,unknown,yes
39,unemployed,married,primary,no,958.5,no,yes,cellular,4,feb,358,2,-1,0,unknown,no
55,blue-collar,married,primary,no,406.5,yes,yes,cellular,17,apr,245,1,343,1,failure,no
54,management,single,tertiary,no,5032.5,yes,no,unknown,12,jun,312,2,-1,0,unknown,no
43,admin.,married,tertiary,no,2454.0,yes,yes,cellular,18,nov,62,1,-1,0,unknown,no
56,admin.,married,secondary,no,33.0,yes,no,cellular,7,aug,414,4,-1,0,unknown,no
41,technician,married,secondary,no,42.0,no,no,cellular,21,aug,175,2,-1,0,unknown,no
48,retired,divorced,secondary,no,1971.0,no,no,cellular,29,aug,156,2,-1,0,unknown,no
60,entrepreneur,married,secondary,no,799.5,yes,no,cellular,11,may,171,2,-1,0,unknown,no
44,management,single,tertiary,no,904.5,no,no,cellular,28,aug,787,1,-1,0,unknown,no
31,student,single,secondary,no,1422.0,no,no,telephone,2,feb,77,2,-1,0,unknown,no
42,technician,single,secondary,no,1960.5,yes,no,unknown,28,may,267,2,-1,0,unknown,no
82,retired,married,secondary,no,1693.5,no,no,cellular,25,nov,208,1,91,1,success,yes
37,housemaid,single,secondary,yes,-478.5,no,yes,cellular,30,jul,89,2,-1,0,unknown,no
74,retired,married,tertiary,no,3208.5,no,no,cellular,14,oct,632,2,-1,0,unknown,no
66,unemployed,single,secondary,no,1665.0,no,no,cellular,4,feb,945,2,-1,0,unknown,yes
66,management,married,tertiary,no,325.5,no,yes,cellular,21,jul,121,2,-1,0,unknown,no
40,blue-collar,single,secondary,no,3570.0,no,no,cellular,21,nov,95,3,-1,0,unknown,no
37,technician,married,secondary,no,924.0,yes,no,cellular,5,feb,263,1,-1,0,unknown,no
36,self-employed,single,tertiary,no,1729.5,no,no,cellular,4,may,238,3,-1,0,unknown,no
48,retired,single,tertiary,no,3681.0,yes,no,cellular,14,aug,373,2,-1,0,unknown,no
52,admin.,divorced,secondary,no,735.0,yes,no,cellular,8,nov,212,1,97,5,other,no
40,management,single,tertiary,no,4567.5,no,no,cellular,18,aug,189,7,-1,0,unknown,no
42,management,married,tertiary,no,942.0,no,no,cellular,30,apr,280,1,-1,0,unknown,no
51,services,married,secondary,no,3127.5,yes,no,unknown,26,may,125,4,-1,0,unknown,no
69,management,married,primary,no,4153.5,yes,no,cellular,19,nov,104,1,131,2,failure,no
36,admin.,single,tertiary,no,9.0,yes,no,cellular,5,may,171,1,-1,0,unknown,no
64,technician,single,secondary,no,1155.0,no,no,unknown,17,jun,89,2,-1,0,unknown,no
44,technician,married,tertiary,no,327.0,no,no,cellular,5,aug,109,2,-1,0,unknown,no
70,retired,married,primary,no,0.0,no,no,unknown,1,jul,36,1,-1,0,unknown,no
76,housemaid,married,primary,no,60.0,no,no,telephone,14,oct,290,2,-1,0,unknown,yes
57,blue-collar,married,unknown,no,-517.5,yes,no,unknown,19,may,18,14,-1,0,unknown,no
63,admin.,married,secondary,no,2694.0,no,no,telephone,16,mar,295,1,91,2,success,yes
37,self-employed,single,secondary,no,73.5,yes,no,cellular,30,jan,208,2,-1,0,unknown,no
49,blue-collar,married,secondary,no,0.0,yes,no,cellular,7,may,502,1,7,2,failure,no
43,technician,married,secondary,no,1749.0,no,no,cellular,11,aug,90,3,-1,0,unknown,no
41,blue-collar,single,secondary,no,37.5,no,no,cellular,4,feb,143,1,-1,0,unknown,no
69,unemployed,married,primary,no,20754.0,no,no,telephone,20,nov,733,1,-1,0,unknown,no
50,retired,divorced,primary,no,553.5,no,no,unknown,6,may,79,2,-1,0,unknown,no
40,services,divorced,secondary,no,-141.0,yes,no,cellular,14,jul,41,2,-1,0,unknown,no
59,retired,single,primary,no,757.5,no,no,unknown,9,jun,35,1,-1,0,unknown,no
45,retired,married,secondary,no,5781.0,yes,no,cellular,5,may,131,1,-1,0,unknown,no
80,retired,married,primary,no,7473.0,no,no,cellular,4,may,794,2,-1,0,unknown,no
37,blue-collar,single,secondary,yes,130.5,yes,no,unknown,27,may,43,1,-1,0,unknown,no
50,technician,divorced,secondary,no,3591.0,no,no,unknown,9,jun,75,4,-1,0,unknown,no
52,unemployed,divorced,secondary,no,4048.5,no,no,cellular,8,jul,92,2,-1,0,unknown,no
53,management,married,tertiary,no,23134.5,yes,yes,cellular,21,nov,170,2,-1,0,unknown,no
57,technician,married,tertiary,no,0.0,yes,yes,cellular,30,jul,89,2,-1,0,unknown,no
51,management,married,tertiary,no,-912.0,yes,no,cellular,19,nov,12,6,-1,0,unknown,no
44,services,married,tertiary,no,415.5,yes,no,cellular,17,apr,72,4,-1,0,unknown,no
47,admin.,single,secondary,no,0.0,yes,no,cellular,16,apr,640,2,-1,0,unknown,no
33,services,single,secondary,no,513.0,yes,no,unknown,3,jun,152,6,-1,0,unknown,no
56,blue-collar,married,secondary,no,9127.5,yes,yes,unknown,14,may,311,2,-1,0,unknown,no
63,management,married,tertiary,no,2436.0,no,no,cellular,5,feb,158,3,-1,0,unknown,yes
46,technician,married,tertiary,no,303.0,no,no,cellular,29,jan,313,1,120,3,failure,yes
68,unemployed,married,tertiary,no,1116.0,no,no,telephone,28,jan,38,1,-1,0,unknown,no
49,services,divorced,secondary,no,706.5,yes,no,unknown,6,may,161,2,-1,0,unknown,no
48,services,married,secondary,no,6588.0,no,no,cellular,18,nov,23,2,110,2,failure,no
37,admin.,divorced,secondary,no,0.0,no,yes,cellular,14,jul,227,4,-1,0,unknown,no
47,self-employed,married,tertiary,no,2436.0,yes,no,cellular,20,nov,559,2,-1,0,unknown,no
58,retired,divorced,secondary,no,511.5,no,yes,cellular,5,feb,382,4,-1,0,unknown,no
49,retired,married,secondary,no,688.5,yes,no,unknown,27,may,307,2,-1,0,unknown,no
64,services,single,secondary,no,12433.5,no,no,unknown,26,jun,133,2,-1,0,unknown,no
48,blue-collar,married,primary,no,0.0,yes,no,cellular,17,nov,78,2,193,2,failure,no
50,blue-collar,single,primary,no,220.5,yes,no,cellular,13,may,109,1,-1,0,unknown,no
52,self-employed,married,tertiary,no,0.0,no,no,cellular,28,aug,35,13,-1,0,unknown,no
52,retired,married,unknown,no,1455.0,yes,no,telephone,17,nov,725,1,119,10,success,no
34,admin.,single,secondary,no,1852.5,yes,yes,unknown,30,may,76,3,-1,0,unknown,no
66,unemployed,married,secondary,no,1458.0,no,no,cellular,30,jan,52,2,-1,0,unknown,no
49,management,single,tertiary,yes,-601.5,yes,no,cellular,19,aug,274,4,-1,0,unknown,no
43,technician,divorced,secondary,no,837.0,yes,no,cellular,20,aug,109,3,-1,0,unknown,no
43,blue-collar,married,secondary,no,1057.5,yes,no,cellular,14,may,112,2,-1,0,unknown,no
50,management,married,tertiary,no,982.5,yes,no,unknown,26,may,227,1,-1,0,unknown,no
69,blue-collar,married,primary,no,1048.5,no,no,cellular,28,jan,98,1,154,6,failure,no
72,retired,married,secondary,no,6912.0,no,no,cellular,14,sep,706,1,186,1,success,no
49,unemployed,married,tertiary,no,17680.5,no,no,unknown,16,jun,104,4,-1,0,unknown,no
51,retired,married,secondary,no,-459.0,yes,no,unknown,15,may,500,1,-1,0,unknown,yes
39,retired,single,tertiary,no,838.5,no,no,telephone,27,may,86,4,-1,0,unknown,no
42,management,married,secondary,no,21916.5,yes,no,cellular,17,jul,67,1,-1,0,unknown,no
52,blue-collar,divorced,secondary,no,2730.0,yes,no,unknown,28,may,202,2,-1,0,unknown,no
53,management,married,tertiary,no,3150.0,yes,no,cellular,21,nov,105,1,-1,0,unknown,no
69,retired,divorced,primary,no,3774.0,no,no,unknown,17,jun,404,1,-1,0,unknown,no
43,housemaid,married,secondary,no,1219.5,no,no,telephone,18,aug,331,2,-1,0,unknown,no
67,technician,divorced,secondary,no,148.5,yes,no,cellular,11,may,133,2,370,2,failure,no
44,blue-collar,single,secondary,no,1174.5,yes,no,cellular,4,feb,142,1,-1,0,unknown,no
42,blue-collar,married,secondary,no,225.0,no,no,cellular,5,feb,210,1,-1,0,unknown,no
51,unemployed,married,secondary,no,151.5,yes,no,cellular,11,may,275,1,-1,0,unknown,no
52,blue-collar,married,primary,no,1071.0,yes,no,unknown,21,may,18,28,-1,0,unknown,no
30,student,single,primary,no,0.0,no,no,cellular,2,nov,69,4,182,4,failure,no
41,technician,single,tertiary,no,165.0,no,no,cellular,21,aug,238,4,-1,0,unknown,no
44,management,married,tertiary,no,0.0,no,yes,cellular,14,jul,105,3,-1,0,unknown,no
46,blue-collar,married,secondary,no,519.0,yes,no,unknown,5,jun,202,1,-1,0,unknown,no
52,technician,married,tertiary,no,1135.5,no,no,cellular,10,feb,154,1,-1,0,unknown,yes
47,retired,single,secondary,no,201.0,yes,no,unknown,8,may,200,1,-1,0,unknown,no
44,blue-collar,married,primary,no,150.0,yes,yes,unknown,28,may,74,3,-1,0,unknown,no
29,student,single,secondary,no,436.5,no,no,telephone,5,may,291,5,-1,0,unknown,no
68,technician,married,tertiary,no,498.0,no,no,cellular,5,aug,371,3,-1,0,unknown,no
56,admin.,married,secondary,no,2155.5,yes,no,cellular,12,may,49,1,-1,0,unknown,no
57,technician,married,secondary,no,25809.0,yes,no,cellular,19,aug,125,4,-1,0,unknown,no
50,management,married,secondary,no,10042.5,yes,no,cellular,6,feb,297,1,252,1,failure,no
65,retired,divorced,secondary,yes,1.5,yes,no,unknown,5,may,208,1,-1,0,unknown,no
46,blue-collar,divorced,primary,no,829.5,no,no,unknown,17,jun,19,4,-1,0,unknown,no
52,retired,married,tertiary,no,4158.0,yes,no,cellular,2,apr,244,1,-1,0,unknown,no
55,retired,married,unknown,no,477.0,no,no,cellular,16,jul,63,2,-1,0,unknown,no
40,management,single,tertiary,no,520.5,no,no,cellular,22,aug,229,2,-1,0,unknown,no
45,blue-collar,single,primary,no,135.0,yes,no,unknown,23,may,203,1,-1,0,unknown,no
41,management,married,tertiary,yes,0.0,no,no,cellular,14,jul,118,4,-1,0,unknown,no
60,services,married,secondary,no,4434.0,yes,no,unknown,14,may,686,1,-1,0,unknown,no
38,retired,married,secondary,no,1435.5,yes,yes,unknown,12,may,646,3,-1,0,unknown,no
59,services,married,secondary,no,2244.0,yes,no,unknown,7,may,218,4,-1,0,unknown,no
38,retired,married,primary,no,7.5,no,no,cellular,28,jan,30,1,-1,0,unknown,no
69,blue-collar,married,primary,no,-136.5,yes,no,cellular,13,may,239,1,369,5,failure,no
46,blue-collar,married,secondary,no,208.5,yes,no,unknown,6,may,309,2,-1,0,unknown,no
59,technician,married,secondary,no,18796.5,no,no,cellular,13,aug,77,8,-1,0,unknown,no
54,blue-collar,married,primary,no,1123.5,yes,no,unknown,16,jun,424,2,-1,0,unknown,no
45,management,married,tertiary,no,1162.5,no,no,unknown,27,jul,9,1,-1,0,unknown,no
47,admin.,married,secondary,no,148.5,yes,no,unknown,29,may,113,2,-1,0,unknown,no
68,management,married,tertiary,no,709.5,no,no,cellular,18,feb,1109,1,262,1,success,yes
57,admin.,married,secondary,no,5940.0,yes,no,unknown,13,may,110,1,-1,0,unknown,no
63,retired,married,secondary,no,108.0,yes,yes,telephone,11,may,22,1,-1,0,unknown,no
42,management,married,tertiary,no,423.0,no,no,cellular,22,aug,92,2,-1,0,unknown,no
38,management,single,tertiary,no,1629.0,yes,no,unknown,29,may,128,2,-1,0,unknown,no
47,blue-collar,divorced,secondary,no,208.5,yes,no,unknown,7,may,71,1,-1,0,unknown,no
78,retired,divorced,secondary,no,375.0,no,no,cellular,3,feb,360,1,-1,0,unknown,yes
36,services,single,tertiary,no,2436.0,yes,yes,unknown,28,may,438,1,-1,0,unknown,no
68,self-employed,married,tertiary,no,876.0,yes,no,cellular,14,aug,124,3,-1,0,unknown,no
47,retired,married,tertiary,no,39.0,no,no,cellular,16,apr,114,4,-1,0,unknown,no
65,retired,married,secondary,no,693.0,no,no,cellular,11,aug,116,2,-1,0,unknown,no
47,blue-collar,married,primary,no,1579.5,yes,no,unknown,29,may,194,2,-1,0,unknown,no
56,entrepreneur,married,unknown,no,6.0,no,yes,cellular,31,jul,171,4,-1,0,unknown,no
54,retired,divorced,secondary,no,979.5,no,no,cellular,17,nov,475,1,-1,0,unknown,no
64,unknown,married,secondary,no,3309.0,no,no,cellular,11,feb,449,1,91,3,success,yes
48,management,married,tertiary,no,1834.5,no,no,cellular,12,aug,1092,5,-1,0,unknown,yes
67,services,divorced,unknown,no,2815.5,yes,no,cellular,14,apr,225,4,319,1,failure,no
62,technician,married,secondary,no,1395.0,yes,no,unknown,2,jun,94,16,-1,0,unknown,no
34,technician,single,secondary,no,1851.0,no,no,cellular,27,may,480,2,-1,0,unknown,no
40,technician,single,secondary,no,777.0,yes,no,unknown,2,jun,21,1,-1,0,unknown,no
65,blue-collar,married,secondary,no,966.0,no,no,cellular,21,aug,42,3,-1,0,unknown,no
47,services,married,secondary,no,481.5,yes,no,cellular,11,may,222,2,300,2,failure,no
50,admin.,married,secondary,no,676.5,yes,yes,unknown,29,may,257,1,-1,0,unknown,no
63,entrepreneur,married,primary,no,1414.5,yes,yes,unknown,5,jun,314,2,-1,0,unknown,no
48,management,single,tertiary,no,0.0,yes,no,cellular,17,nov,213,2,-1,0,unknown,no
44,self-employed,married,tertiary,no,2317.5,yes,no,cellular,20,nov,895,1,183,2,failure,no
39,services,married,secondary,no,564.0,no,yes,telephone,28,jan,49,3,183,4,failure,no
37,admin.,married,secondary,no,4740.0,yes,no,cellular,5,may,209,5,343,1,failure,no
46,admin.,single,secondary,no,20547.0,no,no,unknown,9,jun,136,1,-1,0,unknown,no
56,management,divorced,tertiary,no,936.0,no,no,cellular,18,mar,420,1,276,1,other,yes
68,housemaid,divorced,primary,no,0.0,no,no,unknown,18,jun,290,2,-1,0,unknown,no
48,management,married,unknown,no,819.0,yes,no,cellular,7,may,437,3,351,2,failure,no
67,blue-collar,divorced,secondary,no,2692.5,yes,no,unknown,19,jun,818,1,-1,0,unknown,no
42,retired,married,tertiary,no,138.0,no,no,unknown,3,jul,116,1,-1,0,unknown,no
58,services,married,secondary,no,-165.0,yes,no,cellular,20,apr,97,2,321,2,other,no
57,housemaid,married,tertiary,no,342.0,yes,no,cellular,17,nov,80,1,118,1,failure,no
64,services,divorced,primary,no,351.0,yes,no,unknown,15,may,140,3,-1,0,unknown,no
58,retired,single,tertiary,no,217.5,yes,no,unknown,26,may,14,38,-1,0,unknown,no
43,retired,single,secondary,no,3721.5,no,no,cellular,12,aug,104,2,-1,0,unknown,no
68,retired,single,secondary,no,-237.0,yes,no,cellular,5,feb,55,1,8,1,other,no
41,management,single,tertiary,no,87.0,no,no,cellular,29,aug,207,2,-1,0,unknown,no
52,admin.,married,secondary,no,4377.0,yes,no,unknown,15,may,349,2,-1,0,unknown,no
57,admin.,divorced,secondary,no,832.5,yes,yes,telephone,17,oct,478,1,-1,0,unknown,yes
55,technician,married,secondary,no,958.5,yes,no,unknown,13,may,192,1,-1,0,unknown,no
61,technician,married,secondary,no,-288.0,yes,no,telephone,11,jul,57,1,-1,0,unknown,no
50,entrepreneur,married,tertiary,no,2593.5,yes,no,cellular,12,may,85,1,-1,0,unknown,no
41,services,single,secondary,yes,102.0,yes,no,unknown,9,may,169,2,-1,0,unknown,no
52,blue-collar,married,secondary,no,4369.5,no,no,cellular,3,jun,705,1,195,1,failure,yes
40,retired,single,secondary,no,232.5,yes,yes,cellular,9,jul,1426,3,-1,0,unknown,yes
41,management,married,tertiary,no,805.5,yes,no,cellular,18,aug,216,1,-1,0,unknown,yes
40,retired,single,tertiary,no,2358.0,no,no,cellular,28,jan,200,1,-1,0,unknown,no
40,unemployed,single,secondary,no,118.5,no,yes,cellular,24,jul,169,1,-1,0,unknown,no
39,blue-collar,single,primary,no,514.5,no,no,cellular,4,jul,39,2,-1,0,unknown,no
43,management,married,tertiary,no,465.0,no,no,cellular,29,aug,179,2,-1,0,unknown,no
69,admin.,married,secondary,no,5602.5,no,no,cellular,18,mar,203,4,121,2,failure,yes
52,technician,married,secondary,no,5251.5,no,no,cellular,28,aug,23,22,-1,0,unknown,no
56,self-employed,married,secondary,no,-1224.0,yes,yes,cellular,15,may,68,1,-1,0,unknown,no
35,management,single,tertiary,no,1888.5,no,no,cellular,12,mar,85,1,-1,0,unknown,no
33,retired,single,secondary,no,127.5,yes,no,unknown,19,may,109,2,-1,0,unknown,no
73,retired,married,unknown,no,2773.5,no,no,cellular,25,feb,125,6,177,2,failure,no
46,blue-collar,single,secondary,no,688.5,yes,yes,cellular,20,apr,305,2,-1,0,unknown,no
48,self-employed,married,secondary,no,1104.0,yes,no,unknown,20,may,775,1,-1,0,unknown,no
68,management,divorced,tertiary,no,520.5,no,no,unknown,15,may,525,1,-1,0,unknown,no
36,technician,single,tertiary,no,378.0,yes,no,cellular,29,jan,187,1,-1,0,unknown,no
67,technician,married,secondary,no,14533.5,yes,no,unknown,20,jun,313,1,-1,0,unknown,no
45,management,married,tertiary,no,654.0,no,yes,cellular,28,jan,507,1,184,4,failure,no
44,retired,divorced,secondary,no,388.5,no,no,cellular,11,aug,316,2,-1,0,unknown,no
49,admin.,married,secondary,no,897.0,yes,no,unknown,15,may,444,1,-1,0,unknown,no
68,retired,married,secondary,no,-40.5,no,yes,telephone,31,jul,77,13,-1,0,unknown,no
46,admin.,married,secondary,no,196.5,yes,no,cellular,2,feb,83,1,-1,0,unknown,no
47,blue-collar,married,secondary,no,228.0,yes,no,unknown,26,may,159,3,-1,0,unknown,no
61,retired,married,secondary,no,334.5,no,no,cellular,6,aug,132,3,-1,0,unknown,no
40,management,married,tertiary,no,823.5,no,no,cellular,28,aug,59,8,-1,0,unknown,no
57,technician,married,tertiary,no,3612.0,no,no,cellular,30,apr,376,1,-1,0,unknown,yes
41,management,single,tertiary,no,462.0,yes,yes,cellular,28,jan,262,2,268,2,other,no
41,services,single,secondary,no,-307.5,no,no,cellular,1,sep,481,1,579,1,failure,yes
42,management,single,tertiary,no,234.0,yes,no,unknown,3,jun,81,6,-1,0,unknown,no
46,unemployed,married,tertiary,no,10833.0,yes,no,cellular,4,nov,116,4,154,1,failure,no
50,technician,single,secondary,no,12388.5,no,no,cellular,8,aug,254,4,-1,0,unknown,no
46,management,single,secondary,no,0.0,no,no,cellular,13,aug,333,5,-1,0,unknown,no
58,technician,divorced,tertiary,no,124.5,no,yes,cellular,19,aug,243,6,-1,0,unknown,no
38,admin.,married,secondary,no,-301.5,yes,no,unknown,12,may,286,4,-1,0,unknown,no
48,management,married,tertiary,no,4086.0,yes,no,unknown,16,may,177,4,-1,0,unknown,no
65,retired,married,secondary,no,1446.0,no,no,cellular,3,feb,66,3,-1,0,unknown,no
32,technician,single,secondary,no,81.0,yes,yes,unknown,8,may,626,6,-1,0,unknown,no
50,blue-collar,married,unknown,no,1311.0,no,no,unknown,14,may,75,1,-1,0,unknown,no
34,retired,single,tertiary,no,4795.5,no,no,cellular,22,may,172,1,-1,0,unknown,no
50,services,single,secondary,no,2320.5,yes,no,cellular,12,may,88,2,173,1,success,no
37,management,married,tertiary,no,1203.0,no,no,cellular,22,sep,569,1,-1,0,unknown,yes
54,blue-collar,single,secondary,no,414.0,yes,no,unknown,29,jun,13,1,411,6,failure,no
42,technician,married,secondary,no,513.0,yes,no,cellular,29,jul,146,3,-1,0,unknown,no
53,technician,married,secondary,no,1491.0,yes,yes,cellular,5,may,51,1,-1,0,unknown,no
46,retired,married,tertiary,no,2028.0,no,no,unknown,19,jun,2028,1,-1,0,unknown,yes
40,technician,single,secondary,no,4173.0,no,no,cellular,14,aug,205,2,-1,0,unknown,no
57,blue-collar,married,secondary,no,3642.0,yes,no,cellular,20,nov,9,6,177,16,other,no
41,management,single,tertiary,no,531.0,no,no,cellular,30,apr,502,1,9,2,success,yes
65,retired,married,secondary,no,-369.0,no,yes,cellular,8,jul,305,2,-1,0,unknown,no
45,student,divorced,primary,no,4132.5,yes,no,cellular,14,may,177,2,345,3,other,no
36,retired,single,tertiary,no,288.0,yes,no,unknown,15,may,477,1,-1,0,unknown,no
40,technician,married,tertiary,no,846.0,yes,no,cellular,11,aug,166,2,-1,0,unknown,no
70,retired,divorced,tertiary,no,570.0,no,no,cellular,21,jul,219,1,-1,0,unknown,no
66,retired,married,secondary,no,981.0,no,yes,cellular,7,aug,93,4,-1,0,unknown,no
49,technician,married,secondary,no,-108.0,yes,no,unknown,26,may,207,2,-1,0,unknown,no
43,technician,married,tertiary,no,12034.5,no,no,cellular,25,feb,196,1,87,4,failure,no
40,unemployed,single,secondary,no,1587.0,no,no,cellular,4,feb,515,1,-1,0,unknown,no
48,retired,married,primary,no,10507.5,yes,no,cellular,7,jul,370,1,412,1,failure,yes
43,retired,married,tertiary,no,2023.5,yes,no,unknown,21,may,120,1,-1,0,unknown,no
68,management,married,tertiary,no,0.0,no,no,cellular,28,aug,24,9,-1,0,unknown,no
45,services,married,secondary,no,0.0,yes,no,cellular,18,may,146,2,-1,0,unknown,no
49,housemaid,married,secondary,no,949.5,no,no,unknown,9,jun,233,1,-1,0,unknown,no
44,blue-collar,married,secondary,no,1024.5,yes,no,unknown,14,may,245,2,-1,0,unknown,no
39,blue-collar,single,secondary,no,393.0,yes,no,cellular,20,apr,130,2,-1,0,unknown,no
57,housemaid,married,secondary,no,0.0,yes,no,telephone,24,jul,193,1,-1,0,unknown,no
58,admin.,divorced,secondary,no,1662.0,yes,no,unknown,15,may,420,1,-1,0,unknown,no
55,retired,married,tertiary,no,427.5,no,no,cellular,25,aug,202,7,-1,0,unknown,no
43,technician,married,secondary,no,0.0,yes,yes,cellular,4,feb,154,2,-1,0,unknown,no
62,management,divorced,tertiary,no,0.0,no,no,cellular,4,feb,74,1,-1,0,unknown,no
52,admin.,married,secondary,no,2175.0,no,no,cellular,11,may,489,2,174,1,other,no
52,blue-collar,married,primary,no,1248.0,no,no,unknown,20,jun,13,14,-1,0,unknown,no
62,management,married,unknown,no,2562.0,no,no,telephone,23,jun,193,1,145,3,failure,no
48,blue-collar,divorced,secondary,no,1330.5,yes,no,cellular,7,may,722,1,-1,0,unknown,no
48,technician,single,tertiary,no,331.5,no,no,cellular,20,aug,79,3,-1,0,unknown,no
54,housemaid,married,secondary,no,39.0,yes,no,cellular,23,jul,952,2,-1,0,unknown,no
40,blue-collar,married,secondary,no,250.5,yes,no,cellular,10,jul,255,1,-1,0,unknown,yes
44,blue-collar,married,secondary,no,2176.5,yes,no,cellular,9,apr,765,3,-1,0,unknown,no
34,blue-collar,married,secondary,no,141.0,yes,no,unknown,12,may,166,2,-1,0,unknown,no
62,admin.,divorced,secondary,no,196.5,yes,yes,unknown,13,may,145,1,-1,0,unknown,no
55,blue-collar,married,secondary,no,118.5,yes,no,cellular,25,jul,98,1,-1,0,unknown,no
63,admin.,married,secondary,no,688.5,no,no,cellular,5,apr,558,1,-1,0,unknown,yes
58,management,divorced,tertiary,no,642.0,yes,no,cellular,4,may,347,2,167,2,failure,no
58,management,married,secondary,no,6622.5,yes,no,cellular,8,aug,148,6,-1,0,unknown,no
42,technician,married,secondary,no,-136.5,yes,no,unknown,26,may,95,2,-1,0,unknown,no
40,entrepreneur,single,primary,no,4224.0,yes,no,cellular,21,nov,71,1,-1,0,unknown,no
43,self-employed,married,tertiary,no,946.5,no,no,cellular,20,nov,51,2,-1,0,unknown,no
60,services,married,primary,no,-22.5,no,yes,unknown,2,jul,71,1,-1,0,unknown,no
68,retired,married,primary,no,114.0,yes,no,telephone,18,may,54,4,-1,0,unknown,no
47,blue-collar,married,secondary,no,4272.0,yes,no,cellular,16,apr,280,2,147,3,failure,no
62,technician,divorced,tertiary,yes,-1521.0,no,yes,cellular,7,jul,154,1,-1,0,unknown,no
56,retired,divorced,tertiary,no,1945.5,no,no,cellular,11,aug,716,3,-1,0,unknown,yes
41,admin.,single,secondary,no,2061.0,yes,no,cellular,18,may,290,2,370,1,failure,no
59,retired,married,primary,no,-94.5,yes,no,unknown,14,may,416,2,-1,0,unknown,no
55,blue-collar,married,primary,no,3784.5,yes,no,cellular,13,may,110,4,-1,0,unknown,no
75,retired,married,primary,no,2640.0,no,no,cellular,18,aug,855,4,-1,0,unknown,yes
38,management,single,tertiary,no,346.5,yes,yes,cellular,25,jul,568,2,-1,0,unknown,no
56,technician,married,secondary,no,5151.0,no,yes,cellular,8,jun,148,2,101,1,success,yes
61,unemployed,married,secondary,no,1140.0,yes,no,unknown,14,may,411,1,-1,0,unknown,no
54,blue-collar,married,tertiary,no,3277.5,yes,no,unknown,16,may,698,1,-1,0,unknown,no
47,management,married,tertiary,no,867.0,yes,no,cellular,8,aug,401,4,-1,0,unknown,no
64,retired,married,secondary,no,709.5,no,yes,cellular,2,nov,182,1,81,1,failure,yes
49,retired,married,tertiary,no,6559.5,yes,no,cellular,13,aug,78,6,-1,0,unknown,no
52,technician,married,secondary,no,3228.0,no,no,cellular,1,oct,161,1,92,6,failure,no
41,blue-collar,single,secondary,no,3139.5,no,no,cellular,7,jul,103,1,-1,0,unknown,no
59,technician,divorced,secondary,no,-58.5,yes,yes,cellular,24,jul,147,3,-1,0,unknown,no
62,management,married,secondary,no,327.0,yes,no,unknown,2,jun,490,12,-1,0,unknown,no
61,management,married,tertiary,no,0.0,no,no,unknown,7,jun,302,1,-1,0,unknown,yes
54,management,single,tertiary,no,1063.5,yes,no,cellular,19,nov,54,1,-1,0,unknown,no
38,services,single,secondary,no,4488.0,yes,no,cellular,30,jan,337,4,-1,0,unknown,no
62,retired,married,secondary,no,-360.0,no,no,cellular,19,aug,392,3,-1,0,unknown,no
54,blue-collar,married,primary,no,918.0,yes,yes,cellular,19,nov,131,1,-1,0,unknown,no
48,blue-collar,single,secondary,no,867.0,yes,no,unknown,21,may,112,2,-1,0,unknown,no
70,retired,married,tertiary,no,16291.5,no,no,cellular,10,aug,419,2,-1,0,unknown,no
62,housemaid,married,secondary,no,1773.0,yes,no,cellular,18,nov,103,1,-1,0,unknown,no
42,technician,single,secondary,no,7807.5,no,no,cellular,20,nov,352,1,-1,0,unknown,no
51,admin.,divorced,secondary,no,405.0,yes,no,unknown,5,may,222,1,-1,0,unknown,no
53,admin.,married,secondary,no,279.0,no,yes,cellular,31,jul,32,21,-1,0,unknown,no
66,blue-collar,married,primary,no,826.5,no,no,unknown,29,may,27,1,-1,0,unknown,no
39,management,single,tertiary,no,280.5,yes,no,cellular,28,jan,154,2,555,2,failure,no
50,entrepreneur,married,secondary,no,0.0,yes,no,cellular,30,jul,106,23,-1,0,unknown,no
51,blue-collar,married,primary,no,387.0,yes,no,unknown,7,may,252,1,-1,0,unknown,no
65,admin.,married,secondary,no,274.5,yes,no,unknown,6,may,150,1,-1,0,unknown,no
55,retired,divorced,secondary,no,1801.5,no,no,cellular,30,jul,652,2,-1,0,unknown,no
46,retired,married,secondary,no,627.0,yes,yes,cellular,13,may,132,2,-1,0,unknown,no
67,retired,married,secondary,no,1183.5,no,no,unknown,19,jun,2635,3,-1,0,unknown,no
53,management,married,tertiary,no,262.5,yes,no,cellular,17,apr,129,4,337,1,other,no
66,retired,divorced,secondary,no,1041.0,no,no,cellular,29,jan,144,1,102,1,other,yes
42,management,married,tertiary,no,5544.0,no,no,unknown,21,may,315,3,-1,0,unknown,no
63,management,married,tertiary,no,348.0,yes,no,telephone,29,jan,32,1,-1,0,unknown,no
48,technician,married,secondary,no,0.0,no,no,cellular,8,jul,635,1,-1,0,unknown,yes
61,unemployed,married,secondary,no,2640.0,no,yes,cellular,19,nov,162,1,-1,0,unknown,no
77,management,married,tertiary,no,607.5,no,no,cellular,7,aug,345,2,-1,0,unknown,yes
57,retired,married,secondary,yes,-891.0,yes,yes,cellular,7,jul,100,4,-1,0,unknown,no
45,admin.,single,secondary,no,309.0,yes,no,cellular,30,apr,144,2,-1,0,unknown,no
53,management,married,unknown,no,0.0,yes,no,unknown,5,may,105,2,-1,0,unknown,no
48,retired,married,tertiary,no,1347.0,yes,no,cellular,20,nov,80,5,198,2,failure,no
41,retired,single,unknown,no,280.5,no,no,cellular,17,jul,86,1,-1,0,unknown,no
59,services,married,secondary,no,406.5,yes,yes,cellular,12,may,541,2,330,2,other,no
55,blue-collar,single,secondary,yes,0.0,no,yes,cellular,16,jul,154,2,-1,0,unknown,no
66,retired,married,tertiary,no,8653.5,no,no,unknown,20,jun,15,3,-1,0,unknown,no
42,self-employed,married,primary,no,153.0,yes,no,cellular,18,jul,560,1,-1,0,unknown,yes
42,services,single,secondary,no,537.0,yes,no,unknown,16,may,1144,3,-1,0,unknown,no
67,retired,married,secondary,no,-55.5,no,yes,cellular,7,jul,354,1,-1,0,unknown,no
47,management,married,secondary,no,2259.0,no,no,cellular,2,nov,101,3,80,3,success,no
41,technician,single,secondary,no,4269.0,no,no,cellular,8,aug,174,3,-1,0,unknown,no
42,blue-collar,married,secondary,no,5271.0,yes,no,unknown,20,may,226,2,-1,0,unknown,no
47,management,married,tertiary,no,5761.5,no,no,cellular,11,jul,69,2,-1,0,unknown,no
61,technician,single,secondary,no,12807.0,yes,no,cellular,11,aug,126,2,-1,0,unknown,no
40,management,single,tertiary,no,14451.0,no,no,cellular,12,aug,781,5,-1,0,unknown,no
41,blue-collar,married,secondary,no,1345.5,yes,no,unknown,20,may,26,2,-1,0,unknown,no
38,blue-collar,single,secondary,no,2773.5,yes,no,unknown,28,may,204,1,-1,0,unknown,no
33,services,single,secondary,no,732.0,no,no,cellular,29,jun,205,1,91,3,success,yes
41,retired,single,tertiary,no,2241.0,no,no,cellular,13,aug,275,12,-1,0,unknown,no
46,blue-collar,married,secondary,no,193.5,yes,no,cellular,12,may,183,4,-1,0,unknown,no
56,management,single,tertiary,no,201.0,no,no,cellular,29,aug,40,2,-1,0,unknown,no
60,admin.,married,secondary,no,819.0,no,no,cellular,28,jul,82,6,-1,0,unknown,no
46,blue-collar,divorced,secondary,no,957.0,yes,no,unknown,16,jun,1395,2,-1,0,unknown,yes
64,admin.,married,secondary,no,4402.5,yes,yes,cellular,17,nov,137,2,-1,0,unknown,no
44,blue-collar,single,primary,no,0.0,yes,no,unknown,8,may,323,1,-1,0,unknown,no
53,entrepreneur,married,tertiary,no,315.0,no,no,cellular,29,jul,646,2,-1,0,unknown,no
62,retired,married,tertiary,no,1213.5,no,no,cellular,4,aug,121,1,-1,0,unknown,no
42,retired,married,tertiary,no,2953.5,no,no,cellular,18,aug,271,8,-1,0,unknown,no
47,self-employed,married,secondary,no,622.5,yes,no,cellular,21,nov,249,4,-1,0,unknown,no
37,admin.,married,secondary,no,199.5,yes,yes,unknown,9,may,338,4,-1,0,unknown,no
57,services,married,secondary,no,0.0,yes,no,cellular,9,jul,289,1,-1,0,unknown,no
46,services,married,primary,no,619.5,yes,no,telephone,18,nov,84,1,-1,0,unknown,no
66,admin.,divorced,secondary,no,-643.5,no,yes,cellular,23,jul,229,4,-1,0,unknown,no
36,student,single,tertiary,no,3.0,no,no,cellular,10,aug,121,1,102,2,failure,no
46,retired,single,tertiary,no,1470.0,no,no,cellular,1,feb,343,2,95,2,failure,no
43,retired,married,primary,no,7.5,yes,no,cellular,17,apr,1007,2,-1,0,unknown,yes
41,management,married,tertiary,no,535.5,yes,no,cellular,13,apr,201,2,228,5,failure,no
69,management,married,tertiary,no,3358.5,no,no,cellular,20,aug,377,6,90,1,success,yes
83,retired,married,unknown,no,1108.5,no,no,cellular,11,sep,210,1,-1,0,unknown,yes
44,services,single,secondary,no,0.0,yes,no,cellular,17,apr,112,1,332,3,failure,no
45,blue-collar,married,secondary,no,540.0,yes,no,telephone,20,apr,24,1,152,3,failure,no
43,technician,single,secondary,no,729.0,yes,no,unknown,23,may,363,2,-1,0,unknown,no
51,blue-collar,married,secondary,no,1170.0,yes,no,cellular,15,may,432,3,-1,0,unknown,no
40,admin.,married,tertiary,no,39.0,yes,no,cellular,16,apr,62,1,323,1,failure,no
41,technician,single,secondary,no,0.0,yes,no,cellular,11,may,163,1,370,1,failure,no
60,technician,married,secondary,no,1167.0,no,no,cellular,23,jul,16,1,-1,0,unknown,no
69,management,married,secondary,no,180.0,no,yes,cellular,17,jul,102,2,-1,0,unknown,no
45,technician,married,tertiary,no,2481.0,no,no,cellular,7,aug,169,2,-1,0,unknown,no
46,technician,single,secondary,no,11254.5,yes,no,telephone,5,may,193,1,335,1,failure,no
62,technician,married,tertiary,no,784.5,yes,yes,cellular,8,jul,113,1,-1,0,unknown,no
39,retired,single,tertiary,no,277.5,yes,no,unknown,7,may,141,3,-1,0,unknown,no
65,retired,divorced,tertiary,no,721.5,yes,no,telephone,8,may,147,2,298,3,failure,no
62,blue-collar,married,secondary,no,949.5,yes,no,cellular,14,may,292,1,-1,0,unknown,no
38,technician,single,tertiary,no,558.0,yes,yes,cellular,15,may,201,3,294,2,success,no
37,retired,single,secondary,no,174.0,no,no,cellular,30,jan,46,1,-1,0,unknown,no
49,self-employed,married,tertiary,no,-4587.0,yes,yes,cellular,17,apr,882,3,-1,0,unknown,yes
55,blue-collar,married,primary,no,3522.0,yes,no,cellular,17,apr,492,1,148,1,other,no
63,technician,married,secondary,no,12625.5,yes,no,unknown,14,may,435,1,-1,0,unknown,no
61,services,married,secondary,no,15225.0,yes,no,cellular,26,aug,157,5,-1,0,unknown,no
41,blue-collar,single,secondary,no,1060.5,yes,no,cellular,18,may,52,2,-1,0,unknown,no
55,retired,married,secondary,no,-99.0,yes,no,unknown,6,may,263,2,-1,0,unknown,no
54,retired,divorced,secondary,no,1473.0,yes,no,unknown,20,may,650,3,-1,0,unknown,yes
48,technician,married,secondary,no,1.5,yes,no,cellular,21,nov,57,5,199,1,success,no
59,admin.,divorced,secondary,no,-304.5,yes,no,unknown,27,may,364,2,-1,0,unknown,no
51,blue-collar,married,primary,no,726.0,yes,no,cellular,7,jul,321,3,-1,0,unknown,no
40,blue-collar,single,primary,no,106.5,yes,no,unknown,19,may,122,6,-1,0,unknown,no
39,technician,single,secondary,no,105.0,yes,yes,cellular,14,may,400,2,-1,0,unknown,no
61,retired,married,secondary,no,1080.0,no,no,cellular,7,jul,160,5,-1,0,unknown,no
59,technician,divorced,tertiary,no,894.0,yes,no,telephone,15,sep,722,1,-1,0,unknown,yes
49,blue-collar,single,secondary,no,2950.5,no,no,unknown,18,jun,156,9,-1,0,unknown,no
47,retired,married,tertiary,no,4854.0,no,no,cellular,20,may,291,2,202,5,other,yes
59,technician,married,secondary,no,0.0,yes,no,cellular,19,nov,102,2,-1,0,unknown,no
45,admin.,married,secondary,no,0.0,yes,no,telephone,17,nov,84,1,-1,0,unknown,no
51,blue-collar,married,secondary,no,1384.5,yes,no,unknown,14,may,249,2,-1,0,unknown,no
61,blue-collar,married,secondary,no,595.5,yes,no,cellular,20,aug,293,2,-1,0,unknown,no
57,technician,married,secondary,no,5278.5,no,yes,telephone,22,may,152,1,-1,0,unknown,no
39,management,single,tertiary,no,1311.0,yes,no,cellular,16,mar,231,1,181,2,success,yes
67,housemaid,married,secondary,no,1954.5,no,no,cellular,25,aug,83,4,-1,0,unknown,no
43,retired,married,secondary,no,793.5,yes,no,unknown,28,may,198,3,-1,0,unknown,no
71,admin.,married,unknown,no,6943.5,yes,no,cellular,27,jan,181,1,92,1,success,yes
61,retired,married,secondary,no,0.0,yes,no,cellular,11,oct,146,4,-1,0,unknown,no
46,management,married,tertiary,no,0.0,yes,no,cellular,22,jul,99,1,-1,0,unknown,no
52,management,married,tertiary,no,41544.0,no,no,cellular,11,aug,370,1,91,7,success,yes
38,blue-collar,single,secondary,no,-312.0,yes,no,cellular,15,may,136,3,359,2,failure,no
65,blue-collar,married,primary,no,2205.0,no,no,telephone,28,jan,85,2,-1,0,unknown,no
44,admin.,single,secondary,no,399.0,yes,no,cellular,6,apr,437,2,-1,0,unknown,no
42,retired,single,secondary,no,600.0,no,no,cellular,4,may,268,3,-1,0,unknown,yes
64,management,married,tertiary,no,1215.0,no,no,cellular,5,aug,156,1,-1,0,unknown,no
64,retired,married,secondary,yes,0.0,yes,no,unknown,6,may,138,3,-1,0,unknown,no
58,technician,married,secondary,no,2908.5,yes,yes,cellular,6,aug,163,2,-1,0,unknown,no
51,retired,single,secondary,no,-480.0,yes,no,unknown,9,may,128,1,-1,0,unknown,no
43,blue-collar,married,secondary,no,-195.0,yes,no,cellular,22,jul,124,2,-1,0,unknown,no
46,technician,single,secondary,no,0.0,no,no,cellular,21,aug,42,1,-1,0,unknown,no
37,blue-collar,single,primary,no,1.5,no,no,cellular,3,feb,10,6,-1,0,unknown,no
45,management,single,tertiary,no,6.0,yes,no,unknown,30,may,449,1,-1,0,unknown,no
69,retired,married,tertiary,no,2137.5,no,no,cellular,10,aug,489,2,102,1,success,no
40,admin.,married,secondary,no,322.5,no,yes,cellular,4,jul,95,2,-1,0,unknown,no
53,services,divorced,secondary,no,8356.5,no,no,unknown,9,jun,149,1,-1,0,unknown,no
37,blue-collar,single,secondary,no,-868.5,yes,no,cellular,18,may,220,1,367,3,failure,no
58,admin.,married,secondary,no,552.0,no,no,cellular,8,oct,363,2,140,7,success,yes
62,retired,married,secondary,no,-1338.0,yes,no,cellular,13,aug,295,2,-1,0,unknown,no
43,admin.,divorced,secondary,no,991.5,yes,no,cellular,18,nov,411,1,173,2,other,no
41,retired,married,secondary,no,82.5,no,no,cellular,7,aug,124,3,-1,0,unknown,no
46,management,single,tertiary,no,-232.5,yes,no,cellular,29,jan,94,1,-1,0,unknown,no
65,admin.,married,secondary,no,2449.5,no,no,cellular,11,jan,210,1,192,2,success,yes
59,technician,single,secondary,no,171.0,no,no,cellular,29,aug,12,6,-1,0,unknown,no
38,self-employed,single,secondary,no,-592.5,yes,no,unknown,30,jun,141,4,-1,0,unknown,no
57,technician,married,primary,no,352.5,no,no,cellular,2,mar,136,2,203,1,other,yes
44,management,married,tertiary,no,865.5,yes,no,cellular,20,apr,243,2,153,1,failure,no
39,admin.,married,secondary,no,580.5,yes,yes,unknown,14,may,49,1,-1,0,unknown,no
42,retired,single,secondary,no,238.5,yes,yes,cellular,14,may,46,1,-1,0,unknown,no
64,retired,married,tertiary,no,4270.5,yes,no,unknown,20,may,16,10,-1,0,unknown,no
40,retired,married,secondary,no,331.5,no,no,cellular,8,aug,61,4,-1,0,unknown,no
40,technician,married,secondary,no,-589.5,yes,yes,cellular,16,jul,435,1,-1,0,unknown,yes
43,blue-collar,married,secondary,no,-121.5,yes,no,cellular,29,jan,339,2,-1,0,unknown,no
51,services,married,unknown,no,6.0,no,no,unknown,6,may,284,2,-1,0,unknown,no
48,unemployed,married,secondary,no,1389.0,no,no,unknown,17,jun,705,5,-1,0,unknown,no
46,retired,married,unknown,no,5674.5,no,no,unknown,9,jun,113,1,-1,0,unknown,no
48,management,married,tertiary,no,1036.5,yes,yes,cellular,4,aug,79,1,-1,0,unknown,no
53,admin.,single,unknown,no,130.5,yes,no,unknown,7,may,328,2,-1,0,unknown,no
44,retired,married,secondary,no,-150.0,yes,no,unknown,13,may,109,9,-1,0,unknown,no
40,management,single,tertiary,no,1662.0,yes,yes,unknown,9,may,261,1,-1,0,unknown,no
47,student,married,unknown,no,0.0,no,no,unknown,18,jun,115,1,-1,0,unknown,no
49,housemaid,married,primary,no,-66.0,yes,no,unknown,27,may,228,1,-1,0,unknown,no
40,technician,single,tertiary,no,3487.5,no,no,cellular,10,aug,263,1,127,7,failure,yes
67,retired,divorced,secondary,no,474.0,no,no,cellular,28,jan,935,2,-1,0,unknown,no
59,retired,married,secondary,no,1423.5,no,no,cellular,4,aug,91,1,-1,0,unknown,no
69,retired,married,secondary,no,2584.5,no,no,unknown,19,jun,70,1,-1,0,unknown,no
43,management,single,tertiary,no,13702.5,yes,no,cellular,25,aug,80,4,-1,0,unknown,no
32,housemaid,single,secondary,no,2694.0,no,no,cellular,28,jun,369,3,-1,0,unknown,yes
65,entrepreneur,divorced,tertiary,no,691.5,yes,yes,unknown,16,jun,267,3,-1,0,unknown,no
66,services,married,secondary,no,709.5,yes,no,unknown,6,may,416,1,-1,0,unknown,no
39,blue-collar,single,tertiary,no,376.5,no,no,cellular,29,jan,212,1,-1,0,unknown,no
58,management,married,tertiary,yes,0.0,no,yes,unknown,18,jun,103,1,-1,0,unknown,no
31,student,single,unknown,no,315.0,yes,no,unknown,19,may,53,1,-1,0,unknown,no
46,blue-collar,married,unknown,no,-600.0,yes,yes,cellular,6,may,362,2,307,1,failure,no
67,blue-collar,married,primary,no,3168.0,no,no,cellular,12,aug,1134,2,-1,0,unknown,yes
64,retired,married,secondary,no,1177.5,yes,no,unknown,9,may,86,2,-1,0,unknown,no
55,blue-collar,single,secondary,no,0.0,yes,no,cellular,16,oct,283,1,165,3,failure,no
37,retired,married,tertiary,no,88.5,no,no,cellular,28,jul,306,6,-1,0,unknown,no
40,services,single,secondary,no,849.0,no,no,cellular,5,feb,110,1,-1,0,unknown,no
51,admin.,married,secondary,no,2070.0,yes,no,cellular,17,apr,65,1,333,1,failure,no
59,blue-collar,married,primary,no,100.5,no,yes,cellular,13,aug,269,4,-1,0,unknown,no
79,retired,divorced,secondary,no,6858.0,no,no,cellular,27,jan,185,2,92,3,success,no
46,blue-collar,married,secondary,no,2088.0,no,yes,cellular,17,nov,231,1,-1,0,unknown,no
48,blue-collar,married,secondary,no,181.5,yes,yes,cellular,6,feb,168,1,212,2,failure,no
69,housemaid,married,secondary,no,0.0,no,no,telephone,7,aug,107,2,63,1,failure,no
43,technician,single,secondary,no,1215.0,yes,no,unknown,27,may,133,1,-1,0,unknown,no
57,retired,married,secondary,no,1590.0,yes,no,unknown,6,jun,83,3,-1,0,unknown,no
46,technician,single,tertiary,no,295.5,no,no,cellular,30,apr,260,1,-1,0,unknown,yes
45,admin.,single,secondary,no,481.5,no,no,cellular,21,jul,143,1,412,3,other,yes
34,student,single,secondary,no,6189.0,no,no,cellular,5,apr,907,4,185,7,failure,yes
53,services,married,primary,no,3835.5,yes,no,telephone,15,oct,166,3,183,5,success,yes
66,blue-collar,married,secondary,no,0.0,no,no,cellular,19,aug,432,15,-1,0,unknown,no
52,retired,married,secondary,no,0.0,no,no,cellular,30,jul,351,2,-1,0,unknown,no
61,technician,married,secondary,no,328.5,no,no,telephone,18,aug,63,2,-1,0,unknown,no
69,entrepreneur,married,tertiary,no,1057.5,yes,no,unknown,20,may,446,2,-1,0,unknown,no
43,retired,married,tertiary,no,0.0,yes,no,unknown,6,may,290,1,-1,0,unknown,no
65,management,married,secondary,no,0.0,yes,no,unknown,13,may,309,2,-1,0,unknown,no
51,management,single,tertiary,no,0.0,no,no,cellular,31,jul,24,4,-1,0,unknown,no
60,retired,married,secondary,no,2251.5,no,no,cellular,21,aug,946,4,-1,0,unknown,yes
39,student,single,tertiary,no,369.0,no,no,cellular,3,feb,269,1,-1,0,unknown,no
39,unemployed,single,tertiary,no,10.5,no,no,cellular,6,may,51,1,179,1,failure,no
76,retired,married,secondary,no,880.5,no,no,cellular,12,may,457,2,392,2,success,yes
57,blue-collar,married,primary,no,277.5,no,no,cellular,15,jul,116,5,-1,0,unknown,no
30,student,single,unknown,no,1243.5,no,no,cellular,27,jan,196,3,202,2,success,yes
50,technician,married,secondary,no,12804.0,yes,yes,cellular,14,may,487,2,-1,0,unknown,no
44,technician,married,secondary,no,390.0,yes,no,cellular,17,apr,20,2,238,2,failure,no
52,retired,married,secondary,no,999.0,yes,no,unknown,15,may,202,3,-1,0,unknown,no
43,blue-collar,single,secondary,no,114.0,yes,no,unknown,4,jun,1141,4,-1,0,unknown,yes
53,retired,married,secondary,no,703.5,no,yes,cellular,20,aug,89,2,-1,0,unknown,no
54,unemployed,married,secondary,no,1092.0,yes,no,unknown,14,may,21,11,-1,0,unknown,no
55,blue-collar,married,primary,no,3192.0,yes,no,unknown,19,may,149,4,-1,0,unknown,no
65,admin.,married,secondary,no,2493.0,no,no,cellular,4,jun,94,2,-1,0,unknown,yes
44,services,married,primary,no,46.5,no,yes,cellular,9,jul,53,3,-1,0,unknown,no
41,housemaid,married,primary,no,-276.0,yes,no,cellular,24,jul,326,1,-1,0,unknown,no
53,self-employed,married,primary,yes,577.5,no,no,cellular,6,aug,359,2,-1,0,unknown,no
36,technician,single,secondary,no,2763.0,yes,yes,cellular,22,jul,611,1,-1,0,unknown,no
42,technician,single,secondary,no,205.5,no,no,cellular,20,nov,302,4,-1,0,unknown,no
50,retired,married,secondary,no,610.5,yes,no,unknown,7,may,502,1,-1,0,unknown,no
41,management,married,tertiary,no,3592.5,no,no,cellular,27,apr,218,1,-1,0,unknown,no
47,unemployed,married,secondary,no,120.0,no,no,cellular,3,feb,248,2,-1,0,unknown,no
50,admin.,married,secondary,no,330.0,yes,no,unknown,30,jun,69,3,-1,0,unknown,no
42,admin.,married,secondary,no,1108.5,yes,yes,unknown,28,may,153,3,-1,0,unknown,no
48,blue-collar,divorced,secondary,no,4497.0,yes,no,unknown,11,jun,91,1,-1,0,unknown,no
59,housemaid,married,secondary,no,373.5,yes,no,cellular,21,nov,450,1,-1,0,unknown,no
40,technician,single,secondary,no,336.0,yes,no,cellular,8,aug,298,2,-1,0,unknown,no
80,retired,married,secondary,no,6.0,no,no,cellular,21,may,122,1,85,9,failure,no
43,technician,married,tertiary,no,10264.5,no,no,cellular,20,nov,755,1,100,10,other,yes
45,unemployed,single,secondary,no,3174.0,yes,no,cellular,13,may,409,2,-1,0,unknown,no
38,retired,married,secondary,no,1233.0,yes,no,unknown,6,jun,209,18,-1,0,unknown,no
36,blue-collar,single,secondary,no,3.0,yes,no,unknown,30,may,170,4,-1,0,unknown,no
59,management,divorced,tertiary,no,150.0,yes,yes,cellular,18,jul,156,3,-1,0,unknown,no
55,technician,married,secondary,no,2509.5,no,no,cellular,23,oct,76,1,-1,0,unknown,no
46,student,single,tertiary,no,193.5,no,no,cellular,28,jan,918,1,93,1,success,yes
69,entrepreneur,married,secondary,no,333.0,no,no,cellular,18,nov,97,1,-1,0,unknown,no
41,services,married,secondary,no,1750.5,yes,yes,cellular,20,nov,279,1,-1,0,unknown,no
41,technician,single,secondary,no,1197.0,no,no,telephone,26,aug,66,10,-1,0,unknown,no
40,technician,single,tertiary,no,145.5,no,no,cellular,4,aug,417,1,-1,0,unknown,no
46,technician,married,secondary,no,6919.5,no,no,cellular,2,apr,320,1,134,2,failure,no
52,retired,divorced,primary,no,154.5,yes,no,cellular,6,feb,170,1,-1,0,unknown,no
44,technician,divorced,secondary,no,204.0,yes,no,cellular,8,may,136,2,-1,0,unknown,no
46,unemployed,married,secondary,no,534.0,no,no,cellular,8,jul,361,1,-1,0,unknown,no
43,management,married,tertiary,no,4116.0,yes,no,telephone,19,nov,103,1,-1,0,unknown,no
47,management,single,tertiary,no,10446.0,no,no,cellular,19,nov,223,3,-1,0,unknown,no
69,admin.,married,secondary,no,-594.0,yes,no,unknown,26,may,204,1,-1,0,unknown,no
59,housemaid,married,primary,no,651.0,yes,yes,unknown,18,jun,272,3,-1,0,unknown,no
63,services,divorced,primary,no,219.0,yes,no,cellular,14,may,149,1,370,1,failure,no
74,retired,married,secondary,no,7180.5,no,no,cellular,28,apr,392,1,182,1,success,yes
49,admin.,divorced,secondary,no,10.5,yes,no,cellular,2,feb,550,1,-1,0,unknown,no
41,technician,married,secondary,no,256.5,no,no,cellular,27,aug,81,3,-1,0,unknown,no
40,management,single,tertiary,no,11682.0,no,no,cellular,6,aug,391,4,-1,0,unknown,no
50,entrepreneur,divorced,secondary,no,301.5,yes,no,cellular,9,feb,25,2,-1,0,unknown,no
39,admin.,married,secondary,no,451.5,yes,no,unknown,2,jun,150,5,-1,0,unknown,no
64,technician,married,tertiary,no,1314.0,no,no,cellular,27,oct,269,3,541,3,success,yes
70,admin.,married,secondary,no,-666.0,no,yes,cellular,16,jul,227,1,-1,0,unknown,no
44,management,divorced,tertiary,no,1759.5,no,yes,cellular,18,jul,93,1,-1,0,unknown,no
41,management,single,secondary,no,3475.5,no,no,cellular,16,apr,87,2,-1,0,unknown,no
62,retired,married,secondary,no,1417.5,no,no,unknown,20,jun,16,8,-1,0,unknown,no
63,self-employed,married,tertiary,no,2508.0,no,no,cellular,23,jul,438,1,-1,0,unknown,no
69,management,married,tertiary,no,5101.5,no,no,cellular,2,feb,111,1,-1,0,unknown,no
50,retired,married,secondary,no,-90.0,yes,no,cellular,21,jul,250,1,-1,0,unknown,no
82,retired,married,secondary,no,1209.0,no,no,cellular,19,oct,169,1,-1,0,unknown,no
55,management,married,tertiary,no,15.0,no,no,cellular,26,aug,133,7,-1,0,unknown,no
68,blue-collar,married,primary,no,4.5,no,yes,telephone,29,jul,55,16,-1,0,unknown,no
47,technician,married,tertiary,no,6894.0,yes,no,cellular,7,may,218,2,211,4,success,no
43,admin.,married,tertiary,no,960.0,no,no,cellular,24,jul,318,1,-1,0,unknown,no
52,services,single,secondary,no,1257.0,yes,no,cellular,19,nov,266,2,-1,0,unknown,no
63,blue-collar,married,secondary,no,30.0,no,no,cellular,19,aug,106,7,-1,0,unknown,no
33,retired,married,secondary,no,-28.5,yes,no,unknown,20,jun,13,10,-1,0,unknown,no
51,retired,married,secondary,no,0.0,no,no,cellular,31,jul,83,2,-1,0,unknown,no
57,admin.,divorced,secondary,no,1708.5,yes,no,cellular,11,jul,106,2,-1,0,unknown,no
45,retired,divorced,secondary,no,-199.5,yes,no,cellular,15,may,160,2,-1,0,unknown,no
36,retired,single,tertiary,no,115.5,no,no,cellular,26,apr,175,1,-1,0,unknown,yes
65,services,married,secondary,no,3180.0,no,no,cellular,11,aug,236,3,-1,0,unknown,no
46,management,divorced,tertiary,no,2014.5,yes,yes,unknown,16,may,73,1,-1,0,unknown,no
42,technician,married,tertiary,no,0.0,yes,no,cellular,19,nov,231,4,-1,0,unknown,no
69,technician,married,secondary,no,388.5,no,no,cellular,18,mar,224,1,-1,0,unknown,yes
44,retired,single,secondary,no,1269.0,yes,no,cellular,17,apr,758,2,-1,0,unknown,no
49,unemployed,married,tertiary,no,793.5,yes,yes,cellular,21,nov,673,1,-1,0,unknown,no
52,retired,married,primary,no,0.0,yes,no,cellular,17,jul,71,1,-1,0,unknown,no
41,admin.,single,secondary,no,760.5,yes,no,cellular,13,may,65,2,299,3,other,no
46,services,divorced,secondary,no,3585.0,yes,no,cellular,19,nov,400,1,-1,0,unknown,no
37,blue-collar,single,secondary,no,0.0,yes,no,unknown,7,may,191,4,-1,0,unknown,no
65,blue-collar,married,primary,no,1651.5,no,no,unknown,18,jun,744,3,-1,0,unknown,no
57,retired,married,secondary,no,19267.5,yes,no,unknown,18,nov,117,1,-1,0,unknown,no
40,services,married,secondary,no,1522.5,yes,no,cellular,30,jul,11,8,-1,0,unknown,no
59,retired,married,secondary,no,2148.0,yes,yes,cellular,18,nov,1014,3,-1,0,unknown,no
50,technician,married,secondary,no,1903.5,yes,no,cellular,17,nov,353,1,172,1,failure,no
44,blue-collar,married,primary,no,10077.0,no,no,cellular,13,jan,278,4,97,1,other,no
42,admin.,single,secondary,no,849.0,yes,no,cellular,29,jan,61,1,-1,0,unknown,no
52,technician,divorced,secondary,no,-420.0,yes,no,unknown,26,may,258,1,-1,0,unknown,no
44,blue-collar,single,primary,no,369.0,no,no,unknown,3,jun,81,5,-1,0,unknown,no
38,admin.,single,unknown,no,1096.5,yes,no,unknown,5,jun,718,13,-1,0,unknown,no
35,entrepreneur,single,primary,no,-97.5,yes,no,unknown,28,may,129,2,-1,0,unknown,no
43,services,married,tertiary,no,895.5,no,no,cellular,4,feb,134,1,-1,0,unknown,no
71,entrepreneur,divorced,secondary,no,553.5,no,no,unknown,18,jun,82,1,-1,0,unknown,no
44,admin.,married,secondary,no,706.5,yes,no,cellular,8,may,146,3,340,2,failure,no
50,management,married,tertiary,no,11670.0,no,no,telephone,4,may,364,1,355,1,other,no
44,retired,married,secondary,no,576.0,yes,no,cellular,14,may,551,2,-1,0,unknown,no
62,blue-collar,married,secondary,no,1350.0,no,no,cellular,8,aug,117,2,-1,0,unknown,no
69,self-employed,married,tertiary,no,5700.0,no,yes,cellular,9,jul,70,1,-1,0,unknown,no
67,unemployed,divorced,secondary,no,1129.5,no,no,cellular,21,jul,730,8,-1,0,unknown,no
69,retired,divorced,secondary,no,139.5,no,yes,cellular,8,aug,108,2,-1,0,unknown,no
43,technician,single,secondary,no,370.5,yes,no,cellular,20,nov,428,1,-1,0,unknown,no
67,management,married,primary,no,120.0,no,yes,cellular,31,jul,158,7,-1,0,unknown,no
53,management,divorced,tertiary,no,1578.0,no,no,unknown,12,jun,118,3,-1,0,unknown,no
39,unemployed,single,secondary,no,51.0,no,no,cellular,5,feb,227,1,-1,0,unknown,no
42,blue-collar,married,secondary,no,54.0,yes,no,cellular,18,may,116,4,-1,0,unknown,no
66,self-employed,married,secondary,no,21.0,no,no,cellular,16,jul,239,1,-1,0,unknown,no
43,services,married,secondary,no,1623.0,yes,yes,cellular,19,nov,351,1,-1,0,unknown,no
80,retired,married,primary,no,3519.0,no,no,cellular,24,aug,190,3,194,2,success,no
46,management,married,tertiary,no,1129.5,no,no,cellular,16,apr,76,4,-1,0,unknown,no
68,retired,divorced,secondary,no,94.5,no,no,cellular,18,nov,509,1,-1,0,unknown,no
54,management,married,tertiary,no,87.0,yes,no,cellular,17,nov,48,1,126,3,failure,no
54,self-employed,married,tertiary,no,201.0,no,no,cellular,28,aug,86,4,-1,0,unknown,no
46,blue-collar,married,secondary,no,621.0,no,no,cellular,3,feb,136,3,-1,0,unknown,no
50,entrepreneur,married,tertiary,no,2929.5,yes,no,unknown,6,jun,112,5,-1,0,unknown,no
47,admin.,married,tertiary,no,43.5,no,no,cellular,14,may,404,2,183,2,other,yes
64,admin.,married,secondary,no,2002.5,yes,no,cellular,24,jul,448,1,-1,0,unknown,no
41,management,divorced,tertiary,no,1324.5,yes,no,cellular,19,nov,168,1,-1,0,unknown,no
40,retired,married,secondary,no,1756.5,yes,no,cellular,17,apr,45,7,324,2,failure,no
46,blue-collar,married,unknown,no,1083.0,yes,no,cellular,18,nov,242,1,182,2,failure,no
44,technician,married,secondary,no,10756.5,yes,no,cellular,19,nov,523,2,-1,0,unknown,no
45,blue-collar,divorced,secondary,yes,-18.0,no,yes,unknown,20,jun,714,4,-1,0,unknown,no
45,admin.,married,secondary,no,841.5,yes,no,cellular,5,may,168,2,-1,0,unknown,no
56,self-employed,divorced,tertiary,no,12025.5,yes,yes,cellular,21,nov,169,2,-1,0,unknown,no
45,unknown,married,secondary,no,951.0,no,no,cellular,7,jul,185,2,-1,0,unknown,no
38,technician,single,tertiary,no,258.0,yes,yes,cellular,2,feb,194,2,-1,0,unknown,no
39,technician,single,secondary,no,1059.0,yes,no,cellular,18,may,1340,1,-1,0,unknown,yes
45,self-employed,single,tertiary,no,8193.0,no,no,cellular,2,nov,188,1,186,1,success,yes
47,technician,single,secondary,no,1476.0,no,no,unknown,17,jun,475,1,-1,0,unknown,no
83,retired,married,secondary,no,4275.0,no,no,cellular,19,apr,184,2,185,3,failure,no
41,management,single,tertiary,no,82.5,no,no,cellular,22,aug,215,1,-1,0,unknown,no
56,management,married,tertiary,no,-400.5,no,no,unknown,23,may,249,3,-1,0,unknown,no
69,retired,married,primary,no,12843.0,no,no,unknown,5,jun,86,2,-1,0,unknown,no
43,blue-collar,married,primary,no,-121.5,yes,no,unknown,8,may,267,1,-1,0,unknown,no
42,blue-collar,married,secondary,no,204.0,no,no,cellular,16,nov,206,1,188,3,success,yes
61,retired,married,secondary,no,844.5,yes,no,cellular,17,nov,504,1,123,3,failure,no
43,retired,married,tertiary,no,2725.5,no,no,cellular,21,nov,55,1,-1,0,unknown,no
52,management,married,tertiary,no,13513.5,no,no,cellular,20,nov,135,2,-1,0,unknown,no
58,blue-collar,married,primary,no,738.0,no,yes,cellular,21,aug,139,2,-1,0,unknown,no
68,retired,married,secondary,no,-307.5,yes,no,unknown,23,may,253,2,-1,0,unknown,no
37,unemployed,single,tertiary,no,3049.5,no,no,telephone,2,mar,39,2,-1,0,unknown,no
41,blue-collar,married,primary,no,442.5,yes,no,cellular,12,may,235,6,-1,0,unknown,no
61,blue-collar,married,tertiary,no,126.0,no,yes,unknown,27,jun,269,1,-1,0,unknown,no
49,technician,married,tertiary,no,1191.0,no,no,telephone,3,jun,116,2,121,1,failure,no
59,admin.,divorced,secondary,no,3253.5,yes,no,unknown,30,jun,54,3,-1,0,unknown,no
43,technician,single,secondary,no,166.5,no,no,cellular,28,aug,7,23,-1,0,unknown,no
44,blue-collar,married,unknown,no,1675.5,yes,no,unknown,20,may,214,1,-1,0,unknown,no
40,technician,single,secondary,no,355.5,no,no,cellular,9,feb,112,2,-1,0,unknown,no
56,technician,divorced,secondary,no,5182.5,yes,no,unknown,14,may,566,2,-1,0,unknown,no
56,management,single,tertiary,no,69.0,no,yes,unknown,18,jun,107,1,-1,0,unknown,no
58,retired,married,secondary,no,1201.5,no,no,cellular,8,aug,80,1,-1,0,unknown,no
39,admin.,single,secondary,no,315.0,no,yes,cellular,8,jul,140,1,-1,0,unknown,no
40,entrepreneur,single,tertiary,no,-94.5,yes,no,unknown,3,jun,94,1,-1,0,unknown,no
52,blue-collar,married,secondary,no,286.5,yes,no,telephone,14,may,382,3,371,1,failure,no
64,blue-collar,divorced,primary,no,207.0,yes,no,unknown,4,jun,173,10,-1,0,unknown,no
41,technician,married,secondary,no,715.5,no,no,cellular,30,apr,146,1,-1,0,unknown,no
36,technician,single,tertiary,no,601.5,no,no,cellular,5,may,188,2,-1,0,unknown,yes
50,admin.,married,tertiary,no,1.5,yes,no,telephone,22,may,249,3,-1,0,unknown,no
59,blue-collar,married,primary,no,9322.5,yes,no,cellular,11,may,549,1,-1,0,unknown,no
42,admin.,single,secondary,no,963.0,yes,no,unknown,28,may,71,2,-1,0,unknown,no
58,retired,single,secondary,no,199.5,yes,yes,cellular,29,jan,451,1,197,1,failure,no
67,technician,married,secondary,no,544.5,no,no,cellular,25,jun,195,6,-1,0,unknown,no
47,admin.,single,secondary,no,0.0,yes,no,unknown,29,may,147,4,-1,0,unknown,no
48,technician,divorced,secondary,no,946.5,yes,no,cellular,25,aug,343,2,-1,0,unknown,no
47,blue-collar,single,tertiary,no,721.5,no,no,cellular,18,may,11,8,-1,0,unknown,no
52,unemployed,married,secondary,no,388.5,yes,no,unknown,15,may,155,6,-1,0,unknown,no
61,retired,married,secondary,no,1005.0,yes,no,cellular,7,may,391,1,-1,0,unknown,no
44,services,single,secondary,no,-561.0,yes,no,cellular,11,may,672,1,-1,0,unknown,yes
65,retired,married,tertiary,no,12055.5,no,no,cellular,3,feb,114,2,-1,0,unknown,no
61,admin.,married,secondary,no,6267.0,yes,no,cellular,20,nov,167,4,174,1,failure,no
58,management,single,tertiary,no,5569.5,yes,yes,cellular,18,nov,157,2,-1,0,unknown,no
45,admin.,single,secondary,no,9831.0,no,no,cellular,29,jul,226,1,-1,0,unknown,no
57,technician,divorced,secondary,no,193.5,no,no,cellular,2,feb,110,2,222,2,failure,no
42,admin.,single,secondary,no,2197.5,no,no,telephone,30,jan,118,5,-1,0,unknown,no
70,retired,married,secondary,no,55.5,no,no,cellular,18,jun,754,3,-1,0,unknown,no
46,unemployed,married,tertiary,no,10833.0,yes,no,cellular,3,jun,86,1,-1,0,unknown,no
47,admin.,divorced,secondary,no,1009.5,yes,no,unknown,2,jun,509,2,-1,0,unknown,no
44,blue-collar,married,secondary,no,393.0,no,no,cellular,1,jun,339,1,-1,0,unknown,yes
58,retired,married,secondary,no,580.5,yes,no,telephone,28,jul,76,18,-1,0,unknown,no
44,management,married,tertiary,no,7071.0,yes,yes,cellular,11,may,123,2,-1,0,unknown,no
56,self-employed,single,tertiary,no,2901.0,yes,no,unknown,15,may,236,3,-1,0,unknown,no
66,retired,divorced,tertiary,no,82.5,no,yes,cellular,25,jul,154,2,-1,0,unknown,no
49,housemaid,divorced,secondary,no,282.0,no,no,cellular,8,jul,163,1,-1,0,unknown,no
58,blue-collar,married,secondary,no,223.5,yes,no,unknown,9,may,71,1,-1,0,unknown,no
44,technician,single,secondary,no,1630.5,no,no,unknown,1,jun,7,1,-1,0,unknown,no
45,retired,single,secondary,no,529.5,yes,no,cellular,20,apr,8,3,-1,0,unknown,no
61,retired,married,secondary,no,0.0,yes,no,cellular,7,may,158,1,300,2,failure,no
38,student,single,secondary,no,2887.5,no,no,cellular,25,nov,487,1,97,2,failure,yes
37,technician,single,secondary,yes,0.0,no,yes,cellular,8,jul,732,1,-1,0,unknown,yes
44,management,single,tertiary,no,0.0,no,no,cellular,21,aug,129,4,-1,0,unknown,no
50,retired,married,primary,no,2083.5,yes,no,cellular,9,feb,161,5,-1,0,unknown,no
66,retired,married,unknown,no,345.0,no,no,cellular,8,jun,58,2,-1,0,unknown,no
46,technician,single,secondary,no,210.0,yes,no,cellular,19,aug,100,9,-1,0,unknown,no
69,housemaid,married,secondary,no,0.0,no,no,unknown,5,jun,307,1,-1,0,unknown,no
38,technician,married,secondary,no,1113.0,no,no,cellular,26,may,236,1,-1,0,unknown,yes
67,blue-collar,married,unknown,no,4794.0,no,no,cellular,28,aug,161,4,-1,0,unknown,no
50,housemaid,married,secondary,no,1468.5,no,no,cellular,15,oct,106,4,-1,0,unknown,no
41,management,single,tertiary,no,55.5,no,no,cellular,8,aug,669,2,-1,0,unknown,yes
39,blue-collar,married,secondary,no,-468.0,yes,yes,cellular,14,may,130,2,-1,0,unknown,no
41,services,married,secondary,no,-961.5,yes,yes,unknown,27,may,296,2,-1,0,unknown,no
41,admin.,single,secondary,no,147.0,yes,no,unknown,5,may,196,2,-1,0,unknown,no
40,technician,married,secondary,no,0.0,yes,no,unknown,23,may,541,2,-1,0,unknown,no
41,services,married,secondary,no,-318.0,no,yes,cellular,20,nov,911,4,-1,0,unknown,no
48,services,married,secondary,no,1162.5,no,no,cellular,12,feb,1835,3,182,2,success,yes
43,services,married,secondary,no,675.0,yes,no,unknown,4,jun,121,4,-1,0,unknown,no
62,retired,married,secondary,no,5053.5,no,no,cellular,7,jul,196,2,-1,0,unknown,no
53,self-employed,married,secondary,yes,-2122.5,no,no,cellular,10,jul,58,1,-1,0,unknown,no
38,blue-collar,married,secondary,no,196.5,yes,no,unknown,12,may,147,5,-1,0,unknown,no
41,technician,single,tertiary,no,681.0,no,no,cellular,30,apr,266,1,-1,0,unknown,yes
55,retired,married,secondary,no,1717.5,no,no,telephone,10,jul,156,7,-1,0,unknown,no
45,blue-collar,married,unknown,no,-697.5,no,no,cellular,12,may,158,1,351,1,failure,no
46,retired,single,secondary,no,4443.0,yes,yes,unknown,16,jun,181,2,-1,0,unknown,no
49,admin.,single,secondary,no,169.5,yes,no,unknown,6,may,342,1,-1,0,unknown,no
53,services,married,secondary,no,1830.0,no,no,cellular,28,jul,307,2,-1,0,unknown,no
69,retired,married,secondary,no,48.0,no,no,telephone,10,jul,121,1,-1,0,unknown,no
43,technician,married,tertiary,no,12612.0,no,no,cellular,11,aug,121,2,-1,0,unknown,no
37,admin.,single,secondary,no,588.0,yes,yes,unknown,21,may,292,2,-1,0,unknown,no
57,blue-collar,married,primary,no,309.0,yes,no,unknown,6,may,152,1,-1,0,unknown,no
65,blue-collar,married,secondary,no,51.0,yes,yes,cellular,14,jul,97,3,-1,0,unknown,no
61,management,married,tertiary,no,4221.0,no,no,cellular,3,feb,178,1,-1,0,unknown,no
39,technician,married,secondary,no,5422.5,yes,no,cellular,30,jul,93,3,-1,0,unknown,no
55,services,single,secondary,no,538.5,yes,no,unknown,18,jun,41,8,-1,0,unknown,no
43,technician,married,secondary,no,1266.0,yes,no,cellular,23,jul,476,3,-1,0,unknown,no
82,retired,married,tertiary,no,5341.5,no,no,telephone,15,sep,511,3,184,7,success,yes
45,blue-collar,single,secondary,no,7267.5,no,no,cellular,19,nov,718,1,-1,0,unknown,no
50,retired,divorced,secondary,no,1722.0,yes,no,cellular,11,aug,105,2,-1,0,unknown,no
53,management,single,secondary,no,-342.0,yes,yes,unknown,16,may,122,2,-1,0,unknown,no
44,technician,married,secondary,no,390.0,yes,no,cellular,22,aug,142,2,-1,0,unknown,no
40,retired,single,secondary,no,5292.0,no,no,cellular,4,aug,250,1,92,2,failure,yes
44,technician,married,unknown,no,6079.5,yes,no,unknown,23,may,123,2,-1,0,unknown,no
70,entrepreneur,divorced,secondary,no,1960.5,yes,no,unknown,27,may,328,11,-1,0,unknown,no
48,unemployed,single,secondary,no,0.0,no,no,cellular,27,aug,44,3,-1,0,unknown,no
60,blue-collar,married,secondary,no,-783.0,yes,no,cellular,13,may,863,3,-1,0,unknown,yes
51,blue-collar,married,primary,no,1578.0,yes,yes,unknown,12,may,335,1,-1,0,unknown,no
68,self-employed,married,secondary,no,42477.0,yes,no,cellular,14,may,168,2,-1,0,unknown,no
64,admin.,divorced,secondary,no,0.0,no,no,unknown,6,jun,127,1,-1,0,unknown,no
63,retired,married,tertiary,no,1095.0,yes,no,unknown,2,nov,18,1,368,2,failure,no
66,unemployed,divorced,secondary,no,423.0,no,no,cellular,28,jan,156,2,-1,0,unknown,no
54,blue-collar,single,secondary,no,738.0,no,yes,cellular,12,may,209,2,351,3,other,no
44,technician,married,secondary,no,223.5,yes,no,unknown,29,may,153,2,-1,0,unknown,no
69,retired,married,secondary,no,3436.5,no,yes,cellular,14,jul,127,3,-1,0,unknown,no
56,entrepreneur,married,tertiary,no,3393.0,no,no,telephone,14,jul,44,14,-1,0,unknown,no
42,management,married,tertiary,no,1845.0,yes,no,cellular,4,feb,35,3,253,4,failure,no
57,services,married,secondary,no,3105.0,yes,yes,unknown,26,may,136,1,-1,0,unknown,no
50,management,married,tertiary,no,4777.5,no,no,cellular,18,nov,109,1,-1,0,unknown,no
66,management,married,tertiary,no,924.0,no,no,cellular,13,aug,293,2,105,2,success,yes
56,retired,married,unknown,no,-385.5,no,no,cellular,21,nov,104,1,189,2,failure,no
51,admin.,single,secondary,no,2572.5,yes,no,unknown,8,may,462,1,-1,0,unknown,no
42,admin.,married,tertiary,no,4246.5,yes,no,cellular,18,nov,278,2,-1,0,unknown,no
50,blue-collar,married,secondary,no,1452.0,yes,yes,unknown,8,may,213,1,-1,0,unknown,no
62,technician,married,tertiary,no,5160.0,yes,no,cellular,17,nov,124,1,131,1,failure,no
41,blue-collar,single,secondary,no,2823.0,no,no,cellular,7,may,529,2,-1,0,unknown,no
64,management,married,tertiary,no,2907.0,yes,no,telephone,31,jul,81,7,-1,0,unknown,no
40,admin.,married,tertiary,no,6252.0,no,no,cellular,3,jun,198,1,-1,0,unknown,no
58,blue-collar,married,primary,no,-381.0,yes,no,cellular,7,may,210,2,346,1,other,no
45,blue-collar,married,unknown,no,79.5,no,no,unknown,17,jun,495,2,-1,0,unknown,no
54,blue-collar,married,primary,no,630.0,yes,no,unknown,7,may,110,2,-1,0,unknown,no
41,unemployed,married,tertiary,no,886.5,no,no,cellular,21,nov,161,2,-1,0,unknown,no
48,self-employed,married,secondary,no,280.5,no,yes,telephone,16,feb,66,21,-1,0,unknown,no
41,blue-collar,single,tertiary,no,3295.5,yes,no,unknown,23,may,146,3,-1,0,unknown,no
35,blue-collar,married,secondary,no,-10.5,yes,no,unknown,5,may,365,1,-1,0,unknown,no
46,entrepreneur,married,primary,no,900.0,no,no,cellular,21,jul,538,1,-1,0,unknown,no
34,technician,single,secondary,no,651.0,no,no,cellular,28,may,331,1,-1,0,unknown,no
42,management,married,tertiary,no,3258.0,yes,no,cellular,22,aug,306,4,-1,0,unknown,no
63,admin.,married,secondary,no,52.5,yes,no,cellular,8,apr,97,1,-1,0,unknown,no
47,retired,single,secondary,no,187.5,no,no,unknown,5,jun,56,1,-1,0,unknown,no
39,admin.,divorced,tertiary,yes,0.0,no,yes,cellular,9,jul,426,3,-1,0,unknown,yes
48,retired,single,secondary,no,658.5,no,no,unknown,16,jun,359,4,-1,0,unknown,no
45,student,single,secondary,no,282.0,yes,no,cellular,16,feb,75,3,200,5,failure,yes
45,technician,divorced,secondary,no,454.5,yes,yes,unknown,26,may,454,3,-1,0,unknown,no
68,management,divorced,tertiary,no,39381.0,yes,no,cellular,21,nov,53,1,31,1,failure,no
51,retired,married,primary,no,835.5,yes,no,cellular,17,nov,158,1,173,1,failure,no
46,management,single,tertiary,no,1519.5,yes,no,cellular,10,jul,111,1,-1,0,unknown,no
58,management,married,tertiary,no,1762.5,yes,no,telephone,18,nov,1476,3,-1,0,unknown,no
40,blue-collar,married,secondary,no,481.5,yes,no,cellular,20,nov,738,2,-1,0,unknown,no
51,retired,married,secondary,no,684.0,yes,no,cellular,11,aug,734,4,-1,0,unknown,yes
35,management,single,tertiary,no,9.0,yes,yes,unknown,15,may,225,1,-1,0,unknown,no
49,services,married,secondary,no,1291.5,yes,no,cellular,30,jul,218,4,-1,0,unknown,no
41,management,single,tertiary,no,4.5,no,no,cellular,4,feb,406,2,-1,0,unknown,no
44,management,married,tertiary,no,2655.0,yes,no,unknown,6,nov,26,1,101,11,other,no
47,admin.,single,secondary,no,1504.5,no,no,cellular,9,jul,259,3,-1,0,unknown,no
45,admin.,married,secondary,no,7905.0,no,no,unknown,16,jun,110,8,-1,0,unknown,no
48,admin.,single,tertiary,no,6.0,yes,yes,cellular,18,nov,71,3,-1,0,unknown,no
49,technician,single,tertiary,no,70.5,yes,no,unknown,5,may,181,1,-1,0,unknown,no
37,management,married,secondary,no,-61.5,yes,no,unknown,16,may,24,1,-1,0,unknown,no
43,technician,married,tertiary,no,8461.5,no,no,cellular,18,aug,168,2,-1,0,unknown,no
66,unknown,divorced,unknown,no,3228.0,no,no,unknown,6,jun,67,1,-1,0,unknown,no
57,technician,married,secondary,no,730.5,no,no,cellular,28,jan,218,2,177,1,failure,no
35,blue-collar,single,secondary,no,76.5,yes,no,cellular,6,may,70,3,356,4,other,no
46,technician,single,secondary,yes,18.0,no,no,cellular,12,aug,587,2,-1,0,unknown,yes
55,retired,married,secondary,no,270.0,yes,yes,unknown,27,may,62,2,-1,0,unknown,no
59,technician,married,secondary,no,1636.5,no,no,telephone,30,jul,47,2,-1,0,unknown,no
44,management,married,secondary,no,-441.0,yes,no,unknown,27,may,532,2,-1,0,unknown,no
85,retired,married,primary,no,537.0,no,no,cellular,17,feb,364,11,-1,0,unknown,yes
44,services,married,secondary,no,879.0,yes,yes,unknown,8,may,224,2,-1,0,unknown,no
42,retired,married,secondary,no,2745.0,yes,no,unknown,21,may,293,1,-1,0,unknown,no
53,blue-collar,married,secondary,no,6780.0,yes,no,unknown,15,may,100,4,-1,0,unknown,no
46,management,married,tertiary,no,363.0,yes,no,cellular,14,may,20,1,-1,0,unknown,no
54,blue-collar,married,secondary,no,2506.5,no,no,unknown,12,jun,149,1,-1,0,unknown,no
40,blue-collar,married,secondary,no,3874.5,yes,no,cellular,14,may,436,3,-1,0,unknown,no
39,student,single,secondary,no,72.0,no,no,cellular,26,feb,51,1,-1,0,unknown,no
35,services,single,secondary,no,-211.5,yes,no,cellular,18,may,113,2,348,2,failure,no
56,retired,married,tertiary,no,-873.0,yes,no,cellular,5,may,245,4,354,9,other,no
63,management,married,secondary,no,2887.5,yes,no,unknown,26,may,153,1,-1,0,unknown,no
63,retired,married,primary,no,2913.0,yes,no,unknown,2,jun,185,2,-1,0,unknown,no
68,retired,married,tertiary,no,7630.5,no,no,unknown,19,jun,252,1,-1,0,unknown,no
61,management,married,secondary,yes,85.5,yes,yes,unknown,8,may,61,1,-1,0,unknown,no
49,blue-collar,divorced,secondary,no,225.0,no,no,cellular,29,jul,735,4,-1,0,unknown,no
70,retired,married,primary,no,1144.5,yes,no,telephone,10,jul,180,3,-1,0,unknown,no
40,blue-collar,married,secondary,no,6.0,yes,no,unknown,2,jun,34,1,-1,0,unknown,no
44,blue-collar,single,secondary,no,5584.5,yes,no,unknown,27,may,47,5,-1,0,unknown,no
41,admin.,married,secondary,no,-159.0,yes,no,cellular,3,feb,258,4,-1,0,unknown,no
42,technician,single,tertiary,no,582.0,yes,no,cellular,22,aug,119,2,-1,0,unknown,no
37,retired,single,tertiary,no,1468.5,yes,no,cellular,7,may,272,4,357,1,other,no
44,management,married,tertiary,no,835.5,yes,no,cellular,29,jan,354,1,197,1,failure,no
70,retired,married,secondary,no,12181.5,yes,yes,cellular,18,aug,98,7,-1,0,unknown,no
34,student,single,secondary,no,729.0,no,no,cellular,26,feb,281,2,270,2,other,no
38,retired,single,tertiary,no,-721.5,yes,yes,cellular,2,feb,100,1,-1,0,unknown,no
68,management,married,tertiary,no,469.5,no,no,unknown,11,jun,204,2,-1,0,unknown,no
76,management,married,unknown,no,3223.5,yes,no,cellular,26,may,135,2,90,11,success,yes
39,technician,single,unknown,no,0.0,no,yes,cellular,22,jul,338,6,-1,0,unknown,no
68,management,divorced,secondary,no,8871.0,no,no,unknown,17,jun,69,4,-1,0,unknown,no
46,blue-collar,married,primary,no,105.0,yes,no,cellular,28,jan,164,1,-1,0,unknown,no
42,retired,married,secondary,no,0.0,yes,no,cellular,20,nov,189,1,170,1,other,no
86,retired,married,tertiary,no,0.0,no,no,telephone,4,feb,92,3,169,1,failure,no
49,management,married,secondary,no,322.5,no,no,cellular,11,aug,1141,4,-1,0,unknown,yes
66,housemaid,married,primary,no,1752.0,no,no,telephone,17,nov,673,2,-1,0,unknown,no
82,retired,married,secondary,no,0.0,no,no,cellular,28,jun,348,6,94,6,failure,no
37,student,single,secondary,no,4644.0,yes,no,telephone,6,may,62,4,357,1,failure,no
49,services,married,secondary,no,1984.5,yes,yes,telephone,16,jul,188,1,-1,0,unknown,no
40,services,divorced,secondary,no,511.5,yes,no,cellular,20,nov,478,1,-1,0,unknown,yes
66,retired,divorced,secondary,no,412.5,yes,yes,cellular,10,jul,323,1,-1,0,unknown,no
43,technician,divorced,secondary,no,0.0,yes,no,cellular,7,may,177,2,-1,0,unknown,no
50,blue-collar,divorced,secondary,no,208.5,yes,no,unknown,7,may,91,1,-1,0,unknown,no
68,admin.,married,secondary,no,1231.5,yes,yes,telephone,14,jul,83,2,-1,0,unknown,no
40,management,married,tertiary,no,471.0,no,no,cellular,19,nov,364,2,175,2,success,no
41,services,single,secondary,no,46.5,yes,yes,unknown,26,may,501,2,-1,0,unknown,no
46,blue-collar,married,primary,no,1866.0,yes,no,unknown,2,jun,143,1,-1,0,unknown,no
69,blue-collar,married,primary,no,5058.0,no,no,cellular,7,jul,87,1,-1,0,unknown,no
67,admin.,married,secondary,no,253.5,no,no,cellular,30,apr,319,1,86,1,success,no
60,blue-collar,married,secondary,no,3019.5,no,yes,cellular,22,jul,226,1,-1,0,unknown,no
44,management,married,tertiary,no,2149.5,no,no,cellular,20,nov,111,3,104,3,failure,no
40,technician,single,secondary,no,0.0,no,no,cellular,29,jan,624,2,-1,0,unknown,no
54,blue-collar,married,primary,no,-139.5,yes,no,cellular,17,apr,829,3,326,2,failure,no
38,student,single,secondary,no,439.5,no,no,cellular,15,may,194,3,-1,0,unknown,no
63,blue-collar,married,secondary,no,3070.5,no,no,telephone,30,jul,342,6,-1,0,unknown,no
55,services,married,secondary,no,0.0,no,yes,unknown,5,jun,370,2,-1,0,unknown,no
43,retired,married,secondary,no,3276.0,yes,no,cellular,20,apr,151,1,-1,0,unknown,no
65,blue-collar,married,secondary,no,4344.0,no,no,unknown,17,jun,138,3,-1,0,unknown,no
49,services,married,primary,no,2401.5,yes,no,unknown,23,may,201,2,-1,0,unknown,no
41,retired,single,secondary,no,-117.0,yes,yes,unknown,23,may,198,2,-1,0,unknown,no
69,retired,married,secondary,yes,73.5,no,yes,unknown,1,jul,602,4,-1,0,unknown,no
47,technician,married,secondary,no,42.0,no,no,cellular,21,aug,101,2,-1,0,unknown,no
48,blue-collar,married,secondary,no,8758.5,yes,no,unknown,4,jun,984,2,-1,0,unknown,yes
66,blue-collar,divorced,primary,no,18.0,no,no,cellular,20,nov,282,2,135,1,failure,no
41,management,married,tertiary,no,1315.5,no,no,cellular,9,jun,192,1,93,7,other,yes
42,admin.,divorced,secondary,no,447.0,yes,no,cellular,9,feb,12,4,-1,0,unknown,no
48,services,married,secondary,no,0.0,yes,no,cellular,20,apr,506,2,-1,0,unknown,no
57,retired,divorced,secondary,no,-1150.5,no,yes,cellular,18,jul,329,3,-1,0,unknown,no
48,blue-collar,single,primary,no,735.0,yes,yes,unknown,25,aug,17,1,-1,0,unknown,no
42,services,married,secondary,no,1750.5,yes,yes,telephone,16,apr,668,3,147,1,failure,no
40,management,single,tertiary,no,1045.5,no,no,cellular,29,oct,215,3,80,5,success,yes
50,retired,married,tertiary,no,339.0,yes,no,cellular,12,may,262,2,-1,0,unknown,no
38,technician,single,tertiary,no,-321.0,yes,no,unknown,12,may,140,3,-1,0,unknown,no
53,retired,married,primary,no,2368.5,yes,no,telephone,11,may,176,1,284,4,other,no
42,technician,single,tertiary,no,1987.5,no,no,cellular,12,aug,142,2,-1,0,unknown,no
45,management,married,tertiary,no,721.5,no,no,cellular,13,aug,73,2,-1,0,unknown,no
43,management,married,tertiary,no,2085.0,no,no,cellular,5,mar,77,1,179,5,failure,no
61,housemaid,married,secondary,no,1905.0,no,no,cellular,29,jan,208,3,-1,0,unknown,no
39,management,married,tertiary,no,2161.5,yes,no,cellular,30,apr,185,1,85,2,success,no
41,management,married,tertiary,no,454.5,yes,no,unknown,14,may,143,1,-1,0,unknown,no
42,blue-collar,single,secondary,no,1714.5,yes,yes,cellular,10,jul,412,1,-1,0,unknown,no
63,technician,married,unknown,no,3363.0,no,no,cellular,10,jul,154,14,-1,0,unknown,no
37,blue-collar,married,secondary,no,1942.5,yes,no,cellular,14,may,1106,1,-1,0,unknown,no
40,housemaid,married,secondary,no,0.0,no,no,cellular,12,aug,91,2,-1,0,unknown,no
40,blue-collar,married,secondary,no,-139.5,yes,no,cellular,13,apr,173,4,-1,0,unknown,no
55,blue-collar,married,primary,no,1788.0,no,no,cellular,7,aug,260,3,-1,0,unknown,no
42,self-employed,married,secondary,no,12.0,yes,yes,cellular,13,may,251,2,-1,0,unknown,no
69,management,married,tertiary,no,7971.0,no,no,cellular,20,nov,116,2,-1,0,unknown,no
55,technician,married,secondary,no,1.5,yes,no,cellular,17,nov,433,1,-1,0,unknown,no
51,services,married,secondary,no,0.0,yes,no,cellular,31,jul,40,10,-1,0,unknown,no
41,management,single,tertiary,no,1972.5,yes,no,unknown,8,may,156,1,-1,0,unknown,no
36,admin.,single,secondary,no,664.5,no,no,cellular,30,jul,84,3,-1,0,unknown,no
61,retired,married,secondary,no,3421.5,no,no,cellular,13,aug,164,1,-1,0,unknown,no
46,management,married,tertiary,no,3241.5,no,no,cellular,8,sep,708,2,183,5,success,yes
40,services,married,secondary,no,0.0,yes,no,cellular,21,nov,681,4,-1,0,unknown,yes
44,management,married,tertiary,no,0.0,no,no,cellular,21,aug,124,2,-1,0,unknown,no
50,services,divorced,secondary,no,157.5,yes,no,unknown,6,may,189,2,-1,0,unknown,no
56,technician,married,secondary,no,1450.5,no,no,cellular,7,jul,248,3,-1,0,unknown,no
46,blue-collar,married,secondary,no,1084.5,yes,no,cellular,31,jul,101,2,-1,0,unknown,no
68,management,married,tertiary,no,-847.5,yes,yes,cellular,17,nov,191,2,-1,0,unknown,no
46,retired,married,secondary,no,15.0,no,yes,unknown,28,may,310,2,-1,0,unknown,no
51,housemaid,single,secondary,no,3276.0,no,no,cellular,19,nov,98,1,153,2,failure,no
42,retired,married,tertiary,no,5775.0,yes,no,cellular,20,apr,63,4,-1,0,unknown,no
68,retired,married,secondary,no,856.5,no,no,cellular,5,aug,54,3,-1,0,unknown,no
49,management,single,secondary,no,370.5,yes,no,unknown,20,may,130,2,-1,0,unknown,no
47,management,single,tertiary,no,13.5,no,no,cellular,26,aug,484,2,-1,0,unknown,no
40,admin.,single,secondary,no,1309.5,no,no,cellular,7,oct,301,1,216,2,failure,no
69,admin.,divorced,primary,no,286.5,yes,no,cellular,5,may,252,1,-1,0,unknown,no
40,management,married,tertiary,no,1413.0,no,no,cellular,2,jun,146,2,-1,0,unknown,no
39,blue-collar,married,primary,no,301.5,yes,no,cellular,27,mar,101,12,-1,0,unknown,no
60,technician,married,secondary,no,472.5,no,no,cellular,8,aug,363,10,-1,0,unknown,no
64,management,single,tertiary,no,3628.5,yes,no,cellular,12,aug,139,2,-1,0,unknown,no
38,technician,single,secondary,no,661.5,no,yes,cellular,9,jul,171,2,-1,0,unknown,no
59,management,married,tertiary,no,2145.0,no,no,cellular,18,nov,231,2,-1,0,unknown,no
59,entrepreneur,married,secondary,no,522.0,yes,no,unknown,14,may,139,2,-1,0,unknown,no
40,unemployed,married,secondary,yes,28.5,no,no,cellular,19,nov,186,5,-1,0,unknown,no
37,admin.,single,tertiary,no,469.5,no,yes,cellular,3,sep,167,1,93,3,success,no
56,management,married,tertiary,no,688.5,yes,no,unknown,6,may,221,1,-1,0,unknown,no
44,blue-collar,married,tertiary,no,1122.0,yes,yes,cellular,6,may,161,1,-1,0,unknown,no
56,management,divorced,tertiary,no,1155.0,yes,no,unknown,16,may,94,1,-1,0,unknown,no
41,blue-collar,married,primary,no,16.5,yes,no,unknown,9,may,399,3,-1,0,unknown,no
70,housemaid,divorced,secondary,no,3094.5,no,no,cellular,27,may,95,1,99,2,failure,no
44,blue-collar,married,secondary,no,1117.5,yes,no,cellular,20,apr,400,5,332,4,failure,no
42,technician,married,tertiary,no,601.5,yes,no,cellular,24,jul,200,1,-1,0,unknown,no
60,management,single,tertiary,no,850.5,yes,no,unknown,16,may,274,8,-1,0,unknown,no
46,management,single,tertiary,no,4708.5,no,no,unknown,3,jun,182,5,-1,0,unknown,no
41,blue-collar,married,secondary,no,0.0,no,no,unknown,2,jun,147,1,-1,0,unknown,no
54,blue-collar,married,secondary,no,1317.0,yes,no,cellular,2,jun,130,1,-1,0,unknown,no
56,retired,married,secondary,no,0.0,no,no,telephone,20,apr,173,2,-1,0,unknown,no
54,blue-collar,married,secondary,no,987.0,yes,no,telephone,24,jul,236,2,-1,0,unknown,no
48,retired,married,secondary,no,937.5,yes,no,unknown,4,jun,140,2,-1,0,unknown,no
41,admin.,married,tertiary,no,484.5,no,no,cellular,11,aug,120,3,-1,0,unknown,no
58,services,divorced,secondary,no,853.5,yes,yes,unknown,26,may,151,1,-1,0,unknown,no
49,management,married,unknown,no,114.0,no,no,cellular,15,sep,200,1,183,1,success,yes
39,retired,single,tertiary,no,2503.5,no,no,cellular,3,feb,297,1,-1,0,unknown,yes
40,management,single,tertiary,no,738.0,yes,no,cellular,7,may,94,1,-1,0,unknown,no
48,management,divorced,tertiary,no,523.5,yes,no,cellular,11,jul,151,2,-1,0,unknown,no
34,technician,single,unknown,no,1227.0,yes,yes,unknown,27,may,953,3,-1,0,unknown,no
42,blue-collar,single,secondary,no,2581.5,yes,no,unknown,21,may,650,2,-1,0,unknown,no
89,retired,divorced,secondary,no,2865.0,no,no,telephone,24,feb,98,2,-1,0,unknown,no
58,management,married,primary,no,468.0,no,no,cellular,29,jul,1186,4,-1,0,unknown,no
61,technician,divorced,secondary,no,8946.0,yes,no,cellular,18,nov,577,4,-1,0,unknown,no
58,services,married,secondary,no,1798.5,yes,no,unknown,13,may,76,1,-1,0,unknown,no
51,technician,single,secondary,no,45.0,no,no,unknown,23,may,1003,1,-1,0,unknown,no
57,admin.,married,tertiary,no,3418.5,yes,yes,cellular,27,may,161,1,-1,0,unknown,no
64,management,married,tertiary,no,2397.0,no,yes,cellular,21,jul,312,1,-1,0,unknown,no
56,services,married,tertiary,no,3780.0,yes,no,cellular,19,nov,144,1,-1,0,unknown,no
44,management,married,tertiary,no,2277.0,yes,no,cellular,20,nov,128,2,-1,0,unknown,no
43,technician,single,tertiary,no,121.5,no,no,cellular,18,jul,287,1,-1,0,unknown,no
50,management,married,secondary,no,964.5,yes,no,cellular,17,apr,74,2,256,1,failure,no
56,technician,married,tertiary,no,235.5,no,no,unknown,26,jun,150,1,-1,0,unknown,no
66,unknown,married,unknown,no,49.5,no,no,telephone,31,jul,26,15,-1,0,unknown,no
36,technician,single,secondary,no,2809.5,no,no,cellular,2,aug,1013,3,276,2,other,no
48,management,married,secondary,no,97.5,yes,no,unknown,8,may,56,1,-1,0,unknown,no
67,management,married,tertiary,no,384.0,no,no,cellular,6,mar,227,1,-1,0,unknown,yes
59,services,married,secondary,yes,-373.5,no,no,cellular,29,jul,234,5,-1,0,unknown,no
60,retired,married,secondary,no,319.5,yes,yes,unknown,20,jun,87,2,-1,0,unknown,no
51,management,married,secondary,no,420.0,yes,no,cellular,2,jun,88,1,95,2,success,no
40,management,single,tertiary,no,753.0,no,yes,cellular,18,jul,572,1,-1,0,unknown,yes
48,self-employed,single,secondary,no,1719.0,yes,no,unknown,21,may,91,2,-1,0,unknown,no
53,management,divorced,tertiary,no,4990.5,no,no,telephone,28,aug,146,19,-1,0,unknown,no
60,blue-collar,married,secondary,no,1375.5,yes,no,cellular,30,jul,58,2,-1,0,unknown,no
54,services,divorced,secondary,no,360.0,yes,no,unknown,8,may,155,2,-1,0,unknown,no
62,services,married,primary,no,3927.0,yes,no,cellular,21,nov,73,2,-1,0,unknown,no
61,entrepreneur,married,secondary,no,807.0,no,no,cellular,18,nov,1122,4,-1,0,unknown,yes
39,management,married,tertiary,no,1350.0,no,no,cellular,17,jul,275,2,-1,0,unknown,no
67,retired,married,secondary,no,0.0,no,no,cellular,8,jul,237,3,-1,0,unknown,no
66,management,divorced,tertiary,no,141.0,no,no,unknown,4,jul,121,1,-1,0,unknown,no
55,admin.,married,secondary,no,-607.5,no,no,cellular,31,jul,189,3,-1,0,unknown,no
40,admin.,married,secondary,no,525.0,no,yes,cellular,9,jul,171,5,-1,0,unknown,no
69,retired,divorced,tertiary,no,838.5,yes,no,unknown,13,may,168,2,-1,0,unknown,no
67,blue-collar,married,unknown,no,2194.5,no,no,cellular,8,aug,163,2,-1,0,unknown,no
66,management,married,secondary,no,0.0,yes,no,unknown,29,may,726,1,-1,0,unknown,no
49,blue-collar,married,secondary,no,3448.5,yes,no,cellular,20,apr,450,1,271,1,failure,no
46,blue-collar,married,secondary,no,1582.5,yes,no,cellular,4,feb,62,1,-1,0,unknown,no
62,blue-collar,married,secondary,no,2101.5,no,no,cellular,26,aug,77,8,-1,0,unknown,no
46,admin.,married,unknown,no,3484.5,no,no,cellular,19,nov,111,1,-1,0,unknown,no
47,management,married,tertiary,no,247.5,no,no,cellular,24,aug,315,1,83,1,other,no
56,unknown,married,unknown,no,4366.5,no,no,telephone,7,jul,41,9,-1,0,unknown,no
42,retired,single,secondary,no,79.5,yes,no,cellular,6,may,153,1,169,2,failure,no
42,retired,married,tertiary,no,483.0,no,no,cellular,4,feb,101,1,-1,0,unknown,no
65,entrepreneur,married,tertiary,no,33.0,no,yes,cellular,8,jul,215,1,-1,0,unknown,no
33,student,single,secondary,no,720.0,no,no,cellular,9,feb,742,2,182,1,failure,yes
63,services,divorced,secondary,no,-334.5,no,no,unknown,20,jun,160,1,-1,0,unknown,no
47,entrepreneur,single,secondary,no,30679.5,yes,no,telephone,4,may,115,1,-1,0,unknown,no
56,unknown,married,primary,no,427.5,no,no,unknown,11,jun,215,2,-1,0,unknown,no
53,technician,married,secondary,no,-352.5,yes,yes,unknown,29,may,260,2,-1,0,unknown,no
61,blue-collar,married,primary,no,4248.0,yes,no,cellular,20,apr,122,4,238,12,other,no
61,housemaid,married,secondary,no,2628.0,no,yes,cellular,21,jul,335,8,-1,0,unknown,no
39,admin.,single,secondary,no,1371.0,yes,no,cellular,29,jan,344,1,-1,0,unknown,no
60,services,married,primary,no,1698.0,yes,no,unknown,29,may,117,1,-1,0,unknown,no
70,management,married,tertiary,no,391.5,yes,yes,cellular,1,jun,128,1,192,1,failure,no
44,blue-collar,married,primary,no,108.0,yes,no,cellular,15,may,93,3,-1,0,unknown,no
66,retired,divorced,secondary,no,5803.5,no,no,cellular,28,jan,79,1,-1,0,unknown,no
39,blue-collar,married,secondary,no,96.0,yes,yes,cellular,14,jul,611,2,-1,0,unknown,no
67,management,married,secondary,no,184.5,no,no,cellular,2,feb,154,2,-1,0,unknown,no
43,retired,single,secondary,no,396.0,yes,no,cellular,17,apr,494,1,-1,0,unknown,no
44,technician,single,secondary,no,301.5,no,no,cellular,22,jul,257,2,-1,0,unknown,no
41,blue-collar,married,primary,no,3.0,yes,yes,cellular,10,jul,112,1,-1,0,unknown,no
38,blue-collar,single,secondary,no,556.5,yes,no,cellular,23,jul,159,2,-1,0,unknown,no
56,retired,married,secondary,no,1495.5,yes,no,unknown,12,may,398,1,-1,0,unknown,no
55,retired,married,secondary,no,1176.0,yes,yes,unknown,3,jun,34,1,-1,0,unknown,no
47,retired,single,tertiary,no,0.0,no,no,cellular,3,mar,426,1,-1,0,unknown,yes
56,services,married,tertiary,no,-1170.0,no,yes,cellular,5,feb,128,1,-1,0,unknown,no
54,admin.,single,secondary,no,2301.0,no,no,cellular,10,nov,95,1,95,3,success,yes
47,management,divorced,tertiary,no,1344.0,no,yes,cellular,14,aug,343,2,-1,0,unknown,no
38,blue-collar,married,secondary,no,91.5,yes,no,cellular,21,aug,744,1,109,3,success,yes
47,retired,married,secondary,no,8140.5,no,no,cellular,18,nov,201,1,159,1,failure,no
70,retired,married,secondary,no,63.0,yes,yes,unknown,7,may,386,2,-1,0,unknown,no
69,retired,married,tertiary,no,2137.5,no,no,cellular,26,oct,151,2,77,3,failure,no
64,technician,married,secondary,no,1996.5,yes,no,telephone,25,jul,657,2,-1,0,unknown,no
52,blue-collar,married,primary,no,375.0,yes,no,unknown,4,jun,46,16,-1,0,unknown,no
51,technician,married,tertiary,no,1020.0,no,no,cellular,6,aug,117,2,-1,0,unknown,no
57,blue-collar,married,secondary,no,2352.0,yes,no,cellular,19,feb,388,1,262,7,success,yes
41,blue-collar,married,secondary,no,2871.0,yes,no,unknown,21,may,192,1,-1,0,unknown,no
43,management,married,tertiary,no,375.0,no,no,cellular,4,mar,377,6,-1,0,unknown,yes
40,technician,married,tertiary,no,0.0,no,no,cellular,28,aug,140,9,-1,0,unknown,no
58,management,divorced,tertiary,no,0.0,no,no,cellular,15,oct,126,2,-1,0,unknown,no
58,management,married,secondary,no,0.0,yes,yes,cellular,3,nov,1233,1,351,2,failure,yes
45,blue-collar,married,secondary,no,7965.0,yes,no,unknown,29,may,97,1,-1,0,unknown,no
47,retired,married,tertiary,no,5584.5,no,no,cellular,22,may,354,1,-1,0,unknown,yes
48,blue-collar,married,primary,no,-385.5,yes,yes,cellular,9,jul,458,1,-1,0,unknown,no
61,services,divorced,secondary,no,-103.5,yes,no,unknown,7,may,216,3,-1,0,unknown,no
61,housemaid,married,tertiary,no,10050.0,yes,yes,cellular,20,apr,64,4,-1,0,unknown,no
46,unemployed,single,tertiary,no,1429.5,yes,no,cellular,22,may,169,1,94,2,other,no
47,management,single,tertiary,no,3244.5,no,no,cellular,25,jan,114,1,234,1,failure,no
68,management,married,tertiary,no,4146.0,no,no,cellular,17,nov,235,1,-1,0,unknown,no
69,retired,married,secondary,no,2812.5,yes,no,unknown,13,may,77,1,-1,0,unknown,no
64,management,married,secondary,no,5788.5,no,yes,cellular,20,nov,104,3,-1,0,unknown,no
67,blue-collar,married,secondary,no,0.0,no,yes,cellular,9,jul,45,1,-1,0,unknown,no
45,technician,single,tertiary,no,11319.0,yes,no,cellular,28,aug,255,1,88,2,other,no
54,housemaid,married,secondary,no,1243.5,no,no,cellular,28,jul,47,3,-1,0,unknown,no
56,admin.,married,secondary,no,0.0,no,yes,cellular,10,aug,225,1,-1,0,unknown,no
90,retired,divorced,primary,no,8791.5,no,no,telephone,26,apr,92,8,-1,0,unknown,no
39,management,single,tertiary,no,7041.0,no,no,cellular,15,jun,181,1,-1,0,unknown,no
46,unemployed,single,secondary,no,2593.5,no,no,cellular,21,nov,341,1,-1,0,unknown,no
41,blue-collar,single,secondary,no,79.5,yes,no,unknown,7,may,446,1,-1,0,unknown,no
49,student,single,tertiary,no,3154.5,no,no,cellular,2,feb,588,1,-1,0,unknown,yes
39,management,married,tertiary,no,1.5,yes,no,cellular,17,jul,695,1,-1,0,unknown,no
61,retired,married,tertiary,no,2418.0,yes,no,cellular,18,nov,61,2,131,1,failure,no
50,blue-collar,married,primary,no,156.0,yes,no,cellular,13,may,277,2,343,2,failure,no
41,management,married,tertiary,no,451.5,yes,no,cellular,18,may,34,6,-1,0,unknown,no
48,blue-collar,single,secondary,no,3297.0,no,no,cellular,9,feb,269,2,-1,0,unknown,no
42,blue-collar,married,primary,no,1891.5,yes,no,unknown,23,may,132,1,-1,0,unknown,no
49,services,married,secondary,no,370.5,yes,no,cellular,17,apr,244,2,-1,0,unknown,no
51,management,married,tertiary,no,447.0,no,no,cellular,4,may,63,3,272,1,other,no
43,retired,single,tertiary,no,864.0,no,no,cellular,25,may,220,1,111,2,other,no
43,management,married,tertiary,no,1473.0,no,no,unknown,4,jun,735,17,-1,0,unknown,no
84,retired,married,secondary,no,2571.0,no,no,telephone,17,feb,127,1,-1,0,unknown,yes
52,self-employed,married,tertiary,no,894.0,yes,no,unknown,19,may,66,9,-1,0,unknown,no
56,blue-collar,married,secondary,no,2299.5,no,yes,cellular,14,aug,168,4,-1,0,unknown,no
50,retired,single,secondary,no,-91.5,yes,yes,unknown,16,may,698,9,-1,0,unknown,no
51,self-employed,single,tertiary,no,5925.0,yes,no,unknown,30,may,96,2,-1,0,unknown,no
38,blue-collar,single,secondary,no,91.5,yes,no,cellular,14,may,428,3,-1,0,unknown,no
42,student,single,secondary,no,91.5,no,yes,cellular,5,jul,178,3,515,7,failure,no
36,blue-collar,married,secondary,no,426.0,yes,no,unknown,27,may,301,1,-1,0,unknown,no
39,management,married,secondary,no,240.0,no,no,cellular,9,feb,844,2,-1,0,unknown,no
56,retired,married,secondary,no,1050.0,yes,yes,cellular,2,feb,299,1,-1,0,unknown,no
44,management,single,tertiary,no,606.0,yes,no,cellular,5,feb,10,6,-1,0,unknown,no
37,admin.,married,secondary,no,198.0,no,no,cellular,13,oct,123,2,-1,0,unknown,no
62,self-employed,married,secondary,no,556.5,yes,no,telephone,4,feb,50,1,208,1,other,no
40,management,married,tertiary,no,628.5,yes,no,cellular,4,jun,194,1,-1,0,unknown,yes
37,services,married,secondary,no,150.0,no,no,cellular,16,jul,57,2,-1,0,unknown,no
56,retired,single,secondary,no,-204.0,yes,no,unknown,28,may,223,1,-1,0,unknown,no
36,blue-collar,married,secondary,no,232.5,no,yes,cellular,15,jul,76,3,-1,0,unknown,no
43,retired,married,secondary,no,-336.0,yes,no,cellular,14,may,152,2,259,8,other,no
43,blue-collar,married,secondary,no,34.5,yes,no,cellular,5,may,173,1,-1,0,unknown,no
57,management,married,tertiary,no,442.5,yes,no,cellular,5,aug,157,1,-1,0,unknown,no
36,unemployed,single,secondary,no,195.0,yes,no,cellular,15,may,283,3,-1,0,unknown,no
42,blue-collar,married,secondary,no,447.0,yes,no,unknown,29,may,142,7,-1,0,unknown,no
47,technician,married,secondary,no,516.0,yes,yes,cellular,17,nov,56,1,-1,0,unknown,no
63,management,married,tertiary,no,51345.0,yes,yes,cellular,7,may,279,1,358,9,other,no
63,services,married,unknown,no,246.0,no,no,cellular,29,jan,139,1,-1,0,unknown,no
60,admin.,divorced,secondary,no,1195.5,yes,no,telephone,21,nov,205,3,119,8,failure,no
40,blue-collar,married,secondary,no,6583.5,yes,no,cellular,30,apr,82,6,-1,0,unknown,no
42,retired,single,primary,no,3760.5,yes,no,unknown,2,jun,215,1,-1,0,unknown,no
41,management,married,tertiary,no,10470.0,no,no,cellular,12,aug,157,2,-1,0,unknown,no
38,blue-collar,married,secondary,no,376.5,yes,no,cellular,7,may,754,1,-1,0,unknown,no
45,technician,married,tertiary,no,303.0,no,no,cellular,21,nov,175,1,-1,0,unknown,no
55,technician,married,secondary,no,402.0,no,no,cellular,7,jul,96,14,-1,0,unknown,no
36,blue-collar,single,unknown,no,715.5,yes,no,unknown,4,jun,87,1,-1,0,unknown,no
54,management,single,tertiary,no,724.5,no,no,cellular,6,mar,207,2,199,6,success,yes
41,retired,married,secondary,no,1894.5,yes,no,cellular,20,nov,364,1,-1,0,unknown,no
36,services,single,tertiary,no,18.0,no,no,cellular,15,dec,72,4,186,6,success,no
45,retired,married,secondary,no,1929.0,yes,no,cellular,5,may,862,3,337,1,other,yes
45,entrepreneur,married,secondary,no,3111.0,yes,no,unknown,5,jun,144,7,-1,0,unknown,no
31,student,single,secondary,no,184.5,no,no,telephone,12,aug,449,1,-1,0,unknown,yes
66,technician,married,secondary,no,1167.0,no,no,cellular,2,feb,315,2,208,1,failure,no
46,services,married,secondary,no,276.0,yes,no,unknown,7,may,128,3,-1,0,unknown,no
61,technician,married,secondary,no,18091.5,yes,no,unknown,13,may,332,1,-1,0,unknown,no
46,self-employed,single,tertiary,no,7266.0,no,no,unknown,9,jun,1137,3,-1,0,unknown,yes
65,technician,married,secondary,no,454.5,no,yes,cellular,13,aug,261,2,-1,0,unknown,no
47,blue-collar,married,secondary,no,25090.5,yes,no,cellular,20,apr,152,2,-1,0,unknown,no
59,management,married,secondary,no,0.0,no,no,cellular,19,aug,141,2,-1,0,unknown,no
46,management,single,tertiary,no,1429.5,yes,no,cellular,17,apr,72,1,346,1,other,no
34,retired,single,secondary,no,2587.5,yes,no,cellular,7,may,59,1,-1,0,unknown,no
62,services,married,secondary,no,985.5,no,no,telephone,7,jul,398,2,460,2,failure,yes
47,retired,married,secondary,no,-714.0,yes,no,unknown,26,may,149,2,-1,0,unknown,no
53,unemployed,married,secondary,no,261.0,no,yes,cellular,19,aug,308,2,-1,0,unknown,no
55,technician,married,secondary,no,5190.0,no,no,cellular,27,aug,116,4,-1,0,unknown,no
49,retired,single,tertiary,no,1111.5,yes,no,cellular,7,may,69,1,-1,0,unknown,no
41,technician,single,secondary,no,582.0,no,no,cellular,11,aug,144,2,-1,0,unknown,no
45,management,married,tertiary,no,1215.0,no,no,unknown,11,jun,124,4,-1,0,unknown,no
46,admin.,single,secondary,no,202.5,no,no,unknown,5,jun,308,1,-1,0,unknown,no
50,admin.,divorced,secondary,no,-157.5,yes,no,unknown,30,may,385,2,-1,0,unknown,no
52,technician,divorced,secondary,no,0.0,yes,no,unknown,28,may,471,2,-1,0,unknown,no
57,technician,divorced,secondary,no,1519.5,no,no,cellular,15,jun,54,3,-1,0,unknown,no
69,retired,divorced,secondary,no,3594.0,no,no,cellular,20,nov,488,1,-1,0,unknown,yes
66,management,single,tertiary,no,5541.0,no,no,cellular,25,aug,57,4,-1,0,unknown,no
50,entrepreneur,married,secondary,no,3378.0,no,no,unknown,12,jun,144,1,-1,0,unknown,no
34,technician,single,secondary,no,5889.0,yes,no,unknown,16,may,320,2,-1,0,unknown,no
39,blue-collar,single,secondary,no,586.5,yes,no,cellular,18,may,166,1,-1,0,unknown,no
34,admin.,single,secondary,no,1942.5,no,no,cellular,21,apr,476,1,-1,0,unknown,yes
41,blue-collar,married,secondary,no,3871.5,no,no,cellular,12,may,240,1,365,2,failure,no
57,services,married,secondary,no,516.0,yes,no,unknown,3,jun,87,1,-1,0,unknown,no
69,self-employed,married,secondary,no,301.5,no,no,cellular,18,nov,117,2,-1,0,unknown,no
45,blue-collar,single,secondary,no,7444.5,yes,no,cellular,14,may,456,1,300,1,failure,yes
48,management,married,tertiary,no,139.5,yes,no,cellular,26,aug,69,4,-1,0,unknown,no
51,blue-collar,married,secondary,yes,-306.0,yes,no,unknown,15,may,50,7,-1,0,unknown,no
68,management,divorced,tertiary,no,7555.5,yes,no,cellular,18,nov,1437,2,-1,0,unknown,yes
41,retired,single,secondary,no,1282.5,yes,no,cellular,16,apr,94,1,317,2,failure,no
51,unemployed,divorced,secondary,no,730.5,no,no,cellular,16,nov,163,1,200,1,failure,no
62,management,married,tertiary,no,3823.5,yes,no,cellular,5,may,604,1,-1,0,unknown,no
45,retired,single,secondary,no,5434.5,no,no,telephone,30,oct,160,1,-1,0,unknown,yes
64,self-employed,single,tertiary,no,1140.0,no,no,telephone,21,nov,336,1,-1,0,unknown,no
41,retired,single,secondary,no,0.0,yes,no,unknown,20,may,150,1,-1,0,unknown,no
46,blue-collar,married,secondary,no,2074.5,yes,no,telephone,13,may,16,6,-1,0,unknown,no
63,management,married,secondary,no,76.5,yes,no,cellular,17,apr,109,1,-1,0,unknown,no
48,blue-collar,married,secondary,no,4027.5,no,no,unknown,20,jun,22,12,-1,0,unknown,no
49,technician,single,secondary,no,1572.0,yes,yes,cellular,8,apr,201,2,-1,0,unknown,no
54,blue-collar,married,secondary,no,-273.0,yes,yes,cellular,14,may,10,10,-1,0,unknown,no
56,unknown,married,unknown,no,3757.5,no,no,unknown,6,jun,135,2,-1,0,unknown,no
45,blue-collar,married,secondary,no,231.0,yes,no,unknown,23,may,211,4,-1,0,unknown,no
41,management,single,tertiary,no,0.0,no,no,cellular,21,aug,218,2,-1,0,unknown,no
67,retired,married,secondary,no,1054.5,yes,no,unknown,15,may,405,2,-1,0,unknown,no
46,admin.,married,secondary,no,456.0,yes,no,cellular,2,feb,249,3,-1,0,unknown,no
52,blue-collar,married,secondary,no,528.0,yes,no,cellular,11,may,79,3,-1,0,unknown,no
47,blue-collar,single,secondary,no,220.5,no,no,cellular,28,jul,192,19,-1,0,unknown,no
42,unemployed,married,tertiary,no,424.5,yes,no,cellular,22,jul,151,2,-1,0,unknown,no
62,management,single,tertiary,no,1236.0,no,no,cellular,8,may,466,1,354,2,failure,no
66,retired,married,primary,no,1263.0,no,yes,unknown,5,jun,108,1,-1,0,unknown,no
51,admin.,divorced,secondary,no,5734.5,no,no,cellular,26,apr,234,10,-1,0,unknown,no
50,management,married,tertiary,yes,0.0,no,no,cellular,28,jul,165,5,-1,0,unknown,no
63,retired,divorced,tertiary,no,898.5,yes,no,unknown,13,may,322,3,-1,0,unknown,no
35,services,single,secondary,no,-528.0,no,no,cellular,15,jul,246,1,-1,0,unknown,no
40,services,married,secondary,no,1522.5,yes,no,cellular,20,nov,24,1,113,8,failure,no
69,housemaid,married,secondary,no,750.0,no,no,unknown,5,jun,94,1,-1,0,unknown,no
44,technician,single,secondary,no,0.0,no,no,cellular,20,aug,113,2,-1,0,unknown,no
53,services,married,secondary,no,1234.5,yes,no,unknown,14,may,293,3,-1,0,unknown,no
64,technician,divorced,secondary,no,480.0,no,no,cellular,6,aug,254,4,-1,0,unknown,no
47,retired,married,tertiary,no,0.0,yes,no,cellular,11,may,148,2,-1,0,unknown,no
58,management,single,secondary,no,91.5,yes,no,unknown,28,may,198,1,-1,0,unknown,no
57,blue-collar,married,secondary,no,3822.0,yes,no,cellular,11,may,577,1,368,1,other,no
51,entrepreneur,married,secondary,no,-2823.0,yes,no,cellular,18,nov,17,5,151,2,other,no
36,blue-collar,married,primary,no,-235.5,yes,no,unknown,19,jun,60,1,-1,0,unknown,no
53,management,married,tertiary,no,-190.5,no,no,cellular,6,aug,400,2,-1,0,unknown,no
42,management,single,tertiary,no,6393.0,yes,no,cellular,19,nov,361,1,-1,0,unknown,no
60,retired,married,primary,no,373.5,yes,no,unknown,6,may,129,1,-1,0,unknown,no
76,retired,married,secondary,no,304.5,no,no,cellular,7,jul,376,1,-1,0,unknown,yes
64,technician,divorced,secondary,no,0.0,yes,yes,cellular,3,feb,62,2,203,5,failure,no
56,admin.,married,secondary,no,105.0,yes,no,cellular,27,mar,229,2,-1,0,unknown,yes
41,retired,single,secondary,no,0.0,no,no,cellular,28,aug,18,15,-1,0,unknown,no
52,technician,married,secondary,no,4.5,no,no,cellular,28,aug,11,26,-1,0,unknown,no
56,management,married,tertiary,no,562.5,no,no,cellular,9,jul,130,1,-1,0,unknown,no
60,management,married,secondary,no,175.5,yes,no,telephone,13,may,216,4,-1,0,unknown,no
35,retired,single,secondary,no,256.5,yes,no,cellular,15,may,178,1,359,2,failure,no
40,technician,married,tertiary,no,151.5,yes,yes,cellular,7,jul,187,3,-1,0,unknown,no
39,admin.,single,tertiary,no,21.0,no,no,cellular,12,jan,106,1,105,2,failure,no
51,blue-collar,married,secondary,no,181.5,yes,no,cellular,13,may,16,6,176,5,other,no
42,retired,married,secondary,no,13.5,yes,no,cellular,17,apr,334,2,-1,0,unknown,no
37,management,single,tertiary,no,277.5,no,no,cellular,31,oct,18,1,-1,0,unknown,no
51,entrepreneur,married,tertiary,no,0.0,yes,no,cellular,3,feb,168,3,-1,0,unknown,no
55,blue-collar,married,primary,no,1840.5,no,no,unknown,5,jun,127,3,-1,0,unknown,no
64,technician,married,secondary,no,5950.5,no,yes,cellular,29,jul,90,3,-1,0,unknown,no
48,admin.,married,secondary,no,0.0,yes,no,cellular,8,jun,187,1,181,2,success,yes
35,technician,single,secondary,no,46.5,no,no,cellular,2,aug,300,3,-1,0,unknown,no
46,unemployed,single,tertiary,no,1936.5,no,no,cellular,30,apr,195,1,86,1,success,yes
51,blue-collar,divorced,primary,no,0.0,no,no,cellular,30,jul,509,2,-1,0,unknown,yes
57,services,married,secondary,no,426.0,no,no,cellular,26,aug,266,5,-1,0,unknown,no
57,blue-collar,married,secondary,no,12343.5,no,no,cellular,8,aug,784,2,-1,0,unknown,yes
61,technician,married,tertiary,no,3759.0,no,no,cellular,30,nov,210,3,-1,0,unknown,no
44,management,married,tertiary,no,1248.0,no,no,cellular,8,aug,229,4,-1,0,unknown,no
46,services,single,secondary,no,513.0,yes,no,unknown,7,may,142,1,-1,0,unknown,no
46,management,divorced,tertiary,no,1585.5,no,no,cellular,19,jul,230,2,164,2,failure,yes
44,admin.,single,secondary,no,901.5,no,no,cellular,17,nov,184,3,-1,0,unknown,no
59,management,married,tertiary,no,1657.5,yes,no,cellular,21,nov,13,3,113,2,other,no
67,management,married,secondary,no,123.0,no,yes,telephone,4,feb,140,1,-1,0,unknown,no
50,entrepreneur,married,secondary,no,75.0,no,no,cellular,26,aug,63,6,-1,0,unknown,no
63,services,divorced,secondary,no,-436.5,yes,yes,unknown,7,may,591,1,-1,0,unknown,yes
54,unemployed,married,secondary,yes,-757.5,yes,no,unknown,3,jun,113,11,-1,0,unknown,no
49,retired,married,secondary,no,279.0,no,no,cellular,2,feb,171,1,-1,0,unknown,no
48,admin.,single,secondary,no,1353.0,yes,no,telephone,31,jul,58,13,-1,0,unknown,no
55,blue-collar,married,unknown,no,879.0,no,no,cellular,14,aug,168,2,-1,0,unknown,no
41,blue-collar,single,secondary,no,859.5,yes,no,telephone,5,feb,58,1,269,2,failure,no
70,retired,married,secondary,no,720.0,no,yes,telephone,15,jul,341,6,-1,0,unknown,no
44,technician,single,secondary,no,153.0,no,no,cellular,30,jan,89,1,-1,0,unknown,no
63,management,single,tertiary,no,0.0,no,no,cellular,30,jul,595,1,-1,0,unknown,no
41,management,single,tertiary,no,1962.0,no,no,cellular,22,aug,323,3,-1,0,unknown,no
60,admin.,married,tertiary,no,0.0,no,no,telephone,29,aug,253,2,-1,0,unknown,no
54,unemployed,divorced,secondary,no,783.0,no,no,cellular,7,apr,411,1,-1,0,unknown,no
70,services,divorced,secondary,no,1137.0,no,no,cellular,3,feb,282,1,-1,0,unknown,no
44,technician,married,secondary,no,-2235.0,yes,yes,cellular,7,may,219,1,-1,0,unknown,no
48,blue-collar,divorced,secondary,no,235.5,no,no,unknown,9,jun,299,5,-1,0,unknown,no
83,retired,divorced,primary,no,7542.0,no,no,cellular,4,dec,696,10,-1,0,unknown,yes
47,management,single,tertiary,no,345.0,yes,yes,cellular,2,feb,120,2,272,1,failure,no
56,technician,single,secondary,no,6550.5,yes,no,cellular,3,jun,65,1,96,1,failure,no
68,blue-collar,married,secondary,no,1749.0,yes,no,unknown,12,may,493,1,-1,0,unknown,no
40,services,married,secondary,no,2614.5,yes,no,cellular,5,feb,192,4,-1,0,unknown,no
44,blue-collar,married,secondary,no,933.0,yes,no,unknown,21,may,145,1,-1,0,unknown,no
38,services,single,secondary,no,60.0,yes,no,unknown,28,may,313,2,-1,0,unknown,no
37,management,single,tertiary,no,318.0,yes,no,cellular,15,may,373,1,-1,0,unknown,no
50,blue-collar,married,secondary,no,1002.0,yes,no,cellular,17,apr,156,2,318,1,other,no
36,management,single,secondary,no,106.5,no,no,unknown,17,jun,390,2,-1,0,unknown,no
43,technician,married,tertiary,no,26182.5,yes,yes,cellular,18,nov,168,3,179,4,failure,no
42,blue-collar,single,primary,no,150.0,yes,no,unknown,16,may,376,2,-1,0,unknown,no
40,blue-collar,single,secondary,no,0.0,yes,no,cellular,12,may,271,1,349,4,failure,no
58,retired,single,secondary,no,-550.5,yes,no,cellular,10,jul,281,1,-1,0,unknown,no
53,unemployed,single,tertiary,no,612.0,no,no,cellular,14,jul,568,8,-1,0,unknown,no
36,services,single,tertiary,no,4204.5,no,no,cellular,3,feb,11,7,-1,0,unknown,no
75,retired,married,secondary,no,2014.5,no,no,telephone,2,feb,468,2,-1,0,unknown,no
52,self-employed,married,secondary,no,142.5,no,no,cellular,19,aug,119,6,-1,0,unknown,no
46,management,single,tertiary,no,1924.5,no,no,cellular,18,aug,92,5,-1,0,unknown,no
54,admin.,married,secondary,no,357.0,yes,yes,unknown,2,jun,306,4,-1,0,unknown,no
86,self-employed,married,unknown,no,7476.0,no,no,telephone,15,jun,126,3,48,2,success,no
67,technician,married,secondary,no,156.0,no,no,cellular,27,aug,86,5,-1,0,unknown,no
68,blue-collar,married,secondary,no,2439.0,no,no,cellular,20,aug,391,4,-1,0,unknown,no
58,blue-collar,divorced,secondary,no,6895.5,yes,no,cellular,10,jul,285,1,-1,0,unknown,no
49,technician,single,tertiary,no,3925.5,yes,no,unknown,2,jun,164,2,-1,0,unknown,no
57,retired,married,unknown,yes,243.0,no,no,cellular,25,aug,366,3,-1,0,unknown,yes
44,management,married,tertiary,no,3898.5,no,no,cellular,16,nov,95,1,200,2,success,no
48,management,married,tertiary,no,1651.5,yes,no,cellular,9,mar,78,2,120,1,failure,no
53,blue-collar,divorced,primary,no,1851.0,yes,no,cellular,7,may,307,1,-1,0,unknown,no
43,technician,single,secondary,no,472.5,yes,no,cellular,18,may,179,3,374,2,other,no
56,technician,married,secondary,no,3790.5,yes,yes,unknown,29,may,201,3,-1,0,unknown,no
57,retired,married,secondary,no,1303.5,yes,no,unknown,29,may,216,2,-1,0,unknown,no
57,self-employed,married,tertiary,no,3454.5,yes,no,cellular,6,may,323,2,364,1,failure,no
49,blue-collar,single,unknown,no,4261.5,yes,no,unknown,5,jun,1121,3,-1,0,unknown,no
43,technician,married,secondary,no,2766.0,yes,no,unknown,29,may,241,3,-1,0,unknown,no
42,technician,single,secondary,no,18.0,no,no,cellular,7,aug,173,2,-1,0,unknown,no
52,entrepreneur,married,tertiary,no,505.5,yes,yes,cellular,18,nov,63,3,-1,0,unknown,no
42,admin.,married,secondary,no,0.0,no,no,cellular,30,jan,119,3,-1,0,unknown,no
44,blue-collar,married,secondary,no,4.5,yes,no,telephone,8,may,26,1,-1,0,unknown,no
39,management,single,secondary,no,1054.5,yes,no,cellular,16,nov,236,1,550,2,success,yes
66,entrepreneur,married,primary,no,126.0,no,no,cellular,29,jan,184,2,-1,0,unknown,no
40,services,single,secondary,no,946.5,yes,no,cellular,18,may,98,1,-1,0,unknown,no
43,admin.,single,secondary,no,1831.5,yes,no,unknown,23,may,245,1,-1,0,unknown,no
49,self-employed,married,tertiary,no,2238.0,yes,no,cellular,25,jul,1106,1,-1,0,unknown,no
55,services,married,secondary,no,33.0,yes,no,unknown,8,may,209,3,-1,0,unknown,no
51,unemployed,married,primary,no,6168.0,no,no,cellular,5,feb,764,2,-1,0,unknown,no
57,blue-collar,married,secondary,no,720.0,no,no,unknown,20,jun,9,6,-1,0,unknown,no
58,unknown,married,unknown,no,837.0,no,no,cellular,25,aug,433,6,-1,0,unknown,no
55,technician,married,secondary,no,177.0,yes,no,unknown,7,may,208,2,-1,0,unknown,no
48,services,married,secondary,no,-672.0,yes,no,cellular,21,jul,929,15,-1,0,unknown,no
49,retired,married,secondary,no,372.0,yes,no,cellular,17,apr,649,1,-1,0,unknown,no
47,unemployed,married,secondary,no,1728.0,no,no,cellular,29,jan,222,1,-1,0,unknown,no
47,retired,married,secondary,no,142.5,no,no,cellular,6,feb,454,3,-1,0,unknown,no
53,admin.,divorced,secondary,no,1107.0,yes,no,unknown,14,may,71,4,-1,0,unknown,no
47,technician,married,secondary,no,8070.0,no,no,cellular,25,aug,123,6,-1,0,unknown,no
52,services,single,secondary,no,1315.5,no,no,cellular,17,nov,90,2,-1,0,unknown,no
47,blue-collar,single,unknown,no,-171.0,yes,no,unknown,21,may,113,2,-1,0,unknown,no
46,admin.,single,secondary,no,880.5,yes,no,cellular,13,apr,239,3,-1,0,unknown,no
58,blue-collar,married,secondary,no,639.0,yes,yes,cellular,5,feb,153,2,177,2,failure,no
51,entrepreneur,divorced,secondary,no,-43.5,yes,no,cellular,10,jul,188,1,-1,0,unknown,no
39,services,single,secondary,no,1042.5,no,no,unknown,3,jul,97,1,-1,0,unknown,no
49,housemaid,married,tertiary,no,141.0,no,no,cellular,6,aug,181,2,-1,0,unknown,no
68,technician,single,secondary,no,12900.0,yes,no,cellular,18,nov,61,1,-1,0,unknown,no
46,self-employed,married,secondary,no,526.5,yes,no,cellular,17,apr,1554,3,343,2,failure,no
35,student,married,tertiary,no,15.0,yes,no,cellular,21,jul,857,4,-1,0,unknown,yes
53,retired,single,secondary,no,930.0,no,yes,cellular,29,jan,155,1,-1,0,unknown,no
35,retired,single,secondary,no,327.0,no,yes,cellular,7,jul,448,1,-1,0,unknown,no
56,blue-collar,married,secondary,no,10318.5,no,no,cellular,20,jul,296,1,281,2,failure,no
67,retired,married,tertiary,no,3391.5,yes,no,unknown,8,may,1007,1,-1,0,unknown,no
67,admin.,married,secondary,no,850.5,yes,no,cellular,2,feb,87,2,265,3,other,no
57,self-employed,married,tertiary,no,1516.5,no,no,cellular,6,oct,808,1,-1,0,unknown,yes
70,retired,married,secondary,yes,22.5,no,no,unknown,6,may,80,1,-1,0,unknown,no
40,self-employed,single,secondary,no,1546.5,no,no,unknown,20,oct,7,1,-1,0,unknown,no
52,blue-collar,married,primary,no,1453.5,yes,no,cellular,13,may,721,1,-1,0,unknown,no
68,entrepreneur,married,tertiary,no,1279.5,no,no,unknown,5,jun,1149,2,-1,0,unknown,yes
61,blue-collar,divorced,secondary,no,124.5,yes,no,unknown,16,may,24,4,-1,0,unknown,no
46,admin.,single,secondary,no,172.5,no,no,cellular,4,may,134,3,91,1,failure,no
49,retired,married,secondary,yes,0.0,no,no,cellular,16,jul,528,9,-1,0,unknown,no
47,management,single,unknown,no,1072.5,yes,no,unknown,20,may,247,2,-1,0,unknown,no
41,management,married,tertiary,no,33819.0,yes,no,cellular,20,aug,88,4,-1,0,unknown,no
52,blue-collar,married,secondary,no,-411.0,yes,no,cellular,10,jul,75,1,-1,0,unknown,no
54,services,single,secondary,no,927.0,no,no,cellular,12,may,193,1,-1,0,unknown,yes
42,technician,single,secondary,no,15.0,yes,no,unknown,8,may,107,1,-1,0,unknown,no
38,retired,single,unknown,no,261.0,no,no,cellular,28,sep,184,1,-1,0,unknown,no
63,technician,married,secondary,no,355.5,yes,no,telephone,21,jul,18,1,-1,0,unknown,no
66,management,divorced,tertiary,no,6399.0,yes,no,unknown,17,jun,490,4,-1,0,unknown,yes
48,admin.,married,primary,no,4.5,yes,yes,unknown,5,jun,124,2,-1,0,unknown,no
64,services,divorced,secondary,no,0.0,no,no,cellular,18,mar,362,1,290,3,success,yes
60,technician,divorced,secondary,no,594.0,no,no,unknown,20,jun,716,2,-1,0,unknown,yes
44,blue-collar,married,secondary,no,370.5,yes,yes,unknown,26,may,193,5,-1,0,unknown,no
41,technician,single,secondary,no,-699.0,no,no,cellular,22,aug,142,1,-1,0,unknown,no
55,management,single,tertiary,no,466.5,yes,yes,cellular,22,may,81,1,-1,0,unknown,no
67,admin.,married,secondary,no,1912.5,no,yes,cellular,15,jul,377,4,-1,0,unknown,no
81,retired,married,secondary,no,3096.0,no,no,cellular,9,aug,370,2,291,1,failure,no
67,services,married,primary,no,2550.0,yes,no,cellular,29,jul,178,12,-1,0,unknown,no
52,admin.,divorced,secondary,no,1030.5,yes,yes,unknown,23,may,229,1,-1,0,unknown,no
41,management,single,tertiary,no,14259.0,no,no,cellular,8,aug,321,2,-1,0,unknown,no
57,blue-collar,married,secondary,no,4180.5,no,no,cellular,11,aug,479,1,-1,0,unknown,yes
60,self-employed,married,tertiary,no,6018.0,no,no,cellular,19,nov,690,3,-1,0,unknown,no
42,management,married,tertiary,no,1437.0,yes,no,telephone,17,jul,151,1,-1,0,unknown,no
49,management,married,tertiary,no,337.5,yes,no,cellular,20,nov,554,2,-1,0,unknown,no
68,retired,married,secondary,no,282.0,no,no,cellular,14,aug,141,2,-1,0,unknown,no
46,self-employed,married,secondary,no,1867.5,yes,no,unknown,6,jun,1469,9,-1,0,unknown,yes
46,housemaid,married,secondary,no,1137.0,no,no,unknown,17,jun,236,2,-1,0,unknown,no
55,blue-collar,single,secondary,no,0.0,no,no,cellular,5,aug,374,2,472,1,success,yes
58,blue-collar,married,secondary,no,979.5,yes,no,unknown,27,may,24,1,-1,0,unknown,no
50,technician,married,secondary,no,985.5,yes,no,cellular,19,nov,178,1,112,2,failure,no
51,management,married,secondary,no,34.5,no,yes,cellular,21,nov,59,1,-1,0,unknown,no
45,management,single,tertiary,no,0.0,no,yes,cellular,14,aug,370,4,-1,0,unknown,no
45,services,married,secondary,no,2179.5,yes,no,unknown,28,may,199,1,-1,0,unknown,no
56,retired,married,secondary,no,3594.0,no,no,cellular,8,may,307,1,-1,0,unknown,no
61,management,married,tertiary,no,8014.5,no,no,cellular,18,nov,54,1,-1,0,unknown,no
47,technician,divorced,secondary,no,1764.0,no,yes,unknown,21,may,282,2,-1,0,unknown,no
39,technician,single,secondary,no,642.0,yes,no,cellular,24,jul,273,2,-1,0,unknown,no
53,technician,single,secondary,no,676.5,no,no,cellular,12,aug,289,2,-1,0,unknown,yes
45,management,married,tertiary,no,759.0,yes,no,cellular,5,feb,193,4,-1,0,unknown,no
66,unemployed,married,secondary,no,3828.0,yes,no,unknown,15,may,176,2,-1,0,unknown,no
56,retired,married,primary,no,862.5,no,no,cellular,25,aug,129,3,-1,0,unknown,no
42,admin.,single,tertiary,no,1087.5,no,no,cellular,27,aug,53,4,-1,0,unknown,no
56,admin.,married,unknown,no,3049.5,no,no,cellular,24,feb,99,2,86,5,failure,no
42,blue-collar,married,secondary,no,537.0,no,no,unknown,26,may,396,1,-1,0,unknown,no
36,services,married,secondary,no,1296.0,yes,yes,cellular,14,may,466,1,-1,0,unknown,no
41,services,married,secondary,no,432.0,no,no,cellular,30,jan,164,1,-1,0,unknown,no
49,management,married,tertiary,no,312.0,no,no,cellular,20,aug,170,4,-1,0,unknown,no
49,services,married,secondary,no,139.5,yes,no,cellular,11,may,72,4,-1,0,unknown,no
38,blue-collar,single,primary,no,1083.0,yes,no,unknown,21,may,150,1,-1,0,unknown,no
67,unknown,married,unknown,no,3399.0,no,no,unknown,20,jun,42,5,-1,0,unknown,no
47,retired,married,tertiary,no,1462.5,yes,yes,cellular,21,nov,69,9,-1,0,unknown,no
38,management,single,tertiary,no,0.0,yes,no,cellular,16,jul,767,5,-1,0,unknown,yes
42,entrepreneur,married,secondary,no,1192.5,no,no,cellular,8,aug,131,3,-1,0,unknown,no
45,entrepreneur,married,tertiary,no,420.0,yes,no,unknown,21,may,502,1,-1,0,unknown,no
46,self-employed,single,tertiary,no,3000.0,no,no,unknown,6,jun,94,1,-1,0,unknown,no
52,blue-collar,married,secondary,no,514.5,yes,no,telephone,14,may,33,7,365,7,failure,no
41,technician,single,secondary,no,1036.5,yes,no,cellular,8,may,198,1,-1,0,unknown,no
55,retired,married,secondary,no,2215.5,yes,no,cellular,8,jul,355,1,-1,0,unknown,no
62,technician,married,secondary,no,789.0,no,yes,cellular,26,aug,60,6,-1,0,unknown,no
76,retired,married,tertiary,no,220.5,no,no,telephone,12,jan,411,1,-1,0,unknown,yes
60,retired,married,secondary,no,2146.5,no,no,cellular,20,aug,112,4,-1,0,unknown,no
71,unemployed,married,primary,no,1.5,no,no,cellular,25,sep,85,1,-1,0,unknown,no
37,student,single,tertiary,no,786.0,no,no,cellular,6,feb,496,2,-1,0,unknown,no
45,blue-collar,divorced,primary,no,433.5,yes,no,cellular,13,may,296,1,-1,0,unknown,no
39,blue-collar,married,secondary,no,2238.0,yes,no,unknown,2,jun,267,10,-1,0,unknown,no
34,blue-collar,single,secondary,no,2785.5,yes,no,cellular,8,oct,147,1,92,5,other,yes
38,services,single,tertiary,no,1105.5,yes,yes,unknown,27,may,955,1,-1,0,unknown,no
68,blue-collar,married,secondary,no,7782.0,yes,no,cellular,25,aug,606,6,-1,0,unknown,yes
47,technician,married,tertiary,no,511.5,no,no,cellular,13,aug,287,3,182,3,success,yes
42,retired,married,secondary,no,72.0,yes,no,cellular,28,jul,76,3,-1,0,unknown,no
55,technician,single,tertiary,no,3049.5,no,no,cellular,15,jun,243,5,285,2,success,yes
68,management,married,secondary,no,-573.0,no,no,telephone,5,feb,398,4,189,12,success,no
67,retired,married,secondary,no,316.5,yes,no,unknown,5,may,248,2,-1,0,unknown,no
42,admin.,married,secondary,no,85.5,no,yes,cellular,22,jul,50,2,-1,0,unknown,no
68,retired,divorced,secondary,no,658.5,no,yes,cellular,10,jul,48,2,-1,0,unknown,no
59,management,divorced,tertiary,no,450.0,no,no,cellular,21,jul,316,1,-1,0,unknown,yes
54,technician,married,secondary,no,496.5,yes,no,cellular,20,aug,256,4,-1,0,unknown,no
49,admin.,married,secondary,no,408.0,yes,yes,cellular,29,jan,199,1,234,2,failure,no
45,blue-collar,married,secondary,no,7956.0,yes,no,cellular,20,nov,340,1,183,2,failure,no
41,blue-collar,married,secondary,no,204.0,no,no,cellular,12,may,228,2,267,1,failure,yes
44,management,married,tertiary,no,0.0,yes,no,cellular,7,aug,262,1,99,2,success,yes
41,blue-collar,single,secondary,no,4801.5,yes,no,unknown,26,may,96,5,-1,0,unknown,no
41,retired,single,secondary,no,3816.0,no,no,cellular,15,jul,252,1,184,3,success,yes
40,blue-collar,married,secondary,no,729.0,yes,no,unknown,29,may,1109,3,-1,0,unknown,yes
59,blue-collar,married,secondary,no,-63.0,no,no,cellular,6,aug,585,4,-1,0,unknown,no
36,student,single,secondary,no,6919.5,no,no,cellular,28,may,663,3,196,2,other,yes
58,blue-collar,married,secondary,no,6388.5,no,no,cellular,31,jul,84,7,-1,0,unknown,no
51,retired,married,secondary,no,768.0,yes,no,unknown,6,may,233,2,-1,0,unknown,no
40,management,single,secondary,no,12151.5,yes,no,cellular,21,nov,49,1,-1,0,unknown,no
62,retired,divorced,secondary,no,3003.0,no,no,unknown,4,jun,103,4,-1,0,unknown,no
56,technician,married,tertiary,no,-553.5,yes,yes,cellular,6,feb,339,4,-1,0,unknown,no
67,retired,married,secondary,no,205.5,no,yes,telephone,18,jul,54,7,-1,0,unknown,no
66,self-employed,married,secondary,no,1176.0,no,yes,cellular,30,jul,149,2,-1,0,unknown,no
39,blue-collar,single,secondary,no,-207.0,yes,yes,unknown,8,may,271,5,-1,0,unknown,no
49,management,married,secondary,no,1510.5,yes,no,cellular,18,nov,281,1,-1,0,unknown,no
37,entrepreneur,married,tertiary,no,208.5,no,no,cellular,15,jul,448,5,-1,0,unknown,yes
58,management,married,secondary,no,595.5,no,no,unknown,11,jun,389,6,-1,0,unknown,no
78,retired,married,primary,no,3451.5,no,no,cellular,14,aug,90,3,120,1,failure,no
37,admin.,single,secondary,no,360.0,yes,yes,unknown,9,jun,46,1,-1,0,unknown,no
53,retired,married,tertiary,no,-12.0,yes,no,unknown,20,may,473,2,-1,0,unknown,no
34,student,single,tertiary,no,1251.0,no,no,cellular,9,sep,679,1,-1,0,unknown,yes
63,management,married,tertiary,no,112.5,no,no,cellular,20,aug,216,2,-1,0,unknown,no
49,blue-collar,married,primary,no,3253.5,no,no,unknown,17,jun,170,2,-1,0,unknown,no
43,blue-collar,single,secondary,no,1816.5,yes,no,cellular,15,may,39,1,361,4,failure,no
51,self-employed,married,tertiary,no,-292.5,yes,yes,cellular,4,feb,52,3,-1,0,unknown,no
67,retired,divorced,secondary,no,966.0,no,yes,cellular,31,jul,263,4,-1,0,unknown,no
50,retired,married,primary,no,0.0,no,no,cellular,24,jul,313,1,-1,0,unknown,no
38,admin.,single,secondary,no,826.5,no,yes,cellular,8,jul,161,1,-1,0,unknown,no
51,blue-collar,single,primary,no,4855.5,no,no,cellular,14,may,240,3,363,4,other,no
66,services,married,primary,no,666.0,yes,no,unknown,6,jun,432,1,-1,0,unknown,no
64,self-employed,divorced,tertiary,no,5928.0,no,no,unknown,6,jun,28,6,-1,0,unknown,no
45,management,married,tertiary,no,0.0,yes,no,cellular,5,aug,148,2,-1,0,unknown,no
48,blue-collar,single,primary,no,174.0,no,yes,unknown,30,jun,203,1,-1,0,unknown,no
40,blue-collar,married,unknown,no,297.0,yes,no,unknown,21,may,149,3,-1,0,unknown,no
38,blue-collar,married,primary,no,309.0,yes,no,cellular,14,may,155,2,-1,0,unknown,no
52,technician,married,unknown,no,0.0,no,no,unknown,11,jun,241,1,-1,0,unknown,no
69,management,married,secondary,no,0.0,no,yes,cellular,10,jul,60,1,-1,0,unknown,no
43,retired,married,tertiary,no,724.5,yes,no,cellular,3,feb,280,2,-1,0,unknown,no
85,retired,divorced,secondary,no,1278.0,no,no,cellular,15,mar,341,1,-1,0,unknown,no
57,services,single,secondary,no,5466.0,no,no,unknown,9,jun,83,2,-1,0,unknown,no
47,blue-collar,married,secondary,no,2385.0,no,no,unknown,12,jun,305,2,-1,0,unknown,no
64,admin.,divorced,secondary,no,10633.5,no,no,telephone,17,nov,40,1,-1,0,unknown,no
62,technician,divorced,secondary,no,-837.0,no,no,cellular,14,aug,152,5,-1,0,unknown,no
40,retired,single,tertiary,no,153.0,yes,no,cellular,18,dec,364,3,-1,0,unknown,yes
62,retired,divorced,secondary,no,181.5,yes,no,cellular,24,jul,241,2,-1,0,unknown,no
33,blue-collar,single,secondary,no,6126.0,yes,no,unknown,3,jun,118,7,-1,0,unknown,no
59,blue-collar,married,primary,no,735.0,yes,no,telephone,18,may,19,5,364,2,failure,no
41,technician,single,secondary,no,6.0,no,no,cellular,21,aug,102,3,-1,0,unknown,no
52,services,divorced,secondary,no,0.0,yes,yes,cellular,23,jul,168,1,-1,0,unknown,no
60,technician,married,secondary,no,634.5,no,no,telephone,7,aug,204,4,-1,0,unknown,no
35,admin.,single,secondary,no,144.0,yes,no,unknown,9,may,176,2,-1,0,unknown,no
67,management,married,tertiary,no,157.5,no,no,cellular,9,feb,415,4,-1,0,unknown,no
42,technician,single,tertiary,no,1785.0,yes,no,cellular,8,aug,131,4,-1,0,unknown,no
46,services,married,secondary,no,0.0,yes,no,cellular,18,nov,1093,2,-1,0,unknown,no
44,blue-collar,married,primary,no,-1.5,yes,no,cellular,18,may,1057,6,355,1,other,yes
45,management,single,tertiary,no,1030.5,yes,no,unknown,30,may,166,2,-1,0,unknown,no
48,technician,divorced,secondary,no,1999.5,yes,yes,unknown,28,may,188,1,-1,0,unknown,no
59,services,married,secondary,no,-760.5,no,no,telephone,28,jan,148,2,-1,0,unknown,no
47,blue-collar,married,primary,no,4576.5,no,no,cellular,14,may,386,4,-1,0,unknown,no
60,retired,married,secondary,no,1632.0,yes,no,unknown,20,jun,179,21,-1,0,unknown,no
49,blue-collar,divorced,secondary,no,5955.0,yes,no,cellular,18,nov,56,1,-1,0,unknown,no
43,unemployed,single,secondary,no,1759.5,no,no,cellular,30,jan,844,3,-1,0,unknown,no
60,management,married,tertiary,no,189.0,yes,no,cellular,12,may,132,3,-1,0,unknown,no
83,management,married,tertiary,no,2413.5,no,no,cellular,14,jul,169,2,-1,0,unknown,yes
46,services,single,secondary,no,-495.0,yes,no,unknown,27,may,256,2,-1,0,unknown,no
47,blue-collar,married,secondary,yes,1720.5,yes,yes,unknown,26,may,114,2,-1,0,unknown,no
40,management,single,tertiary,no,1561.5,no,no,cellular,5,aug,68,1,-1,0,unknown,no
42,technician,married,secondary,no,1044.0,yes,no,unknown,2,jun,815,1,-1,0,unknown,yes
45,blue-collar,married,unknown,no,7233.0,yes,no,unknown,20,may,843,2,-1,0,unknown,yes
57,management,married,secondary,no,934.5,yes,no,cellular,13,may,102,6,-1,0,unknown,no
62,management,married,secondary,no,8401.5,no,no,cellular,4,aug,46,1,-1,0,unknown,no
44,blue-collar,married,secondary,no,-844.5,yes,no,unknown,26,may,252,1,-1,0,unknown,no
59,entrepreneur,divorced,secondary,no,15525.0,no,yes,cellular,24,jul,346,1,-1,0,unknown,no
68,management,married,tertiary,no,1969.5,no,no,telephone,24,aug,420,4,-1,0,unknown,no
58,technician,married,secondary,no,1500.0,no,no,cellular,21,nov,104,2,-1,0,unknown,no
39,management,single,tertiary,no,43.5,no,no,cellular,2,feb,144,1,-1,0,unknown,no
55,self-employed,married,secondary,no,1267.5,no,no,unknown,20,jun,76,4,-1,0,unknown,no
49,self-employed,married,secondary,no,1975.5,no,no,unknown,17,jun,42,4,-1,0,unknown,no
62,blue-collar,single,primary,no,3036.0,yes,no,unknown,14,may,314,1,-1,0,unknown,no
41,blue-collar,single,unknown,no,9421.5,no,no,cellular,22,oct,257,1,128,3,other,yes
58,admin.,married,secondary,no,273.0,yes,no,unknown,6,may,180,2,-1,0,unknown,no
51,technician,single,tertiary,no,-133.5,yes,no,cellular,3,feb,195,4,251,4,failure,no
66,retired,divorced,primary,no,1765.5,no,no,cellular,30,jul,39,2,-1,0,unknown,no
48,blue-collar,married,secondary,no,100.5,no,no,cellular,28,jan,74,1,239,2,failure,no
69,retired,divorced,primary,no,1791.0,yes,no,cellular,15,jun,132,4,389,2,failure,no
53,management,married,tertiary,no,117.0,yes,no,cellular,21,nov,36,1,109,1,other,no
41,management,divorced,tertiary,no,0.0,no,no,cellular,2,feb,269,2,-1,0,unknown,no
39,blue-collar,single,secondary,no,312.0,yes,no,unknown,23,may,249,1,-1,0,unknown,no
55,management,single,tertiary,no,1228.5,no,no,telephone,20,nov,25,8,-1,0,unknown,no
45,technician,single,secondary,no,17134.5,yes,no,unknown,23,may,107,1,-1,0,unknown,no
45,technician,single,secondary,no,21.0,no,no,cellular,11,aug,113,2,-1,0,unknown,no
59,retired,divorced,secondary,no,336.0,no,yes,cellular,31,jul,79,4,-1,0,unknown,no
41,management,divorced,tertiary,no,621.0,no,yes,cellular,16,jul,241,1,-1,0,unknown,yes
60,blue-collar,divorced,secondary,no,256.5,no,no,cellular,14,aug,75,3,-1,0,unknown,no
49,blue-collar,married,secondary,no,-196.5,yes,yes,unknown,27,may,232,1,-1,0,unknown,no
37,management,single,tertiary,no,12.0,no,no,telephone,8,jan,176,2,-1,0,unknown,no
51,technician,married,secondary,no,528.0,yes,no,cellular,18,nov,129,2,-1,0,unknown,no
63,admin.,married,secondary,no,15811.5,no,no,cellular,9,feb,164,2,92,1,success,yes
50,management,married,tertiary,no,3220.5,yes,no,unknown,30,may,115,1,-1,0,unknown,no
46,blue-collar,married,primary,no,9127.5,yes,no,unknown,16,jun,186,6,-1,0,unknown,no
42,blue-collar,single,secondary,no,0.0,no,no,cellular,23,jul,271,6,-1,0,unknown,no
42,admin.,married,secondary,no,3702.0,yes,yes,cellular,28,jul,131,4,-1,0,unknown,no
35,blue-collar,single,secondary,no,373.5,yes,no,unknown,12,may,149,5,-1,0,unknown,no
87,retired,married,unknown,no,57.0,no,no,telephone,3,feb,261,1,-1,0,unknown,no
51,retired,married,tertiary,no,97.5,yes,no,unknown,6,may,524,2,-1,0,unknown,no
61,blue-collar,married,primary,no,5631.0,no,yes,cellular,13,aug,202,3,-1,0,unknown,no
45,blue-collar,married,secondary,no,-276.0,yes,no,telephone,12,may,155,2,-1,0,unknown,no
50,blue-collar,married,primary,no,492.0,yes,no,cellular,13,may,112,1,-1,0,unknown,no
40,retired,married,tertiary,no,1600.5,no,no,cellular,4,feb,78,2,-1,0,unknown,no
54,retired,married,tertiary,no,588.0,yes,no,unknown,9,may,124,2,-1,0,unknown,no
71,retired,married,secondary,no,7794.0,no,no,telephone,16,mar,244,2,95,4,other,no
37,management,single,tertiary,no,1705.5,yes,no,cellular,8,may,26,1,-1,0,unknown,no
47,retired,married,secondary,no,-523.5,yes,no,unknown,27,may,319,5,-1,0,unknown,no
52,retired,single,tertiary,no,0.0,no,no,cellular,7,sep,99,1,-1,0,unknown,no
39,management,married,tertiary,no,202.5,no,no,cellular,29,jul,225,4,-1,0,unknown,no
55,retired,divorced,unknown,no,2734.5,no,no,cellular,2,jul,97,1,377,2,failure,no
44,blue-collar,married,secondary,no,1200.0,no,no,cellular,5,apr,144,1,-1,0,unknown,yes
67,services,married,secondary,no,1.5,no,no,unknown,7,may,852,1,-1,0,unknown,no
37,retired,married,secondary,no,1227.0,yes,no,unknown,3,jun,188,5,-1,0,unknown,no
43,retired,single,tertiary,no,1402.5,no,no,cellular,9,feb,385,2,92,8,success,yes
38,blue-collar,married,primary,no,39.0,no,no,unknown,12,may,40,3,-1,0,unknown,no
54,management,divorced,tertiary,no,520.5,yes,yes,cellular,14,aug,63,2,-1,0,unknown,no
52,admin.,single,secondary,no,1714.5,yes,yes,telephone,17,nov,106,1,-1,0,unknown,no
39,services,single,secondary,no,918.0,no,no,cellular,5,feb,47,1,198,5,other,no
47,technician,married,tertiary,no,6658.5,yes,no,cellular,31,jul,70,29,-1,0,unknown,no
46,blue-collar,single,secondary,no,1690.5,yes,no,cellular,10,jul,455,1,-1,0,unknown,no
58,admin.,divorced,secondary,no,0.0,yes,yes,cellular,26,mar,94,1,-1,0,unknown,no
63,entrepreneur,divorced,tertiary,no,481.5,yes,no,cellular,5,may,123,1,-1,0,unknown,no
50,services,divorced,secondary,no,13.5,no,no,cellular,28,jul,154,2,-1,0,unknown,no
50,technician,married,secondary,no,3864.0,yes,yes,unknown,12,may,10,11,-1,0,unknown,no
52,technician,married,secondary,no,133.5,yes,no,cellular,5,may,159,1,-1,0,unknown,no
57,housemaid,divorced,primary,no,925.5,no,no,telephone,29,jul,119,7,-1,0,unknown,no
57,management,married,tertiary,no,7573.5,no,no,cellular,22,aug,47,7,-1,0,unknown,no
45,management,married,tertiary,no,106.5,yes,no,cellular,30,apr,510,2,-1,0,unknown,no
53,admin.,single,secondary,no,562.5,no,yes,cellular,21,jul,163,4,-1,0,unknown,no
45,retired,single,secondary,no,213.0,yes,no,cellular,26,may,293,2,19,3,failure,no
50,housemaid,married,tertiary,no,1192.5,yes,no,unknown,29,may,725,3,-1,0,unknown,no
49,blue-collar,married,tertiary,no,15724.5,no,no,unknown,9,jun,218,1,-1,0,unknown,no
49,entrepreneur,married,tertiary,no,54.0,yes,no,unknown,26,may,488,3,-1,0,unknown,no
42,management,single,tertiary,no,0.0,yes,yes,cellular,17,nov,107,2,-1,0,unknown,no
36,technician,single,secondary,no,760.5,no,no,cellular,30,apr,380,1,-1,0,unknown,yes
60,management,divorced,tertiary,no,226.5,no,no,cellular,9,jun,103,4,-1,0,unknown,no
44,management,married,tertiary,no,0.0,no,no,cellular,3,jul,122,1,72,1,failure,no
47,admin.,married,secondary,yes,0.0,no,no,unknown,9,jun,89,1,-1,0,unknown,no
45,entrepreneur,married,tertiary,no,1129.5,no,no,cellular,7,aug,187,4,-1,0,unknown,no
46,blue-collar,married,secondary,no,0.0,yes,no,unknown,6,may,337,1,-1,0,unknown,no
49,technician,married,secondary,no,9799.5,yes,no,cellular,9,apr,226,1,-1,0,unknown,no
45,blue-collar,married,secondary,no,31.5,yes,no,cellular,8,apr,663,2,-1,0,unknown,no
66,admin.,married,secondary,no,9007.5,yes,no,unknown,19,jun,44,6,-1,0,unknown,no
49,management,divorced,tertiary,no,336.0,no,no,cellular,5,apr,208,1,-1,0,unknown,yes
42,management,single,tertiary,no,657.0,no,no,cellular,21,aug,318,5,-1,0,unknown,no
51,admin.,divorced,secondary,no,1614.0,yes,no,cellular,3,jun,77,2,391,2,other,no
49,services,married,secondary,no,-810.0,no,no,unknown,6,jun,29,1,-1,0,unknown,no
50,management,single,tertiary,no,5695.5,no,no,cellular,14,dec,263,1,195,2,failure,no
47,admin.,single,secondary,no,0.0,yes,yes,cellular,3,sep,144,2,463,6,failure,no
50,technician,married,secondary,no,84.0,yes,yes,cellular,29,jan,194,1,247,1,failure,no
44,management,single,tertiary,no,19.5,yes,no,unknown,27,may,222,2,-1,0,unknown,no
42,management,single,tertiary,no,468.0,no,no,cellular,26,may,208,2,98,2,success,yes
40,technician,single,secondary,no,244.5,yes,no,cellular,17,nov,72,3,-1,0,unknown,no
64,admin.,single,secondary,no,5016.0,yes,no,cellular,14,may,12,8,-1,0,unknown,no
54,retired,married,tertiary,no,645.0,no,no,cellular,7,may,97,2,171,2,failure,no
40,retired,single,tertiary,no,1621.5,no,no,cellular,6,aug,377,2,-1,0,unknown,no
45,admin.,single,secondary,no,3678.0,yes,no,unknown,5,jun,91,2,-1,0,unknown,no
65,technician,married,secondary,no,3655.5,no,no,cellular,4,aug,138,1,-1,0,unknown,no
37,admin.,married,secondary,no,0.0,yes,yes,cellular,18,may,157,5,-1,0,unknown,no
47,management,divorced,tertiary,no,198.0,yes,no,cellular,5,feb,175,5,253,1,other,no
50,management,married,unknown,no,9.0,yes,no,cellular,29,jul,64,4,-1,0,unknown,no
51,services,married,secondary,no,0.0,yes,yes,cellular,4,jun,352,2,122,2,failure,yes
57,blue-collar,divorced,secondary,yes,0.0,no,yes,unknown,26,jun,622,3,-1,0,unknown,no
48,self-employed,married,secondary,no,322.5,yes,no,cellular,20,nov,70,1,167,1,failure,no
46,technician,married,secondary,no,1044.0,yes,no,cellular,5,feb,590,5,-1,0,unknown,no
44,retired,single,tertiary,no,-421.5,no,no,cellular,29,aug,56,6,-1,0,unknown,no
59,admin.,married,secondary,no,5412.0,yes,no,unknown,13,nov,231,1,-1,0,unknown,yes
49,technician,married,tertiary,no,21.0,no,no,cellular,28,jan,114,2,-1,0,unknown,no
51,retired,divorced,secondary,no,1038.0,yes,no,cellular,30,jan,249,3,245,3,failure,no
47,blue-collar,married,secondary,no,592.5,yes,no,cellular,17,apr,157,2,-1,0,unknown,no
69,housemaid,married,primary,no,1402.5,yes,no,cellular,19,nov,103,3,166,2,failure,no
60,retired,divorced,secondary,no,42.0,yes,yes,unknown,29,may,313,2,-1,0,unknown,no
38,blue-collar,single,secondary,no,2932.5,no,no,cellular,29,jan,25,1,-1,0,unknown,no
43,services,married,unknown,no,133.5,yes,no,unknown,20,may,341,1,-1,0,unknown,no
53,blue-collar,married,secondary,no,12021.0,no,no,unknown,16,jun,523,1,-1,0,unknown,no
42,management,married,tertiary,no,1905.0,no,no,cellular,19,aug,232,3,-1,0,unknown,yes
62,blue-collar,married,primary,no,14166.0,no,no,cellular,7,jul,271,3,-1,0,unknown,no
44,retired,single,tertiary,no,5731.5,yes,no,cellular,13,may,649,2,-1,0,unknown,yes
63,retired,married,secondary,no,2479.5,no,no,unknown,17,jun,88,2,-1,0,unknown,no
69,retired,divorced,secondary,no,139.5,no,no,unknown,26,may,193,2,-1,0,unknown,no
43,blue-collar,married,secondary,no,786.0,yes,no,unknown,23,may,156,2,-1,0,unknown,no
42,services,married,secondary,no,7183.5,yes,yes,unknown,6,jun,407,4,-1,0,unknown,no
63,management,married,tertiary,no,1969.5,no,no,cellular,4,aug,136,2,-1,0,unknown,no
48,services,married,secondary,no,4017.0,no,no,cellular,28,sep,282,2,187,1,success,yes
57,services,married,secondary,no,2575.5,no,no,cellular,20,aug,216,9,-1,0,unknown,no
68,unemployed,divorced,secondary,no,1093.5,no,yes,cellular,9,feb,60,2,-1,0,unknown,no
70,admin.,married,secondary,no,58.5,yes,yes,unknown,5,may,208,1,-1,0,unknown,no
37,management,single,tertiary,no,2065.5,no,no,unknown,30,sep,6,1,-1,0,unknown,no
55,blue-collar,single,secondary,no,-150.0,yes,no,cellular,9,jul,93,1,-1,0,unknown,no
44,technician,married,secondary,no,1.5,no,no,cellular,28,aug,535,2,-1,0,unknown,yes
46,admin.,married,secondary,no,2800.5,yes,yes,unknown,27,may,243,2,-1,0,unknown,no
40,entrepreneur,married,tertiary,no,-195.0,yes,yes,unknown,3,jul,194,2,-1,0,unknown,no
37,admin.,single,secondary,no,391.5,yes,yes,cellular,3,jun,592,4,-1,0,unknown,yes
62,management,married,secondary,no,717.0,yes,no,unknown,14,may,110,2,-1,0,unknown,no
55,services,divorced,secondary,no,-42.0,no,yes,cellular,30,jan,87,1,-1,0,unknown,no
39,services,single,secondary,no,13.5,yes,no,cellular,18,may,19,5,-1,0,unknown,no
46,management,married,tertiary,no,187.5,yes,no,unknown,13,may,355,1,-1,0,unknown,no
42,management,married,tertiary,no,994.5,yes,no,cellular,7,aug,106,4,-1,0,unknown,no
44,retired,single,unknown,no,1030.5,yes,no,cellular,14,may,99,2,-1,0,unknown,no
60,management,married,tertiary,no,3952.5,no,no,cellular,26,may,303,2,-1,0,unknown,no
41,technician,married,tertiary,no,247.5,no,no,cellular,15,may,218,4,-1,0,unknown,no
65,management,single,tertiary,no,2196.0,yes,no,unknown,16,may,92,1,-1,0,unknown,no
69,retired,married,secondary,no,84.0,no,no,unknown,5,jun,396,1,-1,0,unknown,no
57,housemaid,married,tertiary,no,499.5,no,no,telephone,21,nov,8,5,137,1,failure,no
70,retired,married,primary,no,1126.5,yes,no,unknown,15,may,133,1,-1,0,unknown,no
57,blue-collar,married,primary,no,14019.0,no,no,cellular,22,aug,19,21,-1,0,unknown,no
62,retired,single,secondary,no,654.0,no,yes,unknown,22,mar,95,1,-1,0,unknown,yes
46,unemployed,married,secondary,no,1099.5,yes,no,unknown,20,may,335,1,-1,0,unknown,no
54,housemaid,married,primary,no,5559.0,no,no,unknown,17,jun,209,3,-1,0,unknown,no
47,management,married,tertiary,no,5691.0,no,no,cellular,18,aug,147,1,379,1,failure,no
50,admin.,married,secondary,no,810.0,yes,no,cellular,10,jul,217,1,-1,0,unknown,no
49,blue-collar,married,secondary,no,898.5,yes,no,unknown,6,jun,53,1,-1,0,unknown,no
45,technician,divorced,tertiary,no,-1492.5,yes,yes,cellular,25,aug,734,4,-1,0,unknown,no
41,retired,married,secondary,no,-321.0,yes,no,unknown,27,may,198,1,-1,0,unknown,no
48,blue-collar,married,secondary,no,2055.0,yes,no,cellular,11,may,472,2,-1,0,unknown,no
51,blue-collar,married,secondary,no,712.5,yes,no,unknown,17,jun,139,3,-1,0,unknown,no
32,services,single,secondary,no,541.5,no,no,telephone,1,sep,232,1,86,6,failure,no
35,services,single,secondary,no,148.5,no,yes,cellular,23,jul,207,2,-1,0,unknown,no
55,retired,married,secondary,no,502.5,no,no,cellular,9,jul,89,3,-1,0,unknown,no
53,management,married,tertiary,no,-274.5,no,no,cellular,24,jul,65,1,-1,0,unknown,no
62,blue-collar,married,secondary,no,-316.5,yes,yes,unknown,28,may,153,2,-1,0,unknown,no
43,blue-collar,married,secondary,no,744.0,no,no,cellular,12,may,151,1,-1,0,unknown,no
46,retired,married,primary,no,234.0,yes,no,cellular,21,nov,219,2,-1,0,unknown,no
38,blue-collar,married,secondary,no,79.5,yes,yes,cellular,6,feb,459,1,-1,0,unknown,no
62,services,married,secondary,no,-447.0,no,no,cellular,25,aug,228,4,-1,0,unknown,no
63,blue-collar,divorced,secondary,no,-1.5,yes,no,cellular,2,feb,138,3,5,1,other,no
48,admin.,married,secondary,no,2650.5,yes,no,cellular,12,nov,893,7,-1,0,unknown,yes
53,services,married,secondary,no,324.0,yes,yes,cellular,11,may,129,1,-1,0,unknown,no
58,blue-collar,married,secondary,no,1113.0,yes,yes,cellular,14,jul,304,4,-1,0,unknown,no
38,management,married,tertiary,no,592.5,no,no,unknown,21,may,178,1,-1,0,unknown,no
61,services,single,primary,no,3748.5,yes,no,cellular,12,may,98,5,-1,0,unknown,no
39,management,married,tertiary,no,12154.5,no,no,cellular,28,may,473,3,-1,0,unknown,yes
42,management,married,tertiary,no,-82.5,yes,no,cellular,26,aug,107,4,-1,0,unknown,no
54,blue-collar,married,secondary,no,4585.5,yes,no,unknown,26,may,98,4,-1,0,unknown,no
54,management,married,tertiary,no,0.0,no,no,unknown,13,may,27,1,-1,0,unknown,no
46,technician,married,secondary,no,8281.5,no,no,unknown,6,jun,61,1,-1,0,unknown,no
46,technician,single,secondary,no,526.5,no,no,cellular,25,aug,88,3,-1,0,unknown,no
40,management,single,tertiary,no,234.0,yes,no,unknown,9,jun,174,9,-1,0,unknown,no
54,blue-collar,married,primary,no,918.0,yes,yes,cellular,3,apr,1091,1,135,1,failure,no
56,technician,single,tertiary,no,2172.0,no,no,cellular,17,nov,292,1,-1,0,unknown,no
81,retired,married,secondary,no,8572.5,no,no,cellular,17,nov,747,2,-1,0,unknown,yes
69,blue-collar,married,primary,no,-819.0,no,no,cellular,25,aug,1152,6,-1,0,unknown,yes
57,blue-collar,married,primary,no,0.0,no,no,cellular,22,aug,98,3,-1,0,unknown,no
57,blue-collar,married,secondary,no,4162.5,no,no,unknown,14,may,262,1,-1,0,unknown,no
53,blue-collar,married,primary,no,51.0,yes,no,unknown,8,may,543,3,-1,0,unknown,no
48,blue-collar,single,secondary,no,72.0,no,no,unknown,19,jun,43,3,-1,0,unknown,no
40,admin.,married,secondary,no,273.0,yes,yes,cellular,5,may,143,1,364,1,failure,no
69,admin.,married,unknown,no,424.5,no,yes,unknown,17,nov,300,1,-1,0,unknown,no
42,blue-collar,divorced,secondary,no,-448.5,yes,no,cellular,8,jul,192,2,-1,0,unknown,no
67,unemployed,married,secondary,no,3448.5,no,no,cellular,12,nov,39,3,-1,0,unknown,no
43,technician,married,secondary,no,5205.0,no,no,cellular,11,aug,285,2,-1,0,unknown,no
48,management,married,tertiary,no,-105.0,yes,no,cellular,30,jan,140,1,2,3,other,no
48,technician,married,secondary,no,81.0,yes,yes,cellular,5,may,236,1,287,2,failure,no
63,admin.,married,secondary,no,163.5,no,no,telephone,2,jun,270,1,-1,0,unknown,yes
43,management,married,tertiary,no,0.0,yes,no,unknown,23,may,57,5,-1,0,unknown,no
60,management,married,tertiary,no,2788.5,no,no,cellular,11,aug,85,5,-1,0,unknown,no
39,unemployed,single,secondary,no,484.5,no,no,cellular,29,jan,151,1,-1,0,unknown,no
44,blue-collar,married,secondary,no,2608.5,yes,yes,unknown,21,may,213,2,-1,0,unknown,no
38,technician,single,tertiary,no,1014.0,no,no,cellular,5,feb,1138,2,-1,0,unknown,yes
83,retired,married,secondary,no,762.0,no,no,cellular,9,mar,176,1,-1,0,unknown,yes
41,management,married,tertiary,no,234.0,no,no,cellular,20,aug,77,2,-1,0,unknown,no
59,management,married,tertiary,no,26148.0,no,no,cellular,17,nov,102,1,-1,0,unknown,no
40,management,married,tertiary,no,6033.0,no,no,cellular,14,aug,214,2,-1,0,unknown,no
63,blue-collar,married,primary,no,1320.0,no,no,cellular,31,jul,207,4,-1,0,unknown,no
40,student,single,secondary,no,2521.5,no,no,cellular,23,mar,128,1,106,2,success,yes
70,blue-collar,divorced,secondary,no,1965.0,no,no,unknown,7,may,152,2,-1,0,unknown,no
67,management,married,tertiary,no,1977.0,no,no,cellular,16,oct,115,1,185,2,failure,yes
49,management,married,secondary,no,2820.0,no,no,cellular,12,aug,768,2,-1,0,unknown,yes
32,management,single,secondary,no,891.0,yes,no,unknown,13,may,154,1,-1,0,unknown,no
33,student,single,tertiary,no,0.0,no,no,cellular,10,aug,213,1,-1,0,unknown,yes
48,services,divorced,primary,no,0.0,yes,no,cellular,20,apr,355,3,151,3,failure,no
51,admin.,married,secondary,no,301.5,no,no,cellular,28,jan,114,1,-1,0,unknown,no
57,blue-collar,married,secondary,no,580.5,yes,no,unknown,7,may,122,2,-1,0,unknown,no
63,blue-collar,married,primary,yes,-693.0,no,no,cellular,29,jan,470,1,-1,0,unknown,yes
45,technician,married,secondary,no,1.5,no,no,cellular,2,feb,215,2,-1,0,unknown,no
35,management,single,tertiary,no,442.5,no,no,cellular,5,jun,169,1,-1,0,unknown,no
60,management,married,tertiary,no,2194.5,no,yes,cellular,16,jun,459,2,-1,0,unknown,no
56,management,married,unknown,no,1314.0,yes,no,cellular,31,jul,11,3,-1,0,unknown,no
65,admin.,married,secondary,no,208.5,yes,no,unknown,30,may,26,25,-1,0,unknown,no
54,management,divorced,tertiary,no,714.0,yes,yes,unknown,26,may,127,2,-1,0,unknown,no
70,admin.,divorced,secondary,no,1024.5,no,no,cellular,8,nov,507,1,-1,0,unknown,no
34,technician,single,tertiary,no,894.0,yes,no,unknown,13,may,451,1,-1,0,unknown,no
42,self-employed,single,secondary,no,6.0,yes,no,unknown,23,may,233,2,-1,0,unknown,no
39,retired,single,tertiary,no,484.5,no,no,cellular,3,feb,118,1,-1,0,unknown,no
37,services,single,secondary,no,9418.5,yes,no,cellular,9,nov,257,1,-1,0,unknown,no
50,retired,married,tertiary,no,2406.0,no,no,cellular,20,nov,117,1,-1,0,unknown,no
40,retired,single,tertiary,no,100.5,no,no,cellular,12,aug,52,2,-1,0,unknown,no
34,retired,single,tertiary,no,3564.0,no,no,cellular,11,aug,123,1,106,1,success,no
43,admin.,single,secondary,no,858.0,yes,no,cellular,14,apr,344,1,74,2,failure,yes
51,self-employed,married,secondary,no,4684.5,yes,no,cellular,3,apr,1203,2,135,2,failure,yes
45,blue-collar,married,secondary,no,6.0,yes,yes,cellular,16,jul,130,6,-1,0,unknown,no
36,technician,divorced,tertiary,no,4731.0,yes,yes,unknown,27,may,121,1,-1,0,unknown,no
53,admin.,married,secondary,no,0.0,no,no,unknown,20,jun,804,12,-1,0,unknown,no
42,entrepreneur,married,unknown,no,340.5,yes,no,unknown,12,may,523,1,-1,0,unknown,no
53,admin.,divorced,secondary,no,880.5,yes,no,cellular,17,jul,282,1,-1,0,unknown,no
46,blue-collar,married,secondary,no,207.0,yes,no,unknown,4,jun,84,3,-1,0,unknown,no
54,management,married,tertiary,no,178.5,yes,no,cellular,10,jul,67,1,-1,0,unknown,no
55,blue-collar,married,primary,no,0.0,no,no,cellular,19,aug,92,2,-1,0,unknown,no
43,blue-collar,married,secondary,no,0.0,no,no,cellular,29,jul,454,6,-1,0,unknown,yes
36,technician,single,secondary,no,501.0,no,no,cellular,19,oct,217,1,-1,0,unknown,no
52,unemployed,married,secondary,no,375.0,yes,no,cellular,29,jul,247,3,-1,0,unknown,no
41,technician,single,secondary,no,586.5,no,no,cellular,13,aug,336,2,-1,0,unknown,no
64,self-employed,married,secondary,no,5293.5,no,no,cellular,4,aug,686,2,-1,0,unknown,no
65,management,married,tertiary,no,1110.0,no,no,cellular,25,aug,57,3,-1,0,unknown,no
77,retired,married,tertiary,no,4218.0,no,no,cellular,6,aug,190,1,-1,0,unknown,no
51,technician,married,tertiary,no,-22.5,yes,no,cellular,6,may,33,1,-1,0,unknown,no
64,blue-collar,married,secondary,no,0.0,no,no,telephone,17,nov,483,1,-1,0,unknown,no
67,self-employed,single,secondary,no,9084.0,yes,no,cellular,21,nov,18,5,-1,0,unknown,no
50,unemployed,single,tertiary,no,108.0,no,no,cellular,30,apr,463,1,-1,0,unknown,yes
45,retired,married,tertiary,no,366.0,yes,no,cellular,19,nov,138,1,-1,0,unknown,no
60,retired,married,tertiary,no,-774.0,yes,no,unknown,15,may,226,2,-1,0,unknown,no
42,retired,single,tertiary,no,0.0,no,no,cellular,19,aug,178,1,-1,0,unknown,no
49,services,divorced,secondary,no,-228.0,yes,no,cellular,3,apr,179,3,-1,0,unknown,no
54,entrepreneur,divorced,tertiary,no,474.0,yes,no,cellular,18,nov,244,1,-1,0,unknown,no
49,blue-collar,single,secondary,no,174.0,yes,no,unknown,26,may,182,3,-1,0,unknown,no
46,management,married,tertiary,no,1209.0,yes,no,cellular,3,feb,106,2,259,1,failure,no
55,technician,married,tertiary,no,-453.0,no,yes,unknown,1,jul,80,1,-1,0,unknown,no
66,blue-collar,single,primary,no,1108.5,yes,no,unknown,15,may,95,1,-1,0,unknown,no
49,admin.,single,secondary,no,2491.5,no,yes,cellular,8,jul,431,1,-1,0,unknown,no
48,technician,single,secondary,no,14415.0,yes,no,cellular,16,apr,249,2,-1,0,unknown,no
42,technician,single,tertiary,no,385.5,yes,no,unknown,2,jun,183,5,-1,0,unknown,no
40,services,single,secondary,no,445.5,yes,no,cellular,12,may,255,2,-1,0,unknown,no
52,management,married,tertiary,no,0.0,no,yes,telephone,12,may,139,3,361,4,failure,no
50,self-employed,married,secondary,no,936.0,no,no,cellular,10,jul,228,1,-1,0,unknown,no
42,blue-collar,single,secondary,no,850.5,yes,no,cellular,7,may,275,2,342,4,other,no
62,admin.,divorced,secondary,no,-603.0,yes,no,cellular,21,nov,151,1,-1,0,unknown,no
68,management,divorced,tertiary,no,7.5,yes,no,unknown,9,jun,412,1,-1,0,unknown,no
48,technician,single,secondary,no,921.0,yes,no,unknown,20,may,116,1,-1,0,unknown,no
55,technician,married,secondary,no,819.0,yes,yes,unknown,9,jun,152,4,-1,0,unknown,no
41,technician,single,secondary,no,1162.5,no,no,cellular,2,feb,361,1,-1,0,unknown,no
45,management,divorced,tertiary,no,481.5,yes,no,unknown,9,may,189,1,-1,0,unknown,no
47,admin.,single,secondary,no,895.5,yes,no,cellular,5,may,126,1,-1,0,unknown,no
73,unknown,married,secondary,no,550.5,no,no,telephone,4,mar,262,1,178,6,failure,no
48,admin.,single,secondary,no,367.5,yes,yes,cellular,17,apr,71,2,345,2,success,no
41,technician,single,secondary,no,1779.0,yes,no,unknown,23,may,136,1,-1,0,unknown,no
57,management,married,tertiary,no,3895.5,no,no,cellular,31,jul,52,2,-1,0,unknown,no
52,management,divorced,tertiary,no,1864.5,no,no,cellular,26,aug,1000,4,-1,0,unknown,yes
64,management,married,tertiary,no,438.0,no,no,unknown,12,jun,120,1,-1,0,unknown,no
43,admin.,married,secondary,no,814.5,yes,no,cellular,7,may,244,2,-1,0,unknown,no
52,services,married,secondary,no,231.0,yes,no,telephone,14,may,346,5,372,1,other,no
64,retired,married,secondary,no,931.5,no,yes,cellular,9,jul,180,1,-1,0,unknown,no
70,retired,married,tertiary,no,2004.0,no,no,unknown,18,jun,324,1,-1,0,unknown,no
51,management,married,tertiary,no,0.0,no,no,cellular,17,sep,294,4,63,11,other,yes
55,services,married,secondary,no,693.0,yes,no,cellular,11,may,65,2,-1,0,unknown,no
49,management,divorced,tertiary,no,7513.5,yes,no,cellular,15,jul,1083,2,-1,0,unknown,no
60,blue-collar,divorced,secondary,no,-81.0,no,no,cellular,24,jul,513,3,-1,0,unknown,no
49,admin.,married,secondary,no,390.0,yes,no,cellular,11,aug,175,2,116,2,failure,yes
48,services,married,secondary,no,6588.0,no,no,cellular,31,jul,32,2,-1,0,unknown,no
37,technician,single,secondary,no,4096.5,no,no,telephone,16,jun,30,1,-1,0,unknown,no
41,retired,married,secondary,no,3904.5,yes,no,cellular,18,nov,224,1,-1,0,unknown,no
48,management,married,tertiary,no,289.5,no,no,cellular,18,nov,191,1,-1,0,unknown,no
66,blue-collar,married,secondary,no,1569.0,no,yes,unknown,17,jun,329,13,-1,0,unknown,no
66,retired,divorced,secondary,no,268.5,no,no,cellular,14,aug,47,2,-1,0,unknown,no
49,services,married,secondary,no,310.5,no,no,unknown,6,jun,78,2,-1,0,unknown,no
66,retired,married,primary,no,303.0,yes,no,unknown,9,may,178,2,-1,0,unknown,no
42,blue-collar,married,secondary,no,835.5,yes,yes,cellular,4,feb,210,2,253,1,failure,no
51,blue-collar,divorced,secondary,no,-135.0,yes,no,cellular,18,nov,103,6,-1,0,unknown,no
42,services,single,secondary,no,121.5,yes,no,unknown,7,may,126,5,-1,0,unknown,no
47,technician,divorced,secondary,no,849.0,yes,no,cellular,6,aug,168,2,-1,0,unknown,no
43,retired,single,secondary,no,562.5,yes,no,cellular,17,apr,151,1,-1,0,unknown,no
41,retired,single,secondary,no,1801.5,no,no,cellular,6,feb,270,5,-1,0,unknown,no
58,management,married,secondary,no,2269.5,no,no,cellular,29,jan,166,2,-1,0,unknown,no
43,services,single,secondary,no,222.0,yes,no,cellular,17,apr,271,1,150,1,failure,no
41,blue-collar,married,secondary,no,540.0,yes,no,unknown,23,may,395,1,-1,0,unknown,no
56,blue-collar,divorced,secondary,no,2568.0,no,no,unknown,19,jun,110,1,-1,0,unknown,no
54,services,divorced,secondary,no,3624.0,yes,no,unknown,14,may,304,3,-1,0,unknown,no
70,blue-collar,married,unknown,no,5307.0,no,no,unknown,11,jun,261,1,-1,0,unknown,no
59,management,married,tertiary,no,8419.5,no,no,cellular,20,jul,258,3,-1,0,unknown,no
42,management,married,tertiary,no,2718.0,no,no,cellular,4,aug,296,1,182,4,other,yes
42,retired,married,secondary,no,870.0,yes,no,cellular,30,apr,69,1,-1,0,unknown,no
46,management,married,tertiary,yes,-727.5,yes,no,cellular,19,nov,278,1,-1,0,unknown,no
48,blue-collar,single,tertiary,no,21087.0,no,no,telephone,17,jul,293,20,-1,0,unknown,no
67,blue-collar,married,primary,no,-357.0,no,no,unknown,27,jun,79,1,-1,0,unknown,no
42,entrepreneur,single,tertiary,no,89473.5,no,no,cellular,1,sep,69,2,-1,0,unknown,no
40,blue-collar,married,secondary,no,4.5,yes,yes,cellular,12,may,326,2,-1,0,unknown,no
58,unemployed,married,secondary,no,1225.5,no,no,cellular,16,jul,806,3,183,5,success,yes
69,retired,married,secondary,no,3852.0,no,no,cellular,20,aug,63,5,-1,0,unknown,no
40,retired,married,secondary,no,411.0,yes,yes,cellular,11,aug,97,2,-1,0,unknown,no
49,services,married,secondary,no,1602.0,yes,no,cellular,14,jul,214,3,-1,0,unknown,no
36,blue-collar,married,secondary,no,2553.0,yes,yes,cellular,18,may,21,1,-1,0,unknown,no
51,blue-collar,married,secondary,no,1854.0,yes,no,cellular,11,may,911,3,-1,0,unknown,yes
52,blue-collar,married,secondary,no,3235.5,yes,no,cellular,13,may,149,1,364,2,failure,no
36,services,single,secondary,no,318.0,yes,no,cellular,15,may,144,2,352,1,other,no
38,blue-collar,married,secondary,no,-142.5,yes,no,unknown,13,may,200,1,-1,0,unknown,no
53,blue-collar,married,primary,no,1816.5,yes,no,unknown,6,may,208,3,-1,0,unknown,no
52,technician,divorced,secondary,no,2533.5,yes,no,cellular,31,jul,50,2,-1,0,unknown,no
40,technician,married,secondary,no,358.5,yes,no,cellular,21,nov,302,2,95,8,failure,no
45,blue-collar,married,secondary,no,439.5,yes,no,cellular,17,apr,1017,1,325,1,other,yes
69,blue-collar,married,primary,no,480.0,yes,no,unknown,15,may,695,1,-1,0,unknown,yes
59,blue-collar,married,secondary,no,556.5,yes,no,cellular,31,jul,18,44,-1,0,unknown,no
48,management,single,tertiary,no,6123.0,yes,no,cellular,17,apr,322,2,-1,0,unknown,no
47,entrepreneur,married,primary,no,12.0,yes,yes,cellular,16,jul,46,1,-1,0,unknown,no
39,management,married,tertiary,no,0.0,yes,yes,cellular,15,jul,218,1,-1,0,unknown,no
52,retired,single,secondary,no,3802.5,yes,no,unknown,14,may,339,1,-1,0,unknown,no
37,services,single,secondary,no,2892.0,no,yes,cellular,15,jul,513,5,-1,0,unknown,no
36,retired,single,secondary,no,501.0,no,no,telephone,4,feb,46,1,-1,0,unknown,no
59,blue-collar,divorced,primary,no,1920.0,no,yes,cellular,12,aug,144,2,-1,0,unknown,no
64,blue-collar,married,secondary,no,3070.5,no,no,telephone,9,feb,150,7,194,6,failure,no
39,management,single,tertiary,no,111.0,no,no,cellular,6,aug,174,1,-1,0,unknown,no
48,services,single,secondary,no,-294.0,yes,no,cellular,2,feb,60,1,271,1,failure,no
65,services,divorced,secondary,no,211.5,yes,no,unknown,6,may,262,2,-1,0,unknown,no
43,management,married,tertiary,no,10731.0,no,no,cellular,2,aug,153,4,129,4,other,no
41,blue-collar,single,unknown,no,1000.5,yes,no,unknown,28,may,80,3,-1,0,unknown,no
70,retired,married,primary,no,2215.5,yes,no,cellular,16,jul,69,3,-1,0,unknown,no
67,admin.,married,secondary,no,1714.5,no,no,telephone,7,jul,69,3,-1,0,unknown,no
63,admin.,married,secondary,no,-562.5,yes,no,unknown,23,may,24,1,-1,0,unknown,no
75,retired,married,secondary,no,5718.0,no,no,cellular,18,aug,363,1,-1,0,unknown,no
41,blue-collar,married,secondary,no,2704.5,yes,no,telephone,15,may,350,8,360,1,failure,no
71,management,married,tertiary,no,400.5,no,no,cellular,20,apr,190,1,-1,0,unknown,yes
36,student,single,secondary,no,916.5,no,no,cellular,5,jun,455,3,-1,0,unknown,no
68,retired,married,primary,no,4662.0,no,yes,cellular,21,nov,53,1,-1,0,unknown,no
56,services,divorced,secondary,no,1894.5,yes,no,telephone,21,nov,220,2,-1,0,unknown,no
43,admin.,single,tertiary,no,735.0,yes,no,cellular,7,may,31,1,363,2,failure,no
43,blue-collar,single,secondary,yes,-90.0,no,no,unknown,6,may,243,1,-1,0,unknown,no
45,technician,single,tertiary,no,948.0,no,no,cellular,7,aug,141,1,-1,0,unknown,no
45,retired,married,tertiary,no,447.0,yes,no,unknown,3,jun,281,7,-1,0,unknown,no
41,self-employed,married,tertiary,yes,220.5,yes,no,cellular,11,may,12,5,-1,0,unknown,no
61,technician,divorced,secondary,no,11892.0,yes,no,cellular,20,nov,124,1,-1,0,unknown,no
39,technician,married,tertiary,no,1014.0,no,no,cellular,28,jul,470,4,-1,0,unknown,no
62,retired,married,secondary,no,558.0,yes,no,cellular,8,may,478,1,-1,0,unknown,no
81,retired,married,tertiary,no,979.5,no,no,telephone,3,sep,471,1,189,1,success,yes
39,retired,single,secondary,no,885.0,no,no,cellular,27,aug,81,1,94,1,success,yes
52,retired,married,tertiary,no,-2671.5,yes,yes,cellular,7,aug,197,2,-1,0,unknown,no
42,admin.,married,secondary,no,0.0,yes,no,unknown,20,may,464,2,-1,0,unknown,no
59,retired,married,tertiary,no,9919.5,no,no,cellular,19,nov,106,1,155,3,failure,no
43,management,married,tertiary,no,6855.0,no,no,cellular,22,aug,1258,2,-1,0,unknown,yes
62,retired,divorced,tertiary,no,5530.5,yes,yes,unknown,16,jun,741,4,-1,0,unknown,yes
37,unemployed,single,tertiary,no,190.5,no,no,cellular,3,feb,449,3,-1,0,unknown,no
53,blue-collar,married,primary,yes,1803.0,no,no,unknown,30,may,295,1,-1,0,unknown,no
52,management,married,unknown,no,513.0,yes,no,unknown,2,jun,156,5,-1,0,unknown,no
65,management,married,primary,no,169.5,no,no,cellular,12,aug,306,1,457,3,failure,yes
38,retired,single,secondary,no,184.5,yes,no,cellular,6,may,115,1,359,3,failure,no
55,retired,married,tertiary,no,12846.0,no,no,cellular,25,aug,53,1,-1,0,unknown,no
41,blue-collar,married,secondary,no,90.0,yes,no,unknown,3,jun,215,10,-1,0,unknown,no
63,self-employed,married,tertiary,no,2860.5,yes,no,unknown,2,jun,72,3,-1,0,unknown,no
53,retired,married,secondary,no,6084.0,no,no,cellular,4,may,13,6,89,2,failure,no
51,blue-collar,married,primary,no,2034.0,yes,no,cellular,13,may,50,2,-1,0,unknown,no
68,retired,married,primary,no,2641.5,no,no,unknown,12,jun,773,4,-1,0,unknown,no
60,management,married,tertiary,no,-226.5,yes,no,cellular,18,nov,63,2,-1,0,unknown,no
65,retired,married,secondary,no,17482.5,no,no,cellular,5,aug,114,1,-1,0,unknown,no
43,unemployed,married,secondary,no,-216.0,no,no,cellular,30,jul,481,3,-1,0,unknown,yes
33,services,single,secondary,no,0.0,yes,no,unknown,29,may,544,4,-1,0,unknown,no
50,technician,married,secondary,no,2728.5,no,no,cellular,5,jun,398,2,-1,0,unknown,no
51,blue-collar,divorced,secondary,no,582.0,no,no,cellular,14,aug,605,2,-1,0,unknown,no
57,management,married,primary,no,795.0,yes,no,cellular,14,jul,457,3,-1,0,unknown,no
44,blue-collar,single,primary,no,-514.5,yes,yes,cellular,19,nov,207,1,-1,0,unknown,no
61,housemaid,single,primary,no,1084.5,no,no,cellular,29,jan,51,1,-1,0,unknown,no
41,technician,single,secondary,no,34.5,no,no,cellular,28,aug,110,2,-1,0,unknown,no
51,technician,divorced,secondary,no,0.0,yes,no,cellular,17,nov,386,2,-1,0,unknown,no
61,services,married,secondary,no,216.0,no,yes,unknown,27,jun,153,2,-1,0,unknown,no
40,technician,single,tertiary,no,667.5,yes,no,unknown,27,may,182,1,-1,0,unknown,no
53,management,single,secondary,yes,-1746.0,yes,yes,cellular,18,jul,76,4,-1,0,unknown,no
40,technician,married,secondary,no,358.5,yes,no,cellular,20,apr,58,3,150,10,failure,no
43,services,single,secondary,no,4903.5,no,yes,cellular,18,jul,316,1,-1,0,unknown,no
40,unemployed,single,tertiary,no,459.0,no,no,unknown,26,may,372,14,-1,0,unknown,no
42,technician,single,secondary,no,7677.0,yes,no,cellular,27,aug,263,12,-1,0,unknown,no
66,self-employed,married,unknown,no,10.5,no,no,unknown,6,may,305,2,-1,0,unknown,no
43,blue-collar,single,primary,no,142.5,yes,no,unknown,7,may,102,1,-1,0,unknown,no
48,self-employed,divorced,secondary,no,0.0,yes,no,cellular,20,apr,84,1,-1,0,unknown,no
56,blue-collar,married,secondary,no,936.0,yes,no,cellular,16,apr,201,1,-1,0,unknown,no
37,services,single,secondary,no,388.5,yes,no,unknown,23,may,78,10,-1,0,unknown,no
50,admin.,divorced,secondary,no,411.0,yes,yes,cellular,25,jul,53,4,-1,0,unknown,no
66,blue-collar,married,secondary,no,526.5,yes,no,telephone,12,may,179,4,-1,0,unknown,no
51,services,married,primary,no,1218.0,yes,yes,cellular,29,jul,117,3,-1,0,unknown,no
60,technician,married,secondary,no,4723.5,yes,no,cellular,19,nov,69,1,190,1,other,no
40,management,married,tertiary,no,40.5,yes,no,cellular,12,jun,175,2,319,2,other,no
42,unemployed,single,primary,no,1366.5,no,yes,cellular,20,nov,42,7,-1,0,unknown,no
66,management,married,tertiary,no,720.0,yes,no,telephone,2,apr,173,2,-1,0,unknown,no
48,management,married,tertiary,no,1267.5,no,no,cellular,23,sep,134,1,-1,0,unknown,no
48,unemployed,single,tertiary,no,840.0,no,no,cellular,29,jan,316,1,-1,0,unknown,no
50,management,married,tertiary,no,4260.0,yes,no,cellular,8,jul,1720,4,-1,0,unknown,no
46,blue-collar,married,secondary,no,5902.5,yes,yes,unknown,27,may,220,6,-1,0,unknown,no
53,technician,married,tertiary,no,2227.5,no,no,cellular,21,aug,180,2,-1,0,unknown,no
42,management,married,tertiary,no,2283.0,yes,no,unknown,23,may,302,3,-1,0,unknown,no
47,management,single,tertiary,no,748.5,yes,no,unknown,16,may,537,1,-1,0,unknown,no
64,admin.,divorced,secondary,no,1186.5,no,yes,cellular,10,jul,66,1,-1,0,unknown,no
52,blue-collar,married,primary,no,2182.5,yes,no,cellular,2,feb,279,2,269,2,other,no
47,technician,married,secondary,no,1594.5,yes,no,cellular,31,jul,413,2,-1,0,unknown,no
42,blue-collar,married,primary,yes,-412.5,yes,yes,unknown,27,may,321,1,-1,0,unknown,no
56,admin.,married,secondary,no,268.5,yes,no,cellular,29,jan,194,4,436,1,other,no
45,technician,married,tertiary,no,2443.5,no,no,cellular,25,jul,653,4,-1,0,unknown,yes
55,management,married,tertiary,no,315.0,yes,no,cellular,21,jul,623,1,-1,0,unknown,no
49,technician,single,secondary,no,600.0,yes,no,cellular,15,may,237,2,-1,0,unknown,no
50,retired,single,secondary,no,864.0,yes,yes,cellular,20,apr,114,3,-1,0,unknown,no
39,retired,single,secondary,no,393.0,yes,no,unknown,9,may,134,1,-1,0,unknown,no
55,admin.,single,primary,no,2716.5,no,no,telephone,31,jul,50,7,-1,0,unknown,no
51,entrepreneur,married,tertiary,no,331.5,yes,no,unknown,14,may,57,2,-1,0,unknown,no
54,blue-collar,married,primary,no,139.5,yes,no,cellular,17,nov,230,1,-1,0,unknown,no
42,admin.,single,tertiary,no,408.0,yes,no,cellular,7,oct,73,2,-1,0,unknown,no
72,housemaid,married,tertiary,no,2292.0,no,no,cellular,14,apr,496,1,-1,0,unknown,yes
70,housemaid,divorced,secondary,no,2118.0,no,no,cellular,22,jul,127,4,-1,0,unknown,no
47,services,married,secondary,no,1992.0,yes,no,telephone,13,may,121,2,341,4,failure,no
42,services,single,secondary,no,73.5,yes,no,cellular,17,apr,184,4,-1,0,unknown,no
44,retired,married,secondary,no,657.0,yes,yes,cellular,9,apr,272,1,323,1,failure,no
42,blue-collar,married,primary,no,0.0,yes,no,cellular,11,may,130,3,-1,0,unknown,no
67,housemaid,divorced,primary,no,0.0,no,no,unknown,9,jun,97,1,-1,0,unknown,no
43,management,married,tertiary,no,9261.0,no,no,cellular,28,aug,19,14,-1,0,unknown,no
52,blue-collar,married,secondary,no,951.0,yes,no,cellular,24,jul,256,2,-1,0,unknown,no
42,admin.,married,secondary,no,-1908.0,yes,no,unknown,6,jun,606,5,-1,0,unknown,no
46,retired,married,tertiary,no,4510.5,yes,no,cellular,4,aug,160,1,-1,0,unknown,no
53,management,married,tertiary,no,9.0,no,no,cellular,8,aug,324,2,-1,0,unknown,no
44,student,single,unknown,no,1516.5,no,no,cellular,1,jun,253,1,-1,0,unknown,yes
34,retired,single,secondary,no,1033.5,no,no,cellular,8,sep,630,1,-1,0,unknown,yes
49,management,single,tertiary,no,-217.5,yes,no,cellular,2,feb,268,2,196,2,failure,no
57,blue-collar,married,unknown,no,5190.0,yes,no,unknown,5,jun,394,2,-1,0,unknown,no
87,unknown,married,unknown,no,595.5,no,no,telephone,7,may,300,3,-1,0,unknown,yes
65,services,single,secondary,no,1689.0,yes,no,telephone,14,may,166,1,-1,0,unknown,no
62,entrepreneur,married,secondary,no,0.0,no,no,cellular,7,aug,82,2,-1,0,unknown,no
41,technician,married,secondary,no,0.0,no,no,cellular,25,aug,249,6,-1,0,unknown,no
70,retired,married,tertiary,no,9835.5,no,no,cellular,7,aug,214,2,-1,0,unknown,no
56,entrepreneur,married,tertiary,no,1431.0,yes,yes,cellular,4,feb,532,2,-1,0,unknown,no
68,blue-collar,divorced,secondary,no,1654.5,yes,no,cellular,2,feb,226,1,202,4,failure,no
49,entrepreneur,married,secondary,no,15300.0,yes,no,cellular,3,apr,57,4,-1,0,unknown,no
45,services,married,secondary,no,4186.5,yes,no,cellular,15,may,45,1,-1,0,unknown,no
46,management,single,tertiary,no,2814.0,no,no,cellular,4,may,150,1,-1,0,unknown,no
54,admin.,single,secondary,no,133.5,yes,yes,cellular,8,may,164,1,-1,0,unknown,no
55,admin.,married,secondary,no,600.0,yes,yes,unknown,25,jun,103,5,-1,0,unknown,no
42,admin.,single,secondary,no,7.5,yes,yes,cellular,8,apr,110,1,-1,0,unknown,no
38,management,single,tertiary,no,1215.0,yes,no,cellular,5,feb,137,2,-1,0,unknown,no
41,entrepreneur,single,tertiary,no,1101.0,yes,no,cellular,7,may,295,1,168,4,other,no
51,blue-collar,married,secondary,no,-378.0,yes,no,unknown,29,may,166,5,-1,0,unknown,no
49,technician,married,secondary,no,0.0,yes,no,cellular,16,apr,137,1,300,1,failure,no
66,unemployed,married,secondary,no,8244.0,yes,no,cellular,3,feb,330,3,-1,0,unknown,no
39,retired,single,tertiary,no,1827.0,no,no,cellular,30,jan,258,2,-1,0,unknown,no
53,blue-collar,divorced,secondary,no,24.0,yes,no,unknown,14,may,485,2,-1,0,unknown,no
65,unknown,married,tertiary,no,5350.5,no,no,cellular,30,apr,85,1,-1,0,unknown,no
43,housemaid,married,primary,no,250.5,no,no,cellular,21,aug,141,2,-1,0,unknown,no
44,management,married,tertiary,no,778.5,no,no,cellular,11,aug,57,3,-1,0,unknown,no
59,management,married,tertiary,no,7126.5,no,no,cellular,12,aug,884,4,-1,0,unknown,yes
57,self-employed,married,secondary,no,3838.5,no,no,unknown,20,jun,374,1,-1,0,unknown,no
66,admin.,single,secondary,no,-19.5,no,no,unknown,16,jun,52,3,-1,0,unknown,no
51,technician,single,tertiary,no,667.5,yes,no,cellular,17,apr,138,1,267,1,failure,no
32,services,single,secondary,no,3409.5,no,yes,cellular,2,jul,98,1,-1,0,unknown,no
45,management,married,tertiary,no,0.0,yes,yes,cellular,25,jul,86,4,-1,0,unknown,no
38,management,single,tertiary,no,7405.5,yes,no,telephone,13,may,421,3,-1,0,unknown,no
41,services,single,secondary,no,2265.0,yes,no,cellular,13,may,72,4,176,1,failure,no
58,admin.,married,secondary,no,459.0,no,yes,unknown,17,jun,314,2,-1,0,unknown,no
41,admin.,single,secondary,no,615.0,no,no,cellular,25,oct,182,1,185,1,success,yes
37,retired,married,secondary,no,1314.0,yes,no,cellular,18,may,268,1,355,1,failure,no
40,retired,single,secondary,no,-459.0,yes,no,unknown,3,jun,275,1,-1,0,unknown,no
39,retired,married,tertiary,no,0.0,yes,no,cellular,7,may,253,2,302,1,failure,no
48,blue-collar,single,unknown,no,742.5,yes,no,unknown,8,may,297,1,-1,0,unknown,no
61,retired,divorced,secondary,no,-52.5,yes,no,cellular,8,may,498,1,263,5,failure,no
58,admin.,married,secondary,no,3799.5,no,no,cellular,29,apr,714,2,633,1,failure,no
36,blue-collar,married,secondary,no,0.0,yes,no,telephone,23,jul,157,4,-1,0,unknown,no
62,technician,married,secondary,no,0.0,no,no,cellular,29,aug,67,2,-1,0,unknown,no
46,blue-collar,single,secondary,no,426.0,no,no,unknown,9,jun,114,1,-1,0,unknown,no
55,management,married,tertiary,no,56067.0,yes,no,unknown,14,may,167,1,-1,0,unknown,no
48,admin.,married,secondary,no,-361.5,no,no,cellular,29,jan,570,2,-1,0,unknown,no
69,unknown,married,unknown,no,2250.0,no,no,cellular,16,nov,280,1,104,2,failure,no
41,retired,married,unknown,yes,-9.0,no,yes,telephone,7,jul,94,2,-1,0,unknown,no
54,services,married,secondary,no,40.5,no,no,cellular,25,may,485,1,-1,0,unknown,no
61,management,divorced,tertiary,no,2905.5,yes,no,cellular,18,nov,185,4,152,11,other,no
41,unknown,married,tertiary,no,789.0,no,no,cellular,26,aug,130,13,-1,0,unknown,no
56,admin.,married,secondary,no,-544.5,yes,yes,unknown,28,may,236,1,-1,0,unknown,no
52,management,married,tertiary,no,780.0,no,no,cellular,4,nov,158,1,-1,0,unknown,no
55,retired,married,secondary,no,687.0,yes,no,cellular,8,may,181,3,-1,0,unknown,no
40,blue-collar,married,secondary,no,93.0,no,no,cellular,21,jul,241,3,-1,0,unknown,no
48,technician,divorced,secondary,no,796.5,no,no,cellular,29,jan,214,3,226,7,failure,no
46,management,married,tertiary,no,1129.5,no,no,cellular,26,may,71,5,40,4,failure,no
54,technician,single,secondary,no,5157.0,yes,no,telephone,30,jul,68,2,-1,0,unknown,no
35,technician,single,secondary,no,1798.5,no,no,cellular,1,jun,287,1,-1,0,unknown,yes
47,technician,married,tertiary,no,132.0,no,no,cellular,6,may,195,1,90,3,other,yes
44,retired,married,secondary,no,51.0,no,no,cellular,30,jan,379,1,-1,0,unknown,no
47,blue-collar,divorced,secondary,yes,-81.0,yes,no,cellular,10,jul,573,6,-1,0,unknown,no
45,retired,married,primary,no,-468.0,yes,yes,telephone,29,jul,38,3,-1,0,unknown,no
67,blue-collar,married,secondary,no,1159.5,yes,yes,unknown,18,jun,97,8,-1,0,unknown,no
52,technician,married,secondary,no,124.5,yes,yes,cellular,11,may,120,2,-1,0,unknown,no
40,technician,single,tertiary,no,9928.5,yes,no,cellular,21,aug,239,8,-1,0,unknown,no
30,student,single,primary,no,1237.5,no,no,unknown,28,aug,27,1,-1,0,unknown,no
51,entrepreneur,divorced,tertiary,no,-619.5,yes,no,unknown,8,may,170,2,-1,0,unknown,no
63,retired,married,tertiary,no,3504.0,no,no,telephone,30,jan,173,2,2,3,other,no
62,technician,married,secondary,no,225.0,yes,no,telephone,21,jul,177,3,-1,0,unknown,no
41,services,married,unknown,no,-123.0,yes,no,cellular,31,jul,543,31,-1,0,unknown,no
36,management,single,tertiary,no,1911.0,yes,no,cellular,1,jun,190,1,84,1,failure,no
65,unknown,married,tertiary,no,0.0,no,no,unknown,16,may,409,3,-1,0,unknown,no
49,self-employed,single,tertiary,no,0.0,no,no,unknown,16,jun,13,1,-1,0,unknown,no
72,retired,married,secondary,no,550.5,no,no,telephone,7,sep,221,1,189,5,failure,no
37,retired,single,secondary,no,130.5,no,no,telephone,10,jul,245,1,-1,0,unknown,no
40,management,married,tertiary,no,9648.0,yes,no,cellular,5,may,334,6,165,5,failure,no
58,technician,married,secondary,no,720.0,no,yes,cellular,23,jul,371,1,-1,0,unknown,no
49,management,married,secondary,no,0.0,yes,no,cellular,24,jul,21,21,-1,0,unknown,no
47,technician,single,secondary,no,1179.0,yes,no,unknown,30,may,103,2,-1,0,unknown,no
42,technician,single,tertiary,no,70.5,yes,no,cellular,14,jul,213,3,-1,0,unknown,no
53,retired,single,primary,no,-598.5,no,yes,cellular,28,jul,662,3,-1,0,unknown,yes
65,management,married,tertiary,no,7165.5,no,yes,unknown,20,jun,12,3,-1,0,unknown,no
49,retired,married,primary,no,843.0,no,no,cellular,12,aug,234,2,-1,0,unknown,no
46,technician,married,secondary,no,39.0,no,no,unknown,9,jun,73,1,-1,0,unknown,no
52,admin.,single,secondary,no,6514.5,no,no,cellular,31,jul,245,4,-1,0,unknown,no
70,retired,divorced,secondary,no,459.0,yes,no,cellular,18,may,76,3,-1,0,unknown,no
55,entrepreneur,married,secondary,no,160.5,no,no,cellular,19,aug,129,11,-1,0,unknown,no
36,services,single,secondary,no,595.5,no,no,cellular,29,jan,268,1,-1,0,unknown,no
62,self-employed,married,tertiary,no,907.5,no,no,cellular,19,aug,191,4,-1,0,unknown,no
43,retired,married,tertiary,no,655.5,yes,no,cellular,9,jul,293,1,-1,0,unknown,no
40,admin.,married,tertiary,no,63.0,yes,yes,cellular,16,nov,75,1,-1,0,unknown,no
66,retired,married,secondary,no,7078.5,yes,yes,cellular,7,aug,82,4,-1,0,unknown,no
47,self-employed,married,secondary,no,2449.5,no,no,cellular,7,jul,629,2,-1,0,unknown,yes
60,entrepreneur,single,primary,no,2488.5,no,no,unknown,5,jun,221,2,-1,0,unknown,no
65,management,married,tertiary,no,54.0,no,yes,cellular,22,jul,46,3,-1,0,unknown,no
35,blue-collar,single,secondary,no,2785.5,yes,no,cellular,13,apr,295,4,187,6,success,yes
40,retired,single,secondary,no,657.0,yes,no,cellular,18,may,98,1,178,1,failure,no
37,management,single,secondary,no,1450.5,yes,no,unknown,21,may,162,1,-1,0,unknown,no
43,blue-collar,married,secondary,no,139.5,no,no,telephone,9,feb,211,5,-1,0,unknown,no
60,retired,divorced,tertiary,no,1107.0,yes,yes,unknown,29,may,68,1,-1,0,unknown,no
63,technician,married,secondary,no,13719.0,no,no,cellular,13,aug,136,4,-1,0,unknown,no
67,retired,married,secondary,no,561.0,yes,yes,cellular,16,jul,236,1,-1,0,unknown,no
38,services,divorced,secondary,no,133.5,no,no,unknown,6,may,174,2,-1,0,unknown,no
42,retired,single,secondary,no,21.0,no,no,cellular,19,aug,144,3,136,1,other,no
64,blue-collar,married,primary,no,1666.5,no,no,telephone,26,aug,385,9,-1,0,unknown,no
34,technician,single,secondary,no,3532.5,yes,no,unknown,17,jun,158,3,-1,0,unknown,no
44,admin.,married,tertiary,no,651.0,no,no,cellular,8,jul,165,3,-1,0,unknown,no
50,retired,married,secondary,no,48.0,yes,no,cellular,7,may,102,1,-1,0,unknown,no
50,admin.,single,unknown,no,537.0,yes,no,unknown,2,jun,350,1,-1,0,unknown,no
55,management,divorced,tertiary,no,520.5,no,yes,cellular,28,jan,53,1,-1,0,unknown,no
32,student,single,unknown,no,1822.5,no,no,cellular,19,feb,145,3,192,1,failure,yes
53,technician,single,secondary,no,-399.0,yes,yes,cellular,15,may,12,5,-1,0,unknown,no
50,admin.,married,secondary,no,2070.0,yes,no,unknown,19,may,127,1,-1,0,unknown,no
38,retired,single,secondary,no,-505.5,no,yes,cellular,23,jul,284,1,-1,0,unknown,no
59,retired,married,tertiary,no,127.5,yes,no,cellular,14,may,590,5,359,1,other,yes
52,management,married,tertiary,no,381.0,no,no,cellular,9,dec,288,7,183,4,success,yes
69,admin.,single,secondary,no,3249.0,yes,yes,cellular,7,may,574,1,-1,0,unknown,yes
42,retired,married,secondary,no,429.0,no,no,cellular,20,apr,60,1,343,4,failure,no
44,admin.,married,secondary,no,3096.0,yes,no,unknown,26,may,165,2,-1,0,unknown,no
68,management,single,tertiary,no,3.0,yes,no,telephone,11,may,168,3,-1,0,unknown,no
44,admin.,married,secondary,no,760.5,yes,no,unknown,6,may,190,1,-1,0,unknown,no
45,housemaid,married,tertiary,no,30.0,yes,yes,cellular,17,jul,505,3,-1,0,unknown,no
64,retired,married,tertiary,no,4530.0,no,no,cellular,12,aug,106,2,-1,0,unknown,no
89,retired,married,primary,no,643.5,no,no,telephone,8,jul,1006,2,-1,0,unknown,yes
52,blue-collar,married,primary,no,1204.5,yes,no,unknown,7,may,171,2,-1,0,unknown,no
77,retired,married,unknown,no,3810.0,no,no,telephone,14,jun,278,5,116,4,other,yes
87,retired,married,primary,no,1020.0,no,no,telephone,24,feb,513,2,89,7,failure,no
47,admin.,married,tertiary,no,4831.5,no,no,cellular,15,jun,379,2,376,13,other,yes
50,management,single,tertiary,no,-333.0,yes,no,cellular,8,may,291,1,337,1,failure,no
51,technician,married,secondary,no,787.5,yes,no,cellular,21,jul,108,1,-1,0,unknown,no
49,services,single,secondary,no,1572.0,yes,no,cellular,14,may,149,1,-1,0,unknown,no
57,blue-collar,married,primary,no,-435.0,yes,no,cellular,15,may,495,1,-1,0,unknown,no
48,retired,single,tertiary,no,1210.5,no,no,cellular,27,feb,74,2,-1,0,unknown,no
35,management,single,tertiary,no,1414.5,no,no,cellular,30,apr,512,1,-1,0,unknown,yes
37,technician,single,secondary,no,2613.0,yes,no,unknown,16,may,787,1,-1,0,unknown,yes
42,admin.,single,secondary,no,96.0,yes,no,cellular,21,jul,204,3,-1,0,unknown,no
52,unemployed,single,primary,no,12055.5,no,no,cellular,5,jun,92,2,-1,0,unknown,no
54,admin.,married,secondary,no,4030.5,yes,no,unknown,16,may,131,4,-1,0,unknown,no
53,retired,married,secondary,no,4927.5,yes,no,unknown,13,may,1721,2,-1,0,unknown,yes
52,admin.,divorced,secondary,no,2716.5,yes,no,unknown,14,may,150,1,-1,0,unknown,no
65,blue-collar,single,tertiary,no,487.5,yes,no,unknown,8,may,693,1,-1,0,unknown,no
54,retired,single,unknown,no,3250.5,yes,no,unknown,7,may,1273,1,-1,0,unknown,no
33,retired,single,secondary,yes,-310.5,yes,no,unknown,3,jun,277,1,-1,0,unknown,no
68,management,married,secondary,no,610.5,yes,no,cellular,29,jul,145,2,-1,0,unknown,no
53,technician,married,secondary,no,4932.0,yes,no,cellular,21,nov,775,3,-1,0,unknown,yes
49,retired,single,secondary,no,54.0,no,no,cellular,29,aug,70,2,-1,0,unknown,no
54,admin.,married,secondary,no,2070.0,yes,no,cellular,12,may,240,1,-1,0,unknown,no
59,technician,married,secondary,no,3745.5,yes,no,unknown,29,may,99,1,-1,0,unknown,no
43,technician,divorced,secondary,no,1126.5,yes,no,cellular,18,nov,237,1,-1,0,unknown,no
52,services,married,secondary,no,1075.5,yes,no,unknown,4,jun,152,6,-1,0,unknown,no
50,admin.,married,secondary,no,7162.5,no,no,cellular,15,sep,215,1,-1,0,unknown,yes
43,technician,married,tertiary,no,26182.5,yes,yes,unknown,23,may,343,4,-1,0,unknown,no
60,technician,married,secondary,no,1261.5,yes,no,unknown,29,may,54,2,-1,0,unknown,no
59,technician,married,tertiary,no,-193.5,yes,no,cellular,8,may,240,1,-1,0,unknown,no
43,retired,married,secondary,no,0.0,yes,no,unknown,15,may,270,1,-1,0,unknown,no
80,retired,single,primary,no,0.0,no,no,telephone,9,sep,145,1,-1,0,unknown,no
50,blue-collar,married,secondary,no,1315.5,yes,no,unknown,20,may,207,6,-1,0,unknown,no
77,retired,married,secondary,no,3072.0,no,no,cellular,16,sep,452,5,195,4,other,yes
46,services,single,secondary,no,1161.0,yes,no,unknown,20,may,140,1,-1,0,unknown,no
37,blue-collar,married,secondary,no,543.0,yes,no,unknown,14,may,332,2,-1,0,unknown,no
47,management,single,secondary,no,51.0,yes,no,unknown,29,may,285,1,-1,0,unknown,no
52,management,married,secondary,no,1527.0,no,no,cellular,29,jul,305,2,-1,0,unknown,no
58,blue-collar,married,primary,no,12.0,no,no,cellular,20,aug,43,2,-1,0,unknown,no
56,management,single,tertiary,no,937.5,no,no,cellular,28,jan,107,1,163,5,other,no
57,housemaid,married,secondary,no,1728.0,no,no,telephone,7,jul,260,13,-1,0,unknown,no
49,retired,divorced,primary,no,285.0,yes,yes,unknown,6,may,96,2,-1,0,unknown,no
63,services,divorced,primary,no,300.0,no,no,cellular,17,nov,182,3,-1,0,unknown,no
44,retired,single,tertiary,no,1605.0,no,no,cellular,28,aug,91,15,-1,0,unknown,no
45,retired,married,secondary,no,-733.5,yes,no,unknown,9,jun,90,2,-1,0,unknown,no
52,retired,single,secondary,no,154.5,yes,no,unknown,19,may,156,5,-1,0,unknown,no
40,services,single,secondary,no,742.5,yes,no,cellular,21,nov,641,1,-1,0,unknown,yes
46,blue-collar,married,primary,no,195.0,yes,no,unknown,5,jun,96,2,-1,0,unknown,no
47,technician,single,secondary,no,25.5,yes,no,unknown,6,may,164,1,-1,0,unknown,no
42,management,single,tertiary,no,190.5,yes,no,unknown,30,may,66,3,-1,0,unknown,no
38,retired,single,secondary,no,2260.5,no,no,cellular,7,jul,92,1,-1,0,unknown,no
41,retired,single,secondary,no,663.0,yes,no,cellular,29,jan,355,3,258,3,failure,no
45,technician,single,tertiary,no,11319.0,yes,no,cellular,28,dec,137,1,122,3,failure,no
63,services,single,secondary,no,7167.0,yes,no,cellular,14,may,83,1,-1,0,unknown,no
43,technician,single,secondary,no,181.5,no,no,cellular,26,aug,210,6,-1,0,unknown,no
47,management,married,tertiary,no,1350.0,yes,no,cellular,25,may,116,1,18,3,failure,no
42,management,married,tertiary,no,5275.5,yes,no,unknown,27,may,57,5,-1,0,unknown,no
51,admin.,married,secondary,no,1531.5,no,no,cellular,2,jun,224,1,-1,0,unknown,no
45,blue-collar,married,secondary,no,411.0,yes,yes,unknown,20,may,205,1,-1,0,unknown,no
53,blue-collar,married,primary,no,948.0,yes,no,unknown,15,may,440,2,-1,0,unknown,no
59,admin.,married,secondary,no,571.5,no,no,cellular,5,aug,504,2,-1,0,unknown,no
69,retired,divorced,secondary,no,31.5,yes,no,telephone,19,nov,121,2,-1,0,unknown,no
54,retired,divorced,secondary,no,1794.0,yes,no,unknown,27,may,202,1,-1,0,unknown,no
42,blue-collar,married,secondary,no,976.5,yes,no,cellular,4,feb,628,2,267,2,failure,no
63,self-employed,married,tertiary,no,5566.5,no,no,cellular,19,nov,64,1,-1,0,unknown,no
38,technician,married,secondary,no,-87.0,yes,no,unknown,8,may,74,1,-1,0,unknown,no
48,services,married,secondary,no,1401.0,yes,no,cellular,14,may,715,1,-1,0,unknown,yes
40,technician,single,tertiary,no,285.0,yes,no,cellular,28,jul,33,3,-1,0,unknown,no
48,retired,single,tertiary,no,567.0,yes,no,telephone,21,jul,184,21,-1,0,unknown,no
44,retired,single,primary,no,3448.5,no,no,cellular,21,nov,320,2,-1,0,unknown,no
35,management,single,tertiary,no,739.5,yes,no,unknown,4,jun,301,1,-1,0,unknown,no
62,unemployed,married,secondary,no,141.0,no,no,cellular,4,may,223,9,4,1,success,no
39,technician,single,tertiary,no,2836.5,no,no,cellular,2,jul,129,1,-1,0,unknown,no
54,retired,single,secondary,no,2322.0,yes,no,cellular,21,nov,62,6,-1,0,unknown,no
45,entrepreneur,single,tertiary,yes,1189.5,no,yes,cellular,8,jul,163,1,-1,0,unknown,no
50,technician,married,secondary,yes,6.0,no,no,cellular,27,aug,145,3,-1,0,unknown,no
53,technician,married,secondary,no,75.0,no,no,unknown,28,may,63,1,-1,0,unknown,no
60,unemployed,married,primary,no,315.0,no,no,unknown,16,jun,247,2,-1,0,unknown,no
35,blue-collar,single,secondary,no,325.5,yes,no,cellular,18,may,504,1,-1,0,unknown,yes
39,student,single,unknown,no,4393.5,no,no,cellular,5,may,232,1,89,4,other,yes
48,blue-collar,married,secondary,no,592.5,yes,no,cellular,8,may,83,1,367,2,failure,no
51,management,single,tertiary,no,6891.0,yes,no,unknown,4,jun,393,11,-1,0,unknown,no
40,technician,single,secondary,no,421.5,no,no,cellular,12,aug,105,2,-1,0,unknown,no
45,blue-collar,married,secondary,no,189.0,yes,no,cellular,16,apr,472,1,-1,0,unknown,no
42,management,single,tertiary,no,1072.5,no,no,cellular,11,aug,159,1,-1,0,unknown,no
63,retired,married,unknown,no,2740.5,no,no,unknown,5,may,121,1,-1,0,unknown,no
62,technician,married,secondary,no,7954.5,yes,no,unknown,19,oct,133,1,-1,0,unknown,yes
56,management,married,tertiary,no,7039.5,no,yes,cellular,7,aug,79,1,394,2,failure,yes
46,entrepreneur,married,tertiary,no,1753.5,yes,no,unknown,6,may,168,2,-1,0,unknown,no
57,admin.,married,secondary,no,5904.0,yes,no,telephone,31,jul,15,2,-1,0,unknown,no
53,blue-collar,married,secondary,no,996.0,yes,no,unknown,12,jun,354,1,-1,0,unknown,no
42,blue-collar,married,primary,no,2466.0,no,no,cellular,7,sep,492,3,102,5,other,yes
70,blue-collar,married,secondary,no,408.0,no,no,cellular,2,feb,421,1,-1,0,unknown,no
49,blue-collar,married,secondary,no,2104.5,yes,yes,cellular,12,may,429,2,-1,0,unknown,no
40,technician,single,secondary,no,-190.5,no,no,cellular,7,aug,76,3,-1,0,unknown,no
33,retired,married,secondary,no,1254.0,yes,no,unknown,27,may,674,1,-1,0,unknown,no
36,management,single,secondary,no,913.5,yes,no,cellular,21,jul,594,1,-1,0,unknown,no
39,blue-collar,married,secondary,no,27.0,yes,no,cellular,13,apr,297,3,-1,0,unknown,no
47,technician,married,secondary,no,265.5,yes,no,cellular,16,jul,464,3,-1,0,unknown,no
43,blue-collar,married,primary,yes,3.0,yes,yes,cellular,9,jul,227,1,-1,0,unknown,no
64,admin.,married,secondary,no,1434.0,yes,yes,telephone,11,may,136,2,362,1,other,no
66,retired,single,secondary,no,2781.0,yes,no,telephone,7,may,45,1,342,2,failure,no
63,blue-collar,married,primary,no,361.5,yes,no,cellular,16,apr,1410,1,325,2,failure,no
69,retired,married,secondary,no,49422.0,no,no,cellular,19,nov,243,1,174,2,failure,no
57,retired,married,primary,no,64.5,no,no,cellular,19,aug,222,2,-1,0,unknown,no
43,admin.,married,tertiary,no,1348.5,yes,no,unknown,26,may,159,3,-1,0,unknown,no
44,blue-collar,single,secondary,no,70.5,yes,no,cellular,18,nov,810,2,-1,0,unknown,no
43,blue-collar,married,secondary,no,384.0,yes,no,unknown,21,may,151,2,-1,0,unknown,no
41,blue-collar,single,secondary,no,2347.5,yes,no,cellular,21,nov,290,6,-1,0,unknown,no
69,management,married,primary,no,378.0,yes,yes,cellular,17,nov,138,1,175,2,failure,no
50,technician,single,secondary,no,238.5,yes,no,unknown,18,nov,37,1,-1,0,unknown,no
66,management,married,unknown,no,0.0,no,no,cellular,24,jul,54,29,-1,0,unknown,no
45,management,married,tertiary,no,547.5,no,no,cellular,21,nov,168,2,-1,0,unknown,no
58,technician,single,secondary,no,463.5,no,no,cellular,7,aug,190,2,-1,0,unknown,no
43,blue-collar,married,secondary,no,733.5,yes,no,cellular,17,apr,552,1,332,1,failure,no
41,unemployed,divorced,secondary,no,1716.0,yes,no,cellular,8,may,65,2,367,1,failure,no
49,blue-collar,married,primary,no,2059.5,yes,no,telephone,28,jul,81,5,-1,0,unknown,no
51,services,married,unknown,yes,-1.5,no,yes,cellular,30,jul,1171,4,-1,0,unknown,yes
61,technician,divorced,tertiary,no,0.0,no,no,cellular,28,aug,84,7,-1,0,unknown,no
46,admin.,divorced,secondary,no,759.0,yes,no,unknown,5,may,577,1,-1,0,unknown,no
67,management,married,tertiary,no,15874.5,no,no,cellular,28,sep,341,3,98,3,success,yes
54,management,married,tertiary,no,6690.0,no,no,telephone,31,jul,168,2,-1,0,unknown,no
46,blue-collar,married,secondary,no,1099.5,yes,no,cellular,17,apr,382,2,-1,0,unknown,no
55,admin.,married,secondary,no,427.5,no,no,cellular,6,feb,8,5,-1,0,unknown,no
45,retired,married,secondary,no,28.5,no,no,cellular,22,aug,268,2,-1,0,unknown,no
31,services,married,secondary,no,0.0,yes,yes,unknown,15,may,168,5,-1,0,unknown,no
36,retired,single,tertiary,no,2355.0,yes,no,unknown,23,may,81,1,-1,0,unknown,no
42,blue-collar,married,secondary,no,435.0,yes,no,cellular,6,may,150,1,-1,0,unknown,no
54,retired,married,primary,no,61.5,no,no,cellular,22,aug,299,1,-1,0,unknown,no
52,retired,married,primary,no,223.5,no,no,cellular,20,aug,94,2,-1,0,unknown,no
48,technician,married,secondary,no,2163.0,yes,yes,unknown,14,may,483,3,-1,0,unknown,no
38,blue-collar,married,secondary,no,25.5,no,no,unknown,28,may,8,4,-1,0,unknown,no
46,management,married,tertiary,no,37.5,yes,no,cellular,17,jul,393,1,-1,0,unknown,no
43,management,single,unknown,no,2301.0,yes,no,cellular,11,jul,1041,2,-1,0,unknown,yes
42,technician,married,tertiary,no,4464.0,yes,no,cellular,5,feb,783,1,175,5,failure,yes
35,student,married,tertiary,no,499.5,yes,no,unknown,12,may,399,3,-1,0,unknown,no
56,technician,divorced,tertiary,no,0.0,yes,no,cellular,11,aug,249,5,-1,0,unknown,no
46,blue-collar,married,secondary,no,-13.5,yes,no,unknown,9,may,137,3,-1,0,unknown,no
49,housemaid,married,secondary,no,6204.0,yes,no,unknown,2,jun,142,3,-1,0,unknown,no
44,services,single,secondary,no,12198.0,yes,no,unknown,20,may,137,1,-1,0,unknown,no
70,management,married,tertiary,no,105.0,no,no,cellular,21,aug,36,1,-1,0,unknown,no
39,management,single,tertiary,no,-1033.5,yes,no,cellular,29,jul,199,9,-1,0,unknown,no
66,technician,married,secondary,no,414.0,yes,no,cellular,15,may,301,1,368,1,failure,no
68,management,married,tertiary,no,811.5,yes,no,cellular,8,may,98,1,-1,0,unknown,no
70,technician,married,unknown,no,222.0,yes,no,unknown,19,may,148,1,-1,0,unknown,no
45,blue-collar,married,primary,no,21.0,yes,no,unknown,20,jun,35,1,-1,0,unknown,no
70,retired,married,secondary,no,6.0,no,no,cellular,28,aug,602,3,-1,0,unknown,no
41,technician,divorced,tertiary,yes,1800.0,no,no,cellular,19,nov,62,1,-1,0,unknown,no
67,management,divorced,tertiary,no,240.0,no,no,cellular,13,aug,303,2,-1,0,unknown,no
42,technician,married,tertiary,no,252.0,no,no,unknown,27,may,86,1,-1,0,unknown,no
45,blue-collar,married,secondary,no,-153.0,yes,no,cellular,14,jul,334,3,-1,0,unknown,no
36,self-employed,single,tertiary,no,316.5,no,no,cellular,29,jan,168,3,-1,0,unknown,no
42,retired,married,secondary,no,534.0,yes,no,cellular,29,jan,56,2,223,5,failure,no
43,blue-collar,married,secondary,no,468.0,yes,no,unknown,4,jun,151,2,-1,0,unknown,no
44,management,single,secondary,no,786.0,no,no,unknown,13,aug,9,1,-1,0,unknown,no
46,admin.,single,secondary,no,760.5,yes,no,cellular,18,may,264,1,300,2,success,no
41,admin.,married,secondary,no,18.0,yes,no,cellular,24,jul,306,1,-1,0,unknown,no
58,technician,married,secondary,no,1728.0,yes,no,cellular,21,jul,168,5,-1,0,unknown,no
39,services,single,secondary,no,3.0,yes,no,cellular,6,may,403,4,-1,0,unknown,no
44,retired,married,secondary,no,436.5,yes,no,unknown,6,jun,111,5,-1,0,unknown,no
43,blue-collar,married,primary,no,312.0,yes,no,cellular,16,jul,284,1,-1,0,unknown,no
44,technician,single,secondary,no,1414.5,no,no,cellular,29,aug,96,4,-1,0,unknown,no
49,technician,divorced,secondary,no,849.0,no,no,cellular,21,nov,46,7,-1,0,unknown,no
66,retired,married,secondary,no,2517.0,yes,no,unknown,15,may,79,1,-1,0,unknown,no
50,technician,married,secondary,no,60.0,yes,no,cellular,21,nov,73,1,-1,0,unknown,no
40,services,single,secondary,no,1159.5,yes,yes,unknown,4,jun,29,1,-1,0,unknown,no
44,retired,single,secondary,no,157.5,yes,no,cellular,7,may,146,2,171,3,failure,no
51,technician,single,tertiary,no,0.0,yes,no,cellular,19,nov,635,6,-1,0,unknown,no
56,services,divorced,unknown,no,5085.0,no,no,unknown,20,jun,152,3,-1,0,unknown,no
45,management,divorced,secondary,no,1365.0,no,no,cellular,29,aug,77,14,-1,0,unknown,no
65,retired,married,primary,no,3228.0,no,no,unknown,19,jun,922,2,-1,0,unknown,yes
55,admin.,married,secondary,no,270.0,yes,no,unknown,9,may,218,1,-1,0,unknown,no
46,blue-collar,divorced,secondary,no,153.0,no,no,cellular,3,feb,306,2,-1,0,unknown,no
66,housemaid,divorced,secondary,no,0.0,no,no,unknown,15,may,103,1,-1,0,unknown,no
51,unemployed,single,tertiary,no,6775.5,yes,no,cellular,20,nov,137,1,-1,0,unknown,no
43,management,single,tertiary,no,4714.5,no,no,cellular,29,jun,421,2,-1,0,unknown,yes
58,admin.,single,secondary,no,454.5,yes,yes,cellular,2,feb,142,1,189,4,failure,no
40,admin.,single,secondary,no,103.5,yes,no,cellular,17,apr,997,1,-1,0,unknown,yes
55,self-employed,married,primary,no,559.5,no,no,cellular,29,aug,82,11,-1,0,unknown,no
56,blue-collar,married,primary,no,2224.5,yes,no,unknown,14,may,174,3,-1,0,unknown,no
41,blue-collar,married,secondary,no,757.5,yes,no,cellular,17,apr,218,4,329,2,other,no
46,management,single,tertiary,no,219.0,yes,no,unknown,16,may,1161,3,-1,0,unknown,no
42,services,married,secondary,no,4902.0,no,no,cellular,15,may,147,1,-1,0,unknown,no
57,blue-collar,married,secondary,no,1000.5,no,no,unknown,16,jun,54,1,-1,0,unknown,no
43,retired,married,primary,no,256.5,yes,no,cellular,12,may,304,3,-1,0,unknown,no
46,management,single,tertiary,no,628.5,no,no,cellular,12,aug,122,2,-1,0,unknown,no
50,self-employed,married,primary,no,3115.5,yes,no,cellular,13,may,363,1,173,24,other,no
43,technician,married,secondary,no,1066.5,no,no,cellular,4,dec,78,2,-1,0,unknown,no
44,retired,married,tertiary,no,916.5,no,no,cellular,2,jun,350,1,-1,0,unknown,yes
83,retired,married,secondary,no,28.5,no,no,cellular,5,nov,509,2,-1,0,unknown,no
62,services,married,secondary,no,217.5,no,no,cellular,22,aug,205,4,-1,0,unknown,no
42,technician,single,secondary,no,4945.5,no,no,cellular,11,aug,99,2,-1,0,unknown,no
41,services,single,secondary,no,2563.5,no,yes,telephone,28,jan,944,3,-1,0,unknown,yes
61,retired,married,primary,no,531.0,yes,no,cellular,14,may,276,2,344,1,other,no
67,admin.,married,secondary,no,3130.5,yes,no,cellular,20,apr,140,4,343,1,failure,no
64,retired,single,primary,no,699.0,no,no,cellular,5,jun,151,2,-1,0,unknown,no
42,blue-collar,married,secondary,no,1425.0,yes,yes,cellular,20,apr,219,4,-1,0,unknown,no
54,management,married,secondary,no,17958.0,no,no,unknown,19,jun,127,1,-1,0,unknown,no
43,technician,married,secondary,no,5358.0,yes,no,cellular,18,nov,85,2,-1,0,unknown,no
59,retired,married,tertiary,no,754.5,yes,no,cellular,27,feb,118,5,21,5,failure,no
67,entrepreneur,married,tertiary,no,2521.5,no,no,cellular,25,jul,159,1,-1,0,unknown,no
43,admin.,married,secondary,no,1194.0,yes,no,telephone,6,apr,216,1,-1,0,unknown,no
54,management,married,primary,no,7137.0,yes,no,cellular,22,jul,712,6,-1,0,unknown,yes
69,management,married,tertiary,no,2785.5,no,no,cellular,14,aug,128,4,-1,0,unknown,no
54,retired,married,secondary,no,1962.0,no,no,cellular,30,jan,334,1,-1,0,unknown,no
64,unknown,married,secondary,no,3309.0,no,no,cellular,12,nov,104,1,99,2,other,yes
48,entrepreneur,married,tertiary,no,6.0,yes,no,cellular,16,jul,158,1,-1,0,unknown,no
47,self-employed,married,secondary,no,3862.5,yes,no,cellular,14,jul,505,2,-1,0,unknown,no
44,blue-collar,married,secondary,no,1947.0,yes,no,unknown,20,may,120,1,-1,0,unknown,no
38,services,married,secondary,no,0.0,yes,no,telephone,14,may,62,7,-1,0,unknown,no
69,blue-collar,married,primary,no,8682.0,no,no,cellular,14,may,56,2,350,2,failure,no
50,entrepreneur,divorced,secondary,no,4497.0,yes,no,cellular,18,jul,623,3,-1,0,unknown,yes
45,technician,single,tertiary,no,88.5,yes,no,unknown,28,may,145,3,-1,0,unknown,no
54,admin.,divorced,secondary,no,3.0,yes,no,unknown,19,may,429,1,-1,0,unknown,no
43,technician,single,tertiary,no,73.5,no,no,cellular,25,aug,476,3,-1,0,unknown,no
66,retired,married,secondary,no,2331.0,yes,yes,cellular,6,feb,15,6,190,27,other,no
61,blue-collar,married,secondary,no,193.5,yes,no,cellular,15,may,611,2,-1,0,unknown,yes
67,technician,divorced,secondary,no,558.0,no,no,cellular,14,aug,280,4,-1,0,unknown,no
69,admin.,married,secondary,no,345.0,yes,no,unknown,6,may,190,3,-1,0,unknown,no
41,technician,single,secondary,no,66.0,no,no,cellular,2,feb,200,5,175,2,failure,no
52,retired,married,secondary,no,2628.0,yes,no,unknown,16,jun,19,21,-1,0,unknown,no
58,retired,married,primary,no,2616.0,no,no,unknown,9,jun,181,1,-1,0,unknown,no
43,retired,single,secondary,no,660.0,yes,no,unknown,26,may,250,2,-1,0,unknown,no
46,blue-collar,divorced,primary,no,1072.5,no,yes,cellular,28,jul,128,4,-1,0,unknown,no
63,retired,married,secondary,no,97.5,no,no,cellular,17,nov,178,1,-1,0,unknown,no
34,blue-collar,single,primary,no,220.5,yes,no,unknown,2,jun,102,2,-1,0,unknown,no
54,technician,divorced,unknown,no,1138.5,yes,no,unknown,23,may,397,1,-1,0,unknown,no
56,technician,married,tertiary,no,0.0,yes,no,cellular,28,jan,58,1,-1,0,unknown,no
53,management,married,tertiary,no,436.5,yes,no,unknown,9,may,150,2,-1,0,unknown,no
42,management,married,tertiary,no,1995.0,yes,no,unknown,21,may,83,1,-1,0,unknown,no
44,self-employed,married,tertiary,no,1305.0,no,no,cellular,10,jul,58,1,-1,0,unknown,no
69,retired,married,secondary,no,565.5,no,yes,cellular,25,jul,468,4,-1,0,unknown,no
40,services,single,secondary,no,904.5,yes,yes,unknown,2,jun,335,2,-1,0,unknown,no
46,blue-collar,married,secondary,no,1908.0,yes,no,cellular,17,apr,245,1,-1,0,unknown,no
38,blue-collar,married,secondary,no,1705.5,no,no,cellular,6,feb,129,4,211,3,other,no
64,retired,divorced,tertiary,no,277.5,yes,no,telephone,13,may,413,6,-1,0,unknown,no
36,admin.,single,secondary,no,913.5,no,no,telephone,28,jan,112,1,-1,0,unknown,no
46,blue-collar,married,primary,no,1284.0,yes,no,cellular,31,jul,39,10,-1,0,unknown,no
39,admin.,married,secondary,no,1192.5,yes,yes,cellular,10,jul,270,2,-1,0,unknown,no
62,unemployed,married,primary,no,637.5,no,no,unknown,19,jun,122,1,-1,0,unknown,no
54,blue-collar,divorced,secondary,no,868.5,yes,no,unknown,6,may,198,2,-1,0,unknown,no
45,admin.,single,secondary,no,0.0,yes,yes,telephone,20,nov,61,3,-1,0,unknown,no
41,blue-collar,divorced,primary,no,237.0,yes,no,unknown,28,may,157,1,-1,0,unknown,no
41,services,married,secondary,no,670.5,no,no,cellular,19,mar,220,3,-1,0,unknown,yes
51,blue-collar,married,primary,no,3843.0,yes,no,cellular,20,nov,157,1,189,4,failure,no
43,blue-collar,married,secondary,no,2103.0,no,no,cellular,20,nov,63,5,-1,0,unknown,no
52,management,married,tertiary,no,2659.5,no,no,cellular,9,apr,311,1,336,1,failure,no
54,services,divorced,secondary,no,-583.5,yes,yes,unknown,5,jun,52,1,-1,0,unknown,no
45,blue-collar,divorced,primary,no,0.0,no,no,unknown,1,jul,55,1,-1,0,unknown,no
66,retired,married,secondary,no,93.0,no,yes,unknown,5,jun,243,1,-1,0,unknown,no
47,technician,single,secondary,no,652.5,yes,no,unknown,26,may,210,1,-1,0,unknown,no
45,services,single,secondary,no,2031.0,no,yes,cellular,21,nov,278,6,-1,0,unknown,no
88,management,married,unknown,no,2670.0,yes,no,cellular,25,oct,211,2,185,7,success,yes
48,management,married,tertiary,no,2332.5,no,no,cellular,20,aug,66,5,-1,0,unknown,no
46,management,married,tertiary,no,216.0,yes,no,unknown,6,may,164,2,-1,0,unknown,no
54,retired,married,secondary,no,1659.0,yes,no,telephone,19,nov,178,5,119,11,failure,no
84,retired,married,primary,no,2119.5,no,no,cellular,25,feb,385,2,-1,0,unknown,yes
49,management,married,tertiary,no,4408.5,no,no,cellular,29,jun,385,1,165,2,success,no
56,blue-collar,married,secondary,no,1315.5,no,no,cellular,29,aug,339,2,-1,0,unknown,no
43,management,married,secondary,no,553.5,no,no,cellular,25,aug,83,1,92,3,failure,no
43,retired,married,secondary,no,913.5,yes,no,unknown,21,may,239,2,-1,0,unknown,no
46,technician,married,tertiary,no,-435.0,yes,yes,cellular,29,jan,150,1,189,3,failure,no
41,entrepreneur,married,tertiary,no,-346.5,yes,no,cellular,26,aug,221,2,-1,0,unknown,no
38,admin.,single,secondary,no,1162.5,no,no,cellular,29,jan,603,2,-1,0,unknown,no
64,admin.,married,secondary,no,639.0,yes,no,unknown,29,may,205,1,-1,0,unknown,no
67,unknown,married,unknown,no,490.5,yes,no,unknown,28,may,74,2,-1,0,unknown,no
47,services,divorced,secondary,no,112.5,yes,no,cellular,14,may,160,1,-1,0,unknown,no
32,student,single,primary,no,5208.0,no,no,cellular,20,oct,332,1,183,3,failure,yes
40,admin.,married,secondary,yes,-1407.0,yes,no,unknown,3,jun,438,1,-1,0,unknown,no
43,management,married,tertiary,no,34.5,yes,yes,cellular,6,feb,150,1,-1,0,unknown,no
45,blue-collar,married,secondary,no,603.0,no,yes,unknown,17,jun,123,1,-1,0,unknown,no
49,blue-collar,married,unknown,no,957.0,yes,yes,unknown,28,may,83,2,-1,0,unknown,no
50,blue-collar,married,primary,no,130.5,yes,no,unknown,8,may,210,1,-1,0,unknown,no
58,blue-collar,single,secondary,no,15663.0,no,no,unknown,6,jun,63,2,-1,0,unknown,no
39,management,single,tertiary,no,1552.5,yes,no,cellular,21,jul,862,2,-1,0,unknown,no
41,blue-collar,single,secondary,no,513.0,yes,no,cellular,18,may,284,2,-1,0,unknown,no
68,technician,married,secondary,no,706.5,yes,yes,telephone,21,jul,61,1,-1,0,unknown,no
43,technician,single,tertiary,no,264.0,no,no,cellular,29,aug,112,2,-1,0,unknown,no
42,management,married,tertiary,no,349.5,yes,no,unknown,7,may,193,1,-1,0,unknown,no
68,housemaid,married,tertiary,no,745.5,no,no,unknown,11,jun,138,5,-1,0,unknown,no
62,retired,married,tertiary,no,0.0,no,no,cellular,28,aug,84,15,-1,0,unknown,no
49,unemployed,married,secondary,no,111.0,yes,no,cellular,28,jul,71,6,-1,0,unknown,no
66,technician,divorced,unknown,no,84.0,yes,no,unknown,5,may,439,1,-1,0,unknown,no
56,retired,married,secondary,no,-40.5,yes,no,cellular,11,may,254,1,-1,0,unknown,no
48,management,married,tertiary,no,0.0,yes,no,unknown,20,may,206,1,-1,0,unknown,no
41,management,married,tertiary,no,3.0,yes,no,cellular,18,nov,224,1,-1,0,unknown,no
68,management,divorced,unknown,no,5247.0,no,no,cellular,19,nov,175,1,-1,0,unknown,no
61,retired,married,secondary,no,0.0,no,no,cellular,7,aug,131,4,-1,0,unknown,no
52,blue-collar,married,secondary,no,3561.0,no,no,cellular,30,jul,143,2,-1,0,unknown,no
59,blue-collar,married,secondary,no,0.0,no,no,unknown,14,may,370,2,-1,0,unknown,no
63,blue-collar,married,primary,no,1650.0,yes,no,unknown,17,jun,714,2,-1,0,unknown,no
48,retired,married,secondary,no,849.0,yes,yes,telephone,17,apr,318,2,332,6,other,no
45,management,married,tertiary,no,-409.5,yes,no,cellular,16,jul,344,3,-1,0,unknown,no
54,blue-collar,married,secondary,no,411.0,yes,yes,unknown,6,may,409,1,-1,0,unknown,no
50,retired,single,primary,no,669.0,yes,no,cellular,8,apr,594,4,331,1,failure,no
88,retired,divorced,primary,no,343.5,no,no,telephone,22,oct,97,1,-1,0,unknown,yes
56,entrepreneur,married,secondary,no,183.0,no,no,cellular,6,feb,1047,2,1,7,failure,no
57,blue-collar,married,secondary,no,4855.5,yes,no,unknown,15,may,198,3,-1,0,unknown,no
65,technician,married,secondary,no,775.5,yes,yes,cellular,6,feb,47,3,263,4,failure,no
36,admin.,married,unknown,no,6466.5,no,no,cellular,26,may,75,1,-1,0,unknown,no
48,retired,single,tertiary,no,2127.0,no,no,cellular,29,jan,52,1,-1,0,unknown,no
33,student,single,tertiary,no,123.0,no,no,cellular,4,may,289,4,-1,0,unknown,no
63,services,married,secondary,no,1.5,no,no,cellular,22,aug,120,10,-1,0,unknown,no
59,admin.,married,secondary,no,0.0,yes,no,cellular,17,nov,201,1,-1,0,unknown,no
70,management,married,secondary,no,0.0,no,no,telephone,22,feb,230,2,126,6,failure,no
48,admin.,married,secondary,no,4636.5,yes,no,cellular,24,jul,13,2,-1,0,unknown,no
53,management,married,secondary,no,-150.0,yes,no,cellular,5,may,227,1,-1,0,unknown,no
48,self-employed,married,secondary,no,45.0,no,no,unknown,16,jun,91,1,-1,0,unknown,no
45,services,single,secondary,no,3700.5,no,no,cellular,20,nov,319,5,-1,0,unknown,no
46,blue-collar,single,secondary,no,1150.5,no,no,cellular,5,feb,77,1,-1,0,unknown,no
47,technician,married,secondary,no,631.5,yes,yes,cellular,17,nov,85,1,-1,0,unknown,no
65,retired,married,secondary,no,1483.5,yes,yes,unknown,23,may,246,4,-1,0,unknown,no
43,retired,divorced,tertiary,no,249.0,yes,no,unknown,2,jun,278,1,-1,0,unknown,no
70,self-employed,single,secondary,no,468.0,yes,no,unknown,2,jun,210,2,-1,0,unknown,no
68,management,single,unknown,no,2809.5,no,no,unknown,6,jun,49,2,-1,0,unknown,no
64,management,married,tertiary,no,3678.0,yes,no,unknown,29,may,80,3,-1,0,unknown,no
43,blue-collar,single,secondary,no,7.5,yes,no,cellular,31,jul,188,3,-1,0,unknown,no
49,technician,divorced,secondary,no,195.0,yes,no,cellular,25,aug,14,18,-1,0,unknown,no
32,admin.,married,secondary,no,1450.5,yes,no,unknown,4,jun,525,1,-1,0,unknown,no
44,entrepreneur,single,secondary,no,477.0,yes,no,cellular,20,apr,40,1,150,2,failure,no
57,services,married,unknown,no,7233.0,yes,no,unknown,21,may,154,5,-1,0,unknown,no
36,student,single,tertiary,no,20830.5,no,no,cellular,10,sep,199,4,-1,0,unknown,no
39,admin.,single,secondary,no,40.5,yes,no,cellular,6,may,754,1,-1,0,unknown,yes
70,retired,married,tertiary,no,1746.0,yes,no,unknown,15,may,325,1,-1,0,unknown,no
43,blue-collar,divorced,secondary,no,90.0,no,no,unknown,6,may,190,3,-1,0,unknown,no
59,services,divorced,secondary,no,705.0,yes,no,unknown,9,may,659,2,-1,0,unknown,no
59,retired,married,secondary,no,324.0,yes,no,unknown,9,may,144,2,-1,0,unknown,no
38,retired,single,secondary,no,366.0,yes,no,unknown,9,may,31,3,-1,0,unknown,no
55,management,married,tertiary,no,10731.0,yes,no,cellular,31,jul,393,3,-1,0,unknown,no
52,management,divorced,tertiary,no,0.0,no,no,cellular,17,nov,116,1,-1,0,unknown,no
66,self-employed,divorced,primary,no,145.5,no,yes,telephone,17,nov,215,1,-1,0,unknown,no
55,blue-collar,married,primary,no,10036.5,no,no,cellular,13,aug,211,2,-1,0,unknown,no
61,technician,single,secondary,no,766.5,yes,yes,unknown,28,may,67,2,-1,0,unknown,no
56,admin.,married,secondary,no,46.5,yes,yes,telephone,28,jul,302,2,-1,0,unknown,no
69,blue-collar,divorced,unknown,no,186.0,yes,no,unknown,6,may,26,1,-1,0,unknown,no
51,retired,single,secondary,no,445.5,no,yes,cellular,12,aug,140,2,-1,0,unknown,no
61,technician,married,secondary,no,-736.5,yes,yes,cellular,13,may,805,2,-1,0,unknown,no
46,management,divorced,tertiary,no,-1467.0,yes,no,cellular,13,may,62,3,-1,0,unknown,no
49,technician,married,secondary,no,1107.0,no,yes,cellular,29,jul,90,2,-1,0,unknown,no
47,blue-collar,married,secondary,no,-88.5,yes,yes,cellular,24,jul,56,1,-1,0,unknown,no
44,management,single,tertiary,no,3418.5,no,no,cellular,13,aug,284,1,-1,0,unknown,no
69,retired,married,secondary,no,5100.0,yes,no,cellular,5,aug,515,3,-1,0,unknown,yes
75,retired,married,secondary,no,462.0,no,no,cellular,1,sep,400,1,-1,0,unknown,yes
40,technician,single,tertiary,no,6481.5,yes,no,cellular,28,jul,257,6,-1,0,unknown,no
44,retired,married,tertiary,no,223.5,no,no,cellular,22,aug,739,2,-1,0,unknown,yes
49,retired,married,tertiary,no,2703.0,no,no,cellular,20,oct,92,1,336,1,failure,no
49,entrepreneur,single,tertiary,no,2755.5,no,no,cellular,29,jan,199,1,-1,0,unknown,no
66,management,married,tertiary,no,3826.5,yes,no,cellular,17,nov,150,2,-1,0,unknown,no
47,technician,married,secondary,no,1093.5,no,no,cellular,28,aug,156,8,-1,0,unknown,no
68,blue-collar,married,secondary,no,399.0,yes,no,unknown,5,jun,319,6,-1,0,unknown,no
43,management,single,tertiary,no,1428.0,yes,no,cellular,29,apr,1241,5,-1,0,unknown,yes
69,retired,married,secondary,no,-469.5,yes,no,unknown,20,may,407,1,-1,0,unknown,no
50,technician,divorced,secondary,no,1038.0,yes,no,unknown,30,may,58,3,-1,0,unknown,no
49,management,single,secondary,no,2434.5,yes,no,unknown,3,jun,348,2,-1,0,unknown,no
39,self-employed,single,tertiary,no,2368.5,no,no,cellular,13,jul,178,1,181,4,success,yes
44,retired,divorced,tertiary,no,792.0,yes,no,cellular,17,apr,233,2,-1,0,unknown,no
67,admin.,divorced,secondary,no,987.0,no,no,cellular,10,jul,724,1,-1,0,unknown,yes
35,services,single,secondary,no,757.5,no,no,cellular,15,jun,284,1,-1,0,unknown,yes
41,management,single,tertiary,no,861.0,yes,no,cellular,16,jul,410,2,-1,0,unknown,no
50,services,married,secondary,no,777.0,no,no,telephone,17,jul,84,1,-1,0,unknown,no
41,management,divorced,tertiary,no,624.0,no,no,cellular,11,aug,33,2,-1,0,unknown,no
60,retired,single,secondary,no,4002.0,no,no,telephone,17,nov,1606,1,-1,0,unknown,no
68,retired,married,secondary,no,7050.0,no,no,telephone,16,feb,93,6,-1,0,unknown,no
40,technician,single,secondary,no,19.5,no,no,cellular,21,aug,379,1,-1,0,unknown,no
43,admin.,married,secondary,no,10.5,yes,no,cellular,20,nov,203,1,-1,0,unknown,no
61,blue-collar,married,primary,no,294.0,yes,no,unknown,16,may,248,1,-1,0,unknown,no
41,blue-collar,married,secondary,no,15430.5,yes,no,cellular,20,nov,293,1,-1,0,unknown,no
39,entrepreneur,single,tertiary,no,81.0,no,no,cellular,5,feb,251,3,-1,0,unknown,no
44,management,married,tertiary,no,2335.5,yes,yes,unknown,13,may,213,1,-1,0,unknown,no
42,management,divorced,tertiary,no,2229.0,yes,no,cellular,21,jul,151,2,-1,0,unknown,no
39,blue-collar,married,primary,no,364.5,no,yes,cellular,11,jul,109,2,-1,0,unknown,no
58,retired,married,tertiary,no,1098.0,no,no,cellular,13,aug,255,1,-1,0,unknown,no
46,blue-collar,married,secondary,no,9435.0,yes,no,unknown,3,jun,19,20,-1,0,unknown,no
49,admin.,divorced,tertiary,no,1630.5,no,yes,cellular,23,jul,85,2,-1,0,unknown,no
58,blue-collar,single,secondary,no,-403.5,no,no,cellular,2,feb,167,1,263,3,other,no
50,retired,married,secondary,no,1857.0,yes,no,telephone,21,jul,50,2,-1,0,unknown,no
46,retired,married,secondary,no,0.0,no,no,cellular,17,nov,94,1,-1,0,unknown,no
43,admin.,single,secondary,no,-421.5,yes,yes,cellular,20,nov,282,1,-1,0,unknown,no
57,technician,married,tertiary,no,5535.0,no,no,cellular,7,aug,228,2,-1,0,unknown,no
56,blue-collar,married,primary,no,490.5,no,yes,cellular,16,jul,145,4,-1,0,unknown,no
55,blue-collar,married,primary,no,1038.0,yes,yes,cellular,27,aug,102,4,-1,0,unknown,no
43,blue-collar,married,secondary,no,133.5,yes,no,cellular,18,jul,278,2,-1,0,unknown,yes
47,management,married,tertiary,no,0.0,yes,yes,unknown,21,may,72,5,-1,0,unknown,no
39,blue-collar,single,secondary,no,1749.0,yes,no,unknown,16,may,33,1,-1,0,unknown,no
41,management,single,tertiary,no,1609.5,yes,no,telephone,29,jan,82,1,-1,0,unknown,no
63,management,married,tertiary,yes,-378.0,no,yes,cellular,24,jul,223,2,-1,0,unknown,no
55,unknown,married,tertiary,no,609.0,no,no,cellular,7,sep,314,1,-1,0,unknown,yes
67,management,divorced,secondary,no,34.5,no,yes,telephone,25,jul,330,1,-1,0,unknown,no
51,housemaid,married,primary,no,3643.5,no,no,cellular,28,jan,51,1,-1,0,unknown,no
49,retired,married,secondary,no,1200.0,yes,no,cellular,13,may,53,5,175,6,failure,no
49,management,single,tertiary,no,6358.5,yes,no,cellular,7,may,40,1,-1,0,unknown,no
61,retired,divorced,secondary,no,342.0,yes,no,unknown,6,may,136,1,-1,0,unknown,no
36,management,single,tertiary,no,1242.0,yes,no,cellular,17,aug,156,1,199,1,failure,yes
42,management,married,tertiary,no,13393.5,no,no,cellular,11,mar,126,1,-1,0,unknown,yes
62,admin.,single,unknown,no,3340.5,no,no,cellular,24,feb,242,2,-1,0,unknown,yes
40,blue-collar,married,secondary,no,4.5,no,no,cellular,15,may,42,2,297,1,failure,no
43,technician,married,secondary,no,118.5,no,no,cellular,29,aug,144,3,-1,0,unknown,no
42,retired,single,tertiary,no,948.0,yes,no,cellular,28,aug,82,7,-1,0,unknown,no
49,technician,divorced,secondary,no,2958.0,yes,no,cellular,9,feb,82,3,-1,0,unknown,no
52,management,single,tertiary,no,787.5,no,no,cellular,13,aug,127,2,-1,0,unknown,no
54,blue-collar,married,secondary,no,4186.5,no,no,unknown,18,jun,335,1,-1,0,unknown,no
59,technician,single,secondary,no,0.0,yes,no,cellular,26,may,223,1,-1,0,unknown,no
60,technician,married,tertiary,no,4675.5,no,no,unknown,9,jun,174,1,-1,0,unknown,no
51,blue-collar,married,secondary,no,636.0,yes,no,cellular,7,may,83,5,-1,0,unknown,no
41,retired,married,primary,no,438.0,yes,yes,unknown,30,may,30,18,-1,0,unknown,no
46,blue-collar,married,secondary,no,0.0,yes,no,cellular,30,jul,184,6,-1,0,unknown,no
43,services,married,secondary,no,1026.0,yes,no,unknown,27,may,474,1,-1,0,unknown,no
59,admin.,married,secondary,no,0.0,yes,yes,cellular,29,jul,71,7,-1,0,unknown,no
54,services,married,secondary,no,-433.5,no,yes,cellular,20,nov,487,1,118,1,other,no
58,management,married,tertiary,no,2712.0,yes,no,cellular,26,feb,245,1,-1,0,unknown,yes
59,admin.,married,secondary,no,18.0,no,no,unknown,30,jun,217,2,-1,0,unknown,no
61,retired,married,secondary,no,339.0,yes,yes,unknown,8,may,418,1,-1,0,unknown,no
56,blue-collar,married,secondary,no,4.5,no,no,cellular,26,aug,153,14,-1,0,unknown,no
36,student,single,secondary,no,1173.0,no,no,cellular,29,jan,297,1,-1,0,unknown,no
46,management,single,tertiary,no,819.0,yes,no,cellular,6,aug,91,3,-1,0,unknown,no
56,services,married,unknown,no,120.0,yes,no,unknown,6,may,245,2,-1,0,unknown,no
59,retired,married,secondary,no,1644.0,yes,no,cellular,17,apr,609,1,303,5,failure,no
47,technician,single,secondary,no,1518.0,yes,no,cellular,20,apr,218,4,-1,0,unknown,no
58,blue-collar,married,secondary,no,3321.0,no,no,cellular,19,aug,607,7,-1,0,unknown,no
68,services,married,secondary,no,-55.5,no,yes,telephone,6,feb,150,2,205,6,failure,no
49,technician,single,secondary,no,1402.5,no,no,cellular,4,feb,78,2,-1,0,unknown,no
52,blue-collar,married,primary,no,0.0,no,no,unknown,20,jun,19,2,-1,0,unknown,no
52,self-employed,married,secondary,no,730.5,yes,no,telephone,12,aug,58,4,-1,0,unknown,no
40,technician,divorced,secondary,no,1183.5,yes,no,cellular,12,may,356,1,-1,0,unknown,no
59,blue-collar,married,primary,no,6682.5,yes,no,cellular,20,nov,140,1,-1,0,unknown,no
53,technician,divorced,secondary,no,-286.5,no,no,unknown,11,jun,76,3,-1,0,unknown,no
66,blue-collar,married,secondary,no,475.5,no,no,cellular,7,aug,112,7,-1,0,unknown,no
51,admin.,single,unknown,no,628.5,yes,no,cellular,11,may,442,1,370,3,failure,no
44,management,married,tertiary,no,1939.5,yes,no,cellular,13,aug,168,2,-1,0,unknown,no
47,management,divorced,tertiary,no,0.0,yes,no,cellular,5,may,74,8,351,11,failure,no
45,blue-collar,married,unknown,no,-307.5,yes,no,unknown,23,may,147,14,-1,0,unknown,no
46,technician,married,tertiary,no,274.5,yes,no,unknown,16,may,360,1,-1,0,unknown,no
49,blue-collar,married,secondary,no,1456.5,yes,yes,unknown,1,jul,471,3,-1,0,unknown,no
43,technician,single,secondary,no,511.5,no,yes,unknown,12,may,289,3,-1,0,unknown,no
64,blue-collar,married,unknown,no,286.5,no,no,cellular,4,aug,753,2,-1,0,unknown,no
56,services,married,tertiary,no,784.5,yes,no,cellular,17,apr,172,1,-1,0,unknown,no
32,blue-collar,married,secondary,no,54.0,yes,no,unknown,19,may,120,3,-1,0,unknown,no
46,blue-collar,divorced,secondary,no,-784.5,yes,yes,cellular,11,may,193,1,333,17,other,no
56,blue-collar,married,secondary,no,1720.5,yes,no,cellular,20,apr,720,1,-1,0,unknown,yes
55,blue-collar,married,primary,no,1014.0,yes,no,unknown,30,may,156,4,-1,0,unknown,no
42,technician,married,tertiary,no,694.5,yes,no,unknown,13,may,128,2,-1,0,unknown,no
40,services,single,secondary,no,892.5,yes,no,cellular,17,apr,172,1,-1,0,unknown,no
51,blue-collar,single,secondary,no,147.0,no,yes,cellular,20,nov,180,1,122,6,failure,no
62,admin.,married,secondary,no,0.0,no,no,cellular,22,apr,91,2,275,1,failure,no
62,admin.,married,secondary,no,592.5,yes,no,unknown,15,may,391,3,-1,0,unknown,no
50,unemployed,single,primary,no,8419.5,yes,no,unknown,19,jun,152,2,-1,0,unknown,no
48,blue-collar,married,secondary,no,676.5,no,no,cellular,30,jan,143,1,-1,0,unknown,no
45,management,single,tertiary,no,1567.5,yes,no,unknown,21,may,61,1,-1,0,unknown,no
60,housemaid,single,unknown,no,0.0,no,no,telephone,28,jul,118,8,-1,0,unknown,no
41,management,single,secondary,no,1174.5,yes,no,cellular,2,feb,221,2,272,1,failure,no
46,services,married,secondary,no,214.5,yes,yes,unknown,5,may,350,1,-1,0,unknown,no
56,blue-collar,married,secondary,no,3979.5,no,no,cellular,18,aug,314,4,-1,0,unknown,no
47,management,married,tertiary,no,0.0,yes,no,unknown,9,may,59,1,-1,0,unknown,no
63,admin.,married,secondary,no,5647.5,no,no,unknown,20,jun,1094,3,-1,0,unknown,yes
76,management,married,unknown,no,3223.5,yes,no,cellular,30,nov,151,6,103,4,other,no
55,admin.,married,secondary,no,376.5,yes,no,cellular,5,may,304,2,259,2,failure,no
60,technician,divorced,secondary,no,222.0,yes,no,cellular,17,apr,413,2,-1,0,unknown,no
44,entrepreneur,married,tertiary,no,-762.0,yes,no,cellular,2,feb,282,1,-1,0,unknown,no
40,services,single,secondary,yes,0.0,no,yes,unknown,2,jul,95,3,-1,0,unknown,no
41,management,married,tertiary,no,75.0,no,no,cellular,19,aug,37,5,-1,0,unknown,no
50,technician,married,secondary,no,360.0,no,no,unknown,12,jun,68,4,-1,0,unknown,no
54,management,married,tertiary,no,1134.0,yes,no,cellular,11,jul,122,2,-1,0,unknown,no
57,services,divorced,secondary,no,1036.5,no,no,cellular,6,feb,285,6,-1,0,unknown,no
41,admin.,single,tertiary,no,574.5,no,yes,cellular,6,feb,119,1,214,1,failure,no
61,blue-collar,married,primary,no,303.0,yes,no,unknown,8,may,200,2,-1,0,unknown,no
55,technician,divorced,secondary,no,3985.5,no,no,cellular,7,aug,895,3,-1,0,unknown,yes
56,housemaid,single,tertiary,no,1992.0,no,no,cellular,22,aug,1241,2,-1,0,unknown,no
34,technician,single,secondary,no,897.0,no,no,cellular,12,may,762,1,182,2,success,yes
44,technician,married,secondary,yes,-51.0,yes,no,unknown,27,may,201,5,-1,0,unknown,no
56,services,married,secondary,no,133.5,yes,no,unknown,7,may,479,2,-1,0,unknown,no
46,services,married,secondary,no,708.0,yes,no,unknown,19,jun,1017,1,-1,0,unknown,no
55,blue-collar,married,secondary,no,492.0,yes,no,cellular,12,aug,174,4,-1,0,unknown,no
59,services,married,secondary,no,70.5,no,no,unknown,5,may,234,2,-1,0,unknown,no
57,management,married,secondary,no,610.5,yes,no,cellular,17,apr,145,3,-1,0,unknown,no
41,technician,married,secondary,no,429.0,no,no,unknown,12,may,177,4,-1,0,unknown,no
52,management,married,tertiary,no,3280.5,yes,no,cellular,17,nov,525,3,-1,0,unknown,yes
43,retired,single,secondary,no,0.0,yes,no,unknown,26,may,816,2,-1,0,unknown,no
36,student,single,secondary,no,304.5,no,no,cellular,16,nov,104,1,196,1,failure,no
42,blue-collar,single,secondary,no,826.5,yes,no,cellular,14,aug,99,3,-1,0,unknown,no
61,services,married,secondary,no,79.5,no,yes,cellular,24,jul,192,1,-1,0,unknown,no
34,admin.,single,secondary,no,1264.5,yes,no,cellular,18,may,22,2,-1,0,unknown,no
38,technician,married,secondary,no,2916.0,yes,no,telephone,18,may,21,7,-1,0,unknown,no
54,services,married,secondary,no,2983.5,yes,yes,cellular,20,apr,106,2,-1,0,unknown,no
47,retired,single,secondary,no,27.0,no,no,unknown,12,jun,361,2,-1,0,unknown,no
39,blue-collar,single,secondary,no,-91.5,no,no,cellular,17,jul,270,1,-1,0,unknown,no
37,admin.,married,tertiary,no,519.0,no,no,cellular,11,oct,212,1,-1,0,unknown,yes
45,technician,single,secondary,no,189.0,no,no,cellular,22,aug,112,2,-1,0,unknown,no
44,blue-collar,divorced,secondary,no,1687.5,yes,yes,cellular,19,nov,141,2,-1,0,unknown,no
41,admin.,single,tertiary,no,78.0,yes,no,cellular,14,oct,71,1,-1,0,unknown,no
56,entrepreneur,divorced,secondary,no,-844.5,no,yes,cellular,15,jul,769,4,-1,0,unknown,yes
58,blue-collar,married,secondary,no,1.5,no,no,unknown,5,may,669,3,-1,0,unknown,no
41,admin.,married,unknown,no,-442.5,yes,no,unknown,15,may,311,3,-1,0,unknown,no
51,technician,single,secondary,no,1720.5,yes,no,unknown,20,jun,17,10,-1,0,unknown,no
54,retired,married,tertiary,no,1707.0,no,no,cellular,27,aug,523,3,-1,0,unknown,yes
56,management,single,tertiary,no,9976.5,no,no,cellular,23,mar,233,1,-1,0,unknown,no
39,student,single,unknown,no,4393.5,no,no,cellular,11,aug,91,1,-1,0,unknown,no
59,blue-collar,married,secondary,no,2080.5,yes,yes,unknown,9,may,161,2,-1,0,unknown,no
37,management,single,tertiary,no,310.5,no,no,telephone,26,may,240,4,-1,0,unknown,no
53,management,married,tertiary,no,1896.0,yes,no,cellular,13,may,102,2,-1,0,unknown,no
44,management,single,tertiary,no,4135.5,yes,no,cellular,12,aug,126,2,-1,0,unknown,no
51,technician,married,unknown,no,-1704.0,yes,yes,unknown,4,jun,89,1,-1,0,unknown,no
77,retired,married,tertiary,no,5715.0,no,no,cellular,21,oct,1206,1,-1,0,unknown,no
40,housemaid,single,secondary,no,73.5,yes,no,unknown,13,may,267,2,-1,0,unknown,no
57,technician,married,tertiary,no,3232.5,no,no,unknown,20,jun,178,3,-1,0,unknown,no
66,housemaid,married,tertiary,no,2883.0,yes,no,cellular,24,jul,247,2,-1,0,unknown,no
74,retired,married,tertiary,no,1269.0,no,no,cellular,11,feb,671,1,181,3,failure,yes
44,technician,single,secondary,no,477.0,no,yes,cellular,25,jul,239,5,-1,0,unknown,no
42,technician,married,secondary,no,136.5,yes,no,cellular,12,may,209,1,-1,0,unknown,no
38,admin.,married,secondary,no,943.5,no,no,cellular,2,feb,160,4,-1,0,unknown,no
60,management,married,tertiary,no,-705.0,yes,no,cellular,19,nov,130,2,160,1,failure,no
44,admin.,married,tertiary,no,1348.5,yes,no,telephone,19,nov,377,3,7,4,success,no
39,services,single,secondary,no,55.5,no,yes,cellular,17,jul,309,2,-1,0,unknown,no
58,technician,divorced,secondary,no,529.5,no,no,cellular,11,aug,132,1,-1,0,unknown,no
51,admin.,single,secondary,no,150.0,yes,no,telephone,24,jul,153,2,-1,0,unknown,no
59,management,divorced,secondary,no,919.5,no,yes,cellular,28,jan,301,1,-1,0,unknown,no
51,self-employed,single,tertiary,no,2632.5,no,no,unknown,11,jun,152,10,-1,0,unknown,no
85,retired,married,secondary,no,8236.5,no,no,telephone,28,jul,258,6,-1,0,unknown,no
52,self-employed,single,secondary,no,643.5,no,no,cellular,28,jan,96,2,-1,0,unknown,no
58,retired,married,secondary,no,1590.0,yes,no,cellular,20,apr,87,2,318,3,failure,no
42,blue-collar,married,secondary,no,-487.5,yes,yes,unknown,21,may,171,1,-1,0,unknown,no
42,services,single,secondary,no,-181.5,yes,yes,unknown,13,may,272,1,-1,0,unknown,no
41,student,single,secondary,no,552.0,yes,no,unknown,20,may,81,1,-1,0,unknown,no
43,blue-collar,single,secondary,no,1365.0,yes,no,cellular,20,apr,42,1,-1,0,unknown,no
64,self-employed,divorced,tertiary,no,1984.5,no,no,unknown,20,jun,47,4,-1,0,unknown,no
75,entrepreneur,married,tertiary,no,3496.5,no,no,telephone,11,aug,425,1,183,2,success,yes
39,technician,married,tertiary,no,2233.5,yes,no,unknown,28,may,430,1,-1,0,unknown,no
41,technician,married,secondary,no,-540.0,yes,no,unknown,27,may,93,2,-1,0,unknown,no
41,entrepreneur,single,secondary,no,0.0,yes,no,cellular,20,nov,258,1,-1,0,unknown,no
46,blue-collar,single,secondary,no,10684.5,no,no,unknown,20,jun,26,17,-1,0,unknown,no
47,technician,married,secondary,no,184.5,yes,yes,unknown,6,may,530,2,-1,0,unknown,no
40,blue-collar,single,primary,no,444.0,no,no,telephone,5,feb,41,7,-1,0,unknown,no
39,management,single,tertiary,no,2026.5,no,no,cellular,11,mar,228,1,91,1,failure,no
44,services,married,secondary,no,-472.5,yes,no,unknown,8,may,56,2,-1,0,unknown,no
39,management,married,tertiary,no,15864.0,no,no,unknown,15,may,1224,2,-1,0,unknown,yes
44,blue-collar,married,secondary,no,0.0,yes,yes,cellular,5,feb,293,6,-1,0,unknown,no
47,blue-collar,married,secondary,no,312.0,no,no,cellular,13,may,466,1,-1,0,unknown,no
43,self-employed,married,secondary,no,325.5,yes,yes,cellular,15,may,132,5,304,5,failure,no
63,unknown,married,secondary,no,24.0,no,no,unknown,9,jun,100,1,-1,0,unknown,no
44,blue-collar,married,secondary,no,1885.5,yes,no,unknown,26,may,109,7,-1,0,unknown,no
45,technician,single,secondary,no,294.0,yes,no,cellular,21,nov,318,1,-1,0,unknown,no
46,management,married,tertiary,no,0.0,no,yes,cellular,4,aug,89,1,-1,0,unknown,no
60,blue-collar,married,secondary,no,2976.0,yes,no,telephone,18,nov,212,3,-1,0,unknown,no
30,student,single,secondary,no,322.5,no,no,cellular,24,feb,175,1,92,6,success,yes
53,retired,divorced,unknown,no,11553.0,no,no,cellular,1,sep,108,7,102,3,success,no
40,technician,single,tertiary,no,4629.0,yes,no,cellular,7,may,84,3,168,1,failure,no
47,management,married,tertiary,no,0.0,no,no,cellular,11,aug,187,4,-1,0,unknown,no
50,blue-collar,married,primary,no,2095.5,yes,no,telephone,12,may,58,2,334,1,failure,no
59,housemaid,married,primary,no,117.0,no,no,telephone,10,jul,139,1,-1,0,unknown,no
61,management,married,unknown,no,1371.0,yes,no,cellular,5,may,176,2,341,3,failure,no
44,blue-collar,married,secondary,no,457.5,yes,no,unknown,16,may,1245,25,-1,0,unknown,no
58,admin.,divorced,secondary,no,1923.0,yes,no,cellular,11,may,123,2,343,2,other,no
55,blue-collar,married,secondary,no,1434.0,yes,no,cellular,7,may,643,1,-1,0,unknown,no
51,retired,divorced,secondary,no,145.5,no,no,cellular,30,jul,244,3,-1,0,unknown,no
41,retired,single,secondary,no,12939.0,no,no,cellular,3,feb,155,1,-1,0,unknown,no
69,management,married,primary,no,12501.0,no,no,cellular,17,dec,141,4,182,2,other,no
58,management,divorced,tertiary,no,985.5,no,yes,cellular,29,jan,251,2,-1,0,unknown,no
43,management,married,secondary,yes,1318.5,yes,no,unknown,8,may,245,1,-1,0,unknown,no
47,admin.,married,secondary,no,0.0,yes,no,cellular,2,jun,107,1,-1,0,unknown,yes
54,blue-collar,married,secondary,no,5719.5,yes,no,unknown,3,jun,771,1,-1,0,unknown,no
42,blue-collar,married,secondary,yes,-357.0,yes,no,unknown,27,may,427,1,-1,0,unknown,no
65,self-employed,divorced,secondary,no,2295.0,no,no,cellular,2,feb,166,1,216,1,other,no
59,technician,married,secondary,yes,-2520.0,yes,yes,unknown,27,jun,92,4,-1,0,unknown,no
68,retired,married,secondary,no,2194.5,yes,no,unknown,19,jun,446,1,-1,0,unknown,no
47,self-employed,married,tertiary,no,3126.0,yes,no,unknown,21,may,137,2,-1,0,unknown,no
36,admin.,divorced,secondary,no,-67.5,yes,no,unknown,4,jun,357,2,-1,0,unknown,no
45,blue-collar,married,secondary,no,223.5,yes,no,cellular,29,apr,507,3,349,1,other,yes
61,entrepreneur,married,secondary,no,768.0,no,no,cellular,18,nov,328,1,-1,0,unknown,no
44,technician,single,tertiary,no,35878.5,no,no,cellular,12,aug,384,2,-1,0,unknown,no
41,blue-collar,married,secondary,no,2496.0,yes,no,cellular,20,apr,158,1,182,1,success,no
54,management,married,tertiary,no,2931.0,no,no,cellular,2,jun,294,1,-1,0,unknown,yes
33,services,married,secondary,no,1963.5,yes,no,unknown,3,jun,349,2,-1,0,unknown,no
47,blue-collar,married,primary,no,-159.0,yes,yes,cellular,12,may,690,1,-1,0,unknown,yes
59,housemaid,married,secondary,no,121.5,no,yes,unknown,9,jun,493,2,-1,0,unknown,no
51,management,single,tertiary,no,2032.5,no,no,cellular,23,jul,179,2,-1,0,unknown,no
46,blue-collar,married,secondary,no,609.0,yes,no,unknown,8,may,826,3,-1,0,unknown,no
40,technician,divorced,secondary,no,6.0,yes,no,unknown,20,may,270,1,-1,0,unknown,no
64,technician,divorced,secondary,no,1288.5,no,yes,cellular,21,jul,710,1,-1,0,unknown,yes
44,management,single,tertiary,no,1560.0,yes,no,unknown,20,may,96,2,-1,0,unknown,no
58,technician,married,secondary,no,2646.0,yes,no,unknown,14,may,125,2,-1,0,unknown,no
38,management,single,tertiary,no,699.0,yes,no,cellular,23,jul,170,2,-1,0,unknown,no
67,housemaid,married,tertiary,no,3489.0,no,no,cellular,17,apr,378,1,-1,0,unknown,yes
67,blue-collar,married,secondary,no,249.0,no,no,cellular,4,aug,58,1,-1,0,unknown,no
50,services,married,secondary,no,-174.0,yes,no,unknown,29,may,176,3,-1,0,unknown,no
53,technician,single,secondary,no,7485.0,yes,no,cellular,7,apr,58,1,228,10,failure,no
58,technician,married,primary,no,2062.5,yes,yes,cellular,21,nov,73,1,172,2,failure,no
34,retired,single,secondary,no,613.5,yes,no,unknown,16,may,912,1,-1,0,unknown,yes
41,technician,single,tertiary,no,34.5,no,no,cellular,25,aug,121,3,-1,0,unknown,no
39,blue-collar,married,unknown,yes,244.5,yes,yes,cellular,23,jul,586,2,-1,0,unknown,no
69,unemployed,married,secondary,no,4110.0,no,no,cellular,5,feb,130,1,-1,0,unknown,no
52,blue-collar,married,primary,no,1734.0,yes,no,telephone,20,apr,37,1,-1,0,unknown,no
61,retired,married,secondary,no,475.5,no,no,cellular,13,aug,328,4,-1,0,unknown,no
69,management,divorced,secondary,no,1762.5,yes,no,cellular,20,nov,228,1,-1,0,unknown,no
43,technician,single,tertiary,no,193.5,yes,no,unknown,8,may,128,1,-1,0,unknown,no
48,entrepreneur,married,tertiary,no,2157.0,no,no,cellular,13,nov,122,5,-1,0,unknown,no
44,management,married,tertiary,no,408.0,yes,no,cellular,21,jul,237,2,-1,0,unknown,no
42,blue-collar,married,secondary,yes,-531.0,yes,yes,unknown,28,may,51,2,-1,0,unknown,no
57,services,single,secondary,no,1305.0,yes,no,cellular,9,feb,36,7,-1,0,unknown,no
45,technician,single,secondary,no,807.0,yes,no,cellular,4,may,313,2,-1,0,unknown,no
62,management,married,tertiary,no,1597.5,yes,yes,unknown,30,may,159,1,-1,0,unknown,no
68,retired,married,secondary,no,15.0,yes,yes,cellular,30,jul,95,5,-1,0,unknown,no
40,services,single,secondary,no,93.0,yes,no,cellular,21,nov,76,1,-1,0,unknown,no
63,blue-collar,married,primary,no,1180.5,yes,yes,cellular,7,aug,119,2,-1,0,unknown,no
56,blue-collar,married,primary,no,714.0,yes,no,unknown,30,may,311,4,-1,0,unknown,no
65,admin.,married,secondary,no,3645.0,yes,no,cellular,7,aug,231,2,-1,0,unknown,no
50,admin.,divorced,secondary,no,-910.5,yes,no,cellular,8,may,328,2,353,2,failure,no
40,admin.,married,secondary,no,280.5,yes,no,cellular,18,nov,106,1,-1,0,unknown,no
63,housemaid,married,secondary,yes,63.0,no,no,cellular,28,aug,81,4,-1,0,unknown,no
50,entrepreneur,married,tertiary,no,1633.5,yes,yes,unknown,13,may,195,5,-1,0,unknown,no
43,services,divorced,secondary,no,3616.5,yes,no,cellular,23,oct,130,1,161,1,failure,yes
87,retired,married,tertiary,no,1048.5,no,no,cellular,13,aug,425,2,-1,0,unknown,yes
61,blue-collar,married,secondary,no,750.0,no,no,cellular,14,may,471,1,-1,0,unknown,no
62,management,married,tertiary,no,0.0,no,no,unknown,20,jun,166,1,-1,0,unknown,no
61,technician,married,secondary,no,1684.5,no,no,unknown,18,jun,54,4,-1,0,unknown,no
41,unemployed,married,secondary,no,471.0,yes,no,cellular,20,nov,1341,3,178,7,failure,yes
37,blue-collar,single,secondary,no,72.0,no,no,cellular,10,jul,152,6,-1,0,unknown,no
61,blue-collar,married,secondary,no,-532.5,yes,yes,cellular,17,nov,122,2,-1,0,unknown,no
52,services,married,secondary,no,136.5,yes,no,unknown,29,may,87,7,-1,0,unknown,no
65,management,single,tertiary,no,0.0,no,no,cellular,3,nov,222,3,187,3,failure,no
42,management,single,secondary,no,1632.0,yes,no,cellular,6,apr,317,1,363,2,success,yes
82,retired,single,tertiary,no,921.0,no,no,cellular,14,aug,553,1,-1,0,unknown,no
63,admin.,married,secondary,no,2694.0,no,no,telephone,15,dec,476,1,193,1,failure,yes
45,retired,married,tertiary,no,183.0,no,no,cellular,7,jul,179,4,-1,0,unknown,no
46,self-employed,married,tertiary,no,3025.5,no,no,cellular,29,jul,246,18,-1,0,unknown,no
52,management,married,tertiary,no,726.0,yes,no,cellular,11,jul,144,2,-1,0,unknown,no
52,technician,married,secondary,no,801.0,no,no,cellular,5,aug,314,1,-1,0,unknown,no
56,self-employed,divorced,tertiary,no,13075.5,yes,no,unknown,15,may,343,5,-1,0,unknown,no
44,blue-collar,married,secondary,no,-277.5,yes,yes,unknown,13,may,276,1,-1,0,unknown,no
44,retired,single,secondary,no,1614.0,no,no,cellular,8,aug,70,2,-1,0,unknown,no
64,unknown,divorced,tertiary,no,3408.0,yes,no,telephone,19,nov,88,1,189,1,failure,no
44,technician,married,secondary,no,9.0,yes,no,unknown,28,may,99,2,-1,0,unknown,no
62,management,single,tertiary,no,55.5,no,no,cellular,7,jul,1284,1,-1,0,unknown,no
51,unemployed,married,secondary,no,534.0,yes,no,unknown,16,may,80,2,-1,0,unknown,no
53,services,married,secondary,no,576.0,yes,yes,unknown,19,may,277,3,-1,0,unknown,no
48,retired,married,tertiary,no,802.5,yes,no,cellular,4,feb,369,2,-1,0,unknown,no
64,technician,married,secondary,no,0.0,no,no,telephone,5,feb,744,3,-1,0,unknown,yes
56,management,married,secondary,no,5571.0,yes,no,unknown,15,may,86,1,-1,0,unknown,no
34,management,single,tertiary,no,1627.5,no,yes,cellular,7,may,95,6,-1,0,unknown,no
39,self-employed,married,secondary,no,184.5,no,yes,cellular,21,apr,158,2,181,1,success,yes
54,blue-collar,married,primary,no,3705.0,no,no,telephone,21,jul,19,1,-1,0,unknown,no
54,technician,married,secondary,no,400.5,no,yes,cellular,12,aug,508,3,-1,0,unknown,no
44,self-employed,married,secondary,no,70.5,no,no,cellular,4,feb,362,2,169,2,failure,no
53,blue-collar,single,primary,yes,103.5,no,yes,cellular,28,jul,267,5,-1,0,unknown,no
56,technician,married,tertiary,no,24.0,no,no,cellular,30,jul,121,3,-1,0,unknown,no
45,management,single,tertiary,no,-312.0,yes,no,unknown,27,may,127,2,-1,0,unknown,no
38,retired,single,secondary,no,-640.5,yes,yes,unknown,21,may,965,2,-1,0,unknown,no
59,management,married,tertiary,no,1446.0,yes,yes,cellular,17,jul,201,1,-1,0,unknown,no
43,management,single,secondary,no,12006.0,no,no,cellular,19,nov,414,3,-1,0,unknown,no
54,retired,single,secondary,no,1588.5,no,no,unknown,18,jun,2093,1,-1,0,unknown,yes
80,retired,married,secondary,no,1746.0,no,no,telephone,10,nov,208,2,-1,0,unknown,no
37,retired,single,tertiary,yes,-462.0,yes,no,unknown,16,may,213,16,-1,0,unknown,no
36,admin.,married,tertiary,no,478.5,no,no,cellular,15,oct,88,1,-1,0,unknown,no
42,technician,single,tertiary,no,4026.0,yes,no,cellular,18,may,542,2,-1,0,unknown,yes
50,entrepreneur,divorced,secondary,no,1870.5,yes,no,cellular,2,feb,445,2,-1,0,unknown,no
67,services,married,secondary,no,3987.0,yes,no,cellular,21,nov,107,1,190,1,failure,no
55,services,single,secondary,no,2272.5,no,no,unknown,20,jun,14,4,-1,0,unknown,no
49,technician,married,tertiary,no,-1648.5,yes,no,cellular,30,jul,56,9,-1,0,unknown,no
41,unknown,divorced,tertiary,no,205.5,no,no,cellular,22,aug,385,9,-1,0,unknown,no
67,unemployed,divorced,secondary,no,118.5,yes,no,unknown,1,mar,60,1,592,2,failure,no
31,blue-collar,single,secondary,no,-409.5,yes,yes,unknown,13,may,340,1,-1,0,unknown,no
46,blue-collar,married,secondary,no,0.0,no,no,unknown,14,may,636,6,-1,0,unknown,no
57,technician,married,unknown,no,1126.5,yes,no,cellular,24,jul,99,1,-1,0,unknown,no
42,technician,single,unknown,no,475.5,yes,no,cellular,29,jan,452,2,253,2,failure,no
43,retired,married,tertiary,no,148.5,yes,yes,cellular,18,nov,55,2,-1,0,unknown,no
57,blue-collar,married,secondary,no,1804.5,yes,no,cellular,17,apr,239,2,-1,0,unknown,no
80,retired,married,primary,no,9807.0,no,no,cellular,9,sep,394,1,-1,0,unknown,yes
61,blue-collar,married,secondary,no,889.5,yes,no,unknown,28,may,157,2,-1,0,unknown,no
42,entrepreneur,married,tertiary,no,1446.0,yes,no,cellular,22,jul,370,2,-1,0,unknown,no
57,blue-collar,married,secondary,no,-324.0,yes,no,cellular,6,may,197,1,282,3,failure,no
45,services,married,secondary,no,684.0,yes,yes,unknown,2,jun,100,4,-1,0,unknown,no
51,housemaid,married,secondary,no,324.0,no,no,cellular,13,aug,152,2,-1,0,unknown,no
72,self-employed,divorced,secondary,no,0.0,yes,no,cellular,20,aug,158,1,-1,0,unknown,yes
48,admin.,married,secondary,no,-1143.0,no,no,unknown,29,may,165,1,-1,0,unknown,no
37,self-employed,single,tertiary,no,39.0,no,no,telephone,6,feb,31,5,-1,0,unknown,no
46,blue-collar,single,secondary,no,1035.0,yes,no,unknown,23,may,86,2,-1,0,unknown,no
59,blue-collar,married,primary,no,5650.5,yes,no,unknown,23,may,493,13,-1,0,unknown,no
53,management,divorced,tertiary,no,3376.5,no,no,cellular,7,sep,332,5,-1,0,unknown,no
45,technician,divorced,secondary,no,4165.5,yes,no,cellular,7,may,633,1,-1,0,unknown,no
66,management,married,tertiary,no,250.5,yes,no,telephone,7,apr,189,1,-1,0,unknown,no
65,retired,married,secondary,no,2146.5,no,yes,cellular,28,jan,107,1,-1,0,unknown,no
50,services,single,tertiary,no,13234.5,yes,no,unknown,7,may,378,1,-1,0,unknown,no
39,blue-collar,married,secondary,no,816.0,no,yes,cellular,21,jul,121,4,-1,0,unknown,no
35,blue-collar,single,secondary,no,0.0,no,no,telephone,8,jul,112,1,-1,0,unknown,no
52,technician,divorced,secondary,no,486.0,yes,no,cellular,27,aug,203,2,-1,0,unknown,no
43,blue-collar,single,secondary,no,33.0,no,no,cellular,30,jan,76,2,207,1,failure,no
55,management,married,unknown,no,4086.0,no,no,cellular,28,jun,359,2,182,1,success,yes
43,management,married,secondary,no,6060.0,yes,no,cellular,20,apr,132,2,-1,0,unknown,no
40,retired,single,secondary,no,72.0,no,no,cellular,25,feb,217,1,191,2,success,yes
46,blue-collar,married,secondary,no,0.0,no,no,unknown,5,jun,174,1,-1,0,unknown,no
63,retired,married,primary,no,348.0,yes,yes,unknown,17,jun,203,2,-1,0,unknown,no
42,management,single,tertiary,no,4461.0,yes,no,cellular,20,apr,169,1,-1,0,unknown,no
39,management,single,secondary,no,0.0,no,yes,cellular,21,jul,463,2,-1,0,unknown,no
56,blue-collar,divorced,primary,no,411.0,yes,no,unknown,13,may,20,1,-1,0,unknown,no
42,management,married,tertiary,no,1996.5,no,no,cellular,12,nov,126,1,92,5,failure,yes
66,blue-collar,married,secondary,no,172.5,no,no,telephone,4,feb,111,1,-1,0,unknown,no
46,self-employed,married,tertiary,no,492.0,yes,yes,cellular,23,jul,136,1,-1,0,unknown,no
54,blue-collar,married,unknown,no,1318.5,no,no,telephone,31,jul,28,1,-1,0,unknown,no
51,blue-collar,married,secondary,no,558.0,yes,no,telephone,11,jul,117,1,-1,0,unknown,no
48,blue-collar,divorced,secondary,no,237.0,yes,no,cellular,11,may,242,1,-1,0,unknown,no
42,retired,married,secondary,no,139.5,yes,no,unknown,20,may,203,2,-1,0,unknown,no
58,entrepreneur,married,secondary,no,274.5,yes,no,unknown,3,jun,203,9,-1,0,unknown,no
43,management,married,tertiary,no,4635.0,yes,no,unknown,21,may,162,1,-1,0,unknown,no
53,services,married,secondary,no,9519.0,yes,no,cellular,11,may,57,1,-1,0,unknown,no
41,management,single,tertiary,no,147.0,no,no,cellular,11,aug,69,2,-1,0,unknown,no
58,self-employed,married,primary,no,1806.0,yes,no,unknown,19,jun,53,1,-1,0,unknown,no
60,blue-collar,divorced,secondary,no,3603.0,yes,no,unknown,19,may,219,1,-1,0,unknown,no
46,management,married,tertiary,no,244.5,no,no,cellular,6,aug,311,2,-1,0,unknown,no
69,retired,married,primary,no,0.0,no,no,cellular,22,aug,460,1,-1,0,unknown,no
36,retired,single,tertiary,no,75.0,no,no,cellular,30,jul,160,4,-1,0,unknown,no
43,technician,married,tertiary,no,72.0,no,no,cellular,27,aug,34,14,-1,0,unknown,no
70,retired,married,secondary,no,393.0,no,no,cellular,18,aug,393,4,-1,0,unknown,no
37,management,single,secondary,no,1264.5,no,no,cellular,8,jan,187,1,-1,0,unknown,yes
42,admin.,married,secondary,no,129.0,yes,no,unknown,26,may,1099,1,-1,0,unknown,no
46,self-employed,married,secondary,no,492.0,no,no,cellular,20,nov,537,2,-1,0,unknown,no
42,blue-collar,married,secondary,no,14571.0,yes,no,cellular,15,may,1237,2,361,2,failure,no
36,services,married,secondary,no,916.5,yes,no,unknown,29,may,177,2,-1,0,unknown,no
57,retired,married,secondary,no,2244.0,yes,no,unknown,16,may,211,2,-1,0,unknown,no
50,technician,single,secondary,no,286.5,yes,no,cellular,18,may,19,4,374,1,other,no
70,retired,married,secondary,no,294.0,no,no,unknown,20,jun,583,3,-1,0,unknown,no
53,blue-collar,married,secondary,no,3157.5,yes,no,cellular,31,jul,36,2,-1,0,unknown,no
52,unknown,single,unknown,no,1974.0,no,no,unknown,5,jun,285,1,-1,0,unknown,no
67,retired,married,secondary,no,5674.5,yes,no,unknown,6,jun,198,3,-1,0,unknown,no
42,services,married,secondary,no,163.5,yes,no,unknown,2,jun,364,13,-1,0,unknown,no
55,admin.,divorced,secondary,no,12048.0,no,no,cellular,20,nov,73,1,-1,0,unknown,no
32,services,married,secondary,no,21.0,yes,yes,unknown,20,may,56,1,-1,0,unknown,no
54,technician,single,tertiary,no,5148.0,yes,no,cellular,25,jul,72,30,-1,0,unknown,no
42,technician,married,secondary,no,0.0,no,no,cellular,29,jan,750,3,-1,0,unknown,no
44,blue-collar,married,primary,no,1042.5,yes,yes,unknown,16,may,1064,4,-1,0,unknown,yes
47,blue-collar,married,secondary,no,5055.0,yes,no,cellular,20,nov,156,4,-1,0,unknown,no
40,retired,divorced,secondary,no,555.0,yes,no,unknown,15,may,160,1,-1,0,unknown,no
54,retired,married,tertiary,no,-91.5,no,no,cellular,11,aug,1015,1,-1,0,unknown,no
62,admin.,married,secondary,no,3520.5,no,yes,cellular,12,aug,603,3,-1,0,unknown,no
60,admin.,married,secondary,no,4042.5,no,no,cellular,17,may,312,2,159,2,other,no
69,services,divorced,primary,no,9435.0,yes,no,cellular,17,apr,19,4,-1,0,unknown,no
53,retired,married,tertiary,no,3124.5,no,no,cellular,21,nov,120,2,-1,0,unknown,no
48,technician,single,tertiary,no,327.0,yes,yes,unknown,28,may,74,2,-1,0,unknown,no
43,services,single,secondary,no,609.0,yes,no,cellular,5,feb,61,1,275,1,failure,no
53,management,divorced,secondary,no,76.5,no,no,cellular,2,feb,430,1,-1,0,unknown,yes
59,blue-collar,married,secondary,no,1294.5,yes,yes,telephone,8,may,101,1,-1,0,unknown,no
37,retired,single,secondary,yes,-165.0,no,yes,cellular,8,jul,90,2,-1,0,unknown,no
46,management,married,tertiary,no,1273.5,yes,yes,unknown,21,may,958,2,-1,0,unknown,yes
57,blue-collar,married,secondary,no,106.5,yes,no,cellular,11,may,170,1,370,1,failure,no
55,admin.,single,secondary,no,-16.5,yes,no,cellular,5,may,247,1,-1,0,unknown,no
43,retired,married,tertiary,no,0.0,yes,no,cellular,28,jul,54,3,-1,0,unknown,no
80,unknown,married,tertiary,no,529.5,no,no,cellular,26,oct,110,2,-1,0,unknown,no
42,management,married,tertiary,no,0.0,no,no,cellular,19,nov,66,1,-1,0,unknown,no
66,management,married,primary,no,11620.5,no,no,unknown,5,jun,103,2,-1,0,unknown,no
54,admin.,married,secondary,no,399.0,yes,no,cellular,17,apr,294,2,-1,0,unknown,no
58,technician,married,secondary,no,1080.0,yes,no,unknown,8,may,177,3,-1,0,unknown,no
42,technician,married,tertiary,no,880.5,no,no,cellular,20,aug,212,4,-1,0,unknown,no
44,unemployed,single,secondary,no,2947.5,no,no,telephone,4,may,714,1,-1,0,unknown,yes
42,technician,married,secondary,no,-438.0,yes,yes,cellular,15,apr,301,1,316,1,failure,no
56,retired,single,secondary,no,1605.0,yes,no,cellular,6,apr,194,2,-1,0,unknown,no
52,management,married,tertiary,no,4228.5,yes,no,cellular,18,nov,149,2,-1,0,unknown,no
69,retired,married,secondary,no,3016.5,no,no,cellular,21,nov,222,2,-1,0,unknown,no
54,retired,married,secondary,no,3658.5,yes,no,cellular,30,jul,133,2,-1,0,unknown,no
70,retired,married,tertiary,no,162.0,no,no,cellular,26,aug,624,1,-1,0,unknown,yes
44,technician,single,secondary,no,33.0,yes,no,cellular,6,may,197,1,-1,0,unknown,no
58,admin.,married,secondary,no,-568.5,yes,no,cellular,22,jul,599,2,-1,0,unknown,no
67,blue-collar,married,secondary,no,2106.0,no,no,cellular,18,aug,119,7,-1,0,unknown,no
46,admin.,married,secondary,no,0.0,no,no,unknown,11,jun,378,4,-1,0,unknown,no
51,blue-collar,married,secondary,no,316.5,yes,no,telephone,8,may,546,3,368,4,failure,no
50,admin.,married,secondary,no,100.5,no,yes,unknown,20,jun,70,5,-1,0,unknown,no
51,technician,single,secondary,no,2262.0,no,yes,cellular,28,jan,301,2,-1,0,unknown,no
39,technician,single,secondary,no,1167.0,yes,no,unknown,6,jun,1994,2,-1,0,unknown,no
44,blue-collar,married,secondary,no,838.5,yes,no,telephone,18,nov,47,1,193,1,other,no
40,services,single,secondary,no,285.0,no,no,cellular,21,nov,312,1,-1,0,unknown,no
34,admin.,single,secondary,no,435.0,yes,no,cellular,15,may,80,3,368,4,failure,no
61,housemaid,married,primary,no,3748.5,no,no,unknown,12,jun,309,5,-1,0,unknown,no
44,services,married,secondary,no,0.0,yes,no,cellular,14,jul,78,4,-1,0,unknown,no
63,management,married,tertiary,no,927.0,no,no,cellular,11,aug,73,2,-1,0,unknown,no
47,retired,married,secondary,no,321.0,yes,no,cellular,9,jul,645,1,-1,0,unknown,yes
49,services,married,secondary,no,0.0,yes,yes,unknown,21,may,240,3,-1,0,unknown,no
48,management,single,tertiary,no,13003.5,yes,no,telephone,21,nov,228,6,-1,0,unknown,no
67,technician,married,secondary,no,943.5,yes,no,unknown,14,may,226,2,-1,0,unknown,no
48,admin.,married,secondary,no,996.0,yes,no,unknown,14,may,256,2,-1,0,unknown,no
42,management,divorced,tertiary,no,1.5,yes,no,unknown,8,may,399,4,-1,0,unknown,no
69,blue-collar,married,secondary,no,0.0,no,no,unknown,18,jun,368,1,-1,0,unknown,no
59,unemployed,married,secondary,yes,16.5,yes,no,telephone,31,jul,166,8,-1,0,unknown,no
42,admin.,single,secondary,no,1171.5,no,no,cellular,20,nov,305,1,-1,0,unknown,no
43,blue-collar,married,secondary,no,7494.0,yes,no,cellular,18,may,15,9,363,2,failure,no
40,self-employed,single,tertiary,no,1888.5,no,no,cellular,20,nov,435,1,-1,0,unknown,no
48,admin.,divorced,secondary,no,717.0,no,no,cellular,29,jan,73,1,-1,0,unknown,no
48,management,single,unknown,no,1072.5,yes,no,cellular,2,apr,951,1,132,3,failure,no
67,blue-collar,married,unknown,no,5377.5,no,no,telephone,14,nov,172,1,-1,0,unknown,yes
67,management,married,tertiary,no,2611.5,no,no,cellular,24,jul,449,2,-1,0,unknown,no
50,admin.,married,unknown,no,5335.5,yes,no,unknown,29,may,332,1,-1,0,unknown,no
41,admin.,married,secondary,no,52.5,no,no,cellular,13,aug,315,2,105,1,success,yes
44,retired,married,tertiary,no,1263.0,yes,no,cellular,6,may,141,2,-1,0,unknown,no
58,admin.,married,secondary,no,2104.5,no,no,cellular,7,aug,76,2,-1,0,unknown,no
63,management,married,tertiary,no,2034.0,yes,no,cellular,9,nov,371,2,96,4,failure,no
33,student,single,secondary,no,235.5,yes,no,unknown,6,may,54,1,-1,0,unknown,no
50,admin.,single,secondary,no,150.0,yes,no,cellular,11,aug,221,1,461,1,success,yes
44,retired,single,secondary,no,1969.5,no,no,cellular,12,aug,176,1,21,6,failure,no
47,management,divorced,tertiary,no,721.5,yes,no,cellular,19,aug,97,6,-1,0,unknown,no
44,retired,single,tertiary,no,1.5,no,no,cellular,19,nov,582,1,-1,0,unknown,no
41,housemaid,married,secondary,no,5853.0,yes,no,cellular,21,jul,78,4,-1,0,unknown,no
44,blue-collar,married,secondary,no,532.5,yes,no,cellular,18,may,189,3,348,3,failure,no
65,retired,married,secondary,no,574.5,no,no,unknown,5,may,287,1,-1,0,unknown,no
56,housemaid,married,secondary,no,28.5,yes,no,telephone,21,jul,171,1,-1,0,unknown,no
45,blue-collar,single,secondary,no,-442.5,yes,yes,cellular,18,may,173,2,-1,0,unknown,no
68,blue-collar,divorced,secondary,no,966.0,no,yes,cellular,17,nov,220,4,109,4,failure,no
40,management,single,tertiary,no,1335.0,no,no,cellular,27,aug,16,18,-1,0,unknown,no
63,retired,married,secondary,no,7452.0,no,no,cellular,6,may,109,1,87,2,failure,no
51,retired,single,unknown,no,5478.0,yes,no,cellular,12,may,127,1,363,2,success,no
47,blue-collar,divorced,secondary,no,-88.5,yes,no,cellular,15,may,169,1,352,1,failure,no
53,entrepreneur,single,tertiary,no,1116.0,no,yes,cellular,29,jul,619,4,-1,0,unknown,no
43,retired,single,secondary,no,-144.0,no,no,cellular,29,jan,213,4,-1,0,unknown,no
50,blue-collar,married,primary,no,159.0,yes,no,cellular,12,may,23,1,370,1,failure,no
44,blue-collar,married,secondary,no,-385.5,yes,no,cellular,15,may,160,1,368,4,failure,no
55,admin.,married,secondary,no,307.5,no,no,cellular,3,feb,373,1,92,1,success,yes
60,blue-collar,married,secondary,no,2748.0,yes,no,cellular,17,jul,80,1,-1,0,unknown,no
43,management,married,tertiary,no,1596.0,yes,no,cellular,13,may,562,1,-1,0,unknown,yes
39,technician,single,tertiary,no,393.0,yes,yes,cellular,29,jul,510,9,-1,0,unknown,no
45,unknown,married,primary,no,547.5,no,no,cellular,29,aug,41,2,-1,0,unknown,no
50,management,married,secondary,no,853.5,no,no,cellular,20,aug,129,2,-1,0,unknown,no
36,management,married,tertiary,no,5040.0,yes,no,cellular,29,jan,774,1,-1,0,unknown,no
35,admin.,single,tertiary,no,1584.0,yes,no,cellular,15,may,363,1,-1,0,unknown,no
43,technician,married,tertiary,no,862.5,yes,no,cellular,19,nov,76,1,-1,0,unknown,no
43,management,single,tertiary,no,811.5,yes,yes,unknown,21,may,572,1,-1,0,unknown,no
44,management,single,tertiary,no,0.0,no,no,cellular,26,may,93,1,-1,0,unknown,no
64,technician,married,secondary,no,1948.5,yes,no,cellular,25,may,104,1,-1,0,unknown,no
58,technician,married,secondary,no,63.0,yes,yes,cellular,17,nov,92,1,-1,0,unknown,no
48,admin.,married,tertiary,no,6598.5,yes,no,unknown,20,may,638,2,-1,0,unknown,no
44,retired,married,tertiary,no,0.0,no,no,cellular,28,aug,730,11,-1,0,unknown,yes
39,blue-collar,divorced,secondary,no,-450.0,no,no,unknown,21,may,192,1,-1,0,unknown,no
39,management,single,tertiary,no,0.0,yes,no,cellular,12,may,116,2,-1,0,unknown,no
46,technician,married,secondary,no,33.0,no,no,unknown,6,jun,464,1,-1,0,unknown,no
45,technician,single,secondary,no,337.5,yes,no,cellular,18,may,7,5,-1,0,unknown,no
51,blue-collar,married,primary,no,2236.5,yes,no,cellular,19,nov,145,2,-1,0,unknown,no
63,self-employed,married,tertiary,no,7012.5,yes,no,cellular,29,jul,60,4,-1,0,unknown,no
40,services,married,secondary,no,1053.0,yes,no,unknown,21,may,573,1,-1,0,unknown,no
67,management,married,tertiary,no,1524.0,no,no,telephone,10,dec,208,1,-1,0,unknown,no
44,retired,married,tertiary,no,2667.0,no,no,cellular,5,feb,99,1,93,3,success,no
46,unemployed,single,primary,no,3843.0,no,no,unknown,20,jun,489,2,-1,0,unknown,no
48,management,single,tertiary,no,861.0,yes,no,cellular,28,jan,62,1,-1,0,unknown,no
47,services,divorced,secondary,no,798.0,yes,no,unknown,11,jun,199,1,-1,0,unknown,no
59,services,married,secondary,no,367.5,yes,yes,unknown,6,may,318,1,-1,0,unknown,no
46,technician,single,secondary,no,0.0,no,no,cellular,29,aug,21,2,-1,0,unknown,no
54,retired,married,secondary,no,397.5,yes,no,unknown,28,may,453,2,-1,0,unknown,no
36,admin.,married,tertiary,no,1027.5,yes,no,unknown,26,may,346,2,-1,0,unknown,no
65,management,married,tertiary,no,334.5,no,no,cellular,8,aug,273,5,-1,0,unknown,no
50,admin.,married,secondary,yes,-666.0,no,yes,telephone,30,jul,168,8,-1,0,unknown,no
42,retired,single,secondary,no,2473.5,no,no,cellular,27,may,204,2,-1,0,unknown,no
50,admin.,single,secondary,no,1444.5,yes,no,cellular,7,apr,479,1,-1,0,unknown,no
60,blue-collar,married,secondary,no,-39.0,yes,no,cellular,8,may,301,2,-1,0,unknown,no
67,management,married,tertiary,no,0.0,no,no,cellular,6,aug,100,6,-1,0,unknown,no
41,blue-collar,single,unknown,no,1219.5,yes,no,unknown,20,jun,16,18,-1,0,unknown,no
48,management,married,tertiary,no,1797.0,yes,no,cellular,3,sep,91,3,213,1,failure,no
66,blue-collar,married,primary,no,279.0,yes,no,unknown,2,jun,108,4,-1,0,unknown,no
45,retired,single,tertiary,no,1680.0,no,no,unknown,21,sep,4,1,771,2,success,no
39,services,married,secondary,no,2148.0,no,no,cellular,22,jul,728,8,-1,0,unknown,no
43,admin.,married,secondary,no,0.0,no,no,cellular,4,nov,86,3,-1,0,unknown,no
45,blue-collar,married,secondary,no,303.0,yes,yes,cellular,11,may,72,2,-1,0,unknown,no
47,management,married,tertiary,no,589.5,yes,no,cellular,12,aug,62,2,104,2,success,no
56,blue-collar,married,secondary,no,960.0,yes,no,cellular,12,mar,215,1,182,4,success,yes
43,blue-collar,married,secondary,no,537.0,no,no,cellular,11,may,231,1,350,1,failure,no
47,entrepreneur,married,tertiary,no,1926.0,yes,no,cellular,29,jan,246,2,-1,0,unknown,no
42,admin.,divorced,secondary,no,280.5,yes,no,cellular,14,jul,90,2,-1,0,unknown,no
56,blue-collar,married,secondary,no,960.0,yes,no,cellular,11,sep,108,2,129,2,failure,yes
51,admin.,married,secondary,no,2092.5,yes,yes,cellular,11,may,85,1,308,2,failure,no
42,self-employed,divorced,tertiary,no,4906.5,no,no,cellular,4,may,949,3,-1,0,unknown,yes
45,technician,single,tertiary,no,3415.5,no,yes,cellular,11,aug,55,2,-1,0,unknown,no
40,technician,married,secondary,no,259.5,yes,no,unknown,2,jun,184,3,-1,0,unknown,no
67,blue-collar,married,secondary,no,8329.5,no,yes,unknown,9,jun,589,1,-1,0,unknown,no
41,technician,single,secondary,no,73.5,yes,no,cellular,7,jul,234,1,-1,0,unknown,no
69,retired,divorced,secondary,no,8767.5,no,no,cellular,14,may,1060,2,-1,0,unknown,yes
43,self-employed,married,tertiary,no,0.0,yes,no,cellular,19,nov,122,2,-1,0,unknown,no
40,blue-collar,married,secondary,no,567.0,yes,no,cellular,14,may,566,2,-1,0,unknown,yes
65,retired,married,secondary,no,12156.0,no,no,cellular,6,feb,213,2,-1,0,unknown,no
48,admin.,married,secondary,no,322.5,yes,yes,unknown,6,jun,173,2,-1,0,unknown,no
45,retired,single,tertiary,no,7039.5,yes,no,cellular,21,nov,227,5,-1,0,unknown,no
44,unemployed,married,tertiary,no,709.5,no,no,cellular,28,aug,94,11,-1,0,unknown,no
41,blue-collar,married,secondary,no,2242.5,yes,yes,unknown,23,may,159,3,-1,0,unknown,no
70,management,married,tertiary,no,307.5,no,no,cellular,26,may,107,2,-1,0,unknown,no
48,services,single,secondary,no,1972.5,no,no,unknown,20,jun,23,12,-1,0,unknown,no
35,services,married,secondary,no,6783.0,yes,no,cellular,18,may,177,4,-1,0,unknown,no
56,management,married,tertiary,no,283.5,yes,no,cellular,17,nov,111,1,-1,0,unknown,no
42,blue-collar,married,primary,no,280.5,no,no,cellular,9,jul,91,1,-1,0,unknown,no
45,admin.,divorced,secondary,no,655.5,yes,no,unknown,4,jun,908,1,-1,0,unknown,yes
35,services,single,secondary,no,4825.5,yes,no,unknown,28,may,24,1,-1,0,unknown,no
55,entrepreneur,married,primary,no,87.0,yes,no,telephone,13,may,119,3,371,3,failure,no
63,technician,married,tertiary,no,13501.5,no,no,cellular,5,apr,170,1,-1,0,unknown,yes
35,management,single,tertiary,no,474.0,no,no,cellular,27,mar,347,2,-1,0,unknown,yes
42,technician,single,tertiary,no,-1155.0,yes,no,cellular,18,may,618,1,-1,0,unknown,yes
43,technician,married,secondary,no,0.0,no,no,unknown,9,may,120,1,-1,0,unknown,no
44,blue-collar,married,secondary,no,1017.0,yes,no,cellular,17,apr,278,1,-1,0,unknown,no
48,technician,married,tertiary,no,309.0,no,no,cellular,8,apr,350,2,-1,0,unknown,yes
48,technician,married,tertiary,no,-544.5,no,no,cellular,26,aug,101,2,-1,0,unknown,no
56,self-employed,married,tertiary,no,-120.0,yes,no,unknown,12,may,112,2,-1,0,unknown,no
61,services,married,secondary,no,-357.0,yes,no,cellular,24,jul,63,1,-1,0,unknown,no
63,blue-collar,married,secondary,no,372.0,yes,no,telephone,11,may,193,2,-1,0,unknown,no
42,retired,single,tertiary,no,3919.5,no,no,cellular,4,may,520,2,-1,0,unknown,no
70,admin.,married,primary,no,61.5,no,no,cellular,26,aug,140,6,-1,0,unknown,no
46,blue-collar,single,secondary,no,3585.0,yes,no,unknown,20,may,446,12,-1,0,unknown,no
48,management,married,unknown,no,1399.5,no,no,unknown,20,jun,95,2,-1,0,unknown,no
44,technician,single,secondary,no,604.5,no,no,cellular,5,feb,319,2,-1,0,unknown,no
50,blue-collar,married,primary,no,6.0,no,no,unknown,20,jun,287,9,-1,0,unknown,no
55,retired,married,secondary,yes,-907.5,yes,no,telephone,8,jul,208,5,-1,0,unknown,no
46,student,single,secondary,no,613.5,yes,no,unknown,12,jun,72,1,-1,0,unknown,no
49,blue-collar,married,secondary,no,1474.5,yes,no,unknown,6,may,97,1,-1,0,unknown,no
49,services,married,secondary,no,4219.5,no,no,unknown,12,jun,723,2,-1,0,unknown,no
49,technician,divorced,secondary,no,1833.0,yes,no,unknown,23,may,451,4,-1,0,unknown,no
56,management,married,tertiary,no,7662.0,no,no,cellular,11,aug,165,4,-1,0,unknown,no
45,admin.,married,tertiary,no,18951.0,no,no,cellular,20,nov,114,1,-1,0,unknown,no
45,management,married,tertiary,no,0.0,yes,no,cellular,11,feb,391,2,92,5,success,yes
53,management,married,tertiary,no,28.5,yes,no,unknown,30,may,126,2,-1,0,unknown,no
47,blue-collar,married,secondary,no,-237.0,yes,yes,cellular,7,may,892,2,-1,0,unknown,no
47,self-employed,married,secondary,no,240.0,no,no,unknown,6,jun,107,1,-1,0,unknown,no
60,technician,married,secondary,no,6.0,no,no,cellular,10,jul,200,5,-1,0,unknown,no
63,retired,single,secondary,no,2769.0,no,no,unknown,11,jun,95,1,-1,0,unknown,no
59,services,married,secondary,no,5331.0,no,no,cellular,4,aug,39,1,-1,0,unknown,no
38,student,single,secondary,no,1033.5,no,no,cellular,2,feb,36,1,-1,0,unknown,no
36,technician,single,secondary,no,-1288.5,yes,no,unknown,19,jun,297,1,-1,0,unknown,no
54,technician,married,secondary,no,544.5,no,yes,unknown,5,jun,650,2,-1,0,unknown,no
35,retired,single,secondary,no,549.0,no,yes,cellular,15,may,102,2,364,2,failure,no
35,blue-collar,married,secondary,no,258.0,yes,no,unknown,29,may,95,3,-1,0,unknown,no
56,blue-collar,married,primary,no,1428.0,yes,no,cellular,9,apr,233,4,-1,0,unknown,no
58,blue-collar,married,primary,no,162.0,yes,no,telephone,15,may,74,5,367,7,other,no
60,services,married,secondary,no,2358.0,yes,no,cellular,9,jul,185,1,-1,0,unknown,no
40,admin.,married,secondary,no,1311.0,yes,no,cellular,22,jul,93,2,-1,0,unknown,no
60,housemaid,married,secondary,no,292.5,no,no,cellular,22,aug,168,2,-1,0,unknown,no
46,management,married,tertiary,no,4480.5,yes,no,cellular,12,aug,307,1,-1,0,unknown,yes
56,entrepreneur,married,secondary,no,6.0,yes,yes,unknown,27,jun,216,1,-1,0,unknown,no
47,blue-collar,married,secondary,no,274.5,yes,no,unknown,6,may,112,4,-1,0,unknown,no
67,retired,married,secondary,no,994.5,no,no,cellular,14,aug,107,2,-1,0,unknown,no
29,student,single,secondary,no,493.5,no,no,cellular,22,oct,252,2,-1,0,unknown,yes
52,admin.,married,secondary,no,1545.0,no,no,unknown,9,jun,148,3,-1,0,unknown,no
46,technician,married,secondary,no,108.0,yes,no,cellular,19,nov,206,3,-1,0,unknown,no
52,technician,married,secondary,no,0.0,no,no,cellular,29,aug,82,12,-1,0,unknown,no
48,unemployed,married,tertiary,no,301.5,no,no,cellular,4,feb,209,1,-1,0,unknown,no
44,admin.,married,secondary,no,2047.5,yes,no,unknown,29,may,293,2,-1,0,unknown,no
56,unknown,single,unknown,no,94.5,no,no,unknown,19,jun,235,1,-1,0,unknown,no
39,retired,married,unknown,no,3343.5,no,no,unknown,9,jul,25,1,252,1,other,no
58,retired,married,secondary,no,1141.5,no,no,cellular,21,nov,307,2,-1,0,unknown,no
49,blue-collar,single,secondary,no,574.5,yes,yes,cellular,4,feb,292,2,-1,0,unknown,no
42,retired,single,secondary,no,0.0,yes,no,cellular,17,jul,139,5,-1,0,unknown,no
33,admin.,single,secondary,no,7.5,no,no,unknown,12,may,413,1,-1,0,unknown,no
35,student,single,tertiary,no,-169.5,no,no,cellular,10,jul,300,3,-1,0,unknown,no
60,technician,single,tertiary,no,508.5,yes,no,unknown,5,may,2,3,-1,0,unknown,no
57,blue-collar,married,primary,no,753.0,yes,no,unknown,14,may,28,2,-1,0,unknown,no
67,blue-collar,married,secondary,no,331.5,yes,no,unknown,9,may,122,2,-1,0,unknown,no
57,technician,divorced,tertiary,no,-1722.0,yes,yes,unknown,27,may,62,2,-1,0,unknown,no
47,management,married,tertiary,no,346.5,yes,yes,unknown,6,may,451,2,-1,0,unknown,no
38,admin.,single,secondary,no,973.5,yes,no,cellular,25,jul,481,3,-1,0,unknown,no
70,admin.,married,secondary,no,657.0,yes,no,telephone,28,jan,176,2,-1,0,unknown,no
57,management,married,secondary,no,1341.0,yes,no,cellular,10,jul,105,1,-1,0,unknown,no
43,management,married,tertiary,no,237.0,no,no,cellular,6,feb,192,2,-1,0,unknown,yes
69,retired,divorced,primary,no,1.5,no,yes,cellular,8,jul,214,1,-1,0,unknown,no
61,blue-collar,married,primary,no,7809.0,yes,no,cellular,20,nov,168,3,-1,0,unknown,no
45,retired,married,secondary,yes,114.0,no,yes,unknown,17,jun,107,1,-1,0,unknown,no
65,management,married,tertiary,no,58647.0,no,no,cellular,27,may,236,3,-1,0,unknown,no
54,blue-collar,married,secondary,no,6354.0,yes,no,cellular,4,may,378,3,-1,0,unknown,no
48,retired,single,tertiary,no,2272.5,yes,no,cellular,18,nov,134,1,110,5,failure,no
52,blue-collar,married,primary,no,718.5,yes,no,unknown,9,may,391,2,-1,0,unknown,no
52,blue-collar,married,secondary,no,1185.0,yes,no,unknown,29,may,356,2,-1,0,unknown,no
47,blue-collar,married,secondary,no,592.5,yes,no,unknown,6,may,219,2,-1,0,unknown,no
38,services,single,secondary,no,102.0,yes,no,unknown,27,may,8,2,-1,0,unknown,no
38,blue-collar,married,secondary,no,325.5,yes,no,unknown,3,jun,860,1,-1,0,unknown,no
37,services,single,tertiary,no,14947.5,yes,no,cellular,22,jul,662,1,-1,0,unknown,no
45,self-employed,single,tertiary,no,807.0,yes,yes,unknown,8,may,21,9,-1,0,unknown,no
47,admin.,single,secondary,no,1645.5,yes,no,cellular,21,nov,1555,2,-1,0,unknown,yes
44,self-employed,married,tertiary,no,1470.0,no,no,cellular,31,aug,69,2,54,4,failure,no
37,services,single,secondary,no,645.0,yes,no,unknown,23,may,116,2,-1,0,unknown,no
57,services,divorced,unknown,no,1459.5,no,no,cellular,27,may,489,1,479,1,failure,yes
51,technician,single,secondary,no,201.0,no,yes,cellular,11,aug,153,4,-1,0,unknown,no
37,services,married,secondary,no,1954.5,yes,yes,unknown,21,may,364,1,-1,0,unknown,no
42,retired,married,secondary,no,12064.5,yes,no,cellular,21,nov,202,1,-1,0,unknown,no
43,retired,divorced,secondary,no,1320.0,yes,yes,cellular,29,jan,263,3,239,1,failure,no
65,entrepreneur,divorced,secondary,no,2329.5,no,no,cellular,30,jul,85,3,-1,0,unknown,no
58,admin.,divorced,secondary,no,243.0,yes,no,cellular,12,may,83,1,368,4,failure,no
63,housemaid,divorced,primary,no,3379.5,yes,no,cellular,24,jul,135,1,-1,0,unknown,no
50,services,married,secondary,no,6235.5,yes,no,unknown,15,may,735,1,-1,0,unknown,no
58,management,divorced,unknown,no,514.5,no,no,cellular,4,feb,191,1,-1,0,unknown,no
58,technician,married,secondary,no,11059.5,yes,no,unknown,14,may,126,1,-1,0,unknown,no
70,housemaid,married,secondary,no,3405.0,yes,no,cellular,9,jul,206,1,-1,0,unknown,no
58,technician,married,secondary,no,510.0,yes,no,cellular,28,jan,255,2,-1,0,unknown,no
43,blue-collar,single,primary,no,190.5,yes,no,unknown,29,may,1059,2,-1,0,unknown,yes
49,retired,married,secondary,no,2947.5,yes,no,unknown,2,jun,65,1,-1,0,unknown,no
50,admin.,married,secondary,no,118.5,yes,no,cellular,14,jul,223,3,-1,0,unknown,no
40,retired,married,secondary,no,49.5,yes,no,cellular,18,may,146,2,-1,0,unknown,no
40,admin.,married,secondary,no,321.0,yes,yes,unknown,26,may,219,1,-1,0,unknown,no
46,management,single,tertiary,no,919.5,no,no,cellular,7,aug,86,2,-1,0,unknown,no
40,technician,divorced,tertiary,no,475.5,yes,no,cellular,15,may,165,3,294,5,failure,no
51,blue-collar,married,primary,no,4155.0,yes,yes,unknown,5,jun,191,2,-1,0,unknown,no
70,self-employed,married,secondary,no,4657.5,no,no,telephone,28,jul,178,4,-1,0,unknown,no
55,retired,married,secondary,no,606.0,yes,no,unknown,30,may,390,2,-1,0,unknown,no
43,management,single,tertiary,no,31644.0,yes,no,unknown,2,jun,144,2,-1,0,unknown,no
53,technician,married,secondary,no,709.5,yes,no,cellular,3,feb,148,3,211,5,failure,no
32,student,single,secondary,no,2887.5,no,no,cellular,4,may,180,1,-1,0,unknown,no
48,management,single,tertiary,no,7261.5,no,no,cellular,22,may,580,3,-1,0,unknown,no
47,blue-collar,single,tertiary,no,516.0,no,no,unknown,20,jun,407,2,-1,0,unknown,no
40,management,married,tertiary,no,7422.0,no,no,cellular,21,aug,376,2,-1,0,unknown,no
50,self-employed,single,tertiary,no,2539.5,yes,no,cellular,17,nov,353,1,-1,0,unknown,no
66,retired,married,tertiary,no,421.5,no,no,cellular,25,may,185,1,83,2,success,no
43,technician,single,tertiary,no,163.5,yes,yes,cellular,25,may,601,2,10,7,failure,yes
69,retired,married,secondary,no,666.0,yes,no,unknown,6,jun,137,1,-1,0,unknown,no
39,student,single,tertiary,no,838.5,no,no,cellular,3,feb,143,2,-1,0,unknown,no
60,blue-collar,married,primary,no,3285.0,no,no,unknown,17,jun,269,1,-1,0,unknown,no
87,retired,married,tertiary,no,0.0,no,no,cellular,16,oct,847,1,60,1,success,yes
38,admin.,single,secondary,no,642.0,yes,yes,unknown,27,may,99,2,-1,0,unknown,no
41,admin.,single,tertiary,no,1014.0,yes,no,cellular,22,apr,124,2,343,2,other,yes
56,technician,married,secondary,no,0.0,no,no,cellular,30,jul,77,2,-1,0,unknown,no
68,admin.,married,secondary,no,253.5,no,no,cellular,13,may,336,3,87,5,success,yes
70,technician,married,secondary,no,891.0,no,no,cellular,10,jul,190,1,-1,0,unknown,no
43,retired,single,tertiary,no,7173.0,yes,no,cellular,11,aug,217,1,-1,0,unknown,no
42,services,married,secondary,no,763.5,yes,no,cellular,6,may,473,1,358,2,other,no
37,retired,single,tertiary,no,0.0,yes,no,cellular,30,jan,323,4,-1,0,unknown,no
49,unemployed,married,secondary,no,1963.5,yes,no,cellular,4,feb,587,2,-1,0,unknown,no
39,blue-collar,married,secondary,no,469.5,yes,yes,unknown,7,may,144,1,-1,0,unknown,no
37,services,married,secondary,no,22.5,yes,no,unknown,16,may,167,1,-1,0,unknown,no
45,technician,married,secondary,no,0.0,no,no,cellular,14,jul,125,2,-1,0,unknown,no
36,management,single,tertiary,no,2755.5,no,no,cellular,3,feb,417,2,-1,0,unknown,no
64,blue-collar,married,secondary,no,3165.0,yes,no,cellular,16,apr,618,1,-1,0,unknown,no
43,admin.,single,secondary,no,1341.0,no,no,cellular,5,feb,509,2,-1,0,unknown,no
56,blue-collar,married,primary,no,0.0,yes,no,unknown,14,may,73,1,-1,0,unknown,no
70,blue-collar,married,primary,no,163.5,no,no,unknown,27,jun,349,5,-1,0,unknown,no
45,retired,married,secondary,no,3072.0,yes,no,cellular,11,may,219,1,173,2,failure,no
70,retired,married,primary,no,7.5,no,no,cellular,26,aug,63,2,-1,0,unknown,no
39,management,married,tertiary,no,297.0,yes,no,cellular,4,aug,453,1,1,1,failure,no
57,admin.,married,secondary,no,3786.0,yes,no,cellular,19,nov,50,1,-1,0,unknown,no
65,management,married,tertiary,no,2863.5,no,no,cellular,8,aug,167,1,-1,0,unknown,no
36,technician,single,tertiary,no,2994.0,no,no,cellular,29,jan,111,2,-1,0,unknown,no
43,blue-collar,married,secondary,no,0.0,yes,yes,cellular,11,jul,443,1,-1,0,unknown,no
62,blue-collar,married,secondary,no,3130.5,yes,no,cellular,31,aug,267,1,474,1,failure,yes
40,management,married,tertiary,no,157.5,no,no,cellular,8,aug,112,2,-1,0,unknown,no
48,technician,married,secondary,no,48.0,yes,no,unknown,9,may,705,1,-1,0,unknown,no
54,self-employed,married,tertiary,no,645.0,yes,no,cellular,11,jul,221,2,-1,0,unknown,no
55,blue-collar,married,primary,no,2988.0,yes,no,unknown,15,may,163,1,-1,0,unknown,no
57,admin.,married,secondary,no,109.5,no,no,cellular,8,aug,57,3,-1,0,unknown,no
54,blue-collar,married,secondary,no,216.0,yes,no,unknown,5,may,247,2,-1,0,unknown,no
38,retired,single,secondary,no,391.5,yes,yes,cellular,9,sep,259,2,98,4,success,yes
65,admin.,married,secondary,no,0.0,no,no,cellular,28,aug,16,28,-1,0,unknown,no
40,technician,single,secondary,no,1167.0,yes,no,cellular,18,may,22,2,346,2,failure,no
56,entrepreneur,married,tertiary,no,180.0,no,no,unknown,17,jun,171,4,-1,0,unknown,no
58,management,married,tertiary,no,7204.5,no,no,telephone,4,feb,413,6,-1,0,unknown,no
42,blue-collar,single,secondary,no,2505.0,yes,no,cellular,18,may,183,1,-1,0,unknown,no
54,retired,married,secondary,no,-205.5,no,no,cellular,31,jul,151,13,-1,0,unknown,no
49,technician,married,secondary,no,1251.0,yes,yes,cellular,20,apr,390,1,-1,0,unknown,no
69,entrepreneur,married,tertiary,no,-1230.0,no,no,unknown,8,may,43,2,-1,0,unknown,no
41,technician,single,secondary,no,177.0,no,no,cellular,2,feb,50,1,-1,0,unknown,no
56,technician,divorced,secondary,no,681.0,no,no,unknown,16,jun,93,2,-1,0,unknown,no
37,student,single,tertiary,no,55.5,yes,no,cellular,7,may,125,1,364,1,failure,no
35,unemployed,married,secondary,no,1072.5,no,no,cellular,4,may,254,4,-1,0,unknown,no
30,student,single,tertiary,no,834.0,yes,no,unknown,27,may,15,10,-1,0,unknown,no
44,blue-collar,married,primary,no,3735.0,yes,no,cellular,19,nov,185,2,180,1,failure,no
78,retired,married,primary,no,676.5,no,no,cellular,5,mar,373,1,-1,0,unknown,yes
49,services,single,secondary,no,913.5,no,no,unknown,5,jun,372,1,-1,0,unknown,no
55,self-employed,married,secondary,no,-186.0,no,no,cellular,25,aug,343,4,-1,0,unknown,no
66,retired,divorced,tertiary,no,3555.0,no,no,cellular,23,jul,376,1,-1,0,unknown,no
53,entrepreneur,married,unknown,no,0.0,yes,no,cellular,24,jul,380,1,-1,0,unknown,no
54,unemployed,married,tertiary,no,26620.5,yes,no,cellular,5,feb,8,7,-1,0,unknown,no
57,blue-collar,married,secondary,no,141.0,yes,no,unknown,9,may,209,3,-1,0,unknown,no
39,blue-collar,divorced,secondary,no,453.0,yes,no,cellular,5,feb,116,1,192,8,other,no
60,management,married,tertiary,no,12307.5,yes,no,telephone,25,oct,293,3,508,1,other,no
61,admin.,married,secondary,no,264.0,no,no,cellular,28,jan,214,1,183,2,failure,no
43,retired,married,secondary,no,396.0,no,no,cellular,28,aug,180,4,-1,0,unknown,no
46,management,single,secondary,no,6591.0,yes,no,cellular,14,apr,114,1,-1,0,unknown,no
38,technician,single,secondary,no,51.0,yes,no,cellular,4,feb,16,6,268,4,failure,no
70,retired,married,secondary,no,10557.0,no,no,telephone,7,oct,138,4,-1,0,unknown,no
58,management,married,tertiary,no,3526.5,no,no,cellular,15,sep,150,1,105,3,success,yes
46,blue-collar,married,primary,no,0.0,yes,no,cellular,8,may,108,2,367,2,failure,no
69,retired,married,unknown,no,1674.0,no,no,cellular,30,apr,353,1,-1,0,unknown,no
52,admin.,married,secondary,no,0.0,yes,no,cellular,8,jul,1011,1,-1,0,unknown,no
57,retired,married,secondary,no,1203.0,yes,yes,cellular,12,may,289,2,-1,0,unknown,yes
43,blue-collar,married,tertiary,no,1305.0,no,yes,cellular,8,jul,545,3,-1,0,unknown,no
37,retired,married,secondary,no,0.0,yes,no,cellular,17,jul,991,5,-1,0,unknown,yes
52,retired,married,secondary,no,3624.0,yes,no,unknown,20,may,138,4,-1,0,unknown,no
42,management,single,tertiary,no,468.0,no,no,cellular,7,aug,37,3,-1,0,unknown,no
60,management,married,unknown,no,4956.0,no,no,unknown,5,jun,1009,2,-1,0,unknown,no
62,admin.,married,primary,no,96.0,no,no,unknown,20,jun,9,5,-1,0,unknown,no
39,blue-collar,single,primary,no,-94.5,yes,no,unknown,16,may,410,3,-1,0,unknown,no
53,blue-collar,married,secondary,no,0.0,yes,no,unknown,8,may,187,1,-1,0,unknown,no
28,student,single,unknown,no,522.0,no,no,cellular,5,may,443,4,-1,0,unknown,yes
44,technician,married,secondary,no,718.5,no,no,cellular,26,aug,65,2,-1,0,unknown,no
47,management,married,secondary,no,57.0,no,no,cellular,21,aug,94,13,-1,0,unknown,no
43,retired,married,secondary,yes,-1062.0,no,no,cellular,29,aug,93,2,-1,0,unknown,no
49,retired,married,secondary,no,2979.0,no,no,cellular,12,aug,217,6,-1,0,unknown,no
40,self-employed,married,secondary,no,0.0,no,no,cellular,12,aug,297,3,-1,0,unknown,no
67,retired,married,primary,no,945.0,yes,no,unknown,29,may,52,1,-1,0,unknown,no
39,unemployed,single,tertiary,no,105.0,no,no,cellular,25,may,393,1,-1,0,unknown,yes
58,services,married,secondary,no,799.5,no,no,unknown,9,jun,63,1,-1,0,unknown,no
67,retired,married,secondary,no,499.5,no,no,unknown,22,aug,336,2,-1,0,unknown,no
73,retired,divorced,secondary,no,2235.0,no,no,cellular,8,jun,506,1,-1,0,unknown,yes
50,technician,married,tertiary,no,0.0,no,no,cellular,19,aug,44,1,-1,0,unknown,no
38,retired,single,tertiary,no,0.0,yes,no,cellular,25,may,269,1,40,2,failure,yes
42,entrepreneur,married,tertiary,no,0.0,yes,no,cellular,7,may,388,2,349,2,failure,no
42,technician,married,secondary,no,697.5,yes,no,cellular,12,may,210,2,-1,0,unknown,no
52,retired,divorced,tertiary,no,691.5,yes,no,unknown,3,jun,72,1,-1,0,unknown,no
54,self-employed,married,tertiary,no,349.5,yes,yes,cellular,25,jul,161,7,-1,0,unknown,no
40,management,single,tertiary,no,327.0,no,no,unknown,3,jun,75,1,-1,0,unknown,no
55,admin.,married,unknown,no,3049.5,no,no,cellular,28,may,48,4,-1,0,unknown,no
45,self-employed,single,secondary,no,2598.0,no,no,telephone,21,nov,1441,3,-1,0,unknown,no
43,retired,married,secondary,no,387.0,yes,no,cellular,5,may,37,1,-1,0,unknown,no
40,blue-collar,married,secondary,no,-9.0,yes,no,cellular,17,apr,461,1,-1,0,unknown,no
53,management,single,tertiary,no,1035.0,yes,no,unknown,30,may,58,1,-1,0,unknown,no
74,entrepreneur,married,tertiary,no,3496.5,no,no,telephone,9,nov,201,1,-1,0,unknown,yes
43,admin.,divorced,secondary,no,318.0,yes,no,unknown,7,jan,23,1,-1,0,unknown,no
47,blue-collar,married,secondary,no,-211.5,yes,yes,unknown,29,may,76,3,-1,0,unknown,no
50,entrepreneur,married,secondary,no,2298.0,yes,yes,cellular,18,nov,173,7,-1,0,unknown,no
49,services,married,secondary,no,312.0,no,yes,cellular,9,feb,122,2,-1,0,unknown,no
58,blue-collar,married,primary,no,876.0,yes,no,unknown,14,may,51,1,-1,0,unknown,no
40,management,single,tertiary,no,3279.0,yes,no,unknown,3,jun,366,1,-1,0,unknown,no
38,blue-collar,single,secondary,no,79.5,yes,no,cellular,13,may,93,1,-1,0,unknown,no
50,technician,single,tertiary,no,-133.5,yes,no,unknown,28,may,83,4,-1,0,unknown,no
43,management,single,tertiary,no,2017.5,yes,no,cellular,29,jan,257,1,262,3,failure,no
40,management,single,tertiary,no,6315.0,no,no,cellular,12,aug,796,4,-1,0,unknown,yes
40,management,single,tertiary,no,3.0,yes,no,cellular,28,jul,377,4,-1,0,unknown,no
36,blue-collar,single,secondary,no,282.0,yes,yes,cellular,21,jul,46,1,-1,0,unknown,no
34,services,single,secondary,no,421.5,yes,no,cellular,8,may,211,2,337,3,other,no
43,technician,single,tertiary,no,223.5,yes,no,cellular,19,nov,424,2,182,1,other,yes
43,self-employed,single,tertiary,no,987.0,yes,no,cellular,12,oct,146,2,183,3,failure,no
46,admin.,married,secondary,no,4902.0,no,no,cellular,9,apr,429,2,-1,0,unknown,no
43,retired,married,secondary,no,4287.0,yes,yes,cellular,12,may,175,1,298,5,failure,no
59,management,married,tertiary,no,334.5,no,no,cellular,28,aug,22,22,-1,0,unknown,no
63,self-employed,divorced,secondary,no,12168.0,yes,yes,cellular,15,apr,75,1,146,1,failure,no
60,entrepreneur,married,tertiary,no,3663.0,no,no,cellular,3,feb,145,1,-1,0,unknown,no
54,blue-collar,married,secondary,no,3025.5,yes,no,unknown,14,may,74,3,-1,0,unknown,no
83,retired,married,secondary,no,4275.0,no,no,cellular,8,oct,512,1,144,7,failure,no
50,blue-collar,married,secondary,no,316.5,yes,no,unknown,5,may,216,4,-1,0,unknown,no
40,management,married,tertiary,no,4041.0,no,no,cellular,3,jun,192,1,-1,0,unknown,no
39,services,divorced,secondary,no,2004.0,yes,no,unknown,28,may,298,5,-1,0,unknown,no
70,admin.,married,secondary,no,18315.0,yes,no,unknown,19,may,256,1,-1,0,unknown,no
68,technician,married,secondary,no,11242.5,yes,no,unknown,13,may,325,1,-1,0,unknown,no
44,admin.,single,tertiary,no,96.0,yes,no,cellular,28,jul,76,2,-1,0,unknown,no
82,retired,married,secondary,no,5784.0,no,no,cellular,10,dec,582,4,115,1,other,yes
36,student,single,secondary,no,265.5,yes,no,cellular,15,may,58,3,-1,0,unknown,no
49,unemployed,single,secondary,no,3967.5,yes,no,unknown,21,may,339,3,-1,0,unknown,no
40,services,single,secondary,no,466.5,yes,no,cellular,22,jul,654,1,-1,0,unknown,no
46,blue-collar,married,primary,no,612.0,yes,yes,unknown,20,may,1063,2,-1,0,unknown,yes
44,management,single,tertiary,no,823.5,no,no,cellular,6,oct,1246,2,-1,0,unknown,yes
35,admin.,single,secondary,no,27.0,yes,no,cellular,22,jul,129,1,-1,0,unknown,no
49,management,married,tertiary,no,1605.0,yes,yes,cellular,9,jul,71,1,-1,0,unknown,no
48,blue-collar,single,secondary,no,0.0,no,no,cellular,13,aug,255,2,105,1,failure,no
70,technician,married,tertiary,no,196.5,no,no,cellular,12,aug,139,6,-1,0,unknown,no
61,retired,married,secondary,no,-21.0,no,yes,cellular,21,jul,564,5,-1,0,unknown,no
45,blue-collar,married,unknown,no,2493.0,no,no,cellular,31,jul,122,2,-1,0,unknown,no
42,management,married,tertiary,no,9207.0,no,no,cellular,30,apr,211,2,196,7,success,no
57,management,married,tertiary,no,9955.5,yes,no,cellular,17,apr,174,2,-1,0,unknown,no
57,unemployed,married,secondary,no,5299.5,yes,no,cellular,20,nov,319,1,100,2,failure,no
68,admin.,married,secondary,no,0.0,no,no,cellular,19,aug,109,6,-1,0,unknown,no
67,admin.,divorced,secondary,yes,-652.5,yes,yes,cellular,6,feb,89,5,273,2,failure,no
51,blue-collar,single,primary,no,33.0,yes,no,unknown,14,may,152,1,-1,0,unknown,no
76,retired,married,primary,no,4324.5,no,no,cellular,23,apr,158,1,-1,0,unknown,yes
54,admin.,married,secondary,no,15531.0,no,no,telephone,4,may,96,1,-1,0,unknown,no
43,management,married,tertiary,no,1282.5,yes,yes,cellular,12,aug,191,2,-1,0,unknown,no
46,management,married,tertiary,no,4030.5,no,no,cellular,16,apr,58,3,-1,0,unknown,no
40,unemployed,divorced,tertiary,no,2577.0,yes,no,cellular,21,nov,73,4,126,2,failure,no
63,blue-collar,married,secondary,no,4974.0,yes,no,unknown,23,may,331,6,-1,0,unknown,no
41,technician,single,secondary,no,2439.0,no,no,cellular,7,may,356,2,286,3,failure,no
56,retired,married,tertiary,no,1110.0,yes,no,cellular,8,may,462,1,359,2,failure,no
44,admin.,single,secondary,no,586.5,yes,no,cellular,29,jan,77,1,265,2,failure,no
68,retired,married,primary,no,7638.0,no,no,unknown,11,jun,199,6,-1,0,unknown,no
49,technician,married,secondary,no,904.5,no,yes,cellular,15,apr,214,1,-1,0,unknown,yes
46,blue-collar,single,secondary,no,550.5,no,no,unknown,26,jun,277,1,-1,0,unknown,no
39,services,single,secondary,no,730.5,yes,yes,unknown,9,may,176,2,-1,0,unknown,no
68,management,single,tertiary,no,0.0,no,no,cellular,22,aug,72,2,-1,0,unknown,no
44,blue-collar,divorced,secondary,no,552.0,no,yes,cellular,7,jul,2201,1,-1,0,unknown,no
55,blue-collar,married,unknown,no,0.0,no,no,cellular,4,aug,408,1,-1,0,unknown,no
46,admin.,married,secondary,no,0.0,yes,yes,cellular,9,feb,101,2,-1,0,unknown,no
62,management,married,tertiary,no,78.0,no,yes,cellular,18,aug,124,4,-1,0,unknown,no
32,services,single,secondary,no,516.0,yes,no,cellular,18,may,347,1,-1,0,unknown,yes
68,unemployed,divorced,secondary,no,0.0,no,no,unknown,23,jun,598,2,-1,0,unknown,no
35,services,single,secondary,no,48.0,yes,no,unknown,16,may,124,1,-1,0,unknown,no
49,management,married,tertiary,no,4315.5,yes,no,unknown,6,may,278,1,-1,0,unknown,no
48,retired,single,tertiary,no,17956.5,yes,no,cellular,8,aug,327,3,-1,0,unknown,no
49,admin.,married,secondary,no,255.0,yes,no,cellular,8,may,408,2,-1,0,unknown,no
48,admin.,married,secondary,no,390.0,yes,no,cellular,10,jul,446,1,-1,0,unknown,no
41,management,single,tertiary,no,18853.5,no,no,cellular,9,sep,344,1,295,1,failure,yes
53,retired,married,primary,no,-151.5,yes,no,unknown,14,may,122,4,-1,0,unknown,no
42,blue-collar,single,secondary,no,34.5,yes,yes,unknown,5,may,160,1,-1,0,unknown,no
57,management,married,tertiary,no,2835.0,no,no,cellular,8,jul,161,1,-1,0,unknown,no
39,technician,married,secondary,no,3489.0,no,no,cellular,6,mar,195,1,-1,0,unknown,yes
40,management,married,tertiary,no,189.0,yes,yes,cellular,23,jul,75,10,-1,0,unknown,no
51,management,married,tertiary,no,-147.0,yes,yes,cellular,23,jul,244,1,-1,0,unknown,no
47,technician,married,secondary,no,1524.0,yes,yes,cellular,20,nov,195,3,8,1,failure,no
40,services,divorced,secondary,no,94.5,yes,no,unknown,29,may,96,5,-1,0,unknown,no
38,management,single,tertiary,no,1008.0,no,no,cellular,4,may,174,1,-1,0,unknown,no
37,unemployed,married,secondary,no,1086.0,yes,yes,cellular,17,apr,200,3,-1,0,unknown,no
56,blue-collar,married,primary,no,66.0,no,yes,cellular,10,jul,90,9,-1,0,unknown,no
49,housemaid,married,primary,no,23028.0,no,no,unknown,16,jun,99,1,-1,0,unknown,no
30,student,single,unknown,no,718.5,no,no,cellular,11,sep,158,2,-1,0,unknown,no
61,unemployed,married,secondary,no,742.5,yes,yes,unknown,20,jun,154,8,-1,0,unknown,no
41,blue-collar,married,secondary,no,442.5,yes,yes,cellular,13,may,193,3,344,1,other,no
56,admin.,single,secondary,no,1135.5,yes,yes,cellular,6,apr,342,3,256,3,failure,no
43,services,divorced,secondary,no,135.0,yes,no,cellular,18,may,114,2,-1,0,unknown,no
46,technician,married,secondary,no,124.5,yes,no,unknown,8,may,178,1,-1,0,unknown,no
50,blue-collar,married,primary,no,159.0,yes,no,cellular,17,apr,200,2,-1,0,unknown,no
44,services,married,secondary,no,33.0,yes,no,unknown,6,may,344,1,-1,0,unknown,no
35,technician,married,secondary,no,-414.0,yes,no,unknown,4,jun,105,1,-1,0,unknown,no
68,management,married,secondary,no,90.0,no,yes,cellular,19,nov,291,2,-1,0,unknown,no
61,retired,married,secondary,no,-400.5,no,yes,unknown,19,jun,208,2,-1,0,unknown,no
48,entrepreneur,divorced,tertiary,no,11893.5,no,no,cellular,8,jul,182,3,-1,0,unknown,no
67,retired,married,primary,yes,292.5,no,yes,telephone,30,jul,185,4,-1,0,unknown,no
65,retired,married,tertiary,no,535.5,yes,no,cellular,30,apr,878,1,-1,0,unknown,no
65,blue-collar,married,unknown,no,1335.0,no,no,cellular,22,aug,1329,2,-1,0,unknown,yes
39,student,single,secondary,no,471.0,no,no,cellular,30,apr,465,1,-1,0,unknown,yes
58,technician,married,secondary,no,0.0,no,no,cellular,28,jan,221,4,-1,0,unknown,no
51,services,married,secondary,no,0.0,yes,no,unknown,11,jun,62,9,-1,0,unknown,no
45,admin.,married,secondary,no,835.5,yes,no,cellular,17,jun,54,4,-1,0,unknown,no
52,blue-collar,married,secondary,no,195.0,yes,no,unknown,29,may,285,1,-1,0,unknown,no
45,admin.,married,secondary,no,631.5,yes,no,cellular,18,nov,350,1,-1,0,unknown,no
40,retired,single,secondary,no,11659.5,yes,no,cellular,20,nov,705,1,-1,0,unknown,yes
46,retired,married,secondary,no,10048.5,yes,no,cellular,20,apr,201,3,-1,0,unknown,no
42,technician,divorced,secondary,no,112.5,no,no,unknown,16,may,129,1,-1,0,unknown,no
57,technician,married,secondary,no,3369.0,yes,no,cellular,10,jul,330,1,-1,0,unknown,no
41,self-employed,single,tertiary,no,12690.0,no,no,cellular,20,nov,68,1,-1,0,unknown,no
43,retired,single,tertiary,no,336.0,no,no,cellular,23,sep,409,2,92,4,success,yes
64,management,married,secondary,no,2980.5,no,no,cellular,14,jul,219,3,-1,0,unknown,no
40,retired,married,secondary,no,397.5,yes,no,cellular,12,may,342,1,354,2,failure,no
53,management,married,primary,no,132.0,no,yes,cellular,6,may,210,1,-1,0,unknown,no
48,retired,married,secondary,no,-156.0,yes,no,unknown,9,jun,100,7,-1,0,unknown,no
50,blue-collar,married,secondary,no,-469.5,yes,no,unknown,3,jul,251,2,-1,0,unknown,no
47,retired,single,secondary,no,393.0,no,no,cellular,7,aug,305,1,179,5,other,no
40,management,single,tertiary,no,2509.5,no,no,cellular,4,aug,200,1,-1,0,unknown,no
42,blue-collar,single,secondary,no,12.0,yes,no,unknown,16,may,265,1,-1,0,unknown,no
46,admin.,married,secondary,no,2218.5,no,no,cellular,15,may,65,2,-1,0,unknown,no
50,retired,married,tertiary,no,-25.5,yes,yes,cellular,11,may,474,1,256,1,success,yes
63,retired,married,unknown,no,663.0,yes,no,cellular,12,aug,166,1,36,2,other,no
39,management,single,tertiary,no,0.0,yes,no,unknown,6,may,211,1,-1,0,unknown,no
65,retired,married,tertiary,no,2103.0,yes,no,cellular,17,nov,66,1,-1,0,unknown,no
78,unknown,married,unknown,no,6138.0,no,no,telephone,11,aug,329,1,-1,0,unknown,no
39,retired,single,unknown,no,1047.0,no,no,cellular,8,feb,186,1,-1,0,unknown,no
50,retired,single,tertiary,no,1039.5,no,no,cellular,30,jan,427,1,-1,0,unknown,no
67,retired,married,secondary,no,0.0,yes,no,cellular,20,nov,231,2,-1,0,unknown,no
51,technician,married,secondary,no,3187.5,yes,yes,cellular,28,jul,433,4,-1,0,unknown,no
49,technician,single,secondary,no,586.5,no,yes,cellular,30,jul,962,4,-1,0,unknown,yes
57,services,married,secondary,no,3.0,no,yes,cellular,21,jul,71,15,-1,0,unknown,no
40,blue-collar,single,unknown,no,9421.5,no,no,cellular,21,apr,149,2,-1,0,unknown,yes
47,technician,married,secondary,no,9576.0,yes,yes,cellular,3,jun,254,1,96,2,failure,no
46,technician,married,tertiary,no,762.0,no,no,cellular,22,aug,233,4,-1,0,unknown,no
33,blue-collar,single,secondary,no,1966.5,yes,no,unknown,3,jun,100,3,-1,0,unknown,no
49,management,divorced,secondary,no,76.5,no,no,unknown,17,jun,334,2,-1,0,unknown,no
55,management,married,tertiary,no,121.5,no,yes,cellular,30,jul,61,3,-1,0,unknown,no
42,retired,divorced,secondary,no,1681.5,yes,yes,cellular,16,apr,211,3,-1,0,unknown,no
38,management,single,secondary,no,1450.5,yes,no,cellular,20,apr,174,1,334,1,failure,no
35,retired,single,secondary,no,4197.0,yes,no,unknown,29,may,440,2,-1,0,unknown,no
48,technician,married,secondary,no,-712.5,yes,no,cellular,10,jul,234,1,-1,0,unknown,no
64,retired,married,secondary,no,2776.5,no,no,unknown,11,jun,296,3,-1,0,unknown,no
54,management,married,secondary,no,657.0,yes,no,telephone,9,jul,42,1,-1,0,unknown,no
48,services,married,tertiary,no,-73.5,yes,no,cellular,10,jul,211,1,-1,0,unknown,no
44,blue-collar,married,secondary,no,0.0,yes,no,cellular,13,may,68,4,357,3,success,no
49,retired,married,tertiary,no,3480.0,no,yes,cellular,20,aug,25,2,-1,0,unknown,no
63,retired,married,secondary,no,1708.5,yes,no,unknown,16,may,107,6,-1,0,unknown,no
45,services,married,secondary,no,-556.5,yes,no,unknown,13,may,358,2,-1,0,unknown,no
36,retired,married,secondary,no,2392.5,no,no,cellular,2,mar,54,1,-1,0,unknown,no
57,services,married,secondary,no,1134.0,no,no,cellular,25,aug,154,4,-1,0,unknown,no
37,self-employed,single,tertiary,no,252.0,no,no,cellular,12,nov,123,1,196,1,success,yes
41,blue-collar,married,secondary,no,286.5,yes,no,unknown,2,jun,40,1,-1,0,unknown,no
67,housemaid,married,primary,no,10623.0,no,no,unknown,6,jun,69,3,-1,0,unknown,no
51,technician,married,secondary,no,1447.5,no,no,cellular,22,aug,336,10,-1,0,unknown,yes
67,services,married,secondary,no,1002.0,yes,yes,telephone,18,may,12,5,-1,0,unknown,no
51,management,married,tertiary,no,16654.5,yes,no,telephone,7,may,55,1,-1,0,unknown,no
38,technician,married,secondary,no,87.0,yes,no,cellular,14,may,16,6,351,1,failure,no
70,housemaid,married,primary,no,17856.0,no,no,telephone,6,jul,116,3,-1,0,unknown,no
45,blue-collar,married,secondary,no,39.0,yes,no,unknown,2,jun,277,2,-1,0,unknown,no
55,admin.,single,secondary,no,-297.0,yes,no,unknown,19,jun,130,25,-1,0,unknown,no
39,blue-collar,single,secondary,no,471.0,yes,no,cellular,9,apr,161,1,316,2,other,no
39,retired,married,primary,no,300.0,yes,no,unknown,30,may,322,2,-1,0,unknown,no
67,admin.,married,secondary,no,604.5,yes,no,cellular,18,may,603,1,340,2,other,yes
64,services,married,secondary,no,765.0,yes,no,unknown,6,may,196,2,-1,0,unknown,no
49,technician,married,secondary,no,1437.0,yes,no,cellular,9,apr,141,5,142,4,failure,no
55,retired,single,tertiary,no,8541.0,yes,no,unknown,9,may,214,2,-1,0,unknown,no
58,entrepreneur,married,secondary,no,1087.5,no,yes,cellular,10,jul,105,1,-1,0,unknown,no
43,blue-collar,married,secondary,no,462.0,yes,no,cellular,13,may,147,2,-1,0,unknown,no
54,technician,divorced,secondary,no,271.5,no,no,unknown,13,may,302,1,-1,0,unknown,no
65,retired,married,primary,no,3111.0,no,no,unknown,20,jun,19,4,-1,0,unknown,no
32,services,single,unknown,no,1108.5,no,no,unknown,20,aug,4,1,-1,0,unknown,no
55,retired,married,secondary,no,2161.5,yes,no,cellular,18,nov,93,1,113,2,other,no
49,retired,single,secondary,no,6570.0,no,no,telephone,9,jul,87,8,-1,0,unknown,no
42,admin.,divorced,secondary,no,1017.0,no,no,telephone,29,jan,243,4,-1,0,unknown,no
45,management,single,tertiary,no,-219.0,yes,no,cellular,14,may,279,1,266,1,failure,no
64,retired,married,secondary,no,5307.0,no,no,cellular,27,may,820,1,-1,0,unknown,yes
41,management,single,tertiary,no,672.0,yes,no,cellular,11,aug,135,2,-1,0,unknown,no
56,admin.,divorced,secondary,no,643.5,yes,no,cellular,26,apr,465,2,369,2,success,yes
45,blue-collar,married,secondary,no,1213.5,yes,yes,unknown,29,may,60,1,-1,0,unknown,no
63,entrepreneur,married,secondary,no,243.0,yes,no,cellular,7,may,270,2,-1,0,unknown,no
35,blue-collar,single,secondary,no,0.0,yes,no,cellular,22,jul,135,1,-1,0,unknown,no
38,retired,single,secondary,no,9150.0,no,no,unknown,27,dec,333,1,-1,0,unknown,no
45,blue-collar,married,secondary,no,937.5,no,no,cellular,13,may,267,1,-1,0,unknown,no
48,management,married,tertiary,no,19282.5,yes,no,unknown,30,may,417,1,-1,0,unknown,no
55,blue-collar,divorced,secondary,no,13.5,yes,no,unknown,16,may,277,6,-1,0,unknown,no
52,technician,married,secondary,no,-534.0,yes,yes,cellular,5,aug,97,1,-1,0,unknown,no
45,admin.,married,secondary,no,960.0,no,no,unknown,6,jun,461,2,-1,0,unknown,no
57,management,single,tertiary,no,412.5,no,no,cellular,8,aug,82,2,-1,0,unknown,no
66,blue-collar,married,secondary,no,630.0,yes,no,unknown,9,may,76,1,-1,0,unknown,no
54,blue-collar,married,primary,no,601.5,yes,no,cellular,18,may,41,1,-1,0,unknown,no
47,management,divorced,primary,yes,0.0,yes,no,telephone,24,jul,305,1,-1,0,unknown,no
65,management,married,primary,no,2536.5,yes,no,cellular,13,may,358,2,174,1,failure,no
68,services,married,secondary,no,4117.5,yes,no,cellular,7,may,161,1,324,2,failure,no
40,management,single,tertiary,no,727.5,yes,no,cellular,21,nov,89,2,-1,0,unknown,no
49,technician,married,tertiary,no,1939.5,no,no,cellular,3,jun,140,2,-1,0,unknown,yes
47,unemployed,single,tertiary,no,2559.0,no,no,unknown,12,jun,542,3,-1,0,unknown,no
45,technician,married,secondary,no,-382.5,yes,no,cellular,13,may,196,3,265,2,failure,no
43,management,married,secondary,no,499.5,no,no,cellular,28,aug,80,6,-1,0,unknown,no
44,management,single,tertiary,no,4.5,no,no,cellular,5,feb,16,5,-1,0,unknown,no
41,admin.,married,secondary,no,6685.5,yes,no,cellular,16,apr,225,1,146,4,success,no
43,technician,single,secondary,yes,-259.5,no,no,cellular,27,aug,342,4,-1,0,unknown,no
45,retired,single,tertiary,no,76.5,no,no,cellular,18,aug,90,5,-1,0,unknown,no
44,admin.,single,secondary,no,610.5,no,no,cellular,29,jan,407,1,-1,0,unknown,no
51,services,married,secondary,no,675.0,yes,no,cellular,17,apr,122,1,338,2,failure,no
68,technician,married,secondary,no,1024.5,no,no,unknown,20,jun,157,2,-1,0,unknown,no
70,unemployed,divorced,secondary,no,577.5,yes,no,cellular,4,feb,80,1,-1,0,unknown,no
45,blue-collar,married,unknown,no,1626.0,yes,no,cellular,10,jul,1019,1,-1,0,unknown,no
50,management,single,tertiary,no,235.5,yes,no,unknown,15,may,68,2,-1,0,unknown,no
49,blue-collar,married,secondary,no,777.0,yes,no,unknown,4,jun,608,2,-1,0,unknown,no
49,housemaid,married,primary,no,0.0,yes,no,telephone,16,jul,129,6,-1,0,unknown,no
46,blue-collar,single,secondary,no,3894.0,no,no,unknown,18,jun,60,6,-1,0,unknown,no
68,management,divorced,tertiary,no,8551.5,no,no,cellular,30,apr,354,1,87,1,success,yes
38,self-employed,single,tertiary,no,0.0,yes,no,cellular,21,jul,479,1,-1,0,unknown,no
39,retired,single,secondary,yes,-462.0,no,no,cellular,18,jul,113,1,-1,0,unknown,no
44,retired,single,tertiary,no,681.0,no,no,cellular,14,aug,76,3,-1,0,unknown,no
41,blue-collar,married,secondary,no,2293.5,yes,no,unknown,2,jun,231,8,-1,0,unknown,no
45,management,married,tertiary,no,3184.5,yes,no,cellular,20,apr,54,1,273,3,failure,no
42,retired,single,tertiary,no,450.0,no,no,cellular,11,aug,163,2,-1,0,unknown,no
48,admin.,married,secondary,no,2016.0,yes,yes,unknown,19,may,147,2,-1,0,unknown,no
65,admin.,single,secondary,no,3538.5,yes,no,telephone,20,apr,43,3,-1,0,unknown,no
53,technician,married,secondary,no,943.5,no,no,cellular,5,aug,196,1,-1,0,unknown,no
30,blue-collar,married,primary,no,-258.0,yes,yes,unknown,19,may,238,3,-1,0,unknown,no
63,blue-collar,divorced,primary,no,6601.5,no,no,telephone,11,nov,241,1,92,1,success,yes
56,blue-collar,married,secondary,no,960.0,yes,no,cellular,6,may,246,1,55,5,success,yes
64,management,divorced,tertiary,no,570.0,no,yes,cellular,10,dec,501,1,188,2,success,no
64,retired,divorced,secondary,no,688.5,no,yes,telephone,20,nov,132,3,-1,0,unknown,no
66,retired,married,primary,no,295.5,no,no,unknown,9,jun,258,2,-1,0,unknown,no
44,admin.,married,secondary,no,589.5,yes,no,cellular,18,may,222,4,355,1,failure,no
51,management,married,tertiary,no,1321.5,no,no,cellular,8,aug,75,2,-1,0,unknown,no
56,management,married,tertiary,no,11227.5,no,no,cellular,23,sep,145,1,779,2,failure,no
42,blue-collar,married,primary,no,313.5,yes,yes,unknown,20,jun,8,31,-1,0,unknown,no
64,management,married,tertiary,no,0.0,no,no,cellular,5,aug,214,3,-1,0,unknown,no
43,management,married,secondary,no,6577.5,no,yes,cellular,4,jul,92,1,-1,0,unknown,no
47,blue-collar,married,secondary,no,2104.5,no,no,unknown,9,oct,14,1,-1,0,unknown,no
40,blue-collar,divorced,primary,no,-363.0,no,yes,cellular,25,jul,124,2,-1,0,unknown,no
51,self-employed,married,secondary,no,-12.0,yes,no,unknown,27,may,643,2,-1,0,unknown,no
47,management,single,tertiary,no,640.5,yes,no,unknown,20,may,121,1,-1,0,unknown,no
51,management,single,tertiary,no,1879.5,no,no,cellular,21,jul,1134,5,-1,0,unknown,yes
59,blue-collar,married,secondary,no,135.0,yes,no,unknown,7,may,127,1,-1,0,unknown,no
55,management,married,secondary,no,4345.5,no,no,cellular,15,oct,531,4,105,7,failure,no
68,technician,married,secondary,no,1009.5,no,no,telephone,29,jul,28,4,-1,0,unknown,no
41,technician,single,secondary,no,2265.0,yes,no,cellular,28,aug,74,14,-1,0,unknown,no
59,retired,married,primary,no,288.0,no,no,cellular,10,jul,227,1,-1,0,unknown,no
50,management,single,tertiary,no,0.0,yes,no,cellular,26,aug,24,16,-1,0,unknown,no
47,management,married,secondary,no,1285.5,yes,no,cellular,28,jan,132,1,-1,0,unknown,no
41,retired,married,tertiary,no,483.0,yes,no,cellular,22,jul,249,3,-1,0,unknown,no
53,retired,married,primary,no,667.5,yes,no,unknown,15,sep,173,1,-1,0,unknown,no
65,retired,married,primary,no,5001.0,no,no,cellular,14,aug,632,4,-1,0,unknown,yes
45,admin.,single,secondary,no,1270.5,yes,no,cellular,11,may,85,2,-1,0,unknown,no
57,management,married,secondary,no,1252.5,no,no,unknown,9,jun,137,2,-1,0,unknown,no
46,blue-collar,married,primary,no,166.5,yes,no,unknown,23,may,163,3,-1,0,unknown,no
44,blue-collar,married,secondary,no,2118.0,yes,yes,unknown,27,may,157,2,-1,0,unknown,no
45,blue-collar,married,secondary,no,-1051.5,yes,yes,cellular,7,may,531,3,-1,0,unknown,no
68,retired,married,tertiary,no,12021.0,yes,no,unknown,19,may,65,3,-1,0,unknown,no
57,services,divorced,secondary,no,42.0,yes,no,cellular,16,jul,142,1,-1,0,unknown,no
34,retired,married,secondary,no,834.0,yes,no,cellular,8,feb,278,1,94,4,success,yes
65,retired,divorced,secondary,no,-228.0,yes,no,cellular,7,may,36,3,-1,0,unknown,no
57,retired,single,secondary,no,22.5,no,no,cellular,2,feb,71,1,266,4,failure,no
41,blue-collar,married,secondary,no,424.5,yes,yes,unknown,29,may,37,3,-1,0,unknown,no
67,management,married,secondary,no,430.5,no,yes,cellular,5,feb,75,1,8,2,other,no
52,services,married,primary,no,3850.5,yes,no,unknown,19,may,401,2,-1,0,unknown,no
37,admin.,single,tertiary,no,2994.0,yes,no,unknown,23,may,187,1,-1,0,unknown,no
48,admin.,single,secondary,no,205.5,yes,yes,unknown,7,may,125,2,-1,0,unknown,no
63,retired,married,secondary,no,-243.0,yes,no,cellular,14,jul,81,6,-1,0,unknown,no
66,retired,divorced,tertiary,no,237.0,no,yes,cellular,21,jul,854,1,-1,0,unknown,yes
40,services,single,primary,no,9.0,yes,yes,cellular,9,jul,102,1,-1,0,unknown,no
42,blue-collar,married,secondary,yes,-73.5,yes,no,cellular,25,jul,173,8,-1,0,unknown,no
55,management,married,primary,no,481.5,yes,no,cellular,30,jul,918,4,-1,0,unknown,no
46,management,married,tertiary,no,208.5,yes,no,cellular,20,apr,79,1,-1,0,unknown,no
70,retired,single,secondary,no,-495.0,no,yes,cellular,22,jul,69,6,-1,0,unknown,no
62,blue-collar,married,primary,no,3.0,no,no,unknown,9,jun,70,3,-1,0,unknown,no
75,retired,married,tertiary,no,2959.5,no,no,telephone,21,apr,396,3,-1,0,unknown,yes
47,blue-collar,single,primary,no,472.5,no,no,cellular,20,nov,352,1,-1,0,unknown,no
55,technician,married,secondary,no,1621.5,yes,no,cellular,17,jul,127,3,-1,0,unknown,no
46,self-employed,divorced,tertiary,no,223.5,no,no,cellular,18,nov,257,2,-1,0,unknown,no
55,services,married,secondary,no,460.5,no,yes,cellular,17,jul,147,3,-1,0,unknown,no
59,technician,married,secondary,no,0.0,yes,yes,cellular,21,jul,95,1,-1,0,unknown,no
54,admin.,single,unknown,no,4.5,yes,no,unknown,13,may,443,1,-1,0,unknown,no
43,technician,married,secondary,no,4864.5,no,no,cellular,12,aug,439,4,-1,0,unknown,yes
49,entrepreneur,married,secondary,no,1020.0,yes,no,cellular,15,may,135,1,361,2,failure,no
37,admin.,single,secondary,no,270.0,no,yes,cellular,17,jul,114,1,-1,0,unknown,no
54,services,married,secondary,no,450.0,yes,no,cellular,7,jul,182,3,-1,0,unknown,no
46,technician,married,secondary,no,11935.5,no,no,cellular,31,jul,288,2,-1,0,unknown,no
40,technician,single,secondary,no,1224.0,yes,no,unknown,14,nov,179,1,-1,0,unknown,yes
35,retired,single,secondary,no,6885.0,yes,no,unknown,28,may,199,2,-1,0,unknown,no
50,services,married,unknown,no,6112.5,yes,no,unknown,16,jun,162,3,-1,0,unknown,no
48,blue-collar,married,secondary,no,399.0,yes,no,unknown,7,may,287,1,-1,0,unknown,no
57,technician,divorced,secondary,no,8602.5,no,no,unknown,19,jun,282,4,-1,0,unknown,no
45,retired,married,secondary,no,-196.5,yes,no,unknown,6,may,467,2,-1,0,unknown,no
62,technician,married,secondary,no,-52.5,no,yes,cellular,28,jan,165,1,-1,0,unknown,no
45,blue-collar,single,secondary,no,609.0,yes,no,unknown,11,jun,126,12,-1,0,unknown,no
56,blue-collar,married,secondary,no,2374.5,yes,no,telephone,12,may,175,5,278,7,failure,no
57,blue-collar,married,primary,yes,37.5,yes,yes,cellular,7,jul,142,3,-1,0,unknown,no
67,management,married,tertiary,no,43.5,no,yes,cellular,16,jul,294,1,-1,0,unknown,no
50,retired,married,secondary,no,396.0,yes,no,unknown,14,may,222,2,-1,0,unknown,no
55,entrepreneur,married,unknown,no,4699.5,yes,yes,cellular,10,jul,804,1,-1,0,unknown,yes
40,blue-collar,divorced,secondary,no,376.5,yes,yes,unknown,7,may,120,2,-1,0,unknown,no
46,retired,married,secondary,no,921.0,yes,no,unknown,23,may,13,5,-1,0,unknown,no
44,technician,married,secondary,no,-382.5,yes,no,cellular,21,aug,179,2,-1,0,unknown,no
63,blue-collar,married,primary,no,7189.5,yes,no,telephone,20,apr,26,4,150,5,failure,no
42,technician,single,tertiary,no,3277.5,no,no,cellular,20,nov,354,2,-1,0,unknown,no
50,technician,married,secondary,no,1041.0,yes,no,cellular,3,jun,431,2,119,9,failure,yes
44,technician,single,tertiary,no,4099.5,no,no,cellular,14,jul,604,1,-1,0,unknown,yes
55,retired,divorced,tertiary,no,4219.5,yes,no,cellular,13,may,43,1,-1,0,unknown,no
38,retired,single,secondary,no,780.0,yes,no,cellular,30,nov,113,1,168,1,failure,no
52,blue-collar,married,unknown,no,1098.0,yes,no,telephone,20,apr,33,1,339,1,failure,no
89,retired,married,primary,no,12834.0,no,no,telephone,18,jan,326,2,272,2,success,yes
46,entrepreneur,married,secondary,no,322.5,yes,yes,cellular,18,nov,309,1,-1,0,unknown,no
45,blue-collar,single,secondary,no,-61.5,yes,no,unknown,2,jun,169,1,-1,0,unknown,no
42,technician,divorced,secondary,no,409.5,yes,no,unknown,4,jun,204,1,-1,0,unknown,no
49,blue-collar,married,primary,no,-582.0,yes,no,unknown,29,may,691,1,-1,0,unknown,no
41,services,married,secondary,no,582.0,yes,no,unknown,5,may,730,2,-1,0,unknown,no
46,retired,single,secondary,no,760.5,yes,no,cellular,22,may,210,1,-1,0,unknown,no
41,technician,married,secondary,no,10048.5,no,no,cellular,4,aug,436,1,-1,0,unknown,no
42,services,married,secondary,no,2766.0,yes,yes,cellular,17,jul,168,6,-1,0,unknown,no
38,blue-collar,married,secondary,no,-1075.5,yes,no,unknown,28,may,148,3,-1,0,unknown,no
47,admin.,married,secondary,no,871.5,yes,yes,cellular,23,jul,203,4,-1,0,unknown,no
38,blue-collar,single,secondary,no,5145.0,yes,no,unknown,6,jun,72,6,-1,0,unknown,no
58,entrepreneur,married,tertiary,yes,-588.0,no,no,cellular,31,jul,725,4,-1,0,unknown,yes
46,management,married,secondary,no,34284.0,no,no,unknown,9,jun,1098,1,-1,0,unknown,no
59,blue-collar,married,secondary,no,2595.0,yes,no,cellular,4,aug,605,2,92,4,success,yes
61,blue-collar,married,secondary,no,259.5,yes,no,unknown,5,may,529,2,-1,0,unknown,no
55,retired,married,unknown,no,12478.5,no,no,cellular,15,jun,75,2,-1,0,unknown,no
67,technician,married,primary,no,0.0,no,no,cellular,16,jul,214,1,-1,0,unknown,no
48,management,single,tertiary,no,2059.5,no,no,cellular,22,oct,119,4,-1,0,unknown,no
41,retired,married,secondary,no,148.5,yes,no,cellular,29,jan,653,3,-1,0,unknown,no
58,management,married,tertiary,no,11737.5,no,no,telephone,21,nov,77,5,-1,0,unknown,no
40,admin.,single,secondary,no,397.5,yes,no,cellular,25,may,681,1,181,2,success,yes
47,technician,divorced,secondary,no,2971.5,yes,no,unknown,9,may,106,1,-1,0,unknown,no
40,services,single,secondary,no,13.5,no,yes,cellular,29,jan,194,2,205,2,failure,no
56,services,married,secondary,no,784.5,no,no,unknown,15,may,504,3,-1,0,unknown,no
38,technician,single,secondary,yes,-1563.0,yes,no,unknown,6,jun,712,2,-1,0,unknown,yes
40,management,single,tertiary,no,348.0,no,no,cellular,15,jul,219,1,91,1,success,yes
59,technician,married,tertiary,no,754.5,no,no,unknown,1,jul,297,2,-1,0,unknown,no
53,blue-collar,married,secondary,no,619.5,yes,no,cellular,12,aug,235,2,182,4,success,yes
69,blue-collar,married,secondary,no,1021.5,yes,no,telephone,14,apr,427,2,-1,0,unknown,no
53,management,married,tertiary,no,4150.5,yes,no,cellular,17,nov,374,1,186,7,failure,no
42,management,single,tertiary,no,1515.0,no,no,cellular,7,aug,67,2,-1,0,unknown,no
47,technician,single,secondary,no,3208.5,yes,no,cellular,14,may,146,3,-1,0,unknown,no
53,management,married,tertiary,no,93.0,yes,no,cellular,23,jul,212,3,-1,0,unknown,no
61,technician,married,secondary,no,58.5,no,no,cellular,2,nov,173,1,-1,0,unknown,no
41,technician,married,unknown,no,21799.5,no,no,cellular,16,jun,245,2,-1,0,unknown,yes
40,blue-collar,married,secondary,yes,-27.0,no,no,unknown,3,jun,157,2,-1,0,unknown,no
48,technician,single,secondary,no,154.5,yes,no,cellular,2,feb,159,1,187,3,failure,no
43,technician,single,secondary,no,217.5,yes,no,cellular,29,jan,369,2,-1,0,unknown,no
78,retired,married,secondary,no,0.0,no,no,cellular,22,jun,586,1,-1,0,unknown,yes
68,retired,married,secondary,no,312.0,no,no,cellular,8,aug,121,2,-1,0,unknown,no
59,management,married,tertiary,no,654.0,no,no,cellular,21,nov,215,1,-1,0,unknown,no
52,blue-collar,married,secondary,no,1029.0,yes,no,cellular,15,may,1326,6,175,3,failure,no
50,blue-collar,married,primary,no,-321.0,yes,no,cellular,16,apr,348,2,266,1,other,no
42,blue-collar,single,secondary,no,49.5,yes,no,cellular,18,may,125,1,368,4,failure,no
42,technician,divorced,secondary,no,1645.5,yes,no,unknown,12,may,298,2,-1,0,unknown,no
46,self-employed,married,primary,no,241.5,no,no,cellular,21,aug,239,3,-1,0,unknown,no
46,technician,divorced,secondary,no,28.5,yes,yes,unknown,26,may,109,1,-1,0,unknown,no
54,self-employed,married,secondary,no,502.5,no,no,cellular,2,feb,105,1,-1,0,unknown,no
59,management,married,tertiary,no,604.5,no,no,cellular,31,jul,255,2,-1,0,unknown,no
62,retired,married,tertiary,no,0.0,yes,no,cellular,30,jul,161,6,-1,0,unknown,no
39,admin.,married,secondary,no,54.0,yes,no,unknown,28,may,126,1,-1,0,unknown,no
55,entrepreneur,married,secondary,no,363.0,no,yes,cellular,4,feb,510,1,198,4,failure,no
62,retired,married,secondary,no,90.0,no,yes,cellular,26,aug,196,2,-1,0,unknown,no
43,unemployed,married,secondary,no,684.0,no,no,telephone,11,nov,119,1,-1,0,unknown,no
66,blue-collar,married,primary,no,0.0,yes,no,cellular,17,jul,82,1,-1,0,unknown,no
66,housemaid,married,primary,no,0.0,yes,yes,cellular,11,jul,118,2,-1,0,unknown,no
43,housemaid,married,primary,no,318.0,yes,no,cellular,11,jul,260,2,-1,0,unknown,no
46,admin.,married,tertiary,no,637.5,no,no,unknown,20,jun,11,4,-1,0,unknown,no
48,retired,single,tertiary,no,4219.5,no,no,cellular,14,aug,146,2,-1,0,unknown,no
38,blue-collar,single,secondary,no,775.5,no,yes,cellular,6,feb,91,3,213,1,success,no
67,services,married,secondary,no,243.0,yes,no,unknown,5,may,174,1,-1,0,unknown,no
46,management,married,tertiary,no,0.0,yes,no,unknown,27,may,145,2,-1,0,unknown,no
53,blue-collar,married,primary,no,282.0,yes,no,cellular,12,may,58,3,347,5,failure,no
65,management,married,tertiary,no,0.0,yes,no,unknown,14,may,159,2,-1,0,unknown,no
63,management,married,tertiary,no,172.5,yes,no,unknown,6,may,336,3,-1,0,unknown,no
54,blue-collar,married,primary,no,4437.0,yes,no,unknown,3,jun,229,2,-1,0,unknown,no
40,management,single,secondary,no,-93.0,no,yes,cellular,30,jul,117,17,-1,0,unknown,no
61,retired,married,tertiary,no,1126.5,no,no,unknown,8,may,261,5,-1,0,unknown,no
42,management,married,tertiary,no,1288.5,yes,yes,cellular,11,may,195,5,172,11,other,no
49,management,married,tertiary,no,1405.5,no,no,cellular,16,apr,144,4,-1,0,unknown,yes
63,self-employed,married,secondary,no,801.0,yes,no,cellular,29,jul,115,4,-1,0,unknown,no
68,retired,married,secondary,no,945.0,no,no,unknown,9,jun,443,2,-1,0,unknown,no
42,services,married,secondary,no,639.0,yes,yes,cellular,7,may,383,1,339,1,other,no
48,blue-collar,married,primary,no,721.5,yes,no,telephone,12,may,114,5,-1,0,unknown,no
51,entrepreneur,single,tertiary,no,1186.5,yes,no,cellular,5,feb,215,1,80,1,other,no
43,admin.,married,tertiary,no,2454.0,yes,yes,cellular,3,apr,105,1,136,1,failure,no
37,blue-collar,single,primary,no,745.5,yes,no,cellular,20,apr,255,2,272,1,other,no
66,retired,single,tertiary,no,528.0,no,no,cellular,19,nov,198,1,-1,0,unknown,no
45,services,married,secondary,no,805.5,no,yes,cellular,21,nov,11,4,-1,0,unknown,no
44,management,divorced,tertiary,no,3360.0,no,no,cellular,8,sep,220,2,184,3,success,yes
57,unemployed,married,secondary,no,73.5,yes,no,cellular,17,jul,66,7,-1,0,unknown,no
63,management,married,tertiary,no,1044.0,yes,no,cellular,20,apr,12,6,-1,0,unknown,no
61,management,married,tertiary,no,118.5,no,yes,cellular,22,aug,209,7,-1,0,unknown,no
49,management,married,tertiary,no,0.0,no,no,unknown,20,jun,10,4,-1,0,unknown,no
43,management,single,tertiary,no,301.5,yes,no,cellular,19,nov,171,1,183,1,failure,no
82,retired,divorced,primary,no,0.0,no,no,telephone,28,aug,359,1,-1,0,unknown,no
61,admin.,married,secondary,no,2548.5,no,no,unknown,5,jun,153,2,-1,0,unknown,no
54,housemaid,married,primary,no,0.0,yes,no,telephone,9,jul,224,1,-1,0,unknown,no
43,blue-collar,married,primary,no,325.5,yes,no,cellular,20,apr,198,1,339,3,failure,no
70,admin.,married,secondary,no,5320.5,no,no,telephone,15,jun,351,6,-1,0,unknown,yes
66,retired,married,tertiary,no,1159.5,no,no,unknown,18,jun,345,1,-1,0,unknown,no
42,retired,single,secondary,no,57.0,yes,no,unknown,27,may,66,1,-1,0,unknown,no
70,retired,married,primary,no,1750.5,no,no,cellular,14,oct,79,2,-1,0,unknown,no
57,retired,married,secondary,no,49.5,no,no,telephone,17,nov,27,1,-1,0,unknown,no
64,retired,married,tertiary,no,0.0,no,no,cellular,16,jul,118,5,-1,0,unknown,no
45,retired,married,secondary,no,1024.5,no,no,unknown,29,sep,13,1,-1,0,unknown,no
53,blue-collar,married,primary,no,11014.5,yes,no,unknown,2,jun,217,4,-1,0,unknown,no
58,admin.,single,secondary,no,1879.5,yes,no,unknown,18,jun,245,2,-1,0,unknown,no
40,management,single,tertiary,no,8038.5,no,no,cellular,26,feb,427,1,191,3,success,yes
49,blue-collar,married,primary,no,0.0,yes,no,cellular,11,jul,117,2,-1,0,unknown,no
33,technician,single,secondary,no,2380.5,yes,yes,cellular,14,may,502,2,-1,0,unknown,no
41,technician,single,tertiary,no,1273.5,no,no,cellular,19,nov,94,1,-1,0,unknown,no
53,unemployed,married,secondary,no,2914.5,yes,no,cellular,18,nov,202,2,-1,0,unknown,no
56,admin.,married,secondary,no,180.0,yes,no,unknown,14,may,20,11,-1,0,unknown,no
48,unemployed,married,tertiary,no,14821.5,no,no,cellular,29,jul,497,2,-1,0,unknown,no
62,management,divorced,tertiary,no,885.0,no,no,unknown,6,jun,354,5,-1,0,unknown,no
57,blue-collar,single,secondary,no,394.5,yes,yes,cellular,29,jan,127,2,255,1,other,no
48,services,married,secondary,no,0.0,yes,no,cellular,5,may,263,2,-1,0,unknown,no
45,services,married,secondary,no,6255.0,yes,no,unknown,20,may,1777,1,-1,0,unknown,yes
49,blue-collar,married,secondary,no,540.0,yes,no,cellular,29,jan,325,2,260,2,failure,no
56,retired,married,tertiary,no,64.5,yes,no,telephone,30,jan,162,3,2,7,other,no
40,management,single,tertiary,no,9588.0,yes,no,cellular,5,may,335,1,-1,0,unknown,no
33,student,single,secondary,no,6613.5,yes,no,unknown,4,jun,299,1,-1,0,unknown,no
72,retired,married,secondary,no,4201.5,yes,yes,cellular,9,sep,261,1,183,1,success,yes
39,blue-collar,married,primary,no,354.0,yes,no,unknown,14,may,554,1,-1,0,unknown,no
74,housemaid,married,primary,no,1152.0,no,no,cellular,14,jan,371,1,-1,0,unknown,yes
70,self-employed,married,primary,no,543.0,no,yes,cellular,28,jan,326,1,183,6,success,no
42,entrepreneur,married,tertiary,no,1446.0,yes,no,cellular,19,nov,130,1,120,2,failure,no
44,management,married,tertiary,no,172.5,yes,no,cellular,26,apr,117,3,-1,0,unknown,no
64,blue-collar,married,primary,no,642.0,yes,no,cellular,8,may,311,1,-1,0,unknown,no
63,retired,married,tertiary,no,1653.0,no,no,cellular,24,jul,78,1,-1,0,unknown,no
46,retired,single,secondary,no,81.0,no,no,cellular,22,may,563,1,-1,0,unknown,no
47,retired,divorced,secondary,no,49.5,yes,no,cellular,20,nov,106,2,167,1,failure,no
59,admin.,single,unknown,no,1839.0,no,no,cellular,30,apr,400,1,-1,0,unknown,no
60,blue-collar,married,primary,no,339.0,yes,no,cellular,15,may,98,1,330,5,failure,no
43,technician,single,tertiary,no,774.0,no,no,cellular,22,aug,76,7,-1,0,unknown,no
42,management,single,tertiary,no,29977.5,no,no,cellular,9,feb,616,5,-1,0,unknown,no
40,management,single,tertiary,no,5115.0,yes,no,cellular,18,may,140,1,-1,0,unknown,no
52,admin.,divorced,secondary,no,0.0,yes,no,unknown,7,may,229,2,-1,0,unknown,no
58,retired,married,secondary,no,5278.5,no,yes,cellular,26,feb,229,1,60,2,failure,no
40,blue-collar,married,secondary,no,781.5,yes,no,cellular,23,jul,76,17,-1,0,unknown,no
38,management,single,tertiary,no,423.0,yes,no,unknown,26,jun,301,4,-1,0,unknown,no
41,technician,single,secondary,no,1923.0,no,no,cellular,12,may,144,1,460,2,failure,no
67,technician,married,unknown,no,2425.5,yes,no,unknown,7,may,96,2,-1,0,unknown,no
43,management,divorced,tertiary,no,-951.0,yes,yes,cellular,12,may,163,2,350,1,failure,no
41,technician,single,secondary,no,-522.0,yes,no,cellular,18,may,410,1,-1,0,unknown,no
41,admin.,single,secondary,no,64.5,no,no,unknown,1,jul,484,1,-1,0,unknown,no
40,services,single,primary,no,8619.0,yes,no,telephone,20,nov,125,2,-1,0,unknown,no
50,blue-collar,married,secondary,no,1717.5,yes,no,cellular,15,may,175,4,-1,0,unknown,no
38,retired,single,secondary,no,390.0,yes,no,unknown,7,may,374,2,-1,0,unknown,no
41,housemaid,divorced,secondary,no,252.0,yes,no,cellular,15,may,266,3,-1,0,unknown,no
49,services,divorced,primary,no,12981.0,yes,no,cellular,14,may,181,4,-1,0,unknown,no
55,management,married,tertiary,no,-963.0,no,no,cellular,5,aug,124,4,-1,0,unknown,no
42,technician,married,secondary,no,924.0,yes,no,cellular,27,aug,118,7,-1,0,unknown,no
40,blue-collar,divorced,primary,no,1.5,yes,no,unknown,6,jun,63,9,-1,0,unknown,no
44,blue-collar,married,secondary,no,9528.0,yes,no,cellular,5,may,338,4,288,2,other,no
38,technician,single,tertiary,no,2442.0,yes,no,cellular,25,jul,1422,2,-1,0,unknown,yes
58,admin.,single,secondary,no,2316.0,yes,no,telephone,30,jun,263,1,450,2,failure,yes
49,management,divorced,secondary,no,-25.5,no,no,cellular,16,apr,316,1,146,4,failure,no
70,management,single,tertiary,no,840.0,no,no,cellular,15,may,730,5,-1,0,unknown,yes
49,retired,married,secondary,no,325.5,yes,no,unknown,4,jun,341,4,-1,0,unknown,no
39,unemployed,single,secondary,no,1582.5,no,no,cellular,23,sep,427,1,603,1,failure,yes
51,management,married,tertiary,no,3705.0,yes,no,cellular,6,may,22,2,-1,0,unknown,no
40,management,single,tertiary,no,4062.0,no,no,cellular,19,nov,479,1,-1,0,unknown,no
53,unemployed,divorced,primary,no,-105.0,yes,no,cellular,12,may,124,2,-1,0,unknown,no
45,blue-collar,married,secondary,no,4095.0,yes,no,unknown,21,may,65,1,-1,0,unknown,no
33,blue-collar,single,secondary,no,12940.5,yes,no,cellular,15,may,169,1,346,1,failure,no
40,retired,single,secondary,no,1269.0,no,no,cellular,2,nov,75,2,-1,0,unknown,no
35,admin.,married,secondary,no,27.0,yes,no,cellular,18,jul,225,1,-1,0,unknown,no
48,management,single,tertiary,no,-714.0,yes,no,cellular,28,jul,76,2,-1,0,unknown,no
40,admin.,single,secondary,no,1227.0,yes,yes,cellular,16,apr,66,1,346,1,failure,no
48,technician,married,secondary,no,9.0,yes,no,unknown,26,may,113,4,-1,0,unknown,no
41,blue-collar,married,secondary,no,262.5,yes,no,unknown,27,may,179,5,-1,0,unknown,no
35,technician,single,secondary,no,0.0,yes,no,cellular,23,jul,487,5,-1,0,unknown,no
49,technician,married,tertiary,no,903.0,yes,no,unknown,20,may,191,7,-1,0,unknown,no
52,self-employed,married,secondary,no,769.5,no,no,telephone,5,feb,98,1,-1,0,unknown,no
46,services,single,secondary,no,2107.5,yes,no,cellular,14,apr,283,3,-1,0,unknown,no
65,services,divorced,primary,no,3447.0,yes,no,unknown,6,may,162,2,-1,0,unknown,no
43,technician,married,secondary,no,835.5,no,no,cellular,4,may,367,1,-1,0,unknown,yes
42,retired,married,secondary,no,480.0,yes,yes,cellular,3,feb,22,4,-1,0,unknown,no
69,retired,married,secondary,no,0.0,no,yes,unknown,26,may,155,1,-1,0,unknown,no
52,admin.,divorced,tertiary,no,9.0,yes,yes,cellular,17,apr,403,4,-1,0,unknown,no
50,retired,married,primary,no,960.0,yes,yes,unknown,8,may,347,2,-1,0,unknown,no
54,technician,divorced,secondary,no,412.5,no,no,cellular,17,nov,1077,1,-1,0,unknown,yes
47,retired,single,tertiary,no,2068.5,yes,no,unknown,23,may,319,3,-1,0,unknown,no
63,retired,married,tertiary,no,2536.5,no,no,unknown,13,may,916,2,-1,0,unknown,no
58,services,married,secondary,no,2032.5,no,no,cellular,12,aug,409,7,-1,0,unknown,no
47,unemployed,married,tertiary,no,11430.0,no,no,telephone,31,aug,164,3,98,3,failure,no
46,technician,divorced,secondary,no,211.5,yes,no,unknown,7,may,319,3,-1,0,unknown,no
58,blue-collar,married,secondary,no,3778.5,no,no,telephone,22,aug,105,5,-1,0,unknown,no
60,admin.,married,secondary,no,525.0,no,no,cellular,5,aug,66,2,-1,0,unknown,no
39,management,single,tertiary,no,460.5,yes,no,cellular,2,jun,690,1,-1,0,unknown,yes
51,management,married,tertiary,no,1791.0,no,no,cellular,14,aug,50,5,-1,0,unknown,no
58,self-employed,married,tertiary,no,0.0,no,no,cellular,30,jul,100,5,-1,0,unknown,no
62,management,married,tertiary,no,11082.0,no,yes,unknown,17,jun,291,2,-1,0,unknown,no
45,management,single,tertiary,no,1305.0,yes,no,unknown,29,may,188,6,-1,0,unknown,no
88,retired,divorced,secondary,no,4180.5,no,no,telephone,1,jul,372,1,-1,0,unknown,yes
38,technician,single,secondary,no,189.0,no,no,cellular,3,mar,229,1,-1,0,unknown,no
40,retired,married,secondary,no,184.5,no,yes,unknown,17,jul,66,1,85,5,other,no
43,management,married,secondary,no,100.5,yes,yes,unknown,23,may,316,4,-1,0,unknown,no
55,blue-collar,married,secondary,no,270.0,yes,yes,unknown,29,may,150,1,-1,0,unknown,no
56,blue-collar,married,primary,no,519.0,yes,no,unknown,15,may,402,1,-1,0,unknown,no
68,retired,married,secondary,no,3913.5,no,no,cellular,12,aug,136,5,-1,0,unknown,no
44,retired,single,tertiary,no,3070.5,yes,no,cellular,28,jul,57,5,-1,0,unknown,no
35,retired,single,secondary,no,-181.5,yes,no,cellular,6,may,343,2,-1,0,unknown,no
43,retired,married,secondary,no,432.0,yes,no,cellular,17,apr,306,1,-1,0,unknown,no
42,admin.,married,tertiary,no,177.0,no,no,cellular,21,nov,383,4,176,10,failure,no
69,self-employed,married,tertiary,no,0.0,yes,no,cellular,23,jul,256,1,-1,0,unknown,no
47,blue-collar,married,primary,no,1056.0,no,no,unknown,18,jun,165,7,-1,0,unknown,no
52,admin.,married,secondary,no,793.5,yes,yes,cellular,19,nov,193,3,-1,0,unknown,no
57,management,divorced,tertiary,no,-73.5,yes,no,cellular,13,may,14,6,327,23,failure,no
62,management,married,tertiary,no,5262.0,no,no,cellular,12,aug,252,2,-1,0,unknown,no
55,management,married,tertiary,no,3.0,yes,no,cellular,16,jul,192,2,-1,0,unknown,no
48,management,single,tertiary,no,636.0,yes,no,unknown,5,may,104,1,-1,0,unknown,no
43,retired,married,secondary,no,325.5,yes,no,unknown,15,may,561,1,-1,0,unknown,no
37,technician,married,tertiary,no,264.0,yes,no,cellular,18,may,10,2,350,7,other,no
39,retired,single,tertiary,no,28.5,no,no,cellular,4,may,268,1,88,4,success,yes
59,retired,married,tertiary,no,3280.5,no,no,cellular,25,nov,92,2,-1,0,unknown,no
51,technician,single,tertiary,no,646.5,no,no,cellular,22,oct,133,1,107,2,success,yes
59,blue-collar,divorced,secondary,no,-696.0,yes,no,cellular,16,apr,82,1,-1,0,unknown,no
65,unemployed,divorced,secondary,no,580.5,yes,no,unknown,6,may,918,1,-1,0,unknown,yes
66,entrepreneur,married,tertiary,no,1039.5,no,no,cellular,22,jul,89,5,-1,0,unknown,no
49,technician,divorced,secondary,no,26161.5,yes,yes,cellular,7,apr,1,1,-1,0,unknown,no
54,blue-collar,married,secondary,no,441.0,yes,no,unknown,19,may,66,2,-1,0,unknown,no
62,management,married,tertiary,no,4351.5,no,no,cellular,17,nov,223,2,-1,0,unknown,no
42,blue-collar,married,primary,no,280.5,no,no,cellular,20,nov,485,1,134,1,failure,no
58,retired,married,secondary,no,2505.0,no,no,unknown,17,jun,145,1,-1,0,unknown,no
44,retired,married,tertiary,no,11076.0,no,no,cellular,21,nov,69,2,-1,0,unknown,no
49,blue-collar,married,primary,no,1161.0,yes,no,unknown,21,may,29,1,-1,0,unknown,no
57,technician,married,tertiary,no,-768.0,yes,yes,unknown,27,may,220,2,-1,0,unknown,no
43,retired,single,secondary,no,1032.0,no,no,unknown,6,jul,226,1,-1,0,unknown,no
33,blue-collar,married,secondary,no,141.0,yes,no,unknown,5,may,193,1,-1,0,unknown,no
42,management,married,secondary,no,2215.5,yes,no,cellular,18,nov,111,1,-1,0,unknown,no
47,services,married,secondary,no,-901.5,yes,no,cellular,11,jul,210,2,-1,0,unknown,no
39,management,married,tertiary,no,1486.5,no,no,cellular,7,may,109,2,-1,0,unknown,no
45,services,married,secondary,no,228.0,yes,no,unknown,2,jun,563,1,-1,0,unknown,yes
42,services,married,secondary,no,243.0,yes,no,unknown,14,may,297,2,-1,0,unknown,no
57,retired,single,secondary,yes,-570.0,no,no,cellular,9,jul,399,17,-1,0,unknown,no
38,admin.,single,secondary,no,-154.5,yes,no,unknown,12,may,252,4,-1,0,unknown,no
49,blue-collar,married,tertiary,no,300.0,yes,no,cellular,16,apr,166,1,-1,0,unknown,no
36,self-employed,single,tertiary,no,840.0,no,no,telephone,26,may,122,2,-1,0,unknown,no
57,unemployed,married,secondary,no,4930.5,yes,yes,unknown,17,jun,126,1,-1,0,unknown,no
50,management,single,tertiary,no,1300.5,yes,yes,unknown,12,may,145,4,-1,0,unknown,no
60,services,married,secondary,no,1.5,no,no,telephone,11,aug,80,10,-1,0,unknown,no
45,management,married,tertiary,no,64.5,no,no,cellular,11,aug,917,4,-1,0,unknown,yes
51,blue-collar,married,secondary,no,0.0,yes,no,cellular,1,apr,625,2,-1,0,unknown,no
69,blue-collar,divorced,secondary,no,91.5,yes,no,cellular,13,may,61,1,-1,0,unknown,no
45,management,single,secondary,no,1783.5,no,yes,cellular,14,aug,92,2,-1,0,unknown,no
57,retired,divorced,secondary,no,660.0,no,no,cellular,29,jan,147,1,-1,0,unknown,no
67,admin.,divorced,secondary,no,0.0,no,no,cellular,9,sep,121,2,-1,0,unknown,no
38,management,single,tertiary,no,3570.0,no,no,cellular,14,sep,394,2,-1,0,unknown,no
67,management,divorced,secondary,no,0.0,yes,yes,unknown,12,may,144,6,-1,0,unknown,no
46,blue-collar,married,primary,no,6912.0,yes,no,cellular,14,may,284,7,-1,0,unknown,no
46,admin.,married,secondary,no,4962.0,no,yes,cellular,31,jul,119,2,-1,0,unknown,no
55,entrepreneur,divorced,tertiary,no,0.0,yes,no,cellular,13,may,325,2,-1,0,unknown,no
61,admin.,married,secondary,no,4.5,no,yes,unknown,23,may,259,2,-1,0,unknown,no
62,management,married,tertiary,no,3642.0,yes,no,cellular,21,nov,294,1,116,3,failure,no
57,retired,divorced,secondary,no,2359.5,yes,no,unknown,26,may,130,1,-1,0,unknown,no
61,retired,married,secondary,no,3948.0,no,no,unknown,30,may,137,1,-1,0,unknown,no
42,admin.,single,tertiary,no,436.5,no,no,telephone,28,jan,223,6,275,5,other,no
52,management,married,secondary,yes,-51.0,no,no,cellular,5,feb,176,1,-1,0,unknown,no
38,admin.,married,secondary,no,-145.5,yes,no,cellular,13,may,129,1,-1,0,unknown,no
37,services,married,secondary,no,3789.0,yes,no,cellular,23,jul,500,3,-1,0,unknown,no
45,admin.,married,secondary,no,1087.5,yes,no,cellular,10,jul,402,1,-1,0,unknown,no
40,technician,married,tertiary,no,1567.5,no,no,cellular,11,aug,65,4,-1,0,unknown,no
41,technician,married,secondary,no,-178.5,yes,no,cellular,18,may,9,5,-1,0,unknown,no
58,services,married,secondary,no,727.5,yes,no,cellular,21,nov,254,5,-1,0,unknown,no
79,retired,married,secondary,no,1117.5,no,no,telephone,9,sep,595,1,-1,0,unknown,no
55,management,married,tertiary,no,5785.5,yes,no,cellular,2,feb,195,1,-1,0,unknown,no
46,technician,married,secondary,no,648.0,yes,yes,unknown,4,aug,94,1,-1,0,unknown,no
45,blue-collar,single,secondary,no,5260.5,yes,no,cellular,8,may,422,2,-1,0,unknown,no
46,blue-collar,married,secondary,no,693.0,no,no,cellular,31,jul,474,2,-1,0,unknown,no
63,entrepreneur,divorced,tertiary,no,121.5,yes,no,cellular,6,may,178,5,352,3,failure,no
65,blue-collar,married,primary,no,646.5,yes,no,unknown,12,may,68,2,-1,0,unknown,no
40,services,single,secondary,no,555.0,no,no,cellular,20,nov,142,1,-1,0,unknown,no
46,management,single,tertiary,no,8010.0,yes,no,cellular,7,aug,113,4,-1,0,unknown,no
45,retired,single,secondary,no,730.5,yes,no,unknown,15,may,117,1,-1,0,unknown,no
45,management,married,tertiary,no,-294.0,yes,no,cellular,22,jul,216,2,-1,0,unknown,no
52,services,divorced,secondary,no,207.0,no,no,cellular,17,jul,324,1,-1,0,unknown,no
47,admin.,single,primary,no,136.5,yes,no,cellular,4,feb,283,2,273,2,failure,no
35,retired,single,tertiary,no,1777.5,no,no,cellular,15,jun,135,1,-1,0,unknown,no
69,retired,married,secondary,no,7828.5,no,no,cellular,11,aug,239,3,-1,0,unknown,no
49,services,married,secondary,no,0.0,no,no,cellular,7,jul,333,5,-1,0,unknown,no
44,retired,single,secondary,no,0.0,yes,no,cellular,10,jul,307,1,-1,0,unknown,no
66,blue-collar,married,secondary,no,309.0,no,no,unknown,5,jun,315,1,-1,0,unknown,no
35,student,single,tertiary,no,489.0,no,no,cellular,26,may,390,1,-1,0,unknown,yes
47,retired,married,secondary,no,2094.0,yes,no,cellular,22,jul,199,2,-1,0,unknown,no
53,blue-collar,married,primary,no,1191.0,yes,no,cellular,13,may,38,3,-1,0,unknown,no
51,blue-collar,single,secondary,no,-493.5,no,yes,cellular,8,jul,426,3,-1,0,unknown,no
60,technician,married,secondary,no,348.0,no,no,cellular,18,nov,90,1,-1,0,unknown,no
63,admin.,married,secondary,no,0.0,no,no,telephone,6,sep,353,1,655,5,failure,no
61,technician,married,secondary,no,264.0,no,no,unknown,6,jun,217,4,-1,0,unknown,no
64,retired,married,secondary,no,1989.0,yes,no,unknown,11,jun,105,2,-1,0,unknown,no
44,blue-collar,single,secondary,no,-904.5,no,no,cellular,25,jul,164,4,-1,0,unknown,no
62,management,married,secondary,no,0.0,no,no,cellular,30,jul,249,3,-1,0,unknown,no
51,retired,single,tertiary,no,901.5,yes,yes,cellular,2,feb,457,2,-1,0,unknown,no
42,management,married,tertiary,no,1794.0,yes,no,cellular,11,jul,508,1,-1,0,unknown,no
60,blue-collar,married,secondary,no,21.0,yes,yes,unknown,26,may,68,1,-1,0,unknown,no
40,services,divorced,secondary,no,2004.0,yes,no,cellular,18,may,13,3,355,5,failure,no
62,retired,married,secondary,no,15031.5,no,no,cellular,20,nov,174,1,-1,0,unknown,no
55,retired,married,secondary,no,333.0,no,no,cellular,25,aug,119,11,-1,0,unknown,no
47,services,married,secondary,no,7140.0,yes,no,cellular,8,may,182,2,169,2,failure,no
52,services,single,unknown,no,615.0,no,no,cellular,21,nov,34,2,-1,0,unknown,no
45,blue-collar,married,primary,no,69.0,no,no,cellular,8,jul,338,3,-1,0,unknown,no
46,management,married,tertiary,no,123.0,no,no,cellular,2,feb,124,1,178,4,success,no
82,retired,married,secondary,no,1426.5,no,yes,cellular,12,mar,229,3,339,1,failure,yes
36,management,single,tertiary,no,0.0,no,no,cellular,7,aug,125,1,-1,0,unknown,no
51,services,married,tertiary,no,1321.5,no,no,cellular,30,oct,257,3,-1,0,unknown,yes
45,retired,married,unknown,no,927.0,no,no,cellular,12,aug,293,1,104,1,success,yes
58,blue-collar,married,primary,no,201.0,yes,no,unknown,28,may,315,2,-1,0,unknown,no
48,management,divorced,tertiary,no,955.5,yes,no,cellular,8,may,295,2,343,1,other,no
53,blue-collar,married,primary,no,-1308.0,yes,yes,unknown,3,jun,267,1,-1,0,unknown,no
55,retired,single,secondary,no,2635.5,yes,no,cellular,20,apr,1010,3,326,1,other,no
50,management,single,tertiary,no,5815.5,yes,no,unknown,6,may,145,1,-1,0,unknown,no
61,admin.,married,tertiary,no,0.0,yes,yes,cellular,15,jun,177,4,99,2,success,no
63,blue-collar,married,primary,no,697.5,yes,no,cellular,7,jul,111,2,-1,0,unknown,no
53,technician,divorced,tertiary,no,1539.0,yes,yes,unknown,7,may,224,5,-1,0,unknown,no
47,technician,divorced,secondary,no,8599.5,yes,no,cellular,7,aug,105,4,-1,0,unknown,no
54,housemaid,married,primary,no,0.0,no,no,cellular,20,aug,174,5,-1,0,unknown,no
63,admin.,married,secondary,no,4386.0,no,no,cellular,19,nov,800,6,-1,0,unknown,no
76,retired,married,primary,no,1120.5,no,no,telephone,27,oct,515,1,-1,0,unknown,no
60,entrepreneur,married,secondary,no,1516.5,yes,no,telephone,30,jul,340,2,-1,0,unknown,no
56,retired,single,tertiary,no,3066.0,no,no,telephone,4,feb,25,1,-1,0,unknown,no
70,management,married,secondary,no,1054.5,yes,no,unknown,14,may,378,1,-1,0,unknown,no
49,services,married,secondary,no,1053.0,yes,no,cellular,8,apr,303,1,300,1,failure,no
37,admin.,single,tertiary,no,1248.0,no,no,cellular,21,apr,336,1,-1,0,unknown,no
53,blue-collar,married,secondary,no,11590.5,yes,no,unknown,15,may,302,8,-1,0,unknown,no
67,retired,married,secondary,no,1539.0,yes,no,unknown,13,may,52,2,-1,0,unknown,no
54,blue-collar,married,primary,no,-630.0,yes,no,cellular,11,may,220,2,-1,0,unknown,no
42,blue-collar,single,primary,no,5392.5,yes,no,cellular,21,nov,171,2,-1,0,unknown,no
44,blue-collar,married,secondary,no,678.0,yes,no,unknown,15,may,90,3,-1,0,unknown,no
45,services,married,secondary,no,163.5,yes,no,unknown,6,may,597,3,-1,0,unknown,no
70,management,married,tertiary,no,3333.0,yes,no,cellular,11,jul,1120,2,-1,0,unknown,yes
38,technician,married,secondary,no,1374.0,yes,no,cellular,15,may,191,1,371,2,other,no
58,unemployed,married,secondary,no,2716.5,yes,no,telephone,19,nov,137,4,111,3,failure,no
70,retired,married,secondary,no,3090.0,no,no,cellular,29,jun,135,4,95,4,failure,no
55,unemployed,married,primary,no,1938.0,yes,no,unknown,14,may,70,2,-1,0,unknown,no
38,technician,single,secondary,no,169.5,no,no,cellular,13,aug,204,3,105,1,failure,yes
49,services,married,secondary,no,-1143.0,yes,yes,cellular,8,may,40,6,343,2,failure,no
58,management,married,secondary,no,55029.0,no,no,cellular,30,apr,295,1,-1,0,unknown,no
40,services,single,secondary,no,282.0,no,no,cellular,14,aug,49,2,-1,0,unknown,no
34,admin.,single,tertiary,no,-91.5,no,no,cellular,11,mar,95,4,-1,0,unknown,yes
69,management,married,tertiary,no,147625.5,no,no,telephone,20,nov,145,5,-1,0,unknown,no
67,retired,married,secondary,no,4161.0,no,no,cellular,18,aug,299,6,-1,0,unknown,no
70,blue-collar,married,secondary,no,1126.5,yes,no,unknown,14,may,115,3,-1,0,unknown,no
41,technician,single,secondary,no,-3.0,no,no,cellular,29,aug,131,2,-1,0,unknown,no
70,retired,married,secondary,no,606.0,no,no,cellular,5,mar,308,2,196,2,failure,yes
57,blue-collar,married,primary,no,-367.5,yes,yes,unknown,12,jun,67,4,-1,0,unknown,no
36,management,single,tertiary,no,300.0,no,no,cellular,1,sep,91,2,-1,0,unknown,no
35,blue-collar,single,secondary,no,-370.5,yes,no,cellular,23,jul,633,1,-1,0,unknown,yes
48,admin.,married,primary,no,0.0,yes,yes,telephone,25,jul,163,5,-1,0,unknown,no
46,management,single,tertiary,no,213.0,yes,no,cellular,25,jul,571,1,-1,0,unknown,no
45,blue-collar,single,secondary,no,-723.0,yes,no,unknown,27,may,472,1,-1,0,unknown,no
56,blue-collar,married,unknown,no,313.5,no,no,cellular,11,aug,72,2,-1,0,unknown,no
60,management,married,unknown,no,12517.5,no,no,cellular,27,feb,194,1,261,1,failure,yes
60,management,married,tertiary,no,1761.0,yes,no,cellular,7,may,128,2,-1,0,unknown,no
65,technician,married,tertiary,no,382.5,no,no,cellular,22,jul,114,1,-1,0,unknown,no
48,blue-collar,married,secondary,no,-60.0,yes,no,unknown,23,may,227,1,-1,0,unknown,no
44,management,married,tertiary,no,1900.5,yes,no,unknown,2,jun,87,4,-1,0,unknown,no
43,retired,single,tertiary,no,3232.5,no,no,cellular,17,nov,295,1,-1,0,unknown,no
50,blue-collar,married,secondary,no,1428.0,no,yes,unknown,12,jun,140,1,-1,0,unknown,no
55,technician,divorced,secondary,no,43.5,no,no,unknown,12,jun,385,1,-1,0,unknown,no
37,self-employed,single,tertiary,no,774.0,no,no,cellular,16,feb,57,1,-1,0,unknown,no
52,management,single,tertiary,no,1669.5,yes,yes,cellular,18,nov,89,2,162,12,failure,no
51,technician,single,tertiary,no,22953.0,no,no,cellular,19,aug,121,4,-1,0,unknown,no
38,management,single,secondary,no,93.0,no,no,cellular,14,jul,467,3,-1,0,unknown,no
54,retired,married,tertiary,no,1549.5,yes,no,unknown,15,may,71,1,-1,0,unknown,no
44,unemployed,married,secondary,no,642.0,yes,no,cellular,7,apr,221,2,267,3,other,no
45,retired,married,secondary,yes,37.5,no,yes,cellular,7,jul,236,1,-1,0,unknown,no
45,management,married,tertiary,no,163.5,no,yes,cellular,21,aug,257,2,-1,0,unknown,no
45,retired,married,unknown,no,112.5,yes,no,unknown,16,jun,169,1,-1,0,unknown,no
47,retired,single,tertiary,no,3475.5,yes,no,cellular,20,apr,114,1,152,2,failure,no
53,services,married,secondary,no,762.0,yes,no,cellular,18,nov,200,1,172,1,failure,no
69,retired,divorced,secondary,no,2287.5,no,no,telephone,29,jul,90,2,-1,0,unknown,no
41,unemployed,single,primary,no,244.5,no,no,cellular,30,jan,707,2,2,1,other,yes
64,retired,married,secondary,no,63.0,yes,no,unknown,12,may,192,2,-1,0,unknown,no
41,technician,single,tertiary,no,66.0,no,no,cellular,28,aug,16,13,-1,0,unknown,no
52,blue-collar,married,secondary,no,471.0,yes,yes,unknown,16,may,269,2,-1,0,unknown,no
59,services,divorced,secondary,no,472.5,yes,no,unknown,9,may,117,2,-1,0,unknown,no
42,services,single,tertiary,no,1177.5,no,no,cellular,3,jun,273,1,-1,0,unknown,no
43,blue-collar,married,secondary,no,2751.0,yes,no,cellular,7,jul,117,3,-1,0,unknown,no
46,admin.,divorced,secondary,no,0.0,no,no,unknown,11,jun,203,3,-1,0,unknown,no
42,management,single,tertiary,no,2943.0,no,no,cellular,13,jan,130,1,-1,0,unknown,no
40,technician,single,tertiary,yes,34.5,no,no,cellular,12,aug,72,4,-1,0,unknown,no
60,technician,single,secondary,no,369.0,yes,no,cellular,17,jul,174,2,-1,0,unknown,no
69,services,married,secondary,no,162.0,no,no,cellular,11,aug,120,4,-1,0,unknown,no
33,blue-collar,single,secondary,no,13.5,yes,no,unknown,21,may,544,1,-1,0,unknown,no
62,unemployed,married,primary,no,30.0,yes,no,telephone,28,jan,172,1,-1,0,unknown,no
60,housemaid,married,secondary,no,0.0,yes,no,cellular,22,jul,160,1,-1,0,unknown,no
49,management,single,tertiary,no,2523.0,yes,no,unknown,2,jun,174,1,-1,0,unknown,no
62,management,divorced,tertiary,no,-1084.5,yes,yes,cellular,18,nov,636,1,-1,0,unknown,no
43,technician,married,secondary,no,930.0,no,no,cellular,14,aug,106,2,-1,0,unknown,no
36,services,married,secondary,yes,19.5,yes,yes,cellular,30,jul,21,25,-1,0,unknown,no
59,blue-collar,married,primary,no,189.0,no,no,unknown,3,jul,60,1,-1,0,unknown,no
45,blue-collar,single,secondary,no,7.5,no,no,unknown,19,may,268,3,-1,0,unknown,no
47,blue-collar,single,secondary,no,9.0,no,no,cellular,29,jan,163,2,-1,0,unknown,no
67,unemployed,married,unknown,no,432.0,no,no,cellular,9,feb,42,3,-1,0,unknown,no
70,retired,married,primary,no,0.0,yes,no,cellular,15,jul,111,8,-1,0,unknown,no
56,management,married,secondary,no,1185.0,yes,no,cellular,17,apr,365,1,-1,0,unknown,no
43,admin.,single,secondary,no,309.0,yes,no,cellular,15,mar,287,2,-1,0,unknown,no
55,entrepreneur,divorced,tertiary,no,2800.5,yes,no,cellular,24,jul,144,1,-1,0,unknown,no
47,blue-collar,single,primary,yes,31.5,no,no,cellular,6,may,231,2,-1,0,unknown,no
46,blue-collar,single,secondary,no,135.0,yes,no,unknown,12,may,13,5,-1,0,unknown,no
68,retired,divorced,secondary,no,1620.0,yes,no,cellular,29,jul,1058,2,-1,0,unknown,yes
41,blue-collar,married,secondary,no,4966.5,yes,no,unknown,20,may,719,1,-1,0,unknown,yes
56,blue-collar,married,secondary,no,-430.5,yes,no,unknown,30,may,113,3,-1,0,unknown,no
37,management,married,tertiary,no,81.0,yes,no,cellular,15,may,309,3,-1,0,unknown,no
37,services,single,secondary,no,7384.5,yes,no,unknown,19,may,57,7,-1,0,unknown,no
65,blue-collar,married,secondary,no,133.5,yes,no,unknown,5,may,106,3,-1,0,unknown,no
41,unemployed,single,secondary,no,1.5,no,no,cellular,2,feb,19,6,-1,0,unknown,no
45,management,single,tertiary,no,438.0,no,yes,cellular,10,jul,220,1,-1,0,unknown,no
42,entrepreneur,married,secondary,no,0.0,yes,no,cellular,11,jul,223,2,-1,0,unknown,no
56,admin.,divorced,secondary,no,148.5,no,no,unknown,14,jul,18,1,-1,0,unknown,no
40,management,married,secondary,no,1315.5,yes,yes,cellular,13,aug,92,5,-1,0,unknown,no
50,services,single,secondary,no,696.0,yes,yes,unknown,19,may,183,7,-1,0,unknown,no
65,services,married,secondary,no,3714.0,yes,no,unknown,5,may,579,1,-1,0,unknown,yes
59,entrepreneur,married,secondary,no,1720.5,yes,yes,cellular,25,jul,96,3,-1,0,unknown,no
61,retired,married,primary,no,915.0,no,no,unknown,9,jun,86,2,-1,0,unknown,no
50,admin.,married,secondary,no,-81.0,yes,no,cellular,8,may,183,1,-1,0,unknown,no
38,blue-collar,single,secondary,no,-426.0,yes,no,unknown,12,may,162,1,-1,0,unknown,no
65,technician,married,secondary,no,3021.0,yes,yes,unknown,15,may,253,2,-1,0,unknown,no
35,admin.,single,secondary,no,91.5,yes,no,unknown,9,may,345,9,-1,0,unknown,no
43,management,married,tertiary,no,604.5,yes,no,unknown,26,may,114,2,-1,0,unknown,no
47,management,married,secondary,no,15.0,no,yes,cellular,2,feb,164,1,250,2,failure,no
48,management,married,tertiary,no,8148.0,yes,yes,cellular,19,nov,408,1,183,1,failure,no
40,retired,single,secondary,no,598.5,yes,yes,unknown,23,may,158,3,-1,0,unknown,no
46,management,divorced,tertiary,no,199.5,yes,no,unknown,9,may,117,1,-1,0,unknown,no
44,technician,single,tertiary,no,3987.0,yes,no,cellular,13,aug,690,2,-1,0,unknown,no
35,management,single,tertiary,no,847.5,yes,no,cellular,9,apr,175,1,-1,0,unknown,no
57,retired,divorced,secondary,no,442.5,yes,no,unknown,6,jun,94,2,-1,0,unknown,yes
53,retired,married,primary,no,2952.0,yes,no,cellular,10,jul,279,1,-1,0,unknown,no
50,services,married,secondary,no,1423.5,yes,no,cellular,12,may,285,3,287,8,failure,no
41,services,single,secondary,no,183.0,yes,no,cellular,4,feb,157,4,268,2,failure,no
83,retired,married,unknown,no,778.5,no,no,telephone,26,feb,270,3,133,2,success,yes
63,services,married,secondary,no,4078.5,yes,no,unknown,30,may,80,2,-1,0,unknown,no
46,entrepreneur,married,tertiary,no,2583.0,yes,no,unknown,7,may,349,2,-1,0,unknown,no
46,services,single,secondary,no,-442.5,yes,yes,unknown,27,may,132,3,-1,0,unknown,no
43,services,married,secondary,no,84.0,yes,no,telephone,13,may,9,9,-1,0,unknown,no
58,admin.,married,secondary,no,3393.0,no,no,cellular,4,aug,70,1,-1,0,unknown,no
43,services,divorced,secondary,no,3.0,yes,no,unknown,16,may,165,1,-1,0,unknown,no
42,management,married,tertiary,no,9673.5,no,no,telephone,19,nov,385,1,-1,0,unknown,no
50,management,single,primary,no,388.5,yes,no,cellular,8,may,70,1,-1,0,unknown,no
40,admin.,divorced,secondary,no,6.0,no,no,cellular,8,jul,61,3,-1,0,unknown,no
64,retired,married,tertiary,no,4228.5,no,no,cellular,7,aug,123,3,-1,0,unknown,no
44,blue-collar,single,secondary,no,847.5,yes,yes,cellular,20,apr,20,4,-1,0,unknown,no
59,retired,married,secondary,no,1690.5,yes,yes,cellular,10,jul,579,1,-1,0,unknown,no
51,self-employed,married,secondary,no,42.0,yes,no,cellular,11,may,49,1,-1,0,unknown,no
35,technician,single,secondary,no,1702.5,yes,no,unknown,12,may,396,3,-1,0,unknown,no
51,management,married,tertiary,no,0.0,yes,no,cellular,18,nov,897,3,-1,0,unknown,yes
42,retired,single,tertiary,no,202.5,yes,yes,cellular,18,nov,67,1,-1,0,unknown,no
56,technician,married,tertiary,no,6264.0,yes,no,unknown,12,jun,153,6,-1,0,unknown,no
81,retired,married,primary,no,3900.0,no,no,cellular,7,aug,212,1,-1,0,unknown,yes
47,retired,divorced,secondary,no,339.0,no,yes,cellular,19,nov,380,2,167,3,other,no
44,technician,married,secondary,no,985.5,no,no,cellular,5,jun,263,2,-1,0,unknown,no
40,management,single,tertiary,no,6478.5,yes,no,cellular,19,nov,144,1,-1,0,unknown,no
63,retired,married,secondary,no,327.0,yes,no,cellular,12,may,27,6,344,12,failure,no
44,housemaid,married,secondary,no,397.5,no,no,cellular,6,aug,329,2,-1,0,unknown,no
41,management,married,tertiary,no,1098.0,yes,no,cellular,29,jan,542,1,241,1,failure,no
69,technician,divorced,secondary,no,-444.0,no,yes,cellular,29,jan,34,1,-1,0,unknown,no
69,management,divorced,tertiary,no,25584.0,yes,no,cellular,20,nov,470,2,-1,0,unknown,no
36,technician,married,secondary,no,70.5,yes,no,unknown,9,may,282,2,-1,0,unknown,no
58,technician,married,secondary,yes,0.0,no,no,unknown,30,may,682,1,-1,0,unknown,yes
36,blue-collar,single,secondary,no,3.0,yes,no,cellular,7,may,223,1,-1,0,unknown,no
46,technician,single,secondary,no,216.0,no,no,cellular,26,may,87,1,308,2,failure,no
56,admin.,divorced,secondary,no,147.0,yes,yes,cellular,12,may,91,1,-1,0,unknown,no
35,blue-collar,married,secondary,no,-432.0,no,yes,cellular,30,jul,311,4,-1,0,unknown,no
37,self-employed,single,tertiary,no,840.0,no,no,telephone,3,sep,543,9,465,2,failure,no
49,services,divorced,secondary,no,63.0,no,no,cellular,31,jul,75,2,-1,0,unknown,no
70,retired,married,secondary,no,2286.0,no,no,unknown,18,jun,173,1,-1,0,unknown,no
49,retired,married,primary,no,2769.0,no,no,cellular,5,feb,306,5,-1,0,unknown,no
45,admin.,single,secondary,no,-24.0,no,yes,cellular,28,jul,108,3,-1,0,unknown,no
48,technician,married,secondary,no,426.0,yes,no,unknown,6,may,483,1,-1,0,unknown,no
41,management,single,tertiary,no,0.0,yes,yes,cellular,14,may,117,3,352,3,failure,no
68,retired,married,tertiary,no,1369.5,no,yes,cellular,8,jul,326,6,-1,0,unknown,no
61,management,married,primary,no,9447.0,yes,no,unknown,20,jun,14,3,-1,0,unknown,no
40,retired,single,secondary,no,-91.5,no,no,cellular,29,jan,111,2,196,1,failure,no
40,entrepreneur,married,primary,no,742.5,yes,no,cellular,17,apr,384,2,-1,0,unknown,no
45,retired,married,secondary,no,0.0,yes,no,cellular,6,apr,139,1,-1,0,unknown,no
49,admin.,divorced,secondary,no,1633.5,yes,no,cellular,14,may,128,1,-1,0,unknown,no
60,management,divorced,secondary,no,2574.0,yes,no,unknown,6,may,82,1,-1,0,unknown,no
40,blue-collar,married,secondary,no,37.5,yes,no,cellular,13,may,51,1,-1,0,unknown,no
38,blue-collar,married,secondary,no,-705.0,yes,no,cellular,7,may,275,2,-1,0,unknown,no
52,technician,single,secondary,no,37.5,yes,no,cellular,21,aug,148,1,-1,0,unknown,no
55,management,married,tertiary,no,0.0,no,no,cellular,20,aug,71,2,-1,0,unknown,no
36,services,single,tertiary,no,18.0,no,no,cellular,14,jun,563,1,181,10,failure,yes
49,admin.,single,secondary,no,52.5,no,no,unknown,11,jun,242,1,-1,0,unknown,no
43,services,married,secondary,no,-499.5,yes,no,cellular,30,jul,329,5,-1,0,unknown,no
60,management,married,primary,no,469.5,no,no,telephone,14,oct,958,1,-1,0,unknown,yes
54,retired,married,secondary,no,5149.5,yes,no,unknown,2,jun,548,8,-1,0,unknown,no
43,technician,single,tertiary,no,3246.0,yes,no,cellular,18,may,8,11,-1,0,unknown,no
49,retired,divorced,secondary,no,240.0,yes,no,unknown,30,may,151,2,-1,0,unknown,no
69,retired,married,secondary,no,2011.5,no,no,cellular,27,aug,154,2,97,1,other,no
45,blue-collar,single,secondary,no,-345.0,yes,no,cellular,14,jul,183,3,-1,0,unknown,no
61,entrepreneur,divorced,tertiary,no,6.0,yes,yes,cellular,20,apr,74,5,-1,0,unknown,no
41,blue-collar,married,secondary,no,118.5,yes,yes,cellular,23,jul,235,11,-1,0,unknown,no
50,retired,married,secondary,no,1245.0,yes,no,cellular,13,may,873,3,370,2,failure,yes
61,management,married,tertiary,no,3952.5,no,no,cellular,1,sep,181,1,98,2,failure,yes
69,management,single,tertiary,no,399.0,yes,no,unknown,30,may,147,2,-1,0,unknown,no
67,services,married,primary,no,2844.0,no,no,cellular,29,jul,248,4,-1,0,unknown,no
46,blue-collar,single,secondary,no,0.0,no,no,unknown,19,jun,238,1,-1,0,unknown,no
44,management,married,tertiary,no,94.5,no,no,cellular,8,aug,94,2,-1,0,unknown,no
46,management,married,tertiary,no,669.0,yes,no,telephone,16,jul,174,5,-1,0,unknown,no
50,management,married,secondary,no,1876.5,yes,no,cellular,5,aug,406,1,-1,0,unknown,no
57,management,married,tertiary,no,36468.0,yes,no,cellular,29,jul,187,3,-1,0,unknown,no
60,retired,married,secondary,no,2530.5,no,no,cellular,19,aug,205,5,-1,0,unknown,no
34,student,single,unknown,no,0.0,no,no,cellular,4,may,90,2,-1,0,unknown,no
40,retired,single,tertiary,no,5088.0,yes,no,cellular,17,apr,194,2,-1,0,unknown,no
63,technician,divorced,tertiary,no,3342.0,no,no,cellular,17,nov,890,1,-1,0,unknown,yes
48,entrepreneur,single,tertiary,yes,0.0,yes,no,cellular,18,nov,120,1,-1,0,unknown,no
48,retired,single,tertiary,no,2556.0,no,no,cellular,1,sep,222,1,-1,0,unknown,no
50,services,divorced,secondary,no,196.5,yes,no,cellular,14,may,102,3,-1,0,unknown,no
50,services,single,secondary,no,1105.5,yes,no,unknown,12,may,117,2,-1,0,unknown,no
46,blue-collar,married,secondary,no,2556.0,no,no,unknown,11,jun,179,4,-1,0,unknown,no
52,services,married,secondary,no,699.0,yes,no,cellular,15,may,123,3,-1,0,unknown,no
52,management,married,tertiary,no,0.0,no,no,unknown,20,may,66,12,-1,0,unknown,no
90,retired,married,secondary,no,2415.0,no,no,cellular,12,aug,71,1,-1,0,unknown,no
47,services,married,secondary,no,784.5,yes,no,telephone,19,nov,21,1,-1,0,unknown,no
86,retired,married,primary,no,244.5,no,no,telephone,13,oct,120,1,-1,0,unknown,no
71,retired,divorced,secondary,no,1314.0,no,no,cellular,17,apr,40,9,-1,0,unknown,no
61,management,single,tertiary,no,9765.0,no,no,unknown,15,may,30,1,-1,0,unknown,no
37,technician,single,secondary,no,27.0,no,no,cellular,29,jan,107,3,-1,0,unknown,no
50,services,married,secondary,no,2532.0,no,no,unknown,16,may,93,1,-1,0,unknown,no
56,admin.,single,unknown,no,3409.5,no,no,cellular,14,jul,187,3,-1,0,unknown,no
50,admin.,married,secondary,no,784.5,yes,yes,unknown,8,may,598,3,-1,0,unknown,no
53,technician,married,secondary,no,-390.0,yes,no,cellular,11,jul,183,2,-1,0,unknown,no
59,technician,married,secondary,no,618.0,no,no,cellular,19,aug,1293,8,-1,0,unknown,yes
63,retired,married,secondary,no,57.0,yes,no,cellular,17,nov,89,1,-1,0,unknown,no
33,services,single,secondary,no,1449.0,yes,no,unknown,4,jun,83,2,-1,0,unknown,no
51,blue-collar,married,secondary,no,-22.5,yes,no,unknown,7,may,169,2,-1,0,unknown,no
52,admin.,divorced,secondary,no,1614.0,yes,no,unknown,14,may,213,1,-1,0,unknown,no
48,services,married,secondary,no,423.0,no,no,cellular,15,jan,360,3,-1,0,unknown,no
63,management,married,secondary,no,0.0,yes,yes,cellular,22,jul,59,1,-1,0,unknown,no
44,housemaid,married,secondary,no,780.0,yes,no,cellular,3,feb,22,6,-1,0,unknown,no
40,blue-collar,married,primary,no,-504.0,no,no,cellular,10,jul,128,6,-1,0,unknown,no
56,self-employed,married,secondary,no,0.0,no,yes,telephone,25,jul,150,2,-1,0,unknown,no
50,retired,married,secondary,no,27.0,yes,no,cellular,5,feb,166,1,8,2,other,no
48,blue-collar,married,secondary,no,0.0,no,no,cellular,20,nov,266,3,-1,0,unknown,no
32,student,single,secondary,no,106.5,no,no,cellular,13,jul,337,1,181,2,success,yes
40,services,single,tertiary,no,1204.5,no,no,cellular,30,apr,243,1,-1,0,unknown,no
46,retired,married,tertiary,no,3775.5,no,no,unknown,11,jun,117,2,-1,0,unknown,no
49,housemaid,married,primary,no,51.0,yes,no,cellular,14,jul,377,3,-1,0,unknown,no
41,retired,single,tertiary,no,61.5,yes,no,cellular,18,aug,392,2,-1,0,unknown,no
56,management,married,tertiary,no,-886.5,no,no,cellular,9,jul,126,1,-1,0,unknown,no
35,admin.,married,secondary,no,363.0,yes,no,cellular,30,jul,62,12,-1,0,unknown,no
45,blue-collar,married,secondary,no,180.0,yes,no,cellular,14,apr,269,3,328,1,failure,no
48,services,divorced,primary,no,282.0,no,no,unknown,11,jun,597,10,-1,0,unknown,no
72,retired,married,secondary,no,4.5,no,no,cellular,4,aug,151,1,-1,0,unknown,no
70,retired,divorced,secondary,no,1402.5,no,no,cellular,31,jul,8,17,-1,0,unknown,no
52,admin.,single,tertiary,no,252.0,yes,no,cellular,17,jul,295,1,-1,0,unknown,no
55,self-employed,married,secondary,no,943.5,no,no,cellular,4,aug,165,2,-1,0,unknown,no
41,retired,married,tertiary,no,196.5,no,no,cellular,18,feb,332,2,-1,0,unknown,yes
46,blue-collar,divorced,unknown,no,0.0,yes,no,unknown,9,may,377,1,-1,0,unknown,no
41,technician,married,tertiary,no,5007.0,yes,no,cellular,27,sep,162,2,95,4,failure,no
67,entrepreneur,married,unknown,no,985.5,no,no,unknown,12,jun,344,1,-1,0,unknown,no
42,technician,single,secondary,no,454.5,no,no,cellular,14,aug,390,3,-1,0,unknown,no
51,admin.,divorced,secondary,no,9069.0,yes,yes,telephone,14,sep,185,2,-1,0,unknown,yes
54,management,divorced,tertiary,no,0.0,no,no,unknown,6,jun,373,1,-1,0,unknown,no
53,blue-collar,married,secondary,no,1537.5,yes,no,cellular,2,jun,106,1,-1,0,unknown,no
42,services,divorced,secondary,no,-51.0,yes,no,cellular,15,may,147,2,-1,0,unknown,no
40,management,single,tertiary,no,29037.0,no,no,cellular,19,nov,258,2,-1,0,unknown,no
48,entrepreneur,married,tertiary,no,10056.0,yes,no,unknown,21,may,205,2,-1,0,unknown,no
70,retired,married,secondary,no,291.0,no,yes,cellular,30,jul,61,5,-1,0,unknown,no
41,management,divorced,tertiary,no,-9.0,no,yes,cellular,22,aug,119,6,-1,0,unknown,no
52,technician,married,tertiary,no,1783.5,no,no,unknown,5,jun,323,3,-1,0,unknown,no
53,entrepreneur,married,tertiary,yes,-375.0,no,no,unknown,5,jun,104,1,-1,0,unknown,no
40,technician,single,tertiary,no,982.5,no,no,cellular,6,oct,384,2,-1,0,unknown,yes
64,blue-collar,married,secondary,no,427.5,yes,yes,telephone,30,jan,63,1,2,5,other,no
61,technician,divorced,secondary,no,0.0,yes,no,unknown,28,may,463,2,-1,0,unknown,no
50,technician,married,secondary,no,163.5,no,no,unknown,20,jun,402,22,-1,0,unknown,no
43,blue-collar,single,secondary,no,714.0,yes,yes,cellular,17,apr,544,3,333,2,failure,no
37,retired,single,secondary,no,130.5,no,no,cellular,8,jul,260,1,-1,0,unknown,no
58,management,married,tertiary,no,5128.5,yes,no,cellular,17,nov,75,1,-1,0,unknown,no
42,retired,married,secondary,no,352.5,yes,no,telephone,28,aug,688,6,-1,0,unknown,no
64,retired,married,secondary,no,5401.5,no,no,telephone,18,aug,238,3,-1,0,unknown,no
37,blue-collar,married,secondary,no,-88.5,no,yes,cellular,8,jul,154,3,-1,0,unknown,no
63,management,married,secondary,no,-396.0,no,yes,cellular,2,feb,150,1,-1,0,unknown,no
42,services,married,secondary,no,5040.0,yes,yes,cellular,7,aug,365,5,-1,0,unknown,no
73,retired,married,secondary,no,3.0,no,no,cellular,4,feb,45,2,93,1,success,no
49,management,single,tertiary,no,0.0,no,no,cellular,25,aug,342,5,-1,0,unknown,no
59,admin.,married,secondary,no,3.0,no,no,cellular,29,jul,246,4,-1,0,unknown,no
44,technician,married,secondary,no,825.0,no,yes,cellular,9,jul,601,1,-1,0,unknown,no
63,entrepreneur,married,unknown,no,29775.0,no,no,cellular,18,nov,52,1,165,1,failure,no
41,retired,single,secondary,no,-40.5,no,no,unknown,4,jul,96,2,-1,0,unknown,no
44,management,single,tertiary,no,3139.5,no,no,cellular,8,aug,371,6,-1,0,unknown,no
38,blue-collar,married,primary,no,48.0,yes,no,unknown,27,may,218,1,-1,0,unknown,no
48,technician,single,tertiary,no,154.5,no,no,cellular,19,aug,490,4,-1,0,unknown,no
39,self-employed,married,tertiary,no,1.5,no,no,cellular,18,jul,167,3,-1,0,unknown,no
65,entrepreneur,married,secondary,no,1221.0,no,yes,cellular,28,jul,69,12,-1,0,unknown,no
70,technician,married,secondary,no,388.5,no,no,cellular,6,jul,396,1,386,2,success,yes
65,technician,single,secondary,no,1798.5,no,yes,telephone,11,aug,91,1,99,10,failure,no
44,technician,divorced,secondary,no,1660.5,yes,yes,unknown,7,may,345,1,-1,0,unknown,no
62,technician,married,secondary,no,-1.5,no,yes,cellular,31,jul,166,1,-1,0,unknown,no
66,retired,married,secondary,no,3129.0,yes,no,cellular,5,may,159,8,-1,0,unknown,no
56,blue-collar,married,secondary,no,8089.5,yes,no,cellular,20,nov,997,2,-1,0,unknown,no
55,blue-collar,married,primary,no,0.0,no,no,cellular,11,aug,79,6,-1,0,unknown,no
36,unemployed,single,tertiary,no,3255.0,no,no,cellular,3,feb,317,1,-1,0,unknown,no
46,technician,married,secondary,no,783.0,yes,no,cellular,17,jul,185,1,-1,0,unknown,no
45,management,married,secondary,no,2737.5,yes,no,unknown,2,jun,42,1,-1,0,unknown,no
65,technician,married,secondary,no,10437.0,yes,yes,unknown,13,may,178,2,-1,0,unknown,no
46,blue-collar,married,secondary,no,0.0,yes,no,unknown,30,may,54,4,-1,0,unknown,no
45,retired,married,secondary,no,0.0,yes,yes,cellular,13,may,291,8,293,1,failure,no
46,retired,divorced,secondary,no,376.5,no,no,unknown,17,jun,59,6,-1,0,unknown,no
45,management,married,tertiary,no,916.5,no,no,cellular,1,oct,305,2,121,1,success,yes
37,blue-collar,married,secondary,no,1.5,yes,no,cellular,5,may,49,2,-1,0,unknown,no
47,blue-collar,married,secondary,no,-6.0,yes,yes,unknown,29,may,381,1,-1,0,unknown,no
37,technician,single,tertiary,no,4624.5,yes,no,unknown,29,may,244,2,-1,0,unknown,no
45,blue-collar,married,primary,no,0.0,no,no,cellular,21,jul,145,3,-1,0,unknown,no
49,retired,single,tertiary,no,2142.0,yes,no,cellular,6,may,278,1,-1,0,unknown,no
55,services,single,secondary,no,106.5,yes,no,cellular,17,jul,479,1,-1,0,unknown,no
44,blue-collar,married,secondary,no,1284.0,yes,no,cellular,20,apr,470,1,150,5,other,no
69,admin.,married,secondary,no,2209.5,no,no,telephone,20,nov,106,1,-1,0,unknown,no
51,services,married,secondary,no,669.0,yes,no,cellular,7,apr,93,3,140,2,failure,no
44,technician,single,secondary,no,303.0,yes,no,cellular,21,aug,114,2,-1,0,unknown,no
46,blue-collar,single,primary,no,135.0,yes,no,cellular,18,may,50,2,360,1,failure,no
58,technician,married,tertiary,no,24.0,no,no,cellular,29,aug,77,2,-1,0,unknown,no
67,services,married,secondary,no,79.5,no,no,cellular,6,aug,86,2,-1,0,unknown,no
69,retired,married,secondary,no,0.0,no,no,telephone,3,feb,722,1,99,4,failure,no
48,management,divorced,secondary,no,3096.0,yes,no,cellular,11,may,296,1,-1,0,unknown,no
48,retired,married,tertiary,no,2982.0,yes,no,cellular,4,jun,422,1,79,4,other,no
37,housemaid,married,secondary,no,7272.0,yes,yes,telephone,23,jul,82,3,-1,0,unknown,no
44,retired,married,secondary,no,4678.5,yes,no,cellular,20,nov,505,1,183,4,failure,no
66,technician,married,unknown,no,126.0,yes,no,cellular,13,may,65,2,370,1,failure,no
43,blue-collar,divorced,secondary,no,-357.0,yes,no,unknown,13,may,73,2,-1,0,unknown,no
48,technician,divorced,secondary,no,1353.0,yes,no,cellular,14,aug,108,1,102,4,success,no
92,retired,married,secondary,no,414.0,no,no,telephone,17,aug,199,1,-1,0,unknown,yes
49,management,married,secondary,no,9018.0,no,no,telephone,23,jul,383,2,-1,0,unknown,no
71,technician,married,secondary,no,9576.0,no,no,cellular,16,oct,55,2,-1,0,unknown,no
65,blue-collar,married,primary,no,123.0,yes,no,unknown,8,may,292,2,-1,0,unknown,no
44,blue-collar,married,secondary,no,1212.0,yes,yes,cellular,17,jul,20,3,-1,0,unknown,no
54,retired,married,tertiary,no,1719.0,no,no,cellular,4,jul,178,2,-1,0,unknown,no
45,retired,single,tertiary,no,46.5,yes,no,cellular,14,jul,124,3,-1,0,unknown,no
46,admin.,single,secondary,no,0.0,yes,no,cellular,14,jul,80,2,-1,0,unknown,no
42,services,married,primary,no,295.5,yes,no,cellular,29,jul,313,6,-1,0,unknown,no
56,services,married,primary,no,655.5,yes,no,cellular,13,may,546,3,-1,0,unknown,yes
40,unemployed,single,tertiary,no,694.5,no,no,cellular,22,aug,374,4,-1,0,unknown,no
65,technician,married,secondary,no,1434.0,yes,yes,cellular,5,feb,116,4,-1,0,unknown,no
43,blue-collar,married,secondary,no,15.0,yes,yes,unknown,20,may,107,1,-1,0,unknown,no
34,retired,single,secondary,no,342.0,no,no,cellular,2,jun,154,1,-1,0,unknown,no
60,technician,married,secondary,no,-235.5,yes,no,unknown,27,may,353,3,-1,0,unknown,no
64,retired,single,tertiary,no,0.0,no,no,telephone,5,jun,133,4,-1,0,unknown,no
62,entrepreneur,married,secondary,no,495.0,no,yes,cellular,4,feb,228,1,-1,0,unknown,no
52,technician,single,secondary,no,1555.5,yes,no,unknown,30,may,231,2,-1,0,unknown,no
49,blue-collar,married,primary,no,78.0,no,no,cellular,13,aug,69,1,-1,0,unknown,no
43,housemaid,single,tertiary,no,1882.5,no,no,cellular,29,aug,511,4,-1,0,unknown,no
60,retired,divorced,secondary,no,-604.5,no,yes,cellular,17,nov,130,2,119,2,failure,no
37,self-employed,single,tertiary,no,1455.0,yes,no,cellular,13,feb,55,2,-1,0,unknown,no
56,services,single,secondary,no,583.5,no,no,telephone,31,jul,46,4,-1,0,unknown,no
42,blue-collar,married,secondary,no,193.5,yes,no,cellular,29,jul,119,7,-1,0,unknown,no
44,blue-collar,married,secondary,no,424.5,no,yes,unknown,6,may,199,1,-1,0,unknown,no
54,technician,single,unknown,no,117.0,yes,no,unknown,6,may,13,6,-1,0,unknown,no
72,retired,married,secondary,no,1626.0,no,no,cellular,14,apr,505,1,-1,0,unknown,yes
58,admin.,married,primary,no,4.5,yes,no,cellular,3,feb,69,1,252,4,failure,no
63,retired,single,secondary,no,93.0,yes,no,unknown,30,may,1044,5,-1,0,unknown,yes
45,technician,divorced,secondary,no,709.5,yes,yes,unknown,26,may,434,4,-1,0,unknown,no
47,blue-collar,married,primary,no,430.5,yes,no,telephone,20,apr,73,3,325,3,failure,no
57,admin.,married,secondary,no,-367.5,yes,no,cellular,17,apr,91,1,-1,0,unknown,no
63,housemaid,married,primary,yes,1417.5,no,no,cellular,29,jan,82,2,-1,0,unknown,no
62,housemaid,married,primary,no,0.0,no,yes,cellular,9,jul,266,1,-1,0,unknown,no
54,retired,divorced,tertiary,no,1402.5,no,no,cellular,11,aug,70,5,-1,0,unknown,no
43,management,married,tertiary,no,678.0,yes,no,cellular,29,aug,168,2,-1,0,unknown,no
44,admin.,married,secondary,no,2533.5,no,no,unknown,20,may,423,1,-1,0,unknown,no
55,technician,married,secondary,no,5238.0,yes,yes,unknown,20,jun,46,4,-1,0,unknown,no
44,services,divorced,secondary,no,40.5,yes,no,cellular,6,may,192,1,-1,0,unknown,no
44,retired,married,secondary,no,597.0,yes,no,cellular,3,jun,161,2,-1,0,unknown,no
64,retired,married,primary,no,-328.5,yes,no,unknown,15,may,276,4,-1,0,unknown,no
58,retired,married,secondary,no,-57.0,yes,no,cellular,13,may,331,3,-1,0,unknown,no
66,blue-collar,married,secondary,no,1321.5,yes,no,unknown,14,may,225,2,-1,0,unknown,no
63,blue-collar,married,secondary,no,900.0,yes,no,unknown,14,may,139,1,-1,0,unknown,no
50,blue-collar,married,secondary,no,2331.0,yes,no,cellular,9,apr,385,2,331,1,failure,no
49,admin.,married,secondary,no,238.5,no,no,cellular,19,nov,177,1,-1,0,unknown,no
68,housemaid,married,secondary,no,294.0,no,yes,cellular,27,may,110,3,-1,0,unknown,no
48,blue-collar,married,secondary,no,2440.5,no,no,unknown,16,jun,1323,9,-1,0,unknown,yes
39,technician,married,secondary,no,12.0,no,no,unknown,7,may,113,1,-1,0,unknown,no
44,admin.,married,tertiary,no,15.0,no,no,cellular,22,may,81,1,-1,0,unknown,no
45,technician,married,secondary,no,1174.5,yes,no,cellular,16,apr,772,4,-1,0,unknown,no
54,management,married,tertiary,no,711.0,yes,yes,unknown,14,may,183,4,-1,0,unknown,no
49,retired,single,secondary,no,489.0,yes,no,unknown,27,may,115,1,-1,0,unknown,no
35,retired,single,tertiary,no,1.5,yes,no,cellular,13,may,9,5,-1,0,unknown,no
40,blue-collar,married,primary,no,895.5,yes,no,unknown,23,may,190,1,-1,0,unknown,no
51,blue-collar,married,secondary,no,712.5,yes,no,telephone,17,apr,254,1,-1,0,unknown,no
64,management,married,tertiary,no,25264.5,no,no,unknown,11,jun,116,1,-1,0,unknown,no
58,management,single,tertiary,no,0.0,yes,yes,cellular,8,may,76,1,-1,0,unknown,no
48,management,married,tertiary,no,1143.0,yes,no,unknown,12,may,163,2,-1,0,unknown,no
62,admin.,married,secondary,no,8275.5,yes,yes,cellular,29,jul,163,2,-1,0,unknown,no
51,management,married,tertiary,no,0.0,no,yes,cellular,16,jul,211,2,-1,0,unknown,no
58,technician,married,tertiary,no,972.0,no,no,cellular,14,aug,85,2,-1,0,unknown,no
64,management,married,tertiary,no,12442.5,no,no,cellular,2,oct,849,2,119,1,success,yes
42,blue-collar,married,secondary,no,385.5,yes,yes,cellular,29,jan,74,1,239,1,other,no
50,management,married,primary,no,1107.0,yes,yes,cellular,2,apr,399,2,258,3,failure,no
42,technician,single,tertiary,no,948.0,no,yes,cellular,6,aug,103,2,-1,0,unknown,no
43,management,single,tertiary,no,8155.5,no,no,cellular,2,feb,78,1,-1,0,unknown,no
65,admin.,married,secondary,no,12456.0,no,no,cellular,1,sep,193,1,92,1,success,yes
61,blue-collar,married,primary,no,1524.0,yes,no,cellular,20,apr,78,1,-1,0,unknown,no
49,retired,married,secondary,no,1563.0,yes,no,unknown,8,may,58,2,-1,0,unknown,no
44,management,single,tertiary,no,1449.0,yes,no,cellular,12,aug,204,3,-1,0,unknown,no
45,self-employed,married,tertiary,no,273.0,no,yes,unknown,5,jun,379,1,-1,0,unknown,no
41,student,single,unknown,no,960.0,no,no,cellular,3,feb,92,1,-1,0,unknown,no
76,unknown,divorced,unknown,no,2989.5,yes,no,cellular,6,jul,117,4,-1,0,unknown,no
53,housemaid,married,secondary,no,141.0,no,no,cellular,23,jul,35,9,-1,0,unknown,no
48,self-employed,married,tertiary,no,3126.0,yes,no,cellular,16,apr,71,2,330,2,failure,no
64,management,married,secondary,no,4039.5,no,no,cellular,22,mar,222,1,188,6,other,yes
62,retired,married,primary,no,201.0,yes,no,cellular,24,jul,81,3,-1,0,unknown,no
47,housemaid,single,secondary,no,697.5,yes,no,cellular,18,may,899,3,-1,0,unknown,yes
62,admin.,married,secondary,no,1039.5,no,no,unknown,12,jun,271,1,-1,0,unknown,no
65,blue-collar,married,secondary,no,3015.0,no,no,unknown,19,jun,446,1,-1,0,unknown,no
59,blue-collar,single,secondary,no,-550.5,yes,no,cellular,2,feb,98,1,207,1,failure,no
50,services,married,secondary,no,8710.5,yes,no,unknown,20,jun,98,1,-1,0,unknown,no
40,admin.,single,secondary,no,382.5,no,no,cellular,27,jan,143,1,-1,0,unknown,yes
54,blue-collar,married,secondary,no,4590.0,yes,no,cellular,20,nov,113,1,189,2,failure,no
68,services,married,secondary,no,7630.5,no,no,unknown,19,jun,135,1,-1,0,unknown,no
45,retired,married,secondary,no,2319.0,yes,no,cellular,13,may,156,1,174,4,failure,no
40,retired,married,secondary,no,120.0,yes,no,unknown,8,may,185,2,-1,0,unknown,no
38,self-employed,single,tertiary,no,1207.5,no,no,cellular,26,may,69,1,99,1,success,no
50,services,married,secondary,no,0.0,no,no,unknown,12,jun,543,2,-1,0,unknown,no
51,services,married,secondary,no,144.0,yes,no,unknown,30,may,136,2,-1,0,unknown,no
57,admin.,single,tertiary,no,1788.0,yes,no,unknown,15,may,217,2,-1,0,unknown,no
39,retired,single,secondary,no,-439.5,no,yes,cellular,10,jul,150,1,-1,0,unknown,no
59,management,married,unknown,no,574.5,yes,no,unknown,23,may,290,3,-1,0,unknown,no
65,blue-collar,married,secondary,no,318.0,yes,no,unknown,19,may,324,2,-1,0,unknown,no
57,services,married,secondary,no,976.5,no,yes,cellular,16,jul,325,2,-1,0,unknown,no
56,technician,single,secondary,no,222.0,yes,no,unknown,13,may,210,1,-1,0,unknown,no
39,management,married,tertiary,no,1533.0,yes,no,cellular,24,jul,408,1,-1,0,unknown,no
35,blue-collar,married,secondary,no,-459.0,yes,no,unknown,20,jun,534,3,-1,0,unknown,no
47,management,divorced,secondary,no,1930.5,yes,no,cellular,14,may,432,1,-1,0,unknown,no
43,admin.,single,secondary,no,2145.0,yes,no,cellular,18,may,74,3,349,2,other,no
72,retired,married,secondary,no,2242.5,no,no,cellular,2,feb,265,1,-1,0,unknown,yes
54,management,married,unknown,no,4473.0,no,no,unknown,16,jun,55,2,-1,0,unknown,no
66,management,divorced,tertiary,no,-88.5,no,yes,cellular,28,jul,127,6,-1,0,unknown,no
44,technician,married,secondary,no,49.5,no,no,cellular,28,aug,259,1,-1,0,unknown,no
48,management,married,tertiary,no,159.0,no,no,cellular,2,feb,124,1,-1,0,unknown,no
39,blue-collar,married,secondary,no,537.0,no,no,cellular,21,jul,88,5,-1,0,unknown,no
39,self-employed,single,tertiary,no,24.0,yes,no,unknown,6,may,43,1,-1,0,unknown,no
52,retired,married,tertiary,no,4557.0,no,no,cellular,18,aug,693,7,-1,0,unknown,no
44,management,married,secondary,no,0.0,no,no,cellular,2,feb,270,1,-1,0,unknown,no
51,retired,single,tertiary,no,2469.0,yes,no,cellular,5,may,258,1,90,7,success,yes
43,technician,single,secondary,no,1171.5,yes,no,cellular,3,jun,266,1,27,1,failure,no
42,technician,married,secondary,no,1362.0,yes,no,unknown,20,may,64,1,-1,0,unknown,no
68,retired,divorced,secondary,no,-555.0,no,no,cellular,17,nov,1449,1,-1,0,unknown,no
60,management,married,tertiary,no,457.5,yes,no,telephone,14,jul,111,3,-1,0,unknown,no
48,blue-collar,married,secondary,no,418.5,yes,no,cellular,11,may,379,3,-1,0,unknown,no
70,retired,married,secondary,no,135.0,yes,no,cellular,25,jul,41,3,-1,0,unknown,no
53,management,divorced,secondary,no,0.0,no,no,cellular,7,jul,75,3,-1,0,unknown,no
50,unemployed,married,secondary,no,5145.0,yes,no,cellular,20,nov,1855,3,-1,0,unknown,no
42,technician,single,secondary,no,-34.5,no,yes,cellular,7,aug,152,5,-1,0,unknown,no
51,technician,married,secondary,no,1068.0,no,no,cellular,19,aug,409,2,-1,0,unknown,no
38,services,single,tertiary,no,192.0,no,no,cellular,27,may,460,1,414,1,failure,yes
68,self-employed,married,secondary,no,2110.5,yes,no,unknown,30,may,58,1,-1,0,unknown,no
41,self-employed,single,unknown,no,10677.0,yes,no,cellular,19,nov,210,1,168,2,other,no
47,blue-collar,married,primary,no,0.0,yes,no,unknown,5,may,79,1,-1,0,unknown,no
44,blue-collar,single,secondary,no,20524.5,yes,no,cellular,20,apr,92,3,321,3,failure,no
63,blue-collar,divorced,secondary,no,775.5,yes,no,unknown,18,jun,188,2,-1,0,unknown,no
60,blue-collar,divorced,primary,no,201.0,no,no,unknown,8,may,263,2,-1,0,unknown,no
59,retired,married,primary,no,400.5,yes,no,unknown,16,may,198,5,-1,0,unknown,no
44,blue-collar,single,tertiary,no,1516.5,yes,no,unknown,6,may,136,1,-1,0,unknown,no
68,management,married,tertiary,no,8913.0,no,no,cellular,12,aug,64,2,-1,0,unknown,no
44,retired,single,secondary,no,2556.0,yes,no,unknown,15,may,218,2,-1,0,unknown,no
51,services,married,secondary,no,6424.5,yes,no,unknown,12,jun,112,1,-1,0,unknown,no
51,housemaid,divorced,secondary,no,955.5,yes,yes,unknown,11,jun,678,4,-1,0,unknown,no
41,management,single,tertiary,no,2304.0,no,no,cellular,22,aug,234,2,-1,0,unknown,no
41,retired,single,secondary,no,324.0,yes,no,unknown,9,may,128,1,-1,0,unknown,no
53,technician,married,secondary,no,0.0,yes,no,cellular,11,jul,154,2,-1,0,unknown,no
49,technician,single,tertiary,no,2511.0,no,no,cellular,15,may,12,10,178,1,failure,no
46,retired,married,tertiary,no,886.5,yes,no,cellular,25,aug,109,5,-1,0,unknown,no
63,self-employed,divorced,secondary,no,12168.0,yes,yes,cellular,20,nov,64,1,-1,0,unknown,no
61,management,married,tertiary,no,1218.0,no,no,telephone,2,jul,248,3,-1,0,unknown,no
50,technician,married,secondary,no,63.0,no,no,cellular,13,aug,1842,2,-1,0,unknown,yes
65,services,married,secondary,no,0.0,no,no,cellular,7,may,110,1,-1,0,unknown,no
44,management,married,tertiary,no,94.5,no,no,cellular,18,nov,83,1,102,2,failure,no
52,technician,married,secondary,no,-1965.0,yes,yes,unknown,28,may,162,1,-1,0,unknown,no
36,student,single,secondary,no,70.5,yes,no,cellular,6,may,273,4,-1,0,unknown,no
43,admin.,single,secondary,no,651.0,yes,no,unknown,20,may,351,1,-1,0,unknown,no
52,unemployed,married,secondary,no,0.0,yes,no,cellular,13,may,74,3,-1,0,unknown,no
57,technician,married,secondary,no,1368.0,no,no,cellular,21,nov,1036,2,-1,0,unknown,no
50,retired,married,secondary,no,328.5,yes,no,cellular,17,nov,204,2,196,1,failure,no
60,technician,divorced,tertiary,no,259.5,no,yes,unknown,5,may,98,1,-1,0,unknown,no
37,retired,divorced,secondary,no,2965.5,yes,no,cellular,22,may,449,1,-1,0,unknown,yes
45,technician,married,tertiary,no,3282.0,yes,no,unknown,3,jun,680,2,-1,0,unknown,no
41,blue-collar,single,primary,no,453.0,yes,no,cellular,23,jul,40,8,-1,0,unknown,no
48,management,married,tertiary,no,3822.0,yes,no,unknown,30,may,60,1,-1,0,unknown,no
35,retired,single,tertiary,no,1140.0,yes,no,cellular,27,may,223,3,89,2,failure,yes
47,blue-collar,married,secondary,no,-124.5,yes,no,cellular,18,may,179,4,-1,0,unknown,no
56,retired,married,secondary,no,0.0,no,yes,cellular,18,jul,115,1,-1,0,unknown,no
45,management,married,tertiary,no,2419.5,yes,no,cellular,18,nov,95,1,-1,0,unknown,no
46,blue-collar,married,secondary,no,430.5,yes,no,unknown,30,may,157,3,-1,0,unknown,no
44,retired,married,tertiary,no,10212.0,yes,no,cellular,21,nov,8,3,-1,0,unknown,no
62,services,divorced,secondary,no,-85.5,no,no,cellular,5,feb,140,1,-1,0,unknown,no
35,retired,single,secondary,no,4635.0,no,no,cellular,21,aug,139,1,-1,0,unknown,no
52,retired,married,secondary,no,4816.5,no,no,cellular,19,nov,87,2,111,1,failure,no
52,self-employed,married,secondary,no,8346.0,no,no,cellular,17,nov,560,2,-1,0,unknown,no
63,management,married,tertiary,no,1521.0,no,yes,cellular,19,nov,59,2,-1,0,unknown,no
55,blue-collar,married,primary,no,1299.0,no,no,unknown,17,jun,319,8,-1,0,unknown,no
56,retired,married,tertiary,no,409.5,yes,no,cellular,15,sep,1962,1,105,3,failure,yes
31,student,single,secondary,no,835.5,no,no,cellular,31,aug,197,2,-1,0,unknown,no
44,retired,single,tertiary,no,216.0,yes,yes,cellular,14,oct,104,1,85,19,failure,no
66,entrepreneur,divorced,primary,no,4.5,no,no,unknown,20,jun,111,1,-1,0,unknown,no
55,technician,divorced,secondary,no,8793.0,yes,no,cellular,18,nov,352,1,110,3,other,no
36,management,single,tertiary,no,171.0,yes,no,cellular,7,may,457,1,-1,0,unknown,yes
40,services,single,secondary,no,-1257.0,yes,no,unknown,21,may,142,2,-1,0,unknown,no
48,services,married,secondary,no,4747.5,yes,no,unknown,12,may,152,2,-1,0,unknown,no
70,retired,married,tertiary,no,1269.0,no,no,telephone,26,may,1346,1,-1,0,unknown,yes
41,services,married,secondary,no,757.5,no,no,cellular,11,jul,773,3,-1,0,unknown,no
64,services,divorced,secondary,no,64.5,no,yes,cellular,21,nov,289,1,-1,0,unknown,no
45,technician,single,tertiary,no,1005.0,yes,no,cellular,28,jul,177,18,-1,0,unknown,no
38,management,single,secondary,no,1054.5,yes,no,cellular,15,may,485,1,88,1,other,yes
71,retired,married,secondary,no,429.0,no,no,cellular,7,oct,525,1,-1,0,unknown,no
34,admin.,single,tertiary,no,0.0,yes,no,cellular,7,sep,89,1,103,2,success,no
37,technician,single,tertiary,no,589.5,no,no,cellular,1,apr,165,2,-1,0,unknown,yes
62,self-employed,divorced,tertiary,no,15979.5,yes,no,cellular,18,nov,336,1,-1,0,unknown,no
51,management,married,tertiary,no,6535.5,yes,no,unknown,19,may,110,1,-1,0,unknown,no
37,management,single,tertiary,no,327.0,yes,no,cellular,5,may,876,1,-1,0,unknown,no
45,admin.,married,secondary,no,-781.5,no,yes,unknown,9,jun,71,2,-1,0,unknown,no
52,housemaid,married,secondary,no,0.0,no,yes,cellular,11,jul,83,2,-1,0,unknown,no
44,services,married,secondary,no,7444.5,yes,no,cellular,17,apr,208,1,332,2,failure,no
46,management,married,tertiary,no,0.0,yes,no,cellular,5,feb,245,2,8,1,other,no
60,management,married,tertiary,no,6067.5,no,no,unknown,19,jun,167,1,-1,0,unknown,no
58,admin.,married,secondary,no,538.5,yes,no,unknown,7,may,374,1,-1,0,unknown,no
36,management,single,tertiary,no,10260.0,yes,no,unknown,28,may,1560,2,-1,0,unknown,yes
55,services,married,secondary,no,-48.0,no,no,cellular,28,jan,56,2,-1,0,unknown,no
42,self-employed,married,tertiary,no,1821.0,no,no,cellular,11,aug,104,2,-1,0,unknown,no
65,admin.,married,primary,no,478.5,no,no,cellular,21,nov,124,3,-1,0,unknown,no
46,management,married,tertiary,no,-949.5,yes,no,cellular,17,jul,106,1,-1,0,unknown,no
63,self-employed,single,secondary,no,1096.5,no,no,cellular,21,nov,251,2,-1,0,unknown,no
65,management,married,tertiary,no,0.0,yes,yes,cellular,3,sep,187,2,-1,0,unknown,no
51,blue-collar,divorced,secondary,no,3810.0,yes,no,cellular,15,may,82,2,366,1,failure,no
41,entrepreneur,married,tertiary,no,7786.5,no,no,cellular,20,nov,187,2,-1,0,unknown,no
44,admin.,married,secondary,no,1161.0,yes,yes,cellular,14,may,163,1,175,6,other,no
49,retired,married,secondary,no,-240.0,yes,no,unknown,11,jun,203,4,-1,0,unknown,no
51,admin.,divorced,secondary,no,3825.0,yes,no,cellular,15,may,894,2,347,2,failure,no
58,technician,divorced,secondary,no,727.5,yes,no,cellular,23,jul,84,2,-1,0,unknown,no
51,management,married,tertiary,no,8824.5,no,no,cellular,20,nov,182,2,-1,0,unknown,no
51,blue-collar,married,secondary,no,3877.5,no,no,telephone,20,nov,159,2,-1,0,unknown,no
39,management,single,tertiary,no,178.5,yes,no,unknown,28,may,136,2,-1,0,unknown,no
56,blue-collar,married,secondary,no,1033.5,no,no,cellular,18,aug,121,7,-1,0,unknown,no
42,blue-collar,married,secondary,no,450.0,no,no,cellular,6,feb,166,2,-1,0,unknown,no
53,management,married,primary,no,12250.5,yes,no,telephone,19,nov,202,2,184,2,failure,no
40,retired,single,secondary,no,6972.0,yes,no,unknown,20,may,37,1,-1,0,unknown,no
51,entrepreneur,single,secondary,no,994.5,no,no,cellular,24,jul,1204,1,-1,0,unknown,yes
39,entrepreneur,divorced,tertiary,no,666.0,no,no,cellular,24,jul,54,2,-1,0,unknown,no
47,technician,married,secondary,no,1680.0,yes,no,unknown,30,may,103,5,-1,0,unknown,no
49,management,married,secondary,no,27.0,yes,no,unknown,5,may,85,1,-1,0,unknown,no
64,management,divorced,tertiary,no,1555.5,no,no,cellular,12,aug,612,4,-1,0,unknown,no
47,blue-collar,married,secondary,no,681.0,yes,no,unknown,12,may,115,1,-1,0,unknown,no
42,technician,married,secondary,no,135.0,yes,yes,unknown,6,may,57,2,-1,0,unknown,no
47,services,married,secondary,no,-1509.0,yes,yes,cellular,20,apr,226,2,-1,0,unknown,no
36,retired,single,secondary,no,228.0,no,yes,cellular,29,jan,90,1,-1,0,unknown,no
32,retired,single,primary,no,634.5,no,no,cellular,16,jul,316,1,179,10,success,yes
58,management,married,tertiary,no,7989.0,no,no,cellular,17,nov,116,2,-1,0,unknown,no
43,blue-collar,single,primary,no,649.5,yes,no,cellular,15,may,54,4,-1,0,unknown,no
41,management,single,tertiary,no,2586.0,yes,no,telephone,29,jan,152,2,254,1,failure,no
37,student,single,secondary,no,133.5,yes,no,cellular,14,may,68,3,-1,0,unknown,no
67,housemaid,divorced,secondary,no,4594.5,no,no,unknown,5,jun,21,1,-1,0,unknown,no
46,management,divorced,tertiary,yes,54.0,no,no,cellular,6,aug,836,4,-1,0,unknown,yes
52,housemaid,married,primary,yes,24.0,no,no,unknown,11,jun,79,1,-1,0,unknown,no
41,retired,married,primary,no,1690.5,yes,no,telephone,13,may,43,1,349,1,failure,no
35,technician,single,secondary,no,327.0,yes,yes,cellular,28,jul,110,4,-1,0,unknown,no
44,technician,married,tertiary,no,174.0,no,no,cellular,8,may,413,2,-1,0,unknown,no
42,self-employed,married,tertiary,no,399.0,no,yes,cellular,20,nov,228,1,-1,0,unknown,no
54,services,married,secondary,no,1212.0,yes,no,unknown,2,jun,67,2,-1,0,unknown,no
62,management,married,unknown,no,3360.0,yes,no,unknown,13,may,845,1,-1,0,unknown,yes
42,services,single,secondary,no,16930.5,yes,no,cellular,21,nov,92,7,-1,0,unknown,no
34,retired,single,tertiary,no,1506.0,yes,no,cellular,5,jun,133,1,67,2,failure,no
58,retired,married,primary,no,7759.5,yes,no,unknown,18,jun,88,8,-1,0,unknown,no
41,management,married,tertiary,no,4405.5,yes,no,cellular,4,feb,173,1,-1,0,unknown,no
39,self-employed,single,tertiary,no,982.5,no,no,cellular,23,mar,273,1,-1,0,unknown,yes
37,services,single,secondary,no,3685.5,yes,no,unknown,29,may,123,4,-1,0,unknown,no
35,technician,single,tertiary,no,3309.0,yes,no,cellular,15,jun,114,1,-1,0,unknown,no
36,blue-collar,married,secondary,no,367.5,yes,no,unknown,26,may,16,11,-1,0,unknown,no
42,technician,single,secondary,no,1747.5,no,no,cellular,27,aug,19,23,-1,0,unknown,no
59,retired,married,secondary,no,-871.5,yes,no,unknown,3,jun,123,5,-1,0,unknown,no
55,admin.,married,secondary,no,193.5,yes,no,cellular,2,mar,145,1,-1,0,unknown,no
55,admin.,married,secondary,no,307.5,no,no,cellular,4,may,552,1,90,2,success,yes
45,management,married,tertiary,no,2209.5,yes,yes,cellular,16,apr,176,3,-1,0,unknown,no
48,retired,divorced,secondary,no,0.0,yes,no,cellular,11,may,580,1,173,1,failure,no
41,management,single,tertiary,no,4933.5,no,no,cellular,12,apr,235,1,314,1,failure,no
38,admin.,single,secondary,no,588.0,yes,yes,cellular,4,feb,214,2,259,2,failure,no
48,admin.,married,primary,no,696.0,no,yes,unknown,11,jun,86,2,-1,0,unknown,no
47,entrepreneur,married,tertiary,no,447.0,no,no,cellular,27,aug,183,5,-1,0,unknown,no
46,blue-collar,married,secondary,no,603.0,no,yes,cellular,18,nov,86,2,154,1,failure,no
50,unemployed,married,secondary,no,732.0,yes,no,cellular,31,jul,222,4,-1,0,unknown,no
68,management,divorced,tertiary,no,2359.5,yes,yes,cellular,17,nov,279,1,-1,0,unknown,no
60,admin.,single,secondary,no,8724.0,yes,no,telephone,12,may,217,1,175,2,failure,no
86,housemaid,divorced,primary,no,2116.5,no,no,telephone,19,oct,233,2,187,3,success,yes
43,management,single,tertiary,no,0.0,no,no,cellular,19,aug,53,4,-1,0,unknown,no
48,blue-collar,single,secondary,no,0.0,no,no,cellular,27,jan,240,1,92,4,success,no
59,technician,divorced,secondary,no,7.5,no,no,cellular,19,aug,131,2,-1,0,unknown,no
38,services,single,secondary,no,252.0,yes,no,cellular,7,may,128,1,-1,0,unknown,no
42,services,single,secondary,no,1911.0,yes,no,cellular,7,may,239,2,-1,0,unknown,no
54,services,married,secondary,no,724.5,yes,no,telephone,25,jul,87,1,-1,0,unknown,no
56,technician,single,secondary,no,273.0,no,no,cellular,19,aug,160,4,-1,0,unknown,no
37,technician,single,secondary,no,3645.0,yes,no,unknown,28,may,297,1,-1,0,unknown,no
53,self-employed,single,secondary,no,2005.5,yes,yes,cellular,20,nov,632,2,-1,0,unknown,no
50,management,married,secondary,no,6037.5,yes,no,cellular,15,jul,107,4,-1,0,unknown,no
48,blue-collar,married,secondary,no,7638.0,yes,no,unknown,17,jun,145,6,-1,0,unknown,no
40,retired,single,tertiary,no,636.0,no,no,cellular,16,apr,298,4,-1,0,unknown,yes
39,management,single,tertiary,no,1474.5,yes,no,cellular,11,jul,963,2,-1,0,unknown,yes
41,retired,married,secondary,no,1993.5,yes,yes,unknown,9,may,134,1,-1,0,unknown,no
54,technician,single,secondary,no,1792.5,yes,no,cellular,19,nov,187,6,188,9,failure,no
59,blue-collar,married,secondary,no,1735.5,no,no,cellular,18,aug,91,4,-1,0,unknown,no
62,blue-collar,married,secondary,no,2557.5,no,no,cellular,8,may,334,3,-1,0,unknown,no
55,technician,married,secondary,no,871.5,no,no,cellular,8,aug,156,2,-1,0,unknown,no
62,services,married,secondary,no,3105.0,no,no,telephone,1,apr,74,3,-1,0,unknown,no
40,technician,single,tertiary,no,265.5,no,no,cellular,13,aug,109,3,-1,0,unknown,no
47,blue-collar,married,secondary,no,3118.5,yes,yes,cellular,14,may,299,1,360,2,failure,no
62,management,single,tertiary,no,6.0,no,yes,cellular,28,jul,30,9,-1,0,unknown,no
65,management,married,tertiary,no,1741.5,yes,no,cellular,20,nov,8,6,-1,0,unknown,no
46,management,married,tertiary,no,6.0,no,yes,cellular,29,jul,261,6,-1,0,unknown,no
72,housemaid,married,secondary,no,847.5,no,no,cellular,4,sep,123,3,-1,0,unknown,no
66,retired,married,unknown,no,6934.5,no,no,cellular,25,feb,305,1,192,1,success,yes
48,management,married,tertiary,no,1797.0,yes,no,cellular,2,feb,63,1,-1,0,unknown,no
46,technician,married,tertiary,no,303.0,no,no,cellular,1,oct,237,1,122,2,failure,no
42,blue-collar,married,secondary,no,534.0,yes,no,cellular,8,may,451,3,-1,0,unknown,no
42,unemployed,married,tertiary,no,10.5,yes,no,cellular,30,jul,29,3,-1,0,unknown,no
46,management,single,tertiary,no,0.0,yes,no,unknown,29,may,211,6,-1,0,unknown,no
59,technician,married,secondary,no,5452.5,yes,no,cellular,5,aug,171,2,-1,0,unknown,no
46,management,single,unknown,no,93.0,no,no,cellular,13,apr,398,2,-1,0,unknown,yes
75,retired,married,primary,no,5443.5,no,no,cellular,27,apr,148,1,-1,0,unknown,yes
41,blue-collar,single,secondary,no,1708.5,yes,no,cellular,22,jul,101,1,-1,0,unknown,no
54,admin.,divorced,secondary,no,1107.0,yes,no,cellular,11,may,55,1,171,8,failure,no
56,services,married,secondary,no,6.0,no,no,cellular,30,apr,268,1,261,5,other,yes
53,retired,married,secondary,no,-132.0,yes,yes,cellular,17,apr,313,1,147,2,failure,no
62,admin.,single,secondary,no,5022.0,yes,no,unknown,14,may,407,4,-1,0,unknown,no
49,blue-collar,married,secondary,no,2331.0,yes,no,unknown,13,may,378,1,-1,0,unknown,no
41,technician,single,secondary,no,16.5,yes,no,cellular,21,nov,16,9,-1,0,unknown,no
45,management,single,tertiary,no,375.0,no,no,unknown,19,jun,92,2,-1,0,unknown,no
84,retired,married,tertiary,no,3862.5,no,no,cellular,25,jan,172,2,161,1,failure,no
64,retired,married,secondary,no,1708.5,yes,no,cellular,14,may,155,1,177,7,failure,no
40,management,single,tertiary,no,613.5,yes,no,cellular,14,aug,120,4,-1,0,unknown,no
44,admin.,married,secondary,no,91.5,no,yes,unknown,5,may,21,1,-1,0,unknown,no
57,services,married,secondary,no,-147.0,yes,yes,telephone,13,may,211,1,-1,0,unknown,no
41,retired,married,secondary,no,3.0,yes,no,unknown,20,may,182,2,-1,0,unknown,yes
42,unemployed,single,tertiary,no,1027.5,yes,no,cellular,29,oct,262,1,204,1,other,no
47,blue-collar,married,secondary,no,481.5,yes,no,unknown,7,may,228,2,-1,0,unknown,no
39,retired,married,tertiary,no,6492.0,no,no,cellular,27,apr,121,8,-1,0,unknown,no
51,retired,married,primary,no,1312.5,yes,no,cellular,20,nov,197,1,-1,0,unknown,no
44,blue-collar,single,secondary,no,-108.0,yes,no,cellular,7,jul,273,5,-1,0,unknown,no
50,retired,married,tertiary,no,7713.0,no,no,cellular,13,jan,147,2,224,1,failure,no
46,housemaid,single,secondary,no,1522.5,yes,no,cellular,18,may,1008,1,347,2,success,yes
50,management,single,tertiary,no,256.5,no,no,cellular,19,aug,1241,3,-1,0,unknown,no
66,housemaid,divorced,secondary,no,384.0,no,no,cellular,19,aug,220,5,117,2,other,no
56,retired,married,secondary,no,57.0,no,no,cellular,27,may,181,3,183,1,success,yes
45,housemaid,single,secondary,no,1522.5,yes,no,unknown,5,jun,406,2,-1,0,unknown,yes
42,management,married,tertiary,no,409.5,yes,no,cellular,28,jul,231,10,-1,0,unknown,no
47,admin.,single,secondary,no,7204.5,no,no,cellular,15,jan,396,2,-1,0,unknown,yes
42,retired,single,tertiary,no,0.0,no,no,cellular,21,aug,119,2,-1,0,unknown,no
63,management,divorced,tertiary,no,364.5,yes,no,cellular,7,jul,66,2,-1,0,unknown,no
46,management,married,tertiary,no,4219.5,yes,no,cellular,7,aug,88,3,-1,0,unknown,no
55,admin.,divorced,secondary,no,0.0,yes,no,cellular,17,nov,102,1,-1,0,unknown,no
48,blue-collar,married,unknown,no,0.0,no,no,cellular,22,jul,233,1,-1,0,unknown,no
71,admin.,married,unknown,no,6943.5,yes,no,cellular,29,jul,349,3,183,2,success,yes
42,entrepreneur,married,secondary,no,202.5,yes,no,unknown,7,may,143,2,-1,0,unknown,no
60,retired,divorced,secondary,no,856.5,yes,no,unknown,2,jun,88,4,-1,0,unknown,no
33,student,single,secondary,no,1531.5,no,no,telephone,19,jun,79,9,-1,0,unknown,no
48,management,married,tertiary,no,276.0,no,no,cellular,6,aug,224,2,-1,0,unknown,no
48,technician,single,secondary,no,2566.5,no,no,telephone,30,sep,234,1,-1,0,unknown,yes
43,management,single,tertiary,no,1516.5,yes,no,unknown,12,may,1495,4,-1,0,unknown,no
43,management,married,tertiary,no,169.5,yes,no,cellular,8,may,145,2,172,13,other,no
45,management,single,tertiary,no,888.0,no,yes,unknown,14,may,192,1,-1,0,unknown,no
57,technician,divorced,tertiary,no,12.0,no,no,cellular,29,aug,62,2,-1,0,unknown,no
89,retired,married,secondary,no,12456.0,no,no,telephone,9,mar,303,9,-1,0,unknown,yes
44,technician,married,secondary,no,9486.0,yes,no,cellular,21,jul,190,4,-1,0,unknown,no
29,student,single,primary,no,0.0,no,no,cellular,4,may,72,4,-1,0,unknown,no
44,technician,married,secondary,no,6.0,yes,no,unknown,15,may,644,1,-1,0,unknown,no
65,management,married,tertiary,no,814.5,no,no,cellular,7,aug,61,2,-1,0,unknown,no
47,blue-collar,married,secondary,no,0.0,no,yes,cellular,10,jul,351,2,-1,0,unknown,no
55,management,single,tertiary,no,24.0,no,no,cellular,31,jul,59,2,-1,0,unknown,no
34,admin.,single,secondary,no,-147.0,yes,no,cellular,16,jun,229,1,-1,0,unknown,no
35,student,single,secondary,no,703.5,no,no,cellular,24,feb,524,1,187,2,success,no
49,admin.,single,tertiary,no,33129.0,no,no,cellular,4,jun,160,1,-1,0,unknown,yes
64,management,married,tertiary,no,222.0,no,yes,cellular,24,jul,42,3,-1,0,unknown,no
67,self-employed,married,tertiary,no,4518.0,no,no,telephone,20,nov,98,4,-1,0,unknown,no
60,management,married,primary,no,2187.0,no,no,cellular,28,jan,92,1,-1,0,unknown,no
40,technician,single,secondary,no,172.5,no,no,cellular,13,may,152,1,351,1,failure,no
57,services,married,secondary,no,1740.0,yes,no,cellular,3,feb,117,2,221,4,failure,no
32,admin.,single,secondary,no,49.5,no,no,cellular,12,feb,369,1,-1,0,unknown,yes
38,admin.,single,secondary,no,231.0,yes,no,cellular,15,may,536,1,364,1,other,yes
68,retired,married,secondary,no,561.0,yes,yes,cellular,28,jan,223,1,196,1,failure,no
48,blue-collar,married,secondary,no,6481.5,no,no,cellular,18,may,252,1,85,6,failure,no
70,management,divorced,tertiary,yes,30.0,no,yes,telephone,15,jul,207,3,-1,0,unknown,no
60,management,married,tertiary,yes,-214.5,yes,no,unknown,15,may,305,3,-1,0,unknown,no
64,blue-collar,married,primary,no,1171.5,yes,no,unknown,9,may,103,2,-1,0,unknown,no
47,blue-collar,married,secondary,no,765.0,yes,no,unknown,23,may,122,6,-1,0,unknown,no
65,retired,married,tertiary,no,151.5,yes,no,cellular,9,jul,111,1,-1,0,unknown,no
51,technician,married,secondary,no,372.0,no,no,cellular,20,aug,156,2,-1,0,unknown,no
64,management,married,tertiary,no,0.0,no,yes,cellular,19,nov,307,3,-1,0,unknown,no
45,unemployed,single,secondary,no,1420.5,yes,no,unknown,26,may,140,2,-1,0,unknown,no
43,self-employed,single,tertiary,no,1573.5,no,no,cellular,4,may,126,4,-1,0,unknown,no
45,blue-collar,married,secondary,no,675.0,no,no,cellular,20,nov,95,2,-1,0,unknown,no
39,self-employed,married,tertiary,no,1126.5,yes,no,unknown,23,may,121,2,-1,0,unknown,no
49,admin.,married,secondary,no,-550.5,yes,no,cellular,16,apr,667,2,-1,0,unknown,no
39,technician,single,tertiary,no,4497.0,no,no,unknown,2,jun,479,3,-1,0,unknown,no
45,blue-collar,single,secondary,no,-55.5,yes,yes,unknown,2,jun,276,2,-1,0,unknown,no
48,retired,married,secondary,no,246.0,yes,no,unknown,7,may,309,2,-1,0,unknown,no
37,student,single,secondary,no,379.5,no,no,cellular,25,may,242,2,-1,0,unknown,yes
51,retired,married,secondary,no,870.0,yes,no,cellular,14,may,874,1,363,1,failure,yes
56,technician,married,secondary,no,5151.0,no,yes,cellular,27,feb,115,1,-1,0,unknown,yes
45,retired,married,secondary,no,516.0,yes,no,unknown,20,jun,11,18,-1,0,unknown,no
60,services,married,secondary,no,160.5,yes,no,unknown,9,may,71,4,-1,0,unknown,no
38,blue-collar,married,primary,no,273.0,yes,no,unknown,19,jun,153,1,-1,0,unknown,no
46,unemployed,married,secondary,no,-1308.0,yes,yes,cellular,20,nov,153,1,183,1,failure,no
68,retired,married,primary,no,4453.5,no,no,telephone,30,apr,130,1,-1,0,unknown,no
64,technician,married,tertiary,no,4324.5,yes,yes,unknown,15,may,12,3,-1,0,unknown,no
42,retired,married,secondary,no,562.5,no,no,cellular,20,aug,135,3,-1,0,unknown,no
47,retired,single,secondary,no,8613.0,yes,yes,cellular,30,jan,588,1,-1,0,unknown,no
44,management,single,secondary,no,774.0,yes,no,cellular,28,jul,292,2,-1,0,unknown,no
61,housemaid,divorced,tertiary,no,2419.5,no,no,cellular,4,aug,870,1,-1,0,unknown,yes
41,blue-collar,married,secondary,no,2041.5,yes,no,unknown,20,jun,176,4,-1,0,unknown,no
44,blue-collar,divorced,secondary,no,574.5,yes,no,unknown,13,may,2231,1,-1,0,unknown,yes
48,retired,married,tertiary,no,1531.5,no,no,cellular,20,nov,87,3,-1,0,unknown,no
63,blue-collar,married,primary,no,3202.5,no,no,cellular,4,feb,152,2,-1,0,unknown,no
66,blue-collar,married,primary,no,226.5,no,no,cellular,3,feb,128,1,-1,0,unknown,no
43,blue-collar,single,tertiary,no,685.5,yes,no,cellular,23,jul,107,4,-1,0,unknown,no
42,self-employed,single,secondary,no,303.0,yes,no,cellular,16,apr,827,1,149,1,failure,no
50,housemaid,divorced,secondary,no,162.0,no,no,unknown,9,may,93,1,-1,0,unknown,no
61,blue-collar,married,secondary,no,1296.0,yes,no,cellular,13,may,321,1,-1,0,unknown,no
45,technician,divorced,secondary,no,0.0,yes,no,cellular,21,nov,72,1,-1,0,unknown,no
47,blue-collar,married,secondary,no,1431.0,yes,no,unknown,2,jun,402,9,-1,0,unknown,no
55,self-employed,married,tertiary,no,0.0,yes,no,cellular,17,nov,134,1,-1,0,unknown,no
68,self-employed,divorced,tertiary,no,4.5,yes,yes,unknown,2,jun,129,4,-1,0,unknown,no
51,services,married,secondary,no,0.0,yes,yes,telephone,12,may,125,4,-1,0,unknown,no
43,management,single,tertiary,no,1384.5,yes,no,cellular,19,nov,1307,3,173,6,failure,no
45,blue-collar,married,secondary,no,-25.5,yes,no,unknown,20,jul,7,1,-1,0,unknown,no
70,retired,married,secondary,no,28450.5,yes,no,cellular,29,jan,177,2,-1,0,unknown,yes
39,management,single,tertiary,no,1311.0,yes,no,cellular,16,sep,152,1,103,1,success,yes
47,services,married,secondary,no,699.0,yes,yes,cellular,25,may,377,1,-1,0,unknown,yes
34,admin.,single,secondary,no,1528.5,yes,no,unknown,19,may,99,26,-1,0,unknown,no
41,blue-collar,married,secondary,no,1485.0,yes,yes,cellular,7,may,92,1,-1,0,unknown,no
54,blue-collar,married,secondary,no,564.0,yes,no,cellular,21,nov,61,4,-1,0,unknown,no
61,management,married,tertiary,no,2091.0,yes,no,cellular,5,aug,115,1,-1,0,unknown,no
67,retired,married,secondary,no,-18.0,no,yes,cellular,12,aug,80,8,-1,0,unknown,no
65,management,divorced,tertiary,no,2397.0,no,no,cellular,22,aug,607,4,-1,0,unknown,no
36,retired,single,secondary,no,211.5,no,no,cellular,22,jul,128,1,-1,0,unknown,no
40,management,single,tertiary,no,3184.5,no,no,cellular,11,aug,217,2,-1,0,unknown,no
39,blue-collar,single,primary,no,1425.0,yes,no,unknown,4,jun,135,3,-1,0,unknown,no
45,retired,divorced,tertiary,no,1237.5,yes,no,cellular,17,nov,273,2,-1,0,unknown,no
69,management,married,tertiary,no,5668.5,no,no,cellular,18,aug,93,3,-1,0,unknown,no
48,blue-collar,married,secondary,no,649.5,no,no,cellular,7,jul,116,3,-1,0,unknown,no
40,blue-collar,single,secondary,no,616.5,no,no,cellular,25,may,115,1,-1,0,unknown,no
67,management,divorced,tertiary,no,663.0,no,no,cellular,5,feb,41,1,253,3,failure,no
43,blue-collar,married,primary,no,180.0,yes,no,unknown,9,may,250,1,-1,0,unknown,no
53,blue-collar,married,secondary,no,1056.0,yes,no,telephone,11,may,28,2,306,1,failure,no
53,blue-collar,married,secondary,no,69.0,yes,no,cellular,15,may,38,7,332,6,failure,no
44,technician,married,tertiary,no,34614.0,no,no,cellular,26,may,243,2,35,6,other,yes
60,technician,divorced,secondary,no,0.0,no,no,cellular,29,sep,159,1,120,2,failure,yes
62,blue-collar,divorced,primary,no,-85.5,yes,no,unknown,7,may,114,3,-1,0,unknown,no
44,management,married,tertiary,no,382.5,no,no,cellular,27,aug,78,9,-1,0,unknown,no
46,retired,married,tertiary,no,1663.5,no,no,cellular,13,aug,328,2,-1,0,unknown,no
53,blue-collar,married,secondary,no,735.0,yes,no,cellular,8,may,216,2,368,2,failure,no
39,technician,married,tertiary,no,-1083.0,no,yes,unknown,27,jun,121,4,-1,0,unknown,no
53,management,married,tertiary,no,522.0,no,yes,cellular,15,jul,88,3,-1,0,unknown,no
64,management,married,tertiary,no,2190.0,no,yes,cellular,3,feb,341,3,202,7,other,no
53,blue-collar,married,secondary,no,1051.5,yes,yes,cellular,20,apr,69,1,-1,0,unknown,no
60,technician,married,secondary,no,624.0,yes,no,unknown,5,jun,494,5,-1,0,unknown,yes
68,technician,married,secondary,no,12229.5,yes,no,unknown,21,may,134,5,-1,0,unknown,no
43,admin.,married,secondary,no,91.5,yes,yes,unknown,8,may,116,2,-1,0,unknown,no
40,technician,married,tertiary,no,136.5,no,no,cellular,10,jul,363,2,-1,0,unknown,no
60,entrepreneur,married,secondary,no,0.0,yes,yes,cellular,17,nov,344,1,-1,0,unknown,no
29,student,single,secondary,no,82.5,no,no,telephone,6,oct,89,2,193,1,other,no
49,management,married,tertiary,no,852.0,yes,yes,unknown,30,may,206,3,-1,0,unknown,no
44,admin.,single,secondary,no,1.5,yes,no,cellular,22,jul,483,7,-1,0,unknown,no
67,technician,single,secondary,no,5248.5,yes,no,cellular,20,nov,104,4,175,3,failure,no
46,services,married,secondary,no,2619.0,yes,no,unknown,26,may,99,1,-1,0,unknown,no
42,retired,married,primary,no,4624.5,no,no,cellular,22,jun,271,2,-1,0,unknown,no
40,unemployed,single,primary,no,1.5,no,no,cellular,18,nov,119,2,-1,0,unknown,no
58,blue-collar,married,secondary,no,4512.0,yes,yes,cellular,18,nov,163,1,187,3,failure,no
37,technician,single,secondary,no,876.0,yes,no,unknown,8,may,192,2,-1,0,unknown,no
65,retired,divorced,tertiary,no,1354.5,yes,no,telephone,14,may,536,3,-1,0,unknown,no
42,technician,married,secondary,no,4983.0,yes,no,cellular,20,apr,380,1,74,4,failure,no
43,technician,single,tertiary,no,12070.5,yes,no,cellular,18,may,202,1,263,13,failure,no
66,blue-collar,married,secondary,no,189.0,no,no,cellular,14,may,113,2,-1,0,unknown,no
48,admin.,divorced,secondary,no,297.0,yes,no,unknown,26,may,431,2,-1,0,unknown,yes
61,management,divorced,tertiary,no,106.5,yes,no,cellular,14,aug,178,2,-1,0,unknown,no
53,technician,married,secondary,no,462.0,yes,no,cellular,3,feb,137,3,264,4,other,no
45,admin.,divorced,secondary,no,0.0,no,no,cellular,30,jul,186,6,-1,0,unknown,no
44,admin.,married,secondary,no,0.0,yes,no,telephone,10,jul,38,1,-1,0,unknown,no
39,technician,single,secondary,no,2784.0,yes,yes,cellular,18,may,134,1,-1,0,unknown,no
60,blue-collar,married,secondary,no,97.5,yes,no,telephone,12,may,11,1,-1,0,unknown,no
42,management,single,tertiary,no,391.5,no,no,cellular,9,feb,13,5,-1,0,unknown,no
53,unemployed,married,tertiary,no,-10.5,yes,yes,cellular,29,jul,228,1,-1,0,unknown,no
46,admin.,single,secondary,no,0.0,no,no,cellular,20,apr,637,1,-1,0,unknown,no
36,services,single,secondary,no,73.5,no,no,cellular,30,jan,397,1,-1,0,unknown,no
59,technician,married,tertiary,no,3916.5,no,no,cellular,20,apr,194,2,-1,0,unknown,yes
41,blue-collar,single,secondary,no,-259.5,yes,no,unknown,4,jun,121,2,-1,0,unknown,no
52,retired,single,tertiary,no,6396.0,yes,no,unknown,28,may,882,1,-1,0,unknown,no
59,technician,married,tertiary,no,784.5,yes,no,cellular,3,mar,152,2,-1,0,unknown,yes
40,technician,married,secondary,no,10264.5,no,no,cellular,12,aug,227,1,-1,0,unknown,no
45,retired,single,secondary,no,790.5,no,yes,unknown,2,jul,348,3,-1,0,unknown,no
39,management,single,tertiary,no,138.0,no,no,cellular,2,mar,175,5,-1,0,unknown,yes
59,blue-collar,divorced,primary,no,3393.0,yes,no,unknown,21,may,125,3,-1,0,unknown,no
42,blue-collar,married,secondary,no,1345.5,yes,no,cellular,7,apr,293,3,322,2,failure,no
51,blue-collar,married,secondary,no,573.0,yes,no,telephone,17,apr,218,2,-1,0,unknown,no
41,technician,married,secondary,no,883.5,yes,yes,unknown,21,may,151,1,-1,0,unknown,no
53,self-employed,married,secondary,no,8346.0,no,no,cellular,20,apr,45,5,154,2,failure,no
41,admin.,single,secondary,no,0.0,no,no,unknown,19,may,179,1,-1,0,unknown,no
43,entrepreneur,married,secondary,no,3.0,yes,yes,unknown,5,may,76,1,-1,0,unknown,no
65,blue-collar,married,secondary,no,582.0,no,no,cellular,12,aug,187,2,-1,0,unknown,no
35,blue-collar,single,secondary,no,225.0,yes,no,unknown,5,jun,492,2,-1,0,unknown,no
66,services,single,secondary,no,1048.5,yes,no,cellular,20,apr,193,1,-1,0,unknown,no
55,blue-collar,married,primary,no,154.5,no,no,cellular,28,jan,64,3,-1,0,unknown,no
53,admin.,married,secondary,no,-697.5,yes,yes,cellular,23,jul,166,1,-1,0,unknown,no
44,technician,married,tertiary,no,-936.0,no,no,telephone,2,feb,20,8,-1,0,unknown,no
50,management,married,tertiary,no,643.5,yes,no,cellular,6,may,222,2,363,4,failure,no
55,retired,divorced,secondary,no,73.5,no,no,cellular,5,aug,164,3,-1,0,unknown,no
43,retired,married,secondary,no,519.0,yes,no,cellular,16,jul,172,1,-1,0,unknown,no
43,management,married,secondary,no,-427.5,yes,no,cellular,12,aug,507,3,-1,0,unknown,no
63,technician,divorced,secondary,no,1126.5,yes,no,unknown,16,may,343,4,-1,0,unknown,no
80,retired,divorced,primary,no,1242.0,no,no,cellular,28,dec,433,1,-1,0,unknown,no
57,admin.,married,secondary,no,6460.5,no,no,unknown,16,jun,88,1,-1,0,unknown,no
57,technician,divorced,secondary,no,247.5,no,no,unknown,18,jun,99,3,-1,0,unknown,no
38,retired,single,secondary,no,4246.5,yes,no,unknown,9,may,211,3,-1,0,unknown,no
55,technician,married,secondary,no,1504.5,yes,no,unknown,4,jun,71,1,-1,0,unknown,no
55,management,married,secondary,no,0.0,yes,yes,cellular,28,jan,625,1,-1,0,unknown,no
41,retired,married,secondary,no,1101.0,no,no,cellular,26,aug,195,9,-1,0,unknown,no
29,student,single,primary,no,154.5,no,no,cellular,18,jan,177,2,95,4,failure,no
57,admin.,married,secondary,no,2901.0,no,yes,cellular,14,may,225,1,364,1,failure,no
39,services,married,secondary,no,46.5,yes,no,cellular,24,jul,71,5,-1,0,unknown,no
41,retired,single,tertiary,no,535.5,yes,no,unknown,23,may,77,3,-1,0,unknown,no
38,technician,single,secondary,no,897.0,yes,no,cellular,2,mar,177,1,288,2,failure,yes
45,services,single,secondary,no,541.5,no,no,unknown,17,jun,256,1,-1,0,unknown,no
62,services,divorced,primary,yes,-1.5,no,yes,cellular,29,jul,112,6,-1,0,unknown,no
52,technician,single,secondary,no,1035.0,yes,no,unknown,5,may,20,1,-1,0,unknown,no
41,student,single,tertiary,no,0.0,no,no,cellular,4,may,47,2,-1,0,unknown,no
59,management,married,tertiary,no,705.0,no,no,cellular,18,nov,79,1,-1,0,unknown,no
55,admin.,married,secondary,no,193.5,yes,no,cellular,9,sep,307,2,191,1,failure,no
65,unemployed,divorced,secondary,no,463.5,no,no,cellular,20,apr,167,1,181,3,success,yes
45,management,married,tertiary,no,1281.0,no,yes,cellular,19,aug,133,20,-1,0,unknown,no
46,management,single,secondary,no,2677.5,no,no,cellular,21,nov,136,2,-1,0,unknown,no
44,management,single,tertiary,no,39862.5,no,no,cellular,18,nov,93,1,-1,0,unknown,no
68,blue-collar,married,unknown,no,7306.5,yes,no,unknown,14,may,133,2,-1,0,unknown,no
61,technician,married,secondary,no,3.0,yes,yes,cellular,4,feb,71,1,205,3,failure,no
81,retired,married,secondary,no,3096.0,no,no,cellular,9,nov,379,2,92,3,failure,no
45,technician,single,tertiary,no,12.0,no,no,cellular,21,aug,169,2,-1,0,unknown,no
69,retired,married,tertiary,no,3478.5,yes,no,unknown,15,may,132,32,-1,0,unknown,no
39,admin.,single,secondary,no,2175.0,yes,no,unknown,28,may,195,1,-1,0,unknown,no
50,technician,married,secondary,no,6447.0,no,no,cellular,2,jun,221,1,-1,0,unknown,no
64,admin.,married,secondary,no,1858.5,no,no,cellular,19,nov,200,1,-1,0,unknown,no
45,technician,single,tertiary,no,546.0,no,yes,cellular,9,jul,247,3,-1,0,unknown,no
48,blue-collar,single,secondary,no,783.0,yes,no,unknown,29,may,347,2,-1,0,unknown,no
43,admin.,married,secondary,no,157.5,yes,no,unknown,26,may,122,4,-1,0,unknown,no
40,unemployed,married,secondary,no,1815.0,no,no,cellular,9,jul,100,4,-1,0,unknown,no
43,technician,single,unknown,no,202.5,yes,no,cellular,18,may,153,1,-1,0,unknown,no
68,technician,married,primary,no,24178.5,no,no,telephone,20,nov,188,2,-1,0,unknown,no
41,retired,married,secondary,no,658.5,no,no,unknown,4,oct,5,1,-1,0,unknown,no
54,unemployed,divorced,secondary,no,3162.0,yes,no,cellular,13,may,152,2,369,1,other,no
66,retired,married,secondary,no,1935.0,no,no,unknown,12,jun,243,1,-1,0,unknown,no
35,student,single,primary,no,559.5,yes,no,cellular,11,may,819,2,-1,0,unknown,yes
41,management,single,tertiary,no,-1809.0,yes,no,unknown,23,may,390,1,-1,0,unknown,no
37,retired,single,secondary,no,441.0,yes,yes,unknown,28,may,694,2,-1,0,unknown,yes
38,retired,married,primary,no,630.0,no,yes,telephone,8,jul,65,3,-1,0,unknown,no
47,services,single,secondary,no,31.5,yes,no,cellular,2,feb,96,1,271,2,other,no
45,services,married,secondary,no,292.5,yes,no,cellular,17,apr,203,1,-1,0,unknown,no
53,management,married,primary,no,147.0,no,no,unknown,20,jun,185,4,-1,0,unknown,no
53,management,married,tertiary,no,0.0,no,no,cellular,18,jul,110,1,-1,0,unknown,no
65,housemaid,divorced,secondary,no,0.0,no,no,unknown,12,jun,90,8,-1,0,unknown,no
43,services,married,secondary,no,6651.0,yes,no,unknown,20,may,265,1,-1,0,unknown,no
63,retired,married,secondary,no,7452.0,no,no,cellular,8,feb,94,1,333,1,other,no
54,management,married,secondary,no,40.5,yes,no,unknown,29,may,158,1,-1,0,unknown,no
44,management,married,tertiary,no,454.5,yes,no,cellular,29,jan,50,1,195,2,failure,no
43,blue-collar,single,unknown,no,193.5,yes,yes,cellular,20,nov,192,1,-1,0,unknown,no
51,services,married,secondary,no,6757.5,yes,no,unknown,14,may,108,2,-1,0,unknown,no
40,management,single,tertiary,no,1477.5,yes,no,cellular,25,oct,304,1,94,2,success,yes
54,technician,married,tertiary,no,1276.5,yes,no,cellular,11,jul,47,2,-1,0,unknown,no
70,housemaid,married,secondary,no,2041.5,no,no,cellular,8,aug,161,2,-1,0,unknown,no
59,admin.,single,secondary,no,439.5,no,no,cellular,28,jun,452,1,-1,0,unknown,yes
59,housemaid,married,primary,no,1333.5,no,no,telephone,7,jul,388,1,-1,0,unknown,yes
65,retired,married,secondary,no,1134.0,no,no,cellular,11,aug,210,3,-1,0,unknown,no
39,services,married,secondary,no,9850.5,yes,no,cellular,15,may,792,2,298,1,failure,yes
57,management,married,tertiary,no,0.0,yes,no,cellular,4,mar,194,2,181,3,failure,no
40,admin.,married,secondary,no,-102.0,yes,no,cellular,10,jul,327,1,-1,0,unknown,no
45,management,married,tertiary,no,2526.0,yes,no,cellular,28,aug,39,8,-1,0,unknown,no
46,admin.,single,secondary,no,0.0,yes,no,cellular,21,nov,139,2,-1,0,unknown,no
77,housemaid,divorced,secondary,no,7912.5,no,no,cellular,13,aug,222,4,-1,0,unknown,yes
33,technician,single,secondary,no,114.0,yes,no,unknown,15,may,23,1,-1,0,unknown,no
36,retired,single,tertiary,no,543.0,no,no,cellular,15,sep,925,1,104,2,success,yes
50,blue-collar,married,secondary,no,1977.0,yes,no,unknown,17,jun,681,2,-1,0,unknown,no
43,technician,married,tertiary,no,112.5,no,no,cellular,21,jul,204,4,-1,0,unknown,no
55,management,divorced,tertiary,no,4725.0,yes,no,cellular,17,nov,101,2,-1,0,unknown,no
39,retired,married,tertiary,no,1287.0,yes,no,cellular,12,jun,234,7,330,1,failure,no
57,retired,married,primary,no,0.0,no,no,unknown,18,jun,308,1,-1,0,unknown,no
65,blue-collar,married,secondary,no,264.0,no,yes,cellular,22,aug,140,11,-1,0,unknown,no
57,management,divorced,tertiary,no,-544.5,yes,yes,unknown,27,may,513,1,-1,0,unknown,no
39,services,single,secondary,no,60.0,yes,no,cellular,18,may,105,1,355,2,failure,no
42,technician,single,tertiary,no,627.0,no,yes,cellular,14,jul,138,3,-1,0,unknown,no
46,services,married,secondary,no,0.0,yes,no,cellular,6,may,456,3,-1,0,unknown,no
51,retired,married,tertiary,no,41544.0,no,no,cellular,30,apr,108,1,-1,0,unknown,no
46,management,married,tertiary,no,3489.0,yes,no,cellular,20,nov,7,5,-1,0,unknown,no
65,retired,married,tertiary,no,49.5,yes,no,cellular,30,jul,246,3,-1,0,unknown,no
73,management,married,tertiary,no,4177.5,no,no,cellular,2,aug,341,2,392,3,success,yes
61,admin.,single,secondary,yes,-3.0,no,no,unknown,5,may,402,3,-1,0,unknown,no
48,blue-collar,single,secondary,no,1066.5,yes,no,cellular,24,feb,254,5,140,1,other,no
39,management,married,tertiary,no,102.0,yes,no,unknown,4,jun,69,4,-1,0,unknown,no
51,management,married,secondary,no,148.5,yes,no,cellular,18,nov,157,2,-1,0,unknown,no
56,services,married,secondary,no,2325.0,yes,no,cellular,16,apr,126,2,149,8,failure,no
51,technician,divorced,secondary,no,712.5,yes,no,cellular,28,aug,49,7,-1,0,unknown,no
65,retired,divorced,secondary,no,2370.0,no,yes,unknown,19,jun,1007,1,-1,0,unknown,yes
55,blue-collar,married,secondary,yes,-664.5,yes,yes,cellular,20,apr,691,1,-1,0,unknown,yes
51,management,married,tertiary,no,1275.0,no,no,unknown,6,jun,262,2,-1,0,unknown,no
44,admin.,single,secondary,no,-717.0,yes,yes,unknown,27,jun,111,4,-1,0,unknown,no
63,technician,married,secondary,no,7210.5,no,no,telephone,19,feb,255,3,-1,0,unknown,no
48,blue-collar,married,secondary,no,933.0,yes,no,unknown,21,may,611,2,-1,0,unknown,yes
71,retired,married,secondary,no,5010.0,no,no,cellular,30,jun,224,1,-1,0,unknown,no
64,retired,married,secondary,no,3939.0,no,no,unknown,13,may,151,2,-1,0,unknown,no
52,blue-collar,divorced,unknown,no,0.0,no,no,cellular,7,jul,64,2,-1,0,unknown,no
44,management,married,tertiary,no,1251.0,no,no,cellular,7,aug,182,2,-1,0,unknown,no
47,admin.,single,tertiary,no,5931.0,yes,no,cellular,17,apr,238,1,331,1,failure,no
50,admin.,divorced,secondary,no,135.0,yes,no,unknown,9,jun,511,5,-1,0,unknown,no
56,entrepreneur,married,secondary,no,13309.5,yes,no,cellular,24,jul,314,2,-1,0,unknown,no
50,self-employed,married,primary,no,633.0,yes,no,unknown,14,may,187,3,-1,0,unknown,no
66,retired,married,secondary,no,5535.0,yes,yes,unknown,16,may,178,2,-1,0,unknown,no
51,blue-collar,married,primary,no,861.0,yes,no,unknown,14,may,449,2,-1,0,unknown,no
69,retired,married,secondary,no,651.0,yes,no,unknown,12,may,63,3,-1,0,unknown,no
39,retired,single,tertiary,no,1089.0,yes,no,unknown,9,may,200,3,-1,0,unknown,no
68,management,single,unknown,no,190.5,yes,no,unknown,9,may,244,5,-1,0,unknown,no
47,blue-collar,married,primary,no,-160.5,yes,no,unknown,16,jun,25,1,-1,0,unknown,no
54,management,married,tertiary,no,8371.5,no,no,cellular,8,aug,202,2,-1,0,unknown,no
73,retired,married,secondary,no,1062.0,no,no,cellular,17,nov,168,2,-1,0,unknown,no
51,retired,married,secondary,no,0.0,yes,no,unknown,2,jul,203,1,-1,0,unknown,no
47,entrepreneur,divorced,secondary,no,21.0,no,no,unknown,5,jun,22,1,-1,0,unknown,no
42,retired,divorced,tertiary,no,6589.5,no,no,cellular,27,aug,88,3,-1,0,unknown,no
43,management,single,secondary,yes,-261.0,yes,no,unknown,15,may,156,5,-1,0,unknown,no
69,management,married,tertiary,no,3810.0,no,no,cellular,16,jul,1432,5,-1,0,unknown,no
51,management,divorced,secondary,no,414.0,yes,no,unknown,7,may,60,1,-1,0,unknown,no
49,management,single,tertiary,no,385.5,no,no,cellular,7,jul,58,1,-1,0,unknown,no
31,student,single,secondary,no,324.0,no,no,cellular,5,aug,414,1,-1,0,unknown,yes
43,management,married,tertiary,no,225.0,no,no,cellular,21,aug,151,2,-1,0,unknown,no
59,services,divorced,unknown,no,469.5,yes,no,cellular,31,jul,203,7,-1,0,unknown,no
40,technician,married,secondary,no,576.0,no,no,cellular,25,aug,73,3,-1,0,unknown,no
59,retired,divorced,secondary,no,0.0,yes,yes,unknown,5,may,272,1,-1,0,unknown,no
64,retired,married,secondary,no,352.5,no,yes,cellular,21,nov,353,2,113,5,failure,no
35,services,single,secondary,no,7.5,no,yes,cellular,30,jul,84,6,-1,0,unknown,no
56,technician,divorced,secondary,no,2320.5,yes,no,cellular,3,feb,401,4,-1,0,unknown,no
40,technician,single,secondary,no,1050.0,yes,no,cellular,12,aug,73,2,-1,0,unknown,no
39,technician,single,secondary,no,1107.0,no,no,unknown,5,jul,29,1,-1,0,unknown,no
63,unemployed,married,secondary,no,6730.5,no,no,cellular,31,jul,79,2,-1,0,unknown,no
49,blue-collar,married,primary,no,73.5,yes,no,cellular,15,may,259,1,-1,0,unknown,no
65,services,divorced,primary,no,144.0,yes,yes,unknown,5,may,311,2,-1,0,unknown,no
43,admin.,single,secondary,no,456.0,no,yes,cellular,4,feb,160,2,212,2,other,no
42,blue-collar,single,primary,no,472.5,yes,no,unknown,30,may,61,2,-1,0,unknown,no
48,blue-collar,married,unknown,no,1464.0,yes,no,unknown,29,may,318,2,-1,0,unknown,no
67,housemaid,married,primary,no,751.5,yes,yes,cellular,7,aug,59,2,-1,0,unknown,no
38,management,single,tertiary,no,4579.5,no,no,telephone,18,jan,165,4,-1,0,unknown,no
36,retired,married,secondary,no,1200.0,yes,no,unknown,15,may,219,1,-1,0,unknown,no
46,technician,married,secondary,no,6880.5,no,no,unknown,26,may,271,4,-1,0,unknown,no
47,blue-collar,divorced,secondary,no,72.0,yes,no,unknown,8,may,133,2,-1,0,unknown,no
43,technician,single,secondary,no,2653.5,yes,no,cellular,18,nov,273,1,182,1,failure,no
70,retired,married,primary,no,849.0,no,yes,cellular,23,jul,423,1,-1,0,unknown,no
48,technician,married,secondary,no,325.5,no,yes,cellular,16,jul,93,3,-1,0,unknown,no
59,management,married,secondary,no,550.5,yes,no,unknown,29,may,85,6,-1,0,unknown,no
53,admin.,single,secondary,no,136.5,no,yes,unknown,1,jul,110,2,-1,0,unknown,no
51,blue-collar,single,secondary,yes,121.5,no,no,cellular,19,nov,212,3,-1,0,unknown,no
53,services,married,tertiary,no,778.5,yes,no,cellular,18,may,715,6,-1,0,unknown,no
56,retired,divorced,secondary,yes,-16.5,no,no,cellular,11,aug,139,2,-1,0,unknown,no
58,blue-collar,married,primary,no,2635.5,yes,no,unknown,15,may,90,1,-1,0,unknown,no
69,blue-collar,divorced,secondary,no,6285.0,yes,no,cellular,20,nov,221,1,-1,0,unknown,no
43,retired,married,tertiary,no,171.0,yes,yes,cellular,18,jul,207,9,-1,0,unknown,no
46,technician,married,secondary,no,2488.5,no,no,cellular,12,aug,126,2,-1,0,unknown,no
44,services,married,secondary,no,-153.0,yes,no,cellular,18,jul,185,1,-1,0,unknown,no
42,retired,married,primary,no,120.0,yes,no,unknown,20,may,614,2,-1,0,unknown,no
67,retired,married,secondary,no,1566.0,no,no,telephone,12,jul,567,1,182,3,success,yes
41,services,married,secondary,no,2505.0,no,no,cellular,18,jul,185,2,-1,0,unknown,no
70,entrepreneur,divorced,secondary,no,3972.0,no,no,cellular,7,jul,148,2,-1,0,unknown,no
47,admin.,married,secondary,no,196.5,no,no,cellular,17,nov,48,2,-1,0,unknown,no
49,blue-collar,married,primary,no,700.5,yes,no,cellular,16,apr,232,1,335,1,failure,no
36,self-employed,single,secondary,no,826.5,no,no,cellular,8,jul,531,1,-1,0,unknown,yes
82,retired,married,primary,no,2418.0,no,no,cellular,7,aug,530,2,-1,0,unknown,yes
42,admin.,married,tertiary,no,349.5,yes,no,cellular,20,nov,102,4,-1,0,unknown,no
54,blue-collar,single,secondary,no,-318.0,yes,yes,unknown,7,may,103,4,-1,0,unknown,no
60,retired,married,tertiary,no,6981.0,no,no,cellular,17,nov,251,2,-1,0,unknown,no
56,services,single,secondary,no,1345.5,yes,no,telephone,18,nov,82,2,-1,0,unknown,no
65,management,married,tertiary,no,20367.0,no,no,cellular,29,oct,247,2,-1,0,unknown,no
55,management,married,tertiary,no,3474.0,yes,no,unknown,26,may,97,3,-1,0,unknown,no
40,blue-collar,single,secondary,no,1456.5,yes,no,cellular,17,apr,283,1,317,2,other,no
40,self-employed,married,tertiary,no,1207.5,yes,no,unknown,1,sep,20,1,478,2,other,no
57,admin.,married,secondary,no,262.5,yes,no,cellular,26,aug,102,7,-1,0,unknown,no
33,services,single,secondary,no,-58.5,yes,yes,unknown,9,may,142,2,-1,0,unknown,no
60,services,married,secondary,no,1351.5,yes,no,unknown,20,jun,8,6,-1,0,unknown,no
51,entrepreneur,married,tertiary,no,8604.0,yes,yes,unknown,19,jun,136,2,-1,0,unknown,no
66,retired,married,tertiary,no,1057.5,no,no,cellular,19,nov,164,2,-1,0,unknown,no
50,management,married,tertiary,no,559.5,yes,yes,unknown,13,may,518,1,-1,0,unknown,no
49,technician,single,secondary,no,3481.5,no,yes,unknown,16,jun,203,2,-1,0,unknown,no
54,services,married,secondary,no,-33.0,yes,no,unknown,15,may,37,1,-1,0,unknown,no
69,admin.,divorced,secondary,no,1462.5,yes,no,unknown,15,may,263,4,-1,0,unknown,no
83,retired,married,tertiary,no,688.5,no,no,cellular,17,feb,281,1,-1,0,unknown,yes
53,management,married,tertiary,no,613.5,no,no,cellular,22,jul,100,7,-1,0,unknown,no
46,services,married,secondary,no,789.0,yes,no,cellular,17,apr,333,2,324,1,other,no
60,blue-collar,married,secondary,no,55.5,yes,yes,cellular,31,jul,28,2,-1,0,unknown,no
39,self-employed,single,tertiary,no,2185.5,yes,no,cellular,7,apr,89,1,314,1,other,no
43,technician,married,secondary,no,274.5,no,no,cellular,16,jul,457,2,182,3,other,yes
44,blue-collar,single,secondary,no,2398.5,yes,no,cellular,12,may,59,3,-1,0,unknown,no
40,retired,single,tertiary,no,91.5,yes,no,telephone,5,may,36,7,165,5,other,no
53,blue-collar,married,primary,no,348.0,no,yes,cellular,15,may,45,1,-1,0,unknown,no
58,management,divorced,tertiary,no,754.5,no,yes,unknown,12,jun,1243,7,-1,0,unknown,yes
57,technician,married,tertiary,no,1672.5,yes,no,telephone,23,jul,18,9,-1,0,unknown,no
41,services,married,secondary,no,648.0,yes,no,unknown,8,may,446,1,-1,0,unknown,no
62,retired,married,secondary,no,672.0,yes,no,cellular,7,may,82,1,-1,0,unknown,no
49,services,single,tertiary,no,615.0,no,no,unknown,19,jun,266,4,-1,0,unknown,no
39,management,married,tertiary,no,723.0,no,no,cellular,22,apr,79,1,-1,0,unknown,no
50,retired,married,secondary,no,234.0,no,no,cellular,19,nov,357,1,-1,0,unknown,no
38,blue-collar,single,primary,no,12394.5,yes,no,unknown,2,jun,267,1,-1,0,unknown,no
54,management,married,tertiary,no,0.0,no,yes,cellular,29,jul,129,6,-1,0,unknown,no
60,technician,married,secondary,no,88.5,yes,no,cellular,25,jul,57,5,-1,0,unknown,no
59,self-employed,married,primary,no,733.5,yes,no,unknown,27,may,84,4,-1,0,unknown,no
61,self-employed,married,primary,no,274.5,no,yes,cellular,7,aug,292,2,-1,0,unknown,no
35,blue-collar,single,secondary,no,0.0,yes,no,cellular,13,may,44,9,-1,0,unknown,no
42,blue-collar,single,secondary,no,906.0,no,yes,cellular,28,may,95,3,-1,0,unknown,no
50,retired,married,secondary,no,106.5,no,no,unknown,6,may,79,1,-1,0,unknown,no
42,services,married,secondary,no,382.5,yes,yes,unknown,21,may,86,2,-1,0,unknown,no
51,technician,married,secondary,no,4276.5,no,no,cellular,18,aug,296,3,-1,0,unknown,no
48,entrepreneur,married,tertiary,no,342.0,yes,no,cellular,5,feb,105,1,-1,0,unknown,no
46,management,married,tertiary,no,777.0,no,no,cellular,21,aug,48,1,-1,0,unknown,no
38,admin.,married,secondary,no,537.0,no,no,cellular,4,feb,220,1,-1,0,unknown,no
51,retired,divorced,primary,no,3292.5,yes,no,unknown,3,jun,211,5,-1,0,unknown,no
46,retired,married,secondary,no,912.0,yes,no,cellular,2,feb,114,1,263,3,other,no
59,retired,married,tertiary,no,1.5,no,no,telephone,13,aug,640,2,101,4,success,yes
55,blue-collar,married,primary,no,291.0,yes,yes,unknown,3,jun,81,2,-1,0,unknown,no
74,retired,divorced,primary,no,163.5,no,no,cellular,23,jun,706,1,225,2,success,yes
44,retired,single,tertiary,no,2094.0,yes,no,cellular,17,jul,630,1,-1,0,unknown,no
39,retired,married,secondary,no,22.5,no,no,cellular,3,jun,136,1,-1,0,unknown,no
66,unemployed,divorced,secondary,no,1144.5,no,no,unknown,6,jun,181,2,-1,0,unknown,no
64,unemployed,divorced,secondary,no,1387.5,no,no,cellular,5,feb,2,1,-1,0,unknown,no
43,retired,single,secondary,no,24.0,yes,yes,cellular,3,jun,102,1,-1,0,unknown,no
45,management,single,secondary,no,124.5,yes,no,cellular,6,may,90,1,-1,0,unknown,no
52,blue-collar,divorced,secondary,no,2236.5,yes,no,cellular,6,may,203,2,334,2,failure,no
43,blue-collar,married,secondary,no,-115.5,yes,no,cellular,28,jul,151,3,-1,0,unknown,no
48,management,married,secondary,no,1191.0,yes,no,unknown,6,jun,50,3,-1,0,unknown,no
60,services,married,secondary,no,5061.0,no,no,unknown,19,jun,27,2,-1,0,unknown,no
55,management,married,tertiary,no,2059.5,yes,no,unknown,3,jun,192,4,-1,0,unknown,no
57,management,married,tertiary,no,163.5,yes,no,cellular,22,jul,268,1,-1,0,unknown,no
39,blue-collar,single,secondary,no,553.5,yes,no,cellular,4,may,174,5,346,3,failure,no
53,admin.,single,secondary,no,-745.5,yes,no,unknown,6,may,234,2,-1,0,unknown,no
69,retired,married,secondary,no,343.5,yes,yes,unknown,7,may,19,1,-1,0,unknown,no
70,housemaid,married,unknown,no,15427.5,no,no,unknown,6,jun,174,2,-1,0,unknown,no
62,technician,married,secondary,no,292.5,yes,no,cellular,18,feb,220,1,63,5,failure,yes
52,entrepreneur,married,secondary,no,-720.0,yes,yes,unknown,2,jun,351,6,-1,0,unknown,no
66,management,married,tertiary,no,370.5,no,no,cellular,30,jul,44,2,-1,0,unknown,no
61,blue-collar,married,secondary,no,753.0,no,no,unknown,6,jun,93,2,-1,0,unknown,no
44,retired,divorced,tertiary,no,54.0,no,no,telephone,29,aug,77,7,-1,0,unknown,no
49,blue-collar,married,primary,no,0.0,yes,no,unknown,4,jun,112,4,-1,0,unknown,no
46,management,single,tertiary,no,17650.5,yes,no,cellular,7,apr,226,1,-1,0,unknown,no
36,retired,single,secondary,no,243.0,yes,no,cellular,2,mar,185,2,130,8,other,no
44,retired,single,secondary,no,15.0,no,yes,cellular,18,nov,162,1,173,3,failure,no
43,services,married,secondary,no,-186.0,no,no,cellular,17,apr,150,2,325,1,failure,no
38,admin.,single,secondary,no,-255.0,no,yes,cellular,10,jul,720,2,-1,0,unknown,yes
55,management,married,tertiary,no,31536.0,yes,no,cellular,20,apr,73,4,-1,0,unknown,no
43,management,single,tertiary,no,502.5,no,no,cellular,29,aug,130,4,-1,0,unknown,no
62,technician,divorced,secondary,no,159.0,no,no,cellular,12,aug,193,4,-1,0,unknown,no
69,technician,married,primary,no,6364.5,yes,no,unknown,29,may,233,1,-1,0,unknown,no
58,management,married,secondary,no,148.5,yes,no,unknown,28,may,344,1,-1,0,unknown,no
44,blue-collar,married,secondary,no,735.0,yes,no,unknown,20,jun,55,12,-1,0,unknown,no
42,retired,married,tertiary,no,1414.5,yes,no,cellular,30,jan,402,2,2,2,other,no
44,retired,single,secondary,no,0.0,no,no,cellular,21,aug,163,2,-1,0,unknown,no
46,entrepreneur,divorced,secondary,no,4494.0,yes,no,cellular,14,may,104,1,-1,0,unknown,no
68,entrepreneur,married,tertiary,no,219.0,yes,no,unknown,12,may,186,6,-1,0,unknown,no
66,retired,married,primary,no,3598.5,yes,no,cellular,23,jul,652,2,-1,0,unknown,no
39,student,single,secondary,no,313.5,yes,no,unknown,6,may,311,2,-1,0,unknown,no
59,retired,single,secondary,no,11139.0,no,no,telephone,20,nov,65,2,-1,0,unknown,no
68,retired,married,primary,no,1113.0,no,no,unknown,20,oct,5,1,-1,0,unknown,no
41,management,single,tertiary,no,255.0,yes,yes,cellular,13,aug,458,2,-1,0,unknown,no
63,admin.,divorced,secondary,no,4030.5,yes,no,cellular,29,jan,373,1,-1,0,unknown,no
69,management,married,secondary,no,166.5,no,no,telephone,8,jul,312,2,381,3,failure,no
39,housemaid,single,tertiary,no,679.5,no,no,cellular,13,aug,126,2,-1,0,unknown,no
42,management,divorced,tertiary,no,795.0,yes,no,cellular,2,jun,118,1,60,1,failure,no
62,entrepreneur,divorced,secondary,no,10.5,no,no,cellular,24,jul,150,5,-1,0,unknown,no
52,admin.,married,secondary,no,1018.5,yes,no,unknown,15,may,194,2,-1,0,unknown,no
45,blue-collar,married,primary,no,76.5,yes,no,unknown,28,may,593,2,-1,0,unknown,no
48,blue-collar,single,secondary,no,30.0,yes,no,unknown,7,may,81,2,-1,0,unknown,no
54,admin.,married,unknown,no,-448.5,yes,no,unknown,23,may,268,1,-1,0,unknown,no
40,management,married,tertiary,no,226.5,no,no,cellular,21,aug,121,1,-1,0,unknown,no
50,management,married,tertiary,no,441.0,yes,no,cellular,23,jul,97,5,-1,0,unknown,no
58,unemployed,married,secondary,no,2586.0,no,no,telephone,4,feb,102,2,-1,0,unknown,no
40,services,single,secondary,no,657.0,yes,no,cellular,21,nov,98,1,-1,0,unknown,no
45,technician,married,secondary,no,-1059.0,yes,yes,cellular,18,may,44,2,-1,0,unknown,no
50,admin.,divorced,secondary,no,1500.0,yes,no,unknown,14,may,98,1,-1,0,unknown,no
35,blue-collar,single,secondary,no,231.0,yes,no,unknown,27,may,312,2,-1,0,unknown,no
47,management,single,tertiary,no,496.5,yes,no,cellular,8,may,94,3,-1,0,unknown,no
42,blue-collar,single,secondary,no,-382.5,no,yes,unknown,2,jul,957,3,-1,0,unknown,no
64,management,married,primary,no,1318.5,yes,no,unknown,13,may,191,1,-1,0,unknown,no
46,admin.,divorced,secondary,no,534.0,yes,no,cellular,7,apr,244,3,313,1,failure,no
54,blue-collar,married,secondary,no,8121.0,no,no,cellular,30,jul,166,4,-1,0,unknown,no
53,services,married,primary,no,-132.0,yes,yes,cellular,21,nov,94,2,-1,0,unknown,no
47,management,single,tertiary,no,93.0,yes,no,cellular,2,aug,428,2,272,8,success,yes
58,management,married,tertiary,no,15520.5,yes,no,cellular,31,jul,153,6,-1,0,unknown,no
45,management,single,tertiary,no,271.5,yes,no,cellular,8,aug,130,4,-1,0,unknown,no
44,blue-collar,married,secondary,no,528.0,yes,no,unknown,12,jun,52,3,-1,0,unknown,no
60,blue-collar,married,primary,no,735.0,yes,no,unknown,28,may,151,3,-1,0,unknown,no
61,management,married,tertiary,no,2550.0,no,no,cellular,4,aug,147,1,-1,0,unknown,no
61,admin.,married,secondary,no,63.0,yes,no,cellular,13,may,80,2,-1,0,unknown,no
64,blue-collar,married,secondary,no,759.0,yes,no,cellular,18,nov,172,2,104,2,failure,no
62,management,married,secondary,no,1197.0,yes,no,unknown,30,jun,123,2,-1,0,unknown,no
63,retired,married,primary,no,1242.0,yes,no,unknown,19,jun,232,1,-1,0,unknown,no
45,technician,single,secondary,no,-714.0,yes,no,cellular,20,nov,57,6,177,4,failure,no
85,retired,married,secondary,no,5656.5,no,no,telephone,16,oct,186,1,183,1,failure,yes
50,services,married,secondary,no,0.0,yes,no,cellular,5,may,184,1,334,2,failure,no
67,housemaid,divorced,secondary,no,11176.5,no,no,unknown,18,jun,43,4,-1,0,unknown,no
65,management,married,tertiary,no,-612.0,no,no,cellular,19,aug,528,9,-1,0,unknown,no
70,blue-collar,married,secondary,no,1081.5,no,no,cellular,10,jul,160,1,-1,0,unknown,no
44,technician,single,secondary,no,2215.5,yes,no,cellular,20,apr,233,3,-1,0,unknown,no
38,management,married,tertiary,no,477.0,yes,no,unknown,27,may,4,4,-1,0,unknown,no
52,services,married,secondary,no,438.0,yes,no,cellular,11,may,222,3,-1,0,unknown,no
43,blue-collar,married,primary,yes,0.0,yes,no,cellular,21,nov,675,1,-1,0,unknown,no
58,retired,married,primary,no,1024.5,yes,no,cellular,9,feb,144,5,209,12,failure,no
68,entrepreneur,married,tertiary,no,10797.0,yes,no,unknown,21,may,44,5,-1,0,unknown,no
50,retired,divorced,secondary,no,1261.5,no,yes,telephone,29,aug,36,2,-1,0,unknown,no
49,management,married,tertiary,no,0.0,no,no,cellular,30,apr,342,3,22,3,other,yes
69,retired,married,secondary,no,26653.5,no,no,cellular,19,nov,322,3,-1,0,unknown,no
47,management,married,tertiary,no,808.5,no,no,cellular,25,sep,168,2,45,1,failure,no
40,entrepreneur,single,tertiary,no,1498.5,no,no,cellular,22,may,157,3,-1,0,unknown,no
80,retired,divorced,secondary,no,6858.0,no,no,cellular,11,oct,115,2,95,16,failure,no
42,technician,married,secondary,no,988.5,no,yes,cellular,28,jul,446,2,-1,0,unknown,no
66,retired,married,secondary,no,30.0,no,no,unknown,3,jul,130,1,-1,0,unknown,no
54,blue-collar,married,secondary,no,433.5,no,no,unknown,11,jun,300,1,-1,0,unknown,no
38,retired,married,primary,no,90.0,yes,no,cellular,6,may,161,1,337,1,failure,no
50,admin.,married,secondary,no,108.0,yes,yes,cellular,21,nov,849,1,-1,0,unknown,yes
63,retired,married,secondary,no,2572.5,yes,yes,unknown,27,may,27,1,-1,0,unknown,no
35,admin.,single,tertiary,no,1711.5,yes,no,cellular,5,may,718,1,347,1,failure,no
42,admin.,single,secondary,no,138.0,yes,no,cellular,18,may,110,1,315,2,failure,no
36,retired,single,secondary,no,2020.5,no,no,telephone,6,feb,254,1,-1,0,unknown,no
49,admin.,married,secondary,no,355.5,no,no,unknown,16,jun,215,2,-1,0,unknown,no
38,unknown,single,secondary,no,6697.5,no,no,cellular,28,jan,769,1,-1,0,unknown,yes
44,management,married,tertiary,no,8497.5,no,no,cellular,11,aug,72,4,-1,0,unknown,no
43,management,single,tertiary,no,3546.0,no,no,cellular,17,may,508,1,-1,0,unknown,yes
48,management,married,tertiary,no,94.5,yes,no,unknown,21,may,518,1,-1,0,unknown,no
63,blue-collar,married,primary,no,2802.0,no,no,cellular,8,aug,156,4,-1,0,unknown,no
42,blue-collar,single,secondary,no,202.5,yes,no,cellular,18,may,232,2,-1,0,unknown,no
60,retired,divorced,tertiary,no,2518.5,yes,no,cellular,24,jul,604,2,-1,0,unknown,no
42,management,married,tertiary,no,9207.0,no,no,cellular,29,jul,519,2,90,9,failure,yes
48,services,married,secondary,no,259.5,yes,no,unknown,20,may,130,2,-1,0,unknown,no
58,management,divorced,tertiary,no,4408.5,no,no,cellular,22,aug,91,4,-1,0,unknown,no
53,technician,married,tertiary,no,120.0,no,no,cellular,28,aug,9,32,-1,0,unknown,no
70,retired,divorced,secondary,no,0.0,no,yes,telephone,16,jul,357,7,-1,0,unknown,no
36,admin.,single,secondary,no,1015.5,yes,no,unknown,28,may,93,1,-1,0,unknown,no
57,blue-collar,married,secondary,no,919.5,yes,no,cellular,29,jan,49,3,255,2,other,no
51,blue-collar,divorced,secondary,no,994.5,yes,no,unknown,22,jul,24,1,792,3,other,no
61,management,married,unknown,no,1081.5,no,no,unknown,16,jun,276,3,-1,0,unknown,no
53,technician,married,secondary,no,2037.0,no,no,cellular,10,mar,159,3,-1,0,unknown,yes
69,retired,married,primary,no,0.0,yes,no,cellular,29,jul,45,7,-1,0,unknown,no
35,technician,single,secondary,no,1657.5,yes,no,cellular,30,apr,195,1,13,1,failure,no
69,management,married,secondary,no,1449.0,no,no,telephone,21,jul,50,4,-1,0,unknown,no
67,technician,divorced,secondary,no,246.0,no,no,unknown,9,jun,139,2,-1,0,unknown,no
62,management,married,tertiary,no,10363.5,no,no,cellular,20,nov,223,1,-1,0,unknown,no
48,retired,married,tertiary,no,877.5,yes,no,unknown,21,may,34,3,-1,0,unknown,no
63,entrepreneur,married,unknown,no,10.5,no,no,cellular,20,nov,68,1,-1,0,unknown,no
45,admin.,single,secondary,no,85.5,no,yes,cellular,8,jul,632,2,-1,0,unknown,no
37,student,single,tertiary,no,99.0,yes,no,unknown,16,may,456,1,-1,0,unknown,no
57,self-employed,married,secondary,no,4918.5,no,no,cellular,21,aug,189,4,-1,0,unknown,no
45,services,married,secondary,no,559.5,no,yes,unknown,16,jun,162,6,-1,0,unknown,no
39,blue-collar,married,secondary,no,-712.5,yes,no,unknown,3,jun,538,2,-1,0,unknown,no
39,management,single,tertiary,no,1912.5,yes,yes,cellular,27,feb,45,1,-1,0,unknown,no
59,blue-collar,married,primary,no,357.0,no,no,unknown,11,jun,204,1,-1,0,unknown,no
59,technician,single,secondary,no,1803.0,yes,no,unknown,18,jun,122,1,-1,0,unknown,no
68,admin.,married,secondary,no,1713.0,no,no,telephone,4,feb,82,3,-1,0,unknown,no
60,retired,divorced,secondary,no,4185.0,no,no,cellular,21,jul,236,2,-1,0,unknown,no
48,blue-collar,married,secondary,no,-315.0,yes,no,unknown,8,may,21,1,-1,0,unknown,no
48,management,married,tertiary,no,774.0,yes,no,telephone,16,apr,198,3,-1,0,unknown,no
66,services,divorced,secondary,no,2020.5,no,yes,unknown,4,jul,678,2,-1,0,unknown,no
64,blue-collar,married,secondary,no,2230.5,yes,no,unknown,14,may,302,16,-1,0,unknown,no
49,housemaid,married,secondary,no,3690.0,no,no,cellular,11,jul,194,3,-1,0,unknown,no
47,services,single,secondary,no,4.5,no,no,unknown,17,jun,527,1,-1,0,unknown,no
45,blue-collar,married,secondary,no,484.5,yes,no,cellular,13,may,46,1,-1,0,unknown,no
54,technician,married,secondary,no,-589.5,no,no,cellular,9,feb,45,6,-1,0,unknown,no
40,retired,single,tertiary,no,6136.5,no,no,cellular,20,nov,96,2,-1,0,unknown,no
67,entrepreneur,married,secondary,no,14853.0,no,no,cellular,18,jun,88,3,-1,0,unknown,no
62,blue-collar,married,secondary,no,0.0,yes,no,cellular,17,nov,125,1,-1,0,unknown,no
44,housemaid,single,tertiary,no,64.5,no,no,cellular,25,aug,198,8,-1,0,unknown,no
53,management,married,tertiary,no,4480.5,no,no,cellular,11,mar,103,3,-1,0,unknown,no
64,self-employed,married,secondary,no,415.5,yes,no,cellular,19,nov,300,5,170,3,failure,no
40,management,single,tertiary,no,501.0,no,no,cellular,14,aug,144,2,-1,0,unknown,no
47,admin.,married,secondary,no,5140.5,no,no,cellular,27,feb,46,1,-1,0,unknown,no
51,management,single,tertiary,no,4519.5,yes,no,cellular,17,nov,150,1,-1,0,unknown,no
66,technician,married,secondary,no,883.5,yes,no,unknown,29,may,535,2,-1,0,unknown,yes
70,retired,married,tertiary,no,1836.0,yes,no,unknown,15,may,120,1,-1,0,unknown,no
45,blue-collar,married,secondary,no,1272.0,yes,no,cellular,7,may,174,3,366,2,failure,no
40,entrepreneur,married,tertiary,no,34.5,yes,yes,cellular,19,nov,375,1,-1,0,unknown,no
39,admin.,married,secondary,no,802.5,no,no,cellular,11,oct,185,2,-1,0,unknown,no
58,blue-collar,divorced,secondary,yes,-802.5,yes,no,cellular,2,feb,115,2,187,2,failure,no
39,technician,married,secondary,no,34.5,yes,no,cellular,2,jun,163,1,55,2,failure,yes
43,blue-collar,single,secondary,no,6606.0,yes,no,cellular,20,nov,766,3,-1,0,unknown,no
41,retired,single,tertiary,no,2439.0,no,no,unknown,31,jul,15,1,-1,0,unknown,no
63,management,divorced,tertiary,no,75.0,yes,no,cellular,15,may,669,1,337,3,failure,yes
56,technician,single,tertiary,no,942.0,no,no,cellular,20,nov,454,5,-1,0,unknown,no
52,blue-collar,married,unknown,no,612.0,yes,no,unknown,5,may,107,2,-1,0,unknown,no
40,technician,single,secondary,no,1060.5,no,no,cellular,26,may,228,1,-1,0,unknown,no
63,blue-collar,married,secondary,no,-316.5,yes,yes,cellular,3,feb,195,6,251,2,failure,no
37,services,divorced,secondary,no,15.0,yes,no,cellular,22,jul,527,1,-1,0,unknown,no
39,housemaid,single,tertiary,no,3294.0,no,no,cellular,5,aug,215,1,-1,0,unknown,yes
67,retired,married,unknown,no,1581.0,no,no,unknown,20,jun,25,3,-1,0,unknown,no
44,management,married,secondary,no,1510.5,yes,no,cellular,21,jul,240,2,-1,0,unknown,no
59,management,single,tertiary,no,1.5,yes,no,unknown,6,jun,59,3,-1,0,unknown,no
52,entrepreneur,married,secondary,no,0.0,yes,no,cellular,9,apr,331,1,140,4,failure,yes
67,blue-collar,married,primary,no,316.5,yes,no,cellular,3,apr,239,2,-1,0,unknown,no
45,entrepreneur,married,tertiary,no,0.0,no,no,cellular,5,may,74,1,168,4,failure,no
61,services,married,secondary,no,985.5,no,no,cellular,3,apr,66,2,-1,0,unknown,no
65,retired,divorced,tertiary,no,7879.5,yes,yes,cellular,20,apr,378,1,287,19,failure,no
43,retired,single,secondary,no,0.0,yes,no,unknown,16,may,212,1,-1,0,unknown,no
66,services,married,secondary,no,2983.5,no,no,cellular,3,aug,279,4,181,4,success,yes
42,retired,married,secondary,no,289.5,yes,no,unknown,16,may,294,4,-1,0,unknown,no
62,self-employed,married,tertiary,no,0.0,yes,no,cellular,17,nov,117,2,-1,0,unknown,no
68,management,married,tertiary,no,5922.0,no,yes,cellular,13,aug,76,1,-1,0,unknown,no
40,student,single,tertiary,no,4672.5,no,no,telephone,13,aug,217,2,-1,0,unknown,no
36,blue-collar,married,primary,no,60.0,no,yes,cellular,28,jul,49,3,-1,0,unknown,no
42,management,single,tertiary,no,4000.5,yes,no,cellular,19,nov,197,1,99,2,success,no
66,management,married,secondary,no,4746.0,no,no,unknown,20,jun,245,3,-1,0,unknown,no
55,management,married,secondary,no,1086.0,yes,yes,cellular,7,aug,117,1,-1,0,unknown,no
50,blue-collar,married,secondary,no,1132.5,no,no,cellular,23,jul,145,1,-1,0,unknown,no
90,retired,married,secondary,no,232.5,no,no,telephone,12,mar,290,1,93,2,success,yes
49,retired,married,tertiary,no,82.5,no,no,cellular,31,jul,216,4,-1,0,unknown,no
48,unknown,married,unknown,no,979.5,no,no,telephone,29,aug,17,18,-1,0,unknown,no
59,retired,married,secondary,no,1680.0,yes,no,telephone,11,may,226,2,-1,0,unknown,no
70,services,single,secondary,no,1108.5,no,no,cellular,15,jul,261,1,182,1,success,no
52,services,married,unknown,no,11223.0,no,no,cellular,21,nov,126,2,-1,0,unknown,no
41,management,single,tertiary,no,945.0,no,no,cellular,4,may,95,2,91,2,failure,no
41,services,single,tertiary,no,1537.5,no,no,unknown,20,may,72,3,-1,0,unknown,no
38,blue-collar,married,secondary,no,1944.0,yes,yes,cellular,8,jul,764,5,-1,0,unknown,no
69,housemaid,divorced,unknown,no,1309.5,yes,no,unknown,7,may,152,3,-1,0,unknown,no
46,admin.,single,secondary,no,1092.0,no,no,cellular,30,apr,230,1,-1,0,unknown,yes
64,blue-collar,married,primary,no,-358.5,yes,no,unknown,23,may,29,1,-1,0,unknown,no
46,blue-collar,divorced,primary,no,25.5,yes,no,cellular,16,jul,329,1,-1,0,unknown,no
66,management,divorced,tertiary,no,5827.5,yes,no,cellular,10,jul,51,1,-1,0,unknown,no
52,services,married,secondary,no,762.0,yes,no,unknown,30,may,70,1,-1,0,unknown,no
48,admin.,divorced,secondary,no,-76.5,no,yes,cellular,30,jan,102,1,-1,0,unknown,no
52,management,married,tertiary,no,148.5,no,no,cellular,21,aug,92,4,-1,0,unknown,no
45,blue-collar,married,secondary,no,111.0,no,no,cellular,23,jul,248,2,-1,0,unknown,no
61,services,married,secondary,no,0.0,no,no,cellular,8,aug,121,2,-1,0,unknown,no
39,management,single,tertiary,no,160.5,yes,no,cellular,21,jul,149,1,-1,0,unknown,no
39,blue-collar,single,secondary,no,0.0,no,no,cellular,22,jul,55,3,-1,0,unknown,no
41,retired,married,tertiary,no,0.0,yes,no,cellular,4,may,108,2,167,1,failure,no
44,admin.,single,tertiary,no,-298.5,no,yes,cellular,8,jul,130,1,-1,0,unknown,no
38,student,single,secondary,no,0.0,no,no,cellular,20,apr,185,1,-1,0,unknown,yes
54,services,single,secondary,no,7567.5,yes,no,cellular,21,nov,20,6,175,15,other,no
67,blue-collar,married,primary,no,1018.5,yes,no,unknown,6,jun,78,3,-1,0,unknown,no
44,management,married,tertiary,no,409.5,yes,no,cellular,20,nov,308,1,188,1,success,no
43,admin.,married,secondary,no,4066.5,no,no,cellular,20,nov,184,1,104,1,failure,no
51,retired,single,primary,no,3868.5,no,no,cellular,13,oct,213,1,-1,0,unknown,no
40,self-employed,single,tertiary,no,4705.5,yes,no,cellular,31,jul,368,7,-1,0,unknown,no
55,housemaid,married,secondary,no,6102.0,no,no,cellular,20,aug,184,1,-1,0,unknown,yes
44,technician,divorced,secondary,no,-414.0,yes,no,unknown,29,may,175,3,-1,0,unknown,no
38,services,married,secondary,no,-168.0,yes,yes,cellular,17,apr,73,2,-1,0,unknown,no
36,student,single,tertiary,no,0.0,yes,no,unknown,28,may,124,1,-1,0,unknown,no
56,blue-collar,married,secondary,no,378.0,yes,no,unknown,15,may,570,2,-1,0,unknown,no
44,retired,single,secondary,no,27.0,no,no,cellular,18,may,324,4,360,3,other,no
49,housemaid,married,tertiary,no,112.5,yes,no,unknown,20,may,332,2,-1,0,unknown,no
62,entrepreneur,married,primary,no,3891.0,yes,no,telephone,21,nov,425,1,-1,0,unknown,no
44,admin.,single,secondary,no,6654.0,yes,no,cellular,20,nov,292,2,178,6,failure,no
56,self-employed,married,tertiary,no,436.5,no,no,cellular,9,feb,105,4,-1,0,unknown,no
49,management,single,tertiary,no,2272.5,yes,no,cellular,4,may,815,6,167,6,failure,yes
67,technician,divorced,secondary,no,4065.0,yes,yes,unknown,7,may,333,1,-1,0,unknown,no
44,retired,single,tertiary,no,1602.0,yes,no,cellular,18,may,46,6,378,2,failure,no
41,self-employed,single,tertiary,no,5041.5,no,no,cellular,19,nov,457,2,-1,0,unknown,no
40,admin.,single,tertiary,no,457.5,no,no,cellular,4,feb,227,2,-1,0,unknown,yes
37,blue-collar,married,secondary,no,-502.5,yes,yes,unknown,4,jun,324,1,-1,0,unknown,no
53,technician,married,secondary,no,279.0,yes,no,cellular,19,nov,137,1,-1,0,unknown,no
63,blue-collar,married,secondary,no,9168.0,no,no,cellular,3,feb,211,1,-1,0,unknown,yes
60,retired,married,secondary,no,2185.5,no,yes,cellular,9,jul,167,1,-1,0,unknown,no
41,services,single,secondary,no,684.0,yes,no,cellular,28,jul,322,11,-1,0,unknown,no
41,management,married,tertiary,no,1876.5,no,no,cellular,21,aug,282,1,197,5,failure,no
43,services,married,secondary,no,1452.0,yes,no,cellular,14,may,204,5,-1,0,unknown,no
60,management,single,tertiary,no,400.5,no,no,unknown,17,jun,338,2,-1,0,unknown,no
49,services,married,secondary,no,13314.0,no,no,cellular,4,may,106,1,91,2,failure,no
39,management,single,tertiary,no,1083.0,yes,no,telephone,18,may,81,4,-1,0,unknown,no
35,blue-collar,single,secondary,no,2143.5,yes,no,unknown,29,may,187,3,-1,0,unknown,no
42,management,married,tertiary,no,3523.5,no,no,cellular,14,aug,134,5,-1,0,unknown,no
66,retired,married,secondary,no,2934.0,no,no,cellular,7,aug,126,2,-1,0,unknown,no
50,management,married,tertiary,no,130.5,yes,yes,cellular,21,nov,114,1,-1,0,unknown,no
50,retired,divorced,tertiary,no,735.0,yes,no,unknown,7,may,477,2,-1,0,unknown,no
45,management,married,tertiary,no,-702.0,yes,no,cellular,30,jul,540,8,-1,0,unknown,yes
46,management,single,tertiary,no,1032.0,no,no,cellular,25,feb,293,3,268,2,failure,no
36,services,divorced,primary,yes,3.0,yes,yes,cellular,25,jul,22,16,-1,0,unknown,no
39,management,single,tertiary,no,31.5,yes,no,cellular,14,may,107,4,371,3,failure,no
46,admin.,single,secondary,no,-310.5,no,no,cellular,2,feb,83,1,-1,0,unknown,no
48,technician,married,unknown,no,859.5,yes,no,unknown,6,may,87,1,-1,0,unknown,no
59,housemaid,married,tertiary,no,75.0,yes,yes,cellular,29,jan,149,1,-1,0,unknown,no
65,technician,married,secondary,no,1407.0,no,yes,cellular,19,nov,742,1,-1,0,unknown,no
49,management,married,tertiary,no,0.0,yes,yes,unknown,16,may,107,2,-1,0,unknown,no
43,retired,single,secondary,no,825.0,yes,no,unknown,9,may,84,1,-1,0,unknown,no
60,retired,divorced,secondary,no,174.0,yes,no,cellular,18,may,40,2,321,14,other,no
60,services,married,secondary,no,817.5,no,no,cellular,2,feb,72,1,-1,0,unknown,no
58,blue-collar,single,secondary,no,861.0,no,no,cellular,12,may,328,2,-1,0,unknown,no
70,management,married,secondary,no,537.0,no,no,unknown,18,jun,74,2,-1,0,unknown,no
39,management,single,tertiary,no,1045.5,no,no,cellular,30,apr,365,1,85,1,success,yes
39,technician,single,secondary,no,1011.0,no,no,cellular,17,apr,170,5,-1,0,unknown,yes
62,blue-collar,married,secondary,no,457.5,no,no,cellular,28,aug,26,26,-1,0,unknown,no
48,housemaid,divorced,tertiary,no,6468.0,no,no,cellular,15,may,67,4,175,6,failure,no
44,blue-collar,married,secondary,no,364.5,yes,no,cellular,18,may,507,1,-1,0,unknown,yes
58,unemployed,married,secondary,no,439.5,yes,no,unknown,5,may,243,1,-1,0,unknown,no
51,services,single,secondary,no,2443.5,yes,no,unknown,20,may,85,1,-1,0,unknown,no
48,technician,single,tertiary,no,34.5,no,no,cellular,23,jul,194,1,-1,0,unknown,no
51,blue-collar,married,secondary,no,0.0,no,no,unknown,5,jun,85,2,-1,0,unknown,no
44,blue-collar,married,secondary,no,744.0,yes,no,cellular,13,may,333,1,-1,0,unknown,yes
70,admin.,divorced,secondary,no,6778.5,no,no,cellular,2,feb,152,1,-1,0,unknown,no
56,management,single,tertiary,no,753.0,no,no,cellular,25,jul,18,2,-1,0,unknown,no
46,technician,divorced,secondary,no,103.5,yes,no,cellular,12,may,61,2,369,3,failure,no
46,management,married,tertiary,no,1977.0,yes,no,cellular,7,aug,100,2,-1,0,unknown,no
32,services,single,secondary,no,375.0,yes,no,cellular,18,may,117,3,-1,0,unknown,no
44,retired,single,secondary,no,445.5,yes,no,unknown,9,may,407,4,-1,0,unknown,no
44,technician,married,tertiary,no,0.0,yes,yes,cellular,28,apr,101,2,-1,0,unknown,no
39,unemployed,married,tertiary,no,79.5,no,no,cellular,4,feb,128,1,-1,0,unknown,no
42,management,single,tertiary,no,4372.5,no,no,cellular,8,sep,519,1,131,2,failure,yes
63,admin.,married,secondary,no,5554.5,yes,no,cellular,16,apr,104,1,267,1,failure,no
44,retired,married,secondary,no,0.0,no,no,cellular,5,aug,95,2,-1,0,unknown,no
49,services,divorced,secondary,no,-1077.0,yes,no,unknown,2,jun,90,4,-1,0,unknown,no
66,retired,married,secondary,no,589.5,no,yes,cellular,17,dec,103,1,206,1,failure,no
64,retired,married,secondary,no,4435.5,yes,no,unknown,4,jun,392,2,-1,0,unknown,no
35,admin.,single,secondary,no,456.0,no,no,unknown,16,may,523,3,-1,0,unknown,no
43,technician,single,tertiary,no,148.5,no,no,cellular,22,aug,296,2,-1,0,unknown,no
55,retired,married,secondary,no,0.0,yes,no,cellular,13,may,43,3,-1,0,unknown,no
43,blue-collar,married,secondary,no,-513.0,yes,no,unknown,28,may,528,2,-1,0,unknown,no
63,services,married,secondary,no,511.5,no,no,cellular,12,aug,90,2,104,2,success,no
67,entrepreneur,married,secondary,no,2832.0,no,no,cellular,20,nov,80,1,-1,0,unknown,no
64,management,divorced,tertiary,no,1942.5,yes,no,cellular,21,jul,179,10,-1,0,unknown,no
51,retired,single,tertiary,no,805.5,yes,no,cellular,29,jan,278,2,-1,0,unknown,no
65,unemployed,married,tertiary,no,685.5,yes,no,unknown,5,jun,61,3,-1,0,unknown,no
45,admin.,married,secondary,no,-130.5,yes,no,unknown,3,jun,1363,7,-1,0,unknown,yes
52,management,single,tertiary,no,15841.5,no,no,unknown,16,may,243,2,-1,0,unknown,no
44,management,married,tertiary,no,7288.5,no,no,cellular,30,apr,113,1,37,1,other,no
42,blue-collar,married,secondary,no,0.0,no,no,cellular,10,jul,269,1,-1,0,unknown,no
36,retired,married,secondary,no,2392.5,no,no,cellular,15,jun,155,1,105,1,failure,yes
54,blue-collar,divorced,secondary,no,408.0,yes,no,cellular,4,feb,219,4,205,2,failure,no
62,technician,divorced,secondary,no,582.0,yes,yes,unknown,27,may,139,1,-1,0,unknown,no
56,technician,divorced,tertiary,no,715.5,yes,no,unknown,6,may,114,1,-1,0,unknown,no
54,blue-collar,single,tertiary,no,1240.5,yes,no,unknown,18,jun,65,4,-1,0,unknown,no
43,management,single,tertiary,no,6192.0,yes,no,unknown,12,may,456,6,-1,0,unknown,no
57,self-employed,married,tertiary,no,288.0,no,no,telephone,30,jul,120,6,-1,0,unknown,no
47,retired,married,tertiary,no,0.0,no,no,cellular,11,mar,129,4,107,2,failure,no
50,entrepreneur,married,tertiary,no,1536.0,no,no,cellular,19,nov,723,1,-1,0,unknown,no
45,technician,married,tertiary,no,943.5,yes,yes,cellular,27,apr,77,1,-1,0,unknown,no
52,blue-collar,single,primary,no,7395.0,no,no,unknown,18,jun,973,1,-1,0,unknown,yes
39,technician,divorced,secondary,no,186.0,no,no,unknown,27,may,125,1,-1,0,unknown,no
65,management,married,tertiary,no,844.5,yes,no,cellular,19,nov,164,1,-1,0,unknown,no
62,technician,married,secondary,no,1596.0,no,no,cellular,14,aug,106,2,-1,0,unknown,no
95,retired,divorced,primary,no,10119.0,no,no,telephone,21,oct,749,1,-1,0,unknown,yes
50,retired,married,secondary,no,13266.0,no,no,cellular,8,aug,204,1,-1,0,unknown,no
32,management,single,tertiary,no,156.0,no,yes,cellular,18,oct,509,1,185,3,success,yes
62,management,single,tertiary,no,3435.0,no,no,cellular,30,apr,195,2,268,2,other,no
40,management,single,tertiary,no,1218.0,no,no,cellular,12,aug,91,4,-1,0,unknown,no
43,management,single,tertiary,no,1384.5,yes,no,unknown,30,may,118,6,-1,0,unknown,no
49,management,married,tertiary,no,3064.5,yes,no,unknown,17,jun,85,1,-1,0,unknown,no
45,self-employed,single,tertiary,no,106.5,no,no,cellular,15,jun,651,1,-1,0,unknown,yes
58,blue-collar,married,primary,no,735.0,yes,no,unknown,19,may,622,2,-1,0,unknown,no
50,blue-collar,married,secondary,no,-1110.0,yes,no,unknown,20,may,126,3,-1,0,unknown,no
70,retired,married,secondary,no,1257.0,no,no,cellular,9,jul,147,1,-1,0,unknown,no
43,management,divorced,tertiary,no,70.5,no,no,cellular,18,may,47,3,178,3,failure,no
39,admin.,single,secondary,no,244.5,yes,yes,unknown,16,may,803,1,-1,0,unknown,yes
65,technician,divorced,secondary,no,0.0,yes,no,unknown,20,may,365,4,-1,0,unknown,no
52,management,married,tertiary,no,6021.0,yes,no,cellular,21,nov,149,4,186,1,other,no
67,management,married,tertiary,no,2454.0,no,no,cellular,17,nov,123,1,-1,0,unknown,no
63,management,married,tertiary,no,1428.0,yes,yes,cellular,18,nov,121,3,-1,0,unknown,no
53,admin.,single,secondary,no,9.0,no,no,unknown,16,may,244,1,-1,0,unknown,no
53,blue-collar,married,secondary,no,1882.5,yes,yes,cellular,7,may,300,2,-1,0,unknown,no
45,self-employed,married,secondary,no,-84.0,yes,no,cellular,15,may,162,2,361,3,failure,no
64,admin.,married,secondary,no,2449.5,no,no,cellular,3,jul,409,2,-1,0,unknown,yes
66,blue-collar,divorced,secondary,no,1401.0,no,no,cellular,29,jul,375,2,-1,0,unknown,no
42,blue-collar,married,secondary,no,2868.0,yes,no,telephone,17,apr,42,1,-1,0,unknown,no
55,admin.,married,secondary,no,3834.0,no,no,telephone,26,jan,196,2,-1,0,unknown,no
41,unemployed,single,tertiary,no,453.0,no,no,cellular,3,feb,349,1,357,3,success,yes
47,retired,married,tertiary,no,85.5,no,no,unknown,16,jun,77,1,-1,0,unknown,no
48,admin.,married,secondary,no,2959.5,no,no,cellular,21,nov,155,2,-1,0,unknown,no
56,blue-collar,married,primary,no,930.0,yes,no,cellular,20,aug,174,2,-1,0,unknown,no
48,retired,married,tertiary,no,247.5,yes,no,cellular,17,apr,526,1,260,2,other,yes
52,management,married,secondary,no,9789.0,no,no,cellular,18,jun,133,2,399,3,failure,no
67,admin.,married,secondary,no,9007.5,yes,no,cellular,8,may,704,1,323,6,failure,yes
54,admin.,single,secondary,no,-151.5,yes,no,cellular,10,jul,99,1,-1,0,unknown,no
46,blue-collar,married,secondary,no,1462.5,yes,no,cellular,7,may,186,2,295,1,failure,no
39,retired,single,secondary,no,-328.5,yes,no,cellular,15,may,85,3,368,2,failure,no
47,management,married,tertiary,no,2458.5,yes,no,cellular,4,feb,207,3,272,3,other,no
36,services,single,secondary,no,190.5,yes,yes,cellular,23,jul,85,3,-1,0,unknown,no
40,student,single,secondary,no,232.5,no,no,cellular,3,jun,206,3,-1,0,unknown,no
42,management,married,tertiary,no,274.5,yes,no,cellular,7,aug,112,3,-1,0,unknown,no
49,admin.,single,secondary,no,7375.5,yes,yes,cellular,6,may,26,1,-1,0,unknown,no
46,management,married,tertiary,no,541.5,no,no,cellular,5,jun,200,2,-1,0,unknown,no
44,management,married,secondary,no,553.5,no,no,cellular,2,aug,868,3,342,4,failure,yes
45,retired,married,tertiary,no,3874.5,no,no,cellular,19,nov,210,1,-1,0,unknown,no
73,admin.,divorced,secondary,no,7020.0,no,no,cellular,15,sep,953,2,-1,0,unknown,yes
35,self-employed,single,tertiary,no,1396.5,yes,no,cellular,11,may,263,2,348,4,failure,no
66,retired,married,secondary,no,9171.0,no,no,telephone,29,jul,168,2,-1,0,unknown,no
67,blue-collar,married,secondary,no,973.5,yes,no,cellular,13,may,169,2,-1,0,unknown,no
55,blue-collar,divorced,primary,no,12.0,no,yes,unknown,4,jul,407,1,-1,0,unknown,no
49,blue-collar,married,tertiary,no,309.0,yes,yes,unknown,28,may,153,3,-1,0,unknown,no
70,retired,married,tertiary,no,150.0,no,no,unknown,5,may,528,1,-1,0,unknown,no
43,technician,divorced,secondary,no,442.5,no,no,cellular,19,aug,360,2,-1,0,unknown,no
52,self-employed,married,tertiary,no,4231.5,no,no,unknown,11,jun,203,2,-1,0,unknown,no
33,retired,single,secondary,no,375.0,yes,no,cellular,18,may,222,1,-1,0,unknown,no
53,unemployed,married,secondary,no,1422.0,yes,no,cellular,20,apr,199,6,-1,0,unknown,no
72,retired,married,unknown,no,7090.5,yes,no,telephone,28,jan,80,4,90,4,other,no
84,retired,married,secondary,no,2647.5,no,no,telephone,11,sep,290,2,-1,0,unknown,yes
41,admin.,single,secondary,no,480.0,yes,no,cellular,15,may,376,2,-1,0,unknown,no
37,blue-collar,married,secondary,no,153.0,no,yes,cellular,7,jul,159,2,-1,0,unknown,no
41,blue-collar,married,secondary,no,64.5,yes,no,cellular,12,may,137,1,-1,0,unknown,no
64,management,married,tertiary,no,0.0,yes,no,cellular,24,jul,140,2,-1,0,unknown,no
48,blue-collar,married,primary,no,2710.5,no,no,unknown,7,may,348,3,-1,0,unknown,no
51,unemployed,single,primary,no,3256.5,no,no,telephone,31,jul,120,2,-1,0,unknown,no
58,blue-collar,married,secondary,no,4.5,no,yes,cellular,19,aug,289,2,-1,0,unknown,no
54,technician,single,secondary,no,375.0,no,no,telephone,2,mar,382,2,-1,0,unknown,yes
42,blue-collar,married,secondary,no,751.5,yes,yes,unknown,30,may,43,5,-1,0,unknown,no
69,admin.,divorced,secondary,no,4956.0,yes,no,unknown,2,jun,250,2,-1,0,unknown,no
42,entrepreneur,single,tertiary,no,11461.5,yes,yes,cellular,21,nov,39,10,-1,0,unknown,no
48,retired,single,tertiary,no,3519.0,yes,no,cellular,28,jan,315,1,-1,0,unknown,no
36,blue-collar,married,secondary,no,8692.5,yes,no,cellular,14,may,1094,2,-1,0,unknown,yes
45,entrepreneur,single,tertiary,no,-102.0,yes,yes,unknown,15,may,203,4,-1,0,unknown,no
40,admin.,married,secondary,no,249.0,no,no,unknown,14,jun,30,1,-1,0,unknown,no
51,blue-collar,married,primary,no,1029.0,yes,no,cellular,21,nov,888,3,-1,0,unknown,no
42,blue-collar,divorced,primary,no,237.0,yes,no,cellular,5,feb,728,4,253,1,failure,no
47,technician,married,tertiary,no,10.5,yes,yes,cellular,31,jul,18,10,-1,0,unknown,no
69,retired,married,secondary,no,2281.5,yes,yes,unknown,14,may,1125,2,-1,0,unknown,yes
52,management,married,tertiary,no,661.5,no,no,cellular,7,aug,296,9,-1,0,unknown,no
43,admin.,married,secondary,no,0.0,yes,no,cellular,15,jul,120,6,-1,0,unknown,no
42,unemployed,married,unknown,no,1321.5,no,no,cellular,9,feb,79,5,-1,0,unknown,no
82,retired,married,secondary,no,1693.5,no,no,cellular,26,aug,186,1,-1,0,unknown,yes
50,blue-collar,single,unknown,no,-231.0,yes,yes,unknown,19,may,258,1,-1,0,unknown,no
35,housemaid,married,primary,no,1003.5,yes,no,cellular,24,jul,367,2,-1,0,unknown,no
37,unemployed,single,primary,no,2188.5,yes,no,telephone,29,jan,153,1,-1,0,unknown,no
47,services,married,secondary,no,2676.0,yes,no,cellular,19,nov,19,5,-1,0,unknown,no
49,admin.,married,secondary,no,3897.0,no,no,cellular,17,nov,123,1,-1,0,unknown,no
36,student,single,secondary,no,0.0,no,no,cellular,27,may,107,2,-1,0,unknown,no
37,unemployed,single,tertiary,no,-669.0,yes,no,unknown,26,may,120,1,-1,0,unknown,no
63,blue-collar,married,secondary,no,724.5,yes,no,cellular,3,feb,288,3,-1,0,unknown,no
41,retired,single,secondary,no,0.0,yes,yes,unknown,16,may,111,1,-1,0,unknown,no
43,retired,married,secondary,no,10.5,yes,no,unknown,20,may,217,1,-1,0,unknown,no
63,management,married,tertiary,no,2436.0,no,no,cellular,30,apr,284,3,84,3,success,yes
53,blue-collar,single,secondary,no,922.5,no,no,cellular,14,jul,97,4,-1,0,unknown,no
38,management,single,tertiary,no,336.0,yes,no,cellular,2,feb,97,3,-1,0,unknown,no
53,retired,married,tertiary,no,7717.5,no,no,cellular,7,aug,51,7,-1,0,unknown,no
46,retired,single,primary,no,1104.0,yes,no,cellular,16,apr,114,2,304,2,failure,no
48,technician,single,secondary,no,919.5,yes,yes,cellular,6,may,285,2,254,14,other,no
41,technician,married,secondary,no,3660.0,no,no,cellular,6,nov,312,1,-1,0,unknown,no
37,technician,married,secondary,no,-588.0,yes,no,cellular,23,jul,228,2,-1,0,unknown,yes
41,management,married,tertiary,no,88.5,yes,no,unknown,8,may,314,3,-1,0,unknown,no
36,admin.,single,secondary,no,280.5,no,no,cellular,30,jan,226,2,-1,0,unknown,no
39,retired,married,tertiary,no,0.0,yes,no,unknown,4,jun,113,2,-1,0,unknown,no
72,management,married,tertiary,no,11187.0,no,no,cellular,30,oct,212,2,-1,0,unknown,yes
50,admin.,married,secondary,no,1150.5,yes,no,cellular,6,feb,168,1,-1,0,unknown,no
49,entrepreneur,married,secondary,no,3208.5,yes,no,cellular,15,may,576,4,371,1,failure,yes
40,admin.,single,tertiary,no,6193.5,no,no,cellular,1,sep,77,1,-1,0,unknown,no
39,blue-collar,single,secondary,yes,-870.0,yes,no,unknown,23,jun,123,2,-1,0,unknown,no
61,retired,married,primary,no,288.0,no,no,unknown,18,jun,129,3,-1,0,unknown,no
56,management,married,tertiary,no,8196.0,no,no,unknown,20,jun,79,4,-1,0,unknown,no
32,retired,single,secondary,no,171.0,no,no,cellular,30,mar,517,1,-1,0,unknown,yes
49,blue-collar,single,secondary,no,2508.0,yes,no,cellular,20,apr,462,1,648,1,failure,yes
64,technician,divorced,secondary,no,-553.5,no,no,cellular,22,jul,246,4,-1,0,unknown,no
92,housemaid,divorced,primary,no,2071.5,no,no,cellular,28,jul,844,5,181,4,failure,yes
56,blue-collar,divorced,primary,no,0.0,no,no,unknown,20,jun,62,2,-1,0,unknown,no
70,retired,married,secondary,no,0.0,no,no,cellular,19,aug,359,4,-1,0,unknown,no
70,retired,single,secondary,no,2437.5,no,no,unknown,12,jun,119,1,-1,0,unknown,no
40,management,single,tertiary,no,5010.0,no,no,cellular,3,jun,238,3,-1,0,unknown,yes
47,admin.,married,secondary,no,459.0,no,no,unknown,16,jun,73,1,-1,0,unknown,no
45,services,divorced,secondary,no,1113.0,no,no,cellular,28,jul,83,7,-1,0,unknown,no
58,unemployed,married,tertiary,no,2356.5,yes,no,cellular,24,feb,104,3,-1,0,unknown,no
51,housemaid,married,secondary,no,18.0,no,yes,cellular,28,jul,472,3,-1,0,unknown,no
44,blue-collar,married,primary,no,-159.0,yes,no,unknown,27,may,237,1,-1,0,unknown,no
46,blue-collar,married,secondary,no,118.5,yes,yes,cellular,2,jun,74,2,-1,0,unknown,no
41,technician,married,secondary,no,369.0,no,no,cellular,7,aug,159,2,-1,0,unknown,no
62,services,divorced,primary,no,166.5,yes,no,unknown,12,may,179,2,-1,0,unknown,no
41,admin.,single,tertiary,no,-291.0,no,no,unknown,21,may,165,2,-1,0,unknown,no
48,blue-collar,married,secondary,no,1653.0,yes,no,unknown,23,may,159,3,-1,0,unknown,no
55,retired,married,tertiary,no,6970.5,no,no,cellular,29,jul,109,3,-1,0,unknown,no
37,admin.,married,secondary,no,1549.5,yes,no,unknown,9,may,1713,1,-1,0,unknown,no
47,blue-collar,married,primary,yes,-213.0,no,no,unknown,11,jun,199,3,-1,0,unknown,no
59,blue-collar,married,primary,no,777.0,yes,no,unknown,12,jun,223,1,-1,0,unknown,no
46,services,single,secondary,no,261.0,yes,no,unknown,7,may,223,2,-1,0,unknown,no
48,housemaid,single,tertiary,no,0.0,no,no,cellular,3,jun,137,3,-1,0,unknown,no
59,management,married,tertiary,no,6300.0,yes,no,telephone,16,jun,55,2,-1,0,unknown,no
54,management,single,secondary,no,19.5,no,no,unknown,6,jun,116,11,-1,0,unknown,no
42,technician,single,secondary,no,2598.0,yes,no,cellular,14,aug,1871,3,-1,0,unknown,yes
45,admin.,married,unknown,no,1582.5,no,no,cellular,2,mar,59,2,-1,0,unknown,no
49,technician,married,secondary,no,4147.5,yes,yes,unknown,20,jun,116,3,-1,0,unknown,no
43,services,single,secondary,no,493.5,yes,yes,cellular,7,jul,227,4,-1,0,unknown,no
48,blue-collar,married,secondary,no,837.0,yes,no,cellular,6,feb,427,3,-1,0,unknown,no
54,services,divorced,secondary,no,0.0,yes,no,cellular,11,may,151,2,370,2,failure,no
58,technician,married,secondary,no,48.0,yes,yes,cellular,17,nov,110,2,-1,0,unknown,no
69,retired,married,primary,no,2134.5,yes,no,unknown,15,may,584,2,-1,0,unknown,no
40,blue-collar,single,secondary,no,1438.5,yes,no,cellular,7,may,375,1,-1,0,unknown,no
50,blue-collar,married,secondary,no,1125.0,yes,yes,cellular,16,apr,340,1,281,1,failure,no
49,technician,married,secondary,no,141.0,no,no,unknown,16,jun,182,2,-1,0,unknown,no
70,retired,married,primary,no,2382.0,no,no,cellular,6,oct,728,1,-1,0,unknown,yes
46,management,married,tertiary,no,2376.0,yes,no,cellular,18,jul,178,1,-1,0,unknown,no
50,retired,married,tertiary,no,-742.5,no,yes,cellular,29,jul,303,2,-1,0,unknown,no
54,unemployed,single,tertiary,no,1215.0,no,no,cellular,4,aug,184,1,-1,0,unknown,no
50,technician,married,secondary,no,0.0,no,no,unknown,11,jun,420,1,-1,0,unknown,no
53,retired,married,secondary,no,588.0,no,no,unknown,17,jun,332,5,-1,0,unknown,no
67,housemaid,divorced,primary,no,592.5,no,no,unknown,11,jun,125,1,-1,0,unknown,no
46,blue-collar,married,secondary,no,4341.0,yes,no,cellular,17,jul,747,1,-1,0,unknown,no
55,technician,married,secondary,no,0.0,yes,no,unknown,29,may,155,1,-1,0,unknown,no
46,admin.,married,tertiary,no,4690.5,yes,no,unknown,20,may,147,2,-1,0,unknown,no
68,retired,married,tertiary,no,345.0,yes,no,telephone,30,jul,339,10,-1,0,unknown,no
37,blue-collar,single,secondary,no,1.5,yes,no,cellular,28,jul,120,6,-1,0,unknown,no
56,blue-collar,married,secondary,no,-66.0,no,yes,telephone,22,aug,16,13,-1,0,unknown,no
44,entrepreneur,married,tertiary,no,0.0,yes,no,telephone,4,nov,217,1,-1,0,unknown,no
62,retired,married,unknown,no,0.0,yes,no,unknown,13,may,165,2,-1,0,unknown,no
48,blue-collar,single,secondary,no,2536.5,no,no,unknown,12,jun,265,3,-1,0,unknown,no
49,technician,married,secondary,no,13681.5,no,no,unknown,5,jun,147,1,-1,0,unknown,no
43,self-employed,married,tertiary,no,1873.5,yes,no,cellular,11,jul,261,2,-1,0,unknown,no
50,blue-collar,married,secondary,no,754.5,yes,yes,cellular,18,may,24,2,-1,0,unknown,no
66,admin.,married,secondary,no,49.5,yes,no,cellular,19,aug,97,2,-1,0,unknown,no
70,management,married,tertiary,no,8985.0,yes,no,cellular,6,may,396,3,-1,0,unknown,yes
42,unemployed,divorced,secondary,no,790.5,no,no,cellular,28,jan,38,1,-1,0,unknown,no
42,retired,single,tertiary,no,2301.0,no,no,cellular,2,feb,199,2,-1,0,unknown,no
67,admin.,married,tertiary,no,13966.5,no,no,unknown,20,jun,485,3,-1,0,unknown,no
51,management,married,tertiary,no,376.5,no,yes,unknown,6,jun,85,3,-1,0,unknown,no
55,management,divorced,secondary,no,411.0,no,yes,cellular,4,feb,101,1,-1,0,unknown,no
67,technician,divorced,secondary,no,4657.5,yes,no,unknown,14,may,173,11,-1,0,unknown,no
45,technician,divorced,secondary,no,0.0,no,no,cellular,25,aug,124,4,-1,0,unknown,no
68,retired,married,secondary,no,11331.0,no,no,telephone,9,feb,167,1,469,1,success,no
53,retired,divorced,secondary,no,0.0,no,no,cellular,19,aug,332,3,-1,0,unknown,no
50,blue-collar,married,secondary,no,-924.0,yes,no,unknown,17,jun,370,2,-1,0,unknown,no
62,blue-collar,married,secondary,no,573.0,no,yes,cellular,26,aug,98,7,-1,0,unknown,no
43,admin.,single,secondary,no,877.5,yes,no,cellular,21,jul,147,5,-1,0,unknown,no
41,management,married,tertiary,no,124.5,no,no,cellular,29,jan,300,1,-1,0,unknown,no
62,retired,married,secondary,no,814.5,yes,no,cellular,13,apr,211,2,-1,0,unknown,no
54,blue-collar,divorced,secondary,no,4887.0,no,no,cellular,31,jul,58,6,-1,0,unknown,no
60,blue-collar,divorced,primary,no,2443.5,yes,no,cellular,14,may,67,1,-1,0,unknown,no
45,retired,married,tertiary,no,-97.5,yes,no,unknown,30,may,80,3,-1,0,unknown,no
42,technician,married,tertiary,no,1414.5,no,no,cellular,14,aug,127,2,-1,0,unknown,no
49,blue-collar,divorced,secondary,yes,-303.0,yes,yes,cellular,15,may,157,4,-1,0,unknown,no
40,admin.,married,secondary,no,6.0,no,no,unknown,20,jun,7,2,-1,0,unknown,no
69,blue-collar,married,secondary,no,19392.0,no,no,cellular,8,aug,66,2,-1,0,unknown,no
77,retired,married,secondary,no,1719.0,no,no,cellular,13,nov,259,1,92,2,failure,yes
42,management,married,tertiary,no,1296.0,yes,no,cellular,28,aug,17,19,-1,0,unknown,no
57,services,married,secondary,no,417.0,yes,no,cellular,7,may,51,1,366,1,other,no
65,blue-collar,divorced,secondary,no,0.0,no,no,unknown,19,jun,120,1,-1,0,unknown,no
69,management,married,tertiary,yes,1173.0,no,yes,cellular,13,aug,127,2,-1,0,unknown,no
50,services,married,secondary,no,1326.0,no,no,cellular,15,jul,166,4,-1,0,unknown,no
65,retired,married,secondary,no,1848.0,no,no,cellular,27,aug,97,7,-1,0,unknown,no
53,retired,divorced,secondary,no,520.5,no,no,cellular,19,nov,1468,3,-1,0,unknown,yes
58,entrepreneur,married,tertiary,no,691.5,no,yes,cellular,17,jul,284,1,-1,0,unknown,no
43,services,married,secondary,no,-348.0,yes,no,unknown,8,may,208,1,-1,0,unknown,no
58,retired,married,secondary,no,7617.0,yes,no,telephone,8,may,139,1,-1,0,unknown,no
54,management,divorced,secondary,no,961.5,yes,no,cellular,5,feb,79,2,269,3,other,no
51,blue-collar,divorced,secondary,no,261.0,yes,no,cellular,14,may,367,2,297,1,other,no
60,technician,married,secondary,no,30.0,yes,no,cellular,8,may,57,1,303,1,failure,no
61,admin.,married,secondary,no,634.5,yes,yes,cellular,14,jan,236,1,90,1,failure,no
42,blue-collar,married,primary,no,2854.5,yes,no,unknown,23,may,297,3,-1,0,unknown,no
42,services,married,secondary,no,148.5,yes,no,cellular,13,may,152,3,-1,0,unknown,no
47,unemployed,divorced,secondary,no,111.0,yes,no,cellular,6,feb,120,1,275,1,failure,no
40,retired,married,secondary,no,2670.0,yes,no,unknown,28,may,116,12,-1,0,unknown,no
62,management,married,secondary,no,502.5,no,no,cellular,21,oct,411,1,182,1,failure,yes
61,management,married,tertiary,no,136.5,yes,no,unknown,9,may,178,2,-1,0,unknown,no
44,management,married,tertiary,no,1096.5,yes,no,cellular,21,nov,378,4,-1,0,unknown,no
40,retired,single,tertiary,no,2058.0,no,no,cellular,20,nov,240,2,-1,0,unknown,no
44,retired,married,secondary,no,7956.0,yes,no,unknown,21,may,51,2,-1,0,unknown,no
54,blue-collar,single,secondary,no,949.5,yes,no,unknown,13,may,1032,1,-1,0,unknown,no
42,admin.,married,secondary,no,759.0,yes,no,unknown,23,may,188,6,-1,0,unknown,no
68,unknown,single,secondary,no,466.5,no,no,unknown,6,jun,248,2,-1,0,unknown,no
29,student,single,secondary,no,939.0,no,no,telephone,15,apr,117,1,-1,0,unknown,no
44,technician,married,tertiary,no,0.0,yes,no,cellular,25,jul,52,3,-1,0,unknown,no
45,technician,married,secondary,no,35814.0,no,no,cellular,18,aug,191,2,-1,0,unknown,no
41,unemployed,single,secondary,no,750.0,yes,no,cellular,18,may,184,2,350,2,failure,no
53,admin.,single,secondary,no,579.0,no,no,cellular,12,jul,220,3,529,1,failure,yes
34,services,single,secondary,no,744.0,yes,no,cellular,3,apr,297,1,323,2,failure,no
51,admin.,married,secondary,no,186.0,yes,no,cellular,12,may,191,3,-1,0,unknown,no
67,retired,married,secondary,no,3030.0,no,no,unknown,19,jun,93,4,-1,0,unknown,no
48,retired,single,tertiary,no,346.5,no,no,cellular,19,aug,118,2,-1,0,unknown,no
57,admin.,married,secondary,no,994.5,yes,yes,cellular,12,may,409,1,274,6,other,yes
41,retired,married,secondary,no,99.0,no,no,unknown,27,may,121,1,-1,0,unknown,no
47,technician,married,secondary,no,477.0,no,no,cellular,7,aug,83,1,95,4,other,no
64,management,divorced,secondary,no,450.0,yes,no,cellular,7,may,329,1,168,2,success,no
36,retired,single,secondary,no,382.5,no,no,cellular,30,apr,457,1,80,1,success,yes
52,blue-collar,married,primary,no,487.5,yes,no,cellular,14,may,99,4,-1,0,unknown,no
54,blue-collar,married,primary,no,481.5,yes,no,unknown,11,jun,59,8,-1,0,unknown,no
41,blue-collar,married,primary,no,2481.0,yes,no,cellular,18,may,288,1,-1,0,unknown,no
46,technician,married,secondary,no,-268.5,yes,no,cellular,18,nov,476,2,124,1,failure,no
47,services,married,secondary,no,1342.5,yes,yes,cellular,4,feb,219,2,245,1,failure,no
41,management,married,tertiary,no,3978.0,no,no,cellular,25,aug,9,9,-1,0,unknown,no
57,management,married,tertiary,no,3709.5,yes,yes,cellular,31,jul,122,2,-1,0,unknown,no
49,services,single,unknown,no,385.5,yes,no,unknown,5,may,408,1,-1,0,unknown,no
42,technician,single,secondary,no,5379.0,no,no,cellular,18,aug,71,3,-1,0,unknown,no
38,management,single,tertiary,no,1878.0,yes,yes,cellular,8,jul,319,4,-1,0,unknown,no
62,admin.,married,secondary,no,5554.5,yes,no,cellular,23,jul,152,1,-1,0,unknown,no
40,technician,married,secondary,no,19.5,yes,yes,cellular,24,jul,205,1,-1,0,unknown,no
64,services,married,secondary,no,6529.5,yes,yes,cellular,29,jul,197,2,-1,0,unknown,no
70,blue-collar,married,secondary,no,8175.0,no,no,cellular,18,aug,113,4,-1,0,unknown,no
58,retired,married,secondary,no,5494.5,yes,no,telephone,7,may,25,5,169,1,failure,no
43,unemployed,single,tertiary,no,925.5,no,no,cellular,2,feb,620,2,-1,0,unknown,no
40,self-employed,single,secondary,no,466.5,yes,yes,unknown,28,may,198,3,-1,0,unknown,no
56,management,married,tertiary,no,1074.0,yes,yes,cellular,8,may,557,1,172,1,failure,no
69,retired,married,unknown,no,1549.5,no,no,unknown,11,jun,1199,1,-1,0,unknown,yes
50,blue-collar,married,secondary,no,1488.0,yes,yes,cellular,14,jul,297,3,-1,0,unknown,no
43,admin.,married,secondary,no,330.0,yes,no,unknown,27,may,345,1,-1,0,unknown,no
40,services,single,secondary,no,435.0,yes,no,unknown,12,may,446,1,-1,0,unknown,no
52,management,married,tertiary,no,2650.5,yes,no,unknown,30,may,283,1,-1,0,unknown,no
43,retired,married,secondary,no,2857.5,yes,no,cellular,13,may,39,1,301,2,success,no
54,management,married,tertiary,no,3600.0,no,no,unknown,20,jun,82,1,-1,0,unknown,no
64,admin.,married,secondary,no,166.5,no,no,cellular,28,aug,29,13,-1,0,unknown,no
36,student,single,secondary,no,1072.5,yes,no,unknown,20,jun,31,10,-1,0,unknown,no
68,admin.,married,unknown,no,0.0,yes,no,cellular,17,nov,219,1,186,2,failure,no
50,retired,married,secondary,no,1590.0,yes,no,cellular,17,apr,14,3,-1,0,unknown,no
37,blue-collar,married,primary,yes,-882.0,no,no,unknown,13,may,531,2,-1,0,unknown,no
54,management,divorced,tertiary,no,9427.5,yes,no,cellular,20,nov,136,3,125,2,other,no
72,management,married,secondary,no,1692.0,no,no,cellular,2,sep,236,1,290,3,other,yes
58,retired,divorced,tertiary,no,2101.5,yes,no,unknown,20,jun,72,3,-1,0,unknown,no
67,retired,divorced,primary,no,1080.0,no,no,telephone,17,feb,202,4,-1,0,unknown,yes
63,blue-collar,married,unknown,no,1803.0,yes,no,unknown,29,may,332,2,-1,0,unknown,no
47,retired,divorced,secondary,no,-262.5,yes,no,cellular,30,jan,638,4,266,1,failure,no
45,retired,married,tertiary,no,9.0,yes,yes,unknown,15,may,136,1,-1,0,unknown,no
62,entrepreneur,divorced,tertiary,no,121.5,yes,no,unknown,19,may,214,3,-1,0,unknown,no
66,blue-collar,divorced,primary,no,427.5,no,yes,cellular,20,nov,73,1,-1,0,unknown,no
36,retired,married,primary,no,7674.0,yes,no,cellular,22,jul,246,3,-1,0,unknown,no
51,housemaid,married,primary,no,2427.0,yes,no,cellular,7,jul,134,2,-1,0,unknown,no
58,self-employed,married,tertiary,no,24.0,yes,yes,cellular,18,nov,214,1,-1,0,unknown,no
50,blue-collar,married,primary,no,3976.5,yes,no,unknown,15,may,94,1,-1,0,unknown,no
82,retired,single,unknown,no,882.0,no,yes,cellular,5,mar,66,3,-1,0,unknown,no
63,technician,married,secondary,no,9.0,yes,no,unknown,5,may,517,1,-1,0,unknown,no
74,retired,married,primary,no,64.5,no,no,cellular,10,dec,232,1,-1,0,unknown,yes
49,technician,married,tertiary,no,762.0,no,no,cellular,4,mar,431,1,122,3,failure,no
80,retired,divorced,secondary,no,6858.0,no,no,cellular,8,jul,173,11,162,5,failure,no
62,blue-collar,married,secondary,no,-147.0,yes,no,unknown,7,may,423,1,-1,0,unknown,no
41,services,single,tertiary,no,930.0,no,no,cellular,30,apr,214,1,87,1,failure,no
40,blue-collar,married,secondary,no,-3.0,yes,no,unknown,9,may,136,2,-1,0,unknown,no
56,services,married,secondary,no,2635.5,yes,no,unknown,14,may,380,4,-1,0,unknown,no
61,admin.,married,secondary,no,-343.5,no,no,cellular,9,feb,18,3,12,1,other,no
49,management,single,tertiary,no,1714.5,yes,no,cellular,8,may,89,6,-1,0,unknown,no
42,management,single,tertiary,no,2634.0,yes,no,unknown,21,may,206,3,-1,0,unknown,no
43,admin.,married,secondary,no,591.0,yes,no,telephone,1,sep,104,3,-1,0,unknown,no
65,blue-collar,divorced,primary,no,322.5,no,no,unknown,12,jun,202,1,-1,0,unknown,no
64,entrepreneur,single,tertiary,no,8125.5,yes,no,cellular,3,apr,376,1,-1,0,unknown,no
56,admin.,married,secondary,no,1992.0,yes,no,unknown,28,may,82,6,-1,0,unknown,no
47,blue-collar,married,unknown,no,-1575.0,yes,no,unknown,2,jun,548,2,-1,0,unknown,no
46,admin.,single,secondary,no,0.0,no,no,unknown,20,may,37,1,-1,0,unknown,no
56,retired,married,primary,no,2061.0,no,yes,unknown,14,may,22,3,-1,0,unknown,no
41,management,single,tertiary,no,1695.0,yes,no,cellular,17,apr,224,3,74,4,failure,no
50,retired,married,secondary,no,1615.5,yes,yes,cellular,17,nov,148,2,-1,0,unknown,no
37,admin.,married,tertiary,no,109.5,no,no,cellular,30,apr,374,1,79,1,success,no
57,technician,married,tertiary,no,3612.0,no,no,cellular,12,aug,236,1,104,1,success,no
49,technician,single,secondary,no,15354.0,no,no,unknown,20,jun,10,3,-1,0,unknown,no
60,management,married,tertiary,no,3718.5,no,no,cellular,17,nov,259,1,-1,0,unknown,no
67,retired,married,secondary,no,102.0,yes,no,cellular,8,may,65,2,-1,0,unknown,no
40,services,single,secondary,no,222.0,no,yes,cellular,7,jul,482,3,-1,0,unknown,no
70,retired,married,tertiary,no,337.5,no,no,cellular,19,aug,54,2,-1,0,unknown,no
67,services,married,secondary,no,10311.0,yes,no,unknown,14,may,356,1,-1,0,unknown,no
90,retired,married,unknown,no,532.5,no,no,telephone,10,aug,156,1,-1,0,unknown,no
43,retired,single,tertiary,no,3309.0,yes,no,cellular,18,nov,247,1,-1,0,unknown,no
48,retired,married,secondary,no,0.0,yes,no,telephone,28,jul,121,2,-1,0,unknown,no
42,services,single,secondary,no,-82.5,yes,no,cellular,15,apr,601,1,-1,0,unknown,no
53,retired,married,tertiary,no,2176.5,yes,no,unknown,20,jun,11,12,-1,0,unknown,no
45,blue-collar,married,secondary,no,129.0,no,no,cellular,31,jul,128,2,-1,0,unknown,no
37,retired,single,secondary,no,135.0,no,no,cellular,2,feb,82,3,-1,0,unknown,no
45,retired,married,tertiary,no,162.0,yes,no,cellular,31,jul,65,3,-1,0,unknown,no
40,admin.,married,secondary,no,1309.5,yes,no,telephone,12,nov,119,1,167,3,success,no
51,management,single,tertiary,no,0.0,yes,no,cellular,17,jul,509,7,-1,0,unknown,no
60,blue-collar,married,secondary,no,111.0,yes,yes,unknown,27,may,146,1,-1,0,unknown,no
66,housemaid,married,secondary,no,928.5,yes,no,telephone,21,jul,65,1,-1,0,unknown,no
40,student,single,tertiary,no,37.5,yes,no,unknown,5,may,89,2,-1,0,unknown,no
45,technician,married,secondary,no,1068.0,yes,yes,cellular,13,may,255,2,264,5,failure,no
62,admin.,married,secondary,no,285.0,no,no,cellular,27,aug,276,3,-1,0,unknown,no
36,student,single,secondary,no,418.5,no,no,cellular,7,may,239,3,-1,0,unknown,no
50,admin.,divorced,secondary,no,1174.5,yes,yes,unknown,16,may,171,2,-1,0,unknown,no
46,services,single,secondary,no,-400.5,yes,no,cellular,14,may,99,7,352,1,failure,no
46,services,married,secondary,no,481.5,yes,no,cellular,15,jul,160,2,-1,0,unknown,no
62,blue-collar,married,secondary,no,835.5,no,no,unknown,8,may,111,3,-1,0,unknown,no
33,student,single,primary,no,1852.5,no,no,cellular,11,sep,122,2,91,3,failure,no
42,blue-collar,married,primary,no,1734.0,yes,no,unknown,26,may,185,5,-1,0,unknown,no
50,retired,single,secondary,no,2929.5,no,no,telephone,31,jul,78,2,-1,0,unknown,no
53,blue-collar,married,primary,no,2337.0,yes,no,unknown,12,may,110,3,-1,0,unknown,no
49,blue-collar,married,secondary,no,75.0,no,no,cellular,16,jul,147,2,-1,0,unknown,no
40,retired,married,primary,no,-429.0,yes,no,unknown,28,may,202,1,-1,0,unknown,no
41,blue-collar,married,secondary,no,319.5,yes,no,unknown,20,may,74,2,-1,0,unknown,no
54,blue-collar,married,secondary,no,322.5,no,yes,cellular,28,jul,180,5,-1,0,unknown,no
61,housemaid,married,primary,no,1639.5,no,yes,unknown,18,jun,18,1,-1,0,unknown,no
44,retired,single,tertiary,no,0.0,no,no,cellular,21,aug,191,2,-1,0,unknown,no
41,technician,married,tertiary,no,355.5,yes,no,cellular,31,jul,59,2,-1,0,unknown,no
41,management,single,tertiary,no,5950.5,yes,no,cellular,21,nov,859,1,182,1,failure,no
54,retired,married,tertiary,no,460.5,yes,no,unknown,2,jun,338,2,-1,0,unknown,no
52,admin.,single,tertiary,no,709.5,yes,no,cellular,6,apr,494,1,-1,0,unknown,no
42,management,married,tertiary,no,4660.5,yes,yes,cellular,25,jul,310,1,-1,0,unknown,no
50,technician,married,secondary,no,1905.0,no,no,cellular,17,apr,342,2,-1,0,unknown,no
43,blue-collar,married,secondary,no,3418.5,yes,no,telephone,12,may,123,3,-1,0,unknown,no
48,admin.,married,secondary,no,70.5,yes,no,cellular,4,may,288,5,-1,0,unknown,yes
37,student,single,secondary,no,411.0,no,no,cellular,27,may,283,1,-1,0,unknown,no
56,blue-collar,married,secondary,no,675.0,yes,no,cellular,17,apr,198,1,-1,0,unknown,no
35,blue-collar,married,secondary,no,145.5,yes,no,unknown,27,may,709,1,-1,0,unknown,yes
44,retired,married,secondary,no,5667.0,yes,no,telephone,13,may,259,3,-1,0,unknown,no
59,blue-collar,married,secondary,no,609.0,yes,yes,cellular,7,aug,253,2,-1,0,unknown,no
93,housemaid,divorced,primary,no,8916.0,no,no,cellular,30,jul,200,3,-1,0,unknown,no
49,unemployed,married,tertiary,no,1662.0,yes,no,cellular,18,nov,191,2,-1,0,unknown,no
44,management,single,tertiary,no,135.0,yes,no,cellular,8,may,67,3,-1,0,unknown,no
53,technician,married,tertiary,no,10009.5,yes,no,cellular,21,nov,41,4,-1,0,unknown,no
61,management,single,tertiary,no,1803.0,yes,no,cellular,18,nov,99,1,-1,0,unknown,no
41,entrepreneur,single,secondary,no,0.0,no,no,telephone,13,nov,160,1,-1,0,unknown,yes
49,management,married,tertiary,no,-513.0,yes,no,unknown,27,may,110,2,-1,0,unknown,no
44,blue-collar,single,secondary,no,-63.0,yes,yes,unknown,3,jun,294,2,-1,0,unknown,no
43,retired,married,secondary,no,142.5,yes,no,unknown,26,may,190,2,-1,0,unknown,no
39,management,single,tertiary,no,858.0,yes,no,telephone,8,may,72,6,181,1,success,no
39,blue-collar,single,secondary,no,1174.5,yes,no,unknown,13,may,166,1,-1,0,unknown,no
41,services,married,secondary,no,2133.0,no,no,cellular,30,apr,97,1,-1,0,unknown,no
65,self-employed,married,secondary,no,6739.5,no,no,cellular,4,aug,272,1,-1,0,unknown,no
61,blue-collar,married,secondary,no,444.0,yes,no,cellular,4,may,211,5,-1,0,unknown,no
53,retired,married,secondary,no,723.0,yes,no,unknown,6,jun,1041,13,-1,0,unknown,no
63,technician,married,secondary,no,4227.0,yes,no,cellular,19,nov,131,1,126,7,failure,no
64,blue-collar,married,secondary,no,759.0,yes,no,cellular,6,aug,126,2,-1,0,unknown,no
56,self-employed,married,primary,no,73.5,no,no,cellular,27,aug,197,6,-1,0,unknown,no
46,management,single,tertiary,no,186.0,yes,no,telephone,24,jul,308,4,-1,0,unknown,no
48,management,married,tertiary,no,892.5,yes,no,cellular,18,nov,70,1,-1,0,unknown,no
48,management,married,tertiary,no,1014.0,no,no,cellular,15,may,59,3,-1,0,unknown,no
58,admin.,married,secondary,no,1399.5,no,no,cellular,29,jul,446,2,-1,0,unknown,no
47,self-employed,married,tertiary,no,666.0,yes,no,unknown,7,may,401,2,-1,0,unknown,no
42,technician,single,secondary,no,0.0,no,no,cellular,26,aug,181,2,-1,0,unknown,no
44,retired,married,secondary,no,1657.5,yes,yes,unknown,2,jun,136,4,-1,0,unknown,no
43,technician,single,tertiary,no,3036.0,no,no,cellular,12,aug,109,2,-1,0,unknown,no
47,retired,single,secondary,no,699.0,yes,no,unknown,3,jun,231,2,-1,0,unknown,no
51,retired,married,tertiary,no,595.5,yes,no,cellular,18,jul,91,1,-1,0,unknown,no
55,management,married,secondary,no,4345.5,no,no,cellular,2,jul,301,2,88,5,failure,no
41,management,single,tertiary,no,460.5,no,no,cellular,8,jul,361,1,229,2,failure,yes
59,management,married,tertiary,no,406.5,yes,no,cellular,5,feb,18,6,-1,0,unknown,no
56,blue-collar,married,secondary,no,0.0,yes,no,cellular,17,nov,127,1,-1,0,unknown,no
48,blue-collar,married,secondary,no,175.5,yes,no,cellular,7,may,54,1,337,1,failure,no
43,management,married,tertiary,no,3462.0,yes,no,unknown,21,may,232,2,-1,0,unknown,no
57,admin.,married,secondary,no,118.5,no,yes,cellular,18,nov,136,5,-1,0,unknown,no
41,management,single,tertiary,no,525.0,no,no,cellular,18,aug,471,2,-1,0,unknown,no
64,blue-collar,divorced,secondary,no,15561.0,yes,no,cellular,20,nov,283,2,189,2,other,no
70,management,divorced,unknown,no,606.0,yes,no,unknown,9,may,95,2,-1,0,unknown,no
48,self-employed,divorced,secondary,yes,3.0,no,no,cellular,20,nov,291,2,-1,0,unknown,no
53,blue-collar,divorced,primary,no,37.5,yes,no,unknown,3,jun,236,7,-1,0,unknown,no
56,blue-collar,married,primary,no,1954.5,no,no,cellular,4,aug,174,1,-1,0,unknown,no
50,services,married,secondary,no,55.5,no,no,unknown,9,jun,356,5,-1,0,unknown,no
45,retired,married,secondary,no,2746.5,yes,no,cellular,13,may,96,2,358,2,failure,no
58,admin.,divorced,secondary,no,543.0,no,no,cellular,13,aug,529,1,-1,0,unknown,yes
47,blue-collar,married,secondary,no,100.5,no,no,unknown,3,jun,45,2,-1,0,unknown,no
46,blue-collar,married,secondary,no,-346.5,no,yes,cellular,15,jul,779,2,-1,0,unknown,no
35,blue-collar,single,secondary,no,3.0,no,no,unknown,4,jun,264,2,-1,0,unknown,no
43,management,married,tertiary,no,961.5,yes,no,cellular,13,aug,347,2,-1,0,unknown,no
43,technician,single,secondary,no,1078.5,yes,no,cellular,9,apr,448,2,316,6,failure,yes
49,services,married,secondary,no,484.5,no,no,cellular,3,dec,1804,3,182,3,other,no
63,self-employed,married,secondary,no,9.0,yes,no,unknown,27,may,233,2,-1,0,unknown,no
51,technician,divorced,secondary,no,1482.0,no,no,cellular,21,aug,429,2,-1,0,unknown,no
69,admin.,divorced,tertiary,no,58.5,no,no,cellular,11,jul,67,1,-1,0,unknown,no
63,technician,married,primary,no,105.0,yes,no,telephone,12,may,11,6,-1,0,unknown,no
56,management,married,secondary,no,0.0,no,no,telephone,25,aug,67,10,-1,0,unknown,no
39,admin.,single,secondary,no,696.0,no,no,cellular,9,nov,208,2,91,3,success,yes
47,technician,married,secondary,no,4060.5,yes,no,telephone,16,jul,109,1,-1,0,unknown,no
64,retired,divorced,tertiary,no,30790.5,no,no,telephone,20,nov,66,1,-1,0,unknown,no
44,blue-collar,married,unknown,no,829.5,yes,no,unknown,4,jun,729,2,-1,0,unknown,no
49,retired,married,primary,no,7356.0,yes,no,unknown,20,may,101,1,-1,0,unknown,no
56,management,divorced,tertiary,no,1993.5,no,no,cellular,3,jul,247,2,-1,0,unknown,yes
68,retired,married,secondary,no,5313.0,yes,no,telephone,29,jul,345,17,-1,0,unknown,no
54,admin.,married,secondary,no,16357.5,no,no,cellular,19,aug,240,2,271,1,other,yes
60,technician,divorced,secondary,no,5484.0,no,no,cellular,12,aug,509,2,-1,0,unknown,no
49,retired,married,tertiary,no,4144.5,yes,no,unknown,2,jun,526,2,-1,0,unknown,yes
59,self-employed,single,secondary,no,1149.0,yes,no,cellular,7,jul,150,4,-1,0,unknown,no
50,blue-collar,single,secondary,no,253.5,yes,no,cellular,20,apr,214,1,346,1,failure,no
65,services,single,secondary,no,2308.5,no,no,unknown,20,jun,65,2,-1,0,unknown,no
48,retired,single,tertiary,no,-217.5,yes,no,cellular,21,jul,54,2,-1,0,unknown,no
43,management,married,tertiary,no,5044.5,yes,yes,cellular,13,aug,158,1,-1,0,unknown,no
50,technician,single,tertiary,no,808.5,no,no,cellular,14,aug,121,2,-1,0,unknown,no
51,management,single,tertiary,no,24.0,no,no,unknown,23,may,95,1,-1,0,unknown,no
49,retired,married,tertiary,no,2481.0,no,yes,cellular,21,nov,151,1,-1,0,unknown,no
43,technician,single,tertiary,no,0.0,no,no,cellular,28,aug,56,2,-1,0,unknown,no
51,technician,married,secondary,yes,-1.5,no,no,cellular,14,jul,140,2,-1,0,unknown,no
57,retired,single,secondary,no,238.5,yes,no,cellular,18,may,7,6,357,13,other,no
50,technician,single,secondary,no,834.0,yes,no,cellular,17,apr,234,1,323,1,failure,no
44,management,married,tertiary,no,3430.5,yes,no,unknown,26,may,895,4,-1,0,unknown,yes
54,technician,divorced,secondary,no,-1297.5,yes,no,cellular,20,apr,334,1,-1,0,unknown,no
42,management,married,secondary,no,7.5,yes,no,cellular,16,apr,194,2,-1,0,unknown,no
56,blue-collar,married,unknown,no,1485.0,yes,no,cellular,9,jul,420,1,-1,0,unknown,no
63,blue-collar,married,secondary,no,105.0,yes,no,unknown,5,may,611,2,-1,0,unknown,no
40,self-employed,married,tertiary,yes,-1624.5,yes,no,cellular,6,may,401,1,336,2,failure,no
56,admin.,married,secondary,no,7753.5,no,no,cellular,22,jul,72,14,-1,0,unknown,no
55,blue-collar,married,secondary,no,-387.0,yes,no,telephone,20,apr,384,5,-1,0,unknown,no
57,unemployed,married,secondary,yes,0.0,no,no,cellular,18,nov,81,2,-1,0,unknown,no
62,admin.,married,primary,no,312.0,yes,no,cellular,17,apr,377,2,-1,0,unknown,no
40,management,married,tertiary,no,4.5,yes,no,cellular,22,jul,67,9,-1,0,unknown,no
40,services,single,tertiary,no,2682.0,no,no,cellular,4,aug,288,1,181,2,failure,yes
49,management,single,tertiary,no,208.5,no,no,cellular,22,aug,109,2,-1,0,unknown,no
35,technician,single,secondary,no,2749.5,yes,no,cellular,5,may,323,2,-1,0,unknown,no
53,services,married,secondary,no,288.0,yes,yes,unknown,30,may,273,2,-1,0,unknown,no
47,admin.,married,secondary,no,27.0,yes,yes,unknown,28,may,103,4,-1,0,unknown,no
41,admin.,single,secondary,no,586.5,yes,no,cellular,17,apr,416,1,-1,0,unknown,no
50,services,divorced,secondary,no,1041.0,yes,no,cellular,31,jul,75,14,-1,0,unknown,no
60,services,divorced,secondary,no,508.5,yes,no,cellular,7,may,43,3,-1,0,unknown,no
42,management,single,tertiary,no,186.0,no,no,cellular,4,feb,87,2,-1,0,unknown,no
52,management,married,tertiary,no,2004.0,yes,yes,cellular,22,jul,65,1,-1,0,unknown,no
50,blue-collar,married,secondary,no,-721.5,yes,yes,unknown,19,may,174,2,-1,0,unknown,no
49,management,married,tertiary,no,5277.0,yes,no,cellular,8,may,440,1,-1,0,unknown,no
43,self-employed,married,secondary,no,73.5,yes,no,cellular,14,may,170,7,-1,0,unknown,no
67,admin.,married,secondary,no,510.0,no,yes,cellular,31,jul,167,2,-1,0,unknown,no
44,management,married,tertiary,no,5103.0,no,no,cellular,3,jun,88,2,-1,0,unknown,no
45,admin.,married,secondary,no,1.5,yes,no,cellular,9,jul,112,1,-1,0,unknown,no
84,retired,married,tertiary,no,7368.0,no,no,telephone,20,apr,268,2,181,3,failure,no
52,entrepreneur,married,tertiary,no,3373.5,yes,no,telephone,18,nov,228,1,125,5,failure,no
63,technician,married,tertiary,no,3900.0,no,no,cellular,3,jun,656,1,-1,0,unknown,no
45,management,single,tertiary,no,930.0,yes,no,cellular,17,apr,57,2,-1,0,unknown,no
39,admin.,single,secondary,no,-291.0,yes,no,cellular,7,may,127,1,-1,0,unknown,no
42,admin.,married,secondary,no,52.5,no,no,cellular,17,dec,324,3,126,3,success,yes
55,retired,married,secondary,no,31.5,yes,no,unknown,3,jun,788,2,-1,0,unknown,no
60,self-employed,married,secondary,no,15078.0,no,no,cellular,13,aug,665,2,-1,0,unknown,yes
67,housemaid,married,secondary,no,0.0,no,no,cellular,22,aug,197,2,-1,0,unknown,no
60,retired,married,unknown,no,678.0,no,no,cellular,20,aug,181,2,-1,0,unknown,no
41,blue-collar,single,secondary,no,2397.0,yes,no,cellular,11,may,152,2,305,1,success,no
65,services,divorced,secondary,no,3249.0,yes,no,unknown,28,may,23,17,-1,0,unknown,no
50,retired,married,secondary,no,153.0,no,no,cellular,6,may,168,1,-1,0,unknown,no
62,technician,divorced,tertiary,no,0.0,no,no,cellular,19,aug,119,2,-1,0,unknown,no
59,services,single,unknown,no,7642.5,yes,no,cellular,20,nov,127,2,157,1,failure,no
41,technician,married,tertiary,no,2244.0,yes,no,cellular,11,aug,303,2,-1,0,unknown,no
39,admin.,single,secondary,no,1078.5,no,no,cellular,30,apr,76,1,-1,0,unknown,no
46,services,married,secondary,no,7500.0,no,no,unknown,16,jun,177,5,-1,0,unknown,no
45,retired,single,tertiary,no,1120.5,no,no,cellular,23,feb,141,2,176,3,failure,no
44,management,single,tertiary,no,2460.0,yes,no,unknown,26,may,160,3,-1,0,unknown,no
39,admin.,single,secondary,no,190.5,yes,yes,cellular,20,apr,314,1,-1,0,unknown,no
61,blue-collar,married,secondary,no,3010.5,yes,no,cellular,12,aug,1226,3,-1,0,unknown,yes
51,admin.,single,secondary,no,328.5,yes,no,cellular,28,jan,119,1,268,1,other,no
60,admin.,married,secondary,no,1861.5,yes,yes,telephone,17,nov,49,2,-1,0,unknown,no
64,management,married,tertiary,no,0.0,no,no,cellular,14,aug,260,7,-1,0,unknown,no
53,entrepreneur,married,secondary,no,5649.0,no,no,cellular,18,nov,84,4,-1,0,unknown,no
48,unemployed,married,secondary,no,847.5,yes,no,unknown,20,may,153,2,-1,0,unknown,no
41,self-employed,single,secondary,no,1143.0,no,no,cellular,11,aug,312,3,-1,0,unknown,no
81,unknown,married,tertiary,no,529.5,no,no,cellular,27,jan,208,1,93,2,failure,no
60,retired,married,unknown,no,-430.5,yes,no,cellular,8,may,92,1,347,1,failure,no
44,technician,married,secondary,no,0.0,yes,no,cellular,23,jul,429,1,-1,0,unknown,no
40,technician,married,tertiary,no,1053.0,no,yes,cellular,31,jul,40,29,-1,0,unknown,no
60,management,married,tertiary,no,7686.0,yes,no,cellular,18,aug,111,2,-1,0,unknown,no
38,blue-collar,single,secondary,no,2046.0,yes,no,cellular,5,feb,75,2,-1,0,unknown,no
40,services,divorced,secondary,no,0.0,no,no,cellular,29,jan,89,1,-1,0,unknown,no
57,admin.,married,secondary,no,180.0,yes,no,telephone,14,may,18,6,365,11,failure,no
49,admin.,single,secondary,no,3517.5,yes,no,cellular,8,may,491,2,344,2,failure,yes
52,technician,single,secondary,no,0.0,no,no,cellular,21,aug,656,2,-1,0,unknown,no
66,retired,married,secondary,no,14050.5,no,no,cellular,13,aug,320,2,101,2,success,yes
56,unknown,married,primary,no,165.0,no,no,unknown,19,jun,113,14,-1,0,unknown,no
67,retired,married,tertiary,no,2187.0,no,no,cellular,19,aug,250,1,107,5,failure,no
61,management,married,tertiary,no,2985.0,no,no,telephone,31,jul,251,5,-1,0,unknown,no
36,technician,single,tertiary,no,54.0,no,yes,unknown,4,jul,502,2,-1,0,unknown,no
37,technician,single,tertiary,no,112.5,yes,yes,cellular,5,may,308,1,351,1,failure,no
39,management,married,tertiary,no,45.0,no,no,cellular,30,apr,139,1,-1,0,unknown,no
62,retired,married,secondary,no,436.5,no,no,unknown,8,may,143,1,-1,0,unknown,no
36,management,single,tertiary,no,67.5,no,no,cellular,10,jul,1187,3,-1,0,unknown,yes
57,retired,married,primary,no,1245.0,no,yes,cellular,25,jul,795,1,-1,0,unknown,no
45,management,single,tertiary,no,-162.0,yes,no,cellular,28,aug,74,3,-1,0,unknown,no
60,technician,married,tertiary,no,4675.5,no,no,cellular,20,nov,44,2,164,1,failure,no
57,admin.,married,secondary,no,678.0,no,no,cellular,15,may,113,4,-1,0,unknown,no
41,blue-collar,married,secondary,no,186.0,yes,no,cellular,3,feb,343,1,264,4,failure,no
63,technician,divorced,secondary,no,18.0,no,no,unknown,5,jun,150,2,-1,0,unknown,no
43,entrepreneur,single,secondary,yes,-1.5,yes,no,cellular,21,nov,214,2,-1,0,unknown,no
61,retired,married,primary,no,1266.0,yes,no,unknown,29,may,184,3,-1,0,unknown,no
73,retired,married,primary,no,12066.0,no,no,cellular,12,nov,702,1,-1,0,unknown,no
66,technician,married,secondary,no,4270.5,no,no,cellular,8,apr,327,1,-1,0,unknown,yes
40,admin.,married,secondary,no,6.0,no,no,unknown,7,may,172,8,-1,0,unknown,no
47,self-employed,married,secondary,no,100.5,no,no,cellular,31,jul,138,3,-1,0,unknown,no
45,admin.,married,secondary,no,1179.0,no,yes,cellular,25,jul,322,1,-1,0,unknown,no
67,retired,married,secondary,no,5391.0,no,no,unknown,5,jun,162,2,-1,0,unknown,no
49,retired,single,secondary,no,183.0,yes,no,unknown,2,jun,158,1,-1,0,unknown,no
50,admin.,married,secondary,no,150.0,yes,no,cellular,9,feb,38,8,-1,0,unknown,no
41,retired,single,tertiary,no,9372.0,yes,no,unknown,9,may,154,2,-1,0,unknown,no
35,blue-collar,single,primary,no,174.0,yes,no,unknown,9,jun,253,4,-1,0,unknown,no
36,blue-collar,married,primary,yes,-1024.5,yes,yes,unknown,27,may,446,1,-1,0,unknown,no
68,retired,married,primary,no,1861.5,no,no,cellular,18,aug,194,2,-1,0,unknown,yes
47,unemployed,married,secondary,no,1557.0,no,no,unknown,20,jun,307,3,-1,0,unknown,no
55,blue-collar,married,primary,no,268.5,no,no,cellular,25,aug,122,3,-1,0,unknown,no
56,unemployed,married,secondary,no,843.0,no,no,cellular,8,jul,491,1,-1,0,unknown,no
52,management,married,unknown,no,1399.5,no,no,cellular,18,may,212,1,-1,0,unknown,no
41,retired,married,secondary,no,178.5,yes,no,cellular,4,feb,380,1,-1,0,unknown,no
64,management,married,tertiary,no,2116.5,no,no,cellular,12,aug,56,2,-1,0,unknown,no
36,retired,single,tertiary,no,58.5,no,no,cellular,26,may,396,3,-1,0,unknown,yes
68,management,married,secondary,no,4108.5,yes,no,cellular,30,jul,86,6,-1,0,unknown,no
42,entrepreneur,married,tertiary,no,162.0,yes,yes,unknown,12,may,112,1,-1,0,unknown,no
67,services,married,secondary,no,1669.5,no,no,cellular,26,aug,264,20,-1,0,unknown,no
65,blue-collar,married,unknown,no,319.5,no,no,cellular,14,aug,406,2,-1,0,unknown,no
68,retired,married,tertiary,no,24396.0,no,no,telephone,17,nov,215,3,-1,0,unknown,no
42,retired,single,tertiary,no,196.5,yes,no,cellular,11,aug,112,1,81,1,other,no
40,blue-collar,single,secondary,no,5925.0,yes,no,telephone,18,may,152,4,370,3,other,no
52,technician,single,tertiary,no,202.5,no,no,cellular,6,aug,384,2,-1,0,unknown,no
57,blue-collar,married,secondary,no,264.0,yes,no,unknown,30,may,35,1,-1,0,unknown,no
40,retired,married,secondary,no,1168.5,yes,no,cellular,4,jun,156,2,17,3,other,no
54,retired,married,secondary,no,43968.0,no,no,unknown,13,may,226,1,-1,0,unknown,no
39,blue-collar,married,secondary,no,1126.5,yes,no,cellular,6,may,211,1,288,5,success,no
49,management,single,tertiary,no,0.0,no,no,cellular,6,aug,135,2,-1,0,unknown,no
45,management,single,unknown,no,205.5,no,no,unknown,28,may,667,3,-1,0,unknown,no
50,retired,divorced,primary,no,706.5,yes,no,cellular,16,apr,1156,1,345,2,failure,yes
42,admin.,single,tertiary,no,5724.0,yes,no,cellular,21,nov,53,3,-1,0,unknown,no
38,retired,single,secondary,no,184.5,yes,no,unknown,9,may,97,1,-1,0,unknown,no
68,services,married,secondary,no,0.0,yes,no,unknown,15,may,183,5,-1,0,unknown,no
48,technician,single,secondary,no,1882.5,yes,no,cellular,17,nov,151,2,171,2,failure,no
61,management,married,tertiary,no,0.0,yes,no,cellular,22,may,168,1,-1,0,unknown,no
45,services,married,secondary,no,2592.0,yes,no,cellular,17,apr,865,1,-1,0,unknown,no
43,retired,married,tertiary,no,354.0,yes,no,cellular,11,jul,203,1,-1,0,unknown,no
43,management,married,tertiary,no,2256.0,no,no,cellular,12,aug,61,2,-1,0,unknown,no
35,student,married,secondary,no,55.5,no,no,unknown,24,jul,11,1,-1,0,unknown,no
45,retired,married,secondary,no,-174.0,no,yes,cellular,6,aug,339,2,-1,0,unknown,no
33,blue-collar,single,secondary,no,7717.5,yes,no,unknown,30,may,229,3,-1,0,unknown,no
58,technician,married,unknown,no,690.0,no,no,unknown,5,jun,99,3,-1,0,unknown,no
61,retired,married,tertiary,no,2451.0,yes,no,cellular,22,jul,168,4,-1,0,unknown,no
65,self-employed,married,secondary,no,18238.5,yes,no,cellular,8,apr,179,5,139,4,failure,no
71,retired,married,secondary,no,853.5,no,no,cellular,4,aug,219,1,-1,0,unknown,yes
41,technician,married,tertiary,no,5007.0,yes,no,cellular,24,jun,122,2,185,2,success,no
39,services,single,secondary,no,-118.5,yes,yes,cellular,18,may,16,4,355,4,other,no
47,entrepreneur,married,tertiary,no,396.0,yes,yes,unknown,16,jun,220,1,-1,0,unknown,no
47,retired,married,secondary,no,1428.0,yes,no,cellular,16,apr,536,1,-1,0,unknown,no
39,blue-collar,single,secondary,no,3.0,yes,yes,cellular,21,apr,379,5,-1,0,unknown,yes
42,retired,single,tertiary,no,2017.5,yes,no,unknown,12,may,289,3,-1,0,unknown,no
46,technician,single,secondary,no,-712.5,yes,no,unknown,12,may,793,5,-1,0,unknown,no
53,blue-collar,single,primary,no,45.0,yes,no,unknown,30,may,379,17,-1,0,unknown,no
61,housemaid,married,primary,no,162.0,no,no,unknown,16,jun,278,2,-1,0,unknown,no
60,services,divorced,secondary,yes,-315.0,no,yes,cellular,21,aug,153,7,-1,0,unknown,no
49,blue-collar,married,primary,no,6219.0,yes,yes,unknown,21,may,353,1,-1,0,unknown,no
35,services,single,unknown,no,-751.5,yes,yes,unknown,18,jun,156,3,-1,0,unknown,no
46,blue-collar,single,secondary,no,252.0,yes,no,telephone,12,may,52,1,-1,0,unknown,no
44,admin.,married,secondary,no,-823.5,yes,yes,unknown,27,may,405,1,-1,0,unknown,no
40,retired,married,secondary,no,34.5,yes,no,cellular,8,may,129,2,359,4,failure,no
56,management,divorced,tertiary,no,-141.0,yes,no,cellular,21,nov,183,4,-1,0,unknown,no
58,unemployed,married,secondary,no,61.5,yes,no,unknown,5,may,179,2,-1,0,unknown,no
70,retired,divorced,secondary,no,771.0,no,no,cellular,15,oct,187,2,213,10,success,yes
41,services,married,secondary,no,42.0,yes,no,unknown,8,may,101,1,-1,0,unknown,no
39,housemaid,single,secondary,no,6805.5,yes,no,telephone,5,may,29,1,-1,0,unknown,no
58,management,married,tertiary,no,5763.0,no,no,cellular,1,jun,215,2,-1,0,unknown,yes
48,services,divorced,unknown,no,9540.0,no,no,unknown,20,jun,1409,2,-1,0,unknown,yes
46,blue-collar,married,secondary,no,573.0,yes,no,cellular,6,apr,254,1,-1,0,unknown,no
37,blue-collar,single,secondary,no,769.5,yes,yes,cellular,18,may,351,1,-1,0,unknown,yes
48,blue-collar,married,primary,no,1138.5,yes,no,cellular,11,may,57,1,-1,0,unknown,no
37,management,married,tertiary,no,1.5,yes,no,cellular,22,jul,152,1,-1,0,unknown,no
56,entrepreneur,married,tertiary,no,609.0,yes,no,telephone,15,jul,232,4,-1,0,unknown,no
42,retired,married,secondary,no,1614.0,yes,no,unknown,19,may,67,1,-1,0,unknown,no
46,unemployed,married,secondary,no,-193.5,yes,no,cellular,29,jul,121,3,-1,0,unknown,no
63,entrepreneur,married,tertiary,no,0.0,no,no,cellular,20,nov,520,2,-1,0,unknown,no
57,retired,married,secondary,no,1815.0,no,no,cellular,27,jul,493,4,-1,0,unknown,no
58,self-employed,married,tertiary,no,4677.0,no,no,cellular,13,aug,371,2,-1,0,unknown,no
67,unemployed,divorced,primary,no,423.0,no,no,cellular,22,oct,460,1,88,4,other,no
62,retired,married,tertiary,no,10383.0,no,no,cellular,20,nov,371,1,-1,0,unknown,no
43,management,married,tertiary,no,117.0,yes,no,cellular,21,jul,856,1,-1,0,unknown,no
58,technician,married,secondary,no,2322.0,no,no,cellular,28,aug,143,5,-1,0,unknown,no
71,retired,married,secondary,no,184.5,no,no,cellular,7,jul,112,2,-1,0,unknown,no
55,technician,divorced,secondary,no,2607.0,no,no,cellular,21,nov,79,1,106,2,failure,no
64,technician,married,secondary,no,9.0,yes,no,cellular,7,may,109,1,367,1,failure,no
47,retired,single,tertiary,no,1500.0,yes,no,cellular,17,mar,195,1,-1,0,unknown,yes
45,retired,single,secondary,no,816.0,yes,no,cellular,7,may,91,1,345,2,failure,no
64,retired,married,secondary,no,1630.5,yes,no,unknown,12,jun,77,1,-1,0,unknown,no
47,admin.,single,secondary,no,1194.0,yes,no,telephone,29,jan,143,3,-1,0,unknown,no
58,blue-collar,married,secondary,no,151.5,no,no,cellular,14,jul,549,3,-1,0,unknown,no
49,retired,single,secondary,no,1063.5,yes,no,cellular,10,jul,441,1,-1,0,unknown,no
55,management,married,secondary,no,6637.5,no,no,unknown,17,nov,147,1,110,2,failure,no
64,housemaid,married,primary,no,268.5,no,no,cellular,22,aug,132,2,-1,0,unknown,no
85,retired,married,secondary,no,436.5,no,no,cellular,11,feb,515,1,183,1,failure,yes
53,housemaid,married,primary,no,1924.5,no,no,cellular,5,aug,448,1,-1,0,unknown,no
54,technician,married,secondary,no,3189.0,no,yes,cellular,18,nov,166,1,-1,0,unknown,no
51,blue-collar,married,secondary,no,543.0,no,no,cellular,10,jul,326,5,-1,0,unknown,no
36,retired,single,secondary,no,78.0,no,no,cellular,28,jan,287,1,-1,0,unknown,no
39,management,single,tertiary,no,264.0,no,no,cellular,9,feb,204,2,-1,0,unknown,no
44,management,single,tertiary,no,0.0,no,no,cellular,5,feb,71,1,-1,0,unknown,no
77,retired,married,primary,no,387.0,no,no,cellular,17,dec,221,1,-1,0,unknown,no
48,services,married,secondary,no,589.5,no,no,unknown,18,jun,90,3,-1,0,unknown,no
56,blue-collar,married,secondary,no,2028.0,yes,no,cellular,6,feb,193,1,-1,0,unknown,no
49,admin.,divorced,secondary,no,-211.5,yes,no,unknown,13,may,148,1,-1,0,unknown,no
56,retired,married,secondary,no,6010.5,no,no,cellular,3,feb,380,5,217,5,other,no
56,technician,married,secondary,no,3067.5,yes,no,cellular,21,nov,281,2,-1,0,unknown,no
51,blue-collar,divorced,secondary,no,21.0,yes,yes,unknown,13,may,65,6,-1,0,unknown,no
34,admin.,single,secondary,no,1942.5,no,no,cellular,22,jul,355,2,92,1,success,yes
48,blue-collar,married,secondary,yes,-15.0,no,no,unknown,11,jun,174,1,-1,0,unknown,no
47,management,single,tertiary,no,1639.5,yes,no,cellular,21,nov,21,6,113,2,other,no
57,services,married,primary,no,879.0,no,no,cellular,12,aug,68,2,-1,0,unknown,no
47,management,divorced,tertiary,no,-63.0,yes,no,cellular,14,may,668,2,-1,0,unknown,yes
39,admin.,single,tertiary,no,2251.5,yes,no,cellular,18,may,316,1,-1,0,unknown,no
40,management,single,tertiary,no,115.5,no,no,cellular,22,jul,267,1,-1,0,unknown,no
47,blue-collar,single,secondary,no,5814.0,no,no,unknown,20,jun,8,12,-1,0,unknown,no
48,blue-collar,married,primary,no,369.0,no,no,unknown,17,jun,91,2,-1,0,unknown,no
44,blue-collar,married,secondary,no,154.5,yes,yes,unknown,8,may,956,2,-1,0,unknown,no
45,services,married,secondary,no,1918.5,yes,no,unknown,16,jun,114,5,-1,0,unknown,no
53,housemaid,married,secondary,no,615.0,yes,yes,cellular,30,jul,50,2,-1,0,unknown,no
58,retired,married,secondary,no,775.5,no,no,cellular,14,jan,273,1,-1,0,unknown,no
56,blue-collar,divorced,primary,no,4162.5,no,yes,cellular,8,jul,188,1,-1,0,unknown,no
49,retired,married,secondary,no,31392.0,no,no,cellular,14,may,1166,1,352,1,other,no
54,management,married,tertiary,no,669.0,no,no,cellular,25,jul,63,12,-1,0,unknown,no
63,blue-collar,married,unknown,no,889.5,no,no,telephone,6,feb,137,1,-1,0,unknown,no
61,services,married,secondary,no,651.0,no,no,cellular,5,aug,513,2,-1,0,unknown,no
56,blue-collar,single,secondary,no,228.0,yes,no,unknown,8,may,33,4,-1,0,unknown,no
39,management,married,tertiary,no,-519.0,no,no,cellular,29,jan,290,2,-1,0,unknown,no
40,retired,single,secondary,no,8461.5,no,no,cellular,21,nov,695,3,-1,0,unknown,no
39,management,married,tertiary,no,358.5,yes,no,unknown,30,may,143,4,-1,0,unknown,no
50,blue-collar,married,secondary,no,267.0,yes,no,cellular,11,jul,595,2,-1,0,unknown,no
44,blue-collar,married,primary,no,220.5,yes,no,unknown,2,jun,80,3,-1,0,unknown,no
45,retired,single,secondary,no,0.0,yes,no,cellular,5,feb,155,3,254,1,other,no
43,admin.,single,secondary,no,334.5,yes,yes,cellular,14,may,15,11,352,4,failure,no
54,services,married,secondary,no,1458.0,yes,no,cellular,30,jul,294,3,-1,0,unknown,no
36,technician,divorced,tertiary,no,-105.0,no,yes,unknown,1,jul,1992,2,-1,0,unknown,no
68,housemaid,single,tertiary,no,217.5,yes,yes,cellular,16,jul,128,2,-1,0,unknown,no
44,technician,married,secondary,no,0.0,yes,no,cellular,5,aug,231,2,2,3,success,yes
52,management,married,tertiary,no,1030.5,no,no,cellular,11,aug,667,2,-1,0,unknown,no
53,retired,divorced,tertiary,no,5367.0,no,no,cellular,29,jan,376,2,-1,0,unknown,no
64,self-employed,married,secondary,no,961.5,yes,no,cellular,17,apr,472,1,148,2,failure,no
45,blue-collar,single,secondary,no,169.5,no,no,cellular,9,jul,143,1,-1,0,unknown,no
52,services,married,secondary,no,0.0,no,no,cellular,17,jul,397,1,-1,0,unknown,no
40,management,married,tertiary,no,2104.5,no,no,cellular,6,aug,136,4,-1,0,unknown,no
53,retired,single,tertiary,no,1731.0,no,no,cellular,15,jul,603,11,-1,0,unknown,no
49,management,married,tertiary,no,741.0,no,no,cellular,9,sep,216,1,183,5,success,yes
41,retired,single,tertiary,no,2308.5,yes,no,cellular,30,jun,107,2,756,2,other,no
54,retired,married,secondary,no,0.0,no,no,unknown,11,jun,112,2,-1,0,unknown,no
30,student,single,unknown,no,4177.5,no,no,cellular,16,sep,327,2,-1,0,unknown,yes
68,retired,single,tertiary,no,496.5,no,yes,cellular,28,jul,82,3,-1,0,unknown,no
41,management,single,tertiary,no,3024.0,no,no,cellular,30,apr,209,1,-1,0,unknown,yes
66,blue-collar,married,secondary,no,0.0,no,no,unknown,11,jun,142,2,-1,0,unknown,no
63,retired,single,primary,no,0.0,no,no,unknown,9,jun,114,1,-1,0,unknown,no
57,blue-collar,married,secondary,no,273.0,yes,no,telephone,10,jul,39,1,-1,0,unknown,yes
66,management,married,tertiary,no,18534.0,yes,no,cellular,26,may,410,1,551,5,other,yes
46,management,married,tertiary,no,2428.5,yes,no,cellular,21,nov,106,2,-1,0,unknown,no
66,self-employed,married,tertiary,no,616.5,no,no,unknown,19,jun,145,4,-1,0,unknown,no
60,admin.,married,secondary,no,502.5,yes,no,cellular,20,apr,166,4,-1,0,unknown,no
60,technician,divorced,secondary,no,1954.5,no,no,telephone,30,jul,274,2,-1,0,unknown,no
66,retired,married,tertiary,no,717.0,no,no,cellular,5,feb,97,1,-1,0,unknown,no
48,retired,married,secondary,no,435.0,yes,no,cellular,2,feb,123,1,258,1,failure,no
61,blue-collar,married,secondary,no,280.5,yes,no,cellular,6,aug,277,3,-1,0,unknown,no
61,retired,married,secondary,no,0.0,no,yes,cellular,23,jul,68,3,-1,0,unknown,no
54,services,married,secondary,no,-112.5,yes,no,unknown,26,may,104,1,-1,0,unknown,no
40,admin.,single,secondary,no,1474.5,yes,no,cellular,27,may,189,2,-1,0,unknown,yes
42,services,married,secondary,no,-46.5,no,yes,telephone,30,jul,96,6,-1,0,unknown,no
51,blue-collar,married,primary,no,1702.5,yes,no,unknown,13,may,265,1,-1,0,unknown,no
37,technician,single,tertiary,no,558.0,yes,yes,cellular,25,jul,728,2,-1,0,unknown,yes
42,blue-collar,married,primary,no,325.5,yes,no,unknown,16,may,169,3,-1,0,unknown,no
45,admin.,married,secondary,no,4780.5,yes,no,unknown,20,may,71,1,-1,0,unknown,no
64,blue-collar,married,secondary,no,387.0,no,no,telephone,26,feb,29,1,-1,0,unknown,no
35,blue-collar,single,secondary,no,571.5,yes,no,cellular,15,may,951,1,-1,0,unknown,no
62,management,married,tertiary,no,1666.5,no,no,unknown,5,jun,17,1,-1,0,unknown,no
62,blue-collar,married,unknown,no,0.0,yes,no,cellular,9,jul,1486,1,-1,0,unknown,yes
46,management,single,tertiary,no,2059.5,yes,no,unknown,20,may,144,2,-1,0,unknown,no
53,blue-collar,married,secondary,no,771.0,yes,yes,cellular,20,apr,34,2,-1,0,unknown,no
36,entrepreneur,married,tertiary,yes,216.0,no,yes,cellular,25,jul,730,1,-1,0,unknown,no
46,services,married,secondary,no,17475.0,yes,no,telephone,29,jul,268,1,-1,0,unknown,yes
57,services,married,secondary,no,-225.0,no,no,cellular,14,aug,52,4,-1,0,unknown,no
42,blue-collar,single,secondary,no,43.5,no,no,unknown,16,may,132,13,-1,0,unknown,no
59,technician,married,tertiary,no,2764.5,yes,no,cellular,25,may,269,1,-1,0,unknown,no
41,blue-collar,single,secondary,no,8320.5,yes,no,cellular,11,may,73,1,-1,0,unknown,no
58,admin.,divorced,secondary,no,3993.0,no,no,unknown,6,jun,298,2,-1,0,unknown,no
47,self-employed,single,tertiary,no,3130.5,no,no,unknown,18,jun,167,1,-1,0,unknown,no
82,retired,single,tertiary,no,1927.5,no,no,telephone,1,jul,494,4,150,9,failure,no
42,services,divorced,secondary,no,7900.5,yes,no,cellular,21,nov,183,1,168,2,failure,no
57,management,married,tertiary,no,0.0,no,yes,cellular,21,aug,374,1,-1,0,unknown,yes
46,services,single,secondary,no,304.5,yes,no,unknown,27,may,193,5,-1,0,unknown,no
40,management,single,tertiary,no,138.0,no,yes,cellular,29,jul,110,5,-1,0,unknown,no
43,retired,married,tertiary,no,0.0,yes,no,cellular,9,jul,310,1,-1,0,unknown,no
57,entrepreneur,married,secondary,no,0.0,no,no,unknown,5,jun,1446,1,-1,0,unknown,yes
49,management,divorced,tertiary,no,2332.5,yes,no,cellular,25,jul,796,1,-1,0,unknown,no
68,housemaid,married,primary,no,628.5,no,yes,unknown,5,jun,295,3,-1,0,unknown,no
51,admin.,single,secondary,no,0.0,no,no,telephone,25,jul,286,2,-1,0,unknown,no
70,blue-collar,married,primary,no,0.0,no,yes,cellular,13,aug,324,4,-1,0,unknown,no
35,student,single,secondary,no,1444.5,yes,no,telephone,14,may,230,4,301,1,failure,no
47,blue-collar,married,primary,no,7.5,yes,no,unknown,23,may,266,2,-1,0,unknown,no
40,management,single,secondary,no,439.5,yes,no,cellular,5,feb,232,1,253,2,failure,no
64,management,divorced,tertiary,no,0.0,yes,no,telephone,18,may,17,11,-1,0,unknown,no
49,admin.,married,secondary,no,4570.5,yes,no,cellular,11,may,279,1,370,2,failure,no
44,management,single,secondary,no,0.0,no,no,cellular,22,aug,132,4,-1,0,unknown,no
57,admin.,married,secondary,no,0.0,no,yes,cellular,10,feb,86,2,93,2,other,no
47,blue-collar,married,secondary,no,0.0,yes,no,cellular,21,nov,169,1,113,5,other,no
39,technician,single,secondary,no,27.0,no,no,cellular,3,feb,206,3,-1,0,unknown,no
48,management,married,tertiary,no,2703.0,no,no,cellular,18,nov,74,1,-1,0,unknown,no
56,blue-collar,married,secondary,no,858.0,yes,no,unknown,3,jun,288,2,-1,0,unknown,no
55,technician,married,secondary,no,3192.0,no,yes,cellular,20,nov,48,3,-1,0,unknown,no
46,unemployed,divorced,secondary,no,12400.5,no,no,unknown,18,jun,321,2,-1,0,unknown,no
36,admin.,single,secondary,no,1027.5,no,no,cellular,5,feb,388,1,-1,0,unknown,no
46,blue-collar,married,secondary,no,11368.5,yes,no,unknown,20,may,600,1,-1,0,unknown,no
64,services,married,secondary,no,1218.0,no,no,cellular,31,jul,113,6,-1,0,unknown,no
44,blue-collar,married,primary,no,255.0,yes,yes,telephone,17,apr,599,4,275,7,other,no
32,retired,single,secondary,no,333.0,no,no,cellular,3,jun,156,3,-1,0,unknown,no
38,admin.,married,secondary,no,378.0,yes,no,unknown,9,may,448,1,-1,0,unknown,no
36,retired,married,secondary,no,1116.0,no,no,cellular,15,apr,609,1,-1,0,unknown,no
38,services,married,secondary,no,57.0,yes,no,cellular,18,may,16,5,355,3,other,no
41,services,married,secondary,no,21580.5,yes,no,cellular,20,nov,128,1,-1,0,unknown,no
59,blue-collar,married,secondary,no,4009.5,no,no,cellular,27,aug,219,4,-1,0,unknown,no
36,retired,single,tertiary,no,64.5,yes,yes,cellular,29,jan,169,3,246,1,failure,no
53,technician,married,secondary,no,2905.5,yes,no,unknown,5,may,181,1,-1,0,unknown,no
51,management,married,tertiary,no,325.5,no,no,cellular,19,nov,328,1,-1,0,unknown,no
57,admin.,married,secondary,no,0.0,no,no,unknown,3,jun,110,2,-1,0,unknown,no
37,admin.,single,secondary,no,877.5,no,no,unknown,3,jul,269,3,-1,0,unknown,no
43,blue-collar,single,secondary,no,460.5,yes,no,unknown,5,may,309,2,-1,0,unknown,no
60,services,married,secondary,no,309.0,yes,no,unknown,6,may,154,1,-1,0,unknown,no
43,management,single,tertiary,no,1077.0,yes,no,cellular,18,oct,104,1,111,4,success,no
39,admin.,single,tertiary,no,760.5,yes,no,unknown,20,jun,20,33,-1,0,unknown,no
48,blue-collar,divorced,secondary,no,2529.0,yes,no,unknown,19,jun,9,28,-1,0,unknown,no
44,unemployed,married,secondary,no,3189.0,yes,no,cellular,17,jul,215,2,-1,0,unknown,no
68,management,married,secondary,no,166.5,no,no,telephone,22,jun,39,1,90,2,failure,no
50,blue-collar,married,secondary,no,-511.5,yes,no,unknown,19,may,192,1,-1,0,unknown,no
47,management,single,tertiary,no,4312.5,no,no,cellular,20,nov,110,2,-1,0,unknown,no
51,management,single,tertiary,no,2973.0,no,no,cellular,21,nov,558,1,-1,0,unknown,yes
54,services,married,secondary,no,-940.5,yes,no,unknown,26,may,373,2,-1,0,unknown,no
52,blue-collar,married,secondary,no,643.5,yes,no,cellular,18,may,110,1,370,1,failure,no
44,technician,married,secondary,no,-84.0,yes,no,cellular,13,may,197,2,-1,0,unknown,no
52,technician,married,secondary,no,1198.5,no,no,cellular,28,jan,234,1,181,6,failure,no
63,retired,divorced,tertiary,no,1369.5,no,no,cellular,20,aug,173,3,-1,0,unknown,no
55,blue-collar,married,primary,no,438.0,yes,no,cellular,29,aug,961,4,-1,0,unknown,no
37,management,single,tertiary,no,1422.0,yes,no,cellular,12,mar,121,2,207,1,failure,no
41,admin.,single,secondary,no,594.0,yes,no,unknown,19,may,104,1,-1,0,unknown,no
67,retired,married,primary,no,678.0,yes,no,unknown,13,may,139,4,-1,0,unknown,no
46,management,married,tertiary,no,1003.5,no,no,unknown,9,jun,91,1,-1,0,unknown,no
40,retired,single,secondary,no,2298.0,no,no,cellular,23,sep,447,1,489,6,failure,no
66,retired,married,tertiary,no,844.5,yes,no,cellular,6,may,100,2,168,1,failure,no
48,management,single,tertiary,no,9237.0,yes,no,cellular,15,apr,139,5,145,9,failure,yes
69,admin.,divorced,primary,no,0.0,yes,no,cellular,29,jul,604,3,-1,0,unknown,no
61,technician,married,tertiary,no,2299.5,no,no,unknown,18,jun,242,2,-1,0,unknown,no
42,services,married,secondary,no,-733.5,yes,yes,cellular,18,may,93,1,180,3,failure,no
45,technician,married,secondary,no,20487.0,yes,no,telephone,9,dec,220,2,-1,0,unknown,no
42,technician,single,tertiary,no,981.0,yes,no,cellular,25,may,615,4,-1,0,unknown,yes
56,blue-collar,married,secondary,no,2584.5,no,no,cellular,26,apr,102,3,192,4,other,no
54,technician,single,secondary,no,10707.0,no,no,cellular,8,aug,809,2,-1,0,unknown,yes
85,retired,married,primary,no,2119.5,no,no,cellular,1,sep,532,2,188,2,success,yes
44,management,single,tertiary,no,1308.0,yes,no,unknown,7,may,105,2,-1,0,unknown,no
42,management,single,tertiary,no,460.5,no,no,cellular,25,jan,96,1,201,3,success,no
39,management,single,tertiary,no,706.5,yes,no,cellular,6,may,106,1,-1,0,unknown,no
58,services,married,secondary,no,163.5,no,yes,cellular,20,aug,113,4,-1,0,unknown,no
51,retired,single,tertiary,no,1824.0,yes,no,unknown,21,may,53,3,-1,0,unknown,no
56,blue-collar,married,tertiary,yes,-582.0,no,no,cellular,18,nov,295,2,-1,0,unknown,no
59,management,married,tertiary,no,6561.0,yes,no,cellular,31,jul,68,3,-1,0,unknown,no
44,management,married,tertiary,no,8001.0,no,no,cellular,7,aug,385,4,-1,0,unknown,no
46,management,married,secondary,no,1309.5,yes,no,unknown,21,may,210,1,-1,0,unknown,no
41,retired,married,secondary,no,697.5,yes,no,cellular,12,may,259,3,-1,0,unknown,no
43,blue-collar,married,secondary,no,54.0,yes,no,unknown,4,jun,36,4,-1,0,unknown,no
57,technician,divorced,tertiary,no,291.0,no,no,unknown,20,jun,368,2,-1,0,unknown,no
47,management,single,tertiary,no,10768.5,yes,no,unknown,6,jun,31,8,-1,0,unknown,no
44,entrepreneur,single,tertiary,yes,2563.5,no,yes,cellular,18,nov,288,1,-1,0,unknown,no
47,blue-collar,married,primary,no,1656.0,no,no,unknown,18,jun,15,8,-1,0,unknown,no
49,admin.,married,secondary,no,252.0,no,no,cellular,6,oct,96,1,-1,0,unknown,no
52,retired,married,tertiary,no,715.5,yes,no,cellular,2,feb,413,2,242,3,failure,no
55,management,married,tertiary,no,7039.5,no,yes,cellular,9,jul,148,2,-1,0,unknown,no
44,retired,married,secondary,no,7.5,no,no,telephone,21,jul,305,7,-1,0,unknown,no
66,services,divorced,secondary,no,714.0,no,no,cellular,11,aug,67,7,-1,0,unknown,no
57,admin.,married,secondary,no,43.5,no,yes,cellular,22,aug,150,8,-1,0,unknown,no
63,retired,single,unknown,no,2332.5,yes,no,unknown,27,may,383,2,-1,0,unknown,no
47,services,single,secondary,no,222.0,no,yes,unknown,6,jun,64,1,-1,0,unknown,no
49,retired,married,secondary,no,-682.5,yes,no,unknown,23,may,542,2,-1,0,unknown,no
59,retired,married,tertiary,no,0.0,yes,no,cellular,21,nov,218,1,-1,0,unknown,no
42,services,married,secondary,no,1474.5,yes,no,cellular,20,nov,500,2,133,1,failure,yes
44,services,married,secondary,no,4434.0,no,no,cellular,6,aug,835,2,-1,0,unknown,yes
43,blue-collar,married,secondary,no,492.0,yes,no,telephone,30,jul,216,9,-1,0,unknown,no
43,management,married,secondary,no,-22.5,yes,no,unknown,13,may,247,3,-1,0,unknown,no
39,admin.,single,secondary,no,64.5,yes,no,unknown,9,may,179,2,-1,0,unknown,no
47,retired,single,secondary,no,1035.0,yes,no,cellular,18,nov,105,1,179,2,failure,no
44,blue-collar,married,secondary,no,607.5,yes,no,unknown,21,may,103,1,-1,0,unknown,no
48,services,married,secondary,no,64.5,yes,no,unknown,4,jun,213,1,-1,0,unknown,no
63,admin.,married,secondary,no,2608.5,yes,no,unknown,15,may,103,3,-1,0,unknown,no
52,technician,married,secondary,no,1572.0,yes,no,telephone,6,feb,23,2,-1,0,unknown,no
55,blue-collar,married,secondary,no,-81.0,yes,no,unknown,28,may,372,2,-1,0,unknown,no
55,unemployed,single,secondary,no,49.5,no,no,cellular,5,feb,437,1,-1,0,unknown,no
55,retired,married,secondary,no,2017.5,yes,no,unknown,19,may,120,7,-1,0,unknown,no
55,retired,married,tertiary,no,5055.0,no,no,unknown,12,jun,36,3,-1,0,unknown,no
53,retired,divorced,tertiary,no,2160.0,yes,yes,unknown,30,may,254,1,-1,0,unknown,no
49,management,single,tertiary,no,0.0,yes,no,cellular,12,may,561,4,369,3,failure,no
49,technician,married,secondary,no,2140.5,yes,no,unknown,28,may,454,1,-1,0,unknown,no
77,retired,married,tertiary,no,4261.5,no,no,cellular,2,feb,62,1,-1,0,unknown,no
43,management,married,tertiary,no,1212.0,yes,no,cellular,19,aug,12,16,-1,0,unknown,no
64,technician,married,unknown,no,1276.5,yes,no,unknown,5,may,108,2,-1,0,unknown,no
56,retired,married,tertiary,no,4098.0,yes,no,telephone,11,feb,184,2,-1,0,unknown,no
55,blue-collar,married,primary,no,0.0,yes,no,cellular,24,jul,137,1,-1,0,unknown,no
51,technician,single,secondary,no,60.0,no,no,cellular,5,aug,149,2,-1,0,unknown,no
45,technician,divorced,secondary,no,84.0,no,no,cellular,29,aug,24,12,-1,0,unknown,no
41,admin.,single,secondary,no,567.0,no,no,cellular,23,jul,421,2,-1,0,unknown,no
40,technician,single,secondary,no,2124.0,no,no,telephone,19,nov,519,2,-1,0,unknown,no
57,blue-collar,married,secondary,no,855.0,no,no,cellular,12,aug,864,3,-1,0,unknown,no
53,technician,single,secondary,no,1792.5,yes,no,unknown,15,may,516,9,-1,0,unknown,no
66,blue-collar,married,secondary,no,2098.5,yes,no,unknown,12,may,80,4,-1,0,unknown,no
38,blue-collar,single,secondary,no,1654.5,yes,no,unknown,4,jun,14,11,-1,0,unknown,no
60,blue-collar,married,secondary,no,433.5,no,no,unknown,6,jun,73,1,-1,0,unknown,no
43,services,married,secondary,no,604.5,yes,no,unknown,20,may,274,2,-1,0,unknown,no
40,technician,single,secondary,no,2038.5,yes,no,unknown,27,may,298,1,-1,0,unknown,no
62,technician,married,secondary,no,34132.5,yes,no,unknown,29,may,70,2,-1,0,unknown,no
67,self-employed,married,secondary,no,11620.5,no,no,cellular,7,aug,102,2,-1,0,unknown,no
43,technician,single,tertiary,no,205.5,no,no,cellular,25,aug,88,4,-1,0,unknown,no
64,services,married,primary,no,1588.5,no,no,cellular,7,aug,147,3,-1,0,unknown,no
57,blue-collar,married,secondary,no,2082.0,yes,no,cellular,17,apr,119,2,-1,0,unknown,no
53,technician,single,secondary,no,889.5,yes,no,unknown,5,may,55,1,-1,0,unknown,no
53,technician,single,secondary,no,694.5,yes,no,cellular,17,nov,266,2,-1,0,unknown,no
64,blue-collar,married,secondary,no,31.5,no,no,cellular,15,jun,439,1,-1,0,unknown,no
43,retired,married,primary,no,1387.5,no,no,cellular,20,nov,884,3,-1,0,unknown,no
74,management,married,tertiary,no,5926.5,no,no,cellular,28,jan,134,1,91,1,success,yes
61,technician,married,secondary,no,846.0,no,yes,cellular,8,jul,187,2,-1,0,unknown,no
52,entrepreneur,married,tertiary,no,51.0,yes,no,cellular,15,may,272,1,-1,0,unknown,no
38,retired,married,tertiary,no,714.0,no,yes,cellular,22,jul,630,1,-1,0,unknown,no
68,technician,married,secondary,no,1.5,no,no,cellular,28,jan,536,2,-1,0,unknown,no
53,self-employed,married,secondary,no,426.0,no,no,cellular,28,jan,256,1,-1,0,unknown,no
62,technician,divorced,secondary,no,1741.5,yes,no,unknown,13,may,271,1,-1,0,unknown,no
48,admin.,married,secondary,no,636.0,yes,no,cellular,17,apr,279,1,-1,0,unknown,no
45,technician,single,tertiary,no,408.0,no,no,cellular,11,aug,86,2,-1,0,unknown,no
63,management,single,secondary,no,8337.0,yes,no,cellular,21,nov,81,6,189,3,failure,no
45,blue-collar,single,primary,no,70.5,no,no,unknown,20,may,317,1,-1,0,unknown,no
45,services,divorced,secondary,no,660.0,yes,no,cellular,5,feb,103,1,248,1,failure,no
64,management,married,tertiary,no,2436.0,no,no,cellular,12,may,166,3,182,10,success,yes
62,unemployed,married,secondary,no,157.5,no,no,cellular,20,nov,96,1,-1,0,unknown,no
51,management,married,tertiary,no,22.5,yes,no,cellular,30,jul,59,2,-1,0,unknown,no
50,blue-collar,married,secondary,no,576.0,no,yes,cellular,30,jul,142,3,-1,0,unknown,no
66,retired,married,secondary,no,981.0,yes,yes,unknown,16,jun,62,2,-1,0,unknown,no
64,services,divorced,secondary,no,3597.0,yes,no,cellular,17,nov,73,1,-1,0,unknown,no
45,management,divorced,tertiary,no,757.5,no,no,cellular,23,jul,142,1,-1,0,unknown,no
66,self-employed,married,tertiary,no,523.5,yes,no,telephone,4,may,186,4,-1,0,unknown,no
45,services,single,secondary,no,2551.5,yes,no,cellular,15,jun,175,1,67,3,other,no
48,management,married,tertiary,no,1.5,no,no,cellular,10,sep,342,2,-1,0,unknown,no
41,admin.,married,secondary,no,447.0,yes,yes,unknown,26,may,518,1,-1,0,unknown,no
65,admin.,divorced,secondary,no,2539.5,no,no,cellular,10,aug,247,1,102,3,success,no
52,admin.,married,secondary,no,1420.5,no,no,cellular,30,jul,158,2,-1,0,unknown,no
49,management,single,tertiary,no,0.0,yes,no,cellular,16,apr,81,2,-1,0,unknown,no
41,unemployed,married,primary,no,5755.5,no,no,cellular,20,nov,340,1,-1,0,unknown,no
37,blue-collar,married,secondary,no,367.5,yes,no,cellular,5,feb,7,7,255,11,failure,no
37,management,single,tertiary,no,4273.5,no,no,cellular,5,feb,335,1,-1,0,unknown,no
70,retired,married,secondary,no,5898.0,yes,no,unknown,14,may,407,2,-1,0,unknown,no
62,management,married,unknown,no,621.0,yes,no,cellular,8,jul,424,1,-1,0,unknown,no
38,admin.,single,secondary,no,40.5,no,no,cellular,27,aug,294,1,-1,0,unknown,no
46,management,married,secondary,no,-222.0,no,no,cellular,18,nov,144,2,-1,0,unknown,no
43,management,single,tertiary,no,907.5,no,no,cellular,7,aug,452,3,-1,0,unknown,no
56,retired,married,secondary,no,1449.0,yes,yes,cellular,19,aug,40,2,-1,0,unknown,no
64,technician,married,unknown,no,0.0,no,no,cellular,30,jan,491,1,-1,0,unknown,no
35,admin.,single,secondary,no,372.0,yes,no,cellular,14,may,121,1,-1,0,unknown,no
49,technician,married,secondary,no,-442.5,yes,no,unknown,2,jun,288,1,-1,0,unknown,no
36,services,married,secondary,no,156.0,no,no,unknown,14,may,7,1,-1,0,unknown,no
54,blue-collar,married,secondary,no,1261.5,no,no,cellular,28,jul,504,4,-1,0,unknown,no
41,management,single,tertiary,no,1386.0,no,no,cellular,7,sep,231,1,94,3,success,yes
42,self-employed,single,tertiary,no,1081.5,yes,no,cellular,5,may,323,1,-1,0,unknown,no
45,retired,single,tertiary,no,27.0,yes,yes,unknown,11,jun,111,10,-1,0,unknown,no
41,management,single,secondary,no,303.0,yes,no,cellular,8,jul,167,1,62,1,failure,yes
64,admin.,married,secondary,no,4704.0,yes,no,telephone,19,nov,72,1,-1,0,unknown,no
43,retired,single,tertiary,no,0.0,yes,yes,cellular,21,nov,330,2,-1,0,unknown,no
68,blue-collar,married,secondary,no,514.5,yes,no,unknown,26,may,265,4,-1,0,unknown,no
35,management,single,tertiary,no,433.5,no,no,cellular,5,jun,604,1,-1,0,unknown,no
40,self-employed,single,secondary,no,6016.5,yes,no,unknown,20,may,62,1,-1,0,unknown,no
56,entrepreneur,married,secondary,no,606.0,yes,no,telephone,12,may,1388,7,347,2,failure,no
48,technician,divorced,secondary,no,2704.5,no,yes,cellular,17,jul,172,1,-1,0,unknown,no
55,blue-collar,single,secondary,no,6433.5,yes,no,unknown,9,jun,400,1,-1,0,unknown,no
66,services,single,secondary,no,-60.0,yes,no,cellular,15,may,311,1,368,2,failure,yes
56,management,married,unknown,no,3699.0,no,no,telephone,1,apr,216,3,370,1,failure,yes
51,technician,divorced,tertiary,no,799.5,yes,no,cellular,14,jul,257,4,-1,0,unknown,no
54,retired,divorced,tertiary,no,0.0,no,no,cellular,10,aug,71,1,-1,0,unknown,no
47,technician,married,secondary,no,4564.5,no,no,cellular,11,aug,123,4,-1,0,unknown,no
37,technician,single,secondary,no,-103.5,no,no,unknown,26,jul,4,1,-1,0,unknown,no
45,management,married,tertiary,no,189.0,no,yes,cellular,7,jul,371,2,-1,0,unknown,no
48,admin.,single,secondary,no,589.5,no,no,unknown,6,may,184,2,-1,0,unknown,no
58,blue-collar,married,secondary,no,684.0,yes,yes,unknown,19,may,289,1,-1,0,unknown,no
59,blue-collar,married,secondary,no,247.5,no,yes,cellular,25,jul,682,10,-1,0,unknown,no
53,management,married,tertiary,no,0.0,no,no,cellular,21,nov,107,2,-1,0,unknown,no
40,blue-collar,married,secondary,no,265.5,yes,no,cellular,9,apr,62,2,332,3,failure,no
37,technician,single,secondary,no,2539.5,yes,no,unknown,26,may,101,2,-1,0,unknown,no
37,student,single,secondary,no,1249.5,no,no,telephone,25,jun,359,5,-1,0,unknown,no
66,management,divorced,tertiary,no,3189.0,yes,no,cellular,17,nov,131,1,-1,0,unknown,no
51,retired,married,secondary,no,2757.0,yes,no,cellular,15,jul,135,1,-1,0,unknown,no
69,retired,married,unknown,no,0.0,no,no,unknown,8,may,425,6,-1,0,unknown,no
46,entrepreneur,married,secondary,no,343.5,yes,no,cellular,28,jul,258,2,-1,0,unknown,no
38,admin.,married,secondary,no,0.0,yes,no,cellular,7,may,47,1,-1,0,unknown,no
53,management,single,tertiary,no,3072.0,yes,no,cellular,5,aug,155,1,-1,0,unknown,no
48,technician,married,secondary,no,103.5,no,yes,cellular,24,jul,915,2,-1,0,unknown,no
48,technician,divorced,tertiary,no,697.5,no,yes,cellular,28,jul,30,3,-1,0,unknown,no
47,retired,married,tertiary,no,1206.0,yes,no,cellular,19,nov,94,1,170,1,other,no
37,management,single,secondary,no,2413.5,yes,no,cellular,7,jul,360,3,-1,0,unknown,no
58,management,married,tertiary,no,5241.0,no,no,cellular,28,jan,145,3,97,1,other,no
55,unknown,married,unknown,no,540.0,no,no,unknown,11,jun,157,9,-1,0,unknown,no
46,blue-collar,married,unknown,no,26974.5,yes,no,unknown,20,may,100,1,-1,0,unknown,no
70,retired,divorced,secondary,no,1636.5,no,no,cellular,30,jul,441,5,-1,0,unknown,yes
46,management,single,secondary,no,453.0,no,no,unknown,28,may,60,6,-1,0,unknown,no
60,admin.,married,secondary,no,5412.0,yes,no,cellular,14,may,196,8,182,4,success,yes
45,technician,married,secondary,no,490.5,yes,no,cellular,13,apr,537,3,-1,0,unknown,no
52,housemaid,married,primary,no,1.5,yes,no,telephone,28,jul,59,5,-1,0,unknown,no
59,management,married,secondary,no,156.0,yes,no,unknown,8,may,285,1,-1,0,unknown,no
70,retired,married,primary,no,112.5,no,yes,cellular,8,jul,183,1,-1,0,unknown,no
80,retired,married,unknown,no,6435.0,no,no,telephone,11,aug,172,2,-1,0,unknown,no
49,blue-collar,married,secondary,yes,-517.5,yes,no,unknown,7,may,69,1,-1,0,unknown,no
47,services,married,secondary,no,2247.0,yes,no,cellular,20,apr,107,1,-1,0,unknown,no
55,admin.,divorced,secondary,no,-264.0,no,yes,cellular,7,jul,574,1,-1,0,unknown,yes
40,admin.,single,secondary,no,108.0,no,no,cellular,3,feb,86,2,-1,0,unknown,no
49,admin.,married,secondary,no,2635.5,no,no,telephone,28,oct,125,1,-1,0,unknown,yes
69,unknown,married,secondary,no,603.0,no,no,telephone,25,jul,69,5,-1,0,unknown,no
36,entrepreneur,single,tertiary,no,1087.5,no,no,cellular,5,feb,1916,2,189,29,other,yes
55,blue-collar,single,secondary,no,138.0,no,yes,cellular,25,jul,99,7,-1,0,unknown,no
62,services,divorced,secondary,no,18.0,yes,no,cellular,6,may,78,1,170,1,failure,no
50,retired,married,secondary,no,-46.5,yes,no,unknown,14,may,117,4,-1,0,unknown,no
46,self-employed,single,tertiary,no,526.5,no,no,cellular,5,feb,82,1,-1,0,unknown,no
49,services,married,secondary,no,1807.5,yes,no,unknown,6,may,118,2,-1,0,unknown,no
50,management,married,secondary,no,708.0,yes,no,unknown,30,may,85,2,-1,0,unknown,no
47,services,single,secondary,no,64.5,yes,no,cellular,17,jul,36,2,-1,0,unknown,no
67,services,divorced,primary,no,2050.5,no,no,unknown,9,jun,144,3,-1,0,unknown,no
41,blue-collar,married,secondary,no,445.5,yes,no,unknown,12,may,480,1,-1,0,unknown,no
64,housemaid,married,unknown,no,1363.5,no,no,cellular,20,aug,111,3,-1,0,unknown,no
46,technician,single,secondary,no,40.5,yes,no,cellular,9,feb,631,1,260,2,success,yes
47,retired,married,secondary,no,2122.5,yes,no,cellular,12,may,214,2,-1,0,unknown,no
54,technician,divorced,secondary,no,18.0,no,no,cellular,11,aug,295,3,-1,0,unknown,no
39,technician,married,secondary,no,982.5,yes,no,cellular,3,feb,225,3,270,2,failure,no
49,technician,single,secondary,no,21.0,yes,no,cellular,7,may,72,1,-1,0,unknown,no
38,management,married,tertiary,no,1663.5,yes,no,cellular,27,may,89,4,310,5,failure,no
45,blue-collar,married,secondary,no,243.0,yes,no,unknown,4,jun,60,4,-1,0,unknown,no
62,retired,married,tertiary,no,5160.0,yes,no,cellular,9,jul,194,1,-1,0,unknown,no
46,blue-collar,married,secondary,no,2887.5,yes,no,cellular,20,apr,904,2,-1,0,unknown,yes
60,blue-collar,married,unknown,no,2083.5,yes,no,unknown,19,jun,162,3,-1,0,unknown,no
37,management,single,secondary,no,267.0,yes,no,unknown,3,jun,732,2,-1,0,unknown,yes
46,management,married,tertiary,no,325.5,no,no,cellular,27,may,103,1,-1,0,unknown,no
61,technician,married,secondary,no,-229.5,no,no,cellular,20,nov,72,2,92,4,failure,no
35,retired,married,primary,no,-124.5,yes,no,unknown,11,jun,211,17,-1,0,unknown,no
45,retired,divorced,tertiary,no,5626.5,yes,no,cellular,18,aug,210,2,124,2,failure,no
51,management,married,tertiary,no,427.5,yes,no,cellular,31,aug,90,4,147,4,failure,no
65,retired,married,secondary,no,184.5,no,no,cellular,28,aug,70,8,-1,0,unknown,no
40,management,single,tertiary,no,220.5,no,no,cellular,9,sep,234,1,100,1,failure,yes
39,retired,married,secondary,no,552.0,yes,no,cellular,20,apr,16,5,-1,0,unknown,no
38,admin.,single,secondary,no,-54.0,yes,no,cellular,18,may,379,1,-1,0,unknown,no
33,retired,single,unknown,no,1281.0,yes,no,unknown,28,may,664,2,-1,0,unknown,yes
40,blue-collar,single,secondary,no,294.0,yes,no,unknown,29,may,91,7,-1,0,unknown,no
49,admin.,married,secondary,yes,-156.0,yes,no,cellular,28,jul,290,2,-1,0,unknown,no
47,technician,married,secondary,no,474.0,yes,no,unknown,8,may,238,1,-1,0,unknown,no
36,admin.,single,secondary,no,-52.5,no,yes,cellular,8,jul,304,1,-1,0,unknown,no
62,retired,married,unknown,no,952.5,no,no,cellular,7,aug,228,4,-1,0,unknown,no
41,unemployed,single,secondary,no,426.0,yes,no,cellular,2,feb,855,1,-1,0,unknown,yes
65,technician,married,secondary,no,0.0,yes,no,unknown,30,may,119,2,-1,0,unknown,no
62,self-employed,married,tertiary,no,9985.5,no,no,telephone,30,apr,917,1,-1,0,unknown,yes
36,housemaid,married,tertiary,no,814.5,no,no,cellular,30,jan,169,3,-1,0,unknown,no
44,management,single,tertiary,no,1756.5,yes,no,cellular,10,jul,129,1,-1,0,unknown,no
42,management,married,tertiary,no,-223.5,no,no,cellular,5,feb,93,1,8,1,other,no
59,entrepreneur,married,tertiary,no,1144.5,no,no,cellular,21,nov,129,4,-1,0,unknown,no
47,admin.,married,secondary,no,-639.0,yes,yes,cellular,31,jul,56,30,-1,0,unknown,no
39,blue-collar,married,secondary,no,0.0,no,no,unknown,9,may,215,1,-1,0,unknown,no
64,entrepreneur,married,secondary,no,5014.5,yes,yes,unknown,16,may,216,1,-1,0,unknown,no
42,management,single,tertiary,no,23341.5,yes,no,cellular,28,jul,151,3,-1,0,unknown,no
69,unemployed,married,secondary,no,6745.5,yes,no,cellular,4,feb,213,1,251,1,failure,no
61,services,married,secondary,no,1300.5,yes,no,cellular,3,feb,177,2,211,3,failure,no
94,retired,married,primary,no,2553.0,no,no,telephone,26,aug,185,1,-1,0,unknown,no
60,blue-collar,divorced,primary,no,582.0,no,no,cellular,5,feb,701,1,-1,0,unknown,no
88,retired,married,unknown,no,7210.5,no,no,telephone,3,feb,892,2,104,4,success,yes
43,management,single,tertiary,no,648.0,no,no,telephone,20,aug,588,6,-1,0,unknown,yes
66,admin.,married,secondary,no,903.0,no,no,cellular,14,jun,458,1,130,8,success,yes
51,blue-collar,married,primary,no,603.0,no,no,unknown,17,jun,114,17,-1,0,unknown,no
51,management,divorced,secondary,no,0.0,no,no,unknown,16,jun,126,3,-1,0,unknown,no
43,blue-collar,married,secondary,no,64.5,yes,no,cellular,14,may,332,2,358,2,failure,no
43,management,single,secondary,no,-997.5,yes,yes,unknown,9,may,188,1,-1,0,unknown,no
42,technician,single,secondary,no,406.5,yes,no,cellular,13,may,80,2,268,2,other,no
62,admin.,divorced,secondary,no,541.5,no,yes,cellular,20,nov,147,1,-1,0,unknown,no
40,management,single,tertiary,no,-87.0,no,yes,cellular,19,aug,15,18,-1,0,unknown,no
54,retired,married,tertiary,no,11452.5,no,no,cellular,21,aug,719,5,-1,0,unknown,no
51,technician,married,secondary,no,-762.0,yes,yes,telephone,17,jul,124,8,-1,0,unknown,no
62,blue-collar,married,secondary,no,2113.5,yes,no,unknown,19,jun,224,1,-1,0,unknown,no
41,blue-collar,single,secondary,no,7467.0,yes,no,cellular,12,may,313,1,-1,0,unknown,no
43,blue-collar,married,unknown,no,3982.5,yes,no,cellular,21,nov,195,1,-1,0,unknown,no
55,retired,married,secondary,no,597.0,yes,no,cellular,29,jan,227,1,246,5,failure,no
42,management,single,tertiary,no,1965.0,no,no,cellular,12,aug,418,3,-1,0,unknown,no
53,retired,married,primary,no,7558.5,no,no,cellular,20,nov,227,1,-1,0,unknown,no
57,retired,married,primary,no,2061.0,no,yes,telephone,8,may,479,2,359,3,failure,yes
58,housemaid,married,secondary,no,703.5,no,no,cellular,14,aug,103,2,-1,0,unknown,no
66,unemployed,married,secondary,no,18.0,no,no,cellular,12,oct,511,3,187,1,failure,yes
57,admin.,married,secondary,no,7384.5,no,no,unknown,19,jun,121,3,-1,0,unknown,no
62,services,married,secondary,no,459.0,yes,no,cellular,13,may,650,5,-1,0,unknown,yes
53,entrepreneur,married,secondary,no,5793.0,yes,no,unknown,3,jun,102,1,-1,0,unknown,no
41,management,married,tertiary,no,2100.0,yes,no,cellular,30,jan,175,2,2,1,other,no
69,housemaid,married,secondary,no,0.0,no,no,telephone,5,jun,153,1,-1,0,unknown,no
47,housemaid,married,secondary,no,11149.5,no,yes,cellular,5,feb,630,3,-1,0,unknown,yes
56,services,divorced,secondary,no,1167.0,yes,no,unknown,19,may,579,1,-1,0,unknown,no
57,technician,divorced,secondary,no,126.0,no,no,cellular,8,aug,49,2,-1,0,unknown,no
71,housemaid,married,tertiary,no,2083.5,no,no,cellular,8,apr,250,1,-1,0,unknown,no
43,management,single,tertiary,no,14173.5,yes,no,cellular,8,may,428,1,-1,0,unknown,no
48,management,married,tertiary,no,0.0,yes,no,telephone,12,dec,136,1,-1,0,unknown,no
69,admin.,married,secondary,no,2871.0,yes,no,cellular,7,jul,126,3,-1,0,unknown,no
47,management,married,unknown,yes,93.0,yes,no,cellular,31,jul,85,4,-1,0,unknown,no
64,housemaid,married,secondary,no,2965.5,no,no,unknown,16,jun,69,3,-1,0,unknown,no
46,retired,divorced,secondary,no,7.5,yes,no,cellular,30,jan,169,1,2,2,other,no
54,technician,divorced,secondary,no,363.0,no,no,cellular,25,aug,69,4,-1,0,unknown,no
44,technician,married,secondary,no,3028.5,yes,yes,unknown,27,jun,102,1,-1,0,unknown,no
52,retired,married,tertiary,no,3373.5,yes,no,telephone,3,apr,362,2,136,6,failure,no
45,technician,married,secondary,no,177.0,yes,no,unknown,7,may,236,1,-1,0,unknown,no
44,technician,married,secondary,no,-37.5,no,no,cellular,15,may,207,1,-1,0,unknown,no
36,retired,single,secondary,no,1203.0,no,no,cellular,30,jan,77,1,2,2,other,no
36,admin.,single,secondary,no,921.0,no,no,cellular,27,jan,103,1,-1,0,unknown,no
63,technician,single,tertiary,no,177.0,no,no,cellular,14,jul,431,3,-1,0,unknown,no
44,technician,married,tertiary,no,16689.0,no,no,cellular,25,aug,140,4,-1,0,unknown,no
41,management,married,tertiary,no,52.5,yes,yes,cellular,19,nov,323,2,-1,0,unknown,no
70,retired,married,tertiary,no,5191.5,no,no,cellular,26,may,94,2,112,2,failure,no
65,blue-collar,married,secondary,no,-709.5,yes,no,unknown,26,may,233,1,-1,0,unknown,no
66,management,married,tertiary,no,1402.5,yes,no,cellular,17,nov,140,1,-1,0,unknown,no
57,blue-collar,married,secondary,no,-519.0,yes,yes,telephone,3,feb,137,2,253,2,other,no
44,technician,single,tertiary,no,976.5,no,no,cellular,3,feb,351,3,-1,0,unknown,no
54,blue-collar,married,secondary,no,34.5,no,no,cellular,23,jul,56,1,-1,0,unknown,no
37,blue-collar,single,secondary,no,475.5,yes,no,unknown,20,may,16,10,-1,0,unknown,no
52,blue-collar,married,primary,no,601.5,yes,no,cellular,21,jul,581,4,-1,0,unknown,no
35,admin.,single,secondary,no,1.5,yes,yes,unknown,12,may,24,12,-1,0,unknown,no
69,retired,married,secondary,no,1875.0,no,yes,telephone,11,jul,61,2,-1,0,unknown,no
48,services,married,secondary,no,262.5,no,no,unknown,17,jun,132,2,-1,0,unknown,no
39,retired,single,primary,no,1083.0,yes,no,cellular,15,may,78,1,359,1,failure,no
57,technician,married,primary,no,280.5,yes,no,unknown,9,may,165,1,-1,0,unknown,no
35,technician,divorced,secondary,no,129.0,no,yes,cellular,8,jul,483,2,-1,0,unknown,no
66,services,divorced,primary,no,34.5,no,no,telephone,26,may,108,4,-1,0,unknown,no
51,blue-collar,married,primary,no,246.0,yes,no,cellular,12,may,150,4,330,11,other,no
57,admin.,divorced,secondary,no,2908.5,yes,no,cellular,19,nov,150,1,174,1,failure,no
47,retired,married,secondary,no,0.0,yes,no,cellular,18,nov,173,1,179,6,failure,no
61,management,married,tertiary,no,601.5,no,no,cellular,19,aug,80,6,-1,0,unknown,no
64,management,married,tertiary,no,2176.5,no,no,cellular,25,aug,308,7,-1,0,unknown,no
85,retired,married,unknown,no,11728.5,no,no,cellular,15,feb,261,1,97,4,other,no
61,blue-collar,married,primary,no,32421.0,no,no,cellular,29,aug,47,20,-1,0,unknown,no
76,retired,married,tertiary,no,2922.0,no,no,cellular,29,oct,106,2,269,2,failure,yes
50,management,divorced,tertiary,no,103.5,yes,no,cellular,6,may,503,2,280,2,failure,no
58,services,single,secondary,yes,-705.0,yes,no,cellular,11,may,410,2,292,11,failure,no
45,technician,single,secondary,no,2413.5,yes,no,unknown,30,may,288,3,-1,0,unknown,no
45,retired,married,tertiary,no,1470.0,no,no,cellular,2,aug,428,2,336,6,failure,no
44,technician,single,secondary,no,3127.5,no,no,cellular,10,aug,356,3,182,2,success,yes
56,unknown,married,unknown,no,3550.5,no,no,unknown,6,jun,86,3,-1,0,unknown,no
45,management,single,tertiary,no,949.5,yes,no,cellular,17,apr,128,3,-1,0,unknown,no
40,blue-collar,married,secondary,no,13.5,yes,no,unknown,20,may,184,1,-1,0,unknown,no
38,technician,single,secondary,no,2298.0,no,no,cellular,4,feb,279,5,-1,0,unknown,no
44,management,married,tertiary,no,0.0,yes,no,cellular,3,feb,251,1,-1,0,unknown,yes
46,technician,single,secondary,no,4381.5,no,no,telephone,31,jul,55,7,-1,0,unknown,no
45,technician,single,secondary,no,5235.0,yes,no,cellular,29,aug,643,2,-1,0,unknown,yes
51,entrepreneur,married,secondary,no,1873.5,yes,no,cellular,9,jul,391,1,-1,0,unknown,no
50,admin.,single,secondary,no,1315.5,yes,no,unknown,28,may,318,6,-1,0,unknown,no
50,self-employed,married,tertiary,no,4465.5,yes,no,cellular,17,jul,1018,1,-1,0,unknown,no
45,retired,married,secondary,no,430.5,yes,no,cellular,2,feb,115,3,245,8,failure,no
44,management,married,tertiary,no,375.0,no,no,cellular,9,dec,787,1,188,8,other,no
59,retired,married,secondary,no,2757.0,yes,no,cellular,8,jul,203,1,-1,0,unknown,no
47,retired,single,tertiary,no,1222.5,yes,no,cellular,7,may,77,1,-1,0,unknown,no
50,entrepreneur,married,secondary,no,1170.0,yes,no,unknown,17,jun,163,1,-1,0,unknown,no
50,housemaid,divorced,secondary,no,3915.0,yes,no,unknown,14,may,301,3,-1,0,unknown,no
45,blue-collar,married,primary,no,1674.0,yes,no,unknown,12,jun,124,1,-1,0,unknown,no
63,retired,married,secondary,no,997.5,yes,no,cellular,22,apr,371,2,-1,0,unknown,yes
49,services,married,secondary,no,1458.0,yes,no,telephone,10,jul,123,4,-1,0,unknown,no
39,services,single,secondary,no,229.5,no,no,cellular,15,jul,734,2,-1,0,unknown,no
69,retired,married,unknown,no,2236.5,no,no,unknown,9,jun,157,2,-1,0,unknown,no
40,services,single,primary,yes,121.5,yes,no,telephone,5,feb,37,1,-1,0,unknown,no
78,retired,married,secondary,no,1719.0,no,no,cellular,13,may,356,1,71,5,success,yes
40,technician,single,secondary,no,115.5,no,yes,cellular,8,jul,82,4,-1,0,unknown,no
45,retired,married,tertiary,no,339.0,no,no,unknown,27,may,322,5,-1,0,unknown,no
36,retired,single,unknown,no,3754.5,no,no,cellular,30,apr,121,1,63,2,failure,no
54,entrepreneur,married,secondary,no,7558.5,no,no,cellular,8,may,317,2,-1,0,unknown,no
58,management,married,secondary,no,6622.5,yes,no,cellular,18,nov,271,1,102,6,failure,no
55,housemaid,married,secondary,no,2434.5,no,no,cellular,22,aug,192,4,-1,0,unknown,no
58,services,divorced,unknown,no,1459.5,no,no,cellular,8,oct,319,1,134,2,success,yes
70,retired,married,primary,no,1435.5,no,no,cellular,6,aug,224,2,-1,0,unknown,no
44,technician,single,secondary,no,1918.5,yes,no,cellular,21,oct,339,3,91,10,success,yes
74,retired,married,primary,no,18100.5,no,no,telephone,30,jul,367,2,92,2,success,yes
45,management,single,tertiary,no,112.5,no,no,cellular,21,aug,122,5,-1,0,unknown,no
78,retired,married,secondary,no,31084.5,yes,no,cellular,28,apr,318,2,-1,0,unknown,no
44,management,married,tertiary,no,526.5,no,no,cellular,30,jan,193,1,-1,0,unknown,no
41,retired,single,secondary,no,274.5,no,no,cellular,27,aug,120,4,-1,0,unknown,no
46,management,married,secondary,no,0.0,no,no,cellular,20,nov,80,1,-1,0,unknown,no
34,retired,single,tertiary,no,2077.5,yes,no,unknown,28,may,1277,2,-1,0,unknown,no
58,management,married,unknown,no,1654.5,yes,no,unknown,15,may,52,1,-1,0,unknown,no
48,services,married,tertiary,no,1986.0,yes,no,cellular,3,feb,178,1,-1,0,unknown,no
45,self-employed,single,tertiary,no,529.5,no,no,cellular,11,feb,352,1,183,1,success,yes
42,self-employed,single,tertiary,no,579.0,yes,no,cellular,18,nov,482,1,-1,0,unknown,yes
68,retired,married,secondary,no,2103.0,yes,no,unknown,21,may,111,5,-1,0,unknown,no
48,retired,married,secondary,no,-49.5,no,no,cellular,29,jan,162,1,-1,0,unknown,no
50,services,married,secondary,no,376.5,yes,no,cellular,30,jul,153,6,-1,0,unknown,no
42,management,married,tertiary,no,1812.0,no,no,cellular,11,aug,221,3,-1,0,unknown,no
68,retired,married,secondary,no,6522.0,yes,no,cellular,23,jun,790,4,141,1,other,yes
50,entrepreneur,married,primary,no,5514.0,yes,yes,unknown,15,may,101,1,-1,0,unknown,no
38,blue-collar,married,tertiary,no,502.5,yes,no,cellular,14,may,256,1,322,3,success,no
68,entrepreneur,married,secondary,no,744.0,no,no,cellular,22,apr,132,1,-1,0,unknown,yes
46,technician,married,secondary,no,5368.5,no,no,cellular,14,aug,308,2,-1,0,unknown,no
45,management,single,tertiary,no,841.5,yes,no,unknown,12,may,405,3,-1,0,unknown,no
44,admin.,married,secondary,no,1146.0,no,no,cellular,9,feb,89,2,-1,0,unknown,no
34,blue-collar,married,secondary,no,0.0,no,no,unknown,28,may,94,1,-1,0,unknown,no
35,admin.,single,secondary,no,2806.5,no,no,cellular,8,sep,260,1,96,1,success,yes
51,entrepreneur,married,tertiary,no,0.0,yes,no,telephone,24,jul,552,16,-1,0,unknown,no
54,retired,married,secondary,no,11436.0,no,no,unknown,7,may,126,5,-1,0,unknown,no
65,management,married,secondary,no,4939.5,no,no,telephone,30,jul,64,2,-1,0,unknown,no
52,management,divorced,tertiary,no,-388.5,no,yes,cellular,29,jan,149,1,-1,0,unknown,no
71,technician,married,secondary,no,75.0,yes,no,cellular,22,jul,213,5,-1,0,unknown,no
51,management,married,tertiary,no,1014.0,no,no,unknown,17,jun,78,1,-1,0,unknown,no
39,technician,married,secondary,no,-42.0,no,no,cellular,7,jul,531,1,-1,0,unknown,no
52,admin.,single,unknown,no,-207.0,yes,no,unknown,26,may,109,1,-1,0,unknown,no
45,blue-collar,single,unknown,no,132.0,no,no,cellular,13,may,272,2,-1,0,unknown,no
46,blue-collar,single,secondary,no,8094.0,yes,no,cellular,9,apr,490,2,-1,0,unknown,no
60,blue-collar,married,secondary,no,-240.0,yes,no,unknown,28,may,600,2,-1,0,unknown,no
51,technician,married,tertiary,no,-567.0,yes,yes,unknown,19,jun,252,2,-1,0,unknown,no
51,admin.,married,tertiary,no,2304.0,no,no,cellular,4,may,54,2,-1,0,unknown,no
53,management,married,secondary,no,721.5,yes,no,telephone,18,nov,164,1,110,2,other,no
62,retired,married,secondary,no,2934.0,no,no,unknown,6,jun,384,2,-1,0,unknown,no
42,blue-collar,divorced,secondary,no,4540.5,no,no,cellular,5,may,171,2,-1,0,unknown,no
57,blue-collar,married,secondary,no,9658.5,yes,no,unknown,14,may,326,3,-1,0,unknown,no
58,technician,divorced,secondary,yes,30.0,no,no,cellular,27,aug,145,3,-1,0,unknown,no
78,retired,single,tertiary,no,3216.0,no,no,cellular,26,jan,708,1,96,3,success,yes
39,technician,married,tertiary,no,906.0,yes,no,cellular,14,may,430,4,-1,0,unknown,no
46,blue-collar,divorced,secondary,no,4803.0,yes,no,cellular,20,nov,690,3,183,2,failure,no
40,blue-collar,single,unknown,no,1041.0,yes,yes,cellular,18,may,599,1,306,4,success,no
57,blue-collar,married,primary,no,438.0,no,yes,telephone,28,jul,210,3,-1,0,unknown,no
36,technician,single,secondary,no,3915.0,yes,yes,unknown,2,jun,626,1,-1,0,unknown,no
35,retired,single,tertiary,no,439.5,no,no,cellular,12,apr,231,1,-1,0,unknown,no
41,blue-collar,married,secondary,no,642.0,yes,no,unknown,9,may,75,1,-1,0,unknown,no
66,management,married,tertiary,no,0.0,yes,no,telephone,5,may,259,2,-1,0,unknown,no
49,management,single,tertiary,no,39.0,yes,no,cellular,28,jul,110,18,-1,0,unknown,no
65,retired,married,secondary,no,925.5,yes,no,cellular,20,apr,529,3,-1,0,unknown,no
59,admin.,married,tertiary,no,-1443.0,yes,no,cellular,19,aug,295,2,-1,0,unknown,no
40,technician,single,secondary,no,2301.0,yes,no,unknown,27,may,596,1,-1,0,unknown,no
43,management,single,tertiary,no,1344.0,yes,no,cellular,19,nov,577,1,-1,0,unknown,no
36,admin.,married,secondary,no,0.0,yes,no,cellular,18,jul,788,6,-1,0,unknown,no
41,blue-collar,married,primary,no,3127.5,yes,yes,unknown,19,may,488,3,-1,0,unknown,no
44,services,married,secondary,no,2455.5,yes,no,cellular,21,nov,107,4,-1,0,unknown,no
61,technician,married,secondary,no,844.5,yes,no,cellular,17,jul,117,3,-1,0,unknown,no
43,blue-collar,single,secondary,no,399.0,yes,yes,cellular,17,apr,100,2,-1,0,unknown,no
40,retired,single,tertiary,no,1075.5,yes,no,cellular,13,aug,130,3,-1,0,unknown,no
64,retired,married,secondary,no,786.0,yes,no,unknown,15,may,55,1,-1,0,unknown,no
51,services,married,unknown,no,132.0,yes,no,cellular,11,may,105,1,336,2,failure,no
39,self-employed,single,tertiary,no,11628.0,no,no,cellular,3,jun,180,1,-1,0,unknown,no
68,admin.,divorced,secondary,no,111.0,yes,no,telephone,22,jul,514,11,-1,0,unknown,no
56,management,married,secondary,no,18279.0,no,no,unknown,20,jun,29,3,-1,0,unknown,no
45,services,married,secondary,no,4008.0,no,no,unknown,20,jun,8,10,-1,0,unknown,no
65,blue-collar,married,primary,no,7663.5,no,no,unknown,19,jun,55,1,-1,0,unknown,no
47,retired,single,secondary,no,588.0,yes,no,cellular,18,jul,118,3,-1,0,unknown,no
41,blue-collar,single,secondary,no,763.5,yes,no,unknown,23,may,183,1,-1,0,unknown,no
59,technician,divorced,tertiary,no,2710.5,yes,no,cellular,12,mar,229,1,-1,0,unknown,yes
48,technician,divorced,secondary,no,1353.0,yes,no,cellular,4,may,301,3,90,1,success,yes
41,admin.,single,tertiary,no,7.5,no,yes,cellular,2,feb,75,1,206,1,failure,no
42,retired,married,secondary,no,315.0,yes,no,cellular,13,may,308,3,364,1,other,no
41,blue-collar,married,secondary,no,225.0,yes,no,telephone,14,may,68,2,-1,0,unknown,no
42,retired,single,tertiary,no,1045.5,no,no,cellular,30,apr,210,3,-1,0,unknown,no
42,blue-collar,married,secondary,no,0.0,no,no,cellular,6,feb,350,1,-1,0,unknown,no
63,blue-collar,married,secondary,no,2695.5,yes,no,cellular,2,sep,128,3,94,5,other,no
65,entrepreneur,married,tertiary,no,19096.5,yes,no,cellular,16,jul,159,6,-1,0,unknown,no
56,retired,married,secondary,no,1174.5,yes,no,cellular,22,jul,136,4,-1,0,unknown,no
45,services,single,secondary,no,2613.0,yes,no,cellular,31,jul,39,2,-1,0,unknown,no
63,blue-collar,married,secondary,no,222.0,yes,no,cellular,7,may,66,1,359,1,failure,no
44,blue-collar,married,secondary,no,480.0,yes,no,cellular,12,aug,352,1,828,2,failure,yes
52,services,married,secondary,no,-211.5,yes,yes,cellular,13,may,211,3,345,3,failure,no
63,services,divorced,secondary,no,6831.0,no,no,cellular,5,feb,8,6,-1,0,unknown,no
55,blue-collar,married,secondary,no,1858.5,no,no,telephone,31,jul,67,4,-1,0,unknown,no
46,retired,single,tertiary,no,1314.0,yes,no,unknown,23,may,241,2,-1,0,unknown,no
56,retired,married,secondary,no,228.0,no,no,cellular,9,jul,72,1,-1,0,unknown,no
52,unemployed,married,primary,no,3954.0,no,no,cellular,17,nov,178,2,151,1,failure,no
47,retired,married,secondary,no,1747.5,yes,no,cellular,11,may,304,3,173,7,failure,no
39,technician,single,tertiary,no,1410.0,yes,no,cellular,15,may,757,1,330,1,failure,no
69,admin.,married,primary,no,1560.0,no,no,telephone,31,jul,733,1,-1,0,unknown,no
49,technician,married,secondary,no,19747.5,yes,yes,cellular,22,aug,147,4,-1,0,unknown,no
44,management,single,tertiary,no,3949.5,yes,no,cellular,21,nov,705,6,-1,0,unknown,yes
37,retired,single,tertiary,no,811.5,yes,no,unknown,12,may,145,1,-1,0,unknown,no
42,retired,married,secondary,no,1996.5,yes,no,unknown,5,may,286,2,-1,0,unknown,no
62,retired,divorced,secondary,no,420.0,no,no,unknown,20,jun,8,12,-1,0,unknown,no
47,self-employed,married,secondary,no,178.5,no,no,cellular,25,aug,68,4,-1,0,unknown,no
43,technician,married,secondary,no,199.5,no,no,cellular,12,nov,627,2,192,1,success,yes
54,entrepreneur,married,tertiary,no,5194.5,yes,yes,cellular,28,jan,290,2,153,3,failure,no
55,technician,married,secondary,no,445.5,no,no,cellular,28,jan,210,2,-1,0,unknown,no
57,blue-collar,married,secondary,no,997.5,no,no,cellular,18,aug,885,3,-1,0,unknown,no
44,management,single,tertiary,no,625.5,yes,no,cellular,12,feb,155,10,149,5,failure,no
55,technician,married,secondary,no,5092.5,yes,no,unknown,14,may,215,1,-1,0,unknown,no
48,technician,married,tertiary,no,4851.0,no,no,cellular,8,apr,281,1,141,2,success,no
57,unemployed,married,primary,no,252.0,yes,no,telephone,30,jan,66,1,241,1,other,no
38,admin.,married,secondary,no,11560.5,yes,no,unknown,30,may,68,2,-1,0,unknown,no
53,retired,single,secondary,no,55.5,yes,no,cellular,7,may,329,2,-1,0,unknown,no
41,management,single,tertiary,no,2397.0,yes,no,cellular,7,jul,36,33,-1,0,unknown,no
58,management,married,tertiary,no,4255.5,no,no,unknown,17,jun,69,1,-1,0,unknown,no
45,technician,married,secondary,no,1882.5,no,no,unknown,17,jun,445,2,-1,0,unknown,no
62,blue-collar,divorced,primary,no,43.5,yes,no,cellular,15,may,223,2,298,1,failure,no
47,services,married,secondary,no,0.0,yes,yes,cellular,31,jul,187,2,-1,0,unknown,no
48,retired,married,secondary,no,7111.5,yes,no,unknown,9,jun,221,10,-1,0,unknown,no
62,self-employed,married,tertiary,no,874.5,yes,no,cellular,22,aug,132,1,-1,0,unknown,no
54,technician,divorced,secondary,no,21.0,no,no,cellular,13,nov,167,1,92,1,success,yes
60,retired,divorced,tertiary,no,436.5,no,yes,cellular,17,jul,219,1,-1,0,unknown,no
57,technician,married,secondary,no,78.0,no,no,cellular,20,aug,881,4,-1,0,unknown,no
47,entrepreneur,single,tertiary,no,97.5,no,no,cellular,31,jul,22,4,-1,0,unknown,no
53,blue-collar,married,secondary,no,612.0,yes,no,unknown,14,sep,6,1,838,3,other,no
38,student,single,secondary,no,3526.5,no,no,telephone,22,oct,157,1,-1,0,unknown,yes
46,admin.,married,secondary,no,880.5,no,no,cellular,3,feb,248,2,-1,0,unknown,no
84,retired,married,tertiary,no,7368.0,no,no,telephone,21,oct,129,3,-1,0,unknown,no
66,management,married,secondary,no,1305.0,no,no,cellular,14,may,220,1,179,1,success,yes
69,management,married,tertiary,no,2589.0,no,yes,cellular,8,jul,137,3,-1,0,unknown,no
37,admin.,single,secondary,no,19.5,yes,no,telephone,8,jul,103,1,-1,0,unknown,no
50,admin.,divorced,secondary,no,4018.5,yes,yes,cellular,8,may,122,1,350,1,failure,no
48,blue-collar,married,secondary,no,753.0,yes,no,unknown,2,jun,209,2,-1,0,unknown,no
87,retired,divorced,secondary,no,0.0,no,no,cellular,25,sep,210,1,-1,0,unknown,yes
46,admin.,married,secondary,no,318.0,yes,yes,cellular,23,jul,1201,6,-1,0,unknown,yes
51,technician,married,secondary,no,4543.5,yes,no,cellular,17,nov,251,2,-1,0,unknown,no
58,technician,married,secondary,no,820.5,no,no,cellular,5,aug,459,2,-1,0,unknown,no
87,retired,married,secondary,no,957.0,no,no,cellular,7,aug,453,1,-1,0,unknown,yes
41,services,married,secondary,no,589.5,no,no,cellular,14,jul,328,2,-1,0,unknown,no
45,housemaid,married,primary,no,0.0,no,yes,telephone,9,jul,17,1,-1,0,unknown,no
50,services,married,secondary,no,-939.0,yes,no,unknown,26,may,147,2,-1,0,unknown,no
80,retired,divorced,secondary,no,10275.0,no,no,telephone,5,mar,252,3,183,1,failure,no
51,management,divorced,tertiary,no,2364.0,yes,no,unknown,13,may,232,2,-1,0,unknown,no
70,retired,married,secondary,no,3805.5,yes,yes,unknown,15,may,230,1,-1,0,unknown,no
55,blue-collar,married,primary,no,484.5,yes,no,unknown,13,may,276,2,-1,0,unknown,no
56,technician,married,secondary,no,7434.0,yes,no,unknown,16,may,74,1,-1,0,unknown,no
44,blue-collar,married,secondary,no,3735.0,yes,no,unknown,23,may,192,1,-1,0,unknown,no
66,blue-collar,married,primary,no,1521.0,no,no,unknown,2,jul,5,1,-1,0,unknown,no
43,technician,married,secondary,no,1851.0,no,no,cellular,19,nov,109,1,10,1,failure,no
38,services,married,secondary,no,2091.0,yes,no,cellular,20,apr,293,2,-1,0,unknown,no
53,retired,divorced,secondary,no,507.0,yes,no,unknown,8,may,116,1,-1,0,unknown,no
45,blue-collar,married,secondary,no,904.5,yes,no,cellular,17,apr,474,2,-1,0,unknown,no
53,retired,married,tertiary,no,1801.5,yes,yes,cellular,13,aug,84,3,-1,0,unknown,no
61,technician,married,secondary,no,1470.0,no,no,cellular,6,sep,114,2,-1,0,unknown,no
69,retired,married,secondary,no,3774.0,yes,yes,unknown,14,may,282,1,-1,0,unknown,no
58,services,single,secondary,no,5667.0,yes,no,unknown,3,jun,46,6,-1,0,unknown,no
55,technician,single,secondary,no,1794.0,yes,no,cellular,14,jul,108,6,-1,0,unknown,no
64,retired,married,primary,no,2536.5,yes,no,unknown,14,may,156,1,-1,0,unknown,no
41,management,single,secondary,no,0.0,no,no,cellular,18,aug,87,7,-1,0,unknown,no
67,unemployed,married,primary,no,7689.0,yes,no,cellular,2,feb,113,2,-1,0,unknown,no
46,management,married,tertiary,no,504.0,no,no,unknown,11,jun,178,7,-1,0,unknown,no
64,blue-collar,married,secondary,no,1023.0,yes,yes,unknown,26,may,133,1,-1,0,unknown,no
44,admin.,married,tertiary,no,1348.5,yes,no,unknown,12,nov,114,1,170,3,failure,yes
62,blue-collar,divorced,primary,no,2637.0,yes,no,unknown,15,may,41,1,-1,0,unknown,no
42,admin.,single,secondary,no,196.5,yes,no,cellular,22,jun,522,1,183,2,success,yes
70,blue-collar,married,secondary,no,106.5,no,no,unknown,5,jun,185,1,-1,0,unknown,no
42,blue-collar,single,secondary,no,382.5,no,no,unknown,4,jun,175,1,-1,0,unknown,no
47,admin.,married,secondary,no,9190.5,yes,no,cellular,17,apr,1038,2,-1,0,unknown,no
70,retired,married,secondary,no,1711.5,no,yes,cellular,8,jul,211,2,-1,0,unknown,no
45,management,married,tertiary,no,984.0,yes,yes,cellular,21,nov,83,4,-1,0,unknown,no
51,services,single,secondary,no,484.5,yes,no,unknown,15,may,122,6,-1,0,unknown,no
46,entrepreneur,married,tertiary,no,0.0,no,no,unknown,2,jun,87,3,-1,0,unknown,no
54,technician,married,secondary,no,8395.5,no,no,unknown,20,jun,27,3,-1,0,unknown,no
51,blue-collar,married,unknown,no,46.5,no,no,unknown,12,may,529,2,-1,0,unknown,no
45,management,married,tertiary,no,4825.5,yes,yes,cellular,17,apr,215,1,-1,0,unknown,no
45,technician,married,secondary,no,6762.0,yes,no,cellular,18,nov,854,1,-1,0,unknown,yes
42,blue-collar,single,secondary,no,1714.5,yes,yes,cellular,6,may,132,1,300,1,failure,no
56,blue-collar,married,primary,no,1465.5,no,yes,telephone,2,feb,436,3,-1,0,unknown,yes
53,unemployed,married,primary,no,-267.0,yes,no,unknown,9,may,191,2,-1,0,unknown,no
68,technician,married,secondary,no,0.0,yes,no,cellular,5,feb,1823,1,205,1,failure,no
93,retired,married,secondary,no,0.0,no,no,cellular,18,mar,140,10,-1,0,unknown,no
59,services,married,primary,no,1176.0,yes,no,cellular,14,jul,171,4,-1,0,unknown,no
55,admin.,married,unknown,no,484.5,no,no,telephone,4,feb,56,4,7,6,other,no
47,technician,single,secondary,no,544.5,yes,no,unknown,23,may,110,3,-1,0,unknown,no
41,management,single,tertiary,no,3576.0,yes,no,cellular,14,apr,608,2,-1,0,unknown,no
57,blue-collar,married,secondary,no,364.5,yes,no,cellular,4,feb,220,1,246,4,failure,no
43,management,married,tertiary,no,1111.5,no,no,unknown,21,may,228,1,-1,0,unknown,no
50,blue-collar,single,primary,no,549.0,yes,yes,cellular,28,jan,168,2,205,1,failure,no
51,admin.,single,secondary,no,1122.0,no,no,telephone,21,nov,94,7,130,3,other,no
54,retired,married,secondary,no,-442.5,yes,no,unknown,14,may,303,4,-1,0,unknown,no
29,student,single,primary,no,367.5,no,no,telephone,10,nov,98,2,110,2,other,no
61,unknown,married,unknown,no,250.5,no,no,unknown,18,jun,205,4,-1,0,unknown,no
50,management,single,tertiary,no,363.0,yes,no,unknown,6,may,221,2,-1,0,unknown,no
63,technician,married,secondary,no,1837.5,no,no,cellular,6,aug,70,2,-1,0,unknown,no
55,entrepreneur,married,secondary,no,-718.5,yes,no,cellular,30,jul,167,2,-1,0,unknown,no
44,blue-collar,single,secondary,no,6390.0,yes,no,cellular,15,may,375,1,-1,0,unknown,no
39,management,single,tertiary,no,2842.5,no,no,cellular,28,jul,97,6,-1,0,unknown,no
36,retired,single,secondary,no,151.5,yes,no,cellular,5,feb,810,1,268,1,failure,yes
47,blue-collar,married,unknown,no,835.5,no,no,cellular,31,jul,47,2,-1,0,unknown,no
37,admin.,single,secondary,no,5664.0,yes,no,unknown,19,may,217,2,-1,0,unknown,no
47,unemployed,married,secondary,no,129.0,no,no,cellular,29,jan,1424,1,-1,0,unknown,no
54,technician,divorced,secondary,no,3268.5,no,no,cellular,28,aug,180,10,-1,0,unknown,no
45,technician,married,secondary,no,649.5,no,no,cellular,28,aug,14,16,-1,0,unknown,no
45,retired,married,secondary,no,171.0,yes,yes,cellular,9,sep,105,3,97,4,failure,no
50,retired,married,tertiary,no,1594.5,yes,yes,cellular,19,aug,264,2,-1,0,unknown,no
47,management,married,tertiary,no,1345.5,no,no,unknown,20,may,182,1,-1,0,unknown,no
32,student,single,secondary,no,361.5,yes,no,cellular,13,may,200,1,-1,0,unknown,no
44,retired,married,tertiary,no,279.0,yes,no,cellular,14,may,115,3,-1,0,unknown,no
46,unknown,single,unknown,no,1605.0,no,no,unknown,5,jun,346,3,-1,0,unknown,no
93,retired,married,primary,no,637.5,no,no,telephone,22,jun,883,1,140,1,failure,yes
67,retired,married,primary,no,0.0,no,no,cellular,5,aug,147,2,-1,0,unknown,no
63,self-employed,married,secondary,no,702.0,yes,no,unknown,8,may,89,5,-1,0,unknown,no
42,unemployed,married,primary,no,486.0,yes,no,unknown,12,may,577,1,-1,0,unknown,no
37,blue-collar,married,secondary,no,21.0,no,no,cellular,8,may,295,1,-1,0,unknown,no
49,services,married,secondary,no,1042.5,yes,no,unknown,28,may,429,10,-1,0,unknown,no
40,retired,single,tertiary,no,342.0,yes,no,cellular,13,may,314,2,-1,0,unknown,yes
45,blue-collar,married,secondary,no,411.0,yes,no,unknown,20,may,190,1,-1,0,unknown,no
85,retired,divorced,primary,no,5821.5,yes,no,cellular,4,feb,136,3,-1,0,unknown,yes
40,retired,single,tertiary,no,220.5,no,no,cellular,1,jun,153,1,-1,0,unknown,no
46,admin.,single,secondary,no,147.0,yes,no,unknown,21,may,68,1,-1,0,unknown,no
62,blue-collar,single,secondary,no,301.5,yes,no,cellular,11,may,412,1,301,3,other,no
66,services,married,secondary,no,328.5,yes,no,unknown,7,may,130,4,-1,0,unknown,no
46,unemployed,married,tertiary,no,6217.5,no,no,unknown,20,jun,988,4,-1,0,unknown,yes
35,retired,single,secondary,no,439.5,yes,no,telephone,5,may,170,2,-1,0,unknown,no
67,technician,married,secondary,no,859.5,yes,yes,cellular,22,may,105,2,-1,0,unknown,no
54,technician,married,secondary,no,1708.5,yes,no,cellular,30,jan,64,1,-1,0,unknown,no
37,retired,single,tertiary,no,783.0,no,no,cellular,15,jun,79,1,-1,0,unknown,no
37,retired,married,secondary,no,1308.0,yes,no,cellular,17,apr,1130,3,-1,0,unknown,no
53,retired,married,primary,no,541.5,yes,no,cellular,8,may,87,2,-1,0,unknown,no
49,management,single,tertiary,no,0.0,yes,no,cellular,18,feb,224,3,-1,0,unknown,yes
49,management,married,tertiary,no,-1539.0,yes,no,unknown,26,may,200,2,-1,0,unknown,no
44,technician,married,secondary,no,1.5,no,yes,unknown,25,jun,53,1,-1,0,unknown,no
42,technician,married,tertiary,no,6981.0,yes,yes,cellular,20,nov,276,1,128,2,failure,yes
48,management,single,tertiary,no,124.5,no,yes,telephone,15,jul,32,7,-1,0,unknown,no
52,blue-collar,married,unknown,no,517.5,yes,yes,cellular,28,jul,307,3,-1,0,unknown,no
59,blue-collar,married,secondary,no,1180.5,yes,no,unknown,5,jun,280,1,-1,0,unknown,no
43,management,single,tertiary,no,-223.5,yes,no,cellular,22,jul,383,3,-1,0,unknown,no
46,technician,married,secondary,no,0.0,no,no,cellular,25,aug,248,2,-1,0,unknown,no
43,blue-collar,married,secondary,no,492.0,yes,no,cellular,20,apr,72,1,264,9,failure,no
39,technician,single,unknown,no,2593.5,yes,no,cellular,6,apr,479,1,-1,0,unknown,no
43,management,married,tertiary,no,1606.5,no,no,cellular,12,aug,83,4,-1,0,unknown,no
58,management,married,tertiary,no,1155.0,no,yes,cellular,5,aug,263,2,-1,0,unknown,no
66,admin.,married,secondary,no,2256.0,yes,no,unknown,29,may,66,2,-1,0,unknown,no
45,housemaid,single,primary,no,1117.5,no,no,telephone,5,jun,522,3,-1,0,unknown,yes
46,blue-collar,married,secondary,no,2380.5,yes,no,cellular,28,jul,200,2,-1,0,unknown,no
44,self-employed,single,tertiary,no,1908.0,yes,no,cellular,14,may,202,1,-1,0,unknown,no
59,unknown,married,unknown,no,451.5,no,no,cellular,14,aug,789,2,-1,0,unknown,no
59,blue-collar,married,primary,no,325.5,yes,no,cellular,5,feb,537,2,196,4,other,no
41,technician,married,secondary,no,465.0,yes,no,cellular,20,aug,228,2,-1,0,unknown,no
49,blue-collar,married,secondary,no,279.0,yes,no,unknown,16,may,208,3,-1,0,unknown,no
69,retired,married,secondary,no,559.5,yes,yes,cellular,28,jul,362,7,-1,0,unknown,no
49,management,married,secondary,no,69.0,yes,no,cellular,26,aug,298,10,-1,0,unknown,no
49,blue-collar,married,secondary,no,1120.5,yes,yes,cellular,19,nov,209,2,180,1,other,no
48,technician,single,secondary,no,652.5,yes,no,cellular,6,may,437,4,345,1,failure,no
51,management,married,tertiary,no,23680.5,no,yes,cellular,3,jun,175,3,-1,0,unknown,no
48,entrepreneur,single,secondary,no,277.5,no,no,cellular,5,feb,360,1,-1,0,unknown,no
36,admin.,single,secondary,no,210.0,yes,no,cellular,15,may,103,5,-1,0,unknown,no
46,self-employed,single,tertiary,no,529.5,no,no,cellular,11,aug,361,2,181,2,success,yes
39,blue-collar,married,secondary,no,315.0,no,yes,cellular,22,jul,518,1,-1,0,unknown,no
54,retired,married,secondary,no,4317.0,yes,no,telephone,19,nov,125,3,-1,0,unknown,no
51,management,married,tertiary,no,2602.5,yes,no,cellular,21,nov,358,3,-1,0,unknown,no
47,retired,married,secondary,yes,0.0,yes,no,cellular,17,jul,158,1,-1,0,unknown,no
43,blue-collar,single,unknown,no,-135.0,yes,no,unknown,13,may,415,1,-1,0,unknown,no
43,blue-collar,married,secondary,no,9340.5,yes,no,unknown,23,may,76,2,-1,0,unknown,no
37,management,married,tertiary,no,468.0,no,no,telephone,5,feb,251,1,-1,0,unknown,no
52,technician,married,secondary,no,633.0,yes,no,cellular,16,jul,400,1,-1,0,unknown,no
82,retired,married,primary,no,6985.5,no,no,cellular,27,sep,132,4,94,16,other,no
66,blue-collar,married,secondary,no,88398.0,no,no,telephone,7,jul,339,2,-1,0,unknown,no
45,retired,single,secondary,no,109.5,yes,no,unknown,28,may,79,2,-1,0,unknown,no
43,blue-collar,single,secondary,no,7705.5,yes,no,cellular,6,may,123,1,-1,0,unknown,no
56,management,married,tertiary,no,4672.5,no,no,cellular,18,aug,134,2,-1,0,unknown,no
40,management,married,tertiary,no,1852.5,yes,no,cellular,28,jul,104,3,-1,0,unknown,no
43,retired,married,secondary,no,1860.0,yes,no,unknown,5,jun,400,2,-1,0,unknown,no
46,technician,married,secondary,no,940.5,no,yes,cellular,4,feb,146,3,244,1,other,no
57,management,divorced,tertiary,no,18039.0,yes,no,telephone,27,oct,251,1,-1,0,unknown,yes
40,technician,single,tertiary,no,-1455.0,no,yes,cellular,21,aug,194,2,-1,0,unknown,no
45,technician,single,tertiary,no,6.0,yes,no,cellular,24,jul,155,1,-1,0,unknown,no
59,management,married,tertiary,no,18723.0,yes,yes,unknown,13,may,46,3,-1,0,unknown,no
61,technician,divorced,secondary,no,-706.5,no,no,cellular,26,aug,169,2,-1,0,unknown,no
37,technician,married,secondary,no,10.5,yes,no,unknown,15,may,98,2,-1,0,unknown,no
45,blue-collar,married,primary,no,3735.0,yes,no,cellular,18,may,170,1,180,3,failure,no
45,management,single,tertiary,no,2296.5,yes,no,cellular,19,nov,127,1,-1,0,unknown,no
60,admin.,divorced,tertiary,no,648.0,yes,no,cellular,17,apr,329,1,-1,0,unknown,no
77,retired,divorced,secondary,no,1056.0,no,no,cellular,3,nov,537,1,-1,0,unknown,yes
46,services,divorced,secondary,no,172.5,no,no,unknown,6,jun,201,1,-1,0,unknown,no
69,retired,married,secondary,no,1599.0,yes,no,cellular,28,jan,273,2,-1,0,unknown,no
56,blue-collar,married,secondary,no,0.0,yes,no,telephone,11,may,30,4,304,2,other,no
49,management,divorced,tertiary,no,4891.5,yes,no,unknown,9,jun,150,17,-1,0,unknown,no
53,management,single,tertiary,no,3100.5,yes,no,unknown,8,may,756,1,-1,0,unknown,yes
63,retired,divorced,secondary,no,168.0,no,yes,cellular,11,aug,246,3,-1,0,unknown,no
47,unemployed,married,secondary,no,175.5,no,no,cellular,12,aug,144,4,-1,0,unknown,no
68,retired,married,secondary,no,1845.0,no,no,cellular,20,may,420,1,87,1,failure,yes
52,services,married,secondary,no,2055.0,yes,no,cellular,15,may,36,2,-1,0,unknown,no
57,retired,married,secondary,no,550.5,yes,no,cellular,12,may,309,1,306,4,success,yes
39,blue-collar,married,secondary,no,88.5,yes,yes,cellular,14,may,100,3,356,2,failure,no
46,services,married,secondary,no,126.0,no,no,cellular,27,aug,206,3,-1,0,unknown,no
66,management,divorced,tertiary,no,465.0,no,no,unknown,20,jun,75,4,-1,0,unknown,no
43,retired,single,primary,no,2085.0,yes,no,unknown,21,may,192,1,-1,0,unknown,no
67,retired,married,tertiary,no,207.0,no,no,unknown,26,may,157,5,-1,0,unknown,no
50,management,divorced,tertiary,no,435.0,yes,no,unknown,27,may,184,1,-1,0,unknown,no
53,blue-collar,married,secondary,no,157.5,no,yes,cellular,4,jul,668,2,-1,0,unknown,no
71,self-employed,married,tertiary,no,16291.5,no,no,cellular,25,oct,225,1,91,5,success,yes
36,management,single,tertiary,no,1242.0,yes,no,cellular,30,jan,141,1,-1,0,unknown,no
62,management,divorced,tertiary,no,-448.5,no,no,cellular,29,jul,110,2,-1,0,unknown,no
65,admin.,married,secondary,no,811.5,yes,yes,cellular,14,jul,512,3,-1,0,unknown,no
66,retired,married,secondary,no,111.0,no,no,cellular,19,aug,144,2,-1,0,unknown,no
38,retired,single,secondary,no,2065.5,yes,no,cellular,14,may,688,2,-1,0,unknown,yes
49,retired,married,secondary,no,781.5,no,yes,cellular,10,jul,149,1,-1,0,unknown,no
56,admin.,divorced,secondary,no,-955.5,yes,no,cellular,8,may,218,1,172,1,failure,no
47,housemaid,married,tertiary,no,249.0,yes,no,cellular,12,may,132,1,-1,0,unknown,no
44,entrepreneur,married,secondary,no,682.5,yes,no,cellular,20,nov,88,1,-1,0,unknown,no
47,entrepreneur,married,secondary,no,0.0,yes,yes,cellular,6,may,160,2,-1,0,unknown,no
36,blue-collar,married,secondary,no,4662.0,yes,no,unknown,13,may,481,3,-1,0,unknown,no
62,retired,married,secondary,no,2247.0,yes,no,cellular,30,jul,1078,11,-1,0,unknown,no
41,technician,single,secondary,no,0.0,yes,no,cellular,31,jul,16,34,-1,0,unknown,no
47,management,single,secondary,no,352.5,no,no,unknown,11,jun,27,2,-1,0,unknown,no
43,management,single,tertiary,no,558.0,yes,yes,cellular,6,may,155,1,-1,0,unknown,no
81,retired,married,secondary,no,2544.0,no,no,cellular,6,oct,486,1,-1,0,unknown,yes
69,retired,married,secondary,no,3594.0,no,no,cellular,27,aug,1040,6,-1,0,unknown,yes
42,services,married,secondary,no,0.0,yes,yes,unknown,7,may,255,2,-1,0,unknown,no
42,admin.,married,secondary,no,771.0,yes,no,unknown,8,may,459,1,-1,0,unknown,no
38,retired,divorced,secondary,no,676.5,yes,no,cellular,13,may,302,1,301,1,success,yes
39,blue-collar,married,unknown,no,202.5,yes,no,unknown,23,may,150,6,-1,0,unknown,no
42,management,single,secondary,no,2422.5,yes,no,cellular,21,nov,164,3,-1,0,unknown,no
47,retired,single,secondary,no,7536.0,no,yes,cellular,25,jul,661,4,-1,0,unknown,yes
67,retired,divorced,primary,no,909.0,no,no,cellular,4,may,227,2,-1,0,unknown,no
42,blue-collar,married,secondary,no,225.0,yes,no,unknown,9,may,1178,4,-1,0,unknown,no
45,blue-collar,divorced,secondary,no,2688.0,yes,no,cellular,31,jul,630,6,-1,0,unknown,yes
42,technician,single,secondary,no,102.0,no,yes,cellular,20,aug,237,4,-1,0,unknown,no
75,retired,married,secondary,no,3.0,no,no,cellular,14,apr,450,1,-1,0,unknown,yes
44,admin.,married,tertiary,no,331.5,yes,no,unknown,8,may,185,4,-1,0,unknown,no
41,retired,single,tertiary,no,1194.0,no,yes,cellular,21,nov,150,1,-1,0,unknown,no
44,management,married,tertiary,no,6.0,yes,no,cellular,31,jul,33,39,-1,0,unknown,no
58,technician,married,secondary,no,211.5,yes,yes,unknown,6,may,424,1,-1,0,unknown,no
48,blue-collar,married,secondary,no,0.0,yes,yes,unknown,20,may,165,2,-1,0,unknown,no
40,blue-collar,married,secondary,no,2704.5,yes,no,unknown,20,may,29,1,-1,0,unknown,no
59,admin.,married,tertiary,no,12619.5,no,no,cellular,19,aug,131,6,-1,0,unknown,no
42,management,single,tertiary,no,445.5,no,no,cellular,13,aug,225,2,-1,0,unknown,no
38,services,single,secondary,no,193.5,yes,no,cellular,18,may,32,2,-1,0,unknown,no
47,retired,married,secondary,no,297.0,yes,no,cellular,13,may,156,5,369,2,failure,no
42,management,single,tertiary,no,705.0,no,no,cellular,19,aug,286,2,-1,0,unknown,no
32,retired,single,secondary,no,277.5,no,no,cellular,8,jul,153,1,-1,0,unknown,yes
60,technician,married,secondary,no,0.0,yes,no,cellular,17,nov,114,4,168,2,failure,no
56,blue-collar,divorced,primary,no,537.0,no,no,unknown,17,jun,259,2,-1,0,unknown,no
40,retired,married,tertiary,no,211.5,no,no,cellular,29,jan,166,2,-1,0,unknown,no
49,management,married,primary,no,2623.5,yes,no,unknown,29,may,46,1,-1,0,unknown,no
62,blue-collar,married,secondary,no,465.0,yes,no,unknown,28,may,211,4,-1,0,unknown,no
42,retired,married,tertiary,no,2338.5,yes,yes,cellular,14,aug,144,7,-1,0,unknown,no
59,blue-collar,married,primary,no,1224.0,yes,no,cellular,17,apr,76,1,260,7,failure,no
52,blue-collar,married,secondary,no,1047.0,no,no,unknown,5,jun,729,2,-1,0,unknown,no
57,retired,married,tertiary,no,5766.0,yes,no,cellular,20,nov,256,4,-1,0,unknown,no
66,management,married,secondary,no,25.5,yes,no,cellular,15,jul,123,4,-1,0,unknown,no
54,blue-collar,divorced,secondary,no,-333.0,yes,no,unknown,27,may,112,3,-1,0,unknown,no
52,blue-collar,married,secondary,no,390.0,yes,no,telephone,31,jul,175,2,-1,0,unknown,no
53,management,divorced,tertiary,no,721.5,yes,no,cellular,3,jun,187,1,20,1,other,yes
52,services,married,secondary,no,1105.5,yes,no,unknown,14,may,762,2,-1,0,unknown,no
55,blue-collar,married,primary,no,205.5,yes,yes,unknown,16,may,187,19,-1,0,unknown,no
40,services,single,secondary,no,1089.0,yes,yes,cellular,30,jul,109,3,-1,0,unknown,no
39,management,single,tertiary,yes,-2491.5,no,yes,cellular,29,jul,95,6,-1,0,unknown,no
36,services,single,secondary,yes,111.0,no,no,cellular,8,jul,362,1,-1,0,unknown,no
40,retired,married,secondary,no,4017.0,yes,no,cellular,18,may,23,5,-1,0,unknown,no
46,blue-collar,married,secondary,no,4161.0,yes,no,cellular,16,apr,172,1,-1,0,unknown,no
56,retired,divorced,secondary,no,11067.0,no,no,cellular,18,nov,466,1,-1,0,unknown,no
55,retired,divorced,tertiary,no,853.5,yes,no,cellular,14,may,228,1,-1,0,unknown,no
43,technician,single,tertiary,no,5659.5,no,no,cellular,26,aug,124,4,-1,0,unknown,no
45,management,single,tertiary,no,1488.0,no,yes,cellular,1,sep,238,1,-1,0,unknown,yes
42,retired,single,tertiary,no,35494.5,yes,no,cellular,21,nov,103,2,-1,0,unknown,no
71,management,married,unknown,no,396.0,no,no,telephone,29,jul,270,1,178,1,success,yes
55,management,married,tertiary,no,1939.5,no,no,telephone,16,jul,188,3,-1,0,unknown,no
43,management,married,tertiary,no,8688.0,yes,no,cellular,18,may,55,2,-1,0,unknown,no
44,management,single,tertiary,no,4866.0,no,no,cellular,18,nov,131,2,-1,0,unknown,no
60,services,divorced,secondary,no,933.0,yes,no,cellular,14,may,93,3,-1,0,unknown,no
40,services,single,secondary,no,628.5,yes,no,cellular,12,may,300,3,-1,0,unknown,no
39,blue-collar,single,secondary,no,1362.0,yes,no,unknown,20,jun,1663,1,-1,0,unknown,yes
42,retired,married,secondary,no,279.0,no,no,unknown,7,may,418,2,-1,0,unknown,no
45,services,married,unknown,no,2902.5,yes,no,cellular,17,apr,97,2,318,2,other,no
46,technician,married,secondary,no,1978.5,yes,no,unknown,12,jun,264,1,-1,0,unknown,no
40,blue-collar,single,secondary,no,244.5,yes,yes,cellular,23,jul,123,2,-1,0,unknown,no
50,technician,married,secondary,no,88.5,yes,no,unknown,30,jun,322,3,-1,0,unknown,no
63,blue-collar,married,secondary,no,32283.0,no,no,cellular,20,nov,83,3,149,4,failure,no
36,services,married,secondary,no,298.5,no,no,cellular,24,jul,139,6,-1,0,unknown,no
51,entrepreneur,married,secondary,no,0.0,yes,yes,cellular,21,nov,12,5,190,1,failure,no
38,unemployed,single,secondary,no,24.0,no,no,cellular,12,aug,119,4,-1,0,unknown,no
36,blue-collar,single,secondary,no,987.0,no,yes,telephone,23,jul,34,4,-1,0,unknown,no
50,blue-collar,married,primary,no,90.0,no,no,cellular,20,nov,325,2,-1,0,unknown,no
47,retired,single,tertiary,no,381.0,no,no,cellular,19,oct,120,1,-1,0,unknown,no
66,services,married,secondary,no,1057.5,yes,no,unknown,29,may,151,2,-1,0,unknown,no
46,technician,married,secondary,no,-268.5,yes,no,cellular,17,jul,144,1,-1,0,unknown,no
63,blue-collar,married,primary,no,57.0,no,yes,cellular,15,jul,321,5,-1,0,unknown,no
45,admin.,single,tertiary,no,3933.0,no,no,cellular,15,jul,374,5,-1,0,unknown,no
39,blue-collar,married,secondary,no,445.5,yes,no,cellular,17,apr,240,2,-1,0,unknown,no
40,retired,single,secondary,no,11805.0,yes,no,cellular,28,aug,82,7,-1,0,unknown,no
34,student,single,secondary,no,573.0,no,no,cellular,13,nov,256,2,92,3,failure,yes
52,retired,married,primary,no,2320.5,yes,yes,unknown,27,may,272,3,-1,0,unknown,no
45,technician,married,tertiary,no,589.5,no,no,cellular,29,aug,150,2,-1,0,unknown,no
48,services,married,secondary,no,754.5,no,no,unknown,20,jun,13,4,-1,0,unknown,no
69,retired,single,secondary,no,45.0,yes,no,unknown,5,may,514,1,-1,0,unknown,no
66,retired,married,primary,yes,-382.5,yes,no,telephone,11,may,9,5,-1,0,unknown,no
64,management,married,tertiary,no,18.0,no,no,telephone,31,jul,77,4,-1,0,unknown,no
39,technician,single,tertiary,no,274.5,yes,yes,cellular,6,may,64,1,343,2,failure,no
45,management,married,tertiary,no,0.0,no,no,cellular,17,jul,127,5,-1,0,unknown,no
59,admin.,single,tertiary,no,342.0,yes,no,cellular,2,mar,368,1,-1,0,unknown,yes
68,retired,divorced,primary,no,3807.0,yes,no,cellular,19,nov,680,2,111,6,failure,yes
41,retired,single,tertiary,no,460.5,no,no,cellular,21,nov,86,2,-1,0,unknown,no
51,unemployed,divorced,secondary,no,1921.5,no,no,cellular,31,jul,45,3,-1,0,unknown,no
51,technician,divorced,secondary,no,804.0,yes,no,unknown,15,may,76,3,-1,0,unknown,no
60,management,married,tertiary,no,621.0,yes,no,cellular,3,apr,707,1,302,3,failure,yes
46,technician,divorced,secondary,no,613.5,yes,no,unknown,20,may,25,1,-1,0,unknown,no
41,self-employed,married,secondary,no,196.5,yes,no,cellular,13,may,294,1,370,1,failure,no
66,retired,married,tertiary,no,996.0,no,yes,cellular,18,nov,71,1,-1,0,unknown,no
56,unemployed,married,secondary,no,3025.5,yes,no,cellular,19,nov,161,1,-1,0,unknown,no
43,retired,married,tertiary,no,124.5,yes,no,cellular,21,nov,70,2,-1,0,unknown,no
33,technician,single,secondary,no,6.0,yes,no,cellular,8,may,763,1,-1,0,unknown,yes
52,blue-collar,married,primary,no,31.5,yes,no,cellular,13,may,383,5,288,11,other,no
45,management,married,tertiary,no,115.5,no,no,cellular,12,aug,69,4,-1,0,unknown,no
49,blue-collar,divorced,secondary,no,618.0,no,no,unknown,28,may,210,1,-1,0,unknown,no
60,housemaid,married,tertiary,no,7890.0,yes,no,cellular,24,jul,51,2,-1,0,unknown,no
49,self-employed,married,secondary,no,46.5,yes,no,unknown,23,may,146,4,-1,0,unknown,no
53,self-employed,married,secondary,no,156.0,no,no,unknown,17,jun,332,1,-1,0,unknown,no
59,self-employed,married,tertiary,no,898.5,no,no,cellular,12,aug,174,1,-1,0,unknown,no
33,admin.,single,secondary,no,7.5,yes,no,unknown,13,may,93,1,-1,0,unknown,no
61,blue-collar,married,secondary,no,385.5,no,no,cellular,8,aug,453,4,-1,0,unknown,no
43,management,single,tertiary,no,2385.0,no,no,cellular,29,jan,57,1,-1,0,unknown,no
46,retired,married,secondary,no,442.5,no,no,cellular,12,aug,129,6,-1,0,unknown,no
69,self-employed,married,secondary,no,1117.5,no,no,cellular,26,aug,168,9,-1,0,unknown,no
55,retired,married,unknown,no,1227.0,yes,no,unknown,30,may,343,3,-1,0,unknown,no
57,management,married,tertiary,no,5257.5,no,no,cellular,17,nov,434,2,-1,0,unknown,yes
63,management,divorced,tertiary,no,22.5,no,no,cellular,28,aug,76,5,-1,0,unknown,no
68,admin.,divorced,secondary,no,4587.0,yes,no,telephone,11,may,114,1,368,1,failure,no
46,blue-collar,married,secondary,no,111.0,yes,no,cellular,8,may,168,2,-1,0,unknown,no
39,technician,single,tertiary,no,0.0,yes,no,unknown,7,may,104,2,-1,0,unknown,no
41,technician,divorced,secondary,no,517.5,yes,no,cellular,5,may,318,3,-1,0,unknown,no
59,management,divorced,tertiary,no,13989.0,yes,no,unknown,3,jun,166,1,-1,0,unknown,no
61,technician,divorced,secondary,no,196.5,yes,no,cellular,18,nov,193,1,-1,0,unknown,no
58,technician,divorced,secondary,no,252.0,yes,yes,cellular,15,may,100,2,361,1,other,no
61,management,single,tertiary,no,0.0,yes,no,unknown,30,may,164,2,-1,0,unknown,no
51,blue-collar,married,primary,no,522.0,yes,no,unknown,14,may,423,2,-1,0,unknown,no
47,retired,married,secondary,no,4762.5,yes,no,unknown,20,may,168,1,-1,0,unknown,no
41,retired,single,secondary,no,5250.0,yes,no,cellular,19,nov,347,1,-1,0,unknown,no
48,retired,married,secondary,no,1132.5,yes,no,cellular,25,may,531,1,97,1,success,no
54,retired,married,tertiary,no,-900.0,yes,no,cellular,18,aug,360,1,-1,0,unknown,no
44,management,married,secondary,no,84.0,yes,no,cellular,20,nov,311,3,183,1,failure,no
51,retired,single,primary,no,0.0,no,no,cellular,8,may,239,1,368,2,failure,no
64,retired,married,primary,no,463.5,no,no,cellular,13,aug,969,2,-1,0,unknown,yes
38,admin.,single,tertiary,no,6.0,no,no,unknown,4,jun,148,11,-1,0,unknown,no
50,unemployed,single,tertiary,no,11952.0,no,no,cellular,2,jun,596,1,-1,0,unknown,yes
69,self-employed,married,tertiary,no,9355.5,yes,no,cellular,8,may,63,1,169,2,failure,no
58,management,single,tertiary,no,621.0,no,no,cellular,21,jul,761,2,-1,0,unknown,no
52,blue-collar,married,primary,no,3778.5,yes,no,unknown,15,may,262,4,-1,0,unknown,no
40,management,single,tertiary,no,2199.0,no,no,cellular,12,aug,111,4,-1,0,unknown,no
42,technician,single,secondary,no,163.5,no,no,cellular,27,aug,101,3,-1,0,unknown,no
41,admin.,single,secondary,no,10471.5,yes,no,cellular,20,nov,627,3,-1,0,unknown,no
46,management,married,tertiary,no,9961.5,no,no,cellular,30,jul,105,4,-1,0,unknown,no
42,blue-collar,married,secondary,no,1333.5,yes,no,cellular,10,sep,185,1,99,5,success,yes
47,retired,single,tertiary,no,510.0,no,no,cellular,11,aug,90,4,-1,0,unknown,no
43,management,married,tertiary,no,0.0,no,no,cellular,3,feb,624,1,-1,0,unknown,no
48,technician,married,secondary,no,762.0,yes,no,unknown,27,may,565,2,-1,0,unknown,no
45,technician,married,secondary,no,211.5,yes,no,cellular,19,aug,299,2,-1,0,unknown,no
64,retired,divorced,secondary,no,19.5,yes,no,cellular,15,jul,197,2,-1,0,unknown,no
44,management,divorced,secondary,no,186.0,yes,no,cellular,21,nov,56,1,163,4,other,no
40,technician,married,secondary,no,7099.5,yes,no,unknown,21,may,81,2,-1,0,unknown,no
61,management,married,tertiary,no,1603.5,no,no,unknown,20,jun,27,7,-1,0,unknown,no
75,retired,married,secondary,no,2436.0,no,no,cellular,27,oct,189,2,-1,0,unknown,no
50,blue-collar,married,secondary,no,1704.0,yes,no,unknown,21,may,86,1,-1,0,unknown,no
52,admin.,divorced,secondary,no,-258.0,yes,yes,unknown,4,jun,179,1,-1,0,unknown,no
41,management,single,tertiary,no,93.0,yes,no,cellular,18,may,175,1,293,5,failure,no
43,management,married,tertiary,no,510.0,no,no,cellular,7,aug,402,2,-1,0,unknown,no
48,retired,married,secondary,no,1969.5,no,no,unknown,17,jun,33,2,-1,0,unknown,no
44,technician,divorced,secondary,no,1951.5,yes,no,cellular,25,jul,124,2,-1,0,unknown,no
52,admin.,single,secondary,no,-223.5,yes,yes,cellular,8,may,33,1,-1,0,unknown,no
59,technician,married,secondary,no,5115.0,no,no,unknown,4,aug,130,1,-1,0,unknown,no
40,blue-collar,married,secondary,no,867.0,yes,yes,cellular,17,apr,71,2,317,1,failure,no
48,self-employed,single,secondary,no,1015.5,yes,no,cellular,14,may,114,2,-1,0,unknown,no
48,blue-collar,married,primary,no,198.0,yes,no,cellular,14,may,797,2,-1,0,unknown,no
45,student,single,tertiary,no,1309.5,yes,no,cellular,11,may,197,1,277,2,failure,no
44,services,single,tertiary,no,358.5,no,no,cellular,28,jan,699,2,-1,0,unknown,no
41,student,married,tertiary,no,0.0,no,no,cellular,11,may,247,2,367,4,other,no
43,retired,single,secondary,no,5248.5,yes,no,cellular,11,may,143,3,356,1,other,no
64,technician,married,secondary,no,19.5,yes,no,cellular,18,nov,145,2,-1,0,unknown,no
58,admin.,married,secondary,no,66.0,no,yes,cellular,25,aug,98,3,-1,0,unknown,no
57,technician,married,secondary,no,439.5,no,no,cellular,1,jun,251,1,90,1,success,yes
44,blue-collar,married,primary,no,412.5,yes,no,unknown,30,may,170,1,-1,0,unknown,no
66,unemployed,divorced,primary,no,2655.0,no,no,cellular,5,feb,916,3,-1,0,unknown,no
85,retired,married,secondary,no,5656.5,no,no,telephone,15,apr,185,1,181,2,success,yes
51,services,married,secondary,no,10030.5,yes,no,cellular,21,jul,91,3,-1,0,unknown,no
67,retired,married,unknown,no,-235.5,no,no,cellular,28,aug,31,9,-1,0,unknown,no
73,retired,married,secondary,no,2418.0,no,no,telephone,17,feb,233,2,-1,0,unknown,yes
50,services,married,secondary,no,643.5,no,no,unknown,5,jun,272,2,-1,0,unknown,no
42,student,single,secondary,no,1653.0,no,no,telephone,8,oct,194,1,-1,0,unknown,yes
65,retired,divorced,tertiary,no,1861.5,no,no,cellular,21,nov,48,7,154,5,failure,no
66,services,married,secondary,no,2790.0,yes,no,unknown,20,jun,129,5,-1,0,unknown,no
41,management,single,tertiary,no,184.5,no,no,cellular,12,aug,82,2,-1,0,unknown,no
51,unemployed,married,tertiary,no,0.0,no,no,cellular,30,jan,81,1,-1,0,unknown,no
53,technician,divorced,secondary,no,1159.5,yes,no,cellular,17,apr,398,2,-1,0,unknown,no
66,blue-collar,married,primary,no,568.5,no,no,cellular,13,aug,58,5,-1,0,unknown,no
70,technician,married,tertiary,no,9859.5,yes,no,cellular,11,aug,75,1,274,1,failure,no
38,retired,single,tertiary,no,1.5,yes,no,cellular,16,jul,241,2,-1,0,unknown,no
43,retired,single,tertiary,no,703.5,no,no,cellular,26,aug,158,9,-1,0,unknown,no
63,blue-collar,single,secondary,no,3645.0,yes,yes,cellular,19,nov,73,2,145,3,failure,no
53,technician,married,secondary,no,318.0,yes,no,unknown,14,may,78,1,-1,0,unknown,no
50,retired,married,secondary,no,10150.5,yes,no,cellular,20,nov,97,2,-1,0,unknown,no
44,retired,single,tertiary,no,330.0,yes,no,telephone,8,may,63,1,-1,0,unknown,no
46,retired,divorced,secondary,no,-210.0,yes,no,unknown,26,may,222,2,-1,0,unknown,no
40,self-employed,single,tertiary,no,1374.0,no,no,cellular,29,mar,92,2,90,2,success,yes
46,blue-collar,single,primary,no,6778.5,yes,no,unknown,23,may,117,2,-1,0,unknown,no
59,retired,married,secondary,no,-451.5,yes,no,cellular,12,may,187,4,-1,0,unknown,no
42,management,single,tertiary,no,2419.5,no,no,cellular,30,mar,253,2,129,5,failure,no
48,technician,married,secondary,no,10092.0,no,no,cellular,25,nov,232,1,96,4,success,yes
55,management,divorced,tertiary,no,-1351.5,yes,no,unknown,26,may,86,3,-1,0,unknown,no
58,management,married,tertiary,no,3690.0,no,no,cellular,27,aug,106,11,-1,0,unknown,no
43,blue-collar,married,primary,no,7726.5,yes,yes,cellular,4,may,124,3,165,5,failure,no
45,admin.,married,secondary,no,3561.0,yes,no,cellular,11,aug,765,2,183,5,success,yes
34,self-employed,single,tertiary,no,3564.0,no,no,cellular,27,apr,122,1,-1,0,unknown,yes
48,technician,married,secondary,no,1524.0,yes,yes,cellular,6,may,74,2,167,4,failure,no
59,services,married,secondary,no,168.0,no,no,cellular,11,aug,97,2,-1,0,unknown,no
49,blue-collar,married,primary,no,30.0,yes,no,unknown,7,may,109,1,-1,0,unknown,no
51,retired,married,secondary,no,393.0,yes,no,unknown,19,may,89,1,-1,0,unknown,no
62,technician,married,tertiary,no,2107.5,yes,yes,unknown,30,may,255,1,-1,0,unknown,no
54,retired,married,secondary,no,12393.0,yes,no,cellular,23,jul,201,16,-1,0,unknown,no
32,student,single,secondary,no,843.0,yes,no,cellular,5,may,147,1,-1,0,unknown,no
44,management,married,tertiary,no,237.0,no,no,cellular,9,sep,278,2,132,4,failure,yes
43,management,single,secondary,no,0.0,no,no,cellular,26,aug,99,2,-1,0,unknown,no
67,retired,married,tertiary,no,244.5,no,no,cellular,6,aug,83,3,-1,0,unknown,no
37,student,single,tertiary,no,8611.5,no,no,cellular,21,aug,72,1,88,1,failure,no
64,blue-collar,divorced,secondary,no,327.0,no,no,unknown,6,jun,514,2,-1,0,unknown,no
48,entrepreneur,divorced,secondary,no,54.0,no,no,cellular,18,nov,84,2,-1,0,unknown,no
37,services,single,secondary,no,81.0,yes,no,unknown,28,may,543,2,-1,0,unknown,yes
35,blue-collar,single,secondary,no,6898.5,no,no,telephone,13,apr,120,6,-1,0,unknown,no
56,technician,married,secondary,no,297.0,yes,no,cellular,30,jan,153,1,2,6,other,no
58,blue-collar,married,secondary,no,7959.0,yes,no,cellular,18,may,66,2,368,1,failure,no
46,admin.,single,secondary,no,13177.5,yes,no,cellular,20,nov,425,2,-1,0,unknown,no
48,blue-collar,single,secondary,no,492.0,yes,no,cellular,11,may,776,4,349,1,other,no
42,admin.,married,secondary,no,-687.0,no,no,unknown,27,may,143,1,-1,0,unknown,no
43,retired,married,tertiary,no,720.0,yes,no,unknown,26,may,169,4,-1,0,unknown,no
58,blue-collar,married,secondary,no,417.0,yes,no,unknown,5,may,125,2,-1,0,unknown,no
41,self-employed,married,tertiary,no,4830.0,no,no,cellular,26,aug,74,4,-1,0,unknown,no
59,entrepreneur,married,primary,no,4668.0,yes,no,unknown,29,may,410,3,-1,0,unknown,no
38,retired,single,secondary,no,988.5,no,no,cellular,9,feb,70,2,-1,0,unknown,no
53,blue-collar,married,secondary,no,2242.5,yes,no,cellular,12,may,141,1,-1,0,unknown,no
57,technician,divorced,secondary,no,1036.5,no,no,cellular,14,aug,103,2,-1,0,unknown,no
43,admin.,married,secondary,no,208.5,yes,yes,cellular,13,may,84,1,-1,0,unknown,no
40,blue-collar,single,primary,no,0.0,yes,no,cellular,20,nov,1329,2,-1,0,unknown,no
57,retired,divorced,secondary,no,1050.0,yes,no,cellular,6,feb,69,3,-1,0,unknown,no
41,services,single,secondary,yes,-31.5,no,yes,cellular,25,jul,507,1,-1,0,unknown,no
69,management,married,secondary,no,2590.5,no,no,telephone,25,may,500,4,358,2,failure,yes
60,retired,married,secondary,no,12001.5,no,no,unknown,6,jun,52,1,-1,0,unknown,no
60,services,married,secondary,no,90.0,no,yes,cellular,27,aug,151,8,-1,0,unknown,no
44,admin.,married,secondary,no,28.5,yes,yes,cellular,13,oct,98,1,-1,0,unknown,no
63,services,married,secondary,no,36.0,yes,no,cellular,24,jul,209,1,-1,0,unknown,no
44,retired,single,tertiary,no,0.0,no,no,cellular,5,feb,427,3,-1,0,unknown,no
45,blue-collar,single,primary,no,73.5,yes,no,unknown,21,may,234,2,-1,0,unknown,no
47,management,married,tertiary,no,304.5,no,no,cellular,21,oct,759,1,90,5,success,yes
39,technician,single,tertiary,no,1365.0,yes,no,cellular,11,may,278,1,-1,0,unknown,no
54,technician,married,secondary,no,-2068.5,yes,yes,unknown,26,may,140,1,-1,0,unknown,no
57,management,married,tertiary,no,655.5,yes,no,cellular,20,nov,133,4,-1,0,unknown,no
35,blue-collar,married,secondary,no,288.0,yes,no,unknown,28,may,357,3,-1,0,unknown,no
44,technician,single,tertiary,no,918.0,no,no,cellular,28,aug,81,1,95,1,failure,no
41,retired,married,tertiary,no,406.5,no,no,cellular,18,nov,89,1,-1,0,unknown,no
40,admin.,single,unknown,yes,1.5,no,no,unknown,9,may,307,1,-1,0,unknown,no
46,retired,single,tertiary,no,3475.5,yes,no,cellular,19,nov,56,2,-1,0,unknown,no
49,retired,married,tertiary,no,843.0,no,no,cellular,13,sep,303,2,-1,0,unknown,no
42,management,single,tertiary,no,2428.5,no,no,cellular,17,mar,184,1,321,2,success,no
33,retired,single,tertiary,no,375.0,yes,no,unknown,12,may,166,2,-1,0,unknown,no
65,unemployed,married,secondary,no,3733.5,no,no,cellular,30,jul,207,1,-1,0,unknown,no
52,management,married,tertiary,no,3694.5,no,no,cellular,26,oct,183,2,-1,0,unknown,no
58,services,married,secondary,no,501.0,no,yes,unknown,19,jun,270,2,-1,0,unknown,no
53,blue-collar,single,secondary,no,148.5,no,no,cellular,30,jul,226,2,-1,0,unknown,no
35,student,married,tertiary,no,0.0,yes,no,cellular,9,jul,160,1,-1,0,unknown,no
64,management,divorced,tertiary,no,7879.5,yes,yes,cellular,7,jul,17,19,-1,0,unknown,no
74,retired,divorced,secondary,no,945.0,no,no,cellular,21,aug,97,1,-1,0,unknown,no
46,self-employed,single,tertiary,no,1944.0,yes,no,cellular,19,nov,352,4,-1,0,unknown,no
39,admin.,single,tertiary,no,4356.0,yes,no,unknown,27,may,33,1,-1,0,unknown,no
47,self-employed,married,secondary,no,2323.5,yes,no,unknown,20,jun,161,7,-1,0,unknown,no
82,unknown,married,unknown,no,1747.5,no,no,cellular,11,aug,400,3,-1,0,unknown,no
52,entrepreneur,divorced,secondary,no,502.5,yes,no,cellular,12,may,580,1,-1,0,unknown,yes
52,services,single,tertiary,no,141.0,yes,no,cellular,13,may,45,4,-1,0,unknown,no
54,entrepreneur,married,tertiary,no,5775.0,no,no,cellular,3,feb,130,2,-1,0,unknown,no
40,retired,single,tertiary,no,894.0,no,no,cellular,4,jun,125,2,-1,0,unknown,no
43,admin.,single,secondary,no,4740.0,no,no,unknown,18,jun,719,13,-1,0,unknown,no
56,admin.,divorced,tertiary,no,-544.5,no,yes,cellular,30,jul,96,11,-1,0,unknown,no
33,services,married,secondary,no,4009.5,yes,no,unknown,5,jun,81,2,-1,0,unknown,no
39,admin.,single,tertiary,no,21.0,no,no,cellular,29,sep,87,1,120,1,failure,no
58,management,married,secondary,no,-1314.0,no,yes,cellular,31,jul,6,16,-1,0,unknown,no
42,management,married,tertiary,no,1996.5,no,no,cellular,12,aug,93,1,104,4,success,no
44,blue-collar,married,secondary,no,1260.0,yes,no,cellular,12,may,275,3,-1,0,unknown,no
68,admin.,married,secondary,no,0.0,no,no,cellular,27,aug,503,13,-1,0,unknown,no
53,technician,married,tertiary,no,2494.5,no,no,cellular,7,aug,185,2,-1,0,unknown,no
60,management,married,secondary,no,7.5,no,no,unknown,3,jul,24,1,-1,0,unknown,no
52,management,single,tertiary,no,2652.0,yes,no,unknown,8,may,193,2,-1,0,unknown,no
46,blue-collar,married,secondary,no,1765.5,no,no,cellular,15,apr,330,1,311,4,success,yes
46,housemaid,married,secondary,no,6486.0,yes,no,cellular,14,jul,565,4,-1,0,unknown,no
39,services,single,secondary,no,-406.5,yes,no,unknown,4,jun,578,1,-1,0,unknown,yes
37,technician,single,secondary,no,438.0,yes,no,telephone,18,may,45,4,-1,0,unknown,no
60,technician,married,secondary,no,2311.5,yes,no,unknown,29,may,744,1,-1,0,unknown,no
46,retired,married,primary,no,5254.5,no,no,unknown,6,jun,31,1,-1,0,unknown,no
40,student,single,tertiary,no,46.5,yes,no,cellular,14,may,23,1,-1,0,unknown,no
49,technician,married,secondary,no,195.0,no,no,cellular,8,jul,202,2,-1,0,unknown,no
66,retired,single,unknown,no,3526.5,no,no,unknown,18,jun,15,1,-1,0,unknown,no
40,management,married,tertiary,no,1747.5,yes,yes,cellular,14,aug,80,2,-1,0,unknown,no
44,blue-collar,married,secondary,no,3208.5,yes,no,cellular,15,may,1452,1,-1,0,unknown,no
64,management,single,tertiary,no,2196.0,yes,yes,unknown,26,may,425,4,-1,0,unknown,no
56,services,married,unknown,no,19258.5,yes,no,cellular,17,nov,228,4,-1,0,unknown,no
38,entrepreneur,single,unknown,no,1959.0,yes,no,unknown,19,may,396,3,-1,0,unknown,no
66,management,divorced,tertiary,no,4438.5,yes,no,telephone,18,may,325,1,-1,0,unknown,no
55,blue-collar,single,unknown,no,1069.5,no,no,cellular,30,jul,148,2,-1,0,unknown,no
55,services,married,secondary,no,0.0,no,no,unknown,4,jun,153,6,-1,0,unknown,no
68,retired,married,unknown,no,993.0,yes,no,cellular,2,feb,389,1,-1,0,unknown,no
48,technician,married,secondary,no,1437.0,yes,no,telephone,18,nov,33,4,-1,0,unknown,no
43,blue-collar,married,secondary,no,1695.0,yes,no,cellular,7,apr,1063,1,-1,0,unknown,no
56,unemployed,married,tertiary,no,0.0,yes,no,cellular,10,jul,85,1,-1,0,unknown,no
42,blue-collar,married,secondary,no,168.0,yes,no,cellular,20,apr,311,1,321,1,other,no
37,management,single,secondary,no,883.5,no,no,cellular,28,jan,24,1,-1,0,unknown,no
44,technician,married,secondary,no,0.0,no,no,cellular,9,jul,628,1,-1,0,unknown,no
60,retired,married,secondary,no,9387.0,yes,no,unknown,15,may,139,7,-1,0,unknown,no
57,blue-collar,married,secondary,no,3259.5,yes,no,cellular,30,apr,189,3,344,5,failure,no
53,blue-collar,married,secondary,no,-61.5,no,no,unknown,20,jun,8,3,-1,0,unknown,no
38,management,single,tertiary,yes,2121.0,yes,no,cellular,8,jul,294,1,521,1,failure,yes
49,technician,married,unknown,no,292.5,no,no,cellular,6,feb,74,2,-1,0,unknown,no
45,blue-collar,married,secondary,no,3111.0,no,no,cellular,6,feb,183,4,-1,0,unknown,no
49,admin.,married,secondary,no,0.0,yes,no,cellular,17,jul,69,1,-1,0,unknown,no
68,technician,divorced,secondary,no,829.5,yes,no,cellular,28,jul,174,2,-1,0,unknown,no
38,entrepreneur,married,unknown,no,1551.0,no,no,cellular,29,jan,113,1,-1,0,unknown,no
64,blue-collar,married,primary,no,1549.5,no,no,unknown,20,jun,152,3,-1,0,unknown,no
62,blue-collar,married,secondary,no,1978.5,no,no,telephone,30,apr,37,2,-1,0,unknown,no
52,management,married,tertiary,no,447.0,no,no,cellular,11,oct,137,3,95,10,failure,no
40,retired,single,tertiary,no,267.0,yes,no,unknown,8,may,234,1,-1,0,unknown,no
50,retired,married,secondary,no,3123.0,no,no,unknown,12,jun,82,1,-1,0,unknown,no
40,services,married,tertiary,no,121.5,no,no,cellular,22,apr,145,1,-1,0,unknown,yes
35,technician,single,secondary,no,5764.5,no,no,cellular,18,oct,159,2,95,2,failure,no
44,retired,single,tertiary,no,10113.0,no,no,cellular,25,aug,318,6,-1,0,unknown,no
41,student,married,secondary,no,300.0,yes,no,cellular,4,may,362,5,-1,0,unknown,no
43,technician,married,secondary,no,645.0,no,no,cellular,25,aug,250,2,-1,0,unknown,no
42,management,single,tertiary,no,0.0,no,no,cellular,29,aug,63,2,-1,0,unknown,no
45,services,married,secondary,no,1228.5,yes,no,telephone,14,jul,102,14,-1,0,unknown,no
63,blue-collar,married,primary,no,951.0,yes,no,unknown,16,may,475,2,-1,0,unknown,no
38,management,single,unknown,no,840.0,no,no,cellular,2,jun,135,1,-1,0,unknown,no
42,management,single,secondary,no,2209.5,no,no,cellular,14,aug,253,7,-1,0,unknown,no
54,entrepreneur,married,secondary,no,-247.5,yes,yes,unknown,4,jun,184,2,-1,0,unknown,no
48,retired,married,secondary,no,463.5,no,no,unknown,12,jun,160,2,-1,0,unknown,no
35,technician,divorced,tertiary,no,3475.5,yes,no,cellular,7,may,273,4,-1,0,unknown,no
41,technician,married,tertiary,no,663.0,no,no,cellular,15,oct,244,1,-1,0,unknown,no
61,technician,married,secondary,no,169.5,no,no,cellular,19,nov,193,1,-1,0,unknown,no
60,technician,single,secondary,no,-694.5,yes,no,unknown,27,may,269,3,-1,0,unknown,no
50,services,married,primary,no,387.0,no,no,unknown,20,jun,14,13,-1,0,unknown,no
59,blue-collar,divorced,primary,no,1368.0,no,no,unknown,20,jun,170,2,-1,0,unknown,no
48,retired,divorced,tertiary,no,7038.0,yes,no,unknown,29,may,1363,2,-1,0,unknown,yes
39,admin.,divorced,secondary,no,301.5,yes,no,unknown,4,jun,121,3,-1,0,unknown,no
77,retired,married,unknown,no,3810.0,no,no,telephone,14,sep,279,3,92,9,success,yes
52,management,married,tertiary,no,13891.5,yes,no,cellular,6,aug,120,2,-1,0,unknown,no
65,technician,married,tertiary,no,660.0,no,no,unknown,23,may,556,1,-1,0,unknown,no
47,retired,divorced,secondary,yes,-1033.5,no,no,unknown,18,jun,15,1,-1,0,unknown,no
46,self-employed,single,secondary,no,5505.0,yes,no,unknown,29,may,617,2,-1,0,unknown,no
42,services,married,secondary,yes,-330.0,yes,yes,cellular,25,jul,123,2,-1,0,unknown,no
41,admin.,divorced,secondary,no,2028.0,yes,no,unknown,20,may,6,2,-1,0,unknown,no
39,management,single,tertiary,no,0.0,yes,no,cellular,9,jul,150,1,-1,0,unknown,no
50,admin.,single,secondary,no,1983.0,yes,no,unknown,8,may,26,1,-1,0,unknown,no
51,retired,married,primary,no,393.0,yes,no,unknown,29,may,159,1,-1,0,unknown,no
66,technician,single,tertiary,no,1375.5,no,no,unknown,9,jun,306,1,-1,0,unknown,no
69,unemployed,married,secondary,no,28653.0,no,no,cellular,5,feb,462,1,-1,0,unknown,no
47,admin.,single,unknown,no,268.5,no,no,unknown,30,may,100,3,-1,0,unknown,no
51,admin.,single,secondary,no,501.0,yes,no,cellular,13,may,14,4,331,22,other,no
67,blue-collar,married,unknown,no,1210.5,yes,no,unknown,6,may,211,2,-1,0,unknown,no
42,retired,married,tertiary,no,12034.5,no,no,cellular,25,may,146,1,97,1,other,no
61,management,married,tertiary,no,5194.5,no,yes,cellular,13,jul,371,2,166,3,other,yes
29,student,single,unknown,no,40.5,no,no,telephone,5,mar,86,12,-1,0,unknown,no
58,technician,single,secondary,no,1867.5,no,no,cellular,13,oct,169,1,134,1,other,no
49,retired,married,secondary,no,55.5,yes,yes,cellular,11,jul,467,1,-1,0,unknown,no
59,self-employed,married,tertiary,no,12213.0,no,no,telephone,18,nov,500,1,-1,0,unknown,no
41,services,single,secondary,yes,-372.0,no,no,unknown,27,jul,5,1,-1,0,unknown,no
45,housemaid,married,secondary,no,742.5,no,no,cellular,14,aug,414,4,-1,0,unknown,no
43,management,single,tertiary,no,10210.5,no,no,cellular,21,oct,512,2,184,1,success,yes
44,blue-collar,married,secondary,no,543.0,yes,no,cellular,15,may,151,1,-1,0,unknown,no
41,blue-collar,single,unknown,yes,25.5,yes,no,cellular,6,may,72,1,-1,0,unknown,no
39,admin.,married,secondary,no,1188.0,yes,no,cellular,14,may,374,2,-1,0,unknown,no
64,management,married,tertiary,no,276.0,no,no,cellular,6,feb,13,6,-1,0,unknown,no
42,admin.,divorced,secondary,no,-496.5,yes,yes,unknown,26,may,130,3,-1,0,unknown,no
62,blue-collar,married,secondary,no,3345.0,no,no,cellular,29,oct,423,3,-1,0,unknown,yes
39,admin.,single,secondary,no,1182.0,yes,no,cellular,18,jul,264,2,-1,0,unknown,no
55,blue-collar,married,secondary,no,99.0,yes,no,unknown,13,may,3366,3,-1,0,unknown,no
38,blue-collar,married,primary,no,-766.5,yes,no,unknown,2,jun,82,1,-1,0,unknown,no
41,retired,married,primary,no,11136.0,yes,no,unknown,21,oct,54,1,-1,0,unknown,no
66,retired,divorced,secondary,no,1402.5,no,no,cellular,2,jun,136,1,96,3,failure,no
51,retired,married,primary,no,0.0,no,no,unknown,16,jun,630,2,-1,0,unknown,no
52,blue-collar,married,secondary,no,-403.5,yes,no,telephone,30,jul,100,6,-1,0,unknown,no
56,blue-collar,married,secondary,no,180.0,yes,yes,cellular,29,jan,121,1,259,3,failure,no
52,self-employed,married,tertiary,no,32791.5,no,no,unknown,5,jun,486,2,-1,0,unknown,no
59,admin.,married,secondary,no,273.0,yes,no,cellular,2,apr,303,1,331,2,failure,no
60,admin.,single,secondary,no,39.0,no,yes,telephone,24,jul,179,4,-1,0,unknown,no
70,retired,divorced,secondary,no,0.0,no,no,unknown,6,jun,105,1,-1,0,unknown,no
54,blue-collar,divorced,primary,no,112.5,yes,no,cellular,16,apr,614,1,281,1,failure,no
63,blue-collar,married,unknown,no,4177.5,yes,no,unknown,15,may,1165,1,-1,0,unknown,no
61,entrepreneur,married,primary,no,2164.5,no,no,cellular,26,may,574,1,97,10,success,no
42,self-employed,single,secondary,no,-924.0,yes,no,cellular,11,may,74,1,-1,0,unknown,no
64,retired,married,primary,no,2068.5,no,no,unknown,11,jun,136,1,-1,0,unknown,no
39,management,single,tertiary,no,462.0,no,no,cellular,4,aug,313,1,-1,0,unknown,no
61,retired,married,primary,no,979.5,yes,yes,unknown,6,may,208,1,-1,0,unknown,no
37,services,single,secondary,no,105.0,yes,no,cellular,11,jul,170,1,-1,0,unknown,no
35,student,single,secondary,no,1708.5,yes,no,unknown,15,may,22,3,-1,0,unknown,no
61,admin.,married,primary,no,3421.5,yes,yes,unknown,5,jun,163,1,-1,0,unknown,no
67,retired,single,secondary,no,7957.5,no,no,unknown,12,jun,192,1,-1,0,unknown,no
42,technician,single,secondary,no,1078.5,yes,no,unknown,28,may,79,6,-1,0,unknown,no
38,technician,single,tertiary,no,555.0,yes,no,unknown,23,may,108,5,-1,0,unknown,no
46,technician,divorced,secondary,no,1291.5,no,no,telephone,29,aug,140,2,-1,0,unknown,no
61,technician,married,secondary,no,150.0,no,no,cellular,2,feb,467,2,-1,0,unknown,yes
51,entrepreneur,married,tertiary,no,181.5,yes,no,cellular,5,may,456,1,287,1,failure,no
43,management,single,tertiary,no,553.5,no,no,cellular,25,aug,143,10,-1,0,unknown,no
36,services,single,secondary,no,69.0,yes,no,cellular,15,may,17,3,351,6,other,no
38,management,married,tertiary,no,1860.0,no,no,cellular,4,aug,849,1,-1,0,unknown,yes
57,services,married,primary,no,309.0,no,no,cellular,11,aug,71,3,-1,0,unknown,no
56,blue-collar,married,primary,no,15499.5,yes,no,unknown,9,jun,579,4,-1,0,unknown,no
42,retired,married,secondary,no,25.5,yes,no,unknown,27,may,123,1,-1,0,unknown,no
69,blue-collar,married,primary,no,1840.5,no,no,cellular,29,aug,89,5,-1,0,unknown,no
53,unemployed,married,tertiary,no,87.0,yes,no,cellular,9,feb,48,4,-1,0,unknown,no
42,services,single,secondary,no,10285.5,no,no,cellular,6,aug,85,1,185,1,failure,no
54,retired,married,tertiary,no,2727.0,yes,yes,cellular,12,aug,120,1,104,1,failure,no
46,blue-collar,married,primary,no,142.5,yes,no,unknown,9,may,255,2,-1,0,unknown,no
47,entrepreneur,married,primary,no,93.0,no,no,cellular,31,jul,404,2,-1,0,unknown,no
62,retired,single,secondary,no,474.0,no,no,cellular,12,may,463,3,-1,0,unknown,no
69,retired,married,primary,no,1299.0,no,yes,cellular,2,feb,88,1,208,1,other,no
42,management,single,tertiary,no,3201.0,no,no,cellular,10,nov,98,2,-1,0,unknown,no
42,technician,single,secondary,no,481.5,yes,no,cellular,11,aug,156,2,-1,0,unknown,no
59,blue-collar,married,secondary,no,0.0,yes,no,unknown,29,may,67,2,-1,0,unknown,no
77,retired,married,unknown,no,9480.0,no,no,telephone,19,aug,578,2,-1,0,unknown,no
47,housemaid,married,secondary,no,1413.0,no,no,unknown,17,jun,79,1,-1,0,unknown,no
41,self-employed,married,tertiary,no,141.0,no,no,cellular,22,aug,579,2,-1,0,unknown,yes
53,retired,single,tertiary,no,1525.5,yes,no,unknown,19,may,257,2,-1,0,unknown,no
52,entrepreneur,married,secondary,no,3358.5,yes,no,cellular,22,jul,176,1,-1,0,unknown,no
55,retired,married,secondary,no,669.0,no,no,cellular,6,aug,304,3,-1,0,unknown,yes
64,retired,divorced,tertiary,no,9153.0,yes,yes,unknown,21,may,86,6,-1,0,unknown,no
69,entrepreneur,divorced,secondary,no,0.0,no,yes,cellular,28,jul,206,10,-1,0,unknown,no
48,retired,married,secondary,no,256.5,yes,no,unknown,9,may,286,5,-1,0,unknown,no
56,services,married,secondary,no,568.5,no,no,unknown,11,jun,886,2,-1,0,unknown,no
67,retired,married,secondary,no,411.0,no,yes,unknown,20,jun,41,3,-1,0,unknown,no
45,entrepreneur,married,secondary,no,15.0,yes,no,cellular,21,jul,314,7,-1,0,unknown,no
58,retired,married,secondary,no,2400.0,no,no,cellular,5,aug,117,1,-1,0,unknown,no
65,blue-collar,married,primary,no,768.0,no,no,cellular,5,aug,1200,2,-1,0,unknown,yes
62,technician,married,secondary,no,292.5,yes,no,cellular,17,dec,110,2,205,3,failure,no
63,blue-collar,married,secondary,no,-1066.5,yes,no,unknown,2,jun,198,1,-1,0,unknown,no
57,services,married,primary,no,1012.5,no,no,cellular,7,aug,152,2,-1,0,unknown,no
37,admin.,married,secondary,no,46.5,yes,yes,cellular,28,jul,746,2,-1,0,unknown,no
37,management,single,tertiary,no,3630.0,yes,no,unknown,12,may,391,2,-1,0,unknown,no
51,unemployed,married,tertiary,no,0.0,no,no,cellular,29,apr,882,1,181,3,success,yes
51,services,married,tertiary,no,618.0,yes,no,unknown,3,jun,154,5,-1,0,unknown,no
61,services,married,secondary,no,2554.5,yes,no,cellular,7,may,101,1,-1,0,unknown,no
45,management,single,tertiary,no,-219.0,yes,no,cellular,21,aug,269,1,-1,0,unknown,no
44,admin.,married,secondary,no,0.0,yes,no,cellular,10,feb,97,1,85,1,failure,yes
51,blue-collar,married,secondary,no,2076.0,yes,no,cellular,20,apr,106,4,340,4,success,no
44,technician,single,tertiary,no,3781.5,no,no,cellular,13,aug,73,2,-1,0,unknown,no
48,services,married,secondary,no,456.0,no,yes,cellular,2,feb,238,1,214,1,failure,no
59,blue-collar,married,secondary,no,3058.5,yes,no,cellular,6,may,451,1,169,2,failure,yes
92,housemaid,married,primary,no,3210.0,no,no,telephone,14,apr,118,6,-1,0,unknown,no
66,blue-collar,married,primary,no,432.0,no,no,unknown,17,jun,548,3,-1,0,unknown,no
80,blue-collar,married,primary,no,4612.5,no,no,telephone,10,aug,74,1,-1,0,unknown,no
43,self-employed,single,tertiary,no,14505.0,no,no,cellular,20,nov,204,1,-1,0,unknown,no
59,housemaid,married,primary,no,7557.0,yes,no,telephone,27,may,108,1,-1,0,unknown,no
61,management,married,tertiary,no,14796.0,no,no,cellular,26,aug,69,4,-1,0,unknown,no
52,management,married,tertiary,no,-1.5,yes,yes,telephone,8,may,185,1,-1,0,unknown,no
41,technician,single,secondary,no,1269.0,no,no,cellular,26,may,405,3,205,2,failure,yes
68,management,married,primary,no,0.0,no,no,unknown,12,jun,77,6,-1,0,unknown,no
49,blue-collar,married,primary,no,2346.0,no,no,unknown,17,jun,57,1,-1,0,unknown,no
38,management,single,tertiary,no,334.5,yes,no,cellular,1,jun,303,1,278,3,success,yes
82,retired,married,tertiary,no,3.0,no,no,cellular,7,aug,147,2,-1,0,unknown,yes
44,admin.,married,secondary,no,72.0,yes,no,cellular,7,may,1806,2,287,3,other,yes
53,blue-collar,married,secondary,no,-166.5,yes,no,unknown,29,may,132,3,-1,0,unknown,no
66,retired,married,secondary,no,-169.5,yes,yes,cellular,12,aug,614,2,-1,0,unknown,no
60,services,married,secondary,no,3630.0,yes,no,cellular,20,apr,102,6,235,13,failure,no
46,admin.,married,secondary,no,0.0,yes,no,cellular,24,apr,83,2,-1,0,unknown,no
53,blue-collar,married,secondary,no,154.5,yes,no,unknown,17,jun,179,2,-1,0,unknown,no
82,retired,divorced,tertiary,no,603.0,no,no,cellular,12,jul,194,3,-1,0,unknown,no
44,self-employed,single,tertiary,no,1039.5,yes,no,cellular,24,jul,130,1,-1,0,unknown,no
47,management,married,tertiary,no,3424.5,no,no,cellular,6,aug,303,2,92,4,success,yes
71,management,married,tertiary,no,11902.5,no,no,cellular,26,aug,427,17,-1,0,unknown,no
44,retired,single,tertiary,no,0.0,yes,no,unknown,23,may,346,1,-1,0,unknown,no
37,blue-collar,married,primary,no,624.0,yes,no,unknown,30,may,1193,2,-1,0,unknown,yes
44,technician,single,secondary,no,2079.0,yes,yes,unknown,28,may,185,6,-1,0,unknown,no
49,management,divorced,tertiary,no,14311.5,no,no,unknown,15,may,815,1,-1,0,unknown,no
39,management,married,tertiary,no,1072.5,yes,no,unknown,28,may,461,1,-1,0,unknown,no
49,blue-collar,married,tertiary,no,-49.5,yes,no,unknown,7,may,62,5,-1,0,unknown,no
45,services,single,tertiary,no,0.0,no,no,cellular,3,jul,704,1,-1,0,unknown,yes
63,retired,single,secondary,no,234.0,yes,yes,unknown,7,may,259,4,-1,0,unknown,no
35,services,single,secondary,no,603.0,no,yes,cellular,7,jul,264,1,-1,0,unknown,no
50,blue-collar,married,secondary,no,-924.0,yes,no,cellular,21,nov,182,1,157,2,failure,no
48,admin.,divorced,tertiary,no,129.0,yes,no,unknown,6,may,218,1,-1,0,unknown,no
47,blue-collar,married,primary,no,0.0,yes,no,cellular,17,apr,362,2,315,4,failure,no
46,admin.,divorced,secondary,no,75.0,yes,no,cellular,6,may,222,1,-1,0,unknown,no
63,retired,divorced,secondary,no,-715.5,no,no,cellular,17,jul,235,2,-1,0,unknown,no
46,retired,married,tertiary,no,157.5,no,no,cellular,28,jan,76,1,-1,0,unknown,no
53,technician,married,secondary,no,103.5,yes,yes,cellular,20,oct,304,1,337,1,failure,no
47,admin.,married,secondary,no,1924.5,yes,no,unknown,20,may,209,1,-1,0,unknown,no
60,retired,married,primary,no,21.0,no,yes,telephone,23,jul,83,4,-1,0,unknown,no
58,retired,married,secondary,no,234.0,no,no,cellular,4,aug,291,1,-1,0,unknown,yes
51,management,divorced,tertiary,no,1269.0,no,yes,cellular,23,jul,206,3,-1,0,unknown,no
61,blue-collar,married,primary,no,7068.0,no,no,telephone,20,nov,172,2,-1,0,unknown,no
63,self-employed,married,tertiary,no,2508.0,no,no,cellular,28,jan,176,1,189,1,failure,no
62,technician,divorced,secondary,no,766.5,no,yes,cellular,20,aug,98,4,-1,0,unknown,no
49,admin.,married,secondary,no,279.0,yes,no,cellular,14,jul,114,2,-1,0,unknown,no
42,retired,married,tertiary,no,198.0,yes,no,unknown,30,may,565,2,-1,0,unknown,no
36,admin.,single,secondary,no,144.0,yes,no,cellular,13,may,612,2,348,3,other,no
67,management,married,secondary,no,6069.0,no,yes,unknown,5,jun,331,1,-1,0,unknown,no
95,retired,married,secondary,no,1882.5,no,no,cellular,14,oct,192,2,92,4,success,no
49,retired,single,secondary,no,180.0,no,no,unknown,12,jun,66,1,-1,0,unknown,no
43,blue-collar,married,primary,no,213.0,yes,no,cellular,13,may,136,5,-1,0,unknown,no
46,blue-collar,married,primary,no,66.0,no,no,unknown,20,jun,11,2,-1,0,unknown,no
53,technician,married,tertiary,no,886.5,yes,no,cellular,8,aug,889,2,-1,0,unknown,no
42,retired,married,secondary,no,4983.0,yes,no,cellular,5,feb,588,2,175,2,failure,no
42,technician,single,tertiary,no,822.0,no,no,cellular,18,aug,377,7,-1,0,unknown,no
47,blue-collar,married,secondary,no,334.5,yes,no,cellular,14,jul,144,2,-1,0,unknown,no
42,technician,married,tertiary,no,648.0,yes,no,cellular,19,nov,164,2,195,1,other,no
47,blue-collar,single,unknown,no,325.5,no,no,cellular,23,sep,272,2,-1,0,unknown,yes
57,blue-collar,married,primary,no,876.0,yes,yes,cellular,14,aug,337,2,-1,0,unknown,no
67,technician,married,secondary,no,484.5,yes,no,telephone,9,jul,54,1,-1,0,unknown,no
41,retired,single,secondary,no,768.0,yes,no,cellular,18,may,44,8,-1,0,unknown,no
52,retired,married,secondary,no,261.0,yes,no,cellular,11,may,67,1,-1,0,unknown,no
42,management,married,tertiary,no,93.0,yes,no,cellular,14,may,166,1,-1,0,unknown,no
49,self-employed,divorced,tertiary,no,2122.5,no,no,unknown,17,jun,134,1,-1,0,unknown,no
52,blue-collar,married,secondary,no,664.5,yes,no,unknown,2,jun,671,5,-1,0,unknown,yes
47,management,single,tertiary,yes,-37.5,no,no,unknown,17,jun,136,2,-1,0,unknown,no
38,student,single,secondary,no,495.0,no,no,telephone,2,feb,197,1,-1,0,unknown,no
67,retired,married,secondary,no,5317.5,yes,no,unknown,14,may,138,2,-1,0,unknown,no
57,retired,single,secondary,no,2964.0,no,yes,cellular,20,nov,82,1,-1,0,unknown,no
59,blue-collar,married,secondary,no,5592.0,yes,no,cellular,11,jul,1060,2,-1,0,unknown,yes
39,admin.,single,secondary,no,300.0,yes,no,cellular,18,may,261,1,-1,0,unknown,no
48,admin.,married,primary,no,2230.5,no,no,unknown,9,jun,332,2,-1,0,unknown,no
70,retired,single,primary,no,705.0,no,no,unknown,16,jun,100,2,-1,0,unknown,no
60,blue-collar,married,primary,no,28.5,no,no,cellular,25,aug,103,3,-1,0,unknown,no
49,blue-collar,single,secondary,no,2941.5,no,no,unknown,21,may,216,1,-1,0,unknown,no
48,technician,married,tertiary,no,270.0,no,no,cellular,6,aug,258,7,-1,0,unknown,no
63,entrepreneur,married,unknown,no,528.0,no,no,cellular,21,nov,199,1,-1,0,unknown,no
44,management,married,tertiary,no,1674.0,yes,no,cellular,13,apr,120,1,262,5,failure,no
44,services,married,secondary,no,315.0,yes,yes,cellular,17,apr,175,1,332,1,failure,no
44,retired,married,secondary,no,180.0,yes,no,unknown,21,may,369,1,-1,0,unknown,no
45,technician,single,tertiary,no,864.0,no,no,cellular,28,aug,8,13,-1,0,unknown,no
41,entrepreneur,single,tertiary,yes,55.5,yes,no,unknown,12,may,281,1,-1,0,unknown,no
55,technician,single,secondary,no,1188.0,no,no,cellular,19,nov,111,5,-1,0,unknown,no
43,retired,divorced,secondary,no,577.5,no,no,telephone,27,aug,29,28,-1,0,unknown,no
48,housemaid,married,tertiary,no,8503.5,yes,no,unknown,30,may,31,1,-1,0,unknown,no
54,services,divorced,secondary,no,-552.0,yes,no,cellular,5,may,895,1,-1,0,unknown,yes
61,blue-collar,married,primary,no,10701.0,no,no,cellular,25,aug,36,7,-1,0,unknown,no
38,services,single,tertiary,no,3711.0,yes,no,cellular,22,jul,262,1,-1,0,unknown,no
35,management,single,tertiary,no,484.5,no,yes,cellular,23,jul,98,1,-1,0,unknown,no
72,retired,married,secondary,no,853.5,no,no,cellular,4,aug,288,1,1,8,success,yes
42,management,divorced,secondary,no,-160.5,yes,no,unknown,3,jun,216,2,-1,0,unknown,no
49,retired,married,secondary,no,2634.0,yes,no,cellular,3,apr,939,1,-1,0,unknown,yes
45,unemployed,married,secondary,no,1.5,yes,no,cellular,28,jul,173,8,-1,0,unknown,no
39,student,single,secondary,no,2781.0,no,no,telephone,4,may,390,3,-1,0,unknown,no
64,management,married,tertiary,no,801.0,no,no,cellular,1,jun,177,2,-1,0,unknown,yes
53,technician,married,secondary,no,15.0,no,no,cellular,26,aug,301,16,-1,0,unknown,no
44,blue-collar,single,secondary,no,-298.5,no,no,cellular,22,jul,78,10,-1,0,unknown,no
65,self-employed,single,secondary,no,3910.5,yes,no,unknown,14,may,38,1,-1,0,unknown,no
49,management,single,tertiary,no,45.0,yes,no,cellular,13,may,201,3,-1,0,unknown,no
36,management,single,tertiary,no,4087.5,no,no,cellular,28,jan,267,1,-1,0,unknown,no
40,retired,divorced,tertiary,no,1089.0,yes,no,cellular,18,may,24,1,-1,0,unknown,no
58,management,married,tertiary,no,235.5,no,no,cellular,28,jan,417,4,-1,0,unknown,yes
42,services,married,secondary,no,1693.5,yes,no,cellular,15,apr,903,2,341,2,failure,yes
44,management,single,secondary,no,2992.5,yes,no,cellular,20,nov,129,2,-1,0,unknown,no
47,technician,married,secondary,no,124.5,yes,no,cellular,6,may,68,1,363,1,failure,no
49,services,single,secondary,no,136.5,no,no,cellular,3,sep,213,1,185,1,success,yes
49,blue-collar,married,secondary,no,8779.5,yes,no,unknown,21,may,210,2,-1,0,unknown,no
54,blue-collar,married,secondary,no,250.5,yes,no,cellular,15,may,79,2,373,1,failure,no
65,retired,divorced,tertiary,no,0.0,no,no,cellular,18,aug,237,1,-1,0,unknown,yes
37,technician,single,tertiary,no,5559.0,yes,no,unknown,16,may,897,1,-1,0,unknown,yes
34,retired,married,secondary,no,3417.0,yes,no,unknown,27,may,77,4,-1,0,unknown,no
61,admin.,married,secondary,no,291.0,no,yes,cellular,22,jul,71,2,-1,0,unknown,no
61,technician,married,secondary,no,2169.0,yes,no,unknown,4,jun,84,7,-1,0,unknown,no
42,services,single,tertiary,no,1417.5,no,no,cellular,20,nov,531,1,-1,0,unknown,yes
60,management,divorced,tertiary,no,477.0,yes,no,unknown,16,may,788,2,-1,0,unknown,no
45,admin.,single,secondary,no,222.0,yes,no,unknown,6,may,128,2,-1,0,unknown,no
46,blue-collar,married,primary,no,0.0,yes,no,unknown,21,may,59,2,-1,0,unknown,no
37,student,single,unknown,no,3274.5,no,no,cellular,5,feb,219,3,-1,0,unknown,no
49,admin.,single,tertiary,no,34.5,no,no,unknown,11,jun,162,3,-1,0,unknown,no
42,retired,single,tertiary,no,13299.0,no,no,cellular,9,jun,234,2,83,2,success,yes
42,admin.,single,secondary,no,147.0,yes,no,cellular,5,may,360,1,365,2,failure,no
56,services,married,secondary,no,676.5,yes,yes,cellular,13,may,389,4,-1,0,unknown,no
49,blue-collar,married,primary,no,-648.0,yes,no,unknown,8,may,159,3,-1,0,unknown,no
70,retired,divorced,primary,no,12651.0,no,no,telephone,2,nov,105,2,-1,0,unknown,no
50,blue-collar,married,secondary,no,406.5,yes,no,unknown,29,may,483,2,-1,0,unknown,no
59,admin.,married,secondary,no,3751.5,yes,no,unknown,30,may,50,2,-1,0,unknown,no
58,management,divorced,primary,no,648.0,yes,no,unknown,20,may,152,2,-1,0,unknown,no
36,management,single,tertiary,no,255.0,no,no,cellular,15,jun,129,1,-1,0,unknown,yes
56,services,married,secondary,no,276.0,yes,no,cellular,1,apr,836,1,-1,0,unknown,no
45,retired,single,tertiary,no,700.5,yes,no,cellular,14,aug,82,2,-1,0,unknown,no
55,blue-collar,married,secondary,no,361.5,no,no,cellular,13,aug,536,5,-1,0,unknown,no
58,retired,divorced,secondary,no,604.5,yes,no,unknown,14,may,364,1,-1,0,unknown,no
85,retired,married,primary,no,1443.0,no,no,cellular,17,jun,344,1,-1,0,unknown,no
36,retired,single,secondary,no,768.0,yes,yes,cellular,30,jan,206,5,239,3,failure,no
37,management,married,tertiary,no,1663.5,yes,no,cellular,21,jul,833,5,-1,0,unknown,no
63,blue-collar,married,secondary,no,0.0,yes,yes,unknown,5,may,181,1,-1,0,unknown,no
59,self-employed,married,tertiary,no,220.5,no,yes,cellular,2,feb,559,1,189,4,failure,no
60,entrepreneur,married,tertiary,no,331.5,yes,no,cellular,20,apr,319,2,340,1,failure,no
43,retired,married,tertiary,no,118.5,yes,no,cellular,22,oct,249,2,335,2,failure,yes
38,services,married,tertiary,no,898.5,yes,no,cellular,29,jul,189,5,-1,0,unknown,no
42,blue-collar,single,secondary,no,597.0,yes,no,cellular,14,may,209,2,-1,0,unknown,no
43,technician,single,secondary,no,99.0,no,no,cellular,5,jun,157,2,-1,0,unknown,yes
73,retired,married,secondary,no,0.0,no,no,telephone,7,oct,73,2,-1,0,unknown,no
44,technician,single,secondary,yes,154.5,yes,yes,cellular,24,jul,147,1,-1,0,unknown,no
53,blue-collar,married,secondary,no,-714.0,yes,no,unknown,26,may,16,1,-1,0,unknown,no
52,blue-collar,divorced,secondary,no,1347.0,yes,no,cellular,10,jul,347,1,-1,0,unknown,no
60,technician,married,primary,no,-472.5,no,yes,cellular,8,jul,173,1,-1,0,unknown,no
44,technician,single,tertiary,no,183.0,no,no,unknown,27,may,73,5,-1,0,unknown,no
45,blue-collar,single,secondary,no,597.0,yes,no,cellular,20,apr,198,1,-1,0,unknown,no
44,management,divorced,tertiary,no,0.0,yes,no,cellular,27,aug,36,7,-1,0,unknown,no
43,technician,married,secondary,no,543.0,no,yes,cellular,26,aug,160,6,-1,0,unknown,no
54,management,married,tertiary,no,417.0,no,no,cellular,28,aug,95,4,-1,0,unknown,no
45,retired,married,unknown,no,780.0,yes,no,cellular,17,apr,476,1,-1,0,unknown,yes
64,retired,married,primary,no,352.5,no,yes,cellular,31,jul,28,5,-1,0,unknown,no
59,self-employed,divorced,secondary,no,9174.0,yes,no,cellular,21,nov,43,1,-1,0,unknown,no
68,blue-collar,married,primary,no,3820.5,no,no,unknown,15,may,174,4,-1,0,unknown,no
41,services,married,secondary,no,534.0,yes,no,unknown,20,jun,228,5,-1,0,unknown,no
60,technician,single,secondary,no,495.0,no,no,cellular,6,aug,376,3,-1,0,unknown,no
63,retired,married,secondary,no,2665.5,yes,no,cellular,21,nov,796,5,154,1,failure,yes
67,retired,married,secondary,no,753.0,yes,no,unknown,7,may,229,3,-1,0,unknown,no
50,retired,married,tertiary,no,1819.5,no,no,cellular,4,aug,53,1,-1,0,unknown,no
58,management,married,secondary,no,175.5,yes,no,cellular,16,apr,635,1,-1,0,unknown,no
57,blue-collar,married,secondary,no,615.0,yes,yes,cellular,17,nov,179,1,-1,0,unknown,no
53,housemaid,married,tertiary,no,0.0,no,no,cellular,27,aug,103,6,-1,0,unknown,no
68,retired,married,tertiary,no,6072.0,no,yes,cellular,15,jul,270,5,-1,0,unknown,no
48,blue-collar,married,secondary,no,2778.0,yes,no,cellular,13,may,606,1,-1,0,unknown,yes
49,admin.,married,secondary,no,2977.5,yes,no,unknown,21,may,155,4,-1,0,unknown,no
70,services,single,primary,no,469.5,yes,no,unknown,15,may,920,2,-1,0,unknown,yes
44,self-employed,single,tertiary,no,4200.0,yes,no,unknown,14,may,668,1,-1,0,unknown,no
61,management,married,tertiary,no,33835.5,yes,no,telephone,23,jul,71,3,-1,0,unknown,no
35,student,single,tertiary,no,757.5,yes,no,cellular,6,may,37,1,-1,0,unknown,no
48,admin.,married,unknown,no,6874.5,yes,no,cellular,17,nov,191,2,-1,0,unknown,no
56,admin.,married,secondary,no,775.5,yes,no,cellular,5,may,29,3,-1,0,unknown,no
37,technician,single,tertiary,no,42.0,no,no,cellular,28,jan,174,1,-1,0,unknown,no
43,admin.,married,secondary,yes,-1012.5,yes,no,unknown,28,may,245,2,-1,0,unknown,no
45,blue-collar,single,secondary,no,3771.0,yes,no,unknown,4,jun,85,5,-1,0,unknown,no
54,management,divorced,tertiary,no,3087.0,no,yes,cellular,21,nov,661,1,-1,0,unknown,no
45,retired,married,secondary,no,307.5,yes,yes,cellular,15,may,1313,7,312,1,failure,yes
46,retired,single,secondary,no,720.0,yes,no,cellular,28,jan,90,1,-1,0,unknown,no
47,blue-collar,married,secondary,no,8464.5,yes,no,unknown,21,may,295,1,-1,0,unknown,no
68,management,divorced,tertiary,no,8551.5,no,no,cellular,2,feb,521,1,-1,0,unknown,yes
64,technician,married,secondary,no,130.5,yes,no,cellular,12,may,20,8,350,9,failure,no
39,services,divorced,secondary,no,46.5,yes,no,unknown,5,may,194,1,-1,0,unknown,no
55,admin.,married,secondary,no,0.0,no,no,cellular,14,aug,113,2,-1,0,unknown,no
47,services,married,secondary,no,2424.0,yes,no,cellular,28,jul,418,3,-1,0,unknown,no
54,management,married,tertiary,no,1134.0,yes,no,cellular,18,nov,65,1,130,2,failure,no
68,entrepreneur,married,secondary,no,0.0,no,yes,cellular,21,nov,56,2,-1,0,unknown,no
48,admin.,single,secondary,no,3493.5,yes,no,cellular,29,jan,261,1,-1,0,unknown,no
37,retired,single,secondary,no,1357.5,yes,yes,cellular,7,may,245,1,-1,0,unknown,no
46,management,married,secondary,no,966.0,yes,no,cellular,18,nov,54,2,-1,0,unknown,no
95,retired,married,secondary,no,649.5,no,no,telephone,15,dec,150,1,-1,0,unknown,no
37,student,single,secondary,no,166.5,no,no,cellular,7,jul,495,2,-1,0,unknown,yes
47,technician,married,secondary,no,8929.5,no,no,cellular,5,aug,1113,1,-1,0,unknown,no
51,management,married,tertiary,no,7236.0,no,yes,cellular,18,jul,168,7,-1,0,unknown,no
48,housemaid,married,secondary,no,0.0,yes,no,cellular,23,jul,157,1,-1,0,unknown,no
41,technician,single,secondary,no,1.5,yes,no,cellular,12,may,223,1,-1,0,unknown,no
43,management,single,tertiary,no,559.5,no,yes,cellular,27,oct,259,1,-1,0,unknown,no
46,blue-collar,married,primary,no,73.5,yes,no,cellular,15,may,232,2,365,5,other,no
63,admin.,married,secondary,no,525.0,no,yes,cellular,17,nov,113,3,132,2,failure,no
42,management,married,tertiary,no,1357.5,no,no,cellular,12,feb,666,4,-1,0,unknown,yes
45,retired,married,secondary,no,2074.5,yes,no,unknown,27,may,269,2,-1,0,unknown,no
42,management,married,tertiary,no,4000.5,yes,no,cellular,4,mar,251,1,181,4,failure,yes
63,technician,married,secondary,no,0.0,no,no,cellular,19,nov,291,1,-1,0,unknown,no
43,blue-collar,married,primary,no,-238.5,yes,no,unknown,27,may,332,1,-1,0,unknown,no
41,self-employed,married,secondary,no,3229.5,yes,no,cellular,11,may,239,3,172,1,failure,no
54,retired,married,tertiary,no,2446.5,yes,no,cellular,17,nov,81,1,195,2,failure,no
45,retired,married,unknown,no,84.0,yes,no,unknown,3,jun,130,1,-1,0,unknown,no
55,blue-collar,married,secondary,no,1504.5,yes,no,cellular,14,may,444,1,-1,0,unknown,no
40,self-employed,single,tertiary,no,5014.5,no,no,cellular,1,jun,235,1,-1,0,unknown,yes
48,management,single,tertiary,no,934.5,no,no,cellular,28,jun,297,4,144,4,other,yes
41,admin.,divorced,secondary,no,787.5,no,yes,telephone,19,nov,278,7,-1,0,unknown,no
42,technician,married,secondary,no,714.0,yes,no,cellular,22,jul,503,7,-1,0,unknown,no
55,technician,divorced,tertiary,no,16152.0,yes,no,cellular,16,mar,104,2,-1,0,unknown,no
50,technician,divorced,secondary,no,1050.0,yes,yes,cellular,18,jul,503,2,-1,0,unknown,no
65,technician,married,tertiary,no,3768.0,yes,no,unknown,17,jun,166,1,-1,0,unknown,no
54,retired,married,secondary,no,475.5,yes,yes,unknown,1,jun,4,1,-1,0,unknown,no
43,retired,married,tertiary,no,3259.5,yes,no,cellular,15,apr,871,1,-1,0,unknown,no
36,blue-collar,single,secondary,no,2703.0,yes,no,unknown,3,jun,28,19,-1,0,unknown,no
50,retired,married,tertiary,no,243.0,no,no,cellular,7,aug,256,3,-1,0,unknown,no
40,services,married,secondary,no,2701.5,yes,no,unknown,8,may,807,2,-1,0,unknown,no
43,management,single,tertiary,no,10626.0,no,no,cellular,27,aug,512,8,-1,0,unknown,yes
46,admin.,divorced,secondary,no,814.5,yes,no,cellular,11,may,66,3,-1,0,unknown,no
49,retired,married,secondary,no,-219.0,yes,yes,cellular,20,aug,239,2,-1,0,unknown,no
53,admin.,married,secondary,no,1008.0,yes,no,unknown,20,jun,14,6,-1,0,unknown,no
36,management,single,secondary,no,3919.5,no,no,cellular,1,jun,326,1,-1,0,unknown,yes
65,services,divorced,secondary,no,136.5,no,no,unknown,5,may,349,1,-1,0,unknown,no
45,management,single,tertiary,no,595.5,yes,no,cellular,17,apr,594,1,-1,0,unknown,yes
67,retired,married,secondary,no,6547.5,no,no,cellular,11,aug,491,1,-1,0,unknown,no
52,blue-collar,married,unknown,no,4359.0,no,no,cellular,20,nov,350,1,-1,0,unknown,no
39,technician,single,secondary,no,421.5,yes,no,cellular,7,may,340,1,-1,0,unknown,no
64,services,married,secondary,no,579.0,yes,no,cellular,2,aug,155,2,-1,0,unknown,no
50,entrepreneur,married,secondary,no,-187.5,no,yes,cellular,31,jul,369,5,-1,0,unknown,no
53,retired,single,primary,no,210.0,no,yes,telephone,9,jul,52,1,-1,0,unknown,no
61,technician,married,tertiary,no,2020.5,yes,yes,cellular,10,feb,160,1,243,1,failure,yes
46,retired,married,secondary,no,1810.5,yes,no,cellular,19,nov,1792,2,-1,0,unknown,yes
55,self-employed,married,secondary,no,0.0,no,no,cellular,18,aug,249,6,-1,0,unknown,no
48,blue-collar,single,secondary,no,3633.0,yes,no,cellular,1,apr,257,2,-1,0,unknown,no
48,blue-collar,single,secondary,no,6.0,yes,no,unknown,2,jun,129,1,-1,0,unknown,no
57,self-employed,married,unknown,no,21.0,yes,no,cellular,15,may,142,1,-1,0,unknown,no
41,unemployed,single,secondary,no,12456.0,no,no,cellular,20,oct,164,1,183,1,failure,no
63,technician,single,secondary,no,-247.5,yes,no,cellular,9,jul,89,1,-1,0,unknown,no
60,blue-collar,married,secondary,no,126.0,yes,no,cellular,17,jul,18,8,-1,0,unknown,no
67,retired,married,primary,no,0.0,no,no,unknown,9,jun,73,2,-1,0,unknown,no
56,retired,married,secondary,no,250.5,no,no,cellular,19,aug,155,3,-1,0,unknown,no
60,technician,married,tertiary,no,4407.0,yes,no,unknown,15,may,170,5,-1,0,unknown,no
42,technician,single,tertiary,no,1869.0,yes,no,cellular,30,apr,509,1,85,2,success,yes
37,student,single,secondary,no,36.0,yes,no,cellular,17,jul,320,2,-1,0,unknown,no
60,management,married,tertiary,no,894.0,no,no,cellular,29,jul,106,2,-1,0,unknown,no
43,management,single,tertiary,no,2295.0,no,no,cellular,28,aug,88,25,-1,0,unknown,no
55,technician,married,primary,no,9802.5,no,no,cellular,30,jul,639,2,-1,0,unknown,no
40,technician,married,secondary,no,1516.5,yes,no,unknown,16,may,109,1,-1,0,unknown,no
41,blue-collar,married,primary,no,4510.5,yes,no,unknown,9,may,283,1,-1,0,unknown,no
76,admin.,divorced,secondary,no,330.0,no,no,cellular,28,aug,283,1,-1,0,unknown,no
41,management,single,tertiary,no,925.5,no,no,cellular,4,jun,1161,1,97,2,success,yes
48,retired,single,secondary,no,0.0,no,no,unknown,1,mar,10,1,-1,0,unknown,no
74,retired,married,secondary,no,1830.0,no,no,cellular,5,mar,84,1,88,1,failure,no
54,technician,divorced,secondary,no,474.0,yes,no,cellular,21,jul,163,3,-1,0,unknown,no
43,retired,married,secondary,no,1816.5,no,no,cellular,11,feb,535,1,188,1,success,yes
67,management,married,tertiary,no,1977.0,no,no,cellular,18,jan,91,2,94,3,success,no
36,self-employed,single,tertiary,no,4285.5,no,no,cellular,3,jul,446,1,-1,0,unknown,yes
38,admin.,single,secondary,no,2763.0,yes,no,cellular,4,may,92,2,-1,0,unknown,no
58,blue-collar,married,primary,no,892.5,no,no,cellular,24,jul,464,1,-1,0,unknown,no
68,technician,married,secondary,no,0.0,yes,no,cellular,15,jul,53,1,-1,0,unknown,no
37,services,single,secondary,no,-226.5,no,no,cellular,8,jul,283,2,-1,0,unknown,no
42,management,single,secondary,no,1374.0,yes,no,unknown,16,may,381,2,-1,0,unknown,no
60,admin.,divorced,secondary,no,-291.0,yes,no,cellular,13,apr,238,2,-1,0,unknown,no
48,blue-collar,divorced,secondary,no,3072.0,no,yes,cellular,14,may,123,1,-1,0,unknown,no
58,management,married,unknown,no,897.0,no,no,unknown,9,jun,152,2,-1,0,unknown,no
53,technician,married,secondary,no,412.5,no,no,cellular,25,aug,69,6,-1,0,unknown,no
46,technician,married,secondary,no,8853.0,yes,no,unknown,23,may,219,4,-1,0,unknown,no
55,unemployed,divorced,primary,no,1135.5,no,no,cellular,20,apr,103,1,325,4,failure,no
41,management,married,tertiary,no,1188.0,no,no,cellular,20,aug,763,14,-1,0,unknown,yes
39,technician,single,tertiary,no,922.5,yes,no,cellular,18,may,373,1,-1,0,unknown,yes
40,management,single,tertiary,no,20644.5,no,no,cellular,18,aug,313,3,-1,0,unknown,no
47,entrepreneur,single,secondary,no,-33.0,yes,no,cellular,15,may,317,1,-1,0,unknown,yes
57,blue-collar,married,secondary,no,4557.0,yes,no,cellular,14,jul,151,2,-1,0,unknown,no
43,admin.,single,tertiary,no,0.0,no,no,cellular,26,jan,93,1,-1,0,unknown,no
43,retired,married,secondary,no,0.0,no,no,cellular,21,jul,47,2,-1,0,unknown,no
33,technician,single,unknown,no,471.0,no,no,cellular,30,apr,666,1,-1,0,unknown,no
50,admin.,married,secondary,no,0.0,no,no,cellular,28,jul,496,2,182,11,success,yes
62,services,single,secondary,no,2715.0,no,no,telephone,19,nov,117,1,-1,0,unknown,no
40,blue-collar,married,secondary,no,463.5,yes,no,unknown,7,may,1574,2,-1,0,unknown,yes
56,blue-collar,married,secondary,no,316.5,yes,no,cellular,14,jul,36,2,-1,0,unknown,no
39,unemployed,married,tertiary,no,361.5,no,no,cellular,5,feb,7,5,-1,0,unknown,no
40,blue-collar,single,secondary,no,0.0,no,no,cellular,15,jul,716,3,-1,0,unknown,yes
54,admin.,divorced,secondary,no,73.5,yes,no,cellular,6,may,155,2,-1,0,unknown,no
45,technician,married,secondary,no,141.0,yes,yes,unknown,14,may,208,5,-1,0,unknown,no
37,student,single,tertiary,no,7936.5,no,no,cellular,12,nov,192,2,92,2,failure,yes
67,retired,married,primary,no,-256.5,yes,no,unknown,3,jun,397,2,-1,0,unknown,no
46,blue-collar,married,secondary,no,0.0,yes,no,cellular,8,may,113,1,-1,0,unknown,no
60,housemaid,divorced,secondary,no,141.0,yes,no,cellular,22,jul,184,4,-1,0,unknown,no
49,admin.,married,secondary,no,156.0,yes,no,unknown,6,may,412,1,-1,0,unknown,no
44,services,married,secondary,no,132.0,yes,yes,unknown,29,may,82,2,-1,0,unknown,no
49,retired,married,secondary,no,466.5,no,no,cellular,14,aug,240,2,-1,0,unknown,no
70,blue-collar,married,secondary,no,2149.5,no,no,cellular,8,aug,124,4,-1,0,unknown,no
66,retired,married,tertiary,no,982.5,yes,yes,cellular,8,apr,326,1,-1,0,unknown,no
47,retired,married,secondary,no,217.5,yes,no,telephone,22,jul,74,13,-1,0,unknown,no
68,management,divorced,tertiary,no,162.0,no,no,cellular,12,aug,231,4,-1,0,unknown,no
37,technician,married,secondary,no,3690.0,yes,no,cellular,15,may,600,2,-1,0,unknown,no
58,blue-collar,married,secondary,no,231.0,yes,no,unknown,27,may,70,3,-1,0,unknown,no
67,blue-collar,married,secondary,no,8923.5,yes,no,cellular,8,apr,123,1,-1,0,unknown,no
41,management,married,tertiary,no,535.5,yes,no,cellular,28,aug,104,5,-1,0,unknown,no
42,management,divorced,tertiary,no,795.0,yes,no,cellular,29,jan,131,1,127,3,failure,no
52,services,married,secondary,no,3217.5,no,no,cellular,20,nov,124,3,-1,0,unknown,no
44,technician,married,secondary,no,1008.0,no,no,cellular,23,jul,158,3,-1,0,unknown,no
40,blue-collar,married,secondary,no,3120.0,yes,no,unknown,23,may,466,2,-1,0,unknown,no
59,retired,married,tertiary,no,-1332.0,no,yes,cellular,21,jul,298,1,-1,0,unknown,no
45,technician,single,secondary,no,450.0,yes,no,unknown,9,may,338,4,-1,0,unknown,no
48,admin.,married,secondary,no,69.0,yes,yes,unknown,6,may,195,1,-1,0,unknown,no
60,technician,married,tertiary,no,0.0,no,yes,cellular,6,jul,257,1,85,7,failure,no
47,retired,married,secondary,yes,-214.5,yes,no,cellular,4,feb,95,1,-1,0,unknown,no
52,blue-collar,married,secondary,no,268.5,yes,no,cellular,17,nov,96,1,-1,0,unknown,no
35,retired,single,tertiary,no,1905.0,yes,no,unknown,13,may,124,2,-1,0,unknown,no
42,technician,married,secondary,no,0.0,no,no,cellular,19,aug,87,1,-1,0,unknown,no
37,services,single,secondary,no,679.5,no,no,cellular,19,apr,142,2,-1,0,unknown,yes
37,admin.,single,secondary,no,2086.5,yes,no,unknown,27,may,319,1,-1,0,unknown,no
58,services,married,unknown,no,1732.5,yes,no,unknown,16,may,557,4,-1,0,unknown,no
40,retired,married,tertiary,no,106.5,yes,no,cellular,25,jul,800,2,-1,0,unknown,no
39,management,married,tertiary,no,930.0,yes,no,unknown,18,jun,72,3,-1,0,unknown,no
48,blue-collar,married,primary,no,2518.5,yes,no,unknown,20,jun,21,18,-1,0,unknown,no
84,retired,married,primary,no,6429.0,no,no,cellular,30,sep,195,1,-1,0,unknown,no
47,blue-collar,married,primary,no,322.5,yes,yes,unknown,6,may,308,3,-1,0,unknown,no
64,blue-collar,married,secondary,no,387.0,no,no,telephone,25,may,86,1,88,1,failure,no
48,entrepreneur,single,tertiary,no,364.5,no,yes,unknown,5,may,174,1,-1,0,unknown,no
42,management,divorced,secondary,no,-528.0,no,yes,cellular,6,aug,275,5,-1,0,unknown,no
47,technician,married,secondary,no,2560.5,yes,no,cellular,26,jul,546,2,784,3,failure,yes
69,blue-collar,divorced,primary,no,1483.5,no,no,cellular,20,jul,125,2,-1,0,unknown,yes
46,unemployed,single,tertiary,no,331.5,no,no,cellular,3,feb,225,4,-1,0,unknown,no
38,blue-collar,married,secondary,no,1084.5,yes,yes,unknown,5,may,262,1,-1,0,unknown,no
52,management,married,secondary,no,7965.0,yes,no,cellular,25,nov,968,2,97,4,success,yes
66,retired,married,secondary,no,1129.5,no,yes,cellular,6,aug,314,6,-1,0,unknown,no
46,retired,divorced,secondary,no,160.5,yes,no,cellular,31,jul,134,2,-1,0,unknown,no
52,unemployed,divorced,primary,no,2548.5,no,yes,cellular,17,jul,207,2,-1,0,unknown,no
41,technician,single,secondary,no,1294.5,yes,no,cellular,3,feb,146,1,263,5,success,no
40,management,single,secondary,no,403.5,no,yes,cellular,7,jul,1165,2,-1,0,unknown,no
42,technician,married,secondary,no,118.5,yes,no,cellular,25,aug,417,4,-1,0,unknown,no
51,admin.,married,secondary,no,6808.5,no,no,unknown,30,may,298,3,-1,0,unknown,no
48,technician,single,secondary,no,466.5,yes,no,cellular,28,may,61,2,-1,0,unknown,no
35,technician,single,tertiary,no,276.0,yes,yes,cellular,20,apr,401,1,-1,0,unknown,no
41,blue-collar,married,primary,no,394.5,yes,no,cellular,18,may,75,4,-1,0,unknown,no
64,blue-collar,married,secondary,no,229.5,no,no,unknown,20,jun,7,12,-1,0,unknown,no
48,admin.,married,secondary,no,-750.0,no,yes,cellular,2,feb,67,1,195,5,other,no
45,blue-collar,married,secondary,no,-919.5,yes,no,unknown,16,may,754,1,-1,0,unknown,no
71,retired,married,primary,no,5607.0,no,no,telephone,6,feb,188,1,-1,0,unknown,no
38,blue-collar,married,primary,no,417.0,yes,yes,telephone,15,may,31,9,373,4,other,no
46,unemployed,married,secondary,no,0.0,no,no,cellular,6,feb,409,1,-1,0,unknown,no
70,services,married,secondary,no,4287.0,no,no,cellular,14,aug,155,2,-1,0,unknown,no
49,management,married,tertiary,no,1635.0,yes,no,cellular,14,may,11,5,-1,0,unknown,no
47,management,married,tertiary,no,96.0,no,no,cellular,7,may,219,1,295,1,failure,no
45,blue-collar,divorced,secondary,no,2670.0,yes,no,cellular,15,may,306,3,347,9,failure,no
48,admin.,divorced,secondary,no,-318.0,yes,no,unknown,27,may,78,2,-1,0,unknown,no
33,student,single,secondary,no,834.0,yes,no,cellular,15,may,170,2,-1,0,unknown,no
52,management,single,tertiary,no,772.5,yes,no,cellular,19,nov,501,2,-1,0,unknown,no
41,admin.,divorced,secondary,no,3441.0,yes,no,unknown,21,may,96,2,-1,0,unknown,no
46,technician,single,tertiary,no,459.0,no,no,cellular,14,aug,111,2,-1,0,unknown,no
51,admin.,married,secondary,no,237.0,yes,no,cellular,1,oct,250,2,120,4,other,no
42,blue-collar,married,primary,no,58.5,yes,no,cellular,7,may,128,1,-1,0,unknown,no
39,blue-collar,married,primary,no,223.5,yes,no,cellular,15,may,242,2,-1,0,unknown,no
36,retired,single,tertiary,no,11442.0,no,no,cellular,1,apr,263,1,-1,0,unknown,no
64,self-employed,divorced,primary,no,526.5,yes,no,unknown,6,jun,642,2,-1,0,unknown,yes
66,retired,married,unknown,no,342.0,yes,no,unknown,28,may,296,1,-1,0,unknown,no
35,management,single,tertiary,no,2022.0,yes,no,unknown,8,may,109,1,-1,0,unknown,no
68,retired,married,secondary,no,8284.5,no,no,unknown,20,jun,141,1,-1,0,unknown,no
78,retired,married,primary,no,0.0,no,no,telephone,15,jan,814,1,-1,0,unknown,no
31,admin.,single,secondary,no,99.0,yes,no,cellular,15,may,31,1,330,2,failure,no
68,management,married,tertiary,no,0.0,no,no,cellular,14,sep,358,2,-1,0,unknown,yes
45,management,married,tertiary,no,0.0,no,no,cellular,26,aug,436,2,-1,0,unknown,no
66,retired,married,secondary,yes,151.5,no,yes,unknown,19,jun,330,1,-1,0,unknown,no
33,student,single,secondary,no,3618.0,yes,no,cellular,11,may,239,5,367,2,failure,no
50,technician,married,secondary,no,9165.0,yes,no,unknown,16,may,217,1,-1,0,unknown,no
42,management,single,tertiary,no,4645.5,yes,no,cellular,20,nov,167,1,-1,0,unknown,no
58,technician,married,secondary,no,502.5,no,no,unknown,17,jun,214,3,-1,0,unknown,no
39,technician,single,tertiary,no,292.5,yes,yes,cellular,6,feb,210,16,-1,0,unknown,no
45,blue-collar,married,primary,no,682.5,yes,no,cellular,13,may,573,7,327,3,failure,no
66,blue-collar,married,secondary,no,4125.0,no,no,cellular,11,aug,115,2,-1,0,unknown,no
45,technician,married,secondary,no,2046.0,yes,yes,cellular,20,apr,25,2,-1,0,unknown,no
49,management,single,tertiary,no,330.0,yes,no,unknown,8,may,87,2,-1,0,unknown,no
50,management,married,tertiary,no,-6.0,yes,no,unknown,5,may,2033,1,-1,0,unknown,no
65,blue-collar,single,secondary,no,1780.5,yes,no,unknown,2,jun,193,2,-1,0,unknown,no
57,retired,married,unknown,no,2490.0,no,no,cellular,7,aug,187,2,-1,0,unknown,no
33,services,married,primary,no,784.5,yes,yes,unknown,19,may,249,2,-1,0,unknown,no
38,services,single,secondary,no,331.5,yes,no,cellular,15,may,256,1,-1,0,unknown,no
92,retired,divorced,secondary,no,0.0,no,no,telephone,15,mar,506,2,195,1,other,yes
66,technician,married,secondary,no,91.5,no,yes,cellular,8,jul,75,1,-1,0,unknown,no
61,blue-collar,married,primary,no,4492.5,yes,no,unknown,11,jun,93,2,-1,0,unknown,no
42,retired,married,secondary,no,0.0,yes,no,cellular,30,apr,177,2,-1,0,unknown,yes
58,admin.,married,secondary,no,990.0,no,no,cellular,18,feb,318,1,561,2,success,yes
43,blue-collar,married,primary,no,5268.0,yes,no,unknown,20,may,697,2,-1,0,unknown,no
72,self-employed,divorced,tertiary,no,9.0,yes,no,cellular,13,oct,216,1,183,4,success,yes
60,admin.,married,secondary,no,4887.0,no,yes,cellular,14,jul,56,2,-1,0,unknown,no
44,management,single,tertiary,no,375.0,no,no,cellular,26,aug,64,2,-1,0,unknown,no
53,admin.,married,secondary,no,1830.0,yes,no,cellular,20,apr,349,2,339,1,other,no
42,blue-collar,married,secondary,no,-94.5,yes,no,unknown,30,may,198,1,-1,0,unknown,no
53,admin.,married,secondary,yes,-306.0,yes,no,unknown,26,may,163,2,-1,0,unknown,no
67,retired,single,secondary,no,2460.0,no,yes,unknown,6,may,204,4,-1,0,unknown,no
34,student,single,secondary,no,35817.0,no,no,cellular,18,feb,185,1,-1,0,unknown,yes
44,admin.,single,secondary,no,1338.0,yes,no,cellular,21,nov,177,2,184,1,failure,no
45,technician,married,secondary,no,1638.0,no,no,cellular,18,may,132,1,360,1,failure,no
48,retired,married,secondary,no,2940.0,yes,no,cellular,21,aug,161,2,-1,0,unknown,no
64,blue-collar,single,unknown,no,9933.0,no,no,unknown,17,jun,83,1,-1,0,unknown,no
56,blue-collar,married,primary,no,3177.0,no,no,telephone,14,aug,64,2,-1,0,unknown,no
47,retired,married,tertiary,no,4932.0,no,no,cellular,8,aug,124,2,-1,0,unknown,no
48,blue-collar,single,secondary,no,0.0,no,no,cellular,27,oct,297,1,75,3,failure,yes
51,retired,married,secondary,no,1206.0,yes,no,unknown,20,may,127,8,-1,0,unknown,no
44,technician,single,secondary,no,1969.5,no,no,cellular,19,apr,237,4,-1,0,unknown,no
53,blue-collar,married,secondary,no,1375.5,yes,no,cellular,8,may,87,2,-1,0,unknown,no
59,admin.,divorced,secondary,no,1156.5,yes,no,cellular,21,nov,264,2,172,1,failure,no
62,management,married,tertiary,no,436.5,no,no,cellular,21,aug,150,3,-1,0,unknown,no
57,blue-collar,married,primary,no,456.0,yes,no,unknown,12,may,185,1,-1,0,unknown,no
43,student,married,secondary,no,2304.0,no,no,cellular,6,aug,258,2,178,4,success,yes
67,retired,married,unknown,no,345.0,no,no,cellular,6,apr,177,2,210,3,failure,yes
51,blue-collar,single,secondary,no,2473.5,yes,no,unknown,16,may,312,3,-1,0,unknown,no
37,technician,married,secondary,no,475.5,yes,yes,cellular,15,may,1286,1,-1,0,unknown,no
66,retired,married,primary,no,1705.5,no,no,telephone,12,oct,99,3,102,1,success,no
44,management,single,tertiary,no,1057.5,yes,no,cellular,6,may,458,3,-1,0,unknown,no
56,management,single,tertiary,no,979.5,no,yes,cellular,21,nov,104,1,-1,0,unknown,no
64,blue-collar,married,secondary,no,4503.0,no,no,cellular,13,aug,110,4,-1,0,unknown,no
44,technician,married,primary,no,1389.0,yes,yes,unknown,2,jun,142,2,-1,0,unknown,no
53,blue-collar,married,secondary,no,1000.5,yes,no,unknown,7,may,228,3,-1,0,unknown,no
45,retired,married,secondary,no,268.5,no,yes,cellular,20,aug,82,2,-1,0,unknown,no
46,entrepreneur,single,secondary,no,1299.0,yes,no,cellular,11,may,629,1,173,1,failure,yes
46,unemployed,single,secondary,no,2709.0,yes,no,cellular,11,may,111,6,-1,0,unknown,no
49,self-employed,married,tertiary,no,190.5,no,no,cellular,22,jul,77,1,-1,0,unknown,no
52,technician,married,secondary,no,1107.0,no,no,unknown,20,jun,20,3,-1,0,unknown,no
40,management,single,tertiary,no,552.0,yes,no,cellular,12,aug,241,2,-1,0,unknown,no
46,unemployed,married,secondary,no,528.0,yes,no,cellular,4,jun,94,2,-1,0,unknown,no
39,blue-collar,single,secondary,no,-30.0,yes,no,unknown,29,may,814,2,-1,0,unknown,yes
40,technician,married,secondary,no,63.0,no,no,cellular,28,aug,140,3,-1,0,unknown,no
54,blue-collar,married,secondary,no,5022.0,no,yes,cellular,24,jul,504,2,-1,0,unknown,no
43,blue-collar,married,secondary,no,456.0,yes,no,unknown,13,may,139,2,-1,0,unknown,no
57,self-employed,married,unknown,no,1402.5,yes,no,unknown,6,may,225,1,-1,0,unknown,no
51,management,married,tertiary,no,1798.5,yes,no,cellular,18,nov,286,1,-1,0,unknown,no
46,management,married,unknown,no,0.0,no,no,unknown,5,jun,131,1,-1,0,unknown,no
45,retired,married,tertiary,no,2587.5,yes,yes,cellular,8,apr,180,2,254,7,failure,no
48,unemployed,married,secondary,no,2406.0,no,no,unknown,20,jun,1276,1,-1,0,unknown,no
47,management,married,tertiary,no,1641.0,yes,no,cellular,15,jul,101,2,-1,0,unknown,no
51,self-employed,single,tertiary,no,2424.0,no,no,telephone,28,jan,229,1,184,7,success,no
62,management,divorced,tertiary,no,1360.5,yes,no,unknown,4,jun,104,2,-1,0,unknown,no
38,management,single,tertiary,no,9481.5,yes,no,unknown,2,jun,204,5,-1,0,unknown,no
38,management,single,secondary,no,-769.5,no,yes,cellular,29,jul,95,8,-1,0,unknown,no
42,management,single,tertiary,no,18910.5,no,no,cellular,14,aug,203,5,84,1,failure,no
49,blue-collar,married,secondary,no,-330.0,yes,no,cellular,14,may,282,1,352,2,failure,no
45,entrepreneur,married,primary,no,0.0,no,yes,telephone,21,nov,26,10,-1,0,unknown,no
43,admin.,married,secondary,no,3702.0,yes,yes,cellular,6,may,84,1,282,4,failure,no
65,services,married,secondary,no,4485.0,yes,no,cellular,17,apr,83,1,-1,0,unknown,no
63,blue-collar,married,secondary,no,3346.5,yes,no,cellular,14,jul,272,3,-1,0,unknown,no
55,admin.,divorced,secondary,no,1476.0,yes,no,unknown,8,may,298,5,-1,0,unknown,no
44,management,married,tertiary,no,2242.5,yes,no,cellular,7,may,50,1,-1,0,unknown,no
42,blue-collar,married,primary,no,2256.0,yes,no,cellular,17,apr,131,2,-1,0,unknown,no
34,admin.,single,secondary,no,760.5,yes,no,unknown,13,may,210,3,-1,0,unknown,no
54,management,married,primary,no,8127.0,yes,yes,cellular,29,jan,188,1,185,5,failure,no
36,blue-collar,married,secondary,no,367.5,yes,no,unknown,28,may,146,2,-1,0,unknown,no
53,admin.,married,tertiary,no,418.5,yes,no,cellular,17,nov,111,1,-1,0,unknown,no
44,retired,married,secondary,no,75.0,no,no,cellular,11,aug,106,3,-1,0,unknown,no
39,blue-collar,divorced,unknown,no,151.5,yes,no,cellular,18,may,295,2,355,4,failure,no
68,blue-collar,married,secondary,no,0.0,no,no,unknown,5,jun,267,2,-1,0,unknown,no
44,technician,married,secondary,no,870.0,yes,no,cellular,15,may,88,1,-1,0,unknown,no
68,retired,married,primary,no,6237.0,no,no,cellular,13,aug,455,2,-1,0,unknown,yes
61,retired,divorced,secondary,no,3292.5,yes,no,unknown,13,may,59,1,-1,0,unknown,no
36,blue-collar,single,secondary,yes,-34.5,yes,no,unknown,12,may,315,1,-1,0,unknown,no
38,services,single,secondary,no,177.0,yes,yes,cellular,15,may,376,3,368,1,failure,no
48,services,single,secondary,no,0.0,yes,no,unknown,27,may,166,2,-1,0,unknown,no
42,management,single,tertiary,no,2613.0,no,no,unknown,5,jun,231,2,-1,0,unknown,no
69,retired,married,tertiary,no,633.0,yes,no,cellular,14,may,647,4,-1,0,unknown,yes
42,self-employed,married,secondary,yes,13.5,no,no,cellular,21,aug,331,2,-1,0,unknown,no
38,blue-collar,married,secondary,no,1011.0,yes,no,telephone,20,apr,22,1,-1,0,unknown,no
51,management,married,tertiary,no,22.5,no,no,unknown,20,jun,13,5,-1,0,unknown,no
61,technician,divorced,tertiary,no,544.5,yes,no,unknown,7,jan,7,1,-1,0,unknown,no
38,blue-collar,single,secondary,no,682.5,yes,no,cellular,11,jul,166,1,-1,0,unknown,no
65,retired,married,secondary,no,115.5,yes,no,unknown,23,jun,364,2,-1,0,unknown,no
43,blue-collar,married,secondary,no,-519.0,yes,yes,unknown,23,may,29,3,-1,0,unknown,no
51,blue-collar,married,secondary,no,210.0,yes,no,cellular,29,jan,636,2,-1,0,unknown,no
40,technician,single,secondary,no,414.0,no,yes,cellular,25,aug,159,5,-1,0,unknown,no
44,management,married,tertiary,no,2008.5,no,no,cellular,20,aug,255,8,-1,0,unknown,no
51,technician,single,secondary,no,1318.5,no,yes,cellular,7,jul,60,4,-1,0,unknown,no
53,management,divorced,secondary,no,2080.5,no,no,telephone,23,jul,296,2,-1,0,unknown,no
65,housemaid,married,primary,no,2805.0,no,no,unknown,6,jun,152,1,-1,0,unknown,no
53,services,divorced,secondary,no,1564.5,yes,no,cellular,17,nov,57,4,119,3,failure,no
50,blue-collar,married,secondary,no,459.0,yes,no,unknown,7,may,184,2,-1,0,unknown,no
61,blue-collar,married,primary,no,2236.5,yes,no,unknown,29,may,206,3,-1,0,unknown,no
41,management,single,tertiary,no,799.5,no,no,cellular,11,feb,144,1,91,9,success,yes
66,services,divorced,secondary,no,286.5,no,no,cellular,23,jul,335,3,-1,0,unknown,no
67,technician,married,secondary,no,1425.0,yes,no,cellular,9,jul,1272,1,-1,0,unknown,no
54,blue-collar,married,secondary,no,1003.5,yes,no,cellular,13,may,15,7,-1,0,unknown,no
46,unemployed,single,primary,no,0.0,no,no,telephone,20,nov,47,3,-1,0,unknown,no
65,management,married,tertiary,no,354.0,no,no,cellular,4,aug,200,1,-1,0,unknown,no
40,blue-collar,single,unknown,no,-855.0,yes,no,cellular,31,jul,12,22,-1,0,unknown,no
65,management,divorced,tertiary,no,669.0,no,no,cellular,2,feb,159,1,-1,0,unknown,no
46,blue-collar,married,primary,no,613.5,yes,no,unknown,11,jun,81,3,-1,0,unknown,no
67,management,married,tertiary,no,618.0,no,no,cellular,20,nov,123,1,-1,0,unknown,no
47,technician,single,secondary,no,642.0,yes,no,unknown,30,may,107,1,-1,0,unknown,no
59,blue-collar,married,primary,no,0.0,yes,no,unknown,6,jun,286,2,-1,0,unknown,no
47,retired,single,tertiary,no,682.5,yes,no,cellular,13,aug,904,6,-1,0,unknown,yes
53,management,married,tertiary,yes,0.0,no,no,cellular,27,aug,25,19,-1,0,unknown,no
62,management,married,tertiary,no,1597.5,yes,yes,cellular,21,nov,224,2,175,1,failure,no
61,blue-collar,divorced,primary,no,55.5,yes,no,cellular,13,may,341,1,-1,0,unknown,no
62,services,married,tertiary,no,4641.0,yes,no,cellular,17,nov,96,1,-1,0,unknown,no
59,retired,married,secondary,no,2184.0,no,no,cellular,12,aug,225,4,-1,0,unknown,no
53,retired,married,secondary,no,2236.5,no,no,telephone,14,jul,105,3,-1,0,unknown,no
49,retired,married,primary,no,0.0,no,no,unknown,29,may,191,5,-1,0,unknown,no
57,technician,married,secondary,no,453.0,yes,no,unknown,20,jun,89,3,-1,0,unknown,no
43,retired,single,tertiary,no,10210.5,no,no,cellular,20,apr,163,1,-1,0,unknown,yes
59,entrepreneur,married,tertiary,no,469.5,yes,no,cellular,17,nov,42,2,188,2,failure,no
33,technician,married,secondary,no,12381.0,yes,no,unknown,29,may,409,3,-1,0,unknown,no
42,management,single,tertiary,no,15421.5,no,no,cellular,22,apr,400,1,-1,0,unknown,yes
58,unknown,married,unknown,no,4.5,no,no,cellular,19,aug,104,2,-1,0,unknown,no
63,self-employed,divorced,tertiary,yes,15.0,no,no,cellular,20,nov,75,3,-1,0,unknown,no
54,retired,single,tertiary,no,925.5,no,no,telephone,31,jul,30,2,-1,0,unknown,no
48,retired,married,secondary,yes,22.5,yes,no,cellular,10,jul,121,1,-1,0,unknown,no
44,admin.,married,primary,no,618.0,yes,no,cellular,30,jul,134,2,-1,0,unknown,no
40,blue-collar,married,primary,no,397.5,yes,yes,unknown,9,may,380,1,-1,0,unknown,no
41,management,married,tertiary,no,819.0,no,no,cellular,7,aug,147,2,-1,0,unknown,no
42,blue-collar,single,secondary,no,592.5,yes,yes,cellular,20,apr,339,1,-1,0,unknown,no
69,retired,married,secondary,no,1111.5,no,no,cellular,19,nov,194,2,152,2,failure,no
62,blue-collar,married,secondary,no,49.5,no,yes,cellular,13,may,204,1,331,3,success,no
44,technician,married,tertiary,no,295.5,no,no,cellular,20,aug,78,3,-1,0,unknown,yes
37,blue-collar,single,tertiary,no,966.0,no,no,cellular,2,jun,657,1,182,1,success,yes
39,management,single,tertiary,no,19.5,yes,no,cellular,15,may,26,6,-1,0,unknown,no
36,blue-collar,single,primary,no,-52.5,no,no,cellular,16,jul,243,1,-1,0,unknown,no
56,blue-collar,married,primary,no,8191.5,yes,no,cellular,13,may,562,2,174,2,success,no
63,retired,married,tertiary,no,274.5,yes,no,unknown,15,may,73,1,-1,0,unknown,no
42,management,single,tertiary,no,2949.0,no,no,cellular,18,aug,176,3,-1,0,unknown,no
36,blue-collar,single,secondary,no,7.5,no,no,telephone,8,jul,54,3,-1,0,unknown,no
41,management,married,tertiary,no,690.0,yes,no,unknown,22,jan,23,1,-1,0,unknown,no
63,blue-collar,married,secondary,no,8404.5,no,no,cellular,28,aug,2372,6,-1,0,unknown,yes
50,technician,single,secondary,no,423.0,yes,no,cellular,14,aug,70,4,-1,0,unknown,no
42,management,married,tertiary,no,-36.0,yes,no,unknown,12,may,93,4,-1,0,unknown,no
69,retired,married,secondary,no,-72.0,yes,no,unknown,27,may,224,1,-1,0,unknown,no
44,blue-collar,married,secondary,no,3205.5,no,no,unknown,9,may,245,4,-1,0,unknown,no
43,retired,single,secondary,no,1989.0,no,yes,cellular,7,jul,164,2,-1,0,unknown,no
45,technician,married,secondary,no,1084.5,no,no,cellular,2,feb,324,1,-1,0,unknown,no
60,management,married,tertiary,no,1173.0,no,no,cellular,16,jul,335,1,-1,0,unknown,no
44,admin.,single,secondary,no,0.0,yes,no,cellular,2,jun,189,2,-1,0,unknown,no
61,technician,divorced,secondary,no,64.5,no,no,cellular,30,jul,220,2,-1,0,unknown,no
63,admin.,married,primary,no,0.0,yes,no,cellular,8,may,86,1,298,3,failure,no
43,management,married,tertiary,no,1452.0,no,yes,cellular,28,aug,95,10,-1,0,unknown,no
41,entrepreneur,single,tertiary,no,2181.0,no,no,cellular,17,nov,377,1,-1,0,unknown,no
31,student,single,secondary,no,184.5,no,no,telephone,11,nov,513,1,91,1,success,yes
64,technician,divorced,secondary,no,-16.5,yes,no,cellular,12,may,168,4,-1,0,unknown,no
43,services,single,secondary,no,280.5,yes,no,cellular,20,apr,168,3,326,1,failure,no
39,housemaid,single,tertiary,no,28.5,no,no,cellular,5,feb,110,2,64,2,success,yes
41,retired,single,secondary,no,81.0,no,no,unknown,18,jun,230,3,-1,0,unknown,no
55,management,married,tertiary,no,6592.5,no,no,cellular,19,nov,299,3,-1,0,unknown,no
63,retired,divorced,primary,no,352.5,no,no,cellular,30,jul,241,2,-1,0,unknown,no
53,blue-collar,divorced,secondary,no,492.0,no,yes,cellular,8,jul,192,1,-1,0,unknown,no
82,retired,married,secondary,no,8572.5,no,no,cellular,17,may,1114,1,181,2,success,yes
38,student,single,unknown,no,117.0,no,no,cellular,4,dec,232,3,310,2,failure,yes
37,services,single,secondary,no,1192.5,no,no,cellular,6,feb,101,3,-1,0,unknown,no
48,entrepreneur,single,secondary,no,709.5,yes,yes,unknown,30,may,133,4,-1,0,unknown,no
47,retired,married,secondary,no,-462.0,yes,no,cellular,13,may,168,4,310,11,failure,no
47,technician,married,secondary,no,945.0,no,no,cellular,8,aug,241,6,-1,0,unknown,no
48,self-employed,married,tertiary,no,984.0,yes,no,cellular,22,aug,508,7,-1,0,unknown,no
57,blue-collar,married,secondary,no,2178.0,yes,yes,cellular,4,aug,166,2,-1,0,unknown,no
48,retired,married,primary,no,2182.5,yes,no,telephone,12,may,101,2,356,2,failure,no
50,self-employed,married,tertiary,no,2625.0,no,no,unknown,5,jun,197,1,-1,0,unknown,no
69,admin.,married,secondary,no,-1195.5,no,yes,cellular,17,jul,225,3,-1,0,unknown,no
38,admin.,married,secondary,no,3.0,yes,no,unknown,9,may,167,1,-1,0,unknown,no
38,management,single,tertiary,no,280.5,no,no,cellular,9,mar,295,1,-1,0,unknown,yes
41,technician,single,secondary,no,825.0,yes,yes,telephone,11,may,243,1,-1,0,unknown,no
53,management,married,secondary,no,4.5,yes,no,unknown,9,may,204,2,-1,0,unknown,no
70,blue-collar,married,primary,no,289.5,yes,no,telephone,12,may,89,2,-1,0,unknown,no
64,services,married,secondary,no,196.5,no,no,cellular,14,aug,252,2,-1,0,unknown,no
43,management,married,tertiary,no,2085.0,no,no,cellular,7,sep,92,1,84,4,failure,no
60,services,divorced,tertiary,no,870.0,no,no,unknown,17,jun,88,2,-1,0,unknown,no
48,retired,married,secondary,no,526.5,yes,no,cellular,4,feb,112,1,244,3,failure,no
42,management,single,tertiary,no,2016.0,no,yes,cellular,21,nov,63,1,-1,0,unknown,no
61,blue-collar,married,secondary,no,2760.0,yes,no,cellular,18,aug,312,3,-1,0,unknown,no
42,technician,married,secondary,no,840.0,no,no,cellular,6,aug,1044,4,-1,0,unknown,yes
50,retired,married,secondary,yes,3.0,no,no,cellular,27,aug,158,3,-1,0,unknown,no
43,blue-collar,married,secondary,no,1117.5,yes,no,unknown,23,may,115,4,-1,0,unknown,no
55,blue-collar,divorced,primary,no,678.0,yes,no,cellular,9,jul,96,1,-1,0,unknown,no
46,self-employed,married,primary,no,0.0,no,no,cellular,29,aug,97,2,-1,0,unknown,no
56,blue-collar,married,secondary,no,387.0,yes,no,unknown,27,may,217,1,-1,0,unknown,no
51,management,married,tertiary,no,4327.5,no,no,cellular,19,nov,40,1,-1,0,unknown,no
45,management,divorced,tertiary,no,1288.5,yes,yes,cellular,19,nov,1554,1,-1,0,unknown,yes
49,services,single,secondary,no,237.0,yes,no,unknown,6,jun,354,2,-1,0,unknown,no
67,housemaid,married,primary,no,390.0,yes,no,unknown,16,may,38,3,-1,0,unknown,no
45,technician,married,secondary,no,721.5,yes,yes,telephone,28,jan,141,4,164,1,other,no
47,technician,married,secondary,no,219.0,yes,yes,cellular,6,may,82,2,356,2,failure,no
64,admin.,married,secondary,no,5593.5,no,yes,cellular,18,nov,597,2,116,1,other,no
59,entrepreneur,single,secondary,no,8703.0,no,no,cellular,30,apr,618,2,-1,0,unknown,yes
51,admin.,married,secondary,no,813.0,yes,no,telephone,11,may,64,2,347,1,other,no
63,management,married,tertiary,no,2679.0,yes,no,unknown,8,may,66,2,-1,0,unknown,no
42,unemployed,single,tertiary,no,8811.0,no,no,cellular,3,feb,298,1,-1,0,unknown,no
51,unemployed,married,primary,no,274.5,yes,no,cellular,29,jul,271,1,-1,0,unknown,no
42,housemaid,married,secondary,no,5748.0,no,no,cellular,11,aug,80,3,-1,0,unknown,no
53,services,married,secondary,no,0.0,no,no,unknown,12,jun,105,1,-1,0,unknown,no
60,admin.,single,secondary,no,250.5,no,yes,cellular,4,feb,346,2,191,3,failure,no
47,management,divorced,tertiary,no,132.0,no,no,cellular,2,feb,608,1,-1,0,unknown,no
59,admin.,married,secondary,no,295.5,yes,no,cellular,13,apr,223,1,182,2,failure,yes
38,technician,single,tertiary,no,534.0,no,no,cellular,2,mar,76,2,-1,0,unknown,no
70,self-employed,married,tertiary,no,3223.5,no,no,cellular,19,aug,222,4,-1,0,unknown,no
44,management,married,tertiary,no,-327.0,yes,no,cellular,8,aug,126,2,-1,0,unknown,no
42,admin.,married,secondary,no,145.5,yes,no,cellular,18,may,165,2,364,1,success,no
70,retired,married,tertiary,no,10026.0,yes,yes,cellular,5,feb,173,1,-1,0,unknown,no
56,technician,married,tertiary,no,4513.5,no,no,cellular,4,aug,58,2,-1,0,unknown,no
45,management,single,tertiary,yes,-2970.0,yes,yes,cellular,11,aug,227,1,-1,0,unknown,no
46,retired,married,secondary,no,2599.5,no,yes,cellular,22,jul,204,3,-1,0,unknown,no
55,retired,married,secondary,no,3582.0,no,no,cellular,11,aug,317,2,-1,0,unknown,no
47,technician,single,secondary,no,1690.5,yes,no,cellular,20,apr,249,2,-1,0,unknown,no
42,admin.,married,tertiary,no,235.5,no,no,cellular,27,aug,300,4,-1,0,unknown,no
56,blue-collar,divorced,secondary,no,3661.5,no,no,unknown,19,jun,217,2,-1,0,unknown,no
62,retired,single,tertiary,yes,-775.5,no,yes,cellular,10,jul,340,1,-1,0,unknown,no
57,technician,married,secondary,no,127.5,no,no,cellular,19,nov,51,2,-1,0,unknown,no
35,admin.,single,secondary,no,427.5,no,no,cellular,3,jul,658,3,-1,0,unknown,yes
63,retired,married,secondary,no,528.0,yes,no,telephone,20,apr,58,5,-1,0,unknown,no
41,services,single,secondary,no,333.0,yes,no,cellular,13,may,168,2,-1,0,unknown,no
43,retired,married,tertiary,no,610.5,yes,no,cellular,28,jul,189,2,-1,0,unknown,no
64,entrepreneur,married,unknown,no,1531.5,no,no,unknown,20,jun,13,7,-1,0,unknown,no
47,technician,married,tertiary,no,823.5,no,no,cellular,4,jun,217,2,94,1,success,no
51,entrepreneur,married,secondary,no,1060.5,no,no,unknown,18,jun,707,1,-1,0,unknown,yes
46,management,single,secondary,no,0.0,no,no,cellular,19,nov,537,3,-1,0,unknown,no
69,blue-collar,married,secondary,no,712.5,yes,yes,unknown,2,jun,290,1,-1,0,unknown,no
76,retired,married,secondary,no,582.0,no,no,cellular,17,sep,152,2,-1,0,unknown,no
38,self-employed,married,tertiary,no,0.0,yes,no,cellular,4,feb,546,3,196,4,failure,yes
57,self-employed,married,tertiary,no,4.5,yes,no,cellular,14,may,199,15,-1,0,unknown,no
45,retired,married,secondary,no,46.5,no,no,cellular,25,aug,390,8,-1,0,unknown,no
44,technician,single,secondary,no,1774.5,yes,no,unknown,20,may,438,2,-1,0,unknown,no
47,retired,single,tertiary,no,5914.5,no,no,cellular,6,apr,1138,2,138,1,failure,yes
88,retired,married,primary,no,21306.0,no,no,cellular,26,oct,150,1,183,1,other,no
62,entrepreneur,married,tertiary,no,1672.5,yes,no,cellular,20,nov,69,1,164,2,failure,no
55,services,single,secondary,no,-208.5,yes,no,unknown,9,may,663,3,-1,0,unknown,no
49,management,married,tertiary,no,1065.0,yes,no,cellular,11,jul,211,2,-1,0,unknown,no
39,blue-collar,married,secondary,no,0.0,no,no,cellular,10,jul,45,1,-1,0,unknown,no
42,retired,single,tertiary,no,447.0,no,no,cellular,8,aug,494,1,-1,0,unknown,no
53,management,married,tertiary,no,360.0,yes,no,cellular,16,apr,453,1,-1,0,unknown,yes
69,admin.,married,secondary,no,1501.5,no,no,unknown,6,jun,175,2,-1,0,unknown,no
40,admin.,single,tertiary,no,61.5,yes,no,cellular,15,feb,68,4,186,2,success,no
49,management,single,tertiary,no,2523.0,yes,no,cellular,19,nov,147,1,170,1,failure,no
43,blue-collar,married,secondary,no,427.5,no,yes,unknown,3,jul,267,1,-1,0,unknown,no
40,technician,single,tertiary,no,1477.5,yes,no,cellular,19,feb,88,2,-1,0,unknown,no
41,retired,married,tertiary,no,501.0,yes,no,unknown,13,may,449,1,-1,0,unknown,no
56,retired,divorced,tertiary,no,1012.5,no,yes,unknown,12,jun,190,2,-1,0,unknown,no
46,admin.,married,secondary,no,0.0,yes,no,cellular,21,jul,93,7,-1,0,unknown,no
41,retired,single,secondary,no,69.0,no,no,cellular,27,aug,313,6,-1,0,unknown,no
48,blue-collar,single,primary,no,0.0,yes,yes,cellular,8,may,84,1,290,1,failure,no
50,unemployed,divorced,secondary,no,1486.5,yes,no,unknown,12,jun,316,2,-1,0,unknown,no
48,retired,married,secondary,no,2172.0,yes,no,cellular,20,nov,415,1,-1,0,unknown,no
57,management,divorced,secondary,no,5019.0,yes,yes,unknown,13,may,284,2,-1,0,unknown,no
53,blue-collar,married,secondary,no,0.0,yes,no,cellular,17,apr,145,2,-1,0,unknown,no
47,management,married,tertiary,no,85.5,no,no,cellular,5,feb,345,1,-1,0,unknown,yes
39,technician,single,secondary,no,885.0,no,no,cellular,25,may,124,1,-1,0,unknown,yes
45,blue-collar,divorced,secondary,no,246.0,yes,no,cellular,18,may,11,5,364,13,failure,no
68,management,married,secondary,no,1156.5,no,no,unknown,8,may,126,3,-1,0,unknown,no
48,admin.,single,secondary,no,3705.0,no,no,telephone,31,oct,227,1,-1,0,unknown,yes
38,technician,single,secondary,no,684.0,no,no,cellular,9,feb,16,9,-1,0,unknown,no
56,blue-collar,married,primary,no,1206.0,yes,no,cellular,12,may,1063,2,361,1,success,yes
38,blue-collar,married,secondary,no,2764.5,yes,no,cellular,20,apr,415,2,-1,0,unknown,no
38,technician,single,secondary,no,1153.5,yes,no,cellular,15,may,153,1,371,2,failure,no
58,retired,married,secondary,no,9564.0,yes,no,cellular,18,nov,56,4,-1,0,unknown,no
42,blue-collar,single,tertiary,no,4521.0,yes,no,cellular,7,may,291,2,-1,0,unknown,no
49,blue-collar,divorced,secondary,no,49.5,no,no,cellular,29,jan,593,4,-1,0,unknown,no
61,services,married,secondary,no,3372.0,yes,no,unknown,5,may,714,2,-1,0,unknown,no
60,admin.,single,secondary,no,2050.5,no,no,telephone,30,jul,270,2,-1,0,unknown,no
51,admin.,married,secondary,no,3991.5,yes,no,telephone,24,jul,258,1,-1,0,unknown,no
62,technician,married,secondary,no,175.5,no,no,cellular,26,feb,959,3,186,6,success,yes
44,technician,married,tertiary,no,25488.0,yes,no,cellular,29,jan,71,1,245,1,failure,no
44,admin.,married,tertiary,no,103.5,no,yes,cellular,3,aug,263,3,251,3,success,yes
49,blue-collar,married,secondary,no,1653.0,yes,no,cellular,15,may,124,1,357,3,failure,no
48,self-employed,single,tertiary,no,2418.0,yes,no,cellular,8,may,423,1,-1,0,unknown,yes
51,retired,married,secondary,no,73.5,yes,no,cellular,15,may,342,2,-1,0,unknown,no
44,management,married,secondary,no,364.5,no,no,cellular,30,jan,417,4,-1,0,unknown,no
38,admin.,single,secondary,no,391.5,yes,yes,cellular,29,jan,254,3,142,6,success,yes
45,unemployed,married,unknown,no,216.0,no,no,cellular,30,jul,187,3,-1,0,unknown,no
44,admin.,married,secondary,no,4476.0,yes,no,cellular,20,apr,11,3,-1,0,unknown,no
74,technician,married,tertiary,no,1978.5,no,no,cellular,12,mar,56,2,-1,0,unknown,no
48,retired,married,primary,no,700.5,yes,no,unknown,16,may,379,1,-1,0,unknown,no
71,management,married,tertiary,no,20319.0,no,no,cellular,25,jan,318,2,283,3,success,no
43,technician,single,secondary,no,2599.5,yes,no,cellular,14,may,895,3,-1,0,unknown,no
41,retired,married,secondary,no,0.0,yes,no,unknown,10,aug,97,1,782,1,other,yes
67,entrepreneur,married,tertiary,no,0.0,yes,yes,unknown,20,jun,512,2,-1,0,unknown,no
67,technician,married,secondary,no,43.5,no,no,cellular,6,aug,122,2,-1,0,unknown,no
67,technician,divorced,tertiary,no,655.5,no,no,cellular,26,aug,435,5,-1,0,unknown,no
51,management,married,tertiary,no,0.0,no,yes,cellular,9,jul,55,1,-1,0,unknown,no
52,technician,married,tertiary,no,21423.0,yes,no,cellular,6,aug,649,4,-1,0,unknown,yes
56,admin.,divorced,secondary,no,-681.0,yes,no,unknown,26,may,120,1,-1,0,unknown,no
66,blue-collar,married,secondary,no,417.0,no,yes,cellular,9,jul,261,3,-1,0,unknown,no
66,management,married,tertiary,no,2224.5,no,no,cellular,6,aug,46,4,-1,0,unknown,no
67,admin.,married,primary,no,10495.5,no,no,cellular,4,aug,117,1,-1,0,unknown,no
56,services,married,secondary,yes,195.0,no,no,cellular,20,aug,95,2,-1,0,unknown,no
41,blue-collar,single,tertiary,no,693.0,yes,yes,unknown,19,may,147,1,-1,0,unknown,no
41,blue-collar,married,secondary,no,2496.0,yes,no,cellular,7,may,603,2,17,2,failure,no
44,technician,married,secondary,yes,136.5,no,no,cellular,29,aug,67,4,-1,0,unknown,no
56,retired,divorced,secondary,no,2722.5,yes,no,unknown,28,may,232,4,-1,0,unknown,no
47,retired,married,tertiary,no,396.0,yes,yes,cellular,20,nov,276,1,157,1,failure,no
61,technician,married,secondary,no,27.0,no,yes,cellular,25,jul,363,6,-1,0,unknown,no
67,self-employed,married,secondary,no,97.5,no,yes,cellular,9,jul,171,1,-1,0,unknown,no
73,retired,married,secondary,no,4344.0,no,no,cellular,1,jul,304,1,119,2,success,yes
48,retired,single,secondary,no,441.0,no,yes,cellular,25,jul,172,2,-1,0,unknown,no
51,blue-collar,married,secondary,no,640.5,yes,yes,cellular,14,may,177,2,-1,0,unknown,no
63,housemaid,married,tertiary,no,831.0,no,no,cellular,28,jan,48,1,181,5,failure,no
60,blue-collar,married,primary,no,604.5,no,no,cellular,28,aug,119,6,-1,0,unknown,no
43,management,married,tertiary,no,2271.0,no,no,cellular,10,aug,447,1,728,2,failure,yes
35,blue-collar,single,secondary,no,3010.5,no,no,cellular,12,jan,265,2,-1,0,unknown,yes
70,services,divorced,secondary,no,70.5,no,no,unknown,11,jun,360,1,-1,0,unknown,no
45,management,single,tertiary,no,1195.5,yes,no,unknown,8,may,81,1,-1,0,unknown,no
41,technician,married,secondary,no,0.0,yes,no,cellular,30,jul,126,3,-1,0,unknown,no
70,retired,divorced,secondary,no,6364.5,no,no,cellular,30,oct,416,2,-1,0,unknown,yes
40,self-employed,married,secondary,no,2658.0,yes,no,cellular,13,apr,158,4,-1,0,unknown,no
62,retired,married,secondary,no,8134.5,no,yes,cellular,17,nov,93,1,115,1,failure,no
48,blue-collar,married,secondary,no,1183.5,yes,no,cellular,20,nov,120,4,196,1,other,no
51,blue-collar,married,secondary,no,1020.0,yes,no,unknown,15,may,173,2,-1,0,unknown,no
45,unemployed,single,secondary,yes,-126.0,no,no,cellular,9,feb,19,11,-1,0,unknown,no
64,blue-collar,married,secondary,no,7815.0,yes,yes,unknown,30,may,123,4,-1,0,unknown,no
44,management,married,tertiary,no,16.5,yes,no,cellular,17,apr,22,1,150,2,failure,no
31,student,single,secondary,no,246.0,no,no,cellular,19,feb,78,5,-1,0,unknown,no
67,retired,divorced,primary,no,1371.0,no,no,unknown,18,jun,404,2,-1,0,unknown,no
49,management,divorced,tertiary,no,336.0,no,no,cellular,2,jul,194,2,88,1,success,yes
56,management,married,tertiary,no,165.0,yes,yes,cellular,20,aug,243,5,-1,0,unknown,no
69,technician,married,secondary,no,424.5,no,no,cellular,25,aug,272,4,-1,0,unknown,no
46,management,married,tertiary,no,381.0,no,no,unknown,6,jun,161,3,-1,0,unknown,no
64,retired,married,secondary,no,-247.5,no,yes,unknown,3,jul,202,1,-1,0,unknown,no
57,services,married,secondary,no,1138.5,yes,no,telephone,8,may,75,1,323,2,failure,no
66,technician,married,secondary,no,2907.0,no,yes,cellular,26,feb,229,1,192,4,success,yes
63,technician,divorced,secondary,no,588.0,yes,no,cellular,28,jan,70,1,245,1,failure,no
43,management,divorced,tertiary,no,522.0,no,no,cellular,11,aug,71,2,-1,0,unknown,no
43,technician,married,secondary,no,538.5,yes,no,cellular,20,apr,210,1,242,1,other,no
60,management,married,secondary,no,1098.0,no,no,cellular,7,apr,736,7,-1,0,unknown,no
56,admin.,divorced,secondary,no,-955.5,yes,no,cellular,17,nov,153,1,-1,0,unknown,no
64,self-employed,married,tertiary,no,99.0,yes,no,telephone,12,may,246,2,-1,0,unknown,no
85,retired,married,secondary,no,5256.0,no,no,telephone,9,aug,195,1,-1,0,unknown,no
43,housemaid,married,secondary,no,0.0,yes,yes,cellular,23,jul,85,13,-1,0,unknown,no
46,admin.,married,secondary,no,58.5,yes,no,cellular,7,apr,194,2,-1,0,unknown,no
49,blue-collar,married,unknown,no,27.0,no,no,cellular,7,jul,75,3,-1,0,unknown,no
51,management,married,tertiary,no,0.0,yes,no,cellular,24,jul,197,1,-1,0,unknown,no
62,management,divorced,tertiary,no,220.5,no,no,cellular,30,jul,90,4,-1,0,unknown,no
46,technician,single,tertiary,no,1057.5,yes,no,unknown,16,may,111,1,-1,0,unknown,no
34,services,single,secondary,no,2416.5,yes,no,unknown,28,may,418,1,-1,0,unknown,no
66,retired,married,secondary,no,225.0,no,no,cellular,22,aug,105,1,-1,0,unknown,no
71,retired,married,secondary,no,133.5,no,no,cellular,28,jan,477,2,92,3,failure,no
37,services,single,secondary,no,0.0,yes,no,unknown,7,may,388,7,-1,0,unknown,no
57,self-employed,married,tertiary,no,0.0,no,no,telephone,21,nov,28,1,-1,0,unknown,no
67,technician,married,secondary,no,139.5,no,no,unknown,9,jun,82,2,-1,0,unknown,no
44,technician,single,tertiary,no,879.0,yes,no,unknown,16,may,489,2,-1,0,unknown,no
45,retired,single,secondary,no,2562.0,yes,no,unknown,2,jun,110,3,-1,0,unknown,no
41,retired,single,secondary,no,913.5,yes,no,cellular,14,apr,1126,1,335,1,failure,no
44,technician,married,secondary,no,0.0,yes,no,telephone,28,jul,1025,2,-1,0,unknown,no
76,retired,married,tertiary,no,2922.0,no,no,cellular,28,jan,216,1,91,4,success,yes
39,blue-collar,single,secondary,no,12118.5,no,yes,cellular,10,jul,171,1,-1,0,unknown,no
49,management,married,tertiary,no,457.5,yes,no,unknown,7,may,275,6,-1,0,unknown,no
67,admin.,single,secondary,no,11100.0,yes,no,cellular,11,may,485,2,-1,0,unknown,no
65,management,single,tertiary,no,64611.0,yes,no,cellular,25,aug,92,6,-1,0,unknown,no
65,management,married,tertiary,no,25179.0,no,no,cellular,18,nov,90,1,-1,0,unknown,no
43,admin.,married,tertiary,no,31.5,no,yes,cellular,2,mar,202,2,-1,0,unknown,no
39,retired,single,secondary,no,-55.5,yes,no,cellular,8,jul,21,35,-1,0,unknown,no
46,technician,married,tertiary,no,709.5,no,no,cellular,22,aug,72,2,-1,0,unknown,no
53,retired,single,secondary,no,631.5,yes,no,unknown,15,may,298,3,-1,0,unknown,no
65,retired,married,unknown,no,1246.5,yes,yes,telephone,27,jan,100,1,100,6,failure,no
46,entrepreneur,divorced,tertiary,no,5110.5,no,no,cellular,16,mar,392,4,-1,0,unknown,yes
36,self-employed,single,tertiary,no,2166.0,no,no,cellular,12,jun,139,5,-1,0,unknown,no
70,management,married,tertiary,no,7561.5,no,no,telephone,4,nov,399,1,-1,0,unknown,yes
52,management,single,tertiary,no,10656.0,no,no,cellular,20,nov,20,6,-1,0,unknown,no
62,retired,divorced,tertiary,no,4363.5,yes,no,unknown,30,may,110,1,-1,0,unknown,no
83,retired,married,secondary,no,813.0,no,no,cellular,26,oct,355,1,180,5,failure,yes
53,admin.,married,secondary,no,1225.5,yes,yes,cellular,21,nov,51,1,-1,0,unknown,no
66,unemployed,married,primary,no,1323.0,no,no,unknown,5,jun,169,1,-1,0,unknown,no
60,self-employed,single,secondary,no,0.0,yes,no,telephone,19,nov,590,2,-1,0,unknown,no
41,services,married,secondary,no,787.5,yes,yes,unknown,21,may,159,1,-1,0,unknown,no
62,admin.,married,secondary,no,1842.0,yes,yes,cellular,4,aug,218,1,-1,0,unknown,yes
62,blue-collar,married,secondary,no,241.5,yes,no,unknown,13,may,274,2,-1,0,unknown,no
53,unemployed,married,secondary,no,4.5,no,no,cellular,21,jul,231,2,-1,0,unknown,no
41,services,single,tertiary,no,15183.0,yes,no,cellular,25,jul,63,1,-1,0,unknown,no
68,admin.,married,secondary,no,3.0,yes,yes,telephone,25,jul,282,9,-1,0,unknown,no
49,retired,married,primary,no,3549.0,yes,no,cellular,16,apr,1007,3,325,4,failure,no
60,technician,married,secondary,no,0.0,yes,yes,cellular,18,nov,126,2,-1,0,unknown,no
41,services,divorced,secondary,no,-411.0,yes,no,unknown,26,may,283,1,-1,0,unknown,no
48,retired,divorced,primary,no,0.0,yes,no,cellular,20,nov,250,1,155,2,failure,no
37,admin.,single,secondary,no,481.5,no,yes,unknown,2,sep,4,1,-1,0,unknown,no
46,blue-collar,married,primary,no,517.5,yes,no,cellular,25,jul,400,2,-1,0,unknown,no
54,entrepreneur,married,secondary,no,252.0,no,no,unknown,19,jun,167,2,-1,0,unknown,no
36,admin.,married,secondary,no,574.5,yes,yes,cellular,7,jul,238,2,-1,0,unknown,no
47,services,single,primary,no,0.0,no,yes,cellular,6,feb,155,6,245,5,other,no
62,technician,married,secondary,no,0.0,yes,no,cellular,7,sep,211,1,294,1,failure,yes
51,blue-collar,married,primary,no,11602.5,yes,no,unknown,14,may,240,1,-1,0,unknown,no
51,blue-collar,married,secondary,no,844.5,yes,no,cellular,20,apr,142,12,348,1,failure,no
57,technician,married,secondary,no,97.5,no,no,cellular,28,aug,118,8,-1,0,unknown,no
46,management,single,tertiary,no,1869.0,no,no,cellular,21,aug,63,2,-1,0,unknown,no
50,admin.,married,secondary,no,1098.0,no,no,cellular,9,sep,71,1,139,4,success,no
52,technician,single,secondary,no,811.5,yes,no,cellular,5,feb,656,1,-1,0,unknown,yes
38,services,single,secondary,no,70.5,no,no,cellular,22,jul,405,2,-1,0,unknown,no
55,retired,married,secondary,no,6255.0,yes,yes,unknown,20,may,114,3,-1,0,unknown,no
42,blue-collar,single,secondary,no,1021.5,no,yes,cellular,13,may,589,1,-1,0,unknown,no
39,services,married,secondary,no,-895.5,no,no,cellular,7,jul,500,2,-1,0,unknown,no
55,blue-collar,married,primary,no,1126.5,no,no,cellular,28,aug,151,4,-1,0,unknown,no
43,admin.,single,secondary,no,454.5,no,no,unknown,8,may,149,1,-1,0,unknown,no
52,blue-collar,single,secondary,no,1477.5,no,no,cellular,20,nov,141,2,-1,0,unknown,no
33,technician,single,secondary,no,42.0,yes,no,cellular,17,apr,183,3,325,2,failure,no
43,admin.,divorced,secondary,no,-625.5,no,no,cellular,12,may,337,1,347,5,failure,no
32,student,single,primary,no,165.0,yes,no,cellular,18,may,237,2,-1,0,unknown,no
41,retired,married,secondary,no,1284.0,yes,no,unknown,8,may,303,3,-1,0,unknown,no
39,services,married,secondary,no,5622.0,no,no,cellular,28,may,322,3,-1,0,unknown,no
40,technician,single,secondary,no,4.5,no,no,cellular,22,aug,198,2,-1,0,unknown,no
57,retired,divorced,secondary,no,-235.5,no,yes,unknown,23,jul,104,1,-1,0,unknown,no
48,retired,married,tertiary,no,21285.0,yes,no,cellular,31,jul,48,3,-1,0,unknown,no
36,management,married,tertiary,no,1162.5,no,no,unknown,19,may,35,3,-1,0,unknown,no
60,blue-collar,married,secondary,no,2406.0,yes,no,unknown,15,may,267,5,-1,0,unknown,no
78,retired,single,primary,no,544.5,no,no,cellular,28,jan,193,1,-1,0,unknown,no
43,management,single,tertiary,no,-538.5,no,no,telephone,29,aug,59,2,-1,0,unknown,no
57,unemployed,married,primary,no,486.0,no,no,cellular,21,nov,462,2,-1,0,unknown,yes
70,housemaid,married,secondary,no,0.0,no,no,unknown,18,jun,138,1,-1,0,unknown,no
45,admin.,single,tertiary,no,2061.0,yes,no,cellular,15,may,319,1,-1,0,unknown,no
50,services,married,secondary,no,1213.5,no,no,cellular,2,feb,114,1,-1,0,unknown,no
39,self-employed,single,tertiary,no,-171.0,yes,no,unknown,13,may,174,1,-1,0,unknown,no
48,technician,married,tertiary,no,804.0,no,no,cellular,20,aug,360,4,-1,0,unknown,no
56,management,married,tertiary,no,690.0,no,no,cellular,28,jan,56,1,-1,0,unknown,no
60,blue-collar,married,primary,no,18778.5,yes,no,cellular,21,nov,615,3,34,1,failure,yes
43,management,married,tertiary,no,382.5,yes,no,cellular,21,jul,75,2,-1,0,unknown,no
55,technician,married,secondary,no,-223.5,yes,no,cellular,14,jul,287,2,-1,0,unknown,no
60,management,married,tertiary,no,703.5,no,no,cellular,16,apr,161,1,-1,0,unknown,yes
59,retired,married,secondary,no,2071.5,no,no,unknown,16,jun,73,2,-1,0,unknown,no
57,unemployed,divorced,secondary,yes,513.0,yes,no,cellular,15,apr,177,1,-1,0,unknown,no
44,technician,divorced,secondary,no,66.0,yes,yes,cellular,21,nov,244,2,-1,0,unknown,no
47,blue-collar,married,secondary,no,0.0,yes,no,cellular,13,may,54,1,300,1,failure,no
37,retired,single,secondary,no,205.5,no,yes,cellular,25,jul,359,1,-1,0,unknown,no
47,entrepreneur,married,secondary,no,4.5,no,no,cellular,20,nov,96,1,-1,0,unknown,no
40,services,single,primary,no,0.0,yes,yes,cellular,19,nov,686,1,-1,0,unknown,yes
58,blue-collar,married,primary,no,1174.5,no,yes,cellular,6,aug,90,2,-1,0,unknown,no
47,technician,married,tertiary,no,0.0,yes,no,cellular,2,feb,440,2,-1,0,unknown,no
40,blue-collar,married,secondary,no,561.0,yes,no,cellular,8,jul,225,2,-1,0,unknown,no
42,admin.,single,secondary,no,-972.0,yes,no,unknown,28,may,439,2,-1,0,unknown,no
56,admin.,married,secondary,no,1624.5,no,no,cellular,25,aug,67,9,-1,0,unknown,no
45,services,married,secondary,no,289.5,no,yes,unknown,6,jun,50,1,-1,0,unknown,no
69,blue-collar,married,primary,no,120.0,yes,no,telephone,31,jul,46,21,-1,0,unknown,no
42,blue-collar,married,secondary,no,15213.0,yes,no,cellular,20,nov,249,1,-1,0,unknown,no
70,management,married,secondary,no,1087.5,yes,no,cellular,8,jul,266,1,-1,0,unknown,no
41,technician,single,tertiary,no,0.0,yes,no,cellular,17,jul,90,1,-1,0,unknown,no
52,admin.,married,secondary,no,967.5,yes,yes,cellular,11,jul,42,2,-1,0,unknown,no
43,retired,married,secondary,no,384.0,yes,no,cellular,18,nov,76,1,-1,0,unknown,no
44,management,married,tertiary,no,420.0,yes,no,cellular,24,jul,363,2,-1,0,unknown,no
60,blue-collar,divorced,secondary,no,3831.0,no,no,cellular,31,jul,51,2,-1,0,unknown,no
35,blue-collar,single,secondary,no,0.0,no,no,cellular,23,apr,163,1,-1,0,unknown,yes
55,services,married,secondary,no,-54.0,yes,yes,unknown,28,may,389,4,-1,0,unknown,no
47,management,single,unknown,no,219.0,yes,no,unknown,20,jun,16,8,-1,0,unknown,no
47,unemployed,married,tertiary,no,1854.0,no,no,cellular,29,jul,300,2,-1,0,unknown,no
51,retired,married,tertiary,no,2080.5,yes,no,cellular,18,may,154,2,-1,0,unknown,no
53,entrepreneur,married,secondary,no,961.5,yes,yes,unknown,2,jun,251,4,-1,0,unknown,no
69,retired,married,secondary,no,18657.0,no,no,cellular,5,aug,91,1,-1,0,unknown,no
42,admin.,single,secondary,no,231.0,yes,no,cellular,26,apr,135,1,521,2,failure,no
63,management,married,unknown,no,790.5,yes,no,cellular,23,jul,71,3,-1,0,unknown,no
80,retired,divorced,primary,no,723.0,no,no,telephone,14,jul,413,1,181,3,success,yes
51,management,married,tertiary,no,9090.0,yes,no,unknown,15,may,71,2,-1,0,unknown,no
45,admin.,married,secondary,no,-468.0,no,no,cellular,9,apr,188,1,-1,0,unknown,no
40,services,married,secondary,no,1929.0,yes,yes,cellular,17,jul,544,1,-1,0,unknown,no
52,blue-collar,married,primary,no,954.0,yes,no,cellular,20,apr,91,2,-1,0,unknown,no
42,retired,single,tertiary,no,2115.0,yes,no,unknown,27,may,175,5,-1,0,unknown,no
49,blue-collar,single,primary,no,-540.0,yes,no,unknown,3,jun,209,2,-1,0,unknown,no
49,blue-collar,married,secondary,no,3685.5,no,no,cellular,29,jul,284,3,-1,0,unknown,no
51,retired,married,secondary,no,84.0,yes,no,cellular,31,jul,63,21,-1,0,unknown,no
40,retired,single,secondary,no,5227.5,no,no,cellular,2,feb,142,2,-1,0,unknown,no
51,admin.,married,secondary,no,1867.5,no,no,unknown,18,jun,140,3,-1,0,unknown,no
36,retired,single,secondary,no,-57.0,no,no,cellular,22,jul,443,2,-1,0,unknown,no
46,management,single,tertiary,no,30.0,yes,no,cellular,20,apr,766,2,150,3,other,no
82,management,married,tertiary,no,10504.5,no,no,telephone,24,jul,116,3,-1,0,unknown,no
44,management,single,tertiary,no,-867.0,yes,no,cellular,18,may,767,2,-1,0,unknown,yes
41,admin.,married,secondary,no,126.0,yes,no,cellular,22,jul,580,3,-1,0,unknown,no
70,housemaid,married,primary,no,528.0,no,yes,unknown,17,jun,81,2,-1,0,unknown,no
36,blue-collar,married,primary,no,267.0,yes,no,unknown,4,jun,833,2,-1,0,unknown,no
40,self-employed,single,tertiary,no,205.5,yes,no,cellular,11,may,214,1,-1,0,unknown,no
41,management,married,tertiary,no,4.5,yes,yes,cellular,11,feb,331,1,-1,0,unknown,yes
44,management,married,tertiary,no,883.5,no,no,cellular,19,apr,125,2,-1,0,unknown,yes
44,retired,married,secondary,no,919.5,yes,no,cellular,4,jun,80,1,-1,0,unknown,no
67,unemployed,married,secondary,no,11820.0,no,no,unknown,9,jun,318,2,-1,0,unknown,no
51,management,married,tertiary,no,1698.0,no,no,unknown,15,may,95,4,-1,0,unknown,no
46,retired,single,tertiary,no,1783.5,no,no,cellular,17,aug,220,1,-1,0,unknown,yes
61,entrepreneur,divorced,secondary,no,1.5,yes,yes,cellular,31,jul,300,1,-1,0,unknown,no
48,blue-collar,married,secondary,no,3012.0,yes,no,cellular,18,nov,354,1,-1,0,unknown,no
42,retired,single,secondary,yes,-309.0,yes,no,cellular,6,may,148,1,-1,0,unknown,no
56,management,divorced,tertiary,no,291.0,no,no,cellular,28,jan,97,1,-1,0,unknown,no
59,services,married,secondary,no,420.0,yes,no,telephone,14,jul,162,3,-1,0,unknown,no
59,technician,married,tertiary,no,1852.5,no,no,cellular,13,aug,354,3,-1,0,unknown,yes
37,student,single,secondary,no,852.0,yes,no,cellular,18,may,28,6,-1,0,unknown,no
63,blue-collar,married,secondary,no,3442.5,no,no,cellular,21,aug,65,10,-1,0,unknown,no
48,services,married,secondary,no,232.5,yes,no,unknown,5,may,248,1,-1,0,unknown,no
48,services,married,secondary,no,7504.5,no,no,cellular,6,aug,275,9,-1,0,unknown,no
46,management,divorced,tertiary,no,11731.5,no,no,unknown,9,jun,217,1,-1,0,unknown,no
33,admin.,married,secondary,no,523.5,yes,no,cellular,18,may,108,1,-1,0,unknown,no
42,management,single,tertiary,no,3943.5,no,no,cellular,28,aug,77,4,-1,0,unknown,no
68,entrepreneur,married,secondary,no,1729.5,yes,yes,telephone,12,may,206,6,337,6,failure,no
57,blue-collar,married,primary,no,238.5,yes,no,unknown,13,may,771,2,-1,0,unknown,no
54,self-employed,married,unknown,no,244.5,yes,no,cellular,12,aug,44,1,100,3,success,no
45,retired,single,tertiary,no,231.0,no,no,cellular,29,jul,200,4,181,2,failure,yes
55,housemaid,divorced,primary,no,619.5,yes,no,unknown,30,may,65,1,-1,0,unknown,no
48,blue-collar,married,secondary,no,-783.0,yes,yes,unknown,20,jun,18,22,-1,0,unknown,no
44,retired,married,secondary,no,1831.5,yes,no,cellular,5,feb,210,2,274,6,failure,no
46,technician,married,secondary,no,-589.5,no,no,telephone,14,aug,119,4,-1,0,unknown,no
46,services,married,secondary,no,0.0,yes,no,cellular,16,jul,276,4,-1,0,unknown,no
61,admin.,married,primary,no,864.0,yes,no,cellular,23,jul,434,1,-1,0,unknown,no
42,technician,married,secondary,no,961.5,yes,no,unknown,21,may,336,1,-1,0,unknown,no
36,blue-collar,single,secondary,no,0.0,yes,no,cellular,6,may,340,1,-1,0,unknown,no
45,blue-collar,married,secondary,no,-508.5,yes,no,unknown,8,may,389,2,-1,0,unknown,no
49,blue-collar,married,secondary,no,246.0,yes,no,telephone,15,may,26,6,373,2,failure,no
54,services,married,secondary,no,-345.0,yes,yes,unknown,27,may,99,1,-1,0,unknown,no
40,retired,single,tertiary,no,2677.5,no,no,cellular,8,aug,108,2,-1,0,unknown,no
40,retired,single,tertiary,no,751.5,yes,no,unknown,23,may,209,3,-1,0,unknown,no
67,blue-collar,married,secondary,no,0.0,no,yes,cellular,22,jul,127,2,-1,0,unknown,no
49,retired,married,secondary,no,51.0,yes,no,unknown,27,may,114,1,-1,0,unknown,no
39,technician,married,secondary,no,0.0,yes,no,cellular,28,jul,83,6,-1,0,unknown,no
55,management,married,tertiary,no,2170.5,yes,yes,cellular,7,jul,461,2,-1,0,unknown,no
43,blue-collar,married,secondary,no,870.0,yes,no,unknown,28,may,36,1,-1,0,unknown,no
45,admin.,divorced,secondary,no,801.0,no,no,cellular,7,jul,148,3,-1,0,unknown,no
58,technician,married,secondary,no,0.0,yes,no,cellular,21,jul,112,1,-1,0,unknown,no
45,technician,single,tertiary,no,1656.0,yes,yes,unknown,2,jun,95,1,-1,0,unknown,no
37,admin.,single,secondary,no,165.0,yes,no,unknown,28,may,135,1,-1,0,unknown,no
49,management,divorced,secondary,no,198.0,yes,no,cellular,9,feb,170,2,-1,0,unknown,no
54,management,married,tertiary,no,7506.0,no,no,cellular,20,aug,175,2,-1,0,unknown,no
38,retired,single,secondary,no,3022.5,no,no,cellular,26,jul,110,2,182,2,failure,no
44,retired,married,tertiary,no,3640.5,no,no,telephone,2,jun,50,2,120,1,other,no
42,retired,single,secondary,no,406.5,yes,yes,cellular,11,may,271,2,-1,0,unknown,no
41,management,married,tertiary,no,588.0,no,no,cellular,26,aug,119,3,-1,0,unknown,no
60,blue-collar,married,secondary,no,5337.0,no,no,cellular,26,aug,84,10,-1,0,unknown,no
46,management,married,tertiary,no,609.0,no,no,cellular,14,aug,123,2,-1,0,unknown,no
52,technician,married,secondary,no,12054.0,no,no,unknown,9,jun,948,5,-1,0,unknown,no
42,services,single,secondary,no,1752.0,yes,no,cellular,16,nov,411,1,-1,0,unknown,yes
46,retired,married,secondary,no,705.0,yes,no,cellular,31,jul,101,4,-1,0,unknown,no
55,admin.,married,secondary,yes,-856.5,no,no,cellular,13,aug,332,2,-1,0,unknown,no
44,technician,married,secondary,no,1324.5,no,no,telephone,3,feb,166,2,173,3,failure,no
42,management,single,tertiary,no,2574.0,no,no,cellular,21,nov,157,4,-1,0,unknown,no
93,retired,divorced,secondary,no,69.0,no,no,cellular,25,mar,115,1,-1,0,unknown,yes
39,admin.,single,secondary,no,681.0,no,no,telephone,16,jul,127,11,-1,0,unknown,no
41,services,single,secondary,no,1068.0,no,no,cellular,31,jul,38,25,-1,0,unknown,no
46,management,married,tertiary,no,6538.5,no,no,cellular,31,jul,74,6,-1,0,unknown,no
47,self-employed,married,tertiary,no,216.0,yes,no,unknown,5,jun,247,2,-1,0,unknown,no
53,entrepreneur,married,secondary,no,156.0,yes,no,cellular,18,jul,635,3,-1,0,unknown,yes
69,self-employed,married,tertiary,no,277.5,no,no,cellular,4,feb,283,1,-1,0,unknown,no
59,self-employed,married,tertiary,no,754.5,yes,no,cellular,6,feb,310,4,200,1,failure,no
45,blue-collar,married,secondary,no,4522.5,yes,no,unknown,9,jun,753,2,-1,0,unknown,no
65,retired,married,unknown,no,1092.0,yes,no,cellular,25,jul,130,2,-1,0,unknown,no
40,retired,single,secondary,no,30.0,yes,no,cellular,20,apr,404,6,340,1,failure,no
69,blue-collar,married,primary,no,5569.5,yes,yes,cellular,4,aug,170,2,-1,0,unknown,no
45,management,married,tertiary,no,531.0,no,yes,cellular,9,feb,117,4,12,2,other,no
44,technician,single,secondary,no,520.5,yes,no,cellular,24,jul,947,6,-1,0,unknown,no
35,management,single,tertiary,no,9369.0,no,no,cellular,9,jun,98,3,-1,0,unknown,no
45,management,single,tertiary,no,1743.0,no,no,cellular,30,apr,175,1,-1,0,unknown,yes
41,blue-collar,married,primary,no,1119.0,yes,yes,unknown,3,jun,25,1,-1,0,unknown,no
70,retired,married,secondary,no,117.0,no,yes,unknown,27,jun,151,2,-1,0,unknown,no
59,blue-collar,married,tertiary,no,2676.0,no,no,unknown,12,jun,753,1,-1,0,unknown,no
42,retired,married,tertiary,no,1369.5,yes,no,cellular,19,nov,278,3,-1,0,unknown,no
47,services,married,secondary,no,0.0,yes,no,cellular,22,jul,272,1,-1,0,unknown,no
40,blue-collar,divorced,secondary,no,0.0,no,yes,cellular,8,jul,320,1,-1,0,unknown,no
42,retired,married,unknown,no,0.0,no,yes,cellular,21,nov,296,1,-1,0,unknown,no
42,admin.,married,secondary,no,3996.0,yes,no,cellular,29,jul,242,7,-1,0,unknown,no
55,unemployed,divorced,secondary,no,7744.5,no,no,unknown,20,jun,9,2,-1,0,unknown,no
53,blue-collar,married,secondary,no,775.5,yes,no,cellular,20,apr,138,2,263,7,failure,no
81,retired,divorced,tertiary,no,1170.0,no,no,telephone,22,apr,220,1,-1,0,unknown,no
61,blue-collar,married,primary,no,1791.0,yes,no,cellular,18,nov,714,1,186,3,failure,no
51,retired,married,secondary,no,430.5,no,no,unknown,23,may,236,2,-1,0,unknown,no
41,technician,married,secondary,no,0.0,yes,yes,cellular,10,jul,114,1,-1,0,unknown,no
44,management,married,tertiary,no,3048.0,no,no,cellular,28,aug,103,12,-1,0,unknown,no
68,blue-collar,married,secondary,no,4540.5,yes,no,cellular,24,apr,160,1,-1,0,unknown,yes
62,blue-collar,single,secondary,no,1341.0,no,yes,cellular,3,feb,363,2,-1,0,unknown,no
64,housemaid,married,primary,no,273.0,no,no,cellular,25,aug,284,4,-1,0,unknown,no
67,retired,married,tertiary,no,558.0,no,no,cellular,21,nov,553,3,-1,0,unknown,yes
49,retired,married,secondary,no,0.0,yes,yes,cellular,4,feb,60,1,-1,0,unknown,no
40,technician,single,tertiary,no,3487.5,no,no,cellular,5,apr,270,3,241,4,other,no
34,blue-collar,married,secondary,no,-330.0,yes,no,cellular,17,apr,401,1,15,1,failure,no
43,technician,single,secondary,no,1171.5,yes,no,cellular,7,may,201,1,-1,0,unknown,no
64,services,married,secondary,no,3646.5,yes,no,unknown,19,may,221,4,-1,0,unknown,no
65,retired,married,secondary,no,5922.0,no,no,cellular,19,nov,149,1,170,2,failure,no
62,blue-collar,married,secondary,no,2239.5,no,no,cellular,8,aug,94,2,-1,0,unknown,no
57,technician,married,tertiary,no,6852.0,no,no,unknown,9,jun,100,1,-1,0,unknown,no
44,blue-collar,married,secondary,no,4050.0,yes,no,unknown,20,may,446,2,-1,0,unknown,no
60,retired,married,primary,no,630.0,no,no,unknown,5,jun,107,1,-1,0,unknown,no
57,retired,single,primary,no,11026.5,no,no,cellular,4,feb,1060,3,-1,0,unknown,no
56,blue-collar,married,secondary,no,5998.5,no,no,cellular,20,nov,202,1,-1,0,unknown,no
