age,job,marital,education,default,balance,housing,loan,contact,day,month,duration,campaign,pdays,previous,poutcome,y,event_time
53,unemployed,married,unknown,no,13,no,no,unknown,5,may,410,3,-1,0,unknown,no,2024-01-01 00:00:00
54,technician,married,secondary,no,0,no,no,telephone,30,apr,766,3,84,3,success,yes,2024-01-01 01:00:00
30,self-employed,single,secondary,no,280,no,no,telephone,5,may,92,3,-1,0,unknown,no,2024-01-01 02:00:00
50,self-employed,married,unknown,no,-84,yes,no,unknown,6,may,101,1,-1,0,unknown,no,2024-01-01 03:00:00
60,self-employed,married,secondary,no,1690,no,no,cellular,28,aug,64,11,-1,0,unknown,no,2024-01-01 04:00:00
30,management,married,tertiary,no,1384,yes,no,telephone,14,aug,60,2,-1,0,unknown,no,2024-01-01 05:00:00
32,technician,single,tertiary,no,0,no,no,cellular,21,aug,660,2,-1,0,unknown,no,2024-01-01 06:00:00
49,services,divorced,secondary,no,3250,no,no,unknown,16,jun,32,3,-1,0,unknown,no,2024-01-01 07:00:00
50,entrepreneur,married,primary,no,199,no,no,cellular,11,may,228,2,363,2,failure,no,2024-01-01 08:00:00
38,unemployed,married,tertiary,no,2012,no,no,cellular,7,apr,355,3,-1,0,unknown,no,2024-01-01 09:00:00
42,management,married,tertiary,no,0,yes,no,unknown,20,jun,34,3,-1,0,unknown,no,2024-01-01 10:00:00
34,technician,married,secondary,no,209,yes,yes,cellular,8,apr,375,2,-1,0,unknown,no,2024-01-01 11:00:00
36,services,divorced,secondary,yes,0,no,yes,cellular,15,jul,687,7,-1,0,unknown,yes,2024-01-01 12:00:00
46,blue-collar,married,secondary,no,-3,yes,no,cellular,29,jan,79,2,265,2,failure,no,2024-01-01 13:00:00
44,technician,single,secondary,no,696,yes,no,unknown,16,may,680,3,-1,0,unknown,no,2024-01-01 14:00:00
42,blue-collar,married,primary,no,659,yes,no,cellular,11,may,91,1,-1,0,unknown,no,2024-01-01 15:00:00
37,management,single,tertiary,no,0,no,no,cellular,20,aug,225,5,-1,0,unknown,no,2024-01-01 16:00:00
44,technician,married,secondary,no,3790,yes,no,unknown,13,may,342,2,-1,0,unknown,no,2024-01-01 17:00:00
33,services,divorced,secondary,no,1117,no,no,cellular,2,jun,417,1,-1,0,unknown,yes,2024-01-01 18:00:00
34,self-employed,married,tertiary,no,0,no,no,cellular,12,aug,117,4,-1,0,unknown,no,2024-01-01 19:00:00
44,management,married,tertiary,no,0,no,no,cellular,20,aug,122,2,-1,0,unknown,no,2024-01-01 20:00:00
32,services,married,secondary,no,0,no,no,cellular,31,jul,105,6,-1,0,unknown,no,2024-01-01 21:00:00
57,blue-collar,married,primary,no,3498,no,no,cellular,15,jul,210,2,456,2,success,no,2024-01-01 22:00:00
57,technician,married,tertiary,no,-40,no,yes,cellular,7,jul,88,1,-1,0,unknown,no,2024-01-01 23:00:00
31,technician,married,secondary,no,17,yes,no,cellular,28,jul,266,3,-1,0,unknown,no,2024-01-02 00:00:00
40,technician,single,secondary,no,2017,yes,no,cellular,28,jan,105,1,244,1,other,no,2024-01-02 01:00:00
53,self-employed,single,unknown,no,289,no,no,cellular,4,feb,502,1,-1,0,unknown,no,2024-01-02 02:00:00
39,services,single,secondary,no,0,yes,yes,cellular,20,apr,286,4,-1,0,unknown,no,2024-01-02 03:00:00
26,management,single,tertiary,no,2786,no,no,cellular,23,mar,415,1,-1,0,unknown,yes,2024-01-02 04:00:00
35,admin.,single,secondary,no,184,yes,no,cellular,18,may,181,2,-1,0,unknown,no,2024-01-02 05:00:00
40,technician,married,secondary,no,17,no,no,telephone,17,nov,192,1,-1,0,unknown,no,2024-01-02 06:00:00
31,admin.,single,tertiary,no,1531,yes,no,unknown,28,may,48,5,-1,0,unknown,no,2024-01-02 07:00:00
34,admin.,single,primary,no,286,yes,no,cellular,13,may,329,1,-1,0,unknown,no,2024-01-02 08:00:00
50,management,married,tertiary,no,830,no,no,unknown,2,jul,60,2,-1,0,unknown,no,2024-01-02 09:00:00
53,blue-collar,married,primary,no,207,no,yes,unknown,4,jul,212,1,-1,0,unknown,no,2024-01-02 10:00:00
45,admin.,married,secondary,no,-173,yes,no,unknown,27,may,315,2,-1,0,unknown,no,2024-01-02 11:00:00
49,technician,married,secondary,no,177,yes,yes,cellular,28,jan,90,1,204,1,failure,no,2024-01-02 12:00:00
45,blue-collar,married,unknown,no,-320,yes,no,unknown,28,may,204,3,-1,0,unknown,no,2024-01-02 13:00:00
40,blue-collar,married,secondary,no,1028,yes,yes,cellular,17,apr,319,1,-1,0,unknown,no,2024-01-02 14:00:00
29,admin.,single,secondary,no,1992,no,no,cellular,12,apr,119,2,-1,0,unknown,no,2024-01-02 15:00:00
42,technician,married,secondary,no,1812,yes,no,cellular,31,jul,84,2,-1,0,unknown,no,2024-01-02 16:00:00
48,technician,married,secondary,no,454,yes,no,cellular,10,jul,114,1,-1,0,unknown,no,2024-01-02 17:00:00
38,technician,single,tertiary,no,1619,no,no,unknown,9,jun,324,1,-1,0,unknown,no,2024-01-02 18:00:00
38,entrepreneur,married,unknown,no,259,no,no,cellular,18,nov,63,1,-1,0,unknown,no,2024-01-02 19:00:00
54,blue-collar,married,primary,no,162,yes,no,cellular,6,may,184,1,-1,0,unknown,no,2024-01-02 20:00:00
82,retired,divorced,tertiary,no,0,no,no,telephone,12,nov,226,1,-1,0,unknown,yes,2024-01-02 21:00:00
48,technician,married,secondary,no,0,yes,no,cellular,28,jan,123,1,204,1,failure,no,2024-01-02 22:00:00
24,admin.,single,tertiary,no,805,yes,no,cellular,5,may,169,2,-1,0,unknown,no,2024-01-02 23:00:00
33,technician,single,tertiary,no,231,yes,no,unknown,27,may,198,2,-1,0,unknown,no,2024-01-03 00:00:00
35,technician,married,secondary,no,294,yes,no,cellular,9,mar,301,1,90,4,success,yes,2024-01-03 01:00:00
38,unknown,single,tertiary,no,0,no,no,cellular,11,sep,260,3,95,3,success,yes,2024-01-03 02:00:00
53,technician,married,secondary,no,2647,yes,no,unknown,30,may,121,1,-1,0,unknown,no,2024-01-03 03:00:00
33,technician,single,secondary,no,80,no,no,cellular,22,aug,572,2,-1,0,unknown,no,2024-01-03 04:00:00
37,self-employed,married,tertiary,no,208,yes,no,cellular,31,jul,350,5,-1,0,unknown,no,2024-01-03 05:00:00
35,management,married,tertiary,no,2801,yes,no,cellular,31,jul,184,2,-1,0,unknown,no,2024-01-03 06:00:00
44,entrepreneur,married,secondary,no,93,no,no,cellular,7,jul,125,2,-1,0,unknown,no,2024-01-03 07:00:00
37,entrepreneur,married,secondary,no,46,no,yes,cellular,19,aug,119,4,-1,0,unknown,no,2024-01-03 08:00:00
35,blue-collar,single,secondary,no,907,yes,yes,unknown,8,may,242,1,-1,0,unknown,no,2024-01-03 09:00:00
38,technician,married,secondary,no,10,no,no,cellular,2,feb,86,1,161,5,other,no,2024-01-03 10:00:00
54,management,married,tertiary,no,122,yes,no,cellular,22,jul,126,3,-1,0,unknown,no,2024-01-03 11:00:00
32,unemployed,single,secondary,no,5670,no,no,cellular,4,feb,326,1,-1,0,unknown,no,2024-01-03 12:00:00
29,blue-collar,married,secondary,no,-191,no,yes,cellular,14,jul,115,2,-1,0,unknown,no,2024-01-03 13:00:00
45,admin.,married,secondary,no,644,no,yes,telephone,22,jul,92,1,-1,0,unknown,no,2024-01-03 14:00:00
43,blue-collar,married,primary,no,6614,no,no,unknown,30,may,192,4,-1,0,unknown,no,2024-01-03 15:00:00
37,management,single,tertiary,no,767,no,no,cellular,22,aug,160,2,-1,0,unknown,no,2024-01-03 16:00:00
53,unemployed,married,secondary,no,76,yes,yes,unknown,16,may,283,1,-1,0,unknown,no,2024-01-03 17:00:00
34,services,married,secondary,no,0,yes,no,unknown,21,may,872,5,-1,0,unknown,no,2024-01-03 18:00:00
35,management,single,tertiary,no,2486,yes,no,cellular,25,may,265,1,-1,0,unknown,no,2024-01-03 19:00:00
40,blue-collar,married,primary,no,780,yes,no,cellular,12,may,206,1,357,1,failure,no,2024-01-03 20:00:00
32,technician,married,secondary,no,11697,yes,no,unknown,20,may,296,1,-1,0,unknown,no,2024-01-03 21:00:00
36,technician,divorced,secondary,no,556,yes,no,cellular,18,nov,154,3,189,1,failure,no,2024-01-03 22:00:00
37,management,married,primary,no,4721,no,no,telephone,28,jan,46,1,-1,0,unknown,no,2024-01-03 23:00:00
48,blue-collar,married,primary,no,4,yes,no,unknown,8,may,198,1,-1,0,unknown,no,2024-01-04 00:00:00
45,blue-collar,married,secondary,no,141,yes,yes,unknown,14,may,21,10,-1,0,unknown,no,2024-01-04 01:00:00
58,retired,married,secondary,no,255,no,no,unknown,28,may,362,3,-1,0,unknown,no,2024-01-04 02:00:00
21,student,single,secondary,no,39,no,no,cellular,6,jul,207,2,-1,0,unknown,no,2024-01-04 03:00:00
28,management,single,tertiary,no,20,no,no,cellular,28,jan,144,2,-1,0,unknown,no,2024-01-04 04:00:00
39,management,married,tertiary,no,627,no,no,unknown,16,jun,32,2,-1,0,unknown,no,2024-01-04 05:00:00
28,blue-collar,single,secondary,no,3412,yes,no,cellular,15,may,22,4,-1,0,unknown,no,2024-01-04 06:00:00
35,admin.,married,secondary,no,3863,yes,no,cellular,20,nov,239,1,-1,0,unknown,no,2024-01-04 07:00:00
53,services,married,secondary,no,197,yes,no,cellular,17,apr,307,1,-1,0,unknown,no,2024-01-04 08:00:00
40,technician,married,secondary,no,0,yes,yes,cellular,26,jul,105,2,172,1,failure,no,2024-01-04 09:00:00
54,blue-collar,married,primary,no,6191,no,no,cellular,19,nov,102,2,-1,0,unknown,no,2024-01-04 10:00:00
52,technician,divorced,secondary,no,225,no,no,cellular,21,aug,58,2,-1,0,unknown,no,2024-01-04 11:00:00
27,unemployed,married,secondary,no,1167,no,no,cellular,29,jan,394,1,-1,0,unknown,no,2024-01-04 12:00:00
28,blue-collar,single,primary,no,431,yes,no,cellular,13,may,68,2,363,2,failure,no,2024-01-04 13:00:00
52,technician,married,secondary,no,2102,yes,no,cellular,18,jul,292,2,-1,0,unknown,no,2024-01-04 14:00:00
35,management,single,tertiary,no,714,yes,no,cellular,26,aug,135,22,-1,0,unknown,no,2024-01-04 15:00:00
34,admin.,married,secondary,no,1191,yes,no,unknown,21,may,383,2,-1,0,unknown,no,2024-01-04 16:00:00
48,technician,divorced,secondary,no,94,yes,no,cellular,12,may,87,2,-1,0,unknown,no,2024-01-04 17:00:00
51,technician,married,secondary,no,428,no,yes,cellular,18,jul,145,2,-1,0,unknown,no,2024-01-04 18:00:00
28,services,divorced,secondary,no,356,no,no,cellular,28,jan,296,1,-1,0,unknown,no,2024-01-04 19:00:00
39,admin.,single,secondary,no,762,yes,no,unknown,8,may,288,1,-1,0,unknown,no,2024-01-04 20:00:00
51,technician,divorced,secondary,no,2323,yes,yes,cellular,18,aug,151,10,-1,0,unknown,no,2024-01-04 21:00:00
49,technician,married,secondary,no,-215,yes,no,unknown,26,may,155,2,-1,0,unknown,no,2024-01-04 22:00:00
27,admin.,single,secondary,no,3,yes,no,cellular,8,may,346,2,-1,0,unknown,no,2024-01-04 23:00:00
29,blue-collar,married,primary,no,715,yes,no,unknown,27,may,170,1,-1,0,unknown,no,2024-01-05 00:00:00
33,blue-collar,divorced,secondary,no,176,yes,no,unknown,12,may,157,5,-1,0,unknown,no,2024-01-05 01:00:00
37,management,married,tertiary,no,0,yes,no,unknown,7,may,228,1,-1,0,unknown,no,2024-01-05 02:00:00
36,admin.,married,secondary,no,953,yes,no,cellular,17,aug,80,1,81,2,failure,no,2024-01-05 03:00:00
31,admin.,single,secondary,no,1016,yes,no,unknown,20,jun,9,5,-1,0,unknown,no,2024-01-05 04:00:00
53,admin.,married,secondary,no,1373,no,no,cellular,5,aug,78,2,-1,0,unknown,no,2024-01-05 05:00:00
46,blue-collar,married,primary,no,501,yes,no,unknown,14,may,230,2,-1,0,unknown,no,2024-01-05 06:00:00
28,student,single,tertiary,no,737,yes,no,unknown,27,may,125,1,-1,0,unknown,no,2024-01-05 07:00:00
45,admin.,married,secondary,no,985,yes,no,unknown,13,may,390,1,-1,0,unknown,no,2024-01-05 08:00:00
25,student,married,tertiary,no,4923,yes,yes,cellular,19,feb,266,2,219,12,other,no,2024-01-05 09:00:00
36,management,single,tertiary,no,436,no,no,cellular,13,apr,567,1,595,2,failure,yes,2024-01-05 10:00:00
22,services,single,secondary,no,652,no,no,telephone,31,aug,139,1,-1,0,unknown,no,2024-01-05 11:00:00
53,management,married,tertiary,no,261,yes,no,telephone,14,may,154,2,336,2,failure,no,2024-01-05 12:00:00
52,admin.,married,secondary,no,7742,no,no,cellular,11,aug,149,3,-1,0,unknown,no,2024-01-05 13:00:00
26,services,married,secondary,no,0,yes,no,cellular,18,may,130,4,-1,0,unknown,no,2024-01-05 14:00:00
41,entrepreneur,married,tertiary,no,-81,no,yes,unknown,2,jul,83,3,-1,0,unknown,no,2024-01-05 15:00:00
33,blue-collar,married,primary,no,261,yes,no,cellular,20,nov,252,1,-1,0,unknown,no,2024-01-05 16:00:00
58,retired,married,primary,no,928,no,no,cellular,26,may,304,1,-1,0,unknown,no,2024-01-05 17:00:00
48,services,divorced,secondary,no,457,yes,no,cellular,11,may,199,1,326,5,other,no,2024-01-05 18:00:00
71,retired,married,tertiary,no,2651,no,no,cellular,5,feb,531,2,-1,0,unknown,no,2024-01-05 19:00:00
43,blue-collar,married,primary,no,50,no,no,unknown,28,may,90,8,-1,0,unknown,no,2024-01-05 20:00:00
56,services,married,secondary,no,5486,yes,no,cellular,30,jul,251,3,-1,0,unknown,no,2024-01-05 21:00:00
58,technician,divorced,secondary,no,-354,yes,yes,cellular,7,jul,98,1,-1,0,unknown,no,2024-01-05 22:00:00
30,admin.,married,secondary,no,60,no,yes,cellular,25,jul,61,2,-1,0,unknown,no,2024-01-05 23:00:00
50,admin.,married,secondary,no,5361,no,no,cellular,18,feb,276,3,195,1,failure,no,2024-01-06 00:00:00
42,housemaid,married,secondary,no,341,no,no,unknown,24,jun,790,3,-1,0,unknown,no,2024-01-06 01:00:00
51,management,married,tertiary,no,8304,no,no,cellular,12,aug,105,2,-1,0,unknown,no,2024-01-06 02:00:00
20,student,single,unknown,no,4137,yes,no,telephone,16,apr,55,2,-1,0,unknown,no,2024-01-06 03:00:00
47,admin.,married,unknown,no,0,yes,no,cellular,21,nov,85,1,198,1,failure,no,2024-01-06 04:00:00
24,services,married,secondary,no,183,yes,no,cellular,18,may,453,4,-1,0,unknown,no,2024-01-06 05:00:00
63,retired,married,secondary,no,18016,no,no,cellular,7,jul,371,1,-1,0,unknown,yes,2024-01-06 06:00:00
56,retired,married,secondary,no,728,no,no,cellular,31,jul,107,15,-1,0,unknown,no,2024-01-06 07:00:00
49,unemployed,divorced,secondary,no,495,yes,no,unknown,16,may,40,5,-1,0,unknown,no,2024-01-06 08:00:00
32,technician,married,secondary,no,1118,yes,yes,unknown,9,may,128,2,-1,0,unknown,no,2024-01-06 09:00:00
30,technician,single,tertiary,no,0,yes,no,cellular,13,aug,150,4,-1,0,unknown,no,2024-01-06 10:00:00
44,management,divorced,tertiary,no,1467,no,no,unknown,17,jun,49,1,-1,0,unknown,no,2024-01-06 11:00:00
58,technician,married,unknown,no,-205,yes,no,unknown,3,jun,497,2,-1,0,unknown,no,2024-01-06 12:00:00
52,blue-collar,married,primary,no,990,no,no,cellular,21,aug,96,2,-1,0,unknown,no,2024-01-06 13:00:00
35,technician,married,tertiary,no,118,no,no,cellular,6,aug,358,2,-1,0,unknown,no,2024-01-06 14:00:00
34,entrepreneur,married,primary,no,7279,yes,no,cellular,12,may,882,1,-1,0,unknown,yes,2024-01-06 15:00:00
29,technician,single,secondary,no,534,yes,no,cellular,18,may,382,1,-1,0,unknown,no,2024-01-06 16:00:00
36,management,single,tertiary,no,1520,no,no,cellular,22,aug,101,2,-1,0,unknown,no,2024-01-06 17:00:00
43,admin.,married,secondary,no,2271,no,no,telephone,10,nov,524,1,-1,0,unknown,yes,2024-01-06 18:00:00
53,management,married,tertiary,no,8093,no,no,cellular,19,nov,93,1,-1,0,unknown,no,2024-01-06 19:00:00
47,self-employed,married,secondary,no,523,no,no,unknown,20,jul,7,1,-1,0,unknown,no,2024-01-06 20:00:00
52,housemaid,married,primary,no,618,yes,yes,cellular,10,aug,352,2,102,2,failure,no,2024-01-06 21:00:00
27,blue-collar,single,secondary,no,5,yes,no,unknown,19,may,205,3,-1,0,unknown,no,2024-01-06 22:00:00
49,management,married,tertiary,no,96,no,no,cellular,7,jul,51,2,-1,0,unknown,no,2024-01-06 23:00:00
49,blue-collar,married,primary,no,399,no,no,cellular,29,jan,679,1,-1,0,unknown,no,2024-01-07 00:00:00
42,blue-collar,married,primary,no,199,yes,no,cellular,2,feb,272,1,-1,0,unknown,no,2024-01-07 01:00:00
38,blue-collar,married,secondary,no,284,yes,yes,unknown,3,jun,1030,6,-1,0,unknown,no,2024-01-07 02:00:00
42,management,married,tertiary,no,1162,yes,no,cellular,13,may,406,5,364,1,other,no,2024-01-07 03:00:00
39,services,married,unknown,no,-516,yes,no,unknown,9,may,86,2,-1,0,unknown,no,2024-01-07 04:00:00
48,services,divorced,secondary,no,-361,yes,no,cellular,12,may,1062,3,349,3,other,yes,2024-01-07 05:00:00
35,admin.,married,secondary,no,4698,yes,no,unknown,16,jun,359,1,-1,0,unknown,no,2024-01-07 06:00:00
34,admin.,married,secondary,no,-45,yes,no,cellular,21,jul,88,4,-1,0,unknown,no,2024-01-07 07:00:00
45,admin.,married,secondary,no,171,yes,yes,cellular,7,aug,292,1,-1,0,unknown,no,2024-01-07 08:00:00
57,admin.,single,secondary,no,3551,yes,no,cellular,12,may,458,1,-1,0,unknown,yes,2024-01-07 09:00:00
47,admin.,single,secondary,no,3531,yes,no,cellular,7,jul,49,6,-1,0,unknown,no,2024-01-07 10:00:00
55,management,married,tertiary,no,5804,no,no,unknown,24,jun,56,3,-1,0,unknown,no,2024-01-07 11:00:00
39,blue-collar,married,primary,no,2226,yes,no,unknown,6,may,158,1,-1,0,unknown,no,2024-01-07 12:00:00
49,retired,married,primary,no,375,no,yes,telephone,21,jul,110,7,-1,0,unknown,no,2024-01-07 13:00:00
37,technician,divorced,secondary,no,531,no,no,unknown,17,jun,150,7,-1,0,unknown,no,2024-01-07 14:00:00
32,management,single,tertiary,no,3283,no,no,cellular,12,aug,623,2,191,2,success,yes,2024-01-07 15:00:00
31,blue-collar,single,tertiary,no,328,yes,no,cellular,14,may,414,1,175,1,failure,no,2024-01-07 16:00:00
30,self-employed,married,secondary,no,581,yes,no,cellular,21,nov,197,3,-1,0,unknown,no,2024-01-07 17:00:00
37,blue-collar,single,primary,no,0,yes,no,unknown,5,jun,309,2,-1,0,unknown,no,2024-01-07 18:00:00
47,technician,married,secondary,no,275,no,no,cellular,20,aug,447,4,-1,0,unknown,no,2024-01-07 19:00:00
58,blue-collar,married,unknown,no,807,yes,no,cellular,7,may,57,1,366,2,failure,no,2024-01-07 20:00:00
33,admin.,single,secondary,no,901,no,no,cellular,3,feb,18,5,6,3,other,no,2024-01-07 21:00:00
25,blue-collar,single,secondary,no,674,no,no,cellular,24,jul,736,2,-1,0,unknown,no,2024-01-07 22:00:00
32,technician,married,secondary,no,3095,no,no,cellular,12,aug,204,10,-1,0,unknown,no,2024-01-07 23:00:00
57,management,single,unknown,no,5368,yes,no,cellular,21,nov,585,1,-1,0,unknown,no,2024-01-08 00:00:00
37,housemaid,married,unknown,no,3075,no,no,unknown,20,jun,29,3,-1,0,unknown,no,2024-01-08 01:00:00
31,self-employed,married,tertiary,no,168,no,no,cellular,4,feb,193,2,-1,0,unknown,yes,2024-01-08 02:00:00
59,housemaid,married,primary,no,57,no,no,cellular,22,aug,212,11,-1,0,unknown,no,2024-01-08 03:00:00
33,management,single,tertiary,no,-53,no,no,cellular,29,jan,617,2,-1,0,unknown,no,2024-01-08 04:00:00
55,unemployed,married,tertiary,no,5345,no,no,unknown,6,may,278,1,-1,0,unknown,no,2024-01-08 05:00:00
31,blue-collar,married,secondary,no,-110,yes,no,unknown,26,may,440,1,-1,0,unknown,no,2024-01-08 06:00:00
41,blue-collar,married,secondary,yes,-750,yes,yes,cellular,21,jul,251,3,-1,0,unknown,no,2024-01-08 07:00:00
70,retired,married,secondary,no,2064,no,no,cellular,22,oct,334,1,-1,0,unknown,no,2024-01-08 08:00:00
32,admin.,single,secondary,no,-32,no,no,cellular,29,jan,320,1,185,5,other,no,2024-01-08 09:00:00
27,entrepreneur,married,secondary,no,2329,no,no,telephone,27,oct,131,1,-1,0,unknown,yes,2024-01-08 10:00:00
35,technician,divorced,secondary,no,556,yes,no,unknown,13,may,214,1,-1,0,unknown,no,2024-01-08 11:00:00
31,management,single,tertiary,no,424,no,yes,cellular,7,aug,224,2,-1,0,unknown,no,2024-01-08 12:00:00
35,services,married,secondary,no,0,no,yes,telephone,9,jul,42,1,-1,0,unknown,no,2024-01-08 13:00:00
36,student,single,unknown,no,386,no,no,unknown,18,jun,359,2,-1,0,unknown,no,2024-01-08 14:00:00
34,management,divorced,tertiary,no,471,no,no,cellular,20,apr,247,1,332,4,failure,no,2024-01-08 15:00:00
56,self-employed,married,tertiary,yes,0,no,no,cellular,19,nov,122,1,-1,0,unknown,no,2024-01-08 16:00:00
37,blue-collar,married,primary,no,153,no,yes,cellular,31,jul,15,26,-1,0,unknown,no,2024-01-08 17:00:00
55,technician,married,secondary,no,726,yes,no,unknown,16,may,271,1,-1,0,unknown,no,2024-01-08 18:00:00
56,technician,married,tertiary,no,1181,no,no,cellular,28,jan,186,1,433,1,failure,yes,2024-01-08 19:00:00
44,technician,married,secondary,no,533,yes,no,cellular,8,may,153,4,171,3,failure,no,2024-01-08 20:00:00
59,retired,married,tertiary,no,941,no,yes,cellular,4,feb,231,1,210,1,failure,no,2024-01-08 21:00:00
53,blue-collar,single,primary,no,354,yes,no,cellular,29,jan,133,1,226,2,failure,no,2024-01-08 22:00:00
48,management,married,secondary,no,3663,yes,no,cellular,19,nov,239,1,-1,0,unknown,no,2024-01-08 23:00:00
33,entrepreneur,married,tertiary,no,0,yes,yes,cellular,18,nov,114,1,-1,0,unknown,no,2024-01-09 00:00:00
28,student,single,secondary,no,153,no,no,cellular,23,jul,1124,2,-1,0,unknown,yes,2024-01-09 01:00:00
44,blue-collar,married,secondary,no,8666,no,no,telephone,6,apr,172,1,-1,0,unknown,no,2024-01-09 02:00:00
35,blue-collar,married,secondary,no,73,no,no,unknown,9,may,134,3,-1,0,unknown,no,2024-01-09 03:00:00
25,services,married,secondary,no,72,yes,no,cellular,23,jul,305,2,-1,0,unknown,no,2024-01-09 04:00:00
56,retired,married,tertiary,no,5,no,no,cellular,23,jul,122,3,-1,0,unknown,no,2024-01-09 05:00:00
37,student,divorced,tertiary,no,0,no,no,telephone,30,jul,100,6,-1,0,unknown,no,2024-01-09 06:00:00
38,management,single,tertiary,no,7303,yes,no,cellular,20,apr,164,6,-1,0,unknown,no,2024-01-09 07:00:00
51,blue-collar,divorced,primary,no,0,yes,no,cellular,21,jul,322,2,-1,0,unknown,no,2024-01-09 08:00:00
35,management,divorced,tertiary,no,500,yes,no,cellular,5,feb,177,1,252,1,failure,no,2024-01-09 09:00:00
58,retired,married,secondary,no,413,no,no,cellular,27,aug,104,5,-1,0,unknown,no,2024-01-09 10:00:00
31,management,married,tertiary,yes,-1038,yes,no,cellular,16,jul,255,2,-1,0,unknown,no,2024-01-09 11:00:00
84,retired,divorced,primary,no,1680,no,no,telephone,6,sep,113,5,97,3,other,no,2024-01-09 12:00:00
53,management,married,tertiary,no,3911,yes,yes,unknown,30,may,63,2,-1,0,unknown,no,2024-01-09 13:00:00
29,unemployed,single,secondary,no,2424,no,no,cellular,6,feb,93,1,-1,0,unknown,no,2024-01-09 14:00:00
30,self-employed,single,tertiary,no,800,no,no,unknown,6,may,95,2,-1,0,unknown,no,2024-01-09 15:00:00
31,admin.,single,secondary,no,626,yes,no,unknown,21,may,211,1,-1,0,unknown,no,2024-01-09 16:00:00
44,self-employed,married,secondary,no,-264,yes,no,cellular,29,jan,227,1,-1,0,unknown,no,2024-01-09 17:00:00
50,unemployed,married,secondary,no,5164,no,no,unknown,12,jun,117,5,-1,0,unknown,no,2024-01-09 18:00:00
34,technician,married,tertiary,no,4953,no,no,cellular,7,aug,235,2,-1,0,unknown,no,2024-01-09 19:00:00
30,technician,single,secondary,no,1692,yes,yes,unknown,28,may,141,2,-1,0,unknown,no,2024-01-09 20:00:00
31,blue-collar,married,secondary,no,714,yes,no,unknown,23,may,254,1,-1,0,unknown,no,2024-01-09 21:00:00
36,technician,single,secondary,no,2151,yes,no,cellular,13,may,134,1,370,1,failure,no,2024-01-09 22:00:00
31,self-employed,single,unknown,no,7118,yes,no,cellular,8,may,795,6,170,3,failure,no,2024-01-09 23:00:00
54,management,divorced,tertiary,no,2171,yes,yes,telephone,18,nov,1034,1,-1,0,unknown,yes,2024-01-10 00:00:00
42,self-employed,married,tertiary,no,10072,no,no,cellular,16,nov,137,3,208,1,failure,no,2024-01-10 01:00:00
26,management,single,tertiary,no,690,no,no,cellular,5,feb,76,3,-1,0,unknown,no,2024-01-10 02:00:00
23,services,married,secondary,no,2211,yes,no,cellular,15,may,210,2,-1,0,unknown,no,2024-01-10 03:00:00
55,unknown,married,secondary,no,2206,no,no,cellular,12,aug,265,1,91,5,success,yes,2024-01-10 04:00:00
24,student,single,secondary,no,387,no,no,telephone,4,may,340,8,-1,0,unknown,yes,2024-01-10 05:00:00
26,student,single,tertiary,no,376,no,no,telephone,2,feb,237,2,-1,0,unknown,no,2024-01-10 06:00:00
34,technician,divorced,secondary,no,0,yes,yes,cellular,20,apr,110,3,269,2,other,no,2024-01-10 07:00:00
38,technician,married,secondary,no,-104,no,no,cellular,28,aug,13,17,-1,0,unknown,no,2024-01-10 08:00:00
43,entrepreneur,married,primary,no,1318,yes,yes,telephone,11,may,10,8,-1,0,unknown,no,2024-01-10 09:00:00
38,blue-collar,married,secondary,no,3598,no,no,unknown,6,jun,154,1,-1,0,unknown,no,2024-01-10 10:00:00
31,management,single,tertiary,no,12857,yes,no,telephone,4,may,483,4,87,2,success,yes,2024-01-10 11:00:00
43,management,divorced,tertiary,no,350,yes,no,unknown,4,jun,128,1,-1,0,unknown,no,2024-01-10 12:00:00
27,admin.,single,secondary,no,1,yes,no,unknown,12,may,86,1,-1,0,unknown,no,2024-01-10 13:00:00
51,management,married,tertiary,no,1854,yes,yes,cellular,7,may,166,3,338,2,failure,no,2024-01-10 14:00:00
26,housemaid,married,secondary,no,-759,yes,no,cellular,11,jul,191,1,-1,0,unknown,no,2024-01-10 15:00:00
59,entrepreneur,married,primary,no,0,no,no,unknown,19,jun,239,1,-1,0,unknown,no,2024-01-10 16:00:00
53,blue-collar,married,secondary,no,359,no,yes,unknown,8,may,238,8,-1,0,unknown,no,2024-01-10 17:00:00
33,management,married,tertiary,no,2126,no,no,cellular,8,aug,174,2,-1,0,unknown,no,2024-01-10 18:00:00
37,admin.,married,secondary,no,36,yes,no,unknown,13,may,428,1,-1,0,unknown,no,2024-01-10 19:00:00
40,blue-collar,married,secondary,no,3311,yes,yes,unknown,26,may,243,6,-1,0,unknown,no,2024-01-10 20:00:00
38,blue-collar,divorced,secondary,no,889,no,yes,unknown,18,jun,362,1,-1,0,unknown,no,2024-01-10 21:00:00
56,services,married,secondary,yes,-8,no,no,cellular,6,aug,159,2,-1,0,unknown,no,2024-01-10 22:00:00
50,management,married,secondary,no,49,yes,no,unknown,5,may,180,2,-1,0,unknown,no,2024-01-10 23:00:00
34,admin.,married,secondary,no,1406,yes,no,cellular,27,may,145,1,-1,0,unknown,yes,2024-01-11 00:00:00
41,unemployed,married,secondary,no,1077,yes,yes,telephone,9,dec,207,3,387,2,failure,yes,2024-01-11 01:00:00
55,housemaid,married,primary,no,0,no,no,cellular,18,aug,984,2,-1,0,unknown,no,2024-01-11 02:00:00
59,housemaid,married,secondary,no,1040,no,no,cellular,5,aug,123,2,-1,0,unknown,no,2024-01-11 03:00:00
51,technician,married,secondary,no,52,no,no,cellular,13,aug,114,2,-1,0,unknown,no,2024-01-11 04:00:00
33,admin.,single,tertiary,no,475,yes,no,cellular,7,may,1046,1,-1,0,unknown,yes,2024-01-11 05:00:00
45,technician,single,secondary,no,11,no,no,cellular,22,aug,247,1,-1,0,unknown,no,2024-01-11 06:00:00
50,technician,single,secondary,no,246,yes,no,cellular,17,nov,270,1,123,2,failure,no,2024-01-11 07:00:00
34,services,married,secondary,no,6662,yes,yes,cellular,14,apr,308,2,-1,0,unknown,no,2024-01-11 08:00:00
39,unemployed,single,secondary,no,804,no,no,cellular,21,dec,193,8,203,1,success,no,2024-01-11 09:00:00
47,unemployed,single,primary,no,289,no,no,cellular,5,feb,210,1,-1,0,unknown,no,2024-01-11 10:00:00
58,blue-collar,married,primary,no,0,no,no,telephone,13,aug,181,1,-1,0,unknown,no,2024-01-11 11:00:00
33,technician,single,tertiary,no,6127,no,no,cellular,8,aug,127,3,-1,0,unknown,no,2024-01-11 12:00:00
36,blue-collar,married,secondary,no,160,yes,no,cellular,30,jan,344,2,-1,0,unknown,no,2024-01-11 13:00:00
38,technician,single,secondary,no,1655,no,no,cellular,29,jul,392,2,-1,0,unknown,no,2024-01-11 14:00:00
28,blue-collar,married,tertiary,no,902,yes,no,telephone,28,jul,296,2,-1,0,unknown,no,2024-01-11 15:00:00
33,technician,married,secondary,no,272,yes,no,cellular,18,jul,166,2,-1,0,unknown,no,2024-01-11 16:00:00
49,unemployed,married,primary,no,518,no,no,cellular,29,jan,1917,2,-1,0,unknown,yes,2024-01-11 17:00:00
34,technician,married,secondary,no,384,yes,no,cellular,6,sep,127,2,831,1,other,no,2024-01-11 18:00:00
26,services,single,secondary,no,2158,yes,yes,telephone,5,jun,227,1,-1,0,unknown,no,2024-01-11 19:00:00
51,housemaid,married,tertiary,no,390,yes,no,cellular,30,jul,102,3,-1,0,unknown,no,2024-01-11 20:00:00
58,retired,married,primary,no,2074,no,no,cellular,18,jun,259,2,-1,0,unknown,yes,2024-01-11 21:00:00
31,blue-collar,married,secondary,no,1660,yes,no,cellular,20,apr,342,1,-1,0,unknown,no,2024-01-11 22:00:00
47,entrepreneur,married,secondary,no,0,no,no,unknown,19,jun,563,2,-1,0,unknown,no,2024-01-11 23:00:00
56,admin.,divorced,unknown,no,4246,yes,no,unknown,6,may,304,2,-1,0,unknown,no,2024-01-12 00:00:00
37,technician,divorced,secondary,no,262,yes,no,cellular,8,may,268,1,281,4,other,no,2024-01-12 01:00:00
56,retired,married,primary,no,1947,no,no,cellular,3,jun,124,1,34,2,failure,no,2024-01-12 02:00:00
58,admin.,divorced,secondary,no,3337,yes,no,telephone,8,oct,369,2,690,3,failure,yes,2024-01-12 03:00:00
30,technician,single,secondary,no,893,no,no,cellular,26,aug,45,3,-1,0,unknown,no,2024-01-12 04:00:00
34,management,single,tertiary,no,1009,yes,no,cellular,12,aug,68,2,-1,0,unknown,no,2024-01-12 05:00:00
54,admin.,married,unknown,no,-337,yes,no,unknown,12,may,288,2,-1,0,unknown,no,2024-01-12 06:00:00
31,admin.,single,secondary,no,144,yes,no,unknown,4,jul,43,11,-1,0,unknown,no,2024-01-12 07:00:00
51,self-employed,married,primary,no,1242,no,no,cellular,25,aug,75,11,-1,0,unknown,no,2024-01-12 08:00:00
37,blue-collar,married,primary,no,3574,yes,no,unknown,2,jun,152,2,-1,0,unknown,no,2024-01-12 09:00:00
52,management,married,tertiary,no,1415,no,no,cellular,4,aug,163,1,-1,0,unknown,no,2024-01-12 10:00:00
38,technician,married,secondary,yes,238,no,no,cellular,30,jul,376,8,-1,0,unknown,no,2024-01-12 11:00:00
52,management,married,tertiary,no,1944,yes,no,cellular,15,apr,238,3,323,2,failure,no,2024-01-12 12:00:00
48,blue-collar,married,secondary,no,861,no,no,telephone,9,feb,49,6,-1,0,unknown,no,2024-01-12 13:00:00
46,admin.,married,secondary,no,9319,yes,no,cellular,21,nov,31,7,-1,0,unknown,no,2024-01-12 14:00:00
45,blue-collar,married,primary,no,1670,no,yes,cellular,24,jul,171,1,-1,0,unknown,no,2024-01-12 15:00:00
31,technician,single,tertiary,no,1463,no,no,cellular,11,aug,97,2,-1,0,unknown,no,2024-01-12 16:00:00
37,technician,single,tertiary,no,1609,no,yes,unknown,20,jun,10,19,-1,0,unknown,no,2024-01-12 17:00:00
33,blue-collar,single,primary,no,577,yes,no,cellular,15,may,59,4,-1,0,unknown,no,2024-01-12 18:00:00
30,technician,single,secondary,no,194,no,yes,cellular,27,aug,60,3,-1,0,unknown,no,2024-01-12 19:00:00
34,admin.,married,primary,no,412,yes,no,cellular,13,may,217,1,287,2,failure,no,2024-01-12 20:00:00
34,blue-collar,married,secondary,no,587,yes,no,unknown,4,jun,77,8,-1,0,unknown,no,2024-01-12 21:00:00
59,entrepreneur,married,tertiary,no,1553,no,yes,cellular,18,nov,79,2,-1,0,unknown,no,2024-01-12 22:00:00
47,management,divorced,tertiary,no,4556,yes,no,unknown,14,may,146,1,-1,0,unknown,no,2024-01-12 23:00:00
34,management,married,secondary,no,333,no,no,cellular,26,aug,90,4,-1,0,unknown,no,2024-01-13 00:00:00
43,services,single,secondary,no,370,yes,no,cellular,4,feb,257,1,-1,0,unknown,no,2024-01-13 01:00:00
37,technician,single,tertiary,no,2642,yes,no,cellular,25,jul,591,3,-1,0,unknown,no,2024-01-13 02:00:00
30,admin.,single,secondary,no,270,no,no,cellular,9,feb,123,1,-1,0,unknown,yes,2024-01-13 03:00:00
37,management,single,tertiary,no,400,yes,no,unknown,16,jun,244,1,-1,0,unknown,no,2024-01-13 04:00:00
81,retired,married,primary,no,0,no,no,telephone,11,aug,198,1,-1,0,unknown,no,2024-01-13 05:00:00
47,blue-collar,married,secondary,no,7985,yes,no,unknown,29,may,347,1,-1,0,unknown,no,2024-01-13 06:00:00
39,services,divorced,secondary,no,2,yes,yes,unknown,11,jun,62,1,-1,0,unknown,no,2024-01-13 07:00:00
32,technician,married,secondary,no,-213,yes,no,cellular,28,aug,310,7,-1,0,unknown,no,2024-01-13 08:00:00
27,management,single,tertiary,no,377,no,no,cellular,21,aug,171,3,91,1,failure,no,2024-01-13 09:00:00
42,blue-collar,married,primary,no,2103,yes,no,cellular,13,apr,384,2,-1,0,unknown,yes,2024-01-13 10:00:00
38,technician,married,secondary,no,381,yes,no,unknown,29,may,126,2,-1,0,unknown,no,2024-01-13 11:00:00
44,blue-collar,single,primary,no,-24,no,no,telephone,7,jul,564,1,-1,0,unknown,no,2024-01-13 12:00:00
37,management,married,tertiary,no,561,no,no,cellular,4,aug,204,2,-1,0,unknown,no,2024-01-13 13:00:00
33,technician,single,tertiary,no,340,no,no,cellular,8,aug,348,2,-1,0,unknown,no,2024-01-13 14:00:00
31,blue-collar,married,unknown,no,-120,yes,no,cellular,3,feb,100,3,201,2,failure,no,2024-01-13 15:00:00
60,services,married,secondary,no,-46,no,no,unknown,23,may,132,2,-1,0,unknown,no,2024-01-13 16:00:00
50,blue-collar,married,primary,yes,354,yes,no,unknown,7,may,123,2,-1,0,unknown,no,2024-01-13 17:00:00
43,services,married,secondary,no,-236,yes,no,cellular,28,jul,745,7,-1,0,unknown,yes,2024-01-13 18:00:00
46,admin.,married,secondary,no,466,yes,no,cellular,29,jan,169,1,-1,0,unknown,no,2024-01-13 19:00:00
34,entrepreneur,married,tertiary,no,105,yes,no,unknown,28,may,249,2,-1,0,unknown,no,2024-01-13 20:00:00
52,services,married,primary,no,821,yes,yes,cellular,8,apr,426,2,-1,0,unknown,no,2024-01-13 21:00:00
48,blue-collar,married,primary,no,2321,no,no,cellular,27,aug,218,7,-1,0,unknown,no,2024-01-13 22:00:00
54,housemaid,married,primary,no,284,no,no,telephone,13,aug,127,4,-1,0,unknown,no,2024-01-13 23:00:00
33,technician,married,secondary,no,-616,yes,yes,unknown,27,may,320,1,-1,0,unknown,no,2024-01-14 00:00:00
53,management,married,primary,no,13901,yes,no,cellular,21,nov,59,1,-1,0,unknown,no,2024-01-14 01:00:00
49,technician,married,secondary,no,3392,no,no,cellular,13,aug,272,2,-1,0,unknown,no,2024-01-14 02:00:00
39,technician,married,unknown,no,931,yes,no,cellular,4,feb,64,1,-1,0,unknown,no,2024-01-14 03:00:00
30,technician,married,secondary,no,26,no,no,cellular,20,aug,55,2,-1,0,unknown,no,2024-01-14 04:00:00
31,technician,married,tertiary,no,1410,yes,no,unknown,21,may,42,1,-1,0,unknown,no,2024-01-14 05:00:00
48,services,divorced,secondary,no,62,yes,no,cellular,8,may,561,1,-1,0,unknown,no,2024-01-14 06:00:00
41,management,married,secondary,no,218,yes,no,unknown,16,may,247,1,-1,0,unknown,no,2024-01-14 07:00:00
33,self-employed,divorced,secondary,no,1904,yes,no,cellular,17,jul,1584,2,-1,0,unknown,yes,2024-01-14 08:00:00
31,technician,single,tertiary,no,321,yes,no,unknown,3,jun,25,16,-1,0,unknown,no,2024-01-14 09:00:00
29,admin.,single,secondary,no,-44,yes,no,unknown,13,may,166,4,-1,0,unknown,no,2024-01-14 10:00:00
67,management,divorced,tertiary,no,361,no,no,cellular,13,oct,411,2,-1,0,unknown,yes,2024-01-14 11:00:00
30,technician,single,secondary,no,2544,no,no,cellular,8,apr,108,2,-1,0,unknown,yes,2024-01-14 12:00:00
37,technician,married,secondary,no,1142,yes,no,cellular,17,jul,309,2,-1,0,unknown,no,2024-01-14 13:00:00
59,retired,married,secondary,no,0,no,no,unknown,5,jun,812,1,-1,0,unknown,yes,2024-01-14 14:00:00
47,management,married,secondary,no,1144,no,yes,cellular,29,jan,324,1,-1,0,unknown,no,2024-01-14 15:00:00
31,admin.,married,secondary,no,355,yes,no,unknown,9,may,239,1,-1,0,unknown,no,2024-01-14 16:00:00
49,blue-collar,married,primary,no,923,no,no,unknown,20,jun,471,2,-1,0,unknown,no,2024-01-14 17:00:00
32,blue-collar,single,secondary,no,1139,yes,no,cellular,29,jan,57,1,191,1,failure,no,2024-01-14 18:00:00
29,blue-collar,married,primary,no,608,yes,no,unknown,9,may,184,2,-1,0,unknown,no,2024-01-14 19:00:00
51,admin.,married,secondary,no,79,no,no,cellular,13,aug,89,2,-1,0,unknown,no,2024-01-14 20:00:00
39,admin.,single,secondary,no,470,yes,no,unknown,20,jun,44,2,-1,0,unknown,no,2024-01-14 21:00:00
32,services,single,secondary,no,133,no,no,cellular,15,apr,171,1,-1,0,unknown,yes,2024-01-14 22:00:00
37,blue-collar,married,primary,no,345,yes,no,cellular,29,jan,344,1,188,2,failure,no,2024-01-14 23:00:00
35,blue-collar,married,primary,no,4319,no,no,cellular,16,apr,266,1,-1,0,unknown,no,2024-01-15 00:00:00
33,management,single,tertiary,no,0,yes,no,cellular,13,may,585,1,-1,0,unknown,yes,2024-01-15 01:00:00
44,blue-collar,married,primary,no,1511,yes,no,unknown,16,may,96,2,-1,0,unknown,no,2024-01-15 02:00:00
20,student,single,unknown,no,755,no,no,cellular,29,dec,284,1,-1,0,unknown,yes,2024-01-15 03:00:00
28,technician,single,tertiary,no,75,yes,yes,cellular,5,may,233,2,-1,0,unknown,no,2024-01-15 04:00:00
56,admin.,single,secondary,no,4118,no,no,telephone,27,may,165,1,-1,0,unknown,yes,2024-01-15 05:00:00
33,services,married,secondary,no,210,yes,yes,unknown,20,may,201,1,-1,0,unknown,no,2024-01-15 06:00:00
37,services,married,secondary,no,50,yes,no,unknown,8,may,352,3,-1,0,unknown,no,2024-01-15 07:00:00
28,blue-collar,single,secondary,no,1232,yes,no,unknown,4,jun,201,2,-1,0,unknown,no,2024-01-15 08:00:00
51,management,single,tertiary,no,1146,yes,yes,unknown,19,may,458,4,-1,0,unknown,no,2024-01-15 09:00:00
51,blue-collar,married,primary,no,0,yes,no,telephone,14,jul,120,3,-1,0,unknown,no,2024-01-15 10:00:00
25,blue-collar,single,primary,no,292,yes,yes,cellular,18,may,1027,2,-1,0,unknown,yes,2024-01-15 11:00:00
60,housemaid,married,secondary,no,1211,no,no,telephone,18,aug,268,2,-1,0,unknown,no,2024-01-15 12:00:00
51,technician,married,secondary,no,19,no,yes,cellular,8,aug,160,4,-1,0,unknown,no,2024-01-15 13:00:00
37,technician,married,secondary,no,-796,yes,yes,unknown,26,may,299,1,-1,0,unknown,no,2024-01-15 14:00:00
30,blue-collar,married,primary,no,1,yes,yes,telephone,22,jul,80,2,-1,0,unknown,no,2024-01-15 15:00:00
36,services,married,secondary,no,0,yes,no,cellular,30,jul,54,12,-1,0,unknown,no,2024-01-15 16:00:00
31,technician,married,secondary,no,503,no,no,cellular,20,nov,178,1,-1,0,unknown,no,2024-01-15 17:00:00
35,management,married,tertiary,no,2461,no,no,cellular,15,jun,205,2,81,4,other,no,2024-01-15 18:00:00
51,management,married,tertiary,no,346,no,no,cellular,12,nov,134,2,192,3,failure,yes,2024-01-15 19:00:00
39,blue-collar,married,primary,no,1135,yes,no,unknown,27,may,35,1,-1,0,unknown,no,2024-01-15 20:00:00
55,retired,married,secondary,no,1126,yes,no,telephone,28,jul,388,2,-1,0,unknown,no,2024-01-15 21:00:00
32,technician,married,secondary,no,255,no,yes,cellular,25,aug,63,5,-1,0,unknown,no,2024-01-15 22:00:00
56,management,married,tertiary,no,2925,no,no,cellular,29,aug,133,6,-1,0,unknown,no,2024-01-15 23:00:00
29,technician,married,secondary,no,1599,yes,no,cellular,28,oct,95,1,112,2,failure,no,2024-01-16 00:00:00
46,technician,married,secondary,no,-59,yes,yes,unknown,2,jun,117,2,-1,0,unknown,no,2024-01-16 01:00:00
37,management,married,tertiary,no,1967,yes,no,cellular,27,may,774,1,-1,0,unknown,no,2024-01-16 02:00:00
59,retired,married,secondary,no,306,no,yes,cellular,18,nov,121,1,-1,0,unknown,no,2024-01-16 03:00:00
43,admin.,divorced,secondary,no,242,yes,no,unknown,23,may,174,1,-1,0,unknown,no,2024-01-16 04:00:00
37,blue-collar,married,secondary,no,15801,yes,no,unknown,14,may,456,9,-1,0,unknown,no,2024-01-16 05:00:00
34,technician,single,secondary,no,5731,yes,no,cellular,21,jul,101,3,-1,0,unknown,no,2024-01-16 06:00:00
53,technician,married,secondary,no,87,yes,no,unknown,27,may,183,9,-1,0,unknown,no,2024-01-16 07:00:00
39,services,divorced,secondary,no,-288,yes,no,cellular,11,may,227,1,-1,0,unknown,no,2024-01-16 08:00:00
44,admin.,divorced,secondary,no,2999,yes,no,cellular,14,may,717,1,-1,0,unknown,yes,2024-01-16 09:00:00
24,blue-collar,single,unknown,no,76,yes,no,unknown,19,may,345,1,-1,0,unknown,no,2024-01-16 10:00:00
41,housemaid,married,secondary,no,81,yes,no,cellular,11,may,193,1,-1,0,unknown,no,2024-01-16 11:00:00
56,admin.,married,secondary,no,346,yes,yes,unknown,30,may,46,3,-1,0,unknown,no,2024-01-16 12:00:00
42,housemaid,divorced,secondary,no,3253,no,no,unknown,20,jun,18,7,-1,0,unknown,no,2024-01-16 13:00:00
24,student,single,secondary,no,228,no,no,cellular,20,aug,99,1,79,1,failure,no,2024-01-16 14:00:00
44,entrepreneur,married,secondary,no,860,yes,yes,cellular,6,may,96,2,295,5,failure,no,2024-01-16 15:00:00
34,technician,married,secondary,no,4,yes,no,cellular,2,feb,105,2,263,1,failure,no,2024-01-16 16:00:00
37,management,single,secondary,no,792,yes,no,unknown,16,may,1187,4,-1,0,unknown,yes,2024-01-16 17:00:00
59,management,divorced,secondary,no,0,yes,no,unknown,28,may,248,6,-1,0,unknown,no,2024-01-16 18:00:00
36,management,married,tertiary,no,535,no,no,cellular,20,apr,150,2,-1,0,unknown,yes,2024-01-16 19:00:00
33,management,married,tertiary,no,483,yes,no,unknown,14,may,738,2,-1,0,unknown,no,2024-01-16 20:00:00
34,management,married,tertiary,no,6463,yes,no,cellular,21,nov,40,1,-1,0,unknown,no,2024-01-16 21:00:00
57,management,single,secondary,no,137,yes,no,unknown,4,jun,91,4,-1,0,unknown,no,2024-01-16 22:00:00
32,services,single,secondary,no,2251,yes,yes,cellular,18,nov,131,1,124,1,failure,no,2024-01-16 23:00:00
29,services,single,secondary,no,102,no,no,cellular,11,jan,111,1,210,4,failure,no,2024-01-17 00:00:00
43,management,married,tertiary,no,354,no,no,cellular,14,aug,169,10,-1,0,unknown,no,2024-01-17 01:00:00
36,services,married,secondary,no,387,yes,no,unknown,23,may,232,1,-1,0,unknown,no,2024-01-17 02:00:00
52,blue-collar,single,primary,no,1400,no,no,cellular,30,jul,103,4,-1,0,unknown,no,2024-01-17 03:00:00
32,technician,married,secondary,no,0,no,no,unknown,2,jun,68,21,-1,0,unknown,no,2024-01-17 04:00:00
61,retired,married,secondary,no,1853,no,no,telephone,10,aug,520,1,181,2,success,yes,2024-01-17 05:00:00
26,services,married,secondary,no,25,no,no,cellular,9,jul,94,1,-1,0,unknown,no,2024-01-17 06:00:00
35,self-employed,married,tertiary,no,137,no,no,cellular,5,feb,142,4,-1,0,unknown,no,2024-01-17 07:00:00
30,entrepreneur,single,tertiary,no,676,no,yes,cellular,22,jul,214,1,-1,0,unknown,no,2024-01-17 08:00:00
61,management,married,tertiary,no,0,no,no,cellular,16,oct,136,2,-1,0,unknown,yes,2024-01-17 09:00:00
36,management,married,tertiary,no,-2,no,no,cellular,11,aug,242,2,-1,0,unknown,no,2024-01-17 10:00:00
53,services,married,primary,no,931,no,no,unknown,27,jun,159,2,-1,0,unknown,no,2024-01-17 11:00:00
31,services,single,secondary,no,181,no,no,cellular,30,apr,325,1,-1,0,unknown,yes,2024-01-17 12:00:00
33,entrepreneur,married,tertiary,no,-886,yes,yes,cellular,25,aug,103,6,-1,0,unknown,no,2024-01-17 13:00:00
57,technician,married,primary,no,1276,yes,no,cellular,14,jul,103,4,-1,0,unknown,no,2024-01-17 14:00:00
32,admin.,single,tertiary,no,138,no,yes,cellular,29,jul,57,4,-1,0,unknown,no,2024-01-17 15:00:00
35,entrepreneur,married,secondary,no,2008,no,no,unknown,4,jun,178,6,-1,0,unknown,no,2024-01-17 16:00:00
30,entrepreneur,married,primary,no,-98,yes,no,unknown,21,may,166,7,-1,0,unknown,no,2024-01-17 17:00:00
40,technician,single,unknown,no,3652,yes,no,unknown,14,may,1028,2,-1,0,unknown,yes,2024-01-17 18:00:00
46,self-employed,married,tertiary,no,917,no,no,cellular,9,jul,389,5,-1,0,unknown,no,2024-01-17 19:00:00
37,management,single,tertiary,no,35,yes,no,cellular,18,jul,34,3,-1,0,unknown,no,2024-01-17 20:00:00
51,technician,divorced,secondary,no,550,yes,no,cellular,11,jul,451,1,-1,0,unknown,no,2024-01-17 21:00:00
34,admin.,single,secondary,no,718,yes,no,cellular,29,jan,169,1,-1,0,unknown,no,2024-01-17 22:00:00
55,entrepreneur,divorced,tertiary,no,1119,no,no,unknown,29,may,283,1,-1,0,unknown,no,2024-01-17 23:00:00
47,admin.,married,secondary,no,-185,yes,no,cellular,18,jul,84,2,-1,0,unknown,no,2024-01-18 00:00:00
33,management,married,tertiary,yes,-148,yes,yes,cellular,19,nov,340,2,-1,0,unknown,no,2024-01-18 01:00:00
32,blue-collar,married,secondary,no,1148,yes,no,cellular,20,apr,121,1,-1,0,unknown,no,2024-01-18 02:00:00
51,technician,married,secondary,no,1490,yes,no,cellular,2,feb,177,1,199,2,failure,no,2024-01-18 03:00:00
27,technician,single,secondary,no,41,yes,yes,cellular,25,jul,803,1,-1,0,unknown,no,2024-01-18 04:00:00
40,technician,married,secondary,no,4341,no,no,cellular,20,nov,290,1,-1,0,unknown,no,2024-01-18 05:00:00
30,management,single,tertiary,no,2592,no,no,cellular,19,nov,50,1,-1,0,unknown,no,2024-01-18 06:00:00
31,blue-collar,married,secondary,no,1545,yes,yes,cellular,13,may,207,1,-1,0,unknown,no,2024-01-18 07:00:00
51,blue-collar,married,secondary,no,33,no,yes,unknown,16,jun,721,3,-1,0,unknown,yes,2024-01-18 08:00:00
35,services,divorced,secondary,no,440,yes,no,unknown,2,jun,101,1,-1,0,unknown,no,2024-01-18 09:00:00
45,services,married,secondary,no,75,yes,yes,unknown,2,jun,222,2,-1,0,unknown,no,2024-01-18 10:00:00
32,blue-collar,married,primary,no,-283,yes,no,cellular,18,may,24,2,349,2,other,no,2024-01-18 11:00:00
33,technician,single,tertiary,no,390,yes,no,cellular,3,feb,161,1,256,1,failure,no,2024-01-18 12:00:00
31,technician,single,secondary,no,863,yes,no,cellular,25,may,166,3,111,6,failure,no,2024-01-18 13:00:00
39,admin.,married,tertiary,no,1108,no,no,cellular,21,apr,204,1,-1,0,unknown,yes,2024-01-18 14:00:00
48,housemaid,single,primary,no,46,no,no,cellular,4,aug,118,1,1,3,success,yes,2024-01-18 15:00:00
31,self-employed,single,tertiary,no,917,no,yes,cellular,17,nov,367,3,-1,0,unknown,no,2024-01-18 16:00:00
40,blue-collar,married,primary,no,533,yes,no,cellular,5,feb,675,4,-1,0,unknown,no,2024-01-18 17:00:00
35,blue-collar,married,secondary,no,0,yes,yes,cellular,8,apr,519,1,-1,0,unknown,no,2024-01-18 18:00:00
34,technician,single,secondary,no,4367,no,no,cellular,13,aug,121,2,-1,0,unknown,no,2024-01-18 19:00:00
38,management,married,tertiary,no,0,no,no,cellular,12,aug,119,2,-1,0,unknown,no,2024-01-18 20:00:00
24,admin.,married,secondary,no,-94,yes,no,cellular,15,may,217,1,-1,0,unknown,no,2024-01-18 21:00:00
35,management,married,tertiary,no,2088,yes,no,cellular,12,aug,94,1,51,3,failure,no,2024-01-18 22:00:00
76,retired,divorced,primary,no,3049,no,no,cellular,24,mar,170,3,-1,0,unknown,yes,2024-01-18 23:00:00
57,management,married,tertiary,no,320,no,no,cellular,7,aug,76,2,-1,0,unknown,no,2024-01-19 00:00:00
42,blue-collar,single,secondary,no,382,yes,no,cellular,13,may,294,1,-1,0,unknown,no,2024-01-19 01:00:00
29,management,married,tertiary,no,4050,yes,no,unknown,28,may,166,1,-1,0,unknown,no,2024-01-19 02:00:00
34,blue-collar,single,primary,no,464,yes,no,cellular,18,may,173,1,299,2,other,no,2024-01-19 03:00:00
55,management,married,tertiary,no,5709,yes,no,cellular,12,may,442,1,-1,0,unknown,no,2024-01-19 04:00:00
39,management,married,tertiary,no,1802,no,no,cellular,25,jan,129,2,97,2,failure,no,2024-01-19 05:00:00
53,management,married,tertiary,no,1319,yes,no,cellular,16,apr,427,1,150,1,failure,no,2024-01-19 06:00:00
31,unemployed,divorced,tertiary,no,256,yes,no,cellular,16,jul,873,2,-1,0,unknown,yes,2024-01-19 07:00:00
48,blue-collar,married,primary,no,257,yes,no,unknown,5,jun,333,2,-1,0,unknown,no,2024-01-19 08:00:00
37,blue-collar,married,primary,no,-325,yes,yes,unknown,6,may,112,2,-1,0,unknown,no,2024-01-19 09:00:00
57,services,married,primary,no,443,no,no,telephone,17,jul,167,1,-1,0,unknown,no,2024-01-19 10:00:00
35,technician,married,secondary,no,580,yes,no,cellular,2,nov,180,2,171,1,failure,no,2024-01-19 11:00:00
47,blue-collar,married,secondary,no,1001,yes,no,unknown,7,may,201,4,-1,0,unknown,no,2024-01-19 12:00:00
59,management,married,tertiary,no,7049,no,no,unknown,11,jun,647,2,-1,0,unknown,no,2024-01-19 13:00:00
33,management,single,tertiary,no,30,yes,no,cellular,22,jul,1077,1,-1,0,unknown,yes,2024-01-19 14:00:00
36,blue-collar,married,secondary,no,153,yes,no,cellular,8,may,263,1,171,2,failure,no,2024-01-19 15:00:00
51,entrepreneur,married,secondary,no,0,yes,yes,cellular,16,apr,432,1,150,1,failure,no,2024-01-19 16:00:00
28,admin.,married,secondary,no,568,yes,no,cellular,4,feb,11,6,252,4,other,no,2024-01-19 17:00:00
30,admin.,married,primary,no,624,yes,no,cellular,15,may,212,2,368,1,failure,no,2024-01-19 18:00:00
42,unemployed,single,primary,no,5717,no,no,cellular,29,jan,70,2,-1,0,unknown,no,2024-01-19 19:00:00
64,retired,married,secondary,no,588,no,no,cellular,18,jan,366,1,91,2,failure,yes,2024-01-19 20:00:00
31,services,single,unknown,no,6145,yes,no,cellular,31,jul,70,13,-1,0,unknown,no,2024-01-19 21:00:00
39,technician,married,secondary,no,4441,yes,no,unknown,21,may,86,2,-1,0,unknown,no,2024-01-19 22:00:00
62,management,married,tertiary,no,5008,no,no,telephone,4,jun,139,2,-1,0,unknown,no,2024-01-19 23:00:00
54,housemaid,married,primary,no,470,no,no,cellular,25,aug,104,6,-1,0,unknown,no,2024-01-20 00:00:00
58,management,married,tertiary,no,4265,yes,no,unknown,29,may,96,2,-1,0,unknown,no,2024-01-20 01:00:00
31,technician,divorced,secondary,no,105,yes,no,cellular,16,jul,72,1,-1,0,unknown,no,2024-01-20 02:00:00
29,self-employed,single,tertiary,no,270,yes,no,cellular,14,jan,110,7,252,4,failure,no,2024-01-20 03:00:00
38,blue-collar,married,secondary,no,769,yes,no,unknown,3,jun,235,1,-1,0,unknown,no,2024-01-20 04:00:00
51,management,married,tertiary,no,615,yes,no,cellular,17,apr,97,1,-1,0,unknown,no,2024-01-20 05:00:00
27,management,single,secondary,no,-403,yes,no,cellular,21,jul,54,3,-1,0,unknown,no,2024-01-20 06:00:00
29,technician,married,secondary,no,782,yes,no,unknown,16,may,131,1,-1,0,unknown,no,2024-01-20 07:00:00
26,unemployed,single,secondary,no,632,no,no,cellular,12,aug,312,3,181,1,success,yes,2024-01-20 08:00:00
41,unemployed,divorced,primary,no,487,no,no,cellular,30,apr,157,1,-1,0,unknown,no,2024-01-20 09:00:00
29,technician,single,tertiary,no,-803,yes,yes,cellular,6,may,827,1,329,9,failure,no,2024-01-20 10:00:00
29,blue-collar,married,secondary,no,368,yes,no,cellular,15,may,345,1,310,7,failure,no,2024-01-20 11:00:00
30,self-employed,single,unknown,no,-142,yes,no,cellular,18,may,144,1,-1,0,unknown,no,2024-01-20 12:00:00
46,admin.,divorced,secondary,no,289,no,yes,cellular,21,jul,76,3,-1,0,unknown,no,2024-01-20 13:00:00
45,unemployed,divorced,primary,yes,11,no,no,cellular,13,aug,489,5,-1,0,unknown,yes,2024-01-20 14:00:00
54,management,divorced,tertiary,no,5475,no,no,cellular,21,oct,1032,1,91,4,success,yes,2024-01-20 15:00:00
57,blue-collar,married,primary,no,162,yes,no,unknown,6,may,155,2,-1,0,unknown,no,2024-01-20 16:00:00
39,blue-collar,single,tertiary,no,172,yes,no,cellular,10,aug,248,1,131,1,success,no,2024-01-20 17:00:00
71,retired,married,tertiary,no,3561,no,no,telephone,15,mar,577,7,-1,0,unknown,yes,2024-01-20 18:00:00
32,admin.,single,secondary,no,642,yes,no,cellular,5,feb,52,1,253,2,failure,no,2024-01-20 19:00:00
30,management,single,tertiary,no,74,no,no,cellular,12,aug,96,5,-1,0,unknown,no,2024-01-20 20:00:00
27,blue-collar,single,primary,no,0,no,yes,cellular,9,jul,240,2,-1,0,unknown,no,2024-01-20 21:00:00
26,technician,single,secondary,no,1231,yes,no,cellular,3,jun,385,2,96,5,success,yes,2024-01-20 22:00:00
39,management,divorced,tertiary,no,299,yes,no,cellular,8,may,40,2,-1,0,unknown,no,2024-01-20 23:00:00
45,blue-collar,married,primary,no,377,no,no,cellular,28,aug,26,23,-1,0,unknown,no,2024-01-21 00:00:00
42,self-employed,married,primary,no,3641,yes,no,unknown,14,may,869,1,-1,0,unknown,no,2024-01-21 01:00:00
45,admin.,married,secondary,no,309,no,no,cellular,25,aug,72,4,-1,0,unknown,no,2024-01-21 02:00:00
37,admin.,married,secondary,no,529,yes,no,cellular,16,sep,234,1,149,2,other,no,2024-01-21 03:00:00
50,technician,divorced,secondary,no,-701,yes,yes,cellular,24,jul,148,1,-1,0,unknown,no,2024-01-21 04:00:00
47,blue-collar,married,secondary,no,1449,no,no,cellular,4,aug,322,1,-1,0,unknown,no,2024-01-21 05:00:00
31,blue-collar,single,secondary,no,199,no,no,telephone,30,apr,110,1,-1,0,unknown,no,2024-01-21 06:00:00
40,management,married,tertiary,no,416,yes,no,cellular,24,jul,55,2,-1,0,unknown,no,2024-01-21 07:00:00
35,admin.,married,secondary,no,56,yes,no,unknown,13,may,93,6,-1,0,unknown,no,2024-01-21 08:00:00
33,blue-collar,married,secondary,no,0,yes,no,unknown,21,may,521,3,-1,0,unknown,yes,2024-01-21 09:00:00
33,management,married,tertiary,no,603,yes,no,cellular,29,jan,265,1,-1,0,unknown,no,2024-01-21 10:00:00
24,blue-collar,single,unknown,no,11,yes,no,unknown,13,may,109,2,-1,0,unknown,no,2024-01-21 11:00:00
36,blue-collar,single,secondary,no,3508,yes,no,cellular,7,apr,183,1,266,3,failure,no,2024-01-21 12:00:00
46,technician,married,unknown,no,3308,no,no,cellular,27,oct,171,1,91,2,success,yes,2024-01-21 13:00:00
35,technician,married,tertiary,no,122,no,no,cellular,27,mar,277,1,-1,0,unknown,no,2024-01-21 14:00:00
54,management,married,tertiary,no,195,no,yes,cellular,4,feb,47,1,265,6,other,no,2024-01-21 15:00:00
31,admin.,single,secondary,no,4198,no,no,cellular,25,nov,234,1,-1,0,unknown,yes,2024-01-21 16:00:00
31,services,single,secondary,no,2070,no,no,cellular,29,aug,319,2,-1,0,unknown,no,2024-01-21 17:00:00
72,retired,married,secondary,no,4269,no,no,telephone,16,apr,122,3,-1,0,unknown,no,2024-01-21 18:00:00
65,retired,married,primary,no,2173,no,no,cellular,14,apr,72,1,-1,0,unknown,no,2024-01-21 19:00:00
48,blue-collar,married,primary,no,72,yes,no,unknown,6,jun,114,5,-1,0,unknown,no,2024-01-21 20:00:00
30,blue-collar,single,secondary,no,4,no,no,cellular,15,apr,692,1,-1,0,unknown,no,2024-01-21 21:00:00
24,student,single,unknown,no,782,no,no,cellular,4,may,12,7,91,1,other,no,2024-01-21 22:00:00
41,blue-collar,married,primary,no,0,yes,no,unknown,30,may,232,3,-1,0,unknown,no,2024-01-21 23:00:00
34,admin.,single,secondary,no,934,no,no,cellular,18,jul,909,3,-1,0,unknown,no,2024-01-22 00:00:00
35,management,married,tertiary,no,2308,no,yes,unknown,9,jun,540,1,-1,0,unknown,no,2024-01-22 01:00:00
46,blue-collar,married,secondary,no,137,no,no,unknown,20,jun,252,3,-1,0,unknown,no,2024-01-22 02:00:00
38,entrepreneur,married,tertiary,no,1649,no,yes,cellular,6,sep,218,2,432,3,success,no,2024-01-22 03:00:00
36,services,single,secondary,no,760,no,no,unknown,20,jun,9,13,-1,0,unknown,no,2024-01-22 04:00:00
31,admin.,single,secondary,no,482,yes,no,cellular,18,nov,183,1,-1,0,unknown,no,2024-01-22 05:00:00
30,blue-collar,single,secondary,yes,447,no,no,cellular,19,nov,426,2,189,6,failure,no,2024-01-22 06:00:00
44,entrepreneur,married,secondary,no,-20,no,no,unknown,28,may,167,3,-1,0,unknown,no,2024-01-22 07:00:00
26,student,single,secondary,no,696,no,no,unknown,24,jun,22,1,-1,0,unknown,no,2024-01-22 08:00:00
53,services,married,secondary,no,139,yes,no,cellular,19,aug,28,17,-1,0,unknown,no,2024-01-22 09:00:00
42,management,married,tertiary,no,365,yes,no,unknown,19,may,49,2,-1,0,unknown,no,2024-01-22 10:00:00
54,management,married,tertiary,no,2883,no,no,cellular,18,aug,1126,5,-1,0,unknown,no,2024-01-22 11:00:00
36,technician,married,tertiary,no,202,no,no,cellular,1,jun,206,1,192,1,failure,no,2024-01-22 12:00:00
39,admin.,divorced,secondary,no,-349,yes,no,unknown,5,may,611,2,-1,0,unknown,no,2024-01-22 13:00:00
48,management,married,primary,no,427,no,no,cellular,17,nov,62,1,-1,0,unknown,no,2024-01-22 14:00:00
45,technician,married,secondary,no,1028,yes,no,cellular,9,jul,113,1,-1,0,unknown,no,2024-01-22 15:00:00
44,blue-collar,married,primary,no,0,yes,no,unknown,15,may,226,6,-1,0,unknown,no,2024-01-22 16:00:00
50,services,divorced,secondary,no,761,yes,no,unknown,19,may,169,1,-1,0,unknown,no,2024-01-22 17:00:00
46,technician,married,secondary,yes,289,no,no,unknown,7,may,51,3,-1,0,unknown,no,2024-01-22 18:00:00
43,admin.,married,secondary,no,2576,yes,no,cellular,17,nov,143,2,-1,0,unknown,no,2024-01-22 19:00:00
58,retired,married,secondary,no,0,no,no,cellular,19,aug,153,2,-1,0,unknown,no,2024-01-22 20:00:00
33,unemployed,single,secondary,no,682,no,no,cellular,5,feb,251,1,-1,0,unknown,no,2024-01-22 21:00:00
27,management,single,tertiary,no,731,yes,no,unknown,28,may,335,2,-1,0,unknown,no,2024-01-22 22:00:00
28,blue-collar,married,primary,no,0,yes,no,cellular,16,jul,129,2,-1,0,unknown,no,2024-01-22 23:00:00
30,blue-collar,married,secondary,no,2493,no,no,cellular,28,jan,293,2,-1,0,unknown,yes,2024-01-23 00:00:00
52,management,single,tertiary,no,2076,yes,no,unknown,29,may,112,1,-1,0,unknown,no,2024-01-23 01:00:00
58,services,married,secondary,no,1905,no,no,cellular,27,aug,202,5,-1,0,unknown,no,2024-01-23 02:00:00
62,retired,married,secondary,no,3340,no,no,cellular,4,aug,259,1,35,1,failure,no,2024-01-23 03:00:00
37,unknown,single,tertiary,no,0,no,no,cellular,8,jun,257,2,97,1,success,yes,2024-01-23 04:00:00
33,blue-collar,married,primary,no,767,yes,no,unknown,9,may,296,3,-1,0,unknown,no,2024-01-23 05:00:00
36,admin.,single,secondary,no,886,yes,yes,cellular,14,may,362,6,-1,0,unknown,no,2024-01-23 06:00:00
25,management,single,tertiary,no,4578,no,no,cellular,2,jun,100,1,-1,0,unknown,no,2024-01-23 07:00:00
60,management,married,tertiary,no,2281,no,no,cellular,5,feb,230,2,-1,0,unknown,yes,2024-01-23 08:00:00
44,unemployed,married,secondary,no,304,yes,no,unknown,12,may,129,2,-1,0,unknown,no,2024-01-23 09:00:00
47,unemployed,married,secondary,no,123,no,no,cellular,4,aug,653,2,-1,0,unknown,no,2024-01-23 10:00:00
50,management,married,primary,no,15035,yes,no,cellular,12,may,158,1,-1,0,unknown,no,2024-01-23 11:00:00
34,management,married,tertiary,no,1433,no,no,cellular,8,aug,170,3,-1,0,unknown,no,2024-01-23 12:00:00
28,blue-collar,single,secondary,no,7,yes,yes,unknown,9,may,125,3,-1,0,unknown,no,2024-01-23 13:00:00
35,services,married,secondary,no,0,yes,no,cellular,30,jul,251,3,-1,0,unknown,no,2024-01-23 14:00:00
32,services,single,secondary,no,-1139,yes,no,cellular,7,jul,201,1,-1,0,unknown,no,2024-01-23 15:00:00
40,blue-collar,married,secondary,no,280,yes,no,cellular,8,may,435,2,340,3,failure,no,2024-01-23 16:00:00
41,admin.,married,secondary,no,8238,yes,yes,unknown,30,may,124,4,-1,0,unknown,no,2024-01-23 17:00:00
33,self-employed,married,primary,no,0,no,no,cellular,6,aug,139,8,-1,0,unknown,no,2024-01-23 18:00:00
34,management,divorced,tertiary,no,1,yes,no,cellular,5,may,106,1,362,3,other,no,2024-01-23 19:00:00
40,blue-collar,married,secondary,no,0,no,no,cellular,25,jul,96,2,-1,0,unknown,no,2024-01-23 20:00:00
38,blue-collar,married,primary,no,2366,yes,no,unknown,26,may,97,4,-1,0,unknown,no,2024-01-23 21:00:00
40,management,married,tertiary,no,0,yes,no,unknown,30,may,138,1,-1,0,unknown,no,2024-01-23 22:00:00
50,blue-collar,married,secondary,no,1557,yes,no,unknown,7,may,263,6,-1,0,unknown,no,2024-01-23 23:00:00
36,technician,single,secondary,no,4136,yes,no,unknown,30,may,812,3,-1,0,unknown,yes,2024-01-24 00:00:00
71,self-employed,married,secondary,no,5946,no,no,cellular,3,jul,59,7,-1,0,unknown,no,2024-01-24 01:00:00
29,blue-collar,married,secondary,no,1238,yes,no,cellular,20,apr,478,1,341,1,failure,no,2024-01-24 02:00:00
49,housemaid,married,secondary,no,211,no,no,cellular,22,aug,220,2,-1,0,unknown,no,2024-01-24 03:00:00
35,services,single,secondary,no,-437,yes,no,unknown,3,jun,43,5,-1,0,unknown,no,2024-01-24 04:00:00
44,blue-collar,married,primary,no,112,yes,no,unknown,14,may,225,2,-1,0,unknown,no,2024-01-24 05:00:00
59,retired,married,primary,no,41,yes,yes,unknown,21,may,717,3,-1,0,unknown,no,2024-01-24 06:00:00
50,entrepreneur,married,secondary,no,806,yes,yes,cellular,7,may,141,8,297,2,other,no,2024-01-24 07:00:00
34,services,married,secondary,no,627,yes,no,unknown,9,may,117,9,-1,0,unknown,no,2024-01-24 08:00:00
32,technician,single,secondary,no,283,yes,no,cellular,29,jan,71,1,-1,0,unknown,no,2024-01-24 09:00:00
39,blue-collar,married,secondary,no,11,no,no,unknown,29,may,199,2,-1,0,unknown,no,2024-01-24 10:00:00
29,admin.,single,secondary,no,-498,yes,no,cellular,2,feb,99,3,227,14,failure,no,2024-01-24 11:00:00
28,management,single,tertiary,no,1996,yes,yes,unknown,28,may,55,1,-1,0,unknown,no,2024-01-24 12:00:00
37,blue-collar,married,primary,no,152,yes,no,cellular,17,apr,252,2,-1,0,unknown,no,2024-01-24 13:00:00
56,technician,married,unknown,no,689,no,no,cellular,31,jul,232,2,-1,0,unknown,no,2024-01-24 14:00:00
51,management,married,tertiary,no,285,no,no,cellular,9,feb,278,2,-1,0,unknown,no,2024-01-24 15:00:00
52,technician,married,secondary,no,1818,no,yes,cellular,17,nov,189,2,111,4,failure,no,2024-01-24 16:00:00
55,housemaid,divorced,unknown,no,1276,no,no,unknown,20,jun,8,12,-1,0,unknown,no,2024-01-24 17:00:00
32,blue-collar,married,primary,no,1,yes,no,cellular,11,may,184,4,-1,0,unknown,no,2024-01-24 18:00:00
42,management,divorced,tertiary,no,9,yes,no,cellular,21,jul,509,1,-1,0,unknown,no,2024-01-24 19:00:00
35,blue-collar,married,primary,no,624,yes,no,unknown,7,may,163,1,-1,0,unknown,no,2024-01-24 20:00:00
44,technician,single,secondary,no,27,no,no,unknown,1,jul,723,2,-1,0,unknown,no,2024-01-24 21:00:00
40,technician,single,secondary,no,277,yes,no,unknown,14,may,274,2,-1,0,unknown,no,2024-01-24 22:00:00
22,blue-collar,married,secondary,no,223,yes,no,cellular,6,may,268,1,344,1,failure,no,2024-01-24 23:00:00
54,admin.,divorced,secondary,no,1814,no,no,unknown,13,may,521,1,-1,0,unknown,no,2024-01-25 00:00:00
56,management,married,tertiary,no,94,no,no,cellular,23,jul,530,3,-1,0,unknown,no,2024-01-25 01:00:00
43,admin.,married,secondary,no,-879,yes,no,unknown,20,jun,199,4,-1,0,unknown,no,2024-01-25 02:00:00
54,self-employed,married,secondary,no,77,no,no,cellular,21,aug,180,4,-1,0,unknown,no,2024-01-25 03:00:00
52,housemaid,married,tertiary,no,43,no,no,cellular,30,jul,32,2,-1,0,unknown,no,2024-01-25 04:00:00
47,admin.,married,secondary,no,718,yes,yes,cellular,5,aug,195,2,-1,0,unknown,no,2024-01-25 05:00:00
36,technician,married,secondary,no,3832,yes,no,cellular,11,jul,393,1,-1,0,unknown,no,2024-01-25 06:00:00
29,blue-collar,married,secondary,no,-20,yes,no,cellular,7,may,140,3,-1,0,unknown,no,2024-01-25 07:00:00
30,entrepreneur,single,primary,no,0,yes,yes,unknown,27,may,1051,1,-1,0,unknown,yes,2024-01-25 08:00:00
45,services,married,secondary,no,3638,yes,yes,unknown,3,jun,313,7,-1,0,unknown,no,2024-01-25 09:00:00
26,admin.,single,secondary,no,1348,no,no,cellular,30,jan,103,1,-1,0,unknown,no,2024-01-25 10:00:00
36,services,single,secondary,no,248,yes,no,unknown,7,may,90,2,-1,0,unknown,no,2024-01-25 11:00:00
39,management,single,tertiary,no,26,yes,yes,cellular,21,nov,52,1,179,4,failure,no,2024-01-25 12:00:00
32,services,single,secondary,no,0,no,yes,cellular,11,jul,333,2,-1,0,unknown,no,2024-01-25 13:00:00
40,entrepreneur,divorced,tertiary,no,0,no,yes,cellular,5,feb,985,6,-1,0,unknown,no,2024-01-25 14:00:00
51,services,married,secondary,no,121,yes,no,cellular,10,jul,122,1,-1,0,unknown,no,2024-01-25 15:00:00
56,blue-collar,married,primary,no,247,no,no,telephone,9,apr,126,4,-1,0,unknown,no,2024-01-25 16:00:00
54,management,married,tertiary,no,364,yes,no,cellular,17,jul,301,1,-1,0,unknown,no,2024-01-25 17:00:00
48,management,divorced,tertiary,no,541,yes,no,cellular,14,may,72,1,363,2,other,no,2024-01-25 18:00:00
42,self-employed,married,tertiary,no,4960,no,no,cellular,17,nov,139,1,-1,0,unknown,no,2024-01-25 19:00:00
37,services,married,secondary,no,-58,yes,no,unknown,16,jun,146,3,-1,0,unknown,no,2024-01-25 20:00:00
31,technician,single,tertiary,no,969,no,no,cellular,15,jun,95,1,-1,0,unknown,no,2024-01-25 21:00:00
56,management,divorced,tertiary,no,505,no,no,cellular,9,feb,108,2,199,3,other,no,2024-01-25 22:00:00
35,blue-collar,married,primary,no,4366,yes,no,unknown,28,may,173,3,-1,0,unknown,no,2024-01-25 23:00:00
34,self-employed,married,tertiary,no,191,no,no,cellular,8,jul,59,1,-1,0,unknown,no,2024-01-26 00:00:00
49,blue-collar,married,primary,no,-117,no,no,cellular,25,aug,53,6,-1,0,unknown,no,2024-01-26 01:00:00
29,admin.,married,secondary,no,7707,yes,no,cellular,29,apr,961,2,334,2,failure,yes,2024-01-26 02:00:00
32,management,single,tertiary,no,-345,yes,no,unknown,21,may,74,1,-1,0,unknown,no,2024-01-26 03:00:00
48,technician,married,secondary,no,-205,yes,yes,cellular,9,jul,112,1,-1,0,unknown,no,2024-01-26 04:00:00
39,services,married,tertiary,no,0,no,no,cellular,17,apr,486,2,-1,0,unknown,no,2024-01-26 05:00:00
59,blue-collar,married,secondary,no,969,no,no,unknown,16,jun,270,1,-1,0,unknown,no,2024-01-26 06:00:00
42,services,married,unknown,no,177,no,no,telephone,28,jan,258,4,-1,0,unknown,no,2024-01-26 07:00:00
36,admin.,divorced,secondary,yes,-491,yes,yes,unknown,21,may,671,3,-1,0,unknown,no,2024-01-26 08:00:00
36,services,single,secondary,no,590,yes,no,cellular,12,may,170,3,-1,0,unknown,no,2024-01-26 09:00:00
41,services,married,secondary,no,714,yes,yes,unknown,15,may,504,5,-1,0,unknown,no,2024-01-26 10:00:00
43,management,single,tertiary,no,359,yes,no,telephone,12,may,899,3,-1,0,unknown,no,2024-01-26 11:00:00
40,blue-collar,married,secondary,no,123,yes,no,cellular,2,feb,247,1,241,3,failure,no,2024-01-26 12:00:00
39,services,married,secondary,no,257,yes,no,unknown,12,jun,171,1,-1,0,unknown,no,2024-01-26 13:00:00
27,management,single,tertiary,yes,0,yes,no,unknown,19,may,352,1,-1,0,unknown,no,2024-01-26 14:00:00
47,self-employed,married,tertiary,no,4543,yes,no,unknown,14,may,162,1,-1,0,unknown,no,2024-01-26 15:00:00
58,admin.,married,secondary,no,92,yes,no,unknown,27,may,180,1,-1,0,unknown,no,2024-01-26 16:00:00
55,retired,married,secondary,no,18722,yes,no,unknown,12,may,128,2,-1,0,unknown,no,2024-01-26 17:00:00
33,management,married,tertiary,no,322,yes,no,cellular,16,apr,77,3,-1,0,unknown,no,2024-01-26 18:00:00
56,technician,married,secondary,no,107,no,no,telephone,11,jul,52,4,-1,0,unknown,no,2024-01-26 19:00:00
29,management,married,tertiary,no,2417,yes,no,cellular,7,may,126,2,-1,0,unknown,no,2024-01-26 20:00:00
29,admin.,married,secondary,no,0,yes,yes,cellular,4,feb,376,2,229,3,other,no,2024-01-26 21:00:00
30,management,single,tertiary,no,0,yes,no,cellular,5,may,381,1,342,7,failure,no,2024-01-26 22:00:00
32,management,married,tertiary,no,1636,yes,no,cellular,18,nov,124,1,-1,0,unknown,no,2024-01-26 23:00:00
37,admin.,single,secondary,no,115,no,no,cellular,4,aug,236,1,92,4,failure,no,2024-01-27 00:00:00
26,management,single,tertiary,no,33,no,no,cellular,23,jul,297,1,-1,0,unknown,no,2024-01-27 01:00:00
36,technician,single,secondary,no,3254,yes,no,unknown,27,oct,207,1,-1,0,unknown,yes,2024-01-27 02:00:00
47,blue-collar,married,primary,no,254,no,yes,cellular,8,aug,492,3,-1,0,unknown,no,2024-01-27 03:00:00
52,retired,married,tertiary,no,2269,no,no,unknown,20,jun,1210,1,-1,0,unknown,yes,2024-01-27 04:00:00
27,self-employed,single,tertiary,yes,5,no,yes,cellular,18,jul,384,1,-1,0,unknown,no,2024-01-27 05:00:00
47,management,divorced,tertiary,no,2515,no,no,unknown,20,jun,40,3,-1,0,unknown,no,2024-01-27 06:00:00
34,technician,single,tertiary,no,144,yes,yes,cellular,21,jul,213,3,89,16,failure,no,2024-01-27 07:00:00
45,retired,divorced,secondary,no,1735,no,yes,unknown,17,jun,306,1,-1,0,unknown,no,2024-01-27 08:00:00
34,management,married,tertiary,no,934,yes,no,cellular,16,apr,76,3,-1,0,unknown,no,2024-01-27 09:00:00
31,technician,single,tertiary,no,1320,no,no,cellular,4,feb,377,1,-1,0,unknown,no,2024-01-27 10:00:00
60,management,single,tertiary,no,1034,yes,no,cellular,7,aug,231,3,-1,0,unknown,yes,2024-01-27 11:00:00
31,admin.,single,secondary,no,1,no,no,cellular,9,jul,236,1,-1,0,unknown,no,2024-01-27 12:00:00
49,management,married,tertiary,no,5887,no,no,cellular,2,jun,181,3,293,2,failure,yes,2024-01-27 13:00:00
36,entrepreneur,married,secondary,no,660,yes,yes,cellular,17,apr,430,1,-1,0,unknown,no,2024-01-27 14:00:00
26,retired,single,secondary,no,530,no,no,cellular,30,apr,308,1,-1,0,unknown,no,2024-01-27 15:00:00
44,technician,married,secondary,no,310,yes,no,cellular,6,feb,200,1,253,1,failure,no,2024-01-27 16:00:00
31,services,married,secondary,no,1783,yes,yes,cellular,6,may,219,1,-1,0,unknown,no,2024-01-27 17:00:00
47,technician,married,secondary,no,2781,yes,no,unknown,15,may,855,4,-1,0,unknown,no,2024-01-27 18:00:00
48,blue-collar,single,primary,no,0,no,no,unknown,18,jun,71,1,-1,0,unknown,no,2024-01-27 19:00:00
30,admin.,married,tertiary,no,-750,no,no,cellular,15,may,208,3,-1,0,unknown,no,2024-01-27 20:00:00
27,blue-collar,single,secondary,no,3145,no,no,cellular,25,jun,374,1,179,2,success,yes,2024-01-27 21:00:00
56,blue-collar,married,primary,no,690,yes,no,unknown,15,may,309,2,-1,0,unknown,no,2024-01-27 22:00:00
41,technician,single,tertiary,no,431,no,no,cellular,26,apr,128,2,186,3,success,no,2024-01-27 23:00:00
45,self-employed,married,secondary,no,2278,no,no,unknown,17,nov,1735,2,-1,0,unknown,no,2024-01-28 00:00:00
36,blue-collar,married,primary,no,319,yes,no,cellular,13,may,774,2,301,1,failure,yes,2024-01-28 01:00:00
36,blue-collar,married,secondary,no,1088,yes,no,cellular,13,may,77,2,345,2,failure,no,2024-01-28 02:00:00
25,services,single,secondary,no,368,no,no,telephone,25,jul,168,1,-1,0,unknown,no,2024-01-28 03:00:00
51,blue-collar,married,primary,no,0,no,no,unknown,9,jun,166,2,-1,0,unknown,no,2024-01-28 04:00:00
47,unknown,married,unknown,no,8,no,no,telephone,26,may,164,1,-1,0,unknown,no,2024-01-28 05:00:00
41,entrepreneur,married,secondary,no,353,no,no,cellular,19,nov,90,2,-1,0,unknown,no,2024-01-28 06:00:00
42,unemployed,married,primary,no,75,yes,no,cellular,4,feb,120,1,-1,0,unknown,no,2024-01-28 07:00:00
58,management,married,primary,no,1727,no,no,telephone,1,jun,336,2,-1,0,unknown,no,2024-01-28 08:00:00
58,technician,married,secondary,no,629,yes,no,cellular,3,feb,193,3,265,2,failure,no,2024-01-28 09:00:00
31,technician,married,tertiary,no,0,yes,no,unknown,4,jun,67,2,-1,0,unknown,no,2024-01-28 10:00:00
35,technician,married,secondary,no,2,no,no,telephone,28,jan,653,3,-1,0,unknown,no,2024-01-28 11:00:00
27,admin.,divorced,secondary,no,112,yes,no,unknown,19,may,104,1,-1,0,unknown,no,2024-01-28 12:00:00
41,blue-collar,divorced,primary,no,1563,yes,no,unknown,15,may,112,1,-1,0,unknown,no,2024-01-28 13:00:00
47,blue-collar,married,primary,no,4040,no,no,cellular,11,aug,53,5,-1,0,unknown,no,2024-01-28 14:00:00
54,retired,married,primary,no,0,yes,no,cellular,11,jul,159,2,-1,0,unknown,no,2024-01-28 15:00:00
33,management,married,secondary,no,480,yes,no,cellular,18,nov,422,2,-1,0,unknown,no,2024-01-28 16:00:00
41,management,married,primary,no,362,yes,no,cellular,12,may,217,3,-1,0,unknown,no,2024-01-28 17:00:00
29,admin.,married,secondary,no,544,no,yes,cellular,24,jul,97,2,-1,0,unknown,no,2024-01-28 18:00:00
57,retired,married,tertiary,no,0,no,no,cellular,28,may,141,3,-1,0,unknown,no,2024-01-28 19:00:00
29,blue-collar,single,tertiary,no,455,no,no,cellular,22,oct,542,4,148,3,success,yes,2024-01-28 20:00:00
39,technician,married,secondary,no,1,yes,no,unknown,26,may,506,2,-1,0,unknown,no,2024-01-28 21:00:00
65,management,married,unknown,no,2352,no,no,cellular,8,nov,354,3,188,13,success,no,2024-01-28 22:00:00
32,self-employed,single,secondary,no,360,yes,no,cellular,9,feb,175,3,259,4,failure,no,2024-01-28 23:00:00
33,blue-collar,married,secondary,no,35,yes,no,telephone,20,apr,87,1,322,1,failure,no,2024-01-29 00:00:00
41,management,divorced,tertiary,no,1064,no,no,cellular,25,aug,81,4,-1,0,unknown,no,2024-01-29 01:00:00
33,technician,single,secondary,no,-244,yes,no,unknown,2,jun,63,2,-1,0,unknown,no,2024-01-29 02:00:00
39,blue-collar,married,secondary,no,-145,yes,no,cellular,15,apr,1372,4,-1,0,unknown,no,2024-01-29 03:00:00
35,technician,married,secondary,no,5553,yes,no,cellular,6,apr,371,3,136,7,failure,no,2024-01-29 04:00:00
29,blue-collar,single,primary,no,10,no,no,cellular,14,jul,135,3,-1,0,unknown,no,2024-01-29 05:00:00
29,admin.,single,tertiary,no,89,yes,no,cellular,22,jul,120,1,-1,0,unknown,no,2024-01-29 06:00:00
28,student,single,tertiary,no,0,no,no,cellular,28,sep,294,2,105,7,other,yes,2024-01-29 07:00:00
37,blue-collar,married,primary,no,403,yes,no,cellular,8,may,318,2,338,1,success,no,2024-01-29 08:00:00
54,retired,divorced,tertiary,no,294,yes,no,cellular,29,jan,89,1,-1,0,unknown,no,2024-01-29 09:00:00
59,retired,married,primary,no,0,no,no,cellular,12,aug,66,2,-1,0,unknown,no,2024-01-29 10:00:00
45,entrepreneur,single,tertiary,no,1410,yes,no,unknown,14,may,44,8,-1,0,unknown,no,2024-01-29 11:00:00
49,technician,married,secondary,no,5996,no,no,telephone,21,nov,345,2,-1,0,unknown,no,2024-01-29 12:00:00
37,entrepreneur,married,unknown,no,1134,yes,no,unknown,9,jun,142,3,-1,0,unknown,no,2024-01-29 13:00:00
41,blue-collar,single,unknown,no,961,yes,no,unknown,29,may,117,1,-1,0,unknown,no,2024-01-29 14:00:00
36,entrepreneur,married,secondary,yes,1,yes,no,cellular,21,nov,203,1,-1,0,unknown,no,2024-01-29 15:00:00
38,technician,divorced,secondary,no,1221,yes,yes,cellular,18,aug,73,7,-1,0,unknown,no,2024-01-29 16:00:00
48,management,married,tertiary,no,58,no,yes,cellular,14,jul,102,2,-1,0,unknown,no,2024-01-29 17:00:00
88,retired,married,secondary,no,433,no,no,telephone,15,sep,161,1,274,1,failure,no,2024-01-29 18:00:00
38,services,married,secondary,no,7208,yes,no,cellular,13,may,66,1,-1,0,unknown,no,2024-01-29 19:00:00
38,blue-collar,married,secondary,no,776,yes,no,unknown,21,may,135,2,-1,0,unknown,no,2024-01-29 20:00:00
55,admin.,divorced,secondary,no,1872,no,no,cellular,28,aug,155,2,93,8,failure,yes,2024-01-29 21:00:00
30,blue-collar,single,secondary,no,-457,yes,no,unknown,5,may,143,2,-1,0,unknown,no,2024-01-29 22:00:00
40,management,married,tertiary,no,-65,no,yes,cellular,21,jul,65,2,-1,0,unknown,no,2024-01-29 23:00:00
30,admin.,single,tertiary,no,0,yes,no,cellular,11,may,56,3,-1,0,unknown,no,2024-01-30 00:00:00
47,unemployed,married,secondary,no,2024,no,no,unknown,9,jun,169,1,-1,0,unknown,no,2024-01-30 01:00:00
25,self-employed,single,tertiary,no,1294,no,no,cellular,17,apr,95,4,-1,0,unknown,no,2024-01-30 02:00:00
41,technician,single,unknown,no,454,yes,no,unknown,4,jun,267,2,-1,0,unknown,no,2024-01-30 03:00:00
59,blue-collar,married,secondary,no,448,no,no,unknown,8,jun,198,1,651,7,other,no,2024-01-30 04:00:00
28,blue-collar,married,secondary,no,-25,yes,no,cellular,5,may,58,2,-1,0,unknown,no,2024-01-30 05:00:00
37,technician,married,secondary,no,1824,yes,no,cellular,3,jul,112,2,324,2,other,no,2024-01-30 06:00:00
39,technician,single,secondary,no,-237,yes,no,cellular,14,may,64,2,-1,0,unknown,no,2024-01-30 07:00:00
42,technician,divorced,secondary,no,1858,no,no,cellular,21,jul,61,1,-1,0,unknown,no,2024-01-30 08:00:00
30,services,single,secondary,no,140,yes,no,cellular,15,may,760,1,-1,0,unknown,yes,2024-01-30 09:00:00
48,services,married,secondary,no,0,yes,no,cellular,2,apr,146,1,267,1,failure,no,2024-01-30 10:00:00
46,blue-collar,married,primary,no,0,no,no,cellular,6,aug,178,4,-1,0,unknown,no,2024-01-30 11:00:00
50,management,married,tertiary,no,0,no,no,cellular,30,jan,199,1,205,1,failure,no,2024-01-30 12:00:00
47,management,married,unknown,no,150,no,no,unknown,9,jun,52,1,-1,0,unknown,no,2024-01-30 13:00:00
44,self-employed,married,tertiary,no,292,yes,no,unknown,6,may,162,1,-1,0,unknown,no,2024-01-30 14:00:00
28,self-employed,single,tertiary,no,75,yes,no,cellular,7,may,245,3,-1,0,unknown,no,2024-01-30 15:00:00
46,blue-collar,married,primary,no,2427,no,no,cellular,23,jul,40,1,-1,0,unknown,no,2024-01-30 16:00:00
53,unemployed,divorced,secondary,no,1242,no,no,unknown,5,jun,280,1,-1,0,unknown,no,2024-01-30 17:00:00
43,housemaid,married,secondary,no,5233,no,no,unknown,18,jun,108,2,-1,0,unknown,no,2024-01-30 18:00:00
48,technician,single,secondary,no,479,no,no,unknown,20,may,148,5,-1,0,unknown,no,2024-01-30 19:00:00
47,blue-collar,married,primary,no,113,yes,no,unknown,13,may,276,1,-1,0,unknown,no,2024-01-30 20:00:00
27,management,single,tertiary,no,0,yes,no,cellular,5,feb,196,1,-1,0,unknown,no,2024-01-30 21:00:00
45,entrepreneur,married,secondary,no,781,no,yes,cellular,17,nov,652,2,126,2,failure,yes,2024-01-30 22:00:00
26,technician,single,secondary,no,33,no,no,cellular,23,jul,91,7,-1,0,unknown,no,2024-01-30 23:00:00
43,admin.,married,secondary,no,264,yes,no,cellular,17,apr,113,2,-1,0,unknown,no,2024-01-31 00:00:00
46,technician,married,primary,no,-171,yes,no,unknown,26,may,135,1,-1,0,unknown,no,2024-01-31 01:00:00
44,services,married,secondary,no,646,yes,no,unknown,3,jun,183,4,-1,0,unknown,no,2024-01-31 02:00:00
40,management,married,tertiary,no,2471,yes,yes,cellular,23,jul,206,1,-1,0,unknown,no,2024-01-31 03:00:00
35,management,married,tertiary,no,949,yes,no,unknown,27,may,245,2,-1,0,unknown,no,2024-01-31 04:00:00
36,admin.,divorced,secondary,no,11,no,no,cellular,19,aug,97,2,-1,0,unknown,no,2024-01-31 05:00:00
42,management,single,tertiary,no,145,no,no,cellular,26,aug,174,2,-1,0,unknown,no,2024-01-31 06:00:00
46,admin.,married,secondary,no,0,yes,no,cellular,26,oct,87,1,185,2,other,no,2024-01-31 07:00:00
31,admin.,married,secondary,no,-36,yes,yes,unknown,4,jul,64,1,-1,0,unknown,no,2024-01-31 08:00:00
34,blue-collar,married,primary,no,365,yes,no,unknown,9,may,85,2,-1,0,unknown,no,2024-01-31 09:00:00
34,admin.,married,primary,no,0,yes,yes,cellular,14,may,1020,1,-1,0,unknown,yes,2024-01-31 10:00:00
37,management,married,secondary,no,222,yes,no,cellular,20,apr,115,2,-1,0,unknown,no,2024-01-31 11:00:00
46,blue-collar,married,secondary,no,922,yes,no,telephone,8,jul,576,1,-1,0,unknown,yes,2024-01-31 12:00:00
40,entrepreneur,married,secondary,no,1416,yes,no,unknown,14,may,210,2,-1,0,unknown,no,2024-01-31 13:00:00
34,entrepreneur,married,tertiary,no,368,no,yes,cellular,20,nov,366,4,-1,0,unknown,no,2024-01-31 14:00:00
33,blue-collar,single,secondary,no,123,no,no,cellular,2,feb,175,2,-1,0,unknown,no,2024-01-31 15:00:00
34,management,married,tertiary,no,881,no,no,cellular,20,aug,112,2,-1,0,unknown,no,2024-01-31 16:00:00
37,blue-collar,married,secondary,no,456,no,yes,telephone,10,jul,85,6,-1,0,unknown,no,2024-01-31 17:00:00
28,management,single,unknown,yes,101,yes,no,unknown,9,may,224,3,-1,0,unknown,no,2024-01-31 18:00:00
24,blue-collar,single,secondary,no,-424,yes,no,cellular,20,apr,10,6,-1,0,unknown,no,2024-01-31 19:00:00
35,blue-collar,single,unknown,no,871,yes,no,cellular,6,feb,117,1,245,3,failure,no,2024-01-31 20:00:00
44,entrepreneur,divorced,tertiary,no,20179,yes,yes,cellular,21,nov,163,1,-1,0,unknown,no,2024-01-31 21:00:00
54,admin.,married,secondary,no,1279,yes,yes,cellular,28,jan,102,2,-1,0,unknown,no,2024-01-31 22:00:00
35,management,married,tertiary,no,1383,no,no,cellular,12,aug,143,2,-1,0,unknown,no,2024-01-31 23:00:00
31,blue-collar,married,primary,no,298,yes,yes,unknown,2,jun,232,1,-1,0,unknown,no,2024-02-01 00:00:00
42,technician,married,secondary,no,-129,yes,no,unknown,3,jun,175,1,-1,0,unknown,no,2024-02-01 01:00:00
56,blue-collar,married,unknown,no,665,yes,no,unknown,20,jun,109,2,-1,0,unknown,no,2024-02-01 02:00:00
39,housemaid,married,tertiary,no,93,no,no,cellular,14,oct,595,2,-1,0,unknown,no,2024-02-01 03:00:00
33,technician,single,secondary,no,930,yes,no,cellular,15,may,163,5,359,1,failure,no,2024-02-01 04:00:00
43,self-employed,married,secondary,no,5317,no,no,cellular,31,jul,244,2,-1,0,unknown,no,2024-02-01 05:00:00
53,management,divorced,secondary,no,425,no,no,cellular,15,jul,416,3,-1,0,unknown,no,2024-02-01 06:00:00
24,unemployed,single,secondary,no,2696,no,no,cellular,7,sep,107,2,-1,0,unknown,no,2024-02-01 07:00:00
55,blue-collar,married,primary,no,2102,yes,no,cellular,12,may,64,4,371,1,failure,no,2024-02-01 08:00:00
28,blue-collar,married,secondary,no,0,yes,no,cellular,15,may,6,4,-1,0,unknown,no,2024-02-01 09:00:00
38,services,married,secondary,no,387,yes,no,cellular,20,apr,10,3,-1,0,unknown,no,2024-02-01 10:00:00
49,admin.,divorced,secondary,no,560,yes,no,cellular,25,jul,85,3,-1,0,unknown,no,2024-02-01 11:00:00
25,student,single,tertiary,no,641,yes,no,unknown,12,may,53,1,-1,0,unknown,no,2024-02-01 12:00:00
33,management,single,secondary,no,1973,yes,no,unknown,28,may,151,8,-1,0,unknown,no,2024-02-01 13:00:00
29,management,single,unknown,no,560,no,no,cellular,6,jul,212,1,92,2,success,no,2024-02-01 14:00:00
42,admin.,married,secondary,no,818,yes,no,unknown,27,may,255,1,-1,0,unknown,no,2024-02-01 15:00:00
40,services,single,secondary,no,19343,yes,no,unknown,26,may,168,4,-1,0,unknown,no,2024-02-01 16:00:00
39,management,divorced,tertiary,no,30,no,yes,cellular,3,feb,265,4,-1,0,unknown,no,2024-02-01 17:00:00
55,admin.,married,secondary,no,-2,no,no,cellular,28,aug,76,1,-1,0,unknown,no,2024-02-01 18:00:00
52,management,married,tertiary,no,40,no,no,cellular,19,nov,1265,3,-1,0,unknown,yes,2024-02-01 19:00:00
31,services,single,secondary,no,-45,no,no,unknown,7,may,246,2,-1,0,unknown,no,2024-02-01 20:00:00
28,technician,single,secondary,no,181,yes,no,cellular,28,jul,139,3,-1,0,unknown,no,2024-02-01 21:00:00
38,admin.,single,secondary,no,3823,no,no,unknown,6,jun,81,5,-1,0,unknown,no,2024-02-01 22:00:00
47,management,married,tertiary,no,999,no,no,cellular,16,nov,111,1,94,1,other,no,2024-02-01 23:00:00
32,technician,single,tertiary,no,881,no,no,cellular,8,aug,79,1,-1,0,unknown,no,2024-02-02 00:00:00
45,management,married,tertiary,no,160,no,no,cellular,10,nov,182,2,194,1,success,yes,2024-02-02 01:00:00
29,admin.,single,secondary,no,2768,yes,no,unknown,2,jun,121,4,-1,0,unknown,no,2024-02-02 02:00:00
51,self-employed,married,secondary,yes,34,no,yes,cellular,7,jul,200,1,-1,0,unknown,no,2024-02-02 03:00:00
31,management,single,tertiary,no,874,yes,no,cellular,7,may,98,1,170,2,failure,no,2024-02-02 04:00:00
24,blue-collar,single,secondary,no,-287,yes,no,cellular,18,may,504,1,-1,0,unknown,no,2024-02-02 05:00:00
31,admin.,single,secondary,no,620,no,no,unknown,9,may,166,3,-1,0,unknown,no,2024-02-02 06:00:00
41,technician,married,secondary,no,1032,yes,no,cellular,21,aug,64,2,-1,0,unknown,no,2024-02-02 07:00:00
48,technician,married,secondary,no,427,no,no,cellular,18,aug,202,14,-1,0,unknown,no,2024-02-02 08:00:00
49,blue-collar,married,primary,no,1,no,yes,cellular,5,feb,98,1,210,1,other,no,2024-02-02 09:00:00
22,admin.,single,tertiary,no,897,yes,no,cellular,4,may,98,4,89,4,success,no,2024-02-02 10:00:00
24,admin.,single,secondary,no,795,yes,no,unknown,27,may,209,2,-1,0,unknown,no,2024-02-02 11:00:00
34,technician,divorced,secondary,no,558,yes,no,cellular,7,may,130,2,167,5,failure,no,2024-02-02 12:00:00
35,management,married,secondary,no,616,no,yes,cellular,7,aug,92,2,-1,0,unknown,no,2024-02-02 13:00:00
53,blue-collar,married,secondary,no,0,no,no,unknown,6,jun,650,1,-1,0,unknown,no,2024-02-02 14:00:00
30,management,single,secondary,no,46,no,no,cellular,20,aug,93,4,-1,0,unknown,no,2024-02-02 15:00:00
36,management,single,tertiary,no,1496,yes,no,cellular,18,may,40,1,269,4,failure,no,2024-02-02 16:00:00
30,blue-collar,married,secondary,no,631,yes,no,cellular,19,nov,174,2,-1,0,unknown,no,2024-02-02 17:00:00
35,management,single,tertiary,no,805,no,no,cellular,17,sep,613,1,-1,0,unknown,no,2024-02-02 18:00:00
39,management,single,secondary,no,-490,no,yes,cellular,21,nov,141,2,-1,0,unknown,no,2024-02-02 19:00:00
58,housemaid,married,primary,no,5278,yes,no,unknown,4,jun,763,4,-1,0,unknown,no,2024-02-02 20:00:00
60,blue-collar,married,primary,no,493,no,no,cellular,18,aug,671,4,-1,0,unknown,yes,2024-02-02 21:00:00
32,blue-collar,single,primary,no,1918,yes,no,cellular,8,may,318,1,172,1,failure,no,2024-02-02 22:00:00
35,blue-collar,single,primary,no,1284,yes,no,telephone,14,may,13,5,-1,0,unknown,no,2024-02-02 23:00:00
32,student,single,tertiary,no,0,no,no,cellular,4,feb,233,3,276,2,failure,yes,2024-02-03 00:00:00
38,technician,married,secondary,no,1442,yes,no,cellular,4,feb,334,1,-1,0,unknown,no,2024-02-03 01:00:00
35,technician,single,secondary,no,-89,yes,no,cellular,15,may,75,1,368,1,failure,no,2024-02-03 02:00:00
37,blue-collar,single,primary,no,275,yes,no,cellular,11,may,103,1,367,1,other,no,2024-02-03 03:00:00
41,blue-collar,married,primary,no,2453,yes,no,unknown,15,may,1052,1,-1,0,unknown,yes,2024-02-03 04:00:00
60,admin.,married,secondary,no,1914,yes,no,cellular,20,apr,65,1,287,3,failure,no,2024-02-03 05:00:00
33,services,single,tertiary,no,-104,no,yes,cellular,14,jul,231,2,-1,0,unknown,no,2024-02-03 06:00:00
34,services,single,secondary,no,418,yes,no,cellular,22,jul,247,1,-1,0,unknown,no,2024-02-03 07:00:00
30,blue-collar,single,secondary,no,1073,yes,no,cellular,5,may,1130,4,-1,0,unknown,no,2024-02-03 08:00:00
36,technician,divorced,tertiary,no,1762,yes,no,unknown,3,jun,259,1,-1,0,unknown,no,2024-02-03 09:00:00
47,housemaid,married,secondary,no,443,no,no,cellular,22,aug,222,3,-1,0,unknown,no,2024-02-03 10:00:00
33,technician,single,tertiary,no,154,no,no,cellular,4,jun,111,2,78,2,failure,no,2024-02-03 11:00:00
34,management,married,tertiary,no,180,no,no,cellular,16,jun,298,3,-1,0,unknown,no,2024-02-03 12:00:00
31,technician,single,secondary,no,-423,yes,no,cellular,8,may,103,6,-1,0,unknown,no,2024-02-03 13:00:00
31,blue-collar,divorced,secondary,no,916,yes,yes,cellular,11,jul,172,2,-1,0,unknown,no,2024-02-03 14:00:00
47,admin.,married,secondary,no,328,no,no,cellular,13,aug,260,2,-1,0,unknown,no,2024-02-03 15:00:00
30,blue-collar,married,primary,no,124,yes,no,unknown,28,aug,5,1,775,2,other,no,2024-02-03 16:00:00
49,admin.,single,secondary,no,981,yes,no,telephone,21,nov,10,3,-1,0,unknown,no,2024-02-03 17:00:00
30,admin.,single,secondary,no,125,yes,no,cellular,16,aug,140,3,116,1,other,no,2024-02-03 18:00:00
39,housemaid,divorced,primary,no,239,no,no,cellular,29,aug,204,2,-1,0,unknown,no,2024-02-03 19:00:00
34,admin.,single,secondary,no,1,yes,no,cellular,9,feb,185,7,280,1,other,no,2024-02-03 20:00:00
57,technician,married,primary,no,0,no,no,unknown,5,may,98,1,-1,0,unknown,no,2024-02-03 21:00:00
57,self-employed,married,primary,no,1013,yes,no,unknown,7,may,448,1,-1,0,unknown,no,2024-02-03 22:00:00
45,technician,married,secondary,no,59,yes,no,unknown,29,may,609,2,-1,0,unknown,no,2024-02-03 23:00:00
34,unemployed,single,secondary,no,233,yes,no,cellular,8,may,11,8,365,4,failure,no,2024-02-04 00:00:00
40,blue-collar,divorced,primary,no,548,yes,yes,unknown,30,may,324,1,-1,0,unknown,no,2024-02-04 01:00:00
23,admin.,single,secondary,no,1104,yes,no,unknown,12,may,120,2,-1,0,unknown,no,2024-02-04 02:00:00
36,blue-collar,divorced,primary,yes,0,yes,no,cellular,11,may,97,2,305,1,failure,no,2024-02-04 03:00:00
25,services,single,secondary,no,333,no,yes,cellular,15,jul,1056,2,-1,0,unknown,yes,2024-02-04 04:00:00
37,services,married,secondary,no,4017,no,no,cellular,16,oct,156,1,-1,0,unknown,yes,2024-02-04 05:00:00
60,housemaid,married,primary,no,182,no,no,cellular,26,apr,166,5,181,5,failure,no,2024-02-04 06:00:00
51,admin.,married,secondary,no,0,no,no,unknown,5,jun,78,1,-1,0,unknown,no,2024-02-04 07:00:00
50,admin.,divorced,secondary,no,381,no,no,cellular,5,feb,519,1,212,2,other,no,2024-02-04 08:00:00
54,management,divorced,tertiary,no,432,yes,no,cellular,6,may,160,1,-1,0,unknown,no,2024-02-04 09:00:00
46,self-employed,single,primary,no,2032,no,no,cellular,30,jul,424,2,-1,0,unknown,no,2024-02-04 10:00:00
37,blue-collar,married,secondary,no,387,yes,yes,cellular,13,may,413,1,-1,0,unknown,no,2024-02-04 11:00:00
44,technician,married,unknown,no,185,yes,yes,unknown,8,may,63,1,-1,0,unknown,no,2024-02-04 12:00:00
39,self-employed,single,tertiary,no,3972,no,no,cellular,30,jul,122,3,-1,0,unknown,no,2024-02-04 13:00:00
37,management,divorced,tertiary,no,42,yes,no,unknown,7,may,564,3,-1,0,unknown,no,2024-02-04 14:00:00
44,services,married,secondary,no,4837,yes,no,cellular,13,may,324,3,-1,0,unknown,no,2024-02-04 15:00:00
47,unknown,married,unknown,no,1728,no,no,unknown,17,jun,98,1,-1,0,unknown,no,2024-02-04 16:00:00
55,blue-collar,married,unknown,no,6134,no,no,cellular,6,aug,127,2,-1,0,unknown,no,2024-02-04 17:00:00
42,admin.,single,secondary,no,1451,yes,no,cellular,4,may,251,4,-1,0,unknown,yes,2024-02-04 18:00:00
49,services,married,tertiary,no,306,yes,no,cellular,18,aug,285,7,-1,0,unknown,no,2024-02-04 19:00:00
28,services,single,secondary,no,340,yes,no,cellular,24,jul,821,2,-1,0,unknown,yes,2024-02-04 20:00:00
37,management,married,tertiary,no,636,no,yes,unknown,5,jun,338,2,-1,0,unknown,no,2024-02-04 21:00:00
41,technician,married,secondary,no,6171,no,no,cellular,28,aug,50,5,-1,0,unknown,no,2024-02-04 22:00:00
35,technician,single,tertiary,no,391,yes,no,unknown,30,may,47,8,-1,0,unknown,no,2024-02-04 23:00:00
30,management,single,tertiary,no,54,yes,yes,cellular,19,nov,192,1,177,3,failure,no,2024-02-05 00:00:00
34,management,single,tertiary,no,125,yes,yes,unknown,5,jun,18,31,-1,0,unknown,no,2024-02-05 01:00:00
46,technician,married,secondary,no,68,yes,yes,unknown,16,jun,87,3,-1,0,unknown,no,2024-02-05 02:00:00
38,admin.,married,secondary,no,0,yes,no,cellular,8,sep,210,1,92,3,success,yes,2024-02-05 03:00:00
30,blue-collar,married,primary,no,1317,yes,no,unknown,21,may,395,2,-1,0,unknown,no,2024-02-05 04:00:00
33,management,married,tertiary,no,663,yes,no,cellular,7,apr,381,1,243,4,failure,no,2024-02-05 05:00:00
76,retired,married,secondary,no,2302,no,no,telephone,5,feb,110,1,87,2,failure,no,2024-02-05 06:00:00
31,admin.,married,secondary,no,122,yes,no,cellular,15,may,49,1,364,1,failure,no,2024-02-05 07:00:00
26,services,divorced,secondary,no,74,yes,no,unknown,23,may,106,6,-1,0,unknown,no,2024-02-05 08:00:00
47,blue-collar,married,secondary,no,3070,no,no,cellular,20,nov,144,2,-1,0,unknown,no,2024-02-05 09:00:00
35,admin.,married,secondary,no,0,yes,no,cellular,20,apr,18,5,-1,0,unknown,no,2024-02-05 10:00:00
34,management,single,tertiary,no,382,no,no,cellular,5,feb,148,1,94,1,failure,no,2024-02-05 11:00:00
38,management,married,tertiary,no,1482,yes,yes,cellular,21,jul,361,1,-1,0,unknown,no,2024-02-05 12:00:00
53,unknown,married,unknown,no,549,no,no,telephone,28,jan,74,2,-1,0,unknown,no,2024-02-05 13:00:00
32,management,single,tertiary,yes,4,no,no,cellular,29,jan,181,1,-1,0,unknown,no,2024-02-05 14:00:00
50,blue-collar,married,secondary,no,2419,yes,no,cellular,11,may,309,1,342,3,other,no,2024-02-05 15:00:00
45,blue-collar,married,secondary,no,78,yes,no,cellular,13,may,408,1,-1,0,unknown,no,2024-02-05 16:00:00
31,blue-collar,single,primary,no,1097,yes,no,unknown,20,may,485,3,-1,0,unknown,no,2024-02-05 17:00:00
26,technician,married,unknown,no,-277,yes,no,cellular,16,apr,1018,2,-1,0,unknown,no,2024-02-05 18:00:00
32,blue-collar,married,secondary,no,1787,yes,no,cellular,12,may,87,4,357,4,failure,no,2024-02-05 19:00:00
32,technician,single,secondary,no,316,no,no,cellular,26,aug,137,2,-1,0,unknown,no,2024-02-05 20:00:00
36,blue-collar,married,primary,no,0,yes,yes,telephone,13,may,18,1,-1,0,unknown,no,2024-02-05 21:00:00
38,technician,married,tertiary,no,0,no,no,cellular,22,aug,82,6,-1,0,unknown,no,2024-02-05 22:00:00
56,retired,married,secondary,no,2330,no,no,cellular,8,may,209,1,-1,0,unknown,no,2024-02-05 23:00:00
35,technician,single,tertiary,no,1529,no,no,unknown,23,may,95,4,-1,0,unknown,no,2024-02-06 00:00:00
57,retired,married,primary,no,0,yes,no,cellular,6,aug,83,2,-1,0,unknown,no,2024-02-06 01:00:00
61,retired,married,secondary,no,2801,yes,yes,cellular,10,mar,239,1,-1,0,unknown,yes,2024-02-06 02:00:00
31,admin.,single,secondary,no,-422,yes,no,cellular,18,may,64,2,329,15,other,no,2024-02-06 03:00:00
27,blue-collar,single,secondary,no,677,no,yes,telephone,31,jul,110,8,-1,0,unknown,no,2024-02-06 04:00:00
37,blue-collar,married,secondary,no,0,no,no,cellular,16,jul,1150,1,-1,0,unknown,no,2024-02-06 05:00:00
34,technician,married,secondary,no,1,yes,no,unknown,24,jun,165,5,-1,0,unknown,no,2024-02-06 06:00:00
57,management,married,tertiary,no,0,no,yes,cellular,30,jan,209,2,197,2,other,no,2024-02-06 07:00:00
59,blue-collar,married,primary,no,-209,no,no,telephone,30,jul,215,3,-1,0,unknown,no,2024-02-06 08:00:00
29,blue-collar,married,secondary,no,0,yes,no,cellular,11,may,116,6,-1,0,unknown,no,2024-02-06 09:00:00
35,blue-collar,single,secondary,no,11671,no,no,unknown,6,jun,190,1,-1,0,unknown,no,2024-02-06 10:00:00
42,blue-collar,married,secondary,no,705,yes,no,cellular,17,apr,52,2,-1,0,unknown,no,2024-02-06 11:00:00
29,technician,single,secondary,no,362,no,no,cellular,9,feb,826,7,-1,0,unknown,no,2024-02-06 12:00:00
35,services,single,primary,no,167,no,yes,cellular,11,jul,614,2,-1,0,unknown,yes,2024-02-06 13:00:00
34,technician,married,secondary,no,65,yes,no,unknown,8,may,63,3,-1,0,unknown,no,2024-02-06 14:00:00
32,admin.,single,secondary,no,12,yes,no,cellular,5,may,242,1,365,2,failure,no,2024-02-06 15:00:00
36,management,single,tertiary,no,4788,yes,no,cellular,16,apr,241,2,317,1,failure,no,2024-02-06 16:00:00
41,admin.,married,secondary,no,1597,yes,no,cellular,16,apr,461,2,321,1,failure,no,2024-02-06 17:00:00
43,entrepreneur,single,primary,no,2124,yes,no,cellular,19,nov,104,1,-1,0,unknown,no,2024-02-06 18:00:00
36,technician,single,secondary,no,75,yes,no,cellular,12,may,485,2,342,4,other,no,2024-02-06 19:00:00
44,technician,married,secondary,no,185,yes,no,unknown,15,may,194,2,-1,0,unknown,no,2024-02-06 20:00:00
27,unemployed,single,primary,no,799,no,no,cellular,9,feb,106,4,-1,0,unknown,no,2024-02-06 21:00:00
32,services,married,secondary,no,241,yes,no,unknown,26,may,266,1,-1,0,unknown,no,2024-02-06 22:00:00
43,blue-collar,single,secondary,no,276,yes,no,cellular,14,may,33,6,-1,0,unknown,no,2024-02-06 23:00:00
25,blue-collar,married,secondary,no,59,yes,no,cellular,25,jul,246,1,-1,0,unknown,no,2024-02-07 00:00:00
26,student,single,secondary,no,1608,no,no,cellular,10,aug,89,2,102,2,success,no,2024-02-07 01:00:00
57,retired,married,primary,no,7938,no,no,unknown,17,jun,133,1,-1,0,unknown,no,2024-02-07 02:00:00
33,blue-collar,married,secondary,no,5164,no,no,cellular,13,aug,238,2,265,1,failure,no,2024-02-07 03:00:00
59,management,married,secondary,no,7623,yes,no,cellular,18,nov,84,2,-1,0,unknown,no,2024-02-07 04:00:00
32,unemployed,married,tertiary,no,394,yes,no,cellular,14,aug,266,2,-1,0,unknown,no,2024-02-07 05:00:00
38,blue-collar,married,secondary,no,168,no,yes,cellular,2,feb,151,1,-1,0,unknown,no,2024-02-07 06:00:00
40,blue-collar,married,secondary,no,-450,yes,no,cellular,15,may,181,1,-1,0,unknown,no,2024-02-07 07:00:00
31,self-employed,married,tertiary,no,2666,no,no,cellular,10,nov,318,2,97,6,success,yes,2024-02-07 08:00:00
32,management,single,tertiary,no,12686,yes,no,unknown,3,jun,54,1,-1,0,unknown,no,2024-02-07 09:00:00
54,admin.,married,tertiary,no,59,yes,no,cellular,10,jul,268,1,-1,0,unknown,no,2024-02-07 10:00:00
46,blue-collar,married,secondary,no,438,no,no,cellular,8,aug,262,5,-1,0,unknown,no,2024-02-07 11:00:00
34,technician,married,secondary,no,178,yes,no,cellular,13,may,253,1,-1,0,unknown,no,2024-02-07 12:00:00
40,self-employed,single,tertiary,no,2893,no,no,cellular,2,jun,76,3,-1,0,unknown,no,2024-02-07 13:00:00
42,blue-collar,married,primary,no,692,no,yes,unknown,19,jun,207,1,-1,0,unknown,no,2024-02-07 14:00:00
39,entrepreneur,married,secondary,no,156,no,yes,unknown,17,jun,76,2,-1,0,unknown,no,2024-02-07 15:00:00
37,admin.,married,secondary,no,2061,yes,yes,cellular,7,oct,867,2,107,4,success,no,2024-02-07 16:00:00
30,blue-collar,single,secondary,no,214,yes,no,cellular,9,jul,364,1,-1,0,unknown,no,2024-02-07 17:00:00
43,technician,married,tertiary,no,610,no,no,cellular,4,aug,454,1,-1,0,unknown,no,2024-02-07 18:00:00
31,technician,single,secondary,no,475,no,no,cellular,7,jul,226,1,-1,0,unknown,no,2024-02-07 19:00:00
25,admin.,single,secondary,no,1099,no,no,cellular,2,mar,131,12,-1,0,unknown,no,2024-02-07 20:00:00
39,technician,divorced,tertiary,no,113,yes,yes,cellular,2,apr,1012,2,-1,0,unknown,no,2024-02-07 21:00:00
46,unemployed,divorced,primary,no,23,no,no,cellular,21,nov,344,1,-1,0,unknown,no,2024-02-07 22:00:00
35,services,married,secondary,no,27,yes,yes,cellular,5,may,442,2,278,3,failure,no,2024-02-07 23:00:00
46,admin.,married,secondary,no,5021,no,no,cellular,15,jul,957,1,182,1,success,yes,2024-02-08 00:00:00
30,student,single,tertiary,no,2766,no,no,cellular,21,nov,834,1,-1,0,unknown,yes,2024-02-08 01:00:00
33,technician,married,unknown,no,0,no,no,unknown,8,may,345,2,-1,0,unknown,no,2024-02-08 02:00:00
59,unknown,married,unknown,no,1500,no,no,cellular,4,aug,248,1,182,1,other,no,2024-02-08 03:00:00
30,management,single,tertiary,no,685,no,no,cellular,5,aug,299,2,-1,0,unknown,no,2024-02-08 04:00:00
49,management,married,tertiary,no,0,no,no,cellular,9,jul,87,1,-1,0,unknown,no,2024-02-08 05:00:00
32,management,single,tertiary,no,354,no,no,cellular,12,aug,363,1,104,3,success,no,2024-02-08 06:00:00
41,blue-collar,single,secondary,no,1621,yes,no,unknown,28,may,119,1,-1,0,unknown,no,2024-02-08 07:00:00
51,unemployed,married,secondary,no,-13,yes,no,cellular,13,may,361,1,364,1,failure,no,2024-02-08 08:00:00
43,management,married,secondary,no,373,yes,no,unknown,28,may,54,1,-1,0,unknown,no,2024-02-08 09:00:00
30,self-employed,married,tertiary,no,543,yes,yes,unknown,4,jun,1449,6,-1,0,unknown,yes,2024-02-08 10:00:00
30,services,married,secondary,no,-134,yes,yes,cellular,7,jul,61,1,-1,0,unknown,no,2024-02-08 11:00:00
53,housemaid,divorced,secondary,no,292,no,no,unknown,12,jun,92,2,-1,0,unknown,no,2024-02-08 12:00:00
48,admin.,single,secondary,no,6627,yes,no,cellular,16,apr,433,2,-1,0,unknown,no,2024-02-08 13:00:00
53,housemaid,married,secondary,no,2406,yes,no,unknown,16,jun,393,2,-1,0,unknown,no,2024-02-08 14:00:00
39,admin.,married,secondary,no,456,yes,no,cellular,17,apr,193,3,-1,0,unknown,no,2024-02-08 15:00:00
45,blue-collar,married,secondary,no,103,no,no,unknown,18,jun,48,1,-1,0,unknown,no,2024-02-08 16:00:00
42,blue-collar,divorced,secondary,no,898,yes,no,cellular,18,nov,136,2,131,1,failure,no,2024-02-08 17:00:00
39,management,single,tertiary,no,5047,no,no,cellular,29,apr,218,4,-1,0,unknown,yes,2024-02-08 18:00:00
56,technician,married,secondary,no,2313,yes,no,cellular,8,may,293,3,364,2,failure,no,2024-02-08 19:00:00
44,services,married,secondary,no,5781,yes,yes,cellular,15,may,195,1,-1,0,unknown,no,2024-02-08 20:00:00
29,management,married,tertiary,no,30,no,no,cellular,13,aug,83,1,105,1,failure,no,2024-02-08 21:00:00
32,technician,married,secondary,no,1951,yes,no,cellular,8,apr,518,2,261,2,failure,no,2024-02-08 22:00:00
37,self-employed,married,tertiary,no,2211,yes,no,cellular,25,may,143,1,-1,0,unknown,no,2024-02-08 23:00:00
39,services,single,secondary,no,117,yes,no,unknown,5,jun,190,2,-1,0,unknown,no,2024-02-09 00:00:00
30,management,single,secondary,no,2143,yes,yes,cellular,18,aug,514,10,-1,0,unknown,no,2024-02-09 01:00:00
26,technician,single,tertiary,no,1216,yes,no,cellular,16,apr,472,2,-1,0,unknown,no,2024-02-09 02:00:00
37,management,married,secondary,no,565,no,no,cellular,29,apr,449,1,398,1,success,yes,2024-02-09 03:00:00
34,blue-collar,married,primary,no,-288,yes,no,unknown,19,may,643,1,-1,0,unknown,no,2024-02-09 04:00:00
34,self-employed,single,tertiary,no,1129,yes,no,unknown,21,may,103,2,-1,0,unknown,no,2024-02-09 05:00:00
41,technician,divorced,secondary,no,1631,yes,no,cellular,12,aug,173,2,-1,0,unknown,no,2024-02-09 06:00:00
46,management,divorced,tertiary,no,24598,yes,no,cellular,14,may,118,4,374,3,failure,no,2024-02-09 07:00:00
45,admin.,married,secondary,no,3493,yes,no,cellular,8,jul,498,1,-1,0,unknown,no,2024-02-09 08:00:00
44,technician,married,secondary,no,7649,no,no,cellular,20,aug,188,6,-1,0,unknown,no,2024-02-09 09:00:00
58,retired,married,unknown,no,96,yes,no,unknown,5,may,616,1,-1,0,unknown,no,2024-02-09 10:00:00
50,technician,divorced,tertiary,no,-1455,yes,yes,cellular,6,feb,119,1,-1,0,unknown,no,2024-02-09 11:00:00
51,services,married,secondary,no,-178,yes,yes,unknown,29,may,48,1,-1,0,unknown,no,2024-02-09 12:00:00
33,admin.,single,secondary,no,2557,yes,no,cellular,18,may,186,1,-1,0,unknown,no,2024-02-09 13:00:00
46,management,married,tertiary,no,3,no,no,cellular,18,aug,92,4,-1,0,unknown,no,2024-02-09 14:00:00
57,management,married,tertiary,no,113,no,no,cellular,3,feb,191,2,-1,0,unknown,no,2024-02-09 15:00:00
54,management,divorced,tertiary,no,7010,no,no,cellular,11,mar,275,2,-1,0,unknown,no,2024-02-09 16:00:00
34,services,single,secondary,no,1758,yes,no,cellular,6,feb,14,8,-1,0,unknown,no,2024-02-09 17:00:00
41,blue-collar,married,unknown,no,2361,no,no,cellular,14,may,91,1,-1,0,unknown,no,2024-02-09 18:00:00
48,management,single,tertiary,no,940,no,no,unknown,23,jun,216,3,-1,0,unknown,no,2024-02-09 19:00:00
34,admin.,married,secondary,no,430,yes,no,cellular,21,jul,82,4,-1,0,unknown,no,2024-02-09 20:00:00
61,retired,married,secondary,no,5207,no,no,cellular,11,sep,336,1,81,2,other,no,2024-02-09 21:00:00
59,retired,married,primary,no,-90,no,yes,telephone,15,jul,41,5,-1,0,unknown,no,2024-02-09 22:00:00
31,services,married,secondary,no,395,no,no,cellular,25,jul,174,3,-1,0,unknown,no,2024-02-09 23:00:00
57,technician,single,secondary,no,806,yes,no,unknown,29,may,77,1,-1,0,unknown,no,2024-02-10 00:00:00
40,blue-collar,married,primary,no,1073,no,no,cellular,30,jul,42,2,-1,0,unknown,no,2024-02-10 01:00:00
27,blue-collar,single,secondary,no,3792,no,no,cellular,22,oct,504,1,183,2,success,yes,2024-02-10 02:00:00
41,services,married,primary,no,455,yes,no,unknown,14,may,80,1,-1,0,unknown,no,2024-02-10 03:00:00
31,admin.,married,secondary,no,439,no,no,unknown,28,may,233,4,-1,0,unknown,no,2024-02-10 04:00:00
32,management,single,tertiary,no,0,no,no,cellular,22,aug,148,2,-1,0,unknown,no,2024-02-10 05:00:00
43,management,married,primary,no,0,yes,yes,cellular,20,nov,123,3,-1,0,unknown,no,2024-02-10 06:00:00
37,admin.,married,secondary,no,313,yes,no,unknown,19,jun,11,7,-1,0,unknown,no,2024-02-10 07:00:00
40,management,married,tertiary,no,132,yes,yes,cellular,18,nov,170,2,-1,0,unknown,no,2024-02-10 08:00:00
32,blue-collar,single,secondary,no,301,yes,no,unknown,7,may,395,2,-1,0,unknown,no,2024-02-10 09:00:00
28,services,single,secondary,no,1736,yes,no,unknown,29,may,139,3,-1,0,unknown,no,2024-02-10 10:00:00
48,admin.,married,secondary,no,0,yes,no,cellular,17,jul,109,4,-1,0,unknown,no,2024-02-10 11:00:00
63,housemaid,married,primary,no,91,no,no,telephone,26,aug,128,3,-1,0,unknown,yes,2024-02-10 12:00:00
29,management,single,tertiary,no,2907,yes,no,cellular,26,may,150,1,-1,0,unknown,no,2024-02-10 13:00:00
33,management,married,tertiary,no,1138,no,no,cellular,28,aug,73,4,-1,0,unknown,no,2024-02-10 14:00:00
41,management,married,tertiary,no,8553,yes,no,cellular,12,aug,304,12,-1,0,unknown,no,2024-02-10 15:00:00
34,housemaid,married,secondary,yes,0,no,no,cellular,21,aug,398,2,-1,0,unknown,no,2024-02-10 16:00:00
43,admin.,single,secondary,no,13,no,yes,unknown,1,jul,119,1,-1,0,unknown,no,2024-02-10 17:00:00
35,self-employed,married,secondary,no,734,no,yes,cellular,9,jul,128,2,-1,0,unknown,no,2024-02-10 18:00:00
25,management,single,tertiary,no,667,no,no,cellular,29,oct,408,2,-1,0,unknown,no,2024-02-10 19:00:00
32,technician,single,tertiary,no,1527,yes,no,cellular,9,nov,270,1,144,2,failure,no,2024-02-10 20:00:00
40,admin.,single,secondary,no,263,yes,no,unknown,6,may,231,1,-1,0,unknown,no,2024-02-10 21:00:00
51,blue-collar,married,secondary,no,0,yes,yes,cellular,22,jul,124,2,-1,0,unknown,no,2024-02-10 22:00:00
27,admin.,single,tertiary,no,138,no,no,cellular,15,jun,89,2,-1,0,unknown,yes,2024-02-10 23:00:00
39,blue-collar,married,secondary,no,607,yes,no,unknown,6,may,99,2,-1,0,unknown,no,2024-02-11 00:00:00
38,services,single,tertiary,no,1222,yes,no,unknown,5,jun,237,2,-1,0,unknown,no,2024-02-11 01:00:00
30,management,single,tertiary,no,5359,no,no,cellular,27,may,119,1,98,1,success,yes,2024-02-11 02:00:00
53,management,married,tertiary,no,811,no,no,cellular,28,jan,405,3,-1,0,unknown,no,2024-02-11 03:00:00
60,retired,divorced,secondary,no,514,no,no,cellular,16,mar,263,1,124,9,other,yes,2024-02-11 04:00:00
40,services,married,secondary,no,1305,no,no,cellular,22,jul,255,1,-1,0,unknown,no,2024-02-11 05:00:00
32,admin.,divorced,secondary,no,-19,yes,no,unknown,30,may,97,2,-1,0,unknown,no,2024-02-11 06:00:00
49,technician,divorced,secondary,no,342,no,yes,cellular,19,nov,58,3,-1,0,unknown,no,2024-02-11 07:00:00
30,blue-collar,married,secondary,no,61,yes,no,cellular,5,may,525,1,-1,0,unknown,yes,2024-02-11 08:00:00
53,retired,married,tertiary,no,1452,no,yes,cellular,19,nov,442,2,113,3,failure,no,2024-02-11 09:00:00
44,admin.,divorced,secondary,no,445,yes,no,cellular,17,apr,142,1,-1,0,unknown,no,2024-02-11 10:00:00
20,blue-collar,single,secondary,no,76,yes,no,cellular,18,may,639,2,-1,0,unknown,yes,2024-02-11 11:00:00
50,housemaid,married,secondary,no,7317,yes,no,cellular,13,may,172,1,370,1,failure,no,2024-02-11 12:00:00
22,services,single,secondary,no,129,no,no,cellular,16,oct,258,1,-1,0,unknown,yes,2024-02-11 13:00:00
77,retired,married,unknown,no,992,no,no,cellular,27,apr,147,2,182,2,failure,no,2024-02-11 14:00:00
46,blue-collar,divorced,primary,no,1927,yes,no,unknown,6,may,241,3,-1,0,unknown,no,2024-02-11 15:00:00
31,unemployed,single,secondary,no,-186,yes,no,unknown,26,may,172,3,-1,0,unknown,no,2024-02-11 16:00:00
25,management,married,tertiary,no,103,no,no,cellular,10,feb,52,9,-1,0,unknown,no,2024-02-11 17:00:00
29,blue-collar,married,secondary,no,1074,no,no,cellular,2,feb,153,1,-1,0,unknown,no,2024-02-11 18:00:00
26,unemployed,single,tertiary,no,521,no,no,cellular,6,feb,123,3,-1,0,unknown,no,2024-02-11 19:00:00
34,unemployed,married,secondary,no,0,yes,no,cellular,13,may,172,1,-1,0,unknown,no,2024-02-11 20:00:00
28,admin.,single,secondary,no,3,no,no,cellular,14,may,138,2,-1,0,unknown,no,2024-02-11 21:00:00
60,retired,married,primary,no,71,no,no,cellular,10,jul,121,3,-1,0,unknown,no,2024-02-11 22:00:00
44,technician,married,secondary,no,1879,yes,no,cellular,11,aug,88,4,-1,0,unknown,no,2024-02-11 23:00:00
34,technician,single,secondary,no,1161,yes,no,unknown,21,may,192,1,-1,0,unknown,no,2024-02-12 00:00:00
51,blue-collar,divorced,primary,no,155,yes,yes,cellular,9,apr,220,1,142,1,failure,no,2024-02-12 01:00:00
30,unemployed,married,tertiary,no,0,yes,no,cellular,18,nov,756,1,-1,0,unknown,no,2024-02-12 02:00:00
43,blue-collar,married,primary,no,1147,yes,yes,unknown,19,may,112,7,-1,0,unknown,no,2024-02-12 03:00:00
59,blue-collar,married,secondary,no,149,no,yes,telephone,28,jul,313,16,-1,0,unknown,no,2024-02-12 04:00:00
29,blue-collar,divorced,secondary,no,291,yes,no,cellular,20,apr,405,2,-1,0,unknown,no,2024-02-12 05:00:00
34,admin.,married,secondary,no,869,no,no,unknown,6,may,1677,1,-1,0,unknown,yes,2024-02-12 06:00:00
58,blue-collar,married,secondary,no,590,no,yes,unknown,5,jun,133,1,-1,0,unknown,no,2024-02-12 07:00:00
43,self-employed,married,primary,no,66,yes,no,unknown,7,may,175,5,-1,0,unknown,no,2024-02-12 08:00:00
53,blue-collar,married,secondary,no,2267,no,yes,cellular,28,jul,57,6,-1,0,unknown,no,2024-02-12 09:00:00
46,entrepreneur,married,secondary,no,583,yes,no,unknown,20,may,137,2,-1,0,unknown,no,2024-02-12 10:00:00
31,technician,married,secondary,no,141,yes,no,unknown,21,may,140,2,-1,0,unknown,no,2024-02-12 11:00:00
48,housemaid,single,primary,no,1630,no,no,cellular,15,oct,125,1,-1,0,unknown,no,2024-02-12 12:00:00
28,admin.,single,secondary,no,207,yes,no,cellular,13,may,329,1,-1,0,unknown,no,2024-02-12 13:00:00
27,admin.,married,secondary,no,1596,no,no,cellular,1,sep,82,1,-1,0,unknown,yes,2024-02-12 14:00:00
21,student,single,secondary,no,99,yes,no,unknown,13,may,49,1,-1,0,unknown,no,2024-02-12 15:00:00
54,technician,married,secondary,no,1349,no,no,telephone,11,aug,697,6,-1,0,unknown,no,2024-02-12 16:00:00
27,admin.,married,primary,no,395,yes,no,cellular,20,apr,122,2,-1,0,unknown,no,2024-02-12 17:00:00
33,blue-collar,married,primary,no,1165,yes,no,unknown,21,may,420,2,-1,0,unknown,no,2024-02-12 18:00:00
38,services,divorced,secondary,no,49,yes,no,cellular,18,may,43,1,367,2,success,no,2024-02-12 19:00:00
59,blue-collar,married,primary,no,616,no,no,cellular,4,feb,253,3,215,2,other,no,2024-02-12 20:00:00
44,blue-collar,married,secondary,no,1087,yes,no,unknown,19,may,100,2,-1,0,unknown,no,2024-02-12 21:00:00
34,entrepreneur,single,tertiary,no,-185,no,no,cellular,29,jan,114,1,-1,0,unknown,no,2024-02-12 22:00:00
31,admin.,married,secondary,no,941,yes,no,cellular,8,apr,213,4,-1,0,unknown,no,2024-02-12 23:00:00
50,management,divorced,secondary,no,2,no,no,cellular,19,nov,208,1,-1,0,unknown,no,2024-02-13 00:00:00
30,management,married,tertiary,no,1882,yes,no,cellular,11,aug,249,5,-1,0,unknown,no,2024-02-13 01:00:00
41,management,married,tertiary,no,0,yes,no,cellular,23,jul,285,3,-1,0,unknown,no,2024-02-13 02:00:00
29,admin.,single,tertiary,no,8,no,yes,cellular,2,mar,107,1,-1,0,unknown,no,2024-02-13 03:00:00
39,entrepreneur,married,secondary,no,11887,no,no,cellular,18,nov,1181,2,-1,0,unknown,yes,2024-02-13 04:00:00
24,admin.,single,secondary,no,-386,yes,no,cellular,5,may,180,1,-1,0,unknown,no,2024-02-13 05:00:00
38,services,single,secondary,no,2253,yes,no,cellular,13,may,937,3,-1,0,unknown,yes,2024-02-13 06:00:00
52,blue-collar,married,primary,no,-27,no,no,cellular,28,aug,51,8,-1,0,unknown,no,2024-02-13 07:00:00
53,entrepreneur,married,secondary,no,288,no,no,unknown,6,may,69,1,-1,0,unknown,no,2024-02-13 08:00:00
35,technician,single,secondary,no,539,yes,no,unknown,7,may,520,1,-1,0,unknown,no,2024-02-13 09:00:00
43,technician,married,secondary,no,1916,yes,no,unknown,13,may,565,2,-1,0,unknown,no,2024-02-13 10:00:00
24,blue-collar,single,primary,no,1033,yes,no,cellular,24,nov,283,1,-1,0,unknown,no,2024-02-13 11:00:00
27,blue-collar,married,primary,no,2591,yes,no,cellular,21,jul,129,2,-1,0,unknown,no,2024-02-13 12:00:00
33,management,married,tertiary,no,849,yes,no,cellular,6,aug,89,2,-1,0,unknown,no,2024-02-13 13:00:00
23,entrepreneur,single,secondary,no,1128,yes,no,cellular,18,may,77,3,-1,0,unknown,no,2024-02-13 14:00:00
27,services,single,secondary,no,1,yes,yes,unknown,2,jun,162,3,-1,0,unknown,no,2024-02-13 15:00:00
54,management,married,tertiary,no,14107,no,no,cellular,17,nov,98,1,-1,0,unknown,no,2024-02-13 16:00:00
36,admin.,married,unknown,no,991,no,no,cellular,14,jan,589,2,-1,0,unknown,yes,2024-02-13 17:00:00
60,entrepreneur,married,secondary,no,1393,no,no,unknown,20,jun,591,6,-1,0,unknown,no,2024-02-13 18:00:00
35,admin.,married,secondary,no,2374,yes,no,unknown,25,aug,5,1,14,7,success,no,2024-02-13 19:00:00
36,services,married,secondary,no,115,no,no,unknown,21,may,114,1,-1,0,unknown,no,2024-02-13 20:00:00
43,technician,single,secondary,no,59,yes,no,unknown,11,jun,107,19,-1,0,unknown,no,2024-02-13 21:00:00
42,services,married,secondary,no,0,yes,no,cellular,31,jul,17,20,-1,0,unknown,no,2024-02-13 22:00:00
41,unemployed,married,secondary,no,0,yes,yes,telephone,27,apr,89,12,-1,0,unknown,no,2024-02-13 23:00:00
27,blue-collar,single,primary,no,431,yes,no,unknown,15,may,286,2,-1,0,unknown,no,2024-02-14 00:00:00
51,management,married,tertiary,no,385,no,no,cellular,11,aug,39,2,-1,0,unknown,no,2024-02-14 01:00:00
26,blue-collar,single,primary,no,2363,no,yes,cellular,16,jun,569,2,-1,0,unknown,no,2024-02-14 02:00:00
48,management,single,tertiary,no,31,no,yes,unknown,3,jul,154,1,-1,0,unknown,no,2024-02-14 03:00:00
31,self-employed,married,tertiary,no,414,no,no,cellular,14,aug,169,5,-1,0,unknown,no,2024-02-14 04:00:00
48,technician,divorced,tertiary,no,907,no,yes,cellular,4,aug,103,1,-1,0,unknown,no,2024-02-14 05:00:00
42,management,married,secondary,no,3018,yes,no,cellular,8,may,288,3,172,2,failure,no,2024-02-14 06:00:00
22,self-employed,single,secondary,no,2138,no,yes,cellular,10,aug,164,1,109,2,other,yes,2024-02-14 07:00:00
41,housemaid,divorced,tertiary,no,9767,yes,no,unknown,29,may,162,2,-1,0,unknown,no,2024-02-14 08:00:00
52,retired,married,primary,no,1629,no,no,telephone,1,jun,192,1,-1,0,unknown,no,2024-02-14 09:00:00
30,management,single,tertiary,no,409,no,no,cellular,3,feb,31,6,-1,0,unknown,no,2024-02-14 10:00:00
55,management,married,tertiary,no,4982,yes,no,telephone,18,nov,51,1,-1,0,unknown,no,2024-02-14 11:00:00
48,retired,married,secondary,no,74,no,yes,unknown,6,may,315,1,-1,0,unknown,no,2024-02-14 12:00:00
35,technician,single,secondary,no,1501,yes,no,cellular,15,may,26,1,357,1,other,no,2024-02-14 13:00:00
44,blue-collar,married,primary,no,1704,yes,no,cellular,9,apr,312,2,-1,0,unknown,no,2024-02-14 14:00:00
53,management,married,tertiary,no,1624,no,no,cellular,6,aug,107,1,98,6,success,yes,2024-02-14 15:00:00
30,admin.,married,secondary,no,873,yes,no,unknown,29,may,792,3,-1,0,unknown,yes,2024-02-14 16:00:00
35,services,married,secondary,no,0,yes,no,unknown,5,may,471,1,-1,0,unknown,no,2024-02-14 17:00:00
54,services,married,unknown,no,324,no,no,cellular,29,aug,124,11,-1,0,unknown,no,2024-02-14 18:00:00
31,technician,divorced,tertiary,no,2287,yes,no,unknown,21,may,97,1,-1,0,unknown,no,2024-02-14 19:00:00
47,housemaid,married,primary,no,389,no,no,unknown,6,jun,145,2,-1,0,unknown,no,2024-02-14 20:00:00
45,admin.,married,secondary,no,1387,yes,no,cellular,10,jul,446,1,-1,0,unknown,no,2024-02-14 21:00:00
37,management,married,tertiary,no,1353,yes,no,cellular,19,nov,101,1,-1,0,unknown,no,2024-02-14 22:00:00
28,management,married,tertiary,no,17,yes,no,cellular,11,jul,16,2,-1,0,unknown,no,2024-02-14 23:00:00
60,technician,married,secondary,no,21,no,no,telephone,9,feb,172,4,-1,0,unknown,no,2024-02-15 00:00:00
55,blue-collar,married,secondary,no,3917,yes,no,cellular,18,may,565,1,-1,0,unknown,yes,2024-02-15 01:00:00
37,services,married,secondary,no,658,yes,no,telephone,23,jul,175,1,-1,0,unknown,no,2024-02-15 02:00:00
52,entrepreneur,married,tertiary,no,1115,yes,no,unknown,9,jun,124,2,-1,0,unknown,no,2024-02-15 03:00:00
44,housemaid,married,primary,no,2388,no,no,cellular,21,nov,570,2,-1,0,unknown,no,2024-02-15 04:00:00
34,admin.,single,secondary,no,528,no,no,cellular,1,jun,165,1,124,1,other,no,2024-02-15 05:00:00
39,blue-collar,divorced,secondary,no,37,no,yes,unknown,19,jun,248,1,-1,0,unknown,no,2024-02-15 06:00:00
28,services,single,tertiary,no,441,no,no,cellular,8,nov,106,1,-1,0,unknown,no,2024-02-15 07:00:00
41,management,married,tertiary,no,2781,yes,no,cellular,12,aug,95,2,-1,0,unknown,no,2024-02-15 08:00:00
39,blue-collar,divorced,secondary,no,94,yes,no,unknown,29,may,430,1,-1,0,unknown,no,2024-02-15 09:00:00
47,blue-collar,single,secondary,no,15,yes,no,unknown,19,may,62,2,-1,0,unknown,no,2024-02-15 10:00:00
53,management,married,tertiary,no,913,yes,no,unknown,9,may,244,4,-1,0,unknown,no,2024-02-15 11:00:00
32,management,married,tertiary,no,6059,yes,no,cellular,20,nov,110,2,-1,0,unknown,no,2024-02-15 12:00:00
44,self-employed,single,secondary,no,125,yes,no,telephone,17,apr,109,3,-1,0,unknown,no,2024-02-15 13:00:00
26,blue-collar,married,secondary,no,895,yes,no,cellular,4,feb,820,3,-1,0,unknown,no,2024-02-15 14:00:00
29,services,married,secondary,no,399,no,no,cellular,2,jun,210,1,-1,0,unknown,no,2024-02-15 15:00:00
42,technician,single,tertiary,no,3908,yes,no,telephone,4,feb,43,5,-1,0,unknown,no,2024-02-15 16:00:00
41,blue-collar,married,secondary,no,2689,yes,no,cellular,15,apr,135,1,-1,0,unknown,yes,2024-02-15 17:00:00
57,retired,married,secondary,no,1230,no,no,cellular,6,aug,78,4,-1,0,unknown,no,2024-02-15 18:00:00
44,management,married,tertiary,no,7485,no,no,cellular,5,aug,187,2,-1,0,unknown,no,2024-02-15 19:00:00
43,technician,married,secondary,no,17655,yes,no,cellular,18,nov,31,1,-1,0,unknown,no,2024-02-15 20:00:00
37,management,single,tertiary,no,1027,yes,no,cellular,2,mar,313,1,152,2,success,yes,2024-02-15 21:00:00
47,management,married,secondary,no,7,no,no,cellular,8,aug,175,2,-1,0,unknown,no,2024-02-15 22:00:00
56,blue-collar,married,unknown,no,22,yes,no,unknown,16,may,103,7,-1,0,unknown,no,2024-02-15 23:00:00
81,retired,married,primary,no,5220,no,no,telephone,13,nov,135,1,94,2,other,yes,2024-02-16 00:00:00
31,technician,single,tertiary,no,7005,no,no,cellular,26,aug,171,4,-1,0,unknown,no,2024-02-16 01:00:00
46,technician,married,secondary,no,2501,no,no,cellular,26,may,323,1,-1,0,unknown,no,2024-02-16 02:00:00
45,admin.,married,secondary,no,0,no,yes,telephone,15,jul,533,3,-1,0,unknown,yes,2024-02-16 03:00:00
49,management,single,tertiary,no,493,no,no,cellular,1,jun,161,1,39,1,failure,no,2024-02-16 04:00:00
53,retired,divorced,secondary,no,246,yes,no,cellular,29,jan,158,2,247,1,failure,no,2024-02-16 05:00:00
30,blue-collar,single,secondary,no,3532,yes,no,unknown,26,may,279,5,-1,0,unknown,no,2024-02-16 06:00:00
51,self-employed,married,secondary,no,921,no,no,cellular,24,jul,188,1,-1,0,unknown,no,2024-02-16 07:00:00
79,retired,married,secondary,no,723,no,no,telephone,9,sep,276,1,79,3,failure,yes,2024-02-16 08:00:00
45,self-employed,divorced,tertiary,yes,75,yes,yes,cellular,4,feb,236,1,-1,0,unknown,no,2024-02-16 09:00:00
59,blue-collar,married,secondary,no,786,no,yes,cellular,22,jul,44,4,-1,0,unknown,no,2024-02-16 10:00:00
49,management,married,tertiary,yes,-6847,no,yes,cellular,21,jul,206,1,-1,0,unknown,no,2024-02-16 11:00:00
32,technician,single,tertiary,no,4,yes,no,cellular,30,apr,311,1,-1,0,unknown,no,2024-02-16 12:00:00
47,management,married,tertiary,no,7,yes,no,cellular,25,jul,102,5,-1,0,unknown,no,2024-02-16 13:00:00
57,housemaid,married,primary,no,0,no,no,cellular,13,aug,189,2,-1,0,unknown,no,2024-02-16 14:00:00
45,management,married,tertiary,no,0,no,no,cellular,18,nov,179,2,-1,0,unknown,no,2024-02-16 15:00:00
42,technician,married,secondary,no,769,no,no,cellular,6,feb,187,2,246,1,failure,no,2024-02-16 16:00:00
36,blue-collar,married,primary,no,345,yes,no,cellular,20,apr,223,1,-1,0,unknown,no,2024-02-16 17:00:00
32,blue-collar,single,secondary,no,1036,yes,yes,unknown,30,may,62,2,-1,0,unknown,no,2024-02-16 18:00:00
37,admin.,married,tertiary,no,103,yes,yes,cellular,27,apr,81,3,-1,0,unknown,no,2024-02-16 19:00:00
31,admin.,married,secondary,no,97,yes,no,unknown,19,may,607,1,-1,0,unknown,yes,2024-02-16 20:00:00
44,technician,married,secondary,yes,-251,no,yes,telephone,31,jul,13,16,-1,0,unknown,no,2024-02-16 21:00:00
34,services,single,secondary,no,-38,yes,no,cellular,7,may,48,1,-1,0,unknown,no,2024-02-16 22:00:00
38,admin.,married,tertiary,no,1988,no,no,cellular,27,mar,164,2,130,2,failure,yes,2024-02-16 23:00:00
49,self-employed,married,secondary,no,1683,no,no,cellular,29,aug,61,4,-1,0,unknown,no,2024-02-17 00:00:00
54,blue-collar,married,primary,no,1849,no,no,cellular,12,aug,127,4,-1,0,unknown,no,2024-02-17 01:00:00
39,management,married,tertiary,no,198,yes,no,unknown,19,may,138,8,-1,0,unknown,no,2024-02-17 02:00:00
31,blue-collar,married,secondary,no,873,yes,no,unknown,23,may,145,4,-1,0,unknown,no,2024-02-17 03:00:00
39,blue-collar,divorced,secondary,no,226,yes,no,unknown,20,may,221,2,-1,0,unknown,no,2024-02-17 04:00:00
27,technician,single,secondary,no,15,yes,no,cellular,25,jul,67,3,-1,0,unknown,no,2024-02-17 05:00:00
31,technician,married,secondary,no,172,no,no,cellular,8,aug,151,2,-1,0,unknown,no,2024-02-17 06:00:00
38,management,married,tertiary,no,216,yes,no,unknown,21,may,1307,1,-1,0,unknown,no,2024-02-17 07:00:00
39,management,married,tertiary,no,0,no,no,cellular,22,aug,714,6,-1,0,unknown,no,2024-02-17 08:00:00
53,technician,married,primary,no,311,no,no,telephone,28,jan,82,3,-1,0,unknown,no,2024-02-17 09:00:00
32,technician,single,tertiary,no,1012,no,no,cellular,14,apr,178,1,-1,0,unknown,no,2024-02-17 10:00:00
30,management,single,tertiary,no,1724,yes,no,unknown,20,may,73,1,-1,0,unknown,no,2024-02-17 11:00:00
53,management,married,tertiary,no,4446,yes,no,unknown,14,may,429,1,-1,0,unknown,no,2024-02-17 12:00:00
36,blue-collar,married,primary,no,0,yes,no,cellular,18,nov,618,2,-1,0,unknown,no,2024-02-17 13:00:00
46,services,married,secondary,no,1034,no,no,cellular,8,aug,109,2,-1,0,unknown,no,2024-02-17 14:00:00
55,management,married,secondary,no,1928,no,no,cellular,21,nov,87,4,-1,0,unknown,no,2024-02-17 15:00:00
47,technician,married,secondary,no,-226,yes,no,cellular,11,jul,289,2,-1,0,unknown,no,2024-02-17 16:00:00
23,blue-collar,single,secondary,no,4211,yes,no,cellular,18,may,434,1,-1,0,unknown,no,2024-02-17 17:00:00
29,blue-collar,single,secondary,no,348,yes,no,unknown,9,may,185,2,-1,0,unknown,no,2024-02-17 18:00:00
27,student,single,secondary,no,81,yes,no,unknown,8,may,238,1,-1,0,unknown,no,2024-02-17 19:00:00
44,management,married,tertiary,no,254,yes,yes,cellular,11,may,145,2,300,3,failure,no,2024-02-17 20:00:00
38,management,married,tertiary,no,0,no,no,cellular,26,aug,101,4,-1,0,unknown,no,2024-02-17 21:00:00
56,services,married,secondary,no,1989,no,no,cellular,3,feb,336,2,281,2,failure,yes,2024-02-17 22:00:00
54,technician,divorced,secondary,no,21,yes,no,unknown,6,may,381,2,-1,0,unknown,no,2024-02-17 23:00:00
55,management,married,tertiary,no,3848,yes,no,cellular,8,apr,222,2,-1,0,unknown,yes,2024-02-18 00:00:00
45,management,married,tertiary,no,547,no,no,cellular,2,feb,577,1,-1,0,unknown,yes,2024-02-18 01:00:00
37,technician,divorced,secondary,no,0,yes,no,cellular,11,jul,283,1,-1,0,unknown,no,2024-02-18 02:00:00
45,blue-collar,married,secondary,no,1778,yes,no,cellular,4,feb,41,1,251,5,failure,no,2024-02-18 03:00:00
32,services,single,secondary,no,91,no,no,cellular,29,jul,241,5,-1,0,unknown,no,2024-02-18 04:00:00
42,unemployed,divorced,secondary,no,759,no,no,cellular,28,jan,97,1,169,3,failure,no,2024-02-18 05:00:00
57,management,married,secondary,no,0,yes,no,cellular,4,aug,157,1,-1,0,unknown,no,2024-02-18 06:00:00
32,admin.,single,secondary,no,457,no,no,cellular,26,jul,109,3,455,2,failure,no,2024-02-18 07:00:00
41,blue-collar,single,secondary,no,98,no,yes,cellular,21,jul,97,6,-1,0,unknown,no,2024-02-18 08:00:00
71,management,married,tertiary,no,13297,no,no,cellular,11,aug,265,1,190,2,failure,no,2024-02-18 09:00:00
30,admin.,married,secondary,no,39,yes,no,cellular,28,jul,101,3,-1,0,unknown,no,2024-02-18 10:00:00
37,technician,married,tertiary,no,447,yes,no,unknown,9,may,1170,1,-1,0,unknown,no,2024-02-18 11:00:00
35,admin.,single,secondary,no,1721,no,no,telephone,30,jan,103,3,-1,0,unknown,no,2024-02-18 12:00:00
34,blue-collar,married,primary,no,46,yes,yes,unknown,19,may,165,1,-1,0,unknown,no,2024-02-18 13:00:00
40,management,single,tertiary,no,36,yes,no,unknown,27,may,240,3,-1,0,unknown,no,2024-02-18 14:00:00
55,unemployed,single,tertiary,no,1513,yes,no,unknown,8,may,60,1,-1,0,unknown,no,2024-02-18 15:00:00
60,services,married,secondary,no,292,no,yes,cellular,2,feb,260,5,195,4,failure,no,2024-02-18 16:00:00
36,blue-collar,married,secondary,no,0,yes,no,telephone,19,nov,52,2,-1,0,unknown,no,2024-02-18 17:00:00
52,housemaid,married,primary,no,3798,yes,no,cellular,17,jul,1208,1,-1,0,unknown,yes,2024-02-18 18:00:00
45,technician,married,secondary,no,3601,yes,no,unknown,30,may,536,2,-1,0,unknown,no,2024-02-18 19:00:00
36,technician,married,secondary,no,366,no,yes,cellular,22,aug,136,6,-1,0,unknown,no,2024-02-18 20:00:00
56,blue-collar,married,primary,no,246,yes,no,unknown,23,may,438,1,-1,0,unknown,no,2024-02-18 21:00:00
74,retired,divorced,primary,no,29080,no,no,cellular,30,jun,301,5,93,4,other,yes,2024-02-18 22:00:00
40,technician,married,tertiary,no,1034,yes,no,cellular,18,may,368,2,-1,0,unknown,no,2024-02-18 23:00:00
38,entrepreneur,married,tertiary,no,2069,yes,no,cellular,15,may,358,7,-1,0,unknown,no,2024-02-19 00:00:00
48,management,married,primary,no,5348,no,no,unknown,18,jun,105,1,-1,0,unknown,no,2024-02-19 01:00:00
34,services,married,secondary,no,241,yes,no,cellular,17,apr,1364,2,147,1,other,no,2024-02-19 02:00:00
60,management,married,unknown,no,264,no,no,telephone,1,feb,265,1,-1,0,unknown,yes,2024-02-19 03:00:00
31,technician,divorced,secondary,no,24,no,yes,cellular,27,aug,352,2,-1,0,unknown,no,2024-02-19 04:00:00
39,services,divorced,unknown,no,434,yes,no,telephone,24,jul,553,6,-1,0,unknown,no,2024-02-19 05:00:00
48,entrepreneur,married,tertiary,no,354,yes,no,cellular,9,feb,37,4,-1,0,unknown,no,2024-02-19 06:00:00
31,entrepreneur,divorced,secondary,no,290,yes,no,cellular,13,apr,230,1,-1,0,unknown,no,2024-02-19 07:00:00
50,services,married,secondary,no,254,yes,no,cellular,15,apr,397,2,337,1,failure,no,2024-02-19 08:00:00
60,blue-collar,married,primary,no,2147,no,no,telephone,14,may,213,1,-1,0,unknown,no,2024-02-19 09:00:00
44,management,married,tertiary,no,226,yes,no,cellular,17,nov,76,3,-1,0,unknown,no,2024-02-19 10:00:00
27,management,single,tertiary,no,405,yes,no,cellular,7,may,129,2,-1,0,unknown,no,2024-02-19 11:00:00
51,technician,married,secondary,no,2402,yes,no,unknown,29,may,118,1,-1,0,unknown,no,2024-02-19 12:00:00
37,entrepreneur,single,secondary,no,654,no,no,unknown,19,may,594,2,-1,0,unknown,no,2024-02-19 13:00:00
38,blue-collar,single,secondary,no,745,yes,no,unknown,21,may,281,15,-1,0,unknown,no,2024-02-19 14:00:00
29,admin.,married,secondary,no,957,yes,yes,cellular,30,jan,258,2,263,3,failure,no,2024-02-19 15:00:00
43,technician,married,secondary,no,0,no,no,cellular,19,aug,313,3,-1,0,unknown,no,2024-02-19 16:00:00
32,blue-collar,married,secondary,no,8957,no,no,cellular,20,nov,145,1,-1,0,unknown,no,2024-02-19 17:00:00
42,services,divorced,secondary,no,266,yes,yes,cellular,19,nov,97,1,-1,0,unknown,no,2024-02-19 18:00:00
48,management,single,tertiary,no,336,yes,no,cellular,18,may,17,1,369,4,other,no,2024-02-19 19:00:00
41,technician,single,secondary,no,1680,yes,no,unknown,2,jun,76,2,-1,0,unknown,no,2024-02-19 20:00:00
52,blue-collar,married,secondary,no,148,yes,no,unknown,13,may,83,1,-1,0,unknown,no,2024-02-19 21:00:00
59,retired,married,secondary,no,2291,no,yes,cellular,19,nov,190,1,128,3,failure,no,2024-02-19 22:00:00
58,retired,married,secondary,no,2836,no,no,unknown,6,jun,248,2,-1,0,unknown,no,2024-02-19 23:00:00
32,technician,single,tertiary,no,1849,yes,no,cellular,7,may,155,1,-1,0,unknown,no,2024-02-20 00:00:00
42,management,married,tertiary,no,0,no,no,cellular,20,nov,90,2,-1,0,unknown,no,2024-02-20 01:00:00
34,management,single,tertiary,no,197,no,yes,cellular,21,aug,274,4,-1,0,unknown,no,2024-02-20 02:00:00
48,technician,divorced,secondary,no,164,yes,no,unknown,12,may,139,2,-1,0,unknown,no,2024-02-20 03:00:00
27,admin.,single,tertiary,no,1993,yes,no,cellular,5,may,102,5,-1,0,unknown,no,2024-02-20 04:00:00
60,management,married,tertiary,yes,-108,no,yes,cellular,7,jul,79,2,-1,0,unknown,no,2024-02-20 05:00:00
27,technician,married,secondary,no,31,no,no,cellular,13,may,136,2,-1,0,unknown,no,2024-02-20 06:00:00
34,management,married,tertiary,no,-73,yes,no,cellular,11,jul,90,1,-1,0,unknown,no,2024-02-20 07:00:00
57,management,married,secondary,no,2155,no,yes,cellular,11,aug,82,2,-1,0,unknown,no,2024-02-20 08:00:00
49,management,married,tertiary,no,146,no,no,cellular,29,aug,86,2,-1,0,unknown,no,2024-02-20 09:00:00
40,management,married,tertiary,no,16,no,yes,cellular,9,feb,47,4,-1,0,unknown,no,2024-02-20 10:00:00
51,blue-collar,married,primary,no,230,yes,no,cellular,17,nov,174,1,195,1,failure,no,2024-02-20 11:00:00
25,blue-collar,single,secondary,no,579,yes,no,unknown,28,may,225,4,-1,0,unknown,no,2024-02-20 12:00:00
39,management,single,tertiary,no,968,yes,no,cellular,22,aug,199,6,-1,0,unknown,no,2024-02-20 13:00:00
58,blue-collar,married,secondary,no,144,no,yes,cellular,25,jul,71,2,-1,0,unknown,no,2024-02-20 14:00:00
37,blue-collar,single,secondary,no,3561,yes,no,unknown,2,jun,98,1,-1,0,unknown,no,2024-02-20 15:00:00
51,entrepreneur,married,tertiary,yes,4,yes,no,cellular,18,nov,80,1,-1,0,unknown,no,2024-02-20 16:00:00
44,technician,married,tertiary,no,1818,yes,yes,cellular,3,feb,508,1,92,4,failure,yes,2024-02-20 17:00:00
60,management,married,tertiary,no,1574,no,no,cellular,26,may,189,2,349,1,failure,no,2024-02-20 18:00:00
57,retired,married,primary,no,6969,no,no,cellular,19,nov,152,2,-1,0,unknown,no,2024-02-20 19:00:00
40,admin.,married,unknown,no,9110,yes,no,telephone,19,nov,89,3,-1,0,unknown,no,2024-02-20 20:00:00
30,technician,single,tertiary,no,91,yes,yes,cellular,10,jul,179,1,-1,0,unknown,no,2024-02-20 21:00:00
31,unemployed,divorced,tertiary,no,756,no,no,cellular,20,jul,355,2,-1,0,unknown,yes,2024-02-20 22:00:00
33,blue-collar,married,primary,no,2,yes,yes,unknown,12,may,409,2,-1,0,unknown,no,2024-02-20 23:00:00
37,services,divorced,secondary,no,2152,yes,no,cellular,18,nov,200,1,-1,0,unknown,no,2024-02-21 00:00:00
44,admin.,married,secondary,yes,-1249,yes,yes,unknown,19,may,83,4,-1,0,unknown,no,2024-02-21 01:00:00
31,management,divorced,tertiary,no,71,no,no,cellular,12,mar,119,1,-1,0,unknown,yes,2024-02-21 02:00:00
42,housemaid,married,primary,no,1343,yes,no,unknown,24,jun,404,3,-1,0,unknown,no,2024-02-21 03:00:00
59,housemaid,married,primary,no,370,yes,no,cellular,9,jul,425,1,-1,0,unknown,no,2024-02-21 04:00:00
58,management,married,tertiary,no,4152,yes,no,telephone,14,nov,160,1,-1,0,unknown,yes,2024-02-21 05:00:00
44,blue-collar,married,unknown,no,1529,yes,no,cellular,30,apr,347,1,-1,0,unknown,yes,2024-02-21 06:00:00
36,blue-collar,single,secondary,no,340,no,yes,unknown,16,jun,559,3,-1,0,unknown,no,2024-02-21 07:00:00
58,admin.,divorced,secondary,no,447,no,no,cellular,28,jul,405,4,-1,0,unknown,no,2024-02-21 08:00:00
60,admin.,married,unknown,no,738,no,no,unknown,19,may,529,3,-1,0,unknown,no,2024-02-21 09:00:00
41,admin.,married,secondary,no,3126,yes,no,cellular,29,jun,222,1,91,7,failure,yes,2024-02-21 10:00:00
59,retired,married,secondary,no,1449,yes,yes,cellular,23,jul,437,2,-1,0,unknown,no,2024-02-21 11:00:00
49,management,married,tertiary,no,2139,no,no,cellular,5,aug,278,1,-1,0,unknown,no,2024-02-21 12:00:00
70,retired,married,unknown,no,647,no,no,telephone,10,mar,152,1,348,1,failure,no,2024-02-21 13:00:00
42,management,married,tertiary,no,1,no,no,unknown,14,may,253,1,-1,0,unknown,no,2024-02-21 14:00:00
30,admin.,single,secondary,no,1309,no,no,cellular,28,jan,622,1,-1,0,unknown,yes,2024-02-21 15:00:00
44,management,married,tertiary,no,445,no,yes,telephone,6,feb,135,2,9,7,other,no,2024-02-21 16:00:00
32,entrepreneur,married,secondary,no,-25,yes,no,cellular,7,may,243,2,-1,0,unknown,no,2024-02-21 17:00:00
59,housemaid,married,primary,no,1100,no,no,cellular,18,aug,147,10,-1,0,unknown,no,2024-02-21 18:00:00
37,blue-collar,single,primary,no,0,no,no,unknown,5,jun,39,1,-1,0,unknown,no,2024-02-21 19:00:00
58,management,divorced,tertiary,no,50,yes,no,cellular,21,nov,675,4,171,4,failure,no,2024-02-21 20:00:00
31,blue-collar,married,primary,no,26,yes,no,unknown,20,may,51,26,-1,0,unknown,no,2024-02-21 21:00:00
40,blue-collar,married,secondary,no,1954,no,no,cellular,31,jul,1107,2,-1,0,unknown,yes,2024-02-21 22:00:00
35,technician,single,unknown,no,0,no,no,cellular,28,jan,81,2,-1,0,unknown,no,2024-02-21 23:00:00
31,technician,single,tertiary,no,336,no,no,cellular,22,aug,661,1,-1,0,unknown,no,2024-02-22 00:00:00
54,services,married,secondary,no,514,yes,no,cellular,2,feb,109,1,186,3,failure,no,2024-02-22 01:00:00
27,unemployed,single,primary,no,9,no,yes,cellular,9,jul,919,2,-1,0,unknown,yes,2024-02-22 02:00:00
44,technician,single,secondary,no,244,yes,no,cellular,12,aug,1735,4,-1,0,unknown,yes,2024-02-22 03:00:00
43,unemployed,divorced,secondary,no,0,yes,no,cellular,24,jul,229,2,-1,0,unknown,no,2024-02-22 04:00:00
37,blue-collar,married,secondary,no,982,yes,no,cellular,9,jul,231,2,-1,0,unknown,no,2024-02-22 05:00:00
61,management,married,tertiary,no,6016,no,no,cellular,2,feb,670,3,-1,0,unknown,yes,2024-02-22 06:00:00
56,entrepreneur,married,unknown,no,575,no,no,unknown,20,jun,18,2,-1,0,unknown,no,2024-02-22 07:00:00
29,technician,single,secondary,no,1612,yes,no,unknown,26,may,375,2,-1,0,unknown,no,2024-02-22 08:00:00
35,blue-collar,single,secondary,no,505,no,yes,cellular,30,jan,109,3,-1,0,unknown,no,2024-02-22 09:00:00
35,self-employed,single,tertiary,no,0,yes,yes,cellular,18,may,185,1,-1,0,unknown,no,2024-02-22 10:00:00
55,retired,married,primary,no,8894,no,no,unknown,11,jun,262,1,-1,0,unknown,no,2024-02-22 11:00:00
38,management,single,secondary,no,293,no,yes,cellular,24,nov,166,2,-1,0,unknown,no,2024-02-22 12:00:00
39,blue-collar,married,primary,no,499,yes,no,cellular,13,may,156,1,-1,0,unknown,no,2024-02-22 13:00:00
25,services,married,secondary,no,-97,yes,no,cellular,6,may,143,1,-1,0,unknown,no,2024-02-22 14:00:00
38,services,married,secondary,no,507,yes,no,unknown,8,may,95,1,-1,0,unknown,no,2024-02-22 15:00:00
35,admin.,divorced,secondary,no,20,no,yes,cellular,17,jul,287,1,-1,0,unknown,no,2024-02-22 16:00:00
61,retired,married,tertiary,no,5267,no,no,cellular,11,feb,226,3,-1,0,unknown,yes,2024-02-22 17:00:00
36,management,single,tertiary,no,13315,no,no,cellular,28,jul,43,8,-1,0,unknown,no,2024-02-22 18:00:00
84,retired,married,secondary,no,81204,no,no,telephone,28,dec,679,1,313,2,other,yes,2024-02-22 19:00:00
36,blue-collar,married,secondary,no,1797,yes,yes,cellular,17,nov,166,1,181,2,failure,no,2024-02-22 20:00:00
32,management,married,tertiary,no,2737,yes,yes,unknown,23,may,38,1,-1,0,unknown,no,2024-02-22 21:00:00
58,entrepreneur,married,tertiary,yes,0,no,yes,cellular,25,jul,138,4,-1,0,unknown,no,2024-02-22 22:00:00
35,technician,married,secondary,no,1854,yes,no,cellular,18,nov,401,2,-1,0,unknown,no,2024-02-22 23:00:00
46,admin.,single,secondary,no,1544,yes,no,unknown,29,may,609,1,-1,0,unknown,no,2024-02-23 00:00:00
45,blue-collar,married,unknown,no,-72,yes,no,cellular,11,may,306,1,-1,0,unknown,no,2024-02-23 01:00:00
24,blue-collar,single,primary,no,174,yes,no,cellular,18,may,22,3,-1,0,unknown,no,2024-02-23 02:00:00
41,entrepreneur,divorced,tertiary,no,0,yes,no,cellular,17,nov,176,1,-1,0,unknown,no,2024-02-23 03:00:00
45,management,single,tertiary,no,5769,no,no,cellular,20,nov,59,3,-1,0,unknown,no,2024-02-23 04:00:00
33,admin.,married,tertiary,no,0,yes,yes,cellular,9,jul,389,3,-1,0,unknown,no,2024-02-23 05:00:00
37,blue-collar,married,secondary,no,723,yes,no,cellular,18,nov,119,1,110,2,failure,no,2024-02-23 06:00:00
54,blue-collar,married,secondary,no,1063,no,yes,cellular,8,jul,194,3,-1,0,unknown,no,2024-02-23 07:00:00
46,blue-collar,married,secondary,no,6253,yes,no,cellular,9,jul,411,1,-1,0,unknown,no,2024-02-23 08:00:00
31,blue-collar,single,secondary,no,1358,yes,yes,unknown,23,may,339,2,-1,0,unknown,no,2024-02-23 09:00:00
30,management,single,tertiary,no,8535,no,no,cellular,18,jun,393,2,-1,0,unknown,yes,2024-02-23 10:00:00
62,blue-collar,married,primary,no,115,no,no,telephone,29,apr,75,3,-1,0,unknown,no,2024-02-23 11:00:00
33,unemployed,single,secondary,no,427,no,no,unknown,1,jun,12,1,-1,0,unknown,no,2024-02-23 12:00:00
59,blue-collar,married,secondary,no,169,yes,no,unknown,16,may,181,3,-1,0,unknown,no,2024-02-23 13:00:00
31,management,single,tertiary,no,2085,yes,no,cellular,20,aug,147,4,-1,0,unknown,no,2024-02-23 14:00:00
23,admin.,single,secondary,no,252,yes,no,cellular,15,may,56,1,-1,0,unknown,no,2024-02-23 15:00:00
39,admin.,married,secondary,no,130,yes,yes,cellular,4,feb,1290,2,-1,0,unknown,yes,2024-02-23 16:00:00
34,technician,married,tertiary,no,1806,yes,no,cellular,17,apr,160,2,-1,0,unknown,no,2024-02-23 17:00:00
28,admin.,single,secondary,no,-281,yes,no,cellular,8,may,144,4,340,4,other,no,2024-02-23 18:00:00
32,management,single,tertiary,no,1117,no,no,cellular,18,aug,219,4,-1,0,unknown,no,2024-02-23 19:00:00
34,management,married,tertiary,no,0,no,no,cellular,6,aug,139,2,-1,0,unknown,no,2024-02-23 20:00:00
30,management,married,tertiary,no,4328,no,no,cellular,30,apr,262,3,189,11,other,yes,2024-02-23 21:00:00
46,blue-collar,married,primary,no,-339,yes,yes,cellular,11,may,182,2,-1,0,unknown,no,2024-02-23 22:00:00
36,technician,married,secondary,no,594,no,yes,cellular,4,aug,230,3,-1,0,unknown,no,2024-02-23 23:00:00
48,technician,married,tertiary,no,2,no,no,cellular,3,feb,165,5,6,3,other,no,2024-02-24 00:00:00
46,admin.,divorced,secondary,no,984,yes,no,cellular,12,may,181,4,369,5,failure,no,2024-02-24 01:00:00
37,management,divorced,secondary,no,414,no,no,cellular,20,aug,352,4,-1,0,unknown,no,2024-02-24 02:00:00
53,admin.,divorced,secondary,no,372,no,yes,cellular,2,feb,126,2,-1,0,unknown,no,2024-02-24 03:00:00
45,blue-collar,married,primary,no,305,yes,no,cellular,4,feb,211,1,-1,0,unknown,no,2024-02-24 04:00:00
53,admin.,married,unknown,no,0,no,no,cellular,19,aug,160,3,-1,0,unknown,no,2024-02-24 05:00:00
34,housemaid,divorced,primary,no,46,yes,no,telephone,11,jul,31,2,-1,0,unknown,no,2024-02-24 06:00:00
50,blue-collar,married,secondary,no,1293,no,yes,cellular,8,jul,82,1,-1,0,unknown,no,2024-02-24 07:00:00
57,housemaid,married,tertiary,no,3760,no,no,cellular,17,nov,1070,1,-1,0,unknown,no,2024-02-24 08:00:00
44,management,married,tertiary,no,724,yes,no,cellular,17,nov,157,2,172,1,failure,no,2024-02-24 09:00:00
56,management,divorced,unknown,no,2986,no,no,cellular,30,apr,124,1,-1,0,unknown,no,2024-02-24 10:00:00
53,unemployed,divorced,secondary,no,468,no,no,cellular,22,aug,153,6,-1,0,unknown,no,2024-02-24 11:00:00
35,admin.,married,secondary,no,3187,yes,no,cellular,19,nov,171,2,183,1,failure,no,2024-02-24 12:00:00
28,management,single,tertiary,no,1,no,no,cellular,24,jul,86,11,-1,0,unknown,no,2024-02-24 13:00:00
43,management,married,secondary,no,2411,yes,no,cellular,11,aug,124,7,-1,0,unknown,no,2024-02-24 14:00:00
36,technician,married,secondary,no,300,no,no,unknown,9,jun,287,1,-1,0,unknown,no,2024-02-24 15:00:00
31,management,married,tertiary,no,2229,yes,no,unknown,26,may,90,4,-1,0,unknown,no,2024-02-24 16:00:00
32,student,single,unknown,no,5969,no,no,cellular,6,feb,12,7,-1,0,unknown,no,2024-02-24 17:00:00
31,management,single,tertiary,no,296,no,yes,cellular,8,jul,509,4,-1,0,unknown,yes,2024-02-24 18:00:00
28,technician,single,secondary,no,1363,no,no,cellular,9,jun,431,3,102,1,success,no,2024-02-24 19:00:00
34,technician,married,secondary,no,22,no,no,cellular,21,aug,270,3,-1,0,unknown,no,2024-02-24 20:00:00
43,management,married,tertiary,no,9261,yes,no,cellular,17,apr,273,2,254,2,failure,no,2024-02-24 21:00:00
45,management,married,secondary,no,1546,no,no,telephone,21,nov,171,2,-1,0,unknown,no,2024-02-24 22:00:00
51,services,married,secondary,no,421,yes,no,cellular,15,apr,139,2,-1,0,unknown,no,2024-02-24 23:00:00
36,technician,married,secondary,no,480,no,no,cellular,20,oct,213,1,-1,0,unknown,yes,2024-02-25 00:00:00
46,admin.,divorced,secondary,no,778,yes,no,cellular,20,nov,106,3,-1,0,unknown,no,2024-02-25 01:00:00
48,blue-collar,single,unknown,no,71,yes,no,unknown,8,may,101,2,-1,0,unknown,no,2024-02-25 02:00:00
26,admin.,single,secondary,no,102,no,yes,cellular,8,jul,658,2,-1,0,unknown,yes,2024-02-25 03:00:00
41,management,married,tertiary,no,36,no,no,cellular,19,nov,388,3,-1,0,unknown,no,2024-02-25 04:00:00
33,technician,married,tertiary,no,2728,no,no,cellular,5,aug,295,2,-1,0,unknown,no,2024-02-25 05:00:00
30,management,single,tertiary,no,398,no,no,cellular,30,apr,554,1,6,2,success,yes,2024-02-25 06:00:00
46,admin.,married,secondary,no,-522,yes,no,cellular,27,mar,243,3,239,13,other,yes,2024-02-25 07:00:00
40,services,married,primary,no,170,yes,yes,cellular,8,may,361,3,-1,0,unknown,no,2024-02-25 08:00:00
38,management,married,tertiary,no,93,yes,no,cellular,25,may,74,1,272,4,failure,no,2024-02-25 09:00:00
33,services,married,secondary,no,1076,no,no,cellular,7,aug,88,1,259,4,failure,no,2024-02-25 10:00:00
39,blue-collar,married,primary,no,467,yes,no,cellular,12,may,7,5,285,30,other,no,2024-02-25 11:00:00
47,management,married,unknown,no,555,yes,no,cellular,17,jul,179,1,-1,0,unknown,no,2024-02-25 12:00:00
38,self-employed,single,tertiary,no,973,no,no,cellular,4,feb,138,1,-1,0,unknown,no,2024-02-25 13:00:00
75,retired,married,primary,no,1765,no,no,telephone,14,sep,808,1,187,4,failure,yes,2024-02-25 14:00:00
38,management,single,tertiary,no,5244,no,no,cellular,8,aug,310,4,-1,0,unknown,no,2024-02-25 15:00:00
43,blue-collar,single,primary,no,999,yes,no,unknown,12,jun,317,1,-1,0,unknown,no,2024-02-25 16:00:00
44,admin.,married,secondary,yes,-204,yes,no,cellular,8,may,105,1,347,2,failure,no,2024-02-25 17:00:00
30,technician,married,secondary,no,371,no,no,cellular,7,aug,124,2,-1,0,unknown,no,2024-02-25 18:00:00
46,unemployed,married,secondary,no,2940,yes,no,unknown,29,may,195,2,-1,0,unknown,no,2024-02-25 19:00:00
27,services,single,secondary,no,302,no,no,cellular,3,jul,203,1,-1,0,unknown,yes,2024-02-25 20:00:00
35,management,single,tertiary,no,837,no,no,cellular,4,aug,329,1,-1,0,unknown,no,2024-02-25 21:00:00
31,technician,married,tertiary,no,311,no,yes,cellular,8,aug,385,2,-1,0,unknown,no,2024-02-25 22:00:00
50,blue-collar,married,secondary,no,253,no,no,telephone,28,jan,37,1,-1,0,unknown,no,2024-02-25 23:00:00
43,management,single,tertiary,no,11891,no,no,cellular,4,dec,821,5,242,1,success,yes,2024-02-26 00:00:00
45,blue-collar,married,primary,no,2958,yes,no,cellular,16,apr,580,1,317,2,failure,no,2024-02-26 01:00:00
33,admin.,married,secondary,no,582,yes,no,cellular,17,apr,256,2,-1,0,unknown,no,2024-02-26 02:00:00
42,management,married,unknown,no,1519,no,no,cellular,19,oct,230,1,92,1,success,yes,2024-02-26 03:00:00
31,management,married,tertiary,no,181,yes,no,cellular,10,jul,497,1,-1,0,unknown,no,2024-02-26 04:00:00
31,technician,single,secondary,no,1447,yes,no,cellular,21,nov,225,2,95,13,other,no,2024-02-26 05:00:00
36,management,single,tertiary,no,1339,yes,no,cellular,11,jul,136,1,-1,0,unknown,no,2024-02-26 06:00:00
37,self-employed,married,tertiary,no,1146,no,yes,cellular,9,jul,80,1,-1,0,unknown,no,2024-02-26 07:00:00
35,self-employed,married,secondary,no,670,no,no,cellular,9,jul,378,1,-1,0,unknown,no,2024-02-26 08:00:00
47,blue-collar,married,secondary,no,125,no,no,cellular,8,jul,210,2,-1,0,unknown,no,2024-02-26 09:00:00
37,unemployed,single,secondary,no,1020,yes,no,cellular,15,jul,348,1,-1,0,unknown,no,2024-02-26 10:00:00
47,technician,divorced,secondary,no,699,yes,no,unknown,8,may,182,1,-1,0,unknown,no,2024-02-26 11:00:00
27,entrepreneur,married,tertiary,no,1991,no,yes,cellular,7,sep,510,1,-1,0,unknown,no,2024-02-26 12:00:00
27,services,single,tertiary,no,128,no,no,cellular,8,apr,83,1,-1,0,unknown,no,2024-02-26 13:00:00
32,blue-collar,married,primary,no,1518,yes,no,telephone,6,feb,35,3,-1,0,unknown,no,2024-02-26 14:00:00
49,management,single,tertiary,no,145,yes,no,cellular,29,jan,57,2,248,38,failure,no,2024-02-26 15:00:00
36,services,single,secondary,yes,-455,no,no,unknown,27,may,124,1,-1,0,unknown,no,2024-02-26 16:00:00
46,technician,married,secondary,no,591,no,no,telephone,29,aug,81,2,-1,0,unknown,no,2024-02-26 17:00:00
26,management,married,tertiary,no,1531,yes,no,unknown,13,may,129,4,-1,0,unknown,no,2024-02-26 18:00:00
54,admin.,married,primary,no,0,no,no,cellular,30,jul,255,2,-1,0,unknown,no,2024-02-26 19:00:00
51,blue-collar,married,unknown,no,1432,no,no,cellular,9,jul,388,1,-1,0,unknown,no,2024-02-26 20:00:00
53,services,divorced,secondary,no,43,yes,no,unknown,3,jun,70,6,-1,0,unknown,no,2024-02-26 21:00:00
45,admin.,married,unknown,no,-299,yes,no,cellular,8,may,154,2,350,1,failure,no,2024-02-26 22:00:00
28,entrepreneur,single,tertiary,no,341,no,no,cellular,30,jan,241,1,-1,0,unknown,no,2024-02-26 23:00:00
51,management,married,tertiary,no,994,no,no,cellular,3,sep,268,1,98,3,failure,no,2024-02-27 00:00:00
52,blue-collar,married,primary,no,4015,yes,no,unknown,15,may,493,2,-1,0,unknown,no,2024-02-27 01:00:00
26,student,single,secondary,no,655,no,no,cellular,16,sep,190,1,-1,0,unknown,yes,2024-02-27 02:00:00
47,management,married,tertiary,no,2889,no,no,telephone,29,jul,259,12,-1,0,unknown,no,2024-02-27 03:00:00
31,services,married,secondary,no,371,yes,yes,cellular,17,apr,654,1,-1,0,unknown,no,2024-02-27 04:00:00
48,housemaid,married,primary,no,-31,yes,no,cellular,16,jul,128,2,-1,0,unknown,no,2024-02-27 05:00:00
57,admin.,divorced,secondary,no,18268,yes,no,cellular,19,nov,68,1,-1,0,unknown,no,2024-02-27 06:00:00
41,admin.,single,secondary,no,431,yes,no,cellular,16,apr,258,1,-1,0,unknown,no,2024-02-27 07:00:00
40,technician,married,tertiary,no,99,no,no,cellular,13,aug,220,2,364,2,failure,no,2024-02-27 08:00:00
45,admin.,married,secondary,no,256,no,no,cellular,21,nov,135,2,-1,0,unknown,no,2024-02-27 09:00:00
29,blue-collar,married,secondary,no,-305,yes,yes,cellular,7,jul,263,1,-1,0,unknown,no,2024-02-27 10:00:00
38,blue-collar,married,secondary,no,-579,yes,yes,unknown,28,may,195,2,-1,0,unknown,no,2024-02-27 11:00:00
43,management,married,secondary,no,107,yes,yes,telephone,28,oct,135,1,-1,0,unknown,yes,2024-02-27 12:00:00
43,admin.,married,secondary,no,257,no,no,cellular,29,aug,186,6,-1,0,unknown,no,2024-02-27 13:00:00
43,management,married,tertiary,no,8,no,no,cellular,11,aug,95,4,-1,0,unknown,no,2024-02-27 14:00:00
41,management,married,tertiary,no,1773,no,no,unknown,8,may,106,1,-1,0,unknown,no,2024-02-27 15:00:00
36,admin.,single,secondary,no,787,no,no,unknown,17,jun,92,1,-1,0,unknown,no,2024-02-27 16:00:00
28,technician,single,secondary,no,1417,yes,no,unknown,28,may,491,1,-1,0,unknown,no,2024-02-27 17:00:00
37,blue-collar,married,primary,no,-196,yes,no,unknown,26,may,166,2,-1,0,unknown,no,2024-02-27 18:00:00
33,management,divorced,tertiary,no,0,yes,yes,cellular,19,aug,275,8,-1,0,unknown,no,2024-02-27 19:00:00
51,technician,married,secondary,no,427,no,no,cellular,13,aug,233,8,-1,0,unknown,no,2024-02-27 20:00:00
33,technician,married,tertiary,no,2976,yes,no,cellular,9,nov,465,2,95,12,other,no,2024-02-27 21:00:00
45,blue-collar,married,secondary,no,7895,yes,no,cellular,4,feb,872,1,-1,0,unknown,yes,2024-02-27 22:00:00
33,management,divorced,tertiary,no,5550,yes,no,cellular,13,may,124,2,278,4,failure,no,2024-02-27 23:00:00
32,services,single,secondary,no,746,no,no,cellular,4,feb,305,1,-1,0,unknown,no,2024-02-28 00:00:00
27,self-employed,single,tertiary,no,-503,yes,no,unknown,9,may,98,3,-1,0,unknown,no,2024-02-28 01:00:00
35,unemployed,married,primary,no,3285,no,no,cellular,21,nov,1555,2,-1,0,unknown,yes,2024-02-28 02:00:00
42,admin.,married,secondary,no,874,yes,no,cellular,7,may,176,1,287,2,other,no,2024-02-28 03:00:00
50,housemaid,married,primary,no,3056,no,no,unknown,9,jun,95,3,-1,0,unknown,no,2024-02-28 04:00:00
26,management,single,tertiary,no,383,no,no,cellular,6,feb,645,2,-1,0,unknown,no,2024-02-28 05:00:00
53,blue-collar,married,secondary,no,1570,yes,no,unknown,13,may,29,1,-1,0,unknown,no,2024-02-28 06:00:00
36,unemployed,married,secondary,no,16,yes,yes,cellular,17,nov,89,2,-1,0,unknown,no,2024-02-28 07:00:00
51,entrepreneur,married,secondary,no,5403,yes,no,cellular,19,nov,698,1,-1,0,unknown,no,2024-02-28 08:00:00
31,management,married,tertiary,no,1839,yes,no,cellular,29,jul,109,8,-1,0,unknown,no,2024-02-28 09:00:00
33,admin.,married,unknown,no,664,no,no,cellular,28,jan,294,3,-1,0,unknown,no,2024-02-28 10:00:00
28,admin.,single,secondary,no,419,yes,no,unknown,28,may,158,2,-1,0,unknown,no,2024-02-28 11:00:00
51,self-employed,married,unknown,no,2094,no,no,cellular,8,jun,458,6,-1,0,unknown,yes,2024-02-28 12:00:00
28,student,single,secondary,no,29,no,yes,cellular,6,feb,402,1,-1,0,unknown,no,2024-02-28 13:00:00
32,technician,single,tertiary,no,69,no,no,cellular,7,may,95,1,357,3,other,no,2024-02-28 14:00:00
53,retired,married,secondary,no,1139,yes,no,cellular,18,nov,180,1,186,6,failure,no,2024-02-28 15:00:00
35,management,single,secondary,no,356,yes,no,cellular,21,nov,20,5,114,7,failure,no,2024-02-28 16:00:00
49,admin.,married,secondary,no,1677,no,no,unknown,5,jun,19,3,-1,0,unknown,no,2024-02-28 17:00:00
49,admin.,divorced,primary,no,-347,yes,no,unknown,26,may,200,2,-1,0,unknown,no,2024-02-28 18:00:00
28,management,single,tertiary,no,187,yes,no,cellular,22,jul,263,2,-1,0,unknown,no,2024-02-28 19:00:00
44,management,married,tertiary,yes,-11,no,no,cellular,26,aug,317,5,-1,0,unknown,no,2024-02-28 20:00:00
34,blue-collar,single,secondary,yes,-60,no,no,cellular,3,apr,84,1,332,1,failure,no,2024-02-28 21:00:00
22,technician,single,secondary,no,4659,yes,no,unknown,23,jun,53,4,-1,0,unknown,no,2024-02-28 22:00:00
34,services,married,unknown,no,746,no,no,unknown,27,jun,32,1,-1,0,unknown,no,2024-02-28 23:00:00
26,blue-collar,single,secondary,no,-46,yes,no,unknown,20,jun,382,7,-1,0,unknown,yes,2024-02-29 00:00:00
56,blue-collar,divorced,primary,no,190,yes,no,cellular,12,may,15,8,351,9,other,no,2024-02-29 01:00:00
28,blue-collar,married,secondary,no,1021,yes,no,cellular,20,apr,774,2,326,1,other,no,2024-02-29 02:00:00
42,services,married,secondary,no,-437,yes,yes,unknown,27,may,318,1,-1,0,unknown,no,2024-02-29 03:00:00
27,services,married,secondary,no,199,no,no,cellular,4,feb,108,2,195,6,failure,no,2024-02-29 04:00:00
34,technician,single,tertiary,no,992,yes,no,cellular,5,feb,71,2,-1,0,unknown,yes,2024-02-29 05:00:00
32,blue-collar,single,secondary,no,2597,yes,no,cellular,15,may,233,1,368,1,failure,no,2024-02-29 06:00:00
36,services,married,secondary,no,3972,yes,yes,unknown,19,jun,32,1,-1,0,unknown,no,2024-02-29 07:00:00
33,technician,single,secondary,no,291,no,no,cellular,25,aug,72,6,-1,0,unknown,no,2024-02-29 08:00:00
41,admin.,married,secondary,no,-18,yes,yes,unknown,2,jun,83,6,-1,0,unknown,no,2024-02-29 09:00:00
42,technician,married,secondary,no,-113,yes,yes,cellular,29,jul,32,5,-1,0,unknown,no,2024-02-29 10:00:00
30,technician,married,secondary,no,398,yes,no,cellular,22,aug,111,2,-1,0,unknown,no,2024-02-29 11:00:00
38,blue-collar,married,primary,no,3419,yes,no,unknown,20,jun,324,5,-1,0,unknown,no,2024-02-29 12:00:00
38,housemaid,married,secondary,no,-278,yes,no,cellular,28,jul,143,2,-1,0,unknown,no,2024-02-29 13:00:00
53,technician,married,secondary,no,1835,yes,no,cellular,21,nov,184,2,-1,0,unknown,no,2024-02-29 14:00:00
33,admin.,single,secondary,no,-110,no,no,cellular,14,jul,425,3,-1,0,unknown,no,2024-02-29 15:00:00
33,technician,divorced,secondary,yes,6,no,no,cellular,22,aug,239,2,-1,0,unknown,no,2024-02-29 16:00:00
27,blue-collar,married,primary,no,202,no,yes,cellular,22,jul,41,1,-1,0,unknown,no,2024-02-29 17:00:00
35,management,divorced,tertiary,no,6997,yes,no,cellular,9,jul,1121,1,-1,0,unknown,yes,2024-02-29 18:00:00
41,housemaid,married,primary,no,188,yes,yes,unknown,20,jun,10,14,-1,0,unknown,no,2024-02-29 19:00:00
29,technician,married,unknown,no,627,yes,no,cellular,14,jul,140,2,-1,0,unknown,no,2024-02-29 20:00:00
34,blue-collar,married,secondary,no,2,yes,no,cellular,12,may,6,5,-1,0,unknown,no,2024-02-29 21:00:00
39,services,married,secondary,no,1116,yes,no,cellular,30,jul,486,2,-1,0,unknown,no,2024-02-29 22:00:00
28,student,single,tertiary,no,5741,no,no,cellular,10,sep,1042,5,200,3,failure,yes,2024-02-29 23:00:00
36,technician,married,secondary,no,287,no,no,cellular,22,aug,381,6,-1,0,unknown,no,2024-03-01 00:00:00
47,admin.,single,tertiary,no,178,no,no,telephone,5,feb,17,6,-1,0,unknown,no,2024-03-01 01:00:00
41,technician,single,secondary,no,2004,yes,no,cellular,19,nov,254,1,-1,0,unknown,no,2024-03-01 02:00:00
40,services,single,secondary,no,326,yes,no,cellular,18,nov,124,1,175,1,failure,no,2024-03-01 03:00:00
31,admin.,single,secondary,no,678,yes,no,unknown,3,jun,117,4,-1,0,unknown,no,2024-03-01 04:00:00
33,blue-collar,married,secondary,no,-260,yes,yes,cellular,17,jul,224,2,-1,0,unknown,no,2024-03-01 05:00:00
30,housemaid,single,secondary,no,358,yes,no,cellular,21,nov,45,2,-1,0,unknown,no,2024-03-01 06:00:00
19,student,single,primary,no,134,no,no,cellular,27,mar,271,2,-1,0,unknown,yes,2024-03-01 07:00:00
28,blue-collar,single,secondary,no,2486,yes,no,telephone,18,may,26,5,354,1,success,no,2024-03-01 08:00:00
46,technician,married,secondary,no,49,yes,no,unknown,30,may,96,3,-1,0,unknown,no,2024-03-01 09:00:00
34,technician,divorced,tertiary,no,66,no,yes,cellular,5,feb,102,1,170,2,failure,no,2024-03-01 10:00:00
55,admin.,married,secondary,no,602,no,no,cellular,4,feb,390,2,150,6,success,yes,2024-03-01 11:00:00
54,self-employed,married,secondary,no,203,yes,no,telephone,7,jul,238,8,-1,0,unknown,no,2024-03-01 12:00:00
59,management,married,tertiary,no,123,yes,no,cellular,30,jul,70,6,-1,0,unknown,no,2024-03-01 13:00:00
31,blue-collar,single,secondary,no,-571,yes,no,cellular,28,jul,68,3,-1,0,unknown,no,2024-03-01 14:00:00
38,admin.,single,secondary,no,-23,no,no,cellular,20,nov,48,2,-1,0,unknown,no,2024-03-01 15:00:00
32,admin.,single,secondary,no,5,yes,no,unknown,12,may,593,2,-1,0,unknown,no,2024-03-01 16:00:00
36,admin.,married,secondary,no,746,yes,no,cellular,17,nov,581,3,-1,0,unknown,no,2024-03-01 17:00:00
30,blue-collar,married,secondary,no,938,yes,no,unknown,14,may,159,1,-1,0,unknown,no,2024-03-01 18:00:00
42,housemaid,married,primary,no,14752,no,no,unknown,19,may,107,2,-1,0,unknown,no,2024-03-01 19:00:00
34,services,divorced,secondary,no,-258,yes,no,cellular,5,may,259,1,-1,0,unknown,no,2024-03-01 20:00:00
27,blue-collar,single,secondary,no,181,no,no,unknown,13,may,147,1,-1,0,unknown,no,2024-03-01 21:00:00
31,admin.,divorced,secondary,no,-254,yes,no,cellular,15,may,237,2,-1,0,unknown,no,2024-03-01 22:00:00
33,blue-collar,married,secondary,yes,2,no,no,unknown,23,may,74,4,-1,0,unknown,no,2024-03-01 23:00:00
38,management,single,tertiary,no,900,yes,no,unknown,2,jun,156,1,-1,0,unknown,no,2024-03-02 00:00:00
41,admin.,married,secondary,no,546,yes,no,cellular,4,feb,418,2,-1,0,unknown,no,2024-03-02 01:00:00
28,admin.,married,secondary,no,1582,yes,no,unknown,3,jun,816,2,-1,0,unknown,no,2024-03-02 02:00:00
37,housemaid,single,secondary,no,2042,yes,no,unknown,20,may,485,1,-1,0,unknown,no,2024-03-02 03:00:00
51,management,married,tertiary,no,57,no,no,cellular,28,jul,66,19,-1,0,unknown,no,2024-03-02 04:00:00
29,student,single,secondary,no,181,yes,no,cellular,23,jul,180,1,-1,0,unknown,no,2024-03-02 05:00:00
34,technician,married,secondary,no,298,no,no,cellular,28,aug,42,10,-1,0,unknown,no,2024-03-02 06:00:00
39,blue-collar,married,unknown,no,0,yes,no,unknown,26,may,470,1,-1,0,unknown,no,2024-03-02 07:00:00
46,entrepreneur,married,secondary,no,294,yes,no,cellular,29,jan,444,1,196,1,failure,no,2024-03-02 08:00:00
42,blue-collar,married,primary,no,984,yes,no,unknown,29,may,109,1,-1,0,unknown,no,2024-03-02 09:00:00
27,management,married,tertiary,no,342,yes,no,cellular,17,jul,818,1,-1,0,unknown,no,2024-03-02 10:00:00
30,admin.,married,secondary,no,-170,yes,yes,unknown,26,may,130,1,-1,0,unknown,no,2024-03-02 11:00:00
53,management,married,unknown,no,2240,yes,no,cellular,2,jun,282,2,385,1,success,yes,2024-03-02 12:00:00
58,entrepreneur,married,tertiary,no,776,yes,no,telephone,9,jul,990,1,-1,0,unknown,yes,2024-03-02 13:00:00
52,services,married,secondary,no,1579,no,yes,cellular,12,aug,158,2,-1,0,unknown,no,2024-03-02 14:00:00
59,retired,married,secondary,no,319,yes,no,unknown,5,may,143,3,-1,0,unknown,no,2024-03-02 15:00:00
34,admin.,single,secondary,no,1880,yes,no,unknown,23,may,297,1,-1,0,unknown,no,2024-03-02 16:00:00
51,management,married,tertiary,no,4917,no,no,cellular,23,apr,113,1,-1,0,unknown,yes,2024-03-02 17:00:00
46,management,single,tertiary,no,187,yes,no,unknown,5,may,113,2,-1,0,unknown,no,2024-03-02 18:00:00
37,technician,married,secondary,no,1450,yes,yes,unknown,21,may,112,1,-1,0,unknown,no,2024-03-02 19:00:00
42,technician,married,tertiary,no,446,no,no,cellular,6,aug,286,3,-1,0,unknown,no,2024-03-02 20:00:00
33,admin.,single,secondary,no,572,yes,no,cellular,30,jan,1296,2,-1,0,unknown,no,2024-03-02 21:00:00
57,blue-collar,married,unknown,no,4722,yes,no,unknown,18,jun,121,2,-1,0,unknown,no,2024-03-02 22:00:00
30,blue-collar,single,secondary,no,2145,yes,no,cellular,18,may,727,2,-1,0,unknown,yes,2024-03-02 23:00:00
39,technician,divorced,tertiary,yes,3,no,no,cellular,6,may,488,1,-1,0,unknown,yes,2024-03-03 00:00:00
25,student,single,secondary,no,1919,yes,no,cellular,15,may,264,1,351,4,failure,no,2024-03-03 01:00:00
48,technician,married,primary,no,788,no,no,telephone,9,jul,36,2,-1,0,unknown,no,2024-03-03 02:00:00
30,technician,single,secondary,no,3048,no,yes,cellular,20,aug,223,2,-1,0,unknown,no,2024-03-03 03:00:00
34,self-employed,married,tertiary,no,7602,no,no,cellular,20,nov,222,1,-1,0,unknown,no,2024-03-03 04:00:00
40,management,married,tertiary,no,558,no,no,cellular,28,aug,50,5,-1,0,unknown,no,2024-03-03 05:00:00
60,retired,married,primary,no,8025,no,no,cellular,28,jan,194,1,-1,0,unknown,no,2024-03-03 06:00:00
39,management,married,secondary,no,0,yes,no,cellular,27,aug,63,3,-1,0,unknown,no,2024-03-03 07:00:00
38,technician,single,secondary,no,884,yes,yes,cellular,17,apr,113,2,149,3,failure,no,2024-03-03 08:00:00
28,technician,single,tertiary,no,3623,no,no,cellular,3,jun,138,2,85,1,success,no,2024-03-03 09:00:00
33,management,divorced,tertiary,no,2695,yes,no,cellular,12,aug,711,3,-1,0,unknown,no,2024-03-03 10:00:00
48,blue-collar,married,unknown,no,279,yes,no,telephone,14,jul,211,3,-1,0,unknown,no,2024-03-03 11:00:00
37,unemployed,divorced,tertiary,no,1085,no,no,cellular,25,aug,146,4,-1,0,unknown,no,2024-03-03 12:00:00
38,blue-collar,single,secondary,no,0,yes,no,cellular,12,may,84,3,-1,0,unknown,no,2024-03-03 13:00:00
30,technician,single,tertiary,no,1646,no,no,cellular,12,oct,251,3,98,6,other,no,2024-03-03 14:00:00
46,technician,married,secondary,no,0,yes,no,telephone,31,jul,181,2,-1,0,unknown,no,2024-03-03 15:00:00
29,management,single,tertiary,no,-223,no,yes,cellular,9,jul,208,1,-1,0,unknown,no,2024-03-03 16:00:00
41,services,married,secondary,no,890,yes,no,unknown,14,may,829,1,-1,0,unknown,no,2024-03-03 17:00:00
34,blue-collar,married,secondary,no,0,no,no,unknown,6,may,195,1,-1,0,unknown,no,2024-03-03 18:00:00
48,blue-collar,married,secondary,no,709,yes,no,cellular,13,may,117,2,278,3,other,no,2024-03-03 19:00:00
34,management,married,tertiary,no,496,no,no,cellular,12,aug,105,6,-1,0,unknown,no,2024-03-03 20:00:00
60,retired,divorced,secondary,no,2047,yes,no,telephone,21,jul,241,3,-1,0,unknown,no,2024-03-03 21:00:00
41,blue-collar,divorced,secondary,no,927,yes,no,cellular,17,apr,239,2,148,2,failure,no,2024-03-03 22:00:00
63,admin.,married,secondary,no,0,yes,no,cellular,31,aug,253,5,-1,0,unknown,yes,2024-03-03 23:00:00
29,blue-collar,single,secondary,no,735,yes,no,unknown,4,jun,130,3,-1,0,unknown,no,2024-03-04 00:00:00
37,management,married,tertiary,no,0,no,no,cellular,22,jul,89,1,-1,0,unknown,no,2024-03-04 01:00:00
46,management,married,tertiary,no,-319,yes,no,cellular,3,feb,80,1,256,1,failure,no,2024-03-04 02:00:00
38,management,single,tertiary,no,0,no,no,unknown,18,jun,61,7,-1,0,unknown,no,2024-03-04 03:00:00
50,housemaid,married,primary,no,0,no,no,cellular,27,aug,52,3,-1,0,unknown,no,2024-03-04 04:00:00
63,retired,married,secondary,no,243,no,no,cellular,31,aug,114,1,-1,0,unknown,no,2024-03-04 05:00:00
45,management,divorced,secondary,no,1950,no,no,cellular,4,aug,498,1,-1,0,unknown,no,2024-03-04 06:00:00
46,management,single,tertiary,no,2278,no,no,cellular,12,aug,218,5,-1,0,unknown,no,2024-03-04 07:00:00
33,services,single,secondary,no,3910,yes,no,cellular,19,nov,676,2,-1,0,unknown,no,2024-03-04 08:00:00
45,admin.,single,secondary,no,-88,yes,no,unknown,9,may,131,1,-1,0,unknown,no,2024-03-04 09:00:00
29,management,single,tertiary,no,600,yes,no,cellular,18,oct,170,5,-1,0,unknown,no,2024-03-04 10:00:00
52,unemployed,married,primary,no,959,no,no,telephone,30,jul,694,2,-1,0,unknown,yes,2024-03-04 11:00:00
32,unemployed,married,secondary,no,365,yes,no,cellular,30,jan,210,3,-1,0,unknown,no,2024-03-04 12:00:00
43,management,married,tertiary,no,4923,yes,no,cellular,10,jul,1102,1,-1,0,unknown,no,2024-03-04 13:00:00
31,technician,single,tertiary,no,-167,yes,no,unknown,2,jun,41,5,-1,0,unknown,no,2024-03-04 14:00:00
43,blue-collar,single,secondary,no,747,no,no,unknown,29,may,685,2,-1,0,unknown,no,2024-03-04 15:00:00
39,services,married,secondary,no,5549,yes,no,cellular,20,nov,157,1,-1,0,unknown,no,2024-03-04 16:00:00
27,unemployed,single,primary,no,223,no,no,cellular,26,may,103,1,-1,0,unknown,no,2024-03-04 17:00:00
61,retired,married,primary,no,296,yes,yes,unknown,3,jun,323,2,-1,0,unknown,no,2024-03-04 18:00:00
29,admin.,divorced,secondary,no,504,yes,no,cellular,7,may,203,1,-1,0,unknown,no,2024-03-04 19:00:00
41,blue-collar,married,primary,no,1256,no,no,cellular,31,jul,74,2,-1,0,unknown,no,2024-03-04 20:00:00
34,housemaid,married,tertiary,no,897,no,no,cellular,12,aug,197,4,-1,0,unknown,no,2024-03-04 21:00:00
41,blue-collar,married,secondary,no,629,yes,yes,unknown,30,may,208,2,-1,0,unknown,no,2024-03-04 22:00:00
44,technician,married,secondary,no,-102,no,yes,cellular,28,aug,65,4,-1,0,unknown,no,2024-03-04 23:00:00
75,retired,married,tertiary,no,4912,no,no,telephone,20,oct,238,2,183,5,failure,no,2024-03-05 00:00:00
32,blue-collar,single,secondary,no,160,yes,no,unknown,9,may,190,1,-1,0,unknown,no,2024-03-05 01:00:00
52,admin.,married,secondary,no,1113,no,yes,cellular,8,jul,83,1,-1,0,unknown,no,2024-03-05 02:00:00
44,management,single,tertiary,no,780,yes,no,cellular,30,jan,511,2,-1,0,unknown,no,2024-03-05 03:00:00
39,technician,married,secondary,no,1587,yes,no,cellular,2,jun,171,3,-1,0,unknown,yes,2024-03-05 04:00:00
43,unemployed,married,secondary,no,775,no,no,cellular,14,aug,98,1,106,1,failure,no,2024-03-05 05:00:00
51,blue-collar,married,unknown,no,0,yes,no,telephone,7,may,10,4,-1,0,unknown,no,2024-03-05 06:00:00
42,management,married,tertiary,no,1205,no,no,telephone,8,sep,376,2,-1,0,unknown,yes,2024-03-05 07:00:00
36,management,single,tertiary,no,243,yes,no,cellular,7,may,160,2,360,3,failure,no,2024-03-05 08:00:00
35,entrepreneur,married,tertiary,no,542,yes,yes,unknown,27,may,591,5,-1,0,unknown,no,2024-03-05 09:00:00
40,technician,married,tertiary,no,1554,no,no,cellular,30,jan,99,1,-1,0,unknown,no,2024-03-05 10:00:00
34,admin.,married,secondary,no,255,no,yes,telephone,17,jul,344,10,-1,0,unknown,no,2024-03-05 11:00:00
34,management,divorced,tertiary,no,27,no,yes,cellular,19,nov,190,1,-1,0,unknown,no,2024-03-05 12:00:00
37,management,married,tertiary,no,2205,no,no,unknown,21,may,85,4,-1,0,unknown,no,2024-03-05 13:00:00
37,housemaid,married,primary,no,189,no,no,cellular,8,aug,148,4,-1,0,unknown,no,2024-03-05 14:00:00
40,blue-collar,married,primary,no,5560,yes,no,unknown,11,jun,93,3,-1,0,unknown,no,2024-03-05 15:00:00
47,blue-collar,married,primary,no,469,no,no,telephone,22,aug,208,6,-1,0,unknown,no,2024-03-05 16:00:00
57,services,single,secondary,no,1430,yes,no,unknown,3,jun,666,5,-1,0,unknown,no,2024-03-05 17:00:00
18,student,single,secondary,no,156,no,no,cellular,4,nov,298,2,82,4,other,no,2024-03-05 18:00:00
51,management,married,tertiary,no,10635,yes,no,unknown,5,may,336,1,-1,0,unknown,no,2024-03-05 19:00:00
59,blue-collar,married,primary,no,914,no,no,cellular,11,aug,139,8,-1,0,unknown,no,2024-03-05 20:00:00
37,self-employed,married,secondary,no,883,no,no,unknown,11,jun,153,1,-1,0,unknown,no,2024-03-05 21:00:00
34,management,married,tertiary,no,527,no,no,cellular,4,nov,272,1,-1,0,unknown,no,2024-03-05 22:00:00
36,entrepreneur,married,secondary,no,1163,yes,no,cellular,18,may,420,7,363,1,failure,no,2024-03-05 23:00:00
26,admin.,single,secondary,no,1200,no,no,cellular,29,jan,232,3,-1,0,unknown,no,2024-03-06 00:00:00
37,management,divorced,secondary,no,1448,yes,no,cellular,11,jul,71,2,-1,0,unknown,no,2024-03-06 01:00:00
25,unemployed,single,tertiary,no,343,no,no,cellular,1,jun,377,1,-1,0,unknown,yes,2024-03-06 02:00:00
70,entrepreneur,married,tertiary,no,15265,no,no,cellular,17,aug,551,2,-1,0,unknown,no,2024-03-06 03:00:00
37,blue-collar,divorced,secondary,no,316,yes,no,unknown,26,may,642,2,-1,0,unknown,yes,2024-03-06 04:00:00
37,technician,married,secondary,no,1610,no,no,unknown,16,jun,140,2,-1,0,unknown,no,2024-03-06 05:00:00
39,services,married,secondary,no,1099,no,no,unknown,29,may,134,6,-1,0,unknown,no,2024-03-06 06:00:00
49,management,married,tertiary,no,2037,no,no,unknown,5,oct,10,1,-1,0,unknown,no,2024-03-06 07:00:00
43,blue-collar,married,primary,no,25,yes,no,cellular,19,nov,70,1,-1,0,unknown,no,2024-03-06 08:00:00
36,blue-collar,married,secondary,no,-42,no,yes,cellular,2,feb,521,2,193,2,other,no,2024-03-06 09:00:00
30,blue-collar,single,tertiary,no,297,no,no,cellular,7,apr,465,4,-1,0,unknown,yes,2024-03-06 10:00:00
39,blue-collar,married,secondary,no,1751,no,no,cellular,9,jul,178,2,-1,0,unknown,no,2024-03-06 11:00:00
44,unknown,married,unknown,no,722,yes,no,telephone,22,jul,269,2,-1,0,unknown,no,2024-03-06 12:00:00
35,services,single,secondary,no,0,no,no,cellular,18,nov,339,1,-1,0,unknown,no,2024-03-06 13:00:00
69,retired,divorced,secondary,no,4572,no,no,telephone,27,oct,146,2,56,1,other,yes,2024-03-06 14:00:00
33,technician,married,secondary,no,181,yes,yes,telephone,28,jul,265,2,-1,0,unknown,no,2024-03-06 15:00:00
27,blue-collar,single,primary,no,-179,yes,no,cellular,15,may,54,2,-1,0,unknown,no,2024-03-06 16:00:00
32,management,single,tertiary,no,2059,no,no,cellular,4,feb,886,2,-1,0,unknown,no,2024-03-06 17:00:00
46,blue-collar,married,secondary,no,345,yes,yes,telephone,4,feb,86,1,259,3,other,no,2024-03-06 18:00:00
46,blue-collar,married,primary,no,147,yes,no,cellular,6,may,116,2,169,3,failure,no,2024-03-06 19:00:00
32,technician,married,secondary,no,6172,yes,no,cellular,4,feb,93,1,-1,0,unknown,no,2024-03-06 20:00:00
34,services,single,secondary,no,258,yes,no,unknown,4,jun,131,2,-1,0,unknown,no,2024-03-06 21:00:00
46,blue-collar,married,secondary,no,0,yes,no,unknown,23,may,172,3,-1,0,unknown,no,2024-03-06 22:00:00
30,blue-collar,married,secondary,no,1664,yes,no,telephone,20,oct,2016,1,-1,0,unknown,yes,2024-03-06 23:00:00
73,retired,married,primary,no,1388,no,no,telephone,25,oct,254,1,97,6,failure,no,2024-03-07 00:00:00
45,blue-collar,married,secondary,no,534,no,no,cellular,27,aug,104,6,-1,0,unknown,no,2024-03-07 01:00:00
29,blue-collar,single,secondary,no,-125,yes,no,unknown,29,may,198,3,-1,0,unknown,no,2024-03-07 02:00:00
30,technician,married,secondary,no,817,yes,no,cellular,22,aug,180,4,-1,0,unknown,no,2024-03-07 03:00:00
50,admin.,married,secondary,no,1575,no,no,cellular,17,nov,407,1,-1,0,unknown,no,2024-03-07 04:00:00
27,technician,single,secondary,no,158,no,no,unknown,1,jul,650,2,-1,0,unknown,yes,2024-03-07 05:00:00
33,management,married,tertiary,no,334,no,no,cellular,25,nov,87,1,-1,0,unknown,no,2024-03-07 06:00:00
43,entrepreneur,divorced,secondary,no,3780,yes,no,cellular,9,jun,67,2,202,3,failure,no,2024-03-07 07:00:00
34,entrepreneur,married,secondary,no,223,no,yes,cellular,11,aug,103,6,-1,0,unknown,no,2024-03-07 08:00:00
26,technician,single,secondary,no,354,no,no,cellular,16,jul,586,1,-1,0,unknown,yes,2024-03-07 09:00:00
29,management,married,secondary,no,5284,yes,no,unknown,26,may,321,1,-1,0,unknown,no,2024-03-07 10:00:00
35,technician,married,secondary,yes,-29,yes,yes,unknown,21,may,208,3,-1,0,unknown,no,2024-03-07 11:00:00
46,services,married,secondary,no,2948,no,no,cellular,21,nov,893,1,-1,0,unknown,yes,2024-03-07 12:00:00
35,technician,married,secondary,no,23,yes,no,unknown,26,may,147,1,-1,0,unknown,no,2024-03-07 13:00:00
37,admin.,married,secondary,no,1559,no,no,cellular,27,may,81,1,-1,0,unknown,no,2024-03-07 14:00:00
25,management,single,tertiary,no,219,no,no,cellular,30,apr,458,1,-1,0,unknown,yes,2024-03-07 15:00:00
36,blue-collar,married,secondary,no,439,yes,no,unknown,21,may,260,5,-1,0,unknown,no,2024-03-07 16:00:00
59,technician,married,secondary,no,316,no,no,cellular,14,aug,200,4,-1,0,unknown,no,2024-03-07 17:00:00
30,management,married,tertiary,no,1185,yes,no,cellular,21,jul,881,4,-1,0,unknown,no,2024-03-07 18:00:00
57,retired,married,tertiary,no,906,yes,no,unknown,7,may,117,1,-1,0,unknown,no,2024-03-07 19:00:00
51,services,married,primary,no,314,yes,yes,telephone,8,may,713,3,-1,0,unknown,no,2024-03-07 20:00:00
39,blue-collar,married,secondary,no,-99,no,no,cellular,17,jul,260,1,-1,0,unknown,no,2024-03-07 21:00:00
34,management,single,tertiary,no,-184,yes,yes,cellular,15,may,80,3,352,1,other,no,2024-03-07 22:00:00
30,blue-collar,married,primary,no,262,yes,no,cellular,20,apr,15,4,343,3,other,no,2024-03-07 23:00:00
45,technician,married,secondary,no,1786,yes,yes,telephone,15,jul,78,4,-1,0,unknown,no,2024-03-08 00:00:00
32,management,married,tertiary,no,2465,yes,yes,cellular,7,may,923,1,-1,0,unknown,yes,2024-03-08 01:00:00
48,technician,single,secondary,no,2374,no,no,cellular,18,jul,83,2,-1,0,unknown,no,2024-03-08 02:00:00
32,entrepreneur,married,unknown,no,73,yes,no,cellular,21,nov,158,1,135,1,failure,no,2024-03-08 03:00:00
51,admin.,married,secondary,no,884,no,no,unknown,19,jun,50,1,-1,0,unknown,no,2024-03-08 04:00:00
36,management,single,tertiary,no,579,no,no,unknown,12,apr,481,1,-1,0,unknown,yes,2024-03-08 05:00:00
44,admin.,divorced,secondary,no,432,no,no,cellular,9,feb,132,3,-1,0,unknown,no,2024-03-08 06:00:00
35,management,married,tertiary,no,46,yes,no,cellular,13,aug,96,2,-1,0,unknown,no,2024-03-08 07:00:00
34,admin.,married,secondary,no,-191,yes,no,cellular,17,jul,156,6,-1,0,unknown,no,2024-03-08 08:00:00
50,management,married,tertiary,no,-470,yes,no,cellular,8,may,506,2,170,3,failure,no,2024-03-08 09:00:00
39,blue-collar,married,primary,no,-197,yes,no,unknown,20,may,204,2,-1,0,unknown,no,2024-03-08 10:00:00
48,housemaid,single,secondary,no,1042,no,no,telephone,18,nov,129,2,-1,0,unknown,no,2024-03-08 11:00:00
35,blue-collar,married,primary,no,151,yes,no,cellular,11,may,301,2,298,6,failure,no,2024-03-08 12:00:00
49,technician,married,secondary,no,308,no,no,cellular,27,jul,266,5,-1,0,unknown,no,2024-03-08 13:00:00
66,retired,married,tertiary,no,525,no,no,telephone,16,apr,287,1,-1,0,unknown,no,2024-03-08 14:00:00
28,admin.,married,secondary,no,22171,yes,no,unknown,28,may,85,3,-1,0,unknown,no,2024-03-08 15:00:00
60,management,married,tertiary,no,759,no,no,cellular,14,aug,136,2,-1,0,unknown,no,2024-03-08 16:00:00
28,student,single,tertiary,no,682,yes,no,cellular,29,jan,356,1,255,2,other,no,2024-03-08 17:00:00
41,technician,single,tertiary,no,1646,yes,no,cellular,5,aug,172,3,92,8,success,yes,2024-03-08 18:00:00
35,management,single,tertiary,no,4348,yes,no,cellular,2,apr,1074,3,217,8,failure,no,2024-03-08 19:00:00
35,admin.,married,secondary,no,-130,yes,no,unknown,20,may,224,1,-1,0,unknown,no,2024-03-08 20:00:00
36,retired,single,tertiary,no,1514,yes,no,cellular,12,may,387,3,-1,0,unknown,no,2024-03-08 21:00:00
76,management,married,unknown,no,1780,yes,no,telephone,23,apr,413,3,-1,0,unknown,yes,2024-03-08 22:00:00
32,technician,single,tertiary,no,569,no,yes,cellular,29,jan,348,1,-1,0,unknown,no,2024-03-08 23:00:00
35,blue-collar,married,primary,no,22,yes,no,cellular,15,may,1190,2,302,2,other,yes,2024-03-09 00:00:00
39,blue-collar,married,secondary,no,0,yes,no,unknown,6,may,262,1,-1,0,unknown,no,2024-03-09 01:00:00
42,self-employed,married,secondary,no,2,yes,no,cellular,14,may,51,5,-1,0,unknown,no,2024-03-09 02:00:00
33,blue-collar,married,secondary,no,3605,yes,no,cellular,20,nov,308,1,-1,0,unknown,no,2024-03-09 03:00:00
55,retired,married,secondary,no,5,no,no,unknown,20,jun,108,1,-1,0,unknown,no,2024-03-09 04:00:00
31,services,single,secondary,no,258,yes,no,cellular,18,may,409,3,-1,0,unknown,no,2024-03-09 05:00:00
29,management,single,tertiary,no,985,yes,no,cellular,23,jul,396,2,-1,0,unknown,yes,2024-03-09 06:00:00
40,services,married,primary,no,-45,no,yes,cellular,8,jul,166,1,-1,0,unknown,no,2024-03-09 07:00:00
41,services,married,primary,no,0,yes,no,cellular,17,jul,18,11,-1,0,unknown,no,2024-03-09 08:00:00
65,admin.,married,secondary,no,952,no,no,cellular,2,jun,310,1,-1,0,unknown,yes,2024-03-09 09:00:00
35,management,divorced,tertiary,no,771,yes,yes,cellular,18,aug,221,5,-1,0,unknown,no,2024-03-09 10:00:00
36,blue-collar,married,primary,no,214,no,no,unknown,17,jun,423,1,-1,0,unknown,no,2024-03-09 11:00:00
37,admin.,single,secondary,no,124,yes,no,unknown,19,jun,635,3,-1,0,unknown,no,2024-03-09 12:00:00
44,blue-collar,married,secondary,no,0,yes,no,cellular,21,jul,90,1,-1,0,unknown,no,2024-03-09 13:00:00
26,blue-collar,single,secondary,no,940,yes,no,unknown,6,jun,237,3,-1,0,unknown,no,2024-03-09 14:00:00
31,management,single,tertiary,no,606,yes,no,unknown,9,may,111,2,-1,0,unknown,no,2024-03-09 15:00:00
43,technician,married,secondary,no,17,yes,no,unknown,16,may,353,4,-1,0,unknown,no,2024-03-09 16:00:00
50,blue-collar,married,primary,no,157,no,no,cellular,27,aug,50,4,-1,0,unknown,no,2024-03-09 17:00:00
57,services,married,primary,no,2893,no,no,cellular,8,aug,207,2,-1,0,unknown,no,2024-03-09 18:00:00
38,management,single,tertiary,no,1637,no,yes,cellular,5,aug,231,1,-1,0,unknown,no,2024-03-09 19:00:00
40,blue-collar,married,primary,no,-66,yes,no,unknown,6,may,288,1,-1,0,unknown,no,2024-03-09 20:00:00
26,blue-collar,single,secondary,yes,-36,yes,no,unknown,3,jun,482,2,-1,0,unknown,yes,2024-03-09 21:00:00
31,technician,single,tertiary,no,6138,yes,no,cellular,15,may,134,5,-1,0,unknown,no,2024-03-09 22:00:00
33,management,married,tertiary,no,1778,no,no,cellular,12,feb,388,1,-1,0,unknown,yes,2024-03-09 23:00:00
50,services,married,secondary,no,517,yes,no,unknown,26,may,420,2,-1,0,unknown,no,2024-03-10 00:00:00
44,unemployed,married,secondary,no,1543,no,no,cellular,19,nov,363,2,-1,0,unknown,no,2024-03-10 01:00:00
37,unemployed,married,primary,no,941,no,no,cellular,2,feb,280,1,-1,0,unknown,no,2024-03-10 02:00:00
37,management,married,tertiary,no,387,no,no,cellular,26,jul,128,2,419,1,failure,no,2024-03-10 03:00:00
35,management,single,secondary,no,2383,yes,no,cellular,31,jul,67,6,-1,0,unknown,no,2024-03-10 04:00:00
27,admin.,single,tertiary,no,144,yes,no,cellular,15,may,95,1,-1,0,unknown,no,2024-03-10 05:00:00
48,retired,single,primary,no,0,no,no,unknown,20,jun,9,16,-1,0,unknown,no,2024-03-10 06:00:00
30,management,single,secondary,no,19,no,no,cellular,26,aug,191,2,-1,0,unknown,no,2024-03-10 07:00:00
46,admin.,single,secondary,no,13,no,no,unknown,2,jun,71,4,-1,0,unknown,no,2024-03-10 08:00:00
28,services,single,secondary,no,1059,no,no,cellular,4,feb,146,5,276,1,other,no,2024-03-10 09:00:00
52,services,divorced,secondary,no,1527,no,yes,cellular,20,nov,276,1,122,1,other,no,2024-03-10 10:00:00
38,blue-collar,married,secondary,no,702,no,no,unknown,17,jun,92,2,-1,0,unknown,no,2024-03-10 11:00:00
33,management,single,tertiary,no,794,no,no,unknown,25,jun,12,1,-1,0,unknown,no,2024-03-10 12:00:00
48,entrepreneur,married,unknown,no,2550,yes,no,unknown,14,may,175,3,-1,0,unknown,no,2024-03-10 13:00:00
71,retired,married,primary,no,4657,no,no,cellular,16,feb,93,5,-1,0,unknown,yes,2024-03-10 14:00:00
41,management,single,tertiary,no,0,yes,no,cellular,23,jul,122,5,-1,0,unknown,no,2024-03-10 15:00:00
33,admin.,single,secondary,no,673,yes,no,unknown,14,may,199,2,-1,0,unknown,no,2024-03-10 16:00:00
45,technician,divorced,secondary,no,159,yes,no,unknown,26,may,66,3,-1,0,unknown,no,2024-03-10 17:00:00
27,student,married,secondary,no,119,yes,no,cellular,16,jul,781,2,-1,0,unknown,yes,2024-03-10 18:00:00
53,housemaid,married,primary,no,1869,no,no,cellular,11,aug,102,4,-1,0,unknown,no,2024-03-10 19:00:00
59,housemaid,married,secondary,no,345,no,no,unknown,9,jun,38,1,-1,0,unknown,no,2024-03-10 20:00:00
52,admin.,single,secondary,no,-346,yes,yes,unknown,19,may,147,3,-1,0,unknown,no,2024-03-10 21:00:00
42,technician,divorced,secondary,no,2861,no,no,cellular,22,aug,30,5,-1,0,unknown,no,2024-03-10 22:00:00
33,blue-collar,single,primary,no,777,no,no,cellular,7,jul,263,1,-1,0,unknown,no,2024-03-10 23:00:00
42,technician,married,secondary,no,645,yes,yes,unknown,14,may,349,5,-1,0,unknown,no,2024-03-11 00:00:00
50,management,married,tertiary,no,161,no,no,cellular,26,aug,19,17,-1,0,unknown,no,2024-03-11 01:00:00
34,blue-collar,married,secondary,no,1710,yes,yes,unknown,19,may,187,3,-1,0,unknown,no,2024-03-11 02:00:00
45,management,divorced,secondary,no,1144,yes,no,cellular,16,apr,129,1,-1,0,unknown,no,2024-03-11 03:00:00
36,services,single,primary,no,183,no,no,unknown,12,jun,167,5,-1,0,unknown,no,2024-03-11 04:00:00
30,admin.,single,secondary,no,211,no,no,cellular,10,jul,473,1,-1,0,unknown,no,2024-03-11 05:00:00
35,admin.,married,secondary,no,220,yes,no,cellular,2,feb,153,4,244,13,failure,no,2024-03-11 06:00:00
60,management,single,tertiary,no,2190,no,no,cellular,11,aug,601,2,-1,0,unknown,no,2024-03-11 07:00:00
42,admin.,married,secondary,no,6445,yes,no,unknown,2,jun,20,8,-1,0,unknown,no,2024-03-11 08:00:00
55,management,married,tertiary,no,161,no,no,cellular,11,aug,226,2,-1,0,unknown,no,2024-03-11 09:00:00
44,services,married,secondary,no,-395,yes,no,cellular,5,may,894,1,-1,0,unknown,yes,2024-03-11 10:00:00
44,services,married,secondary,no,634,yes,no,cellular,20,apr,226,2,-1,0,unknown,no,2024-03-11 11:00:00
25,student,single,secondary,no,3713,no,no,cellular,24,may,323,2,353,3,other,yes,2024-03-11 12:00:00
39,services,divorced,secondary,yes,-96,yes,yes,telephone,12,may,38,6,-1,0,unknown,no,2024-03-11 13:00:00
36,management,married,tertiary,no,1477,no,no,cellular,7,aug,71,2,-1,0,unknown,no,2024-03-11 14:00:00
55,management,married,secondary,no,51,no,no,cellular,8,jul,102,1,-1,0,unknown,no,2024-03-11 15:00:00
44,management,single,tertiary,no,897,yes,yes,cellular,15,apr,358,1,-1,0,unknown,no,2024-03-11 16:00:00
46,blue-collar,married,secondary,no,4044,no,no,cellular,7,jul,326,3,-1,0,unknown,no,2024-03-11 17:00:00
26,management,divorced,tertiary,yes,-402,no,yes,cellular,29,jan,66,2,262,2,failure,no,2024-03-11 18:00:00
46,retired,married,primary,no,-35,yes,no,cellular,7,may,304,3,-1,0,unknown,no,2024-03-11 19:00:00
60,technician,divorced,secondary,no,-50,no,no,cellular,28,aug,433,12,-1,0,unknown,no,2024-03-11 20:00:00
48,services,single,unknown,no,5095,yes,no,unknown,16,jun,71,1,-1,0,unknown,no,2024-03-11 21:00:00
55,retired,married,secondary,no,1504,yes,yes,cellular,17,nov,761,1,-1,0,unknown,yes,2024-03-11 22:00:00
38,blue-collar,married,primary,no,3289,no,no,cellular,20,nov,340,2,164,2,failure,no,2024-03-11 23:00:00
42,blue-collar,married,secondary,no,865,no,yes,unknown,5,jun,81,1,-1,0,unknown,no,2024-03-12 00:00:00
44,technician,married,secondary,no,65,no,no,telephone,28,aug,53,11,-1,0,unknown,no,2024-03-12 01:00:00
31,management,single,tertiary,no,725,yes,no,cellular,28,jul,211,1,92,2,failure,no,2024-03-12 02:00:00
32,technician,married,secondary,no,485,no,no,cellular,26,aug,98,14,-1,0,unknown,no,2024-03-12 03:00:00
48,technician,married,secondary,no,7,no,no,unknown,19,jun,354,7,-1,0,unknown,no,2024-03-12 04:00:00
56,retired,married,secondary,no,0,no,yes,cellular,7,aug,110,4,-1,0,unknown,no,2024-03-12 05:00:00
31,admin.,single,secondary,no,0,yes,no,cellular,16,jul,1056,2,-1,0,unknown,no,2024-03-12 06:00:00
39,housemaid,divorced,secondary,no,70,no,no,cellular,4,jun,346,2,128,8,success,no,2024-03-12 07:00:00
51,services,single,secondary,no,510,no,no,telephone,22,jul,68,4,-1,0,unknown,no,2024-03-12 08:00:00
36,services,married,secondary,no,895,yes,yes,unknown,4,jun,622,1,-1,0,unknown,no,2024-03-12 09:00:00
28,blue-collar,single,unknown,no,913,yes,no,unknown,27,may,580,2,-1,0,unknown,no,2024-03-12 10:00:00
36,blue-collar,single,secondary,no,2235,yes,no,cellular,20,nov,287,2,-1,0,unknown,no,2024-03-12 11:00:00
58,technician,married,secondary,no,3399,no,no,telephone,30,nov,1628,2,188,8,success,yes,2024-03-12 12:00:00
53,technician,married,secondary,no,163,yes,yes,cellular,24,nov,108,1,-1,0,unknown,no,2024-03-12 13:00:00
42,technician,married,tertiary,no,-805,no,no,cellular,8,aug,103,6,-1,0,unknown,no,2024-03-12 14:00:00
59,retired,married,secondary,no,278,no,no,cellular,12,aug,141,3,-1,0,unknown,no,2024-03-12 15:00:00
26,technician,single,secondary,no,75,yes,no,unknown,27,may,337,2,-1,0,unknown,no,2024-03-12 16:00:00
24,blue-collar,married,primary,no,456,no,no,cellular,14,may,337,2,-1,0,unknown,no,2024-03-12 17:00:00
34,management,married,tertiary,no,1288,yes,no,cellular,11,may,15,8,270,7,other,no,2024-03-12 18:00:00
50,technician,married,unknown,no,413,yes,no,unknown,19,may,243,2,-1,0,unknown,no,2024-03-12 19:00:00
35,services,divorced,secondary,no,-718,yes,no,cellular,21,nov,47,1,-1,0,unknown,no,2024-03-12 20:00:00
47,blue-collar,married,secondary,no,-18,no,yes,cellular,22,aug,155,2,-1,0,unknown,no,2024-03-12 21:00:00
58,services,married,primary,no,443,no,no,telephone,6,feb,41,2,204,1,failure,no,2024-03-12 22:00:00
34,blue-collar,married,primary,no,79,yes,no,cellular,14,may,406,2,-1,0,unknown,no,2024-03-12 23:00:00
51,blue-collar,married,secondary,no,328,no,no,unknown,4,jul,203,1,-1,0,unknown,no,2024-03-13 00:00:00
46,entrepreneur,married,tertiary,no,4726,yes,no,cellular,8,apr,405,1,-1,0,unknown,no,2024-03-13 01:00:00
61,retired,married,secondary,no,2917,no,no,cellular,6,oct,215,1,-1,0,unknown,yes,2024-03-13 02:00:00
31,blue-collar,married,secondary,no,-720,yes,yes,unknown,15,may,112,2,-1,0,unknown,no,2024-03-13 03:00:00
52,blue-collar,married,primary,no,241,yes,no,unknown,26,may,729,2,-1,0,unknown,no,2024-03-13 04:00:00
33,admin.,single,tertiary,no,235,yes,no,cellular,18,may,525,1,-1,0,unknown,yes,2024-03-13 05:00:00
26,management,single,tertiary,no,1720,no,no,cellular,3,feb,383,1,-1,0,unknown,no,2024-03-13 06:00:00
46,housemaid,married,primary,no,75,no,no,unknown,9,jun,302,1,-1,0,unknown,no,2024-03-13 07:00:00
43,technician,divorced,secondary,no,6835,no,no,cellular,19,nov,187,1,152,2,failure,no,2024-03-13 08:00:00
52,housemaid,married,primary,no,256,no,no,cellular,6,aug,137,1,-1,0,unknown,no,2024-03-13 09:00:00
47,blue-collar,married,secondary,no,1303,no,no,cellular,13,aug,68,3,-1,0,unknown,no,2024-03-13 10:00:00
37,blue-collar,married,secondary,no,-129,yes,no,cellular,20,apr,123,4,328,1,other,no,2024-03-13 11:00:00
36,blue-collar,single,secondary,no,366,yes,yes,unknown,30,may,1133,2,-1,0,unknown,yes,2024-03-13 12:00:00
54,retired,married,secondary,no,2950,no,no,cellular,11,aug,45,2,-1,0,unknown,no,2024-03-13 13:00:00
57,unemployed,married,secondary,no,0,no,no,unknown,19,jun,97,1,-1,0,unknown,no,2024-03-13 14:00:00
42,management,married,tertiary,no,9916,yes,no,cellular,21,nov,306,1,-1,0,unknown,no,2024-03-13 15:00:00
54,technician,married,tertiary,no,1188,yes,no,cellular,22,may,89,1,-1,0,unknown,no,2024-03-13 16:00:00
30,admin.,single,secondary,no,910,no,no,cellular,21,nov,298,2,-1,0,unknown,no,2024-03-13 17:00:00
43,admin.,divorced,secondary,no,729,yes,no,unknown,30,may,668,2,-1,0,unknown,no,2024-03-13 18:00:00
52,blue-collar,married,secondary,no,5275,no,yes,cellular,22,jul,1029,3,-1,0,unknown,no,2024-03-13 19:00:00
39,admin.,married,secondary,no,651,yes,no,cellular,22,jul,608,3,-1,0,unknown,no,2024-03-13 20:00:00
43,blue-collar,married,secondary,no,597,yes,no,cellular,2,feb,87,1,263,1,failure,no,2024-03-13 21:00:00
38,management,married,tertiary,no,276,no,no,cellular,14,oct,322,1,-1,0,unknown,no,2024-03-13 22:00:00
29,blue-collar,married,secondary,no,2,yes,yes,unknown,26,may,171,1,-1,0,unknown,no,2024-03-13 23:00:00
30,entrepreneur,single,tertiary,no,216,yes,no,cellular,20,apr,182,3,-1,0,unknown,no,2024-03-14 00:00:00
33,services,married,secondary,no,790,yes,no,unknown,5,may,391,1,-1,0,unknown,no,2024-03-14 01:00:00
50,management,married,secondary,no,628,no,yes,unknown,2,jun,367,3,-1,0,unknown,no,2024-03-14 02:00:00
48,blue-collar,divorced,secondary,no,2071,no,no,cellular,14,may,127,1,-1,0,unknown,no,2024-03-14 03:00:00
27,management,single,tertiary,no,2061,yes,no,unknown,30,may,72,3,-1,0,unknown,no,2024-03-14 04:00:00
30,management,single,tertiary,no,382,yes,no,cellular,21,jul,200,2,-1,0,unknown,no,2024-03-14 05:00:00
54,admin.,married,primary,no,0,yes,no,cellular,30,jan,520,3,-1,0,unknown,no,2024-03-14 06:00:00
33,services,married,secondary,no,90,yes,no,cellular,28,jul,263,2,-1,0,unknown,no,2024-03-14 07:00:00
42,technician,married,secondary,no,33,no,no,telephone,22,jul,158,5,-1,0,unknown,no,2024-03-14 08:00:00
53,services,married,secondary,no,514,yes,no,cellular,31,jul,10,3,-1,0,unknown,no,2024-03-14 09:00:00
46,technician,married,secondary,no,3,yes,yes,cellular,12,may,614,3,-1,0,unknown,yes,2024-03-14 10:00:00
45,blue-collar,married,primary,no,91,yes,no,unknown,15,may,239,2,-1,0,unknown,no,2024-03-14 11:00:00
56,housemaid,single,primary,no,801,no,no,cellular,6,aug,931,4,-1,0,unknown,no,2024-03-14 12:00:00
44,services,divorced,secondary,no,20,no,no,unknown,9,jun,98,1,-1,0,unknown,no,2024-03-14 13:00:00
47,housemaid,married,tertiary,no,228,yes,no,cellular,22,jul,89,1,-1,0,unknown,no,2024-03-14 14:00:00
49,blue-collar,single,primary,no,1164,yes,no,unknown,8,may,72,1,-1,0,unknown,no,2024-03-14 15:00:00
35,unemployed,single,secondary,no,0,no,no,cellular,30,jul,740,3,-1,0,unknown,no,2024-03-14 16:00:00
30,technician,single,secondary,no,3927,yes,no,cellular,11,aug,247,1,-1,0,unknown,no,2024-03-14 17:00:00
43,services,divorced,secondary,no,313,yes,no,cellular,8,may,155,2,-1,0,unknown,no,2024-03-14 18:00:00
47,entrepreneur,married,secondary,no,1375,yes,no,telephone,16,apr,272,2,321,7,failure,no,2024-03-14 19:00:00
94,retired,divorced,secondary,no,1234,no,no,cellular,3,mar,212,1,-1,0,unknown,no,2024-03-14 20:00:00
27,blue-collar,single,secondary,no,2752,yes,no,cellular,18,may,165,2,-1,0,unknown,no,2024-03-14 21:00:00
65,retired,married,primary,no,1992,no,no,telephone,2,nov,459,1,-1,0,unknown,no,2024-03-14 22:00:00
47,entrepreneur,married,unknown,no,0,yes,no,cellular,11,may,70,8,339,6,other,no,2024-03-14 23:00:00
58,management,married,tertiary,no,591,yes,no,cellular,30,jul,233,3,-1,0,unknown,no,2024-03-15 00:00:00
31,admin.,single,secondary,no,5527,yes,no,unknown,21,may,132,1,-1,0,unknown,no,2024-03-15 01:00:00
41,management,married,tertiary,no,185,no,no,cellular,21,aug,286,12,-1,0,unknown,no,2024-03-15 02:00:00
55,technician,married,secondary,no,0,no,no,cellular,27,jul,506,2,-1,0,unknown,no,2024-03-15 03:00:00
45,blue-collar,married,primary,no,0,yes,no,cellular,21,jul,81,4,-1,0,unknown,no,2024-03-15 04:00:00
49,management,married,tertiary,no,934,no,yes,cellular,21,nov,158,4,-1,0,unknown,no,2024-03-15 05:00:00
32,management,married,tertiary,no,913,yes,no,cellular,23,jun,883,1,674,4,failure,no,2024-03-15 06:00:00
46,blue-collar,married,primary,no,-169,yes,yes,cellular,8,jul,109,1,-1,0,unknown,no,2024-03-15 07:00:00
51,admin.,divorced,secondary,no,14215,no,no,cellular,13,aug,131,2,-1,0,unknown,no,2024-03-15 08:00:00
38,services,married,primary,no,0,no,no,cellular,28,jul,33,3,-1,0,unknown,no,2024-03-15 09:00:00
54,services,married,unknown,no,386,no,yes,unknown,20,jun,838,1,-1,0,unknown,yes,2024-03-15 10:00:00
44,services,married,secondary,no,5780,yes,no,cellular,1,apr,525,2,-1,0,unknown,no,2024-03-15 11:00:00
57,housemaid,divorced,unknown,no,11632,no,no,telephone,30,apr,71,2,-1,0,unknown,no,2024-03-15 12:00:00
35,blue-collar,married,secondary,no,53,yes,no,unknown,2,jun,826,4,-1,0,unknown,no,2024-03-15 13:00:00
39,services,single,secondary,no,-388,yes,no,unknown,16,may,1135,2,-1,0,unknown,no,2024-03-15 14:00:00
34,unemployed,married,tertiary,no,425,no,no,cellular,3,feb,289,2,-1,0,unknown,no,2024-03-15 15:00:00
31,management,single,tertiary,no,363,no,no,cellular,13,aug,94,2,-1,0,unknown,no,2024-03-15 16:00:00
28,blue-collar,single,secondary,no,1011,yes,no,cellular,20,apr,204,3,-1,0,unknown,no,2024-03-15 17:00:00
48,unknown,married,unknown,no,2261,no,no,unknown,18,jun,445,3,-1,0,unknown,no,2024-03-15 18:00:00
24,blue-collar,single,secondary,no,8594,yes,no,unknown,28,may,181,1,-1,0,unknown,no,2024-03-15 19:00:00
30,management,married,secondary,no,3817,yes,no,cellular,20,nov,104,5,-1,0,unknown,no,2024-03-15 20:00:00
33,blue-collar,married,primary,no,62,yes,no,telephone,11,may,26,1,-1,0,unknown,no,2024-03-15 21:00:00
39,technician,married,tertiary,no,94,yes,yes,unknown,16,may,813,1,-1,0,unknown,yes,2024-03-15 22:00:00
44,management,married,secondary,no,1103,no,no,cellular,20,nov,82,1,-1,0,unknown,no,2024-03-15 23:00:00
45,entrepreneur,single,tertiary,no,1678,no,no,unknown,16,jun,133,2,-1,0,unknown,no,2024-03-16 00:00:00
45,blue-collar,married,secondary,no,746,yes,no,cellular,11,may,261,1,-1,0,unknown,no,2024-03-16 01:00:00
55,retired,married,tertiary,no,2929,no,no,unknown,16,jun,556,3,-1,0,unknown,no,2024-03-16 02:00:00
39,admin.,divorced,secondary,no,1086,no,no,cellular,24,jul,92,1,-1,0,unknown,no,2024-03-16 03:00:00
36,management,married,tertiary,no,860,yes,no,unknown,20,may,294,15,-1,0,unknown,no,2024-03-16 04:00:00
38,technician,single,tertiary,no,4325,yes,no,unknown,6,may,87,1,-1,0,unknown,no,2024-03-16 05:00:00
53,technician,married,secondary,no,944,yes,no,cellular,23,jul,799,4,-1,0,unknown,no,2024-03-16 06:00:00
33,admin.,married,secondary,no,393,yes,no,unknown,28,may,383,1,-1,0,unknown,no,2024-03-16 07:00:00
27,management,single,tertiary,no,6791,no,no,cellular,5,aug,179,2,69,26,other,yes,2024-03-16 08:00:00
28,technician,single,tertiary,no,387,yes,no,cellular,28,jan,455,1,-1,0,unknown,no,2024-03-16 09:00:00
41,services,married,secondary,no,-459,yes,no,cellular,31,jul,162,2,-1,0,unknown,no,2024-03-16 10:00:00
58,self-employed,married,primary,no,671,yes,no,unknown,17,jun,16,3,-1,0,unknown,no,2024-03-16 11:00:00
36,blue-collar,single,primary,no,295,yes,no,cellular,17,apr,287,1,-1,0,unknown,no,2024-03-16 12:00:00
33,technician,single,secondary,no,1279,yes,no,cellular,18,may,239,2,349,3,success,no,2024-03-16 13:00:00
42,technician,married,tertiary,no,15445,no,no,cellular,3,jun,247,2,-1,0,unknown,no,2024-03-16 14:00:00
38,admin.,married,secondary,no,1116,yes,yes,unknown,16,jun,406,2,-1,0,unknown,no,2024-03-16 15:00:00
71,retired,divorced,unknown,no,392,no,no,telephone,7,jul,276,2,-1,0,unknown,yes,2024-03-16 16:00:00
34,services,married,secondary,no,-211,yes,no,unknown,4,jun,16,8,-1,0,unknown,no,2024-03-16 17:00:00
57,admin.,divorced,primary,no,1,no,no,unknown,15,may,17,10,-1,0,unknown,no,2024-03-16 18:00:00
54,unemployed,divorced,secondary,no,550,no,no,cellular,28,jan,131,1,-1,0,unknown,no,2024-03-16 19:00:00
43,blue-collar,single,secondary,no,3,yes,no,unknown,9,may,929,3,-1,0,unknown,yes,2024-03-16 20:00:00
30,blue-collar,married,secondary,no,119,yes,no,unknown,30,may,281,2,-1,0,unknown,no,2024-03-16 21:00:00
43,blue-collar,married,secondary,yes,-504,yes,no,unknown,28,may,136,1,-1,0,unknown,no,2024-03-16 22:00:00
51,management,divorced,tertiary,no,0,no,yes,cellular,22,jul,176,4,-1,0,unknown,no,2024-03-16 23:00:00
32,management,married,tertiary,no,55,no,no,cellular,2,feb,124,3,-1,0,unknown,no,2024-03-17 00:00:00
58,retired,married,primary,no,1987,no,no,telephone,14,jul,185,4,-1,0,unknown,no,2024-03-17 01:00:00
48,blue-collar,married,secondary,no,-202,yes,yes,cellular,30,jul,225,4,-1,0,unknown,no,2024-03-17 02:00:00
39,management,single,tertiary,no,416,no,no,cellular,9,jul,427,1,-1,0,unknown,no,2024-03-17 03:00:00
27,student,single,secondary,no,2015,no,no,cellular,25,jan,87,1,245,1,other,no,2024-03-17 04:00:00
33,blue-collar,single,secondary,no,17,yes,no,unknown,21,may,288,1,-1,0,unknown,no,2024-03-17 05:00:00
28,services,single,secondary,no,3331,yes,no,unknown,28,may,229,2,-1,0,unknown,no,2024-03-17 06:00:00
53,blue-collar,married,secondary,no,1140,yes,no,unknown,15,may,241,32,-1,0,unknown,no,2024-03-17 07:00:00
25,blue-collar,married,secondary,no,2,yes,no,cellular,25,jul,102,2,-1,0,unknown,no,2024-03-17 08:00:00
59,retired,single,secondary,no,2432,no,no,unknown,11,jun,236,2,-1,0,unknown,no,2024-03-17 09:00:00
28,student,single,secondary,no,0,no,no,cellular,5,feb,15,8,-1,0,unknown,no,2024-03-17 10:00:00
74,retired,married,secondary,no,9480,no,no,cellular,21,apr,211,1,-1,0,unknown,yes,2024-03-17 11:00:00
28,student,single,secondary,no,459,no,no,cellular,16,mar,83,13,-1,0,unknown,no,2024-03-17 12:00:00
34,management,divorced,tertiary,no,2885,no,no,cellular,10,feb,314,2,156,4,other,yes,2024-03-17 13:00:00
44,management,married,tertiary,no,0,yes,no,telephone,24,jul,81,2,-1,0,unknown,no,2024-03-17 14:00:00
43,management,single,tertiary,no,776,no,no,telephone,18,may,52,9,-1,0,unknown,no,2024-03-17 15:00:00
39,technician,single,tertiary,no,1531,no,no,telephone,15,jul,543,6,-1,0,unknown,no,2024-03-17 16:00:00
36,technician,divorced,secondary,no,3296,yes,no,cellular,17,nov,130,1,-1,0,unknown,no,2024-03-17 17:00:00
50,blue-collar,married,primary,no,84,yes,no,unknown,29,may,179,1,-1,0,unknown,no,2024-03-17 18:00:00
45,housemaid,married,primary,no,1100,no,no,unknown,9,jun,331,6,-1,0,unknown,no,2024-03-17 19:00:00
57,technician,married,secondary,no,839,no,yes,unknown,5,may,225,1,-1,0,unknown,no,2024-03-17 20:00:00
48,blue-collar,married,primary,no,3304,no,no,unknown,11,jun,409,3,-1,0,unknown,no,2024-03-17 21:00:00
60,retired,married,primary,no,894,yes,no,unknown,15,may,65,7,-1,0,unknown,no,2024-03-17 22:00:00
35,admin.,married,secondary,no,2238,yes,no,unknown,23,may,42,3,-1,0,unknown,no,2024-03-17 23:00:00
49,management,married,tertiary,no,2881,no,no,cellular,2,mar,120,3,-1,0,unknown,yes,2024-03-18 00:00:00
35,housemaid,married,tertiary,no,2880,no,no,cellular,29,jan,42,1,-1,0,unknown,no,2024-03-18 01:00:00
33,management,single,tertiary,no,729,yes,yes,unknown,18,jun,178,5,-1,0,unknown,no,2024-03-18 02:00:00
56,management,divorced,tertiary,no,2096,no,no,cellular,17,nov,209,2,-1,0,unknown,no,2024-03-18 03:00:00
28,services,married,secondary,no,4,yes,no,unknown,27,jun,133,5,-1,0,unknown,no,2024-03-18 04:00:00
36,management,married,secondary,no,80,yes,no,unknown,30,may,251,3,-1,0,unknown,no,2024-03-18 05:00:00
45,management,married,tertiary,no,199,no,no,unknown,19,may,95,5,-1,0,unknown,no,2024-03-18 06:00:00
46,entrepreneur,single,tertiary,no,1410,yes,no,cellular,19,nov,93,1,189,8,failure,no,2024-03-18 07:00:00
27,management,single,tertiary,no,791,no,no,cellular,29,jan,620,1,-1,0,unknown,no,2024-03-18 08:00:00
30,technician,divorced,secondary,no,3028,yes,no,cellular,28,aug,65,5,-1,0,unknown,no,2024-03-18 09:00:00
37,blue-collar,married,secondary,no,513,yes,no,cellular,13,may,134,1,362,3,failure,no,2024-03-18 10:00:00
41,blue-collar,married,secondary,no,992,yes,yes,cellular,5,may,335,1,295,3,failure,no,2024-03-18 11:00:00
58,entrepreneur,married,secondary,no,670,yes,no,cellular,12,may,1272,1,-1,0,unknown,yes,2024-03-18 12:00:00
30,self-employed,married,secondary,no,2153,yes,no,cellular,20,nov,139,1,-1,0,unknown,no,2024-03-18 13:00:00
33,management,single,tertiary,no,153,yes,no,cellular,2,feb,405,1,-1,0,unknown,no,2024-03-18 14:00:00
54,management,divorced,tertiary,no,22,no,yes,cellular,18,jul,259,3,-1,0,unknown,no,2024-03-18 15:00:00
26,blue-collar,married,secondary,no,-384,yes,yes,cellular,18,jul,143,1,-1,0,unknown,no,2024-03-18 16:00:00
32,management,single,tertiary,no,1373,yes,no,unknown,21,may,474,2,-1,0,unknown,no,2024-03-18 17:00:00
51,blue-collar,married,unknown,no,226,yes,no,unknown,4,jun,17,13,-1,0,unknown,no,2024-03-18 18:00:00
41,management,married,tertiary,no,0,yes,no,unknown,13,may,161,1,-1,0,unknown,no,2024-03-18 19:00:00
59,retired,married,secondary,no,25947,no,no,cellular,13,aug,292,2,-1,0,unknown,no,2024-03-18 20:00:00
52,technician,married,secondary,no,1490,no,yes,unknown,17,jun,420,4,-1,0,unknown,no,2024-03-18 21:00:00
31,technician,married,tertiary,no,22,no,no,cellular,22,aug,122,5,-1,0,unknown,no,2024-03-18 22:00:00
45,unemployed,single,secondary,no,0,yes,no,cellular,17,nov,113,2,-1,0,unknown,no,2024-03-18 23:00:00
38,services,single,secondary,no,1076,no,no,unknown,9,jun,69,6,-1,0,unknown,no,2024-03-19 00:00:00
47,management,married,tertiary,no,109,yes,no,cellular,16,apr,91,2,268,1,failure,no,2024-03-19 01:00:00
44,blue-collar,married,primary,no,75,no,no,unknown,16,may,107,3,-1,0,unknown,no,2024-03-19 02:00:00
43,management,married,tertiary,no,1429,yes,no,cellular,19,nov,1015,1,198,2,other,yes,2024-03-19 03:00:00
26,blue-collar,married,secondary,no,557,yes,yes,unknown,27,may,282,2,-1,0,unknown,no,2024-03-19 04:00:00
33,management,married,tertiary,no,7,yes,no,telephone,24,jul,780,1,-1,0,unknown,no,2024-03-19 05:00:00
46,entrepreneur,married,tertiary,no,193,yes,no,cellular,7,may,201,8,-1,0,unknown,no,2024-03-19 06:00:00
36,blue-collar,married,secondary,no,222,yes,no,unknown,23,may,188,1,-1,0,unknown,no,2024-03-19 07:00:00
48,management,single,tertiary,no,399,no,yes,cellular,7,aug,126,1,-1,0,unknown,no,2024-03-19 08:00:00
48,admin.,divorced,secondary,no,1180,no,no,cellular,27,jan,142,1,238,3,other,yes,2024-03-19 09:00:00
57,retired,married,tertiary,no,-5,no,no,cellular,10,jul,42,1,-1,0,unknown,no,2024-03-19 10:00:00
55,admin.,married,secondary,no,6205,no,no,cellular,6,may,233,2,-1,0,unknown,no,2024-03-19 11:00:00
36,management,divorced,tertiary,no,0,no,no,cellular,4,aug,1165,1,-1,0,unknown,yes,2024-03-19 12:00:00
34,blue-collar,divorced,secondary,no,176,yes,no,cellular,15,may,67,1,368,5,failure,no,2024-03-19 13:00:00
50,blue-collar,married,secondary,no,95,yes,no,unknown,15,may,468,5,-1,0,unknown,no,2024-03-19 14:00:00
32,management,married,tertiary,no,2458,yes,no,cellular,4,may,77,2,-1,0,unknown,no,2024-03-19 15:00:00
40,admin.,single,secondary,no,956,yes,no,cellular,29,jan,83,1,-1,0,unknown,no,2024-03-19 16:00:00
48,entrepreneur,married,secondary,no,4037,no,no,unknown,6,jun,23,1,-1,0,unknown,no,2024-03-19 17:00:00
42,services,single,secondary,no,3403,yes,no,cellular,30,apr,160,1,-1,0,unknown,no,2024-03-19 18:00:00
28,admin.,married,secondary,no,213,yes,no,cellular,14,may,341,3,-1,0,unknown,no,2024-03-19 19:00:00
49,blue-collar,married,primary,no,737,no,no,cellular,13,aug,100,2,-1,0,unknown,no,2024-03-19 20:00:00
33,technician,single,tertiary,no,594,yes,yes,unknown,23,may,149,1,-1,0,unknown,no,2024-03-19 21:00:00
32,technician,married,secondary,no,901,yes,no,unknown,21,may,102,3,-1,0,unknown,no,2024-03-19 22:00:00
56,management,married,tertiary,no,-762,yes,yes,cellular,11,jul,348,2,-1,0,unknown,no,2024-03-19 23:00:00
36,entrepreneur,single,secondary,no,296,no,no,cellular,18,nov,67,2,111,2,failure,no,2024-03-20 00:00:00
29,management,single,tertiary,no,15459,no,no,cellular,18,feb,264,7,-1,0,unknown,yes,2024-03-20 01:00:00
23,blue-collar,single,primary,no,3198,yes,no,cellular,15,may,224,1,352,2,failure,no,2024-03-20 02:00:00
50,housemaid,divorced,secondary,no,0,no,no,cellular,19,nov,126,1,-1,0,unknown,no,2024-03-20 03:00:00
42,management,divorced,tertiary,no,0,yes,no,cellular,20,aug,155,4,-1,0,unknown,no,2024-03-20 04:00:00
46,unemployed,single,tertiary,no,1808,no,no,cellular,21,nov,221,1,-1,0,unknown,no,2024-03-20 05:00:00
49,management,married,tertiary,no,234,no,no,cellular,22,aug,55,6,-1,0,unknown,no,2024-03-20 06:00:00
36,management,married,tertiary,no,0,no,no,cellular,26,aug,97,3,-1,0,unknown,no,2024-03-20 07:00:00
55,retired,divorced,secondary,no,366,no,no,telephone,11,dec,173,1,-1,0,unknown,no,2024-03-20 08:00:00
46,services,divorced,secondary,no,124,yes,yes,cellular,12,may,81,4,-1,0,unknown,no,2024-03-20 09:00:00
44,technician,single,secondary,no,29,yes,no,unknown,5,may,151,1,-1,0,unknown,no,2024-03-20 10:00:00
56,housemaid,married,primary,no,306,no,yes,cellular,8,jul,212,1,-1,0,unknown,no,2024-03-20 11:00:00
43,services,married,secondary,no,3305,yes,no,cellular,17,nov,387,1,-1,0,unknown,no,2024-03-20 12:00:00
55,admin.,divorced,secondary,no,873,yes,yes,unknown,3,jun,131,1,-1,0,unknown,no,2024-03-20 13:00:00
43,management,married,unknown,no,498,yes,no,unknown,2,jun,73,5,-1,0,unknown,no,2024-03-20 14:00:00
30,services,married,secondary,no,271,yes,no,unknown,15,may,365,1,-1,0,unknown,no,2024-03-20 15:00:00
38,services,divorced,secondary,no,710,yes,no,cellular,18,may,1880,2,-1,0,unknown,no,2024-03-20 16:00:00
56,management,divorced,secondary,no,278,yes,no,unknown,17,jun,269,1,-1,0,unknown,no,2024-03-20 17:00:00
28,services,single,secondary,no,113,yes,yes,cellular,15,may,270,1,-1,0,unknown,no,2024-03-20 18:00:00
26,blue-collar,single,secondary,no,-93,yes,no,cellular,18,may,599,2,-1,0,unknown,no,2024-03-20 19:00:00
56,technician,married,secondary,no,203,yes,no,cellular,5,aug,335,3,-1,0,unknown,no,2024-03-20 20:00:00
27,admin.,single,secondary,no,242,yes,yes,unknown,28,may,83,1,-1,0,unknown,no,2024-03-20 21:00:00
29,blue-collar,married,primary,no,111,yes,no,cellular,6,may,14,11,-1,0,unknown,no,2024-03-20 22:00:00
30,admin.,married,secondary,no,111,no,yes,cellular,21,nov,86,3,133,1,failure,no,2024-03-20 23:00:00
36,unemployed,single,tertiary,no,953,yes,no,cellular,31,aug,102,2,101,3,failure,no,2024-03-21 00:00:00
44,admin.,married,secondary,no,6,no,yes,cellular,21,jul,114,2,-1,0,unknown,no,2024-03-21 01:00:00
55,blue-collar,married,unknown,no,7561,no,no,unknown,6,jun,685,3,-1,0,unknown,yes,2024-03-21 02:00:00
38,technician,single,secondary,no,8637,yes,no,cellular,13,may,193,1,-1,0,unknown,no,2024-03-21 03:00:00
37,blue-collar,married,primary,no,689,yes,no,cellular,14,jul,367,2,-1,0,unknown,no,2024-03-21 04:00:00
37,admin.,single,tertiary,no,869,no,no,cellular,30,jul,60,8,-1,0,unknown,no,2024-03-21 05:00:00
35,technician,single,tertiary,no,296,no,no,cellular,22,aug,91,2,-1,0,unknown,no,2024-03-21 06:00:00
52,services,married,secondary,no,1386,no,no,unknown,6,jun,100,1,-1,0,unknown,no,2024-03-21 07:00:00
30,admin.,married,secondary,no,0,no,no,cellular,28,may,93,3,-1,0,unknown,no,2024-03-21 08:00:00
35,management,married,tertiary,no,131,yes,no,cellular,19,nov,248,1,-1,0,unknown,no,2024-03-21 09:00:00
31,management,single,tertiary,no,2734,yes,no,cellular,15,may,858,3,-1,0,unknown,yes,2024-03-21 10:00:00
40,management,married,secondary,no,408,yes,no,cellular,8,may,80,1,322,4,failure,no,2024-03-21 11:00:00
36,entrepreneur,married,secondary,no,313,yes,no,cellular,29,jan,167,2,198,1,failure,no,2024-03-21 12:00:00
50,blue-collar,married,primary,no,506,yes,no,telephone,7,aug,430,4,-1,0,unknown,no,2024-03-21 13:00:00
42,unknown,single,unknown,yes,61,no,no,unknown,20,jun,115,1,-1,0,unknown,no,2024-03-21 14:00:00
32,admin.,single,tertiary,no,2004,no,no,cellular,2,feb,141,1,75,1,failure,no,2024-03-21 15:00:00
35,blue-collar,married,primary,no,0,yes,no,cellular,30,jul,359,2,-1,0,unknown,no,2024-03-21 16:00:00
47,blue-collar,divorced,primary,no,551,yes,no,cellular,19,nov,662,2,-1,0,unknown,no,2024-03-21 17:00:00
34,management,single,tertiary,no,416,no,no,cellular,14,aug,1217,4,-1,0,unknown,no,2024-03-21 18:00:00
26,admin.,single,secondary,no,141,yes,no,cellular,18,may,19,4,349,6,other,no,2024-03-21 19:00:00
32,technician,single,tertiary,no,1212,yes,no,unknown,23,may,463,2,-1,0,unknown,no,2024-03-21 20:00:00
29,technician,single,secondary,yes,-33,no,yes,cellular,10,jul,171,1,-1,0,unknown,no,2024-03-21 21:00:00
34,services,married,secondary,no,1337,no,no,cellular,12,aug,255,2,104,1,success,yes,2024-03-21 22:00:00
50,technician,married,secondary,no,3370,no,no,cellular,21,aug,531,2,80,2,success,yes,2024-03-21 23:00:00
27,services,single,secondary,no,-232,no,no,cellular,28,jan,285,1,-1,0,unknown,no,2024-03-22 00:00:00
57,admin.,married,secondary,no,2137,no,no,telephone,8,jul,132,7,-1,0,unknown,no,2024-03-22 01:00:00
57,technician,married,secondary,no,1158,no,no,unknown,17,nov,204,2,109,21,other,no,2024-03-22 02:00:00
35,blue-collar,married,primary,no,-367,yes,no,cellular,11,may,77,1,350,1,failure,no,2024-03-22 03:00:00
64,retired,married,secondary,no,5966,yes,no,cellular,22,jun,983,1,-1,0,unknown,yes,2024-03-22 04:00:00
40,blue-collar,single,primary,no,45,yes,yes,cellular,14,jul,106,4,-1,0,unknown,no,2024-03-22 05:00:00
58,technician,divorced,secondary,no,-123,no,no,cellular,5,aug,131,2,-1,0,unknown,no,2024-03-22 06:00:00
41,technician,married,secondary,no,1344,no,no,cellular,22,aug,169,6,-1,0,unknown,no,2024-03-22 07:00:00
40,admin.,divorced,secondary,no,83,yes,no,cellular,6,may,327,1,280,6,failure,no,2024-03-22 08:00:00
33,blue-collar,single,secondary,no,45,no,no,unknown,20,jun,13,12,-1,0,unknown,no,2024-03-22 09:00:00
41,admin.,divorced,secondary,no,1634,yes,yes,cellular,12,may,16,5,-1,0,unknown,no,2024-03-22 10:00:00
53,technician,single,secondary,no,708,yes,no,unknown,16,may,631,3,-1,0,unknown,no,2024-03-22 11:00:00
44,management,married,tertiary,no,1286,yes,no,unknown,20,jun,268,3,-1,0,unknown,no,2024-03-22 12:00:00
31,technician,single,secondary,no,271,yes,no,cellular,5,may,269,1,-1,0,unknown,no,2024-03-22 13:00:00
46,admin.,married,secondary,no,196,yes,no,telephone,14,may,29,2,-1,0,unknown,no,2024-03-22 14:00:00
43,services,married,secondary,no,68,yes,yes,cellular,15,may,159,1,-1,0,unknown,no,2024-03-22 15:00:00
41,blue-collar,married,secondary,no,-217,yes,no,cellular,11,may,313,1,349,3,other,no,2024-03-22 16:00:00
47,management,married,secondary,no,834,no,no,unknown,10,may,165,1,-1,0,unknown,no,2024-03-22 17:00:00
54,management,married,tertiary,no,69,no,no,unknown,11,jun,113,1,-1,0,unknown,no,2024-03-22 18:00:00
46,admin.,married,secondary,no,15,no,no,telephone,3,jun,218,5,-1,0,unknown,no,2024-03-22 19:00:00
45,technician,married,secondary,no,0,yes,no,cellular,7,dec,344,1,-1,0,unknown,yes,2024-03-22 20:00:00
39,blue-collar,married,primary,no,-223,yes,no,cellular,14,may,185,10,-1,0,unknown,no,2024-03-22 21:00:00
38,blue-collar,married,primary,no,3195,no,no,cellular,7,sep,244,2,-1,0,unknown,no,2024-03-22 22:00:00
32,management,married,tertiary,no,794,yes,yes,cellular,9,jul,1014,1,-1,0,unknown,yes,2024-03-22 23:00:00
39,technician,single,secondary,no,287,yes,no,cellular,14,jul,84,3,-1,0,unknown,no,2024-03-23 00:00:00
36,blue-collar,married,unknown,no,79,yes,no,unknown,19,may,201,14,-1,0,unknown,no,2024-03-23 01:00:00
25,student,single,secondary,no,486,no,no,cellular,13,sep,273,3,199,4,failure,yes,2024-03-23 02:00:00
43,blue-collar,married,secondary,no,-128,yes,no,cellular,21,nov,32,1,-1,0,unknown,no,2024-03-23 03:00:00
62,services,married,primary,no,276,no,no,cellular,14,oct,80,2,-1,0,unknown,no,2024-03-23 04:00:00
48,admin.,married,secondary,no,0,no,yes,cellular,11,oct,195,1,104,5,failure,no,2024-03-23 05:00:00
31,blue-collar,married,secondary,no,1406,yes,yes,cellular,13,apr,1091,2,-1,0,unknown,yes,2024-03-23 06:00:00
28,student,single,tertiary,no,270,no,no,cellular,23,jul,172,1,-1,0,unknown,no,2024-03-23 07:00:00
55,technician,married,secondary,no,955,yes,no,cellular,29,jan,104,1,-1,0,unknown,no,2024-03-23 08:00:00
27,blue-collar,single,secondary,no,1049,no,no,telephone,29,jan,389,3,-1,0,unknown,no,2024-03-23 09:00:00
53,unemployed,married,tertiary,no,240,no,no,cellular,29,aug,106,3,-1,0,unknown,no,2024-03-23 10:00:00
44,blue-collar,married,primary,no,292,no,no,cellular,31,jul,99,4,-1,0,unknown,no,2024-03-23 11:00:00
33,admin.,single,secondary,no,206,no,no,telephone,13,nov,168,1,-1,0,unknown,no,2024-03-23 12:00:00
43,services,married,secondary,no,94,yes,yes,telephone,5,nov,68,1,-1,0,unknown,no,2024-03-23 13:00:00
49,retired,divorced,secondary,no,-268,yes,no,cellular,15,jul,111,5,-1,0,unknown,no,2024-03-23 14:00:00
58,admin.,married,secondary,no,4962,no,yes,cellular,17,nov,112,1,-1,0,unknown,no,2024-03-23 15:00:00
48,technician,married,secondary,no,658,no,no,cellular,5,feb,109,4,-1,0,unknown,no,2024-03-23 16:00:00
27,blue-collar,single,secondary,no,153,yes,no,cellular,20,apr,198,3,346,1,failure,no,2024-03-23 17:00:00
50,blue-collar,married,primary,no,89,yes,no,unknown,9,may,210,3,-1,0,unknown,no,2024-03-23 18:00:00
34,technician,married,tertiary,no,1524,yes,no,cellular,16,apr,399,1,-1,0,unknown,no,2024-03-23 19:00:00
56,retired,married,primary,no,334,no,no,cellular,6,aug,128,2,-1,0,unknown,no,2024-03-23 20:00:00
35,technician,single,tertiary,no,2658,yes,no,cellular,19,aug,768,2,141,3,failure,yes,2024-03-23 21:00:00
50,admin.,married,secondary,no,512,yes,yes,cellular,17,apr,77,3,338,3,failure,no,2024-03-23 22:00:00
45,blue-collar,divorced,primary,no,-69,yes,no,cellular,13,may,118,2,-1,0,unknown,no,2024-03-23 23:00:00
28,admin.,single,secondary,no,2,yes,no,cellular,24,jul,454,1,-1,0,unknown,yes,2024-03-24 00:00:00
33,management,single,tertiary,no,3821,no,no,cellular,21,nov,201,5,-1,0,unknown,no,2024-03-24 01:00:00
39,management,divorced,tertiary,no,115,no,no,cellular,29,aug,345,2,-1,0,unknown,no,2024-03-24 02:00:00
35,unknown,divorced,primary,no,3888,no,no,unknown,26,may,422,5,-1,0,unknown,no,2024-03-24 03:00:00
57,retired,married,tertiary,no,1269,no,no,cellular,31,aug,1120,1,-1,0,unknown,yes,2024-03-24 04:00:00
33,technician,single,secondary,no,5833,yes,no,cellular,8,aug,93,2,-1,0,unknown,no,2024-03-24 05:00:00
37,blue-collar,single,secondary,no,2580,yes,no,cellular,18,jul,300,3,-1,0,unknown,no,2024-03-24 06:00:00
45,technician,married,secondary,no,183,no,no,cellular,29,aug,27,4,-1,0,unknown,no,2024-03-24 07:00:00
38,management,divorced,tertiary,no,554,no,no,cellular,21,nov,45,1,101,4,failure,no,2024-03-24 08:00:00
42,retired,married,secondary,no,56,yes,no,unknown,5,may,215,1,-1,0,unknown,no,2024-03-24 09:00:00
27,blue-collar,married,secondary,no,2171,yes,no,cellular,16,apr,130,1,323,1,other,no,2024-03-24 10:00:00
37,management,married,tertiary,no,0,yes,no,cellular,23,apr,242,5,153,7,failure,yes,2024-03-24 11:00:00
37,technician,married,secondary,no,-90,yes,no,cellular,17,apr,921,2,263,3,failure,no,2024-03-24 12:00:00
30,blue-collar,married,primary,no,-327,yes,yes,cellular,5,may,305,1,294,7,other,no,2024-03-24 13:00:00
38,admin.,married,secondary,no,257,yes,no,cellular,15,may,10,5,-1,0,unknown,no,2024-03-24 14:00:00
37,technician,married,secondary,no,0,yes,no,cellular,22,apr,1288,3,-1,0,unknown,yes,2024-03-24 15:00:00
40,blue-collar,married,secondary,no,5880,yes,no,unknown,26,may,125,6,-1,0,unknown,no,2024-03-24 16:00:00
35,self-employed,married,secondary,no,8883,no,no,cellular,21,nov,33,3,-1,0,unknown,no,2024-03-24 17:00:00
49,blue-collar,married,secondary,no,8545,yes,yes,cellular,20,nov,175,1,-1,0,unknown,no,2024-03-24 18:00:00
45,blue-collar,divorced,primary,no,942,no,no,cellular,21,nov,362,1,-1,0,unknown,no,2024-03-24 19:00:00
62,retired,married,tertiary,no,0,no,no,cellular,17,dec,188,2,-1,0,unknown,no,2024-03-24 20:00:00
49,management,divorced,tertiary,no,20727,no,no,cellular,20,nov,88,2,-1,0,unknown,no,2024-03-24 21:00:00
49,services,married,secondary,no,86,yes,yes,cellular,24,jul,92,2,-1,0,unknown,no,2024-03-24 22:00:00
36,blue-collar,married,secondary,no,204,yes,no,cellular,20,apr,28,5,-1,0,unknown,no,2024-03-24 23:00:00
40,services,married,secondary,no,256,yes,no,unknown,16,jun,95,6,-1,0,unknown,no,2024-03-25 00:00:00
30,technician,single,tertiary,no,0,no,no,cellular,22,aug,121,2,-1,0,unknown,no,2024-03-25 01:00:00
35,technician,single,tertiary,no,2453,yes,no,cellular,13,aug,119,2,-1,0,unknown,no,2024-03-25 02:00:00
45,management,married,tertiary,no,706,yes,yes,cellular,14,jul,66,2,-1,0,unknown,no,2024-03-25 03:00:00
36,technician,married,primary,no,1653,yes,yes,unknown,27,may,336,10,-1,0,unknown,no,2024-03-25 04:00:00
26,entrepreneur,married,secondary,no,-306,no,yes,cellular,8,jul,342,1,-1,0,unknown,no,2024-03-25 05:00:00
31,technician,married,tertiary,no,0,yes,yes,unknown,13,may,164,2,-1,0,unknown,no,2024-03-25 06:00:00
29,management,married,tertiary,no,85,yes,yes,cellular,18,may,26,1,-1,0,unknown,no,2024-03-25 07:00:00
36,technician,divorced,secondary,no,54,yes,no,cellular,27,aug,1642,3,-1,0,unknown,yes,2024-03-25 08:00:00
23,services,single,secondary,no,496,yes,no,unknown,15,may,430,2,-1,0,unknown,no,2024-03-25 09:00:00
41,management,married,tertiary,no,666,yes,no,unknown,21,may,253,3,-1,0,unknown,no,2024-03-25 10:00:00
35,blue-collar,married,secondary,no,2926,yes,no,cellular,8,apr,182,1,292,25,failure,no,2024-03-25 11:00:00
48,services,single,primary,no,204,yes,no,cellular,22,jul,134,1,-1,0,unknown,no,2024-03-25 12:00:00
25,management,single,tertiary,no,0,no,yes,cellular,18,jul,342,1,-1,0,unknown,no,2024-03-25 13:00:00
42,management,divorced,tertiary,no,1622,yes,no,cellular,12,aug,158,2,-1,0,unknown,no,2024-03-25 14:00:00
48,entrepreneur,married,primary,no,386,no,yes,cellular,27,aug,185,5,-1,0,unknown,no,2024-03-25 15:00:00
37,admin.,single,tertiary,no,0,yes,no,cellular,5,may,342,2,-1,0,unknown,no,2024-03-25 16:00:00
33,admin.,divorced,secondary,yes,-18,yes,no,cellular,6,may,244,1,359,3,failure,no,2024-03-25 17:00:00
53,technician,married,secondary,no,7984,yes,no,cellular,2,feb,151,1,-1,0,unknown,no,2024-03-25 18:00:00
33,services,single,secondary,no,772,yes,no,cellular,29,jan,323,2,259,3,success,no,2024-03-25 19:00:00
31,services,married,tertiary,no,37,yes,no,unknown,5,may,313,1,-1,0,unknown,no,2024-03-25 20:00:00
40,services,married,secondary,no,1674,yes,yes,cellular,4,feb,144,1,274,2,other,no,2024-03-25 21:00:00
26,admin.,single,secondary,no,96,no,no,cellular,2,jun,696,1,27,2,failure,no,2024-03-25 22:00:00
39,admin.,divorced,secondary,no,160,yes,no,cellular,5,aug,156,1,-1,0,unknown,no,2024-03-25 23:00:00
40,management,married,tertiary,no,1598,yes,yes,cellular,6,may,1074,4,344,3,failure,yes,2024-03-26 00:00:00
32,self-employed,single,tertiary,no,562,yes,yes,cellular,8,apr,84,1,-1,0,unknown,no,2024-03-26 01:00:00
58,housemaid,married,secondary,no,519,no,no,cellular,18,aug,251,4,-1,0,unknown,no,2024-03-26 02:00:00
30,services,single,secondary,no,442,yes,no,unknown,16,may,283,3,-1,0,unknown,no,2024-03-26 03:00:00
50,self-employed,married,secondary,no,38,yes,no,cellular,9,jul,42,1,-1,0,unknown,no,2024-03-26 04:00:00
63,unemployed,married,primary,no,0,no,no,telephone,30,nov,337,3,-1,0,unknown,no,2024-03-26 05:00:00
33,admin.,single,secondary,no,303,no,no,cellular,29,jan,483,2,266,1,failure,no,2024-03-26 06:00:00
49,admin.,divorced,secondary,no,190,yes,no,cellular,13,apr,421,1,-1,0,unknown,no,2024-03-26 07:00:00
46,services,divorced,secondary,no,-179,no,no,cellular,2,feb,151,1,214,2,failure,no,2024-03-26 08:00:00
72,retired,divorced,tertiary,no,438,no,no,cellular,23,feb,279,1,-1,0,unknown,yes,2024-03-26 09:00:00
52,technician,married,secondary,no,0,no,no,cellular,2,jun,541,3,-1,0,unknown,yes,2024-03-26 10:00:00
43,management,divorced,secondary,no,130,yes,no,unknown,5,jun,63,3,-1,0,unknown,no,2024-03-26 11:00:00
59,retired,married,secondary,no,3414,no,no,telephone,30,jul,117,6,-1,0,unknown,no,2024-03-26 12:00:00
41,blue-collar,married,secondary,no,514,no,yes,telephone,15,jul,321,3,-1,0,unknown,no,2024-03-26 13:00:00
52,management,divorced,tertiary,no,3,no,no,unknown,1,jul,28,1,-1,0,unknown,no,2024-03-26 14:00:00
34,entrepreneur,single,secondary,no,318,yes,no,cellular,6,oct,88,1,169,3,failure,no,2024-03-26 15:00:00
44,blue-collar,married,primary,no,2657,yes,no,unknown,20,jun,202,2,-1,0,unknown,no,2024-03-26 16:00:00
50,self-employed,married,secondary,no,2137,no,no,cellular,3,jul,64,1,-1,0,unknown,no,2024-03-26 17:00:00
58,entrepreneur,married,tertiary,no,2920,yes,no,unknown,9,jun,136,1,-1,0,unknown,no,2024-03-26 18:00:00
47,blue-collar,married,primary,no,-169,yes,yes,cellular,14,may,172,2,310,1,failure,no,2024-03-26 19:00:00
32,management,single,secondary,no,453,yes,no,cellular,2,feb,544,1,269,2,failure,no,2024-03-26 20:00:00
29,management,married,tertiary,no,20,yes,no,cellular,12,may,418,1,-1,0,unknown,no,2024-03-26 21:00:00
48,services,married,secondary,no,74,no,no,cellular,2,feb,201,1,-1,0,unknown,no,2024-03-26 22:00:00
33,blue-collar,married,secondary,no,889,yes,no,unknown,18,sep,13,1,373,6,success,no,2024-03-26 23:00:00
70,retired,married,tertiary,no,15834,no,no,telephone,1,oct,90,1,-1,0,unknown,no,2024-03-27 00:00:00
39,blue-collar,married,secondary,no,-1002,yes,no,unknown,20,jun,9,5,-1,0,unknown,no,2024-03-27 01:00:00
44,blue-collar,married,secondary,no,236,yes,no,unknown,12,may,596,1,-1,0,unknown,no,2024-03-27 02:00:00
35,technician,single,tertiary,no,973,no,no,cellular,26,aug,109,9,-1,0,unknown,no,2024-03-27 03:00:00
46,technician,married,secondary,no,399,yes,no,unknown,9,jun,699,2,-1,0,unknown,no,2024-03-27 04:00:00
59,unemployed,divorced,secondary,no,7469,no,no,cellular,15,oct,68,1,-1,0,unknown,no,2024-03-27 05:00:00
26,management,single,tertiary,no,1094,yes,no,cellular,8,sep,137,1,-1,0,unknown,yes,2024-03-27 06:00:00
40,technician,single,secondary,no,374,yes,yes,cellular,11,may,274,1,-1,0,unknown,no,2024-03-27 07:00:00
33,student,married,tertiary,no,476,yes,no,cellular,12,aug,113,1,-1,0,unknown,no,2024-03-27 08:00:00
49,blue-collar,married,primary,no,418,no,no,cellular,18,aug,1559,7,-1,0,unknown,no,2024-03-27 09:00:00
30,student,single,tertiary,no,3300,no,no,cellular,21,nov,1571,1,-1,0,unknown,yes,2024-03-27 10:00:00
31,services,married,primary,no,46,no,no,cellular,10,jul,37,1,-1,0,unknown,no,2024-03-27 11:00:00
32,technician,single,secondary,no,0,no,no,cellular,20,aug,92,4,-1,0,unknown,no,2024-03-27 12:00:00
59,management,married,tertiary,no,5397,no,no,cellular,23,sep,244,1,92,3,success,yes,2024-03-27 13:00:00
44,self-employed,married,tertiary,no,425,no,no,unknown,6,jun,147,1,-1,0,unknown,no,2024-03-27 14:00:00
34,blue-collar,single,primary,yes,81,no,yes,cellular,9,feb,44,2,-1,0,unknown,no,2024-03-27 15:00:00
45,technician,single,tertiary,no,0,yes,no,cellular,18,nov,139,2,-1,0,unknown,no,2024-03-27 16:00:00
37,management,single,tertiary,no,33,yes,no,cellular,12,mar,186,1,-1,0,unknown,yes,2024-03-27 17:00:00
33,management,married,secondary,no,180,yes,no,cellular,18,may,37,2,-1,0,unknown,no,2024-03-27 18:00:00
26,student,married,secondary,no,289,no,no,cellular,29,jan,220,1,-1,0,unknown,no,2024-03-27 19:00:00
31,technician,divorced,secondary,no,26,yes,no,unknown,9,may,62,1,-1,0,unknown,no,2024-03-27 20:00:00
36,technician,married,tertiary,no,1179,yes,no,cellular,25,sep,79,1,-1,0,unknown,no,2024-03-27 21:00:00
33,management,married,tertiary,no,332,yes,yes,cellular,28,jan,706,1,-1,0,unknown,no,2024-03-27 22:00:00
28,technician,single,secondary,yes,-298,yes,no,unknown,3,jun,559,7,-1,0,unknown,no,2024-03-27 23:00:00
53,entrepreneur,married,secondary,no,111,yes,no,cellular,20,nov,600,3,189,2,failure,no,2024-03-28 00:00:00
31,admin.,single,secondary,no,547,yes,no,cellular,29,jan,272,1,-1,0,unknown,no,2024-03-28 01:00:00
56,retired,married,secondary,no,397,yes,no,unknown,23,may,252,1,-1,0,unknown,no,2024-03-28 02:00:00
35,management,married,tertiary,no,71,no,yes,cellular,26,aug,78,4,-1,0,unknown,no,2024-03-28 03:00:00
36,management,single,tertiary,no,1089,yes,no,unknown,30,may,126,1,-1,0,unknown,no,2024-03-28 04:00:00
67,retired,married,primary,no,1430,no,no,telephone,26,may,283,2,135,5,success,yes,2024-03-28 05:00:00
45,blue-collar,married,primary,no,1265,yes,no,cellular,11,may,40,8,299,1,success,no,2024-03-28 06:00:00
30,self-employed,single,tertiary,no,663,no,no,cellular,4,aug,222,1,-1,0,unknown,no,2024-03-28 07:00:00
30,admin.,single,secondary,no,4925,yes,no,cellular,21,nov,86,1,-1,0,unknown,no,2024-03-28 08:00:00
40,technician,married,secondary,no,4,yes,yes,cellular,4,aug,135,3,-1,0,unknown,no,2024-03-28 09:00:00
37,management,married,tertiary,no,585,yes,no,cellular,21,apr,47,2,-1,0,unknown,no,2024-03-28 10:00:00
36,technician,single,secondary,no,18,no,no,cellular,21,aug,67,2,-1,0,unknown,no,2024-03-28 11:00:00
61,management,married,secondary,no,1128,no,no,cellular,18,aug,243,2,-1,0,unknown,no,2024-03-28 12:00:00
27,management,single,tertiary,no,2786,no,no,cellular,15,jun,270,2,377,3,success,no,2024-03-28 13:00:00
40,blue-collar,married,primary,no,665,yes,no,cellular,9,jul,781,1,-1,0,unknown,yes,2024-03-28 14:00:00
59,retired,married,primary,no,363,no,no,cellular,30,apr,400,1,-1,0,unknown,yes,2024-03-28 15:00:00
43,technician,married,secondary,no,576,no,no,cellular,2,feb,229,1,-1,0,unknown,no,2024-03-28 16:00:00
31,housemaid,married,secondary,no,14,no,no,cellular,19,nov,46,1,-1,0,unknown,no,2024-03-28 17:00:00
45,services,married,secondary,no,507,no,yes,cellular,21,nov,304,2,-1,0,unknown,no,2024-03-28 18:00:00
35,management,single,unknown,no,121,yes,no,cellular,5,may,245,5,-1,0,unknown,no,2024-03-28 19:00:00
32,admin.,single,secondary,no,2146,yes,no,unknown,21,may,422,2,-1,0,unknown,no,2024-03-28 20:00:00
31,services,single,secondary,no,252,no,no,cellular,19,nov,222,1,-1,0,unknown,no,2024-03-28 21:00:00
39,admin.,married,secondary,yes,0,no,no,unknown,29,may,59,3,-1,0,unknown,no,2024-03-28 22:00:00
53,unemployed,married,primary,no,980,yes,no,cellular,3,dec,352,1,-1,0,unknown,yes,2024-03-28 23:00:00
39,services,single,secondary,no,471,no,no,unknown,15,oct,5,1,-1,0,unknown,no,2024-03-29 00:00:00
28,blue-collar,married,secondary,no,86,yes,yes,unknown,15,may,918,1,-1,0,unknown,no,2024-03-29 01:00:00
45,admin.,married,secondary,no,310,yes,no,unknown,8,may,191,2,-1,0,unknown,no,2024-03-29 02:00:00
49,management,divorced,tertiary,no,755,no,no,cellular,31,jul,1212,4,-1,0,unknown,yes,2024-03-29 03:00:00
49,technician,married,secondary,no,195,no,no,cellular,5,aug,211,2,-1,0,unknown,no,2024-03-29 04:00:00
36,management,married,tertiary,no,369,no,no,cellular,18,nov,193,4,102,2,failure,no,2024-03-29 05:00:00
37,self-employed,married,secondary,no,744,yes,yes,cellular,21,aug,161,3,-1,0,unknown,no,2024-03-29 06:00:00
50,technician,married,secondary,no,73,no,no,unknown,7,may,93,1,-1,0,unknown,no,2024-03-29 07:00:00
49,unemployed,married,tertiary,no,377,no,no,cellular,22,may,158,1,59,2,failure,no,2024-03-29 08:00:00
32,admin.,married,secondary,no,0,yes,no,cellular,16,jul,524,4,-1,0,unknown,no,2024-03-29 09:00:00
31,admin.,single,secondary,yes,-429,no,yes,cellular,18,jul,292,3,-1,0,unknown,no,2024-03-29 10:00:00
35,blue-collar,married,secondary,no,4,no,no,unknown,9,jun,130,2,-1,0,unknown,no,2024-03-29 11:00:00
43,blue-collar,married,secondary,no,1437,yes,no,cellular,14,may,94,1,-1,0,unknown,no,2024-03-29 12:00:00
26,student,single,tertiary,no,13107,yes,no,cellular,27,may,112,2,-1,0,unknown,no,2024-03-29 13:00:00
37,blue-collar,married,primary,no,3154,yes,no,cellular,17,apr,404,1,305,3,failure,yes,2024-03-29 14:00:00
24,student,single,secondary,no,1234,no,no,cellular,21,jul,314,1,156,2,success,yes,2024-03-29 15:00:00
42,blue-collar,married,secondary,no,681,yes,no,cellular,18,nov,203,1,-1,0,unknown,no,2024-03-29 16:00:00
42,housemaid,divorced,secondary,no,1406,yes,no,cellular,22,jul,178,1,-1,0,unknown,no,2024-03-29 17:00:00
46,management,married,primary,no,589,no,no,cellular,29,jan,200,2,-1,0,unknown,no,2024-03-29 18:00:00
57,entrepreneur,married,secondary,no,1179,no,no,cellular,19,aug,189,2,-1,0,unknown,no,2024-03-29 19:00:00
32,entrepreneur,married,secondary,no,126,yes,yes,cellular,23,jul,538,2,-1,0,unknown,no,2024-03-29 20:00:00
48,services,married,secondary,no,1323,yes,yes,cellular,7,may,99,1,-1,0,unknown,no,2024-03-29 21:00:00
45,blue-collar,married,tertiary,no,23,yes,yes,cellular,13,may,234,3,-1,0,unknown,no,2024-03-29 22:00:00
39,admin.,married,secondary,no,973,yes,no,cellular,2,sep,172,4,-1,0,unknown,no,2024-03-29 23:00:00
39,services,single,secondary,no,1163,yes,no,cellular,7,may,432,3,363,2,other,no,2024-03-30 00:00:00
43,blue-collar,married,primary,no,479,yes,no,cellular,14,may,293,2,370,2,failure,no,2024-03-30 01:00:00
50,blue-collar,married,secondary,no,1329,yes,yes,telephone,4,jul,141,2,-1,0,unknown,no,2024-03-30 02:00:00
31,management,divorced,tertiary,no,895,yes,no,unknown,26,may,202,1,-1,0,unknown,no,2024-03-30 03:00:00
29,management,married,tertiary,no,168,yes,no,unknown,28,may,119,1,-1,0,unknown,no,2024-03-30 04:00:00
28,admin.,divorced,secondary,no,-504,yes,yes,cellular,14,may,578,1,-1,0,unknown,yes,2024-03-30 05:00:00
26,technician,single,secondary,no,-525,yes,yes,cellular,22,jul,417,1,-1,0,unknown,no,2024-03-30 06:00:00
36,services,married,secondary,no,924,yes,yes,cellular,20,apr,173,4,-1,0,unknown,no,2024-03-30 07:00:00
65,retired,divorced,unknown,no,300,no,no,cellular,2,aug,245,2,-1,0,unknown,no,2024-03-30 08:00:00
28,technician,married,tertiary,no,510,yes,no,cellular,5,feb,110,2,-1,0,unknown,no,2024-03-30 09:00:00
37,blue-collar,married,primary,no,178,yes,yes,unknown,9,jun,72,1,-1,0,unknown,no,2024-03-30 10:00:00
44,services,divorced,secondary,no,608,yes,yes,unknown,18,jun,19,30,-1,0,unknown,no,2024-03-30 11:00:00
30,self-employed,single,tertiary,no,76,no,yes,cellular,23,jul,100,2,-1,0,unknown,no,2024-03-30 12:00:00
39,blue-collar,divorced,tertiary,no,382,no,no,cellular,18,jun,201,3,-1,0,unknown,no,2024-03-30 13:00:00
31,admin.,single,secondary,no,747,yes,no,unknown,26,may,543,2,-1,0,unknown,yes,2024-03-30 14:00:00
48,technician,married,tertiary,no,2392,yes,no,cellular,18,jul,133,5,-1,0,unknown,no,2024-03-30 15:00:00
28,self-employed,married,tertiary,no,232,yes,yes,cellular,20,apr,219,1,-1,0,unknown,no,2024-03-30 16:00:00
51,services,married,secondary,no,122,no,yes,cellular,6,aug,499,2,-1,0,unknown,no,2024-03-30 17:00:00
29,blue-collar,married,secondary,no,933,yes,no,cellular,17,apr,180,2,-1,0,unknown,no,2024-03-30 18:00:00
27,blue-collar,single,secondary,no,1150,yes,no,unknown,14,may,282,1,-1,0,unknown,no,2024-03-30 19:00:00
43,admin.,married,secondary,no,1807,yes,yes,unknown,30,may,711,1,-1,0,unknown,no,2024-03-30 20:00:00
61,retired,married,secondary,no,280,yes,no,unknown,15,may,88,3,-1,0,unknown,no,2024-03-30 21:00:00
46,management,married,tertiary,no,7331,no,no,cellular,11,sep,658,4,95,2,other,yes,2024-03-30 22:00:00
45,entrepreneur,married,secondary,no,128,no,yes,cellular,18,nov,275,2,-1,0,unknown,no,2024-03-30 23:00:00
35,services,married,secondary,no,505,yes,yes,unknown,27,may,371,2,-1,0,unknown,no,2024-03-31 00:00:00
22,management,single,tertiary,no,374,yes,no,cellular,13,may,158,5,-1,0,unknown,no,2024-03-31 01:00:00
26,technician,single,tertiary,no,-67,yes,no,cellular,13,aug,143,1,90,1,success,no,2024-03-31 02:00:00
26,admin.,married,secondary,no,354,yes,no,cellular,8,may,282,5,347,5,other,no,2024-03-31 03:00:00
32,technician,divorced,secondary,no,210,yes,yes,unknown,7,may,188,2,-1,0,unknown,no,2024-03-31 04:00:00
34,management,married,tertiary,yes,-30,yes,no,cellular,4,feb,449,2,-1,0,unknown,no,2024-03-31 05:00:00
31,admin.,single,secondary,no,437,yes,yes,unknown,4,jun,173,14,-1,0,unknown,no,2024-03-31 06:00:00
44,blue-collar,married,primary,no,1669,no,no,unknown,19,jun,64,2,-1,0,unknown,no,2024-03-31 07:00:00
56,management,married,tertiary,no,935,yes,no,cellular,8,may,209,2,172,1,failure,no,2024-03-31 08:00:00
27,services,single,secondary,no,243,no,yes,unknown,4,jul,253,1,-1,0,unknown,no,2024-03-31 09:00:00
31,student,single,secondary,no,3511,no,no,cellular,6,oct,311,1,96,1,success,yes,2024-03-31 10:00:00
35,technician,single,tertiary,no,5301,no,no,cellular,21,nov,937,2,-1,0,unknown,yes,2024-03-31 11:00:00
32,management,single,tertiary,no,0,yes,no,cellular,18,nov,244,2,168,1,other,no,2024-03-31 12:00:00
37,technician,divorced,secondary,yes,0,no,yes,cellular,19,nov,134,1,-1,0,unknown,no,2024-03-31 13:00:00
42,services,single,unknown,no,974,no,no,cellular,30,jul,73,2,-1,0,unknown,no,2024-03-31 14:00:00
36,services,single,secondary,no,14,yes,no,cellular,25,jul,320,3,-1,0,unknown,no,2024-03-31 15:00:00
25,student,single,secondary,no,2975,no,no,cellular,2,sep,799,2,-1,0,unknown,yes,2024-03-31 16:00:00
58,retired,married,secondary,no,7560,no,no,cellular,12,aug,364,2,-1,0,unknown,no,2024-03-31 17:00:00
50,admin.,divorced,secondary,no,86,no,no,cellular,28,jul,65,7,-1,0,unknown,no,2024-03-31 18:00:00
54,technician,married,tertiary,no,446,no,no,cellular,26,aug,67,6,-1,0,unknown,no,2024-03-31 19:00:00
46,services,married,unknown,no,854,yes,no,cellular,3,apr,478,3,-1,0,unknown,no,2024-03-31 20:00:00
30,technician,married,secondary,no,574,no,no,cellular,13,aug,394,4,-1,0,unknown,no,2024-03-31 21:00:00
37,blue-collar,married,secondary,no,1059,yes,no,cellular,11,jul,94,2,-1,0,unknown,no,2024-03-31 22:00:00
25,admin.,single,tertiary,no,1734,no,no,cellular,19,oct,366,1,-1,0,unknown,no,2024-03-31 23:00:00
33,blue-collar,single,secondary,no,0,no,no,telephone,25,jul,511,1,-1,0,unknown,no,2024-04-01 00:00:00
31,blue-collar,single,secondary,no,953,yes,no,cellular,14,may,479,1,346,2,success,yes,2024-04-01 01:00:00
59,retired,married,primary,no,1393,yes,yes,cellular,13,aug,314,1,-1,0,unknown,no,2024-04-01 02:00:00
32,technician,single,secondary,no,-138,no,no,cellular,16,jul,278,2,-1,0,unknown,no,2024-04-01 03:00:00
35,admin.,single,secondary,no,1016,no,yes,cellular,5,feb,418,2,-1,0,unknown,no,2024-04-01 04:00:00
42,blue-collar,married,primary,no,5,yes,no,cellular,25,jul,112,2,-1,0,unknown,no,2024-04-01 05:00:00
36,blue-collar,married,primary,no,711,yes,no,unknown,23,may,154,2,-1,0,unknown,no,2024-04-01 06:00:00
33,blue-collar,married,secondary,no,0,no,no,unknown,7,may,107,1,-1,0,unknown,no,2024-04-01 07:00:00
37,admin.,married,tertiary,no,23,yes,no,telephone,28,may,71,1,90,1,other,no,2024-04-01 08:00:00
37,self-employed,married,primary,no,0,no,no,unknown,7,may,112,4,-1,0,unknown,no,2024-04-01 09:00:00
39,blue-collar,single,primary,no,656,yes,no,cellular,18,may,190,6,-1,0,unknown,no,2024-04-01 10:00:00
24,blue-collar,single,secondary,no,77,yes,no,unknown,16,may,236,2,-1,0,unknown,no,2024-04-01 11:00:00
30,management,single,tertiary,no,2,yes,yes,cellular,25,jul,1031,8,-1,0,unknown,yes,2024-04-01 12:00:00
35,technician,married,tertiary,no,7951,no,yes,unknown,6,jun,103,1,-1,0,unknown,no,2024-04-01 13:00:00
44,blue-collar,divorced,secondary,no,1781,yes,no,cellular,29,jul,48,3,-1,0,unknown,no,2024-04-01 14:00:00
38,technician,divorced,secondary,no,-397,yes,yes,cellular,21,jul,91,9,-1,0,unknown,no,2024-04-01 15:00:00
57,services,married,secondary,no,4,no,no,cellular,21,jul,84,1,-1,0,unknown,no,2024-04-01 16:00:00
50,admin.,married,primary,no,246,yes,no,cellular,13,may,234,2,299,5,failure,no,2024-04-01 17:00:00
50,services,married,secondary,no,0,yes,no,cellular,27,mar,689,2,-1,0,unknown,no,2024-04-01 18:00:00
45,unemployed,single,secondary,no,17609,no,no,cellular,9,feb,222,6,-1,0,unknown,no,2024-04-01 19:00:00
44,housemaid,married,primary,no,1342,yes,yes,telephone,14,may,112,2,370,2,failure,no,2024-04-01 20:00:00
38,retired,married,unknown,no,304,no,no,cellular,11,may,94,1,350,5,other,no,2024-04-01 21:00:00
26,admin.,single,secondary,no,255,no,no,cellular,9,feb,190,1,-1,0,unknown,yes,2024-04-01 22:00:00
44,admin.,married,secondary,no,764,yes,no,cellular,3,sep,232,1,213,1,failure,no,2024-04-01 23:00:00
57,retired,single,tertiary,no,0,no,no,cellular,18,nov,300,1,-1,0,unknown,no,2024-04-02 00:00:00
30,technician,married,secondary,no,1168,yes,yes,unknown,21,may,361,1,-1,0,unknown,no,2024-04-02 01:00:00
82,retired,divorced,primary,no,0,no,no,cellular,6,aug,381,3,295,1,failure,no,2024-04-02 02:00:00
48,blue-collar,divorced,primary,no,2677,no,no,unknown,20,jun,23,3,-1,0,unknown,no,2024-04-02 03:00:00
32,management,married,secondary,no,350,yes,no,unknown,28,may,110,2,-1,0,unknown,no,2024-04-02 04:00:00
59,entrepreneur,married,secondary,no,2429,no,yes,cellular,18,nov,79,2,182,7,failure,no,2024-04-02 05:00:00
50,entrepreneur,married,tertiary,no,1605,yes,no,unknown,23,may,22,2,-1,0,unknown,no,2024-04-02 06:00:00
47,services,single,tertiary,no,0,no,no,cellular,20,apr,96,1,-1,0,unknown,no,2024-04-02 07:00:00
55,blue-collar,married,secondary,no,1261,no,no,unknown,19,may,166,1,-1,0,unknown,no,2024-04-02 08:00:00
33,services,married,secondary,no,703,no,no,cellular,18,nov,160,2,-1,0,unknown,no,2024-04-02 09:00:00
48,management,married,tertiary,no,0,no,yes,cellular,19,feb,204,4,182,1,success,yes,2024-04-02 10:00:00
42,management,divorced,secondary,no,-272,no,no,cellular,8,jul,186,1,-1,0,unknown,no,2024-04-02 11:00:00
27,management,single,tertiary,no,3104,yes,no,unknown,28,may,160,2,-1,0,unknown,no,2024-04-02 12:00:00
28,self-employed,single,secondary,no,1536,no,no,cellular,15,jun,294,3,-1,0,unknown,no,2024-04-02 13:00:00
32,management,married,tertiary,no,500,no,no,cellular,8,aug,151,4,-1,0,unknown,no,2024-04-02 14:00:00
43,blue-collar,married,primary,no,-120,yes,no,unknown,3,jun,46,1,-1,0,unknown,no,2024-04-02 15:00:00
51,housemaid,married,secondary,no,429,no,no,cellular,14,aug,230,2,-1,0,unknown,no,2024-04-02 16:00:00
43,services,divorced,tertiary,no,2279,no,yes,unknown,26,jun,344,1,-1,0,unknown,no,2024-04-02 17:00:00
38,management,divorced,tertiary,no,441,yes,no,cellular,30,jan,67,1,-1,0,unknown,no,2024-04-02 18:00:00
34,technician,single,secondary,no,827,yes,no,cellular,6,may,254,1,267,4,failure,no,2024-04-02 19:00:00
46,technician,divorced,secondary,yes,-1361,yes,yes,cellular,18,nov,78,1,-1,0,unknown,no,2024-04-02 20:00:00
31,management,single,tertiary,no,1130,yes,no,cellular,2,feb,181,1,264,3,failure,no,2024-04-02 21:00:00
24,blue-collar,married,secondary,no,685,yes,no,unknown,26,may,896,3,-1,0,unknown,yes,2024-04-02 22:00:00
36,technician,single,secondary,no,9068,yes,no,unknown,23,may,98,1,-1,0,unknown,no,2024-04-02 23:00:00
51,entrepreneur,divorced,tertiary,no,2109,no,no,cellular,13,oct,79,2,-1,0,unknown,yes,2024-04-03 00:00:00
36,technician,married,secondary,no,55,yes,no,cellular,13,may,38,2,369,4,failure,no,2024-04-03 01:00:00
55,admin.,married,secondary,no,499,yes,yes,cellular,20,apr,124,4,150,1,other,no,2024-04-03 02:00:00
49,admin.,married,secondary,no,1323,yes,no,cellular,18,nov,84,1,-1,0,unknown,no,2024-04-03 03:00:00
58,technician,single,secondary,no,641,no,no,cellular,7,aug,229,2,-1,0,unknown,no,2024-04-03 04:00:00
41,housemaid,single,primary,no,21,no,no,unknown,6,jun,264,1,-1,0,unknown,no,2024-04-03 05:00:00
40,admin.,married,secondary,no,1614,no,no,cellular,24,jul,338,1,-1,0,unknown,no,2024-04-03 06:00:00
35,blue-collar,single,secondary,no,510,yes,no,unknown,16,may,81,6,-1,0,unknown,no,2024-04-03 07:00:00
38,self-employed,married,secondary,no,279,yes,no,unknown,28,may,110,5,-1,0,unknown,no,2024-04-03 08:00:00
47,admin.,married,secondary,no,1647,no,no,cellular,27,aug,39,13,-1,0,unknown,no,2024-04-03 09:00:00
32,management,married,tertiary,no,1014,no,no,cellular,20,aug,194,6,-1,0,unknown,no,2024-04-03 10:00:00
50,services,single,primary,no,148,yes,no,unknown,7,may,198,2,-1,0,unknown,no,2024-04-03 11:00:00
26,self-employed,married,tertiary,no,219,no,no,cellular,4,may,104,5,-1,0,unknown,no,2024-04-03 12:00:00
31,services,married,secondary,no,-759,yes,no,unknown,12,may,220,2,-1,0,unknown,no,2024-04-03 13:00:00
54,unknown,married,secondary,no,2206,no,no,cellular,13,may,260,1,91,4,success,yes,2024-04-03 14:00:00
44,management,married,tertiary,no,3603,yes,no,cellular,18,nov,198,1,-1,0,unknown,no,2024-04-03 15:00:00
56,blue-collar,married,primary,no,409,yes,no,telephone,7,jul,176,6,-1,0,unknown,no,2024-04-03 16:00:00
38,management,married,tertiary,no,126,yes,no,unknown,21,may,164,2,-1,0,unknown,no,2024-04-03 17:00:00
34,technician,married,tertiary,no,285,yes,yes,unknown,29,may,223,4,-1,0,unknown,no,2024-04-03 18:00:00
32,management,married,tertiary,no,0,no,no,cellular,27,aug,164,2,-1,0,unknown,no,2024-04-03 19:00:00
42,admin.,married,primary,no,-306,yes,no,cellular,17,aug,308,1,459,1,success,yes,2024-04-03 20:00:00
30,technician,single,tertiary,no,1028,yes,no,cellular,21,nov,653,1,-1,0,unknown,no,2024-04-03 21:00:00
34,services,married,secondary,no,190,yes,no,cellular,15,may,121,3,-1,0,unknown,no,2024-04-03 22:00:00
37,technician,divorced,secondary,no,695,yes,no,unknown,26,may,80,2,-1,0,unknown,no,2024-04-03 23:00:00
33,blue-collar,married,primary,no,1309,yes,no,unknown,13,may,262,1,-1,0,unknown,no,2024-04-04 00:00:00
36,technician,married,secondary,no,577,no,no,cellular,6,aug,88,2,-1,0,unknown,no,2024-04-04 01:00:00
26,admin.,single,secondary,yes,-930,yes,no,cellular,14,may,786,1,-1,0,unknown,yes,2024-04-04 02:00:00
57,retired,married,secondary,no,1044,no,no,telephone,11,jan,585,1,192,2,success,yes,2024-04-04 03:00:00
42,technician,married,secondary,no,-556,yes,no,cellular,19,nov,101,1,-1,0,unknown,no,2024-04-04 04:00:00
34,management,single,tertiary,no,395,yes,no,cellular,16,apr,316,2,-1,0,unknown,no,2024-04-04 05:00:00
51,services,married,primary,no,636,yes,yes,telephone,18,may,36,6,-1,0,unknown,no,2024-04-04 06:00:00
42,technician,married,secondary,no,994,yes,no,cellular,18,jan,453,1,67,9,success,yes,2024-04-04 07:00:00
49,services,married,secondary,no,320,no,no,telephone,9,feb,1971,4,-1,0,unknown,yes,2024-04-04 08:00:00
56,blue-collar,married,primary,no,1214,no,yes,cellular,7,aug,105,1,-1,0,unknown,no,2024-04-04 09:00:00
31,management,single,tertiary,no,350,yes,no,cellular,12,aug,359,2,-1,0,unknown,no,2024-04-04 10:00:00
49,housemaid,married,primary,no,0,no,no,telephone,16,jul,46,8,-1,0,unknown,no,2024-04-04 11:00:00
53,technician,married,secondary,no,-725,yes,no,unknown,27,may,1205,1,-1,0,unknown,yes,2024-04-04 12:00:00
41,management,married,tertiary,no,20,yes,no,cellular,17,nov,99,1,151,2,failure,no,2024-04-04 13:00:00
30,blue-collar,single,secondary,no,75,yes,no,unknown,16,may,123,1,-1,0,unknown,no,2024-04-04 14:00:00
43,technician,single,secondary,no,34,no,no,telephone,30,jul,29,1,-1,0,unknown,no,2024-04-04 15:00:00
38,technician,married,secondary,no,0,yes,yes,cellular,7,jul,500,5,-1,0,unknown,no,2024-04-04 16:00:00
56,blue-collar,married,secondary,no,172,yes,no,unknown,12,may,289,5,-1,0,unknown,no,2024-04-04 17:00:00
31,blue-collar,single,tertiary,no,-701,yes,no,unknown,27,may,42,3,-1,0,unknown,no,2024-04-04 18:00:00
26,technician,married,secondary,no,-293,yes,yes,unknown,5,jun,64,2,-1,0,unknown,no,2024-04-04 19:00:00
40,technician,married,secondary,no,93,yes,no,unknown,13,may,134,2,-1,0,unknown,no,2024-04-04 20:00:00
29,blue-collar,married,secondary,no,2312,yes,no,telephone,14,jul,109,3,-1,0,unknown,no,2024-04-04 21:00:00
47,services,married,tertiary,no,871,no,no,cellular,22,aug,602,9,-1,0,unknown,no,2024-04-04 22:00:00
50,blue-collar,married,primary,no,3304,yes,no,cellular,20,apr,218,1,-1,0,unknown,no,2024-04-04 23:00:00
30,technician,married,tertiary,no,3192,yes,no,cellular,5,mar,172,2,-1,0,unknown,no,2024-04-05 00:00:00
31,blue-collar,single,primary,no,-147,no,yes,cellular,9,jul,263,2,-1,0,unknown,no,2024-04-05 01:00:00
41,services,married,secondary,no,241,yes,yes,unknown,4,jun,144,1,-1,0,unknown,no,2024-04-05 02:00:00
49,services,married,secondary,no,7019,yes,no,cellular,2,jun,263,1,368,3,failure,yes,2024-04-05 03:00:00
49,services,divorced,secondary,no,1162,no,no,cellular,5,feb,159,1,-1,0,unknown,no,2024-04-05 04:00:00
37,services,single,secondary,no,2,yes,no,cellular,4,feb,220,1,-1,0,unknown,no,2024-04-05 05:00:00
29,management,single,tertiary,no,91,yes,no,telephone,28,jul,426,4,-1,0,unknown,no,2024-04-05 06:00:00
58,retired,married,secondary,no,8332,no,no,unknown,17,nov,164,2,96,4,failure,no,2024-04-05 07:00:00
42,technician,married,secondary,no,2152,no,no,cellular,30,mar,361,2,181,2,failure,no,2024-04-05 08:00:00
33,management,single,tertiary,no,2059,no,no,cellular,29,aug,106,2,-1,0,unknown,no,2024-04-05 09:00:00
53,technician,married,primary,no,0,no,no,cellular,21,jul,96,1,-1,0,unknown,no,2024-04-05 10:00:00
60,retired,married,primary,no,3,no,no,unknown,18,jun,227,1,-1,0,unknown,no,2024-04-05 11:00:00
22,blue-collar,single,secondary,no,0,yes,no,unknown,23,may,816,2,-1,0,unknown,no,2024-04-05 12:00:00
37,management,married,tertiary,no,236,no,no,cellular,28,aug,95,2,-1,0,unknown,no,2024-04-05 13:00:00
31,technician,single,secondary,no,816,no,no,cellular,9,jun,100,2,-1,0,unknown,no,2024-04-05 14:00:00
23,blue-collar,married,secondary,no,-213,yes,yes,unknown,26,may,87,2,-1,0,unknown,no,2024-04-05 15:00:00
42,technician,married,tertiary,no,14282,yes,no,cellular,17,nov,77,1,103,4,success,no,2024-04-05 16:00:00
44,management,married,tertiary,no,226,yes,no,cellular,14,aug,190,3,270,3,failure,yes,2024-04-05 17:00:00
60,housemaid,married,unknown,no,491,no,no,cellular,14,aug,503,4,-1,0,unknown,no,2024-04-05 18:00:00
47,management,single,tertiary,no,0,no,no,cellular,21,aug,136,2,-1,0,unknown,no,2024-04-05 19:00:00
59,admin.,married,secondary,no,479,no,no,unknown,18,jun,326,1,-1,0,unknown,no,2024-04-05 20:00:00
60,retired,divorced,tertiary,no,468,no,no,cellular,7,jul,108,2,-1,0,unknown,no,2024-04-05 21:00:00
43,blue-collar,married,primary,no,0,no,no,unknown,12,jun,30,1,-1,0,unknown,no,2024-04-05 22:00:00
60,unemployed,married,secondary,no,2000,no,no,cellular,8,apr,58,1,-1,0,unknown,no,2024-04-05 23:00:00
34,management,married,tertiary,no,714,yes,no,cellular,31,jul,8,27,-1,0,unknown,no,2024-04-06 00:00:00
25,services,single,secondary,no,93,no,no,cellular,16,jul,130,1,-1,0,unknown,no,2024-04-06 01:00:00
53,technician,single,secondary,no,530,no,yes,telephone,18,jul,744,4,-1,0,unknown,no,2024-04-06 02:00:00
30,admin.,married,secondary,no,358,no,no,cellular,28,jan,156,2,-1,0,unknown,no,2024-04-06 03:00:00
43,blue-collar,divorced,secondary,no,898,yes,no,cellular,11,may,405,1,174,3,failure,no,2024-04-06 04:00:00
28,blue-collar,single,secondary,no,-545,yes,yes,cellular,15,may,322,1,-1,0,unknown,no,2024-04-06 05:00:00
47,management,married,secondary,no,794,yes,yes,cellular,17,nov,564,2,-1,0,unknown,no,2024-04-06 06:00:00
25,technician,single,secondary,no,266,no,yes,cellular,15,jun,74,1,-1,0,unknown,no,2024-04-06 07:00:00
33,admin.,single,secondary,no,4713,no,no,cellular,5,jun,110,2,-1,0,unknown,no,2024-04-06 08:00:00
40,management,married,tertiary,no,0,yes,no,telephone,16,jul,87,5,-1,0,unknown,no,2024-04-06 09:00:00
47,blue-collar,divorced,primary,no,556,yes,no,unknown,14,may,227,4,-1,0,unknown,no,2024-04-06 10:00:00
25,blue-collar,single,unknown,no,586,yes,no,cellular,20,apr,712,1,-1,0,unknown,no,2024-04-06 11:00:00
53,blue-collar,married,secondary,no,1103,yes,yes,cellular,4,feb,101,2,250,4,failure,no,2024-04-06 12:00:00
40,services,married,secondary,no,111,yes,no,cellular,23,jul,134,1,-1,0,unknown,no,2024-04-06 13:00:00
37,unemployed,married,secondary,no,2424,no,no,cellular,20,nov,633,2,156,2,other,no,2024-04-06 14:00:00
41,services,married,primary,no,450,yes,no,unknown,14,may,374,2,-1,0,unknown,no,2024-04-06 15:00:00
39,blue-collar,married,unknown,no,1181,yes,no,cellular,30,jul,650,2,-1,0,unknown,yes,2024-04-06 16:00:00
35,admin.,single,secondary,no,1810,yes,no,cellular,25,may,65,2,-1,0,unknown,no,2024-04-06 17:00:00
25,blue-collar,single,primary,no,155,yes,no,unknown,30,may,85,4,-1,0,unknown,no,2024-04-06 18:00:00
50,admin.,single,secondary,no,2040,yes,no,cellular,7,may,149,1,357,1,failure,no,2024-04-06 19:00:00
29,blue-collar,divorced,primary,no,2,yes,no,cellular,6,feb,10,7,-1,0,unknown,no,2024-04-06 20:00:00
58,management,married,tertiary,no,0,no,no,cellular,30,jul,120,2,-1,0,unknown,no,2024-04-06 21:00:00
54,management,married,tertiary,no,95,no,no,cellular,11,jul,104,1,-1,0,unknown,no,2024-04-06 22:00:00
36,management,single,tertiary,no,247,no,no,unknown,21,may,354,5,-1,0,unknown,no,2024-04-06 23:00:00
37,technician,married,tertiary,no,0,yes,no,cellular,17,nov,77,1,-1,0,unknown,no,2024-04-07 00:00:00
27,services,single,secondary,no,-266,no,yes,cellular,10,jul,162,6,-1,0,unknown,no,2024-04-07 01:00:00
59,management,divorced,tertiary,no,0,no,no,unknown,17,jun,437,2,-1,0,unknown,no,2024-04-07 02:00:00
58,technician,married,secondary,no,5618,yes,no,unknown,15,may,113,1,-1,0,unknown,no,2024-04-07 03:00:00
29,management,single,tertiary,no,941,yes,no,unknown,27,may,160,1,-1,0,unknown,no,2024-04-07 04:00:00
51,blue-collar,married,primary,no,507,yes,no,cellular,8,aug,85,2,-1,0,unknown,no,2024-04-07 05:00:00
49,management,married,tertiary,no,78,no,yes,cellular,17,jul,257,2,-1,0,unknown,no,2024-04-07 06:00:00
35,management,married,tertiary,no,1012,no,no,unknown,9,jun,105,1,-1,0,unknown,no,2024-04-07 07:00:00
41,blue-collar,married,secondary,no,1954,no,no,cellular,18,nov,65,1,110,2,success,no,2024-04-07 08:00:00
46,blue-collar,married,secondary,no,519,yes,no,cellular,25,aug,217,6,-1,0,unknown,no,2024-04-07 09:00:00
47,blue-collar,married,primary,no,521,yes,no,unknown,13,may,262,1,-1,0,unknown,no,2024-04-07 10:00:00
43,admin.,married,secondary,no,1138,no,no,cellular,16,apr,132,2,-1,0,unknown,no,2024-04-07 11:00:00
33,blue-collar,single,secondary,no,2202,yes,no,cellular,20,apr,372,2,-1,0,unknown,no,2024-04-07 12:00:00
54,retired,single,secondary,no,129,no,yes,cellular,28,jul,867,2,-1,0,unknown,yes,2024-04-07 13:00:00
37,management,divorced,tertiary,no,1170,yes,yes,cellular,18,may,106,1,-1,0,unknown,no,2024-04-07 14:00:00
55,technician,married,tertiary,no,169,no,yes,cellular,5,aug,618,2,-1,0,unknown,yes,2024-04-07 15:00:00
35,technician,single,secondary,no,391,no,no,cellular,21,nov,152,1,-1,0,unknown,no,2024-04-07 16:00:00
27,services,divorced,secondary,no,96,yes,no,unknown,8,may,31,1,-1,0,unknown,no,2024-04-07 17:00:00
40,services,married,primary,no,332,yes,no,unknown,8,may,149,1,-1,0,unknown,no,2024-04-07 18:00:00
25,admin.,single,tertiary,no,760,yes,no,cellular,27,feb,58,2,-1,0,unknown,no,2024-04-07 19:00:00
40,admin.,married,secondary,no,3138,no,no,cellular,12,aug,238,1,-1,0,unknown,no,2024-04-07 20:00:00
31,blue-collar,single,secondary,no,17,yes,no,cellular,12,may,296,1,-1,0,unknown,no,2024-04-07 21:00:00
57,admin.,married,secondary,no,407,yes,yes,cellular,15,may,166,3,-1,0,unknown,no,2024-04-07 22:00:00
44,blue-collar,married,secondary,no,508,yes,no,cellular,17,nov,158,1,-1,0,unknown,no,2024-04-07 23:00:00
42,blue-collar,married,secondary,no,117,yes,no,unknown,9,may,147,1,-1,0,unknown,no,2024-04-08 00:00:00
35,technician,single,secondary,no,344,no,no,cellular,27,aug,519,16,-1,0,unknown,yes,2024-04-08 01:00:00
32,housemaid,married,primary,no,91,yes,no,cellular,16,jul,110,6,-1,0,unknown,no,2024-04-08 02:00:00
26,services,single,secondary,no,302,yes,no,unknown,9,may,210,1,-1,0,unknown,no,2024-04-08 03:00:00
35,management,married,tertiary,no,-547,yes,no,cellular,14,aug,101,2,-1,0,unknown,no,2024-04-08 04:00:00
27,self-employed,single,tertiary,no,270,yes,no,unknown,27,may,470,2,-1,0,unknown,no,2024-04-08 05:00:00
59,management,married,tertiary,no,833,yes,yes,cellular,21,nov,311,1,-1,0,unknown,no,2024-04-08 06:00:00
38,technician,married,tertiary,no,202,no,no,cellular,5,aug,1311,2,-1,0,unknown,yes,2024-04-08 07:00:00
53,services,married,secondary,no,1788,yes,no,unknown,29,may,253,2,-1,0,unknown,no,2024-04-08 08:00:00
41,management,married,tertiary,no,1468,yes,no,cellular,31,mar,237,3,-1,0,unknown,yes,2024-04-08 09:00:00
53,services,married,secondary,no,-363,yes,no,cellular,7,aug,201,2,-1,0,unknown,no,2024-04-08 10:00:00
28,services,single,secondary,no,805,yes,no,cellular,7,may,148,5,336,7,other,no,2024-04-08 11:00:00
38,services,married,secondary,no,-32,yes,no,unknown,7,may,154,2,-1,0,unknown,no,2024-04-08 12:00:00
34,technician,married,secondary,no,603,yes,no,cellular,28,jul,51,4,434,1,failure,no,2024-04-08 13:00:00
42,admin.,married,secondary,no,-150,no,yes,cellular,8,jul,249,3,-1,0,unknown,no,2024-04-08 14:00:00
43,services,married,secondary,no,0,no,no,cellular,4,feb,235,2,-1,0,unknown,no,2024-04-08 15:00:00
50,management,married,secondary,no,42,yes,no,cellular,13,may,85,2,265,4,other,no,2024-04-08 16:00:00
36,housemaid,married,primary,no,-125,no,yes,cellular,6,feb,91,2,-1,0,unknown,no,2024-04-08 17:00:00
53,blue-collar,married,secondary,no,427,no,yes,cellular,14,aug,360,4,-1,0,unknown,no,2024-04-08 18:00:00
27,admin.,single,secondary,no,125,no,no,cellular,21,jul,104,1,288,8,failure,no,2024-04-08 19:00:00
39,technician,married,secondary,no,376,no,no,unknown,20,jun,160,3,-1,0,unknown,no,2024-04-08 20:00:00
36,blue-collar,married,secondary,no,249,yes,no,cellular,15,may,709,5,-1,0,unknown,yes,2024-04-08 21:00:00
35,technician,married,secondary,no,0,yes,no,telephone,19,nov,125,1,-1,0,unknown,no,2024-04-08 22:00:00
59,housemaid,married,secondary,no,0,no,no,telephone,27,oct,376,1,81,3,failure,no,2024-04-08 23:00:00
45,technician,single,tertiary,no,5336,no,no,unknown,28,may,99,2,-1,0,unknown,no,2024-04-09 00:00:00
46,services,married,secondary,no,3269,yes,no,unknown,15,may,366,1,-1,0,unknown,no,2024-04-09 01:00:00
50,management,married,tertiary,no,101,yes,no,unknown,15,may,348,1,-1,0,unknown,no,2024-04-09 02:00:00
32,management,single,tertiary,no,1047,yes,no,cellular,13,aug,203,6,-1,0,unknown,no,2024-04-09 03:00:00
37,management,married,tertiary,no,-57,yes,no,cellular,31,jul,37,20,-1,0,unknown,no,2024-04-09 04:00:00
36,blue-collar,married,unknown,no,1023,yes,no,cellular,4,feb,184,2,-1,0,unknown,no,2024-04-09 05:00:00
29,blue-collar,married,secondary,no,2776,yes,no,unknown,27,may,233,1,-1,0,unknown,no,2024-04-09 06:00:00
49,blue-collar,divorced,secondary,no,10613,no,yes,cellular,4,feb,1226,1,-1,0,unknown,yes,2024-04-09 07:00:00
39,services,married,primary,no,0,no,no,cellular,6,may,49,2,282,3,failure,no,2024-04-09 08:00:00
30,blue-collar,married,secondary,no,1131,yes,yes,cellular,18,nov,189,1,144,5,failure,no,2024-04-09 09:00:00
37,technician,married,secondary,no,180,no,no,cellular,8,aug,215,2,-1,0,unknown,no,2024-04-09 10:00:00
41,technician,divorced,secondary,no,195,no,no,cellular,28,aug,260,1,-1,0,unknown,no,2024-04-09 11:00:00
50,blue-collar,married,primary,no,8139,yes,no,cellular,18,aug,256,6,-1,0,unknown,no,2024-04-09 12:00:00
35,blue-collar,divorced,unknown,no,164,no,no,unknown,11,jun,967,2,-1,0,unknown,yes,2024-04-09 13:00:00
43,management,single,secondary,no,465,no,no,cellular,28,aug,78,12,-1,0,unknown,no,2024-04-09 14:00:00
35,technician,married,secondary,no,6,yes,no,cellular,11,may,204,2,348,2,failure,no,2024-04-09 15:00:00
37,technician,married,tertiary,no,905,yes,no,cellular,25,aug,111,7,-1,0,unknown,no,2024-04-09 16:00:00
32,blue-collar,single,primary,no,882,no,yes,cellular,29,jul,80,8,-1,0,unknown,no,2024-04-09 17:00:00
27,services,married,secondary,no,202,yes,no,telephone,8,jul,212,2,-1,0,unknown,no,2024-04-09 18:00:00
29,blue-collar,married,secondary,no,296,yes,no,unknown,4,jun,153,1,-1,0,unknown,no,2024-04-09 19:00:00
29,services,single,tertiary,no,2564,yes,no,unknown,27,may,306,2,-1,0,unknown,no,2024-04-09 20:00:00
33,admin.,single,secondary,no,1437,yes,no,unknown,21,may,641,1,-1,0,unknown,no,2024-04-09 21:00:00
35,admin.,divorced,secondary,no,404,yes,no,cellular,6,may,438,1,-1,0,unknown,no,2024-04-09 22:00:00
51,blue-collar,married,primary,no,1127,yes,no,unknown,6,may,47,1,-1,0,unknown,no,2024-04-09 23:00:00
38,admin.,married,secondary,no,3632,yes,yes,cellular,13,may,323,1,-1,0,unknown,no,2024-04-10 00:00:00
34,technician,single,secondary,no,10890,no,no,cellular,20,aug,46,14,-1,0,unknown,no,2024-04-10 01:00:00
37,technician,married,tertiary,no,8730,yes,no,unknown,6,may,149,1,-1,0,unknown,no,2024-04-10 02:00:00
53,admin.,divorced,secondary,no,26,yes,no,cellular,7,may,56,1,359,1,failure,no,2024-04-10 03:00:00
56,unemployed,married,primary,no,3391,no,no,cellular,21,apr,243,1,-1,0,unknown,yes,2024-04-10 04:00:00
24,student,single,secondary,no,2530,yes,no,unknown,29,may,399,5,-1,0,unknown,no,2024-04-10 05:00:00
34,admin.,single,secondary,no,0,yes,no,unknown,6,may,150,1,-1,0,unknown,no,2024-04-10 06:00:00
27,admin.,married,secondary,no,-401,yes,yes,cellular,3,feb,205,3,214,1,failure,no,2024-04-10 07:00:00
45,blue-collar,married,secondary,no,3412,yes,no,cellular,12,may,101,2,-1,0,unknown,no,2024-04-10 08:00:00
58,management,married,unknown,no,3658,no,no,cellular,4,may,55,2,-1,0,unknown,no,2024-04-10 09:00:00
28,self-employed,married,secondary,no,-522,yes,yes,cellular,18,may,638,2,-1,0,unknown,yes,2024-04-10 10:00:00
40,technician,married,tertiary,no,1207,no,no,cellular,22,aug,105,3,-1,0,unknown,no,2024-04-10 11:00:00
52,technician,married,secondary,no,230,yes,yes,cellular,21,nov,89,4,-1,0,unknown,no,2024-04-10 12:00:00
36,blue-collar,divorced,secondary,no,-59,yes,no,unknown,28,may,193,1,-1,0,unknown,no,2024-04-10 13:00:00
78,retired,married,primary,no,680,no,no,telephone,24,may,838,1,89,9,failure,no,2024-04-10 14:00:00
61,admin.,married,secondary,no,4608,no,no,cellular,12,mar,212,1,-1,0,unknown,yes,2024-04-10 15:00:00
52,entrepreneur,married,secondary,yes,-36,no,yes,cellular,15,jul,199,4,-1,0,unknown,no,2024-04-10 16:00:00
36,technician,single,tertiary,no,4644,no,no,cellular,26,aug,29,12,-1,0,unknown,no,2024-04-10 17:00:00
37,blue-collar,single,secondary,no,5818,no,no,unknown,17,jun,652,2,-1,0,unknown,no,2024-04-10 18:00:00
30,admin.,single,unknown,no,0,yes,no,cellular,19,nov,1206,2,-1,0,unknown,no,2024-04-10 19:00:00
48,management,married,unknown,no,375,no,no,cellular,28,jan,290,3,-1,0,unknown,no,2024-04-10 20:00:00
35,blue-collar,married,secondary,no,535,yes,no,unknown,30,may,265,3,-1,0,unknown,no,2024-04-10 21:00:00
49,self-employed,married,tertiary,no,206,yes,no,unknown,23,jul,108,2,-1,0,unknown,no,2024-04-10 22:00:00
40,housemaid,divorced,secondary,no,1194,yes,no,cellular,20,nov,99,2,-1,0,unknown,no,2024-04-10 23:00:00
30,unemployed,married,secondary,no,476,no,no,cellular,4,may,99,4,-1,0,unknown,no,2024-04-11 00:00:00
41,technician,married,secondary,no,128,yes,no,cellular,27,aug,100,2,-1,0,unknown,no,2024-04-11 01:00:00
47,blue-collar,married,secondary,no,1096,yes,yes,cellular,6,feb,174,2,-1,0,unknown,no,2024-04-11 02:00:00
30,admin.,married,secondary,no,116,yes,no,cellular,31,jul,15,19,-1,0,unknown,no,2024-04-11 03:00:00
41,self-employed,married,tertiary,no,57,no,no,cellular,19,aug,61,5,-1,0,unknown,no,2024-04-11 04:00:00
48,management,married,primary,no,606,no,no,cellular,5,mar,77,6,-1,0,unknown,no,2024-04-11 05:00:00
48,technician,single,secondary,no,9131,yes,no,unknown,14,may,902,5,-1,0,unknown,no,2024-04-11 06:00:00
33,technician,married,secondary,no,1844,yes,yes,cellular,18,may,380,1,-1,0,unknown,no,2024-04-11 07:00:00
40,services,married,secondary,no,278,yes,no,cellular,18,may,9,5,-1,0,unknown,no,2024-04-11 08:00:00
35,unemployed,single,secondary,no,3854,yes,no,cellular,18,nov,132,2,-1,0,unknown,no,2024-04-11 09:00:00
31,technician,married,tertiary,no,4575,yes,no,telephone,18,may,28,1,-1,0,unknown,no,2024-04-11 10:00:00
25,blue-collar,single,secondary,no,2096,yes,no,unknown,3,jun,236,2,-1,0,unknown,no,2024-04-11 11:00:00
56,technician,married,secondary,no,1093,no,no,cellular,7,aug,89,4,-1,0,unknown,no,2024-04-11 12:00:00
36,blue-collar,married,secondary,no,134,no,no,unknown,12,may,98,2,-1,0,unknown,no,2024-04-11 13:00:00
23,technician,single,unknown,no,710,yes,no,unknown,19,may,374,6,-1,0,unknown,no,2024-04-11 14:00:00
41,services,married,secondary,no,115,yes,yes,cellular,19,nov,299,2,-1,0,unknown,no,2024-04-11 15:00:00
30,services,single,secondary,no,1649,yes,no,unknown,23,may,206,1,-1,0,unknown,no,2024-04-11 16:00:00
39,blue-collar,married,primary,no,2805,yes,no,unknown,26,may,102,23,-1,0,unknown,no,2024-04-11 17:00:00
59,services,married,primary,no,927,no,no,cellular,7,aug,1934,2,-1,0,unknown,no,2024-04-11 18:00:00
56,blue-collar,married,primary,no,284,no,yes,telephone,3,feb,124,4,204,4,failure,no,2024-04-11 19:00:00
32,technician,single,secondary,no,-234,yes,no,cellular,15,may,24,7,-1,0,unknown,no,2024-04-11 20:00:00
36,management,single,unknown,no,62,no,no,cellular,13,jul,311,1,91,2,success,yes,2024-04-11 21:00:00
58,entrepreneur,married,tertiary,no,6384,no,no,cellular,19,nov,90,3,-1,0,unknown,no,2024-04-11 22:00:00
32,services,married,secondary,no,315,no,no,cellular,4,aug,149,1,-1,0,unknown,no,2024-04-11 23:00:00
27,technician,single,secondary,no,1187,no,no,cellular,28,jan,120,2,-1,0,unknown,no,2024-04-12 00:00:00
39,blue-collar,married,primary,no,1046,no,no,unknown,19,jun,112,4,-1,0,unknown,no,2024-04-12 01:00:00
59,technician,married,tertiary,no,4445,no,no,unknown,11,jun,96,7,-1,0,unknown,no,2024-04-12 02:00:00
52,technician,married,secondary,no,0,yes,no,cellular,1,jun,144,1,83,1,failure,no,2024-04-12 03:00:00
31,management,single,tertiary,no,0,no,no,cellular,25,aug,101,6,-1,0,unknown,no,2024-04-12 04:00:00
59,retired,married,secondary,no,26,no,no,cellular,18,feb,92,3,-1,0,unknown,no,2024-04-12 05:00:00
30,management,single,tertiary,no,3773,yes,no,cellular,9,feb,75,4,258,1,failure,no,2024-04-12 06:00:00
24,student,single,tertiary,no,235,no,no,cellular,9,feb,98,1,92,1,success,yes,2024-04-12 07:00:00
49,self-employed,married,secondary,no,505,yes,no,telephone,15,may,354,2,-1,0,unknown,no,2024-04-12 08:00:00
47,technician,married,secondary,no,351,yes,no,unknown,14,may,367,3,-1,0,unknown,no,2024-04-12 09:00:00
49,management,married,unknown,no,1401,no,no,unknown,18,jun,300,1,-1,0,unknown,no,2024-04-12 10:00:00
38,unemployed,divorced,secondary,no,0,yes,no,unknown,30,may,281,4,-1,0,unknown,no,2024-04-12 11:00:00
33,blue-collar,married,secondary,no,53,no,no,cellular,20,nov,113,1,-1,0,unknown,no,2024-04-12 12:00:00
38,technician,single,tertiary,no,9,yes,no,unknown,6,may,185,3,-1,0,unknown,no,2024-04-12 13:00:00
36,blue-collar,divorced,secondary,no,719,yes,no,unknown,13,may,1052,1,-1,0,unknown,no,2024-04-12 14:00:00
29,technician,single,tertiary,no,172,yes,yes,cellular,7,oct,271,2,187,16,failure,no,2024-04-12 15:00:00
47,housemaid,single,tertiary,no,456,no,no,unknown,12,jun,139,2,-1,0,unknown,no,2024-04-12 16:00:00
38,management,married,tertiary,no,4174,no,no,cellular,23,oct,336,2,184,5,failure,yes,2024-04-12 17:00:00
49,management,married,tertiary,no,1093,yes,yes,cellular,12,jan,243,2,91,2,success,yes,2024-04-12 18:00:00
47,management,divorced,tertiary,no,0,no,no,cellular,14,jul,122,2,-1,0,unknown,no,2024-04-12 19:00:00
60,blue-collar,married,primary,no,241,no,yes,unknown,3,jul,100,3,-1,0,unknown,no,2024-04-12 20:00:00
55,services,divorced,tertiary,no,1983,yes,no,telephone,19,nov,123,1,-1,0,unknown,no,2024-04-12 21:00:00
53,management,married,tertiary,no,6525,yes,no,unknown,2,jun,73,3,-1,0,unknown,no,2024-04-12 22:00:00
35,admin.,married,secondary,yes,0,no,yes,unknown,4,jul,105,3,-1,0,unknown,no,2024-04-12 23:00:00
31,management,married,tertiary,no,1164,yes,yes,cellular,18,jul,238,3,-1,0,unknown,no,2024-04-13 00:00:00
39,management,married,primary,no,3760,no,yes,cellular,17,jul,262,1,-1,0,unknown,no,2024-04-13 01:00:00
37,management,married,tertiary,no,-491,yes,no,cellular,5,feb,80,2,-1,0,unknown,no,2024-04-13 02:00:00
48,blue-collar,single,secondary,no,-552,no,yes,cellular,21,nov,150,2,-1,0,unknown,no,2024-04-13 03:00:00
34,management,single,tertiary,no,212,no,no,cellular,25,mar,278,8,-1,0,unknown,yes,2024-04-13 04:00:00
44,technician,single,tertiary,no,607,yes,no,unknown,13,may,119,2,-1,0,unknown,no,2024-04-13 05:00:00
31,unemployed,single,secondary,no,209,yes,no,cellular,6,may,193,1,-1,0,unknown,no,2024-04-13 06:00:00
34,technician,married,secondary,no,3000,yes,yes,cellular,8,feb,215,3,221,1,failure,no,2024-04-13 07:00:00
37,management,married,tertiary,no,1852,no,no,cellular,13,may,117,2,370,1,failure,no,2024-04-13 08:00:00
55,blue-collar,married,primary,no,137,no,no,telephone,8,jul,377,1,-1,0,unknown,no,2024-04-13 09:00:00
30,admin.,married,secondary,no,1081,no,no,cellular,16,jul,222,2,-1,0,unknown,no,2024-04-13 10:00:00
29,technician,divorced,secondary,no,477,yes,yes,cellular,11,may,58,1,305,1,failure,no,2024-04-13 11:00:00
39,services,married,secondary,no,150,no,no,unknown,12,jun,243,2,-1,0,unknown,no,2024-04-13 12:00:00
54,retired,married,secondary,no,3671,no,no,unknown,11,jun,67,3,-1,0,unknown,no,2024-04-13 13:00:00
51,housemaid,married,primary,no,1138,no,no,cellular,7,aug,265,3,-1,0,unknown,no,2024-04-13 14:00:00
59,unemployed,married,secondary,no,957,no,no,cellular,8,mar,301,1,89,2,success,yes,2024-04-13 15:00:00
42,technician,single,tertiary,no,24,no,no,cellular,8,jul,262,1,-1,0,unknown,no,2024-04-13 16:00:00
58,management,married,tertiary,no,211,no,no,unknown,7,may,103,2,-1,0,unknown,no,2024-04-13 17:00:00
46,blue-collar,married,primary,no,101,yes,no,cellular,11,may,422,1,364,5,success,no,2024-04-13 18:00:00
54,technician,married,tertiary,no,-800,yes,no,unknown,26,may,445,2,-1,0,unknown,no,2024-04-13 19:00:00
44,technician,single,tertiary,no,643,no,no,cellular,16,oct,324,1,143,3,failure,yes,2024-04-13 20:00:00
36,blue-collar,married,primary,no,-20,yes,no,unknown,7,may,353,3,-1,0,unknown,no,2024-04-13 21:00:00
37,management,married,tertiary,no,566,no,no,cellular,25,aug,463,4,-1,0,unknown,no,2024-04-13 22:00:00
37,blue-collar,married,secondary,no,4321,no,no,cellular,5,jun,657,1,-1,0,unknown,yes,2024-04-13 23:00:00
35,admin.,divorced,secondary,no,45,yes,no,unknown,29,may,167,1,-1,0,unknown,no,2024-04-14 00:00:00
34,management,married,tertiary,no,443,no,no,cellular,18,jun,235,3,-1,0,unknown,yes,2024-04-14 01:00:00
26,student,single,secondary,no,0,no,no,cellular,17,aug,237,1,82,2,failure,no,2024-04-14 02:00:00
60,technician,married,tertiary,no,1626,yes,yes,unknown,27,may,395,2,-1,0,unknown,no,2024-04-14 03:00:00
34,blue-collar,married,secondary,no,7,yes,yes,cellular,2,feb,171,2,193,2,other,no,2024-04-14 04:00:00
30,services,married,tertiary,no,6,yes,no,cellular,5,may,279,2,342,2,failure,no,2024-04-14 05:00:00
50,self-employed,married,primary,no,2636,yes,no,unknown,16,jun,349,2,-1,0,unknown,no,2024-04-14 06:00:00
32,self-employed,single,tertiary,no,368,no,no,cellular,21,nov,149,2,-1,0,unknown,no,2024-04-14 07:00:00
43,self-employed,married,tertiary,no,4324,yes,no,unknown,19,jun,105,1,-1,0,unknown,no,2024-04-14 08:00:00
41,blue-collar,married,secondary,no,1011,yes,no,cellular,19,nov,113,1,174,4,other,no,2024-04-14 09:00:00
34,admin.,married,secondary,no,1499,yes,no,cellular,13,apr,186,1,327,2,failure,no,2024-04-14 10:00:00
43,technician,married,primary,no,117,yes,no,unknown,7,may,84,2,-1,0,unknown,no,2024-04-14 11:00:00
69,retired,married,secondary,no,148,no,no,telephone,4,sep,101,1,-1,0,unknown,no,2024-04-14 12:00:00
34,technician,single,tertiary,no,2671,no,no,cellular,19,aug,119,9,-1,0,unknown,no,2024-04-14 13:00:00
37,blue-collar,married,secondary,no,790,no,no,unknown,9,may,262,1,-1,0,unknown,no,2024-04-14 14:00:00
29,housemaid,married,tertiary,no,96,yes,no,cellular,18,may,226,1,-1,0,unknown,no,2024-04-14 15:00:00
29,blue-collar,single,secondary,no,218,no,no,cellular,7,jul,255,2,-1,0,unknown,no,2024-04-14 16:00:00
36,blue-collar,married,secondary,no,3578,yes,no,telephone,3,feb,45,3,-1,0,unknown,no,2024-04-14 17:00:00
29,technician,single,tertiary,no,18254,no,no,cellular,11,may,279,2,-1,0,unknown,no,2024-04-14 18:00:00
33,entrepreneur,married,secondary,no,3140,yes,yes,cellular,21,nov,7,5,-1,0,unknown,no,2024-04-14 19:00:00
43,management,married,tertiary,no,4016,yes,no,cellular,14,aug,159,2,-1,0,unknown,no,2024-04-14 20:00:00
28,self-employed,single,secondary,no,5679,yes,no,cellular,9,feb,701,4,-1,0,unknown,yes,2024-04-14 21:00:00
39,entrepreneur,married,primary,no,3373,yes,no,cellular,19,nov,419,5,-1,0,unknown,no,2024-04-14 22:00:00
34,blue-collar,divorced,tertiary,no,12409,no,no,cellular,16,mar,189,1,480,4,other,no,2024-04-14 23:00:00
37,blue-collar,single,tertiary,no,3649,yes,no,cellular,15,apr,623,2,146,4,failure,no,2024-04-15 00:00:00
31,management,single,tertiary,no,24870,yes,no,unknown,21,may,634,2,-1,0,unknown,no,2024-04-15 01:00:00
36,blue-collar,single,secondary,no,110,no,no,cellular,8,jul,291,2,-1,0,unknown,no,2024-04-15 02:00:00
39,technician,single,secondary,no,0,no,no,cellular,25,aug,194,9,-1,0,unknown,no,2024-04-15 03:00:00
55,blue-collar,married,primary,no,400,no,no,cellular,21,aug,137,4,-1,0,unknown,no,2024-04-15 04:00:00
35,technician,married,tertiary,no,3160,yes,no,cellular,16,nov,445,2,95,1,failure,yes,2024-04-15 05:00:00
29,management,single,secondary,no,417,no,no,cellular,7,oct,90,1,-1,0,unknown,no,2024-04-15 06:00:00
40,blue-collar,married,secondary,no,0,yes,no,unknown,6,may,225,1,-1,0,unknown,no,2024-04-15 07:00:00
50,blue-collar,married,primary,no,1549,yes,no,cellular,11,may,445,2,299,6,other,no,2024-04-15 08:00:00
39,technician,married,secondary,no,3032,no,no,unknown,29,may,260,1,-1,0,unknown,no,2024-04-15 09:00:00
60,retired,divorced,tertiary,no,4,yes,no,cellular,2,dec,415,1,190,5,failure,yes,2024-04-15 10:00:00
28,management,single,tertiary,no,447,yes,yes,unknown,5,may,217,1,-1,0,unknown,no,2024-04-15 11:00:00
52,housemaid,married,secondary,no,411,yes,no,telephone,12,may,210,3,-1,0,unknown,no,2024-04-15 12:00:00
37,management,married,tertiary,no,984,yes,no,cellular,18,aug,180,4,-1,0,unknown,no,2024-04-15 13:00:00
44,blue-collar,married,secondary,no,647,yes,no,cellular,6,apr,276,2,-1,0,unknown,no,2024-04-15 14:00:00
40,services,married,secondary,no,2843,yes,no,cellular,20,apr,223,1,305,1,success,no,2024-04-15 15:00:00
38,housemaid,married,secondary,no,0,no,no,cellular,15,jul,105,7,-1,0,unknown,no,2024-04-15 16:00:00
60,technician,divorced,secondary,no,367,no,no,cellular,16,aug,318,2,-1,0,unknown,yes,2024-04-15 17:00:00
44,blue-collar,single,primary,no,142,yes,no,cellular,9,jul,668,1,-1,0,unknown,no,2024-04-15 18:00:00
25,unknown,single,unknown,no,329,yes,no,unknown,14,may,158,2,-1,0,unknown,no,2024-04-15 19:00:00
29,technician,single,secondary,no,674,no,no,cellular,30,apr,483,1,13,5,success,yes,2024-04-15 20:00:00
31,services,married,secondary,no,520,yes,no,unknown,12,may,123,7,-1,0,unknown,no,2024-04-15 21:00:00
42,blue-collar,divorced,secondary,no,198,no,no,cellular,15,may,133,1,-1,0,unknown,no,2024-04-15 22:00:00
59,self-employed,married,tertiary,no,34247,yes,no,cellular,17,nov,66,2,-1,0,unknown,no,2024-04-15 23:00:00
48,management,married,tertiary,no,1167,yes,yes,cellular,26,jan,122,4,50,4,other,no,2024-04-16 00:00:00
35,technician,single,secondary,no,176,no,no,cellular,7,aug,77,2,-1,0,unknown,no,2024-04-16 01:00:00
33,management,married,tertiary,no,864,yes,no,cellular,20,apr,170,1,235,19,failure,no,2024-04-16 02:00:00
37,admin.,divorced,tertiary,no,195,yes,no,cellular,29,jan,39,1,-1,0,unknown,no,2024-04-16 03:00:00
31,blue-collar,married,primary,no,1601,no,no,cellular,7,apr,615,1,137,3,failure,no,2024-04-16 04:00:00
40,blue-collar,married,primary,no,0,yes,no,unknown,3,jun,329,3,-1,0,unknown,no,2024-04-16 05:00:00
37,blue-collar,married,secondary,no,140,yes,yes,cellular,7,may,490,1,-1,0,unknown,no,2024-04-16 06:00:00
41,admin.,divorced,secondary,no,0,no,yes,cellular,23,jul,400,2,-1,0,unknown,no,2024-04-16 07:00:00
31,management,single,secondary,yes,20,yes,no,cellular,28,jul,141,5,-1,0,unknown,no,2024-04-16 08:00:00
23,blue-collar,married,secondary,no,0,yes,no,cellular,14,may,223,1,-1,0,unknown,no,2024-04-16 09:00:00
47,services,divorced,secondary,no,4906,yes,no,unknown,14,may,389,1,-1,0,unknown,no,2024-04-16 10:00:00
48,admin.,divorced,secondary,no,1033,no,yes,unknown,22,aug,11,1,-1,0,unknown,no,2024-04-16 11:00:00
40,technician,married,tertiary,no,4396,no,no,unknown,18,jun,1195,2,-1,0,unknown,no,2024-04-16 12:00:00
33,blue-collar,married,secondary,no,833,yes,yes,cellular,18,nov,62,6,-1,0,unknown,no,2024-04-16 13:00:00
39,blue-collar,married,secondary,no,125,yes,no,unknown,8,may,142,1,-1,0,unknown,no,2024-04-16 14:00:00
54,retired,married,secondary,no,-152,yes,yes,unknown,26,may,14,11,-1,0,unknown,no,2024-04-16 15:00:00
51,unemployed,married,primary,no,0,no,no,cellular,29,jul,132,2,-1,0,unknown,no,2024-04-16 16:00:00
45,blue-collar,married,secondary,no,-221,yes,yes,unknown,3,jun,170,1,-1,0,unknown,no,2024-04-16 17:00:00
75,unknown,married,tertiary,no,643,no,no,cellular,15,oct,522,2,-1,0,unknown,no,2024-04-16 18:00:00
59,blue-collar,married,primary,no,0,no,no,cellular,2,feb,173,1,-1,0,unknown,no,2024-04-16 19:00:00
34,management,married,tertiary,no,1674,yes,no,cellular,10,mar,113,1,210,7,failure,no,2024-04-16 20:00:00
50,management,married,secondary,no,2910,no,no,telephone,29,jul,790,1,-1,0,unknown,no,2024-04-16 21:00:00
27,management,single,tertiary,no,2489,no,no,cellular,15,jul,323,2,163,2,other,yes,2024-04-16 22:00:00
56,retired,married,secondary,no,1454,no,no,telephone,30,jan,479,1,-1,0,unknown,no,2024-04-16 23:00:00
39,blue-collar,married,primary,no,1742,no,no,unknown,9,jul,130,6,-1,0,unknown,no,2024-04-17 00:00:00
26,admin.,single,tertiary,no,617,no,no,cellular,15,jun,157,1,-1,0,unknown,no,2024-04-17 01:00:00
37,blue-collar,married,primary,no,3977,yes,no,cellular,17,apr,264,1,-1,0,unknown,no,2024-04-17 02:00:00
35,blue-collar,divorced,tertiary,no,3547,yes,no,cellular,19,nov,289,1,-1,0,unknown,no,2024-04-17 03:00:00
51,admin.,divorced,secondary,no,390,no,no,telephone,18,nov,368,1,-1,0,unknown,no,2024-04-17 04:00:00
29,technician,single,tertiary,no,2325,no,no,cellular,2,feb,125,1,-1,0,unknown,yes,2024-04-17 05:00:00
51,technician,married,tertiary,no,1911,yes,yes,unknown,17,jun,394,3,-1,0,unknown,no,2024-04-17 06:00:00
45,admin.,married,secondary,no,-31,yes,no,unknown,14,may,295,2,-1,0,unknown,no,2024-04-17 07:00:00
33,management,single,tertiary,no,131,yes,no,cellular,12,oct,209,3,427,2,failure,yes,2024-04-17 08:00:00
46,housemaid,married,primary,no,312,yes,yes,cellular,25,jul,137,7,-1,0,unknown,no,2024-04-17 09:00:00
31,technician,married,secondary,no,297,no,no,cellular,19,aug,551,4,-1,0,unknown,no,2024-04-17 10:00:00
36,admin.,married,secondary,no,1054,yes,no,cellular,25,may,214,1,-1,0,unknown,no,2024-04-17 11:00:00
32,management,single,tertiary,no,1804,yes,no,unknown,20,jun,73,3,-1,0,unknown,no,2024-04-17 12:00:00
32,management,single,secondary,no,0,yes,yes,unknown,16,may,385,7,-1,0,unknown,no,2024-04-17 13:00:00
29,management,single,tertiary,no,0,yes,no,unknown,28,may,112,7,-1,0,unknown,no,2024-04-17 14:00:00
59,retired,married,tertiary,no,41242,no,no,cellular,21,nov,161,1,-1,0,unknown,no,2024-04-17 15:00:00
31,blue-collar,married,secondary,no,799,yes,no,cellular,21,jul,181,1,-1,0,unknown,no,2024-04-17 16:00:00
50,management,married,tertiary,no,1622,yes,yes,cellular,14,jul,58,11,-1,0,unknown,no,2024-04-17 17:00:00
44,blue-collar,married,secondary,no,500,yes,no,cellular,14,may,86,2,304,2,failure,no,2024-04-17 18:00:00
33,technician,divorced,tertiary,no,-386,yes,no,unknown,23,may,530,1,-1,0,unknown,no,2024-04-17 19:00:00
43,self-employed,single,secondary,no,798,yes,no,unknown,12,may,217,1,-1,0,unknown,no,2024-04-17 20:00:00
73,retired,single,secondary,no,1050,no,no,cellular,4,sep,73,2,-1,0,unknown,no,2024-04-17 21:00:00
22,student,single,secondary,no,123,no,no,telephone,12,may,267,2,89,7,success,no,2024-04-17 22:00:00
31,blue-collar,single,secondary,no,-2,no,yes,cellular,7,jul,221,2,-1,0,unknown,no,2024-04-17 23:00:00
50,management,married,tertiary,no,557,yes,no,unknown,17,jun,200,4,-1,0,unknown,no,2024-04-18 00:00:00
30,student,single,unknown,no,1232,yes,no,unknown,6,jun,52,4,-1,0,unknown,no,2024-04-18 01:00:00
39,housemaid,divorced,secondary,no,7783,no,no,unknown,9,jun,108,2,-1,0,unknown,no,2024-04-18 02:00:00
60,retired,married,tertiary,no,486,no,no,cellular,28,aug,139,4,-1,0,unknown,no,2024-04-18 03:00:00
49,management,married,primary,no,1330,no,yes,unknown,18,jun,37,1,-1,0,unknown,no,2024-04-18 04:00:00
46,management,married,tertiary,no,1217,yes,no,cellular,5,may,83,9,168,2,other,no,2024-04-18 05:00:00
44,unemployed,married,primary,no,51,no,no,cellular,30,jul,289,4,-1,0,unknown,no,2024-04-18 06:00:00
60,retired,single,tertiary,no,305,yes,no,cellular,3,feb,137,5,211,3,other,no,2024-04-18 07:00:00
41,management,single,secondary,no,5548,yes,no,cellular,12,may,128,2,-1,0,unknown,no,2024-04-18 08:00:00
33,technician,single,secondary,no,239,yes,no,unknown,21,may,127,1,-1,0,unknown,no,2024-04-18 09:00:00
47,management,single,tertiary,no,714,yes,no,cellular,7,may,609,1,-1,0,unknown,no,2024-04-18 10:00:00
32,services,married,secondary,no,206,yes,yes,unknown,12,may,370,1,-1,0,unknown,no,2024-04-18 11:00:00
31,admin.,single,secondary,no,622,no,no,cellular,18,jul,420,1,-1,0,unknown,yes,2024-04-18 12:00:00
44,technician,married,tertiary,no,0,no,no,cellular,14,aug,41,2,-1,0,unknown,no,2024-04-18 13:00:00
45,admin.,married,secondary,no,476,no,no,cellular,6,aug,356,1,364,1,other,yes,2024-04-18 14:00:00
36,unemployed,single,tertiary,no,577,yes,no,unknown,30,may,155,1,-1,0,unknown,no,2024-04-18 15:00:00
31,management,single,tertiary,no,338,yes,yes,telephone,14,jul,216,2,-1,0,unknown,no,2024-04-18 16:00:00
32,technician,divorced,tertiary,no,75,no,no,cellular,5,may,104,3,256,9,failure,no,2024-04-18 17:00:00
46,management,married,tertiary,no,964,yes,no,cellular,8,apr,174,1,-1,0,unknown,no,2024-04-18 18:00:00
48,blue-collar,married,secondary,no,0,no,no,cellular,6,aug,311,5,-1,0,unknown,no,2024-04-18 19:00:00
34,technician,married,secondary,no,5266,no,no,cellular,8,aug,140,4,-1,0,unknown,no,2024-04-18 20:00:00
43,technician,married,secondary,no,5342,yes,no,unknown,29,may,689,2,-1,0,unknown,no,2024-04-18 21:00:00
43,technician,married,secondary,no,246,no,no,cellular,25,aug,113,6,-1,0,unknown,no,2024-04-18 22:00:00
31,management,single,secondary,no,360,yes,no,cellular,18,may,309,1,-1,0,unknown,yes,2024-04-18 23:00:00
48,management,married,tertiary,no,612,no,no,cellular,26,jul,86,7,292,1,other,no,2024-04-19 00:00:00
57,blue-collar,divorced,secondary,no,75,yes,no,cellular,8,may,159,1,361,2,failure,no,2024-04-19 01:00:00
58,blue-collar,married,primary,no,-91,yes,no,unknown,9,may,164,5,-1,0,unknown,no,2024-04-19 02:00:00
52,entrepreneur,married,tertiary,no,-184,yes,yes,unknown,6,may,392,2,-1,0,unknown,no,2024-04-19 03:00:00
37,technician,single,tertiary,no,876,yes,no,unknown,23,may,213,4,-1,0,unknown,no,2024-04-19 04:00:00
36,management,divorced,tertiary,no,3837,yes,no,cellular,17,nov,184,1,193,1,success,no,2024-04-19 05:00:00
49,admin.,single,secondary,no,275,no,no,unknown,8,may,14,1,-1,0,unknown,no,2024-04-19 06:00:00
64,retired,married,primary,no,2140,no,no,cellular,12,oct,181,2,-1,0,unknown,no,2024-04-19 07:00:00
42,management,single,tertiary,no,3445,no,no,cellular,19,nov,1662,3,-1,0,unknown,no,2024-04-19 08:00:00
35,self-employed,single,tertiary,no,329,yes,no,cellular,20,apr,19,7,-1,0,unknown,no,2024-04-19 09:00:00
33,entrepreneur,married,primary,no,237,yes,no,unknown,23,may,89,1,-1,0,unknown,no,2024-04-19 10:00:00
59,self-employed,married,secondary,no,0,no,no,cellular,18,aug,203,4,-1,0,unknown,no,2024-04-19 11:00:00
35,services,married,secondary,no,52,yes,no,cellular,4,jun,328,2,94,4,success,yes,2024-04-19 12:00:00
60,retired,married,secondary,no,1145,no,no,cellular,6,aug,167,2,-1,0,unknown,no,2024-04-19 13:00:00
33,blue-collar,single,primary,no,-104,yes,no,cellular,15,may,34,10,331,16,other,no,2024-04-19 14:00:00
55,services,divorced,secondary,no,1817,no,no,cellular,30,jul,404,4,-1,0,unknown,no,2024-04-19 15:00:00
55,blue-collar,married,primary,no,3873,no,no,telephone,21,apr,222,1,-1,0,unknown,no,2024-04-19 16:00:00
50,unknown,married,unknown,no,1533,no,no,cellular,4,aug,157,1,-1,0,unknown,no,2024-04-19 17:00:00
30,blue-collar,married,primary,no,2607,yes,no,unknown,28,may,158,10,-1,0,unknown,no,2024-04-19 18:00:00
38,services,single,secondary,no,164,no,yes,cellular,15,jul,188,3,-1,0,unknown,no,2024-04-19 19:00:00
35,admin.,married,secondary,no,147,yes,yes,cellular,29,jan,41,1,184,7,failure,no,2024-04-19 20:00:00
52,self-employed,married,secondary,no,517,no,no,cellular,26,aug,77,4,-1,0,unknown,no,2024-04-19 21:00:00
42,admin.,married,secondary,no,16517,no,no,cellular,15,mar,549,5,203,4,failure,no,2024-04-19 22:00:00
46,admin.,married,secondary,no,2583,yes,no,cellular,10,jul,111,1,-1,0,unknown,no,2024-04-19 23:00:00
32,blue-collar,married,secondary,no,3166,yes,no,cellular,20,nov,418,3,-1,0,unknown,no,2024-04-20 00:00:00
29,student,single,tertiary,no,0,no,no,unknown,26,may,52,3,-1,0,unknown,no,2024-04-20 01:00:00
47,unemployed,married,secondary,no,351,yes,yes,cellular,19,nov,174,1,174,1,failure,no,2024-04-20 02:00:00
31,management,single,tertiary,no,394,no,yes,unknown,2,jul,660,3,-1,0,unknown,no,2024-04-20 03:00:00
35,technician,divorced,secondary,no,44,yes,yes,cellular,7,may,366,1,167,2,failure,no,2024-04-20 04:00:00
22,services,single,secondary,no,361,no,no,telephone,7,jun,140,4,367,2,failure,no,2024-04-20 05:00:00
39,self-employed,married,secondary,no,1304,yes,yes,cellular,7,may,183,3,-1,0,unknown,no,2024-04-20 06:00:00
31,blue-collar,married,secondary,no,2289,yes,yes,cellular,20,apr,79,1,151,1,failure,no,2024-04-20 07:00:00
48,technician,married,secondary,no,10655,no,no,telephone,31,jul,5,3,-1,0,unknown,no,2024-04-20 08:00:00
38,admin.,divorced,secondary,no,3834,yes,no,cellular,13,apr,363,2,327,1,failure,no,2024-04-20 09:00:00
35,management,married,tertiary,no,1631,yes,no,unknown,21,may,83,2,-1,0,unknown,no,2024-04-20 10:00:00
40,management,married,primary,no,395,yes,no,cellular,22,apr,232,4,-1,0,unknown,yes,2024-04-20 11:00:00
53,admin.,single,secondary,no,291,no,no,unknown,23,jul,145,1,-1,0,unknown,no,2024-04-20 12:00:00
32,admin.,single,tertiary,no,902,yes,no,cellular,18,may,50,7,-1,0,unknown,no,2024-04-20 13:00:00
50,blue-collar,married,primary,no,216,yes,no,cellular,17,jul,195,3,-1,0,unknown,no,2024-04-20 14:00:00
50,blue-collar,married,primary,no,5131,yes,no,unknown,15,may,114,2,-1,0,unknown,no,2024-04-20 15:00:00
67,retired,married,primary,no,2301,no,no,cellular,16,apr,124,1,-1,0,unknown,no,2024-04-20 16:00:00
50,self-employed,married,tertiary,no,50,yes,no,cellular,11,may,142,5,-1,0,unknown,no,2024-04-20 17:00:00
48,management,single,tertiary,no,830,no,no,cellular,25,aug,961,4,-1,0,unknown,yes,2024-04-20 18:00:00
37,blue-collar,married,secondary,no,520,yes,no,cellular,2,feb,54,1,255,2,failure,no,2024-04-20 19:00:00
41,services,married,secondary,no,446,yes,no,cellular,18,nov,296,1,186,1,success,no,2024-04-20 20:00:00
27,admin.,single,unknown,no,230,yes,no,unknown,9,may,371,1,-1,0,unknown,no,2024-04-20 21:00:00
34,technician,divorced,secondary,no,7,yes,yes,cellular,29,aug,273,2,-1,0,unknown,no,2024-04-20 22:00:00
61,blue-collar,married,secondary,no,272,no,no,cellular,29,oct,318,1,269,1,failure,no,2024-04-20 23:00:00
41,management,divorced,tertiary,no,3426,no,no,cellular,4,jun,102,2,297,3,failure,yes,2024-04-21 00:00:00
24,services,single,unknown,no,2022,no,no,cellular,23,apr,159,4,-1,0,unknown,yes,2024-04-21 01:00:00
57,retired,married,tertiary,no,1458,no,no,telephone,4,may,89,5,-1,0,unknown,no,2024-04-21 02:00:00
31,technician,single,secondary,no,0,yes,no,cellular,6,may,239,3,-1,0,unknown,no,2024-04-21 03:00:00
40,blue-collar,divorced,primary,no,71,yes,no,cellular,8,may,225,1,-1,0,unknown,no,2024-04-21 04:00:00
54,retired,married,secondary,no,763,no,no,cellular,4,aug,389,2,-1,0,unknown,no,2024-04-21 05:00:00
88,retired,married,primary,no,648,no,no,telephone,3,sep,318,1,-1,0,unknown,no,2024-04-21 06:00:00
32,admin.,married,tertiary,no,233,yes,no,cellular,2,apr,77,2,133,4,failure,no,2024-04-21 07:00:00
47,self-employed,married,secondary,no,318,no,no,cellular,21,nov,83,1,-1,0,unknown,no,2024-04-21 08:00:00
24,technician,single,secondary,no,-540,yes,no,cellular,7,may,190,2,-1,0,unknown,no,2024-04-21 09:00:00
36,management,married,tertiary,no,-196,yes,yes,cellular,17,apr,43,1,-1,0,unknown,no,2024-04-21 10:00:00
25,technician,single,tertiary,no,1954,yes,yes,cellular,13,may,66,1,351,1,failure,no,2024-04-21 11:00:00
51,unemployed,married,primary,no,0,no,no,unknown,5,jun,23,2,-1,0,unknown,no,2024-04-21 12:00:00
41,technician,married,tertiary,no,-762,yes,yes,unknown,23,may,145,1,-1,0,unknown,no,2024-04-21 13:00:00
31,blue-collar,single,primary,no,485,no,yes,cellular,8,jul,447,2,-1,0,unknown,no,2024-04-21 14:00:00
34,services,married,secondary,no,40,yes,no,cellular,17,jul,302,2,-1,0,unknown,no,2024-04-21 15:00:00
35,management,married,tertiary,no,341,yes,no,unknown,23,may,824,2,-1,0,unknown,no,2024-04-21 16:00:00
32,admin.,divorced,secondary,no,43,yes,no,unknown,9,may,218,2,-1,0,unknown,no,2024-04-21 17:00:00
44,blue-collar,married,primary,no,858,yes,no,unknown,21,may,362,5,-1,0,unknown,no,2024-04-21 18:00:00
32,unemployed,single,secondary,no,1026,yes,no,cellular,13,may,289,1,-1,0,unknown,yes,2024-04-21 19:00:00
43,management,married,tertiary,no,9,yes,no,telephone,8,may,142,3,358,3,failure,no,2024-04-21 20:00:00
55,services,married,secondary,no,3546,yes,yes,cellular,31,jul,268,2,-1,0,unknown,no,2024-04-21 21:00:00
42,technician,married,secondary,no,649,yes,no,telephone,31,jul,29,4,-1,0,unknown,no,2024-04-21 22:00:00
69,retired,married,primary,no,154,no,no,cellular,13,jul,144,4,-1,0,unknown,no,2024-04-21 23:00:00
28,admin.,married,secondary,no,22,yes,yes,cellular,14,may,523,2,-1,0,unknown,no,2024-04-22 00:00:00
36,management,single,tertiary,no,3875,yes,no,cellular,11,may,212,1,-1,0,unknown,no,2024-04-22 01:00:00
39,management,divorced,tertiary,no,6,yes,no,cellular,28,jan,139,2,-1,0,unknown,no,2024-04-22 02:00:00
46,entrepreneur,divorced,secondary,no,1187,no,yes,cellular,13,oct,92,1,327,1,failure,no,2024-04-22 03:00:00
35,technician,married,tertiary,no,1006,no,no,cellular,22,aug,69,4,-1,0,unknown,no,2024-04-22 04:00:00
27,services,married,primary,no,921,no,no,cellular,2,feb,141,1,-1,0,unknown,no,2024-04-22 05:00:00
40,services,married,secondary,no,1116,yes,no,cellular,12,may,350,5,286,2,failure,no,2024-04-22 06:00:00
57,retired,married,secondary,no,81,no,no,cellular,19,aug,118,3,-1,0,unknown,no,2024-04-22 07:00:00
29,services,single,primary,no,339,no,no,unknown,4,jul,1576,3,-1,0,unknown,yes,2024-04-22 08:00:00
28,services,single,secondary,no,168,no,no,cellular,12,jan,387,1,194,1,other,yes,2024-04-22 09:00:00
38,technician,single,secondary,no,227,no,no,cellular,13,aug,95,4,-1,0,unknown,no,2024-04-22 10:00:00
36,admin.,married,secondary,no,786,yes,yes,cellular,10,jul,148,1,-1,0,unknown,no,2024-04-22 11:00:00
46,technician,married,secondary,no,1322,yes,yes,cellular,19,nov,514,1,-1,0,unknown,no,2024-04-22 12:00:00
54,blue-collar,married,secondary,no,-135,yes,no,cellular,14,may,152,3,370,2,failure,no,2024-04-22 13:00:00
41,technician,married,secondary,no,1539,no,no,cellular,20,nov,100,2,-1,0,unknown,no,2024-04-22 14:00:00
40,management,married,secondary,no,0,yes,no,cellular,17,jul,728,3,-1,0,unknown,no,2024-04-22 15:00:00
35,management,single,tertiary,no,945,yes,no,cellular,24,jul,188,1,-1,0,unknown,no,2024-04-22 16:00:00
50,management,married,tertiary,no,619,yes,no,telephone,25,jul,219,2,-1,0,unknown,no,2024-04-22 17:00:00
46,management,married,secondary,no,3570,no,no,cellular,13,aug,69,2,-1,0,unknown,no,2024-04-22 18:00:00
50,management,married,tertiary,no,4,no,no,cellular,17,nov,223,1,96,2,failure,no,2024-04-22 19:00:00
54,technician,married,tertiary,no,4582,yes,no,unknown,15,may,165,1,-1,0,unknown,no,2024-04-22 20:00:00
86,retired,married,primary,no,0,no,no,cellular,15,apr,141,12,-1,0,unknown,no,2024-04-22 21:00:00
39,self-employed,married,secondary,no,254,no,no,cellular,21,nov,292,3,-1,0,unknown,no,2024-04-22 22:00:00
35,blue-collar,single,primary,no,3798,no,no,unknown,6,jun,19,1,-1,0,unknown,no,2024-04-22 23:00:00
37,admin.,married,secondary,no,10,no,yes,cellular,7,jul,162,2,-1,0,unknown,no,2024-04-23 00:00:00
32,technician,married,secondary,no,2693,yes,no,unknown,21,may,16,1,-1,0,unknown,no,2024-04-23 01:00:00
31,blue-collar,single,secondary,no,160,yes,no,unknown,9,may,25,1,-1,0,unknown,no,2024-04-23 02:00:00
30,management,married,tertiary,no,900,no,no,cellular,18,nov,123,1,124,2,failure,no,2024-04-23 03:00:00
31,self-employed,single,tertiary,no,1536,yes,no,cellular,13,may,388,1,-1,0,unknown,no,2024-04-23 04:00:00
44,blue-collar,married,primary,no,887,yes,no,cellular,12,may,165,2,363,1,failure,no,2024-04-23 05:00:00
35,management,married,tertiary,no,317,yes,no,unknown,23,may,162,3,-1,0,unknown,no,2024-04-23 06:00:00
37,self-employed,married,tertiary,no,552,no,no,cellular,28,aug,379,1,-1,0,unknown,no,2024-04-23 07:00:00
33,admin.,single,secondary,no,2717,yes,no,cellular,18,may,185,1,-1,0,unknown,no,2024-04-23 08:00:00
58,management,married,tertiary,no,2143,yes,no,unknown,5,may,261,1,-1,0,unknown,no,2024-04-23 09:00:00
59,technician,divorced,tertiary,no,0,no,no,cellular,8,aug,124,4,-1,0,unknown,no,2024-04-23 10:00:00
36,management,married,secondary,no,1736,yes,no,unknown,20,jun,63,1,-1,0,unknown,no,2024-04-23 11:00:00
46,blue-collar,married,primary,no,2473,no,no,cellular,4,aug,136,3,-1,0,unknown,no,2024-04-23 12:00:00
41,management,married,primary,no,-417,yes,no,unknown,8,may,51,3,-1,0,unknown,no,2024-04-23 13:00:00
53,management,married,tertiary,no,652,no,no,unknown,5,jun,91,1,-1,0,unknown,no,2024-04-23 14:00:00
45,blue-collar,married,secondary,no,221,no,yes,cellular,25,aug,153,4,-1,0,unknown,no,2024-04-23 15:00:00
41,technician,married,tertiary,no,67,yes,no,cellular,19,nov,814,1,-1,0,unknown,yes,2024-04-23 16:00:00
36,services,married,secondary,no,-74,yes,no,cellular,15,may,113,6,-1,0,unknown,no,2024-04-23 17:00:00
51,blue-collar,married,primary,no,1080,no,yes,cellular,25,jul,110,1,-1,0,unknown,no,2024-04-23 18:00:00
57,unknown,divorced,unknown,no,4244,no,no,unknown,18,jun,626,5,-1,0,unknown,no,2024-04-23 19:00:00
49,unemployed,married,tertiary,no,2806,no,no,cellular,23,jul,366,2,-1,0,unknown,no,2024-04-23 20:00:00
45,entrepreneur,divorced,secondary,no,44,no,yes,cellular,30,jan,250,2,2,1,other,no,2024-04-23 21:00:00
28,student,single,tertiary,no,3717,no,no,telephone,30,oct,177,2,-1,0,unknown,no,2024-04-23 22:00:00
38,management,married,tertiary,no,661,yes,no,cellular,2,feb,366,1,-1,0,unknown,no,2024-04-23 23:00:00
38,blue-collar,single,secondary,no,1230,yes,no,unknown,6,jun,266,2,-1,0,unknown,no,2024-04-24 00:00:00
32,technician,married,tertiary,no,60,no,no,cellular,19,aug,153,7,-1,0,unknown,no,2024-04-24 01:00:00
33,management,single,secondary,no,1558,yes,no,cellular,17,apr,97,1,-1,0,unknown,no,2024-04-24 02:00:00
45,management,married,tertiary,no,1033,yes,no,cellular,7,may,177,1,357,1,failure,no,2024-04-24 03:00:00
50,management,married,secondary,no,13931,yes,no,cellular,18,nov,132,1,-1,0,unknown,no,2024-04-24 04:00:00
43,technician,single,secondary,no,140,yes,no,cellular,13,aug,221,2,-1,0,unknown,no,2024-04-24 05:00:00
48,management,married,tertiary,no,2498,no,no,cellular,14,aug,98,2,-1,0,unknown,no,2024-04-24 06:00:00
43,technician,single,secondary,no,257,yes,no,cellular,2,feb,64,2,-1,0,unknown,no,2024-04-24 07:00:00
38,blue-collar,divorced,secondary,no,1817,yes,no,cellular,28,jul,1096,4,-1,0,unknown,yes,2024-04-24 08:00:00
47,technician,married,unknown,no,-598,yes,no,unknown,28,may,239,4,-1,0,unknown,no,2024-04-24 09:00:00
51,services,married,primary,no,294,no,no,unknown,16,jun,112,2,-1,0,unknown,no,2024-04-24 10:00:00
35,blue-collar,single,secondary,no,270,yes,no,cellular,17,apr,216,1,-1,0,unknown,no,2024-04-24 11:00:00
31,management,single,tertiary,no,2124,yes,no,unknown,27,may,316,2,-1,0,unknown,no,2024-04-24 12:00:00
52,blue-collar,divorced,primary,no,0,no,no,cellular,20,nov,19,1,-1,0,unknown,no,2024-04-24 13:00:00
55,management,married,tertiary,no,856,yes,yes,unknown,29,may,101,4,-1,0,unknown,no,2024-04-24 14:00:00
27,admin.,married,secondary,no,-247,yes,yes,unknown,4,jun,344,2,-1,0,unknown,no,2024-04-24 15:00:00
21,student,single,tertiary,no,1258,no,no,cellular,7,jul,404,1,-1,0,unknown,no,2024-04-24 16:00:00
28,blue-collar,single,secondary,yes,87,yes,no,cellular,7,may,27,1,345,1,failure,no,2024-04-24 17:00:00
28,services,single,primary,no,302,no,no,unknown,3,jun,248,9,-1,0,unknown,no,2024-04-24 18:00:00
38,management,married,tertiary,no,120,no,no,cellular,13,aug,449,4,-1,0,unknown,no,2024-04-24 19:00:00
59,unemployed,divorced,secondary,no,7469,no,no,cellular,22,feb,287,1,130,1,failure,no,2024-04-24 20:00:00
40,blue-collar,single,secondary,no,879,yes,yes,unknown,8,may,248,3,-1,0,unknown,no,2024-04-24 21:00:00
33,technician,single,tertiary,no,1393,yes,no,cellular,18,jul,1127,3,-1,0,unknown,yes,2024-04-24 22:00:00
27,management,single,secondary,no,145,yes,no,cellular,5,may,121,4,89,3,failure,no,2024-04-24 23:00:00
52,technician,married,tertiary,no,1785,no,no,cellular,13,aug,349,1,-1,0,unknown,no,2024-04-25 00:00:00
34,blue-collar,married,unknown,no,0,yes,no,cellular,7,may,183,1,-1,0,unknown,no,2024-04-25 01:00:00
61,retired,married,unknown,no,-492,no,yes,unknown,4,jul,333,1,-1,0,unknown,no,2024-04-25 02:00:00
30,technician,single,tertiary,no,1271,yes,no,cellular,26,aug,303,5,-1,0,unknown,no,2024-04-25 03:00:00
55,technician,married,secondary,no,6958,yes,yes,cellular,21,nov,325,5,192,2,failure,no,2024-04-25 04:00:00
40,management,married,tertiary,no,229,yes,no,cellular,14,may,183,3,-1,0,unknown,no,2024-04-25 05:00:00
40,technician,divorced,tertiary,no,1871,yes,no,cellular,17,nov,64,1,-1,0,unknown,no,2024-04-25 06:00:00
44,admin.,married,secondary,no,251,no,yes,telephone,28,jul,122,3,-1,0,unknown,no,2024-04-25 07:00:00
33,services,married,secondary,yes,2,no,no,cellular,6,may,136,5,-1,0,unknown,no,2024-04-25 08:00:00
38,admin.,married,secondary,no,47,yes,no,cellular,10,aug,120,1,98,5,success,no,2024-04-25 09:00:00
43,entrepreneur,married,primary,no,0,yes,no,unknown,30,may,222,9,-1,0,unknown,no,2024-04-25 10:00:00
46,blue-collar,married,primary,no,530,yes,no,unknown,6,may,739,3,-1,0,unknown,no,2024-04-25 11:00:00
31,technician,single,tertiary,no,696,no,yes,cellular,11,jul,184,2,-1,0,unknown,no,2024-04-25 12:00:00
36,management,single,tertiary,no,7252,no,no,cellular,12,aug,153,1,-1,0,unknown,no,2024-04-25 13:00:00
50,unemployed,married,secondary,no,12495,yes,no,cellular,4,feb,279,2,-1,0,unknown,no,2024-04-25 14:00:00
58,blue-collar,divorced,unknown,no,55,yes,no,cellular,31,jul,119,8,-1,0,unknown,no,2024-04-25 15:00:00
50,management,married,secondary,no,633,no,yes,telephone,17,nov,302,1,111,6,failure,no,2024-04-25 16:00:00
73,retired,married,secondary,no,1292,no,no,cellular,3,apr,420,1,-1,0,unknown,no,2024-04-25 17:00:00
48,blue-collar,single,secondary,no,580,yes,no,unknown,12,jun,185,2,-1,0,unknown,no,2024-04-25 18:00:00
32,technician,married,tertiary,no,415,no,no,unknown,23,may,76,2,-1,0,unknown,no,2024-04-25 19:00:00
35,services,single,primary,no,739,yes,no,cellular,4,feb,605,1,-1,0,unknown,no,2024-04-25 20:00:00
45,blue-collar,married,primary,no,85,yes,no,unknown,8,may,162,1,-1,0,unknown,no,2024-04-25 21:00:00
37,admin.,married,secondary,no,2061,yes,yes,cellular,22,jun,459,1,109,3,failure,yes,2024-04-25 22:00:00
58,entrepreneur,married,secondary,no,2,no,no,unknown,16,jun,684,1,-1,0,unknown,no,2024-04-25 23:00:00
34,services,married,secondary,no,286,yes,no,unknown,21,may,703,1,-1,0,unknown,no,2024-04-26 00:00:00
30,blue-collar,married,primary,yes,0,yes,yes,unknown,28,may,92,5,-1,0,unknown,no,2024-04-26 01:00:00
30,management,single,tertiary,no,344,no,no,cellular,8,aug,179,3,-1,0,unknown,no,2024-04-26 02:00:00
28,technician,single,tertiary,no,387,yes,no,cellular,20,apr,205,1,82,1,failure,yes,2024-04-26 03:00:00
55,housemaid,married,primary,no,43,no,yes,unknown,26,jun,464,3,-1,0,unknown,no,2024-04-26 04:00:00
45,management,married,secondary,no,424,yes,yes,cellular,12,aug,216,5,-1,0,unknown,no,2024-04-26 05:00:00
41,management,single,secondary,no,3234,yes,no,cellular,30,jan,2770,1,-1,0,unknown,yes,2024-04-26 06:00:00
43,services,married,secondary,no,278,yes,no,unknown,26,may,14,20,-1,0,unknown,no,2024-04-26 07:00:00
27,blue-collar,married,secondary,no,6196,yes,no,unknown,4,jun,355,1,-1,0,unknown,no,2024-04-26 08:00:00
30,admin.,single,secondary,no,915,yes,no,unknown,27,apr,370,1,-1,0,unknown,yes,2024-04-26 09:00:00
45,blue-collar,married,primary,no,487,yes,no,cellular,29,jan,117,1,163,4,failure,no,2024-04-26 10:00:00
35,blue-collar,married,secondary,no,0,yes,yes,unknown,29,may,543,1,-1,0,unknown,yes,2024-04-26 11:00:00
56,management,married,tertiary,no,412,no,no,telephone,20,nov,179,6,-1,0,unknown,no,2024-04-26 12:00:00
37,management,married,primary,no,3953,yes,no,cellular,6,apr,610,2,138,1,failure,no,2024-04-26 13:00:00
42,housemaid,single,secondary,no,578,no,no,telephone,28,jan,44,1,-1,0,unknown,no,2024-04-26 14:00:00
34,management,married,tertiary,no,16649,yes,no,cellular,20,nov,155,2,-1,0,unknown,no,2024-04-26 15:00:00
54,retired,divorced,secondary,no,-57,no,yes,cellular,15,jul,364,10,-1,0,unknown,no,2024-04-26 16:00:00
39,technician,married,tertiary,no,1161,yes,no,cellular,9,apr,236,1,336,1,failure,no,2024-04-26 17:00:00
55,services,married,secondary,no,186,yes,yes,unknown,9,may,241,1,-1,0,unknown,no,2024-04-26 18:00:00
26,blue-collar,single,secondary,no,592,yes,yes,unknown,27,may,174,1,-1,0,unknown,no,2024-04-26 19:00:00
48,entrepreneur,divorced,tertiary,no,0,yes,yes,unknown,20,jun,139,1,-1,0,unknown,no,2024-04-26 20:00:00
56,technician,married,secondary,no,4073,no,no,cellular,27,aug,239,5,-1,0,unknown,no,2024-04-26 21:00:00
58,technician,married,unknown,no,71,yes,no,unknown,5,may,71,1,-1,0,unknown,no,2024-04-26 22:00:00
32,technician,married,secondary,no,167,yes,yes,cellular,8,aug,79,3,-1,0,unknown,no,2024-04-26 23:00:00
33,management,single,tertiary,no,2485,yes,no,cellular,2,nov,91,2,-1,0,unknown,no,2024-04-27 00:00:00
60,retired,married,secondary,no,2516,yes,yes,cellular,4,feb,279,3,266,1,failure,no,2024-04-27 01:00:00
31,management,married,tertiary,no,4924,yes,no,cellular,19,nov,316,1,182,2,failure,no,2024-04-27 02:00:00
43,technician,married,secondary,no,1650,no,no,cellular,4,feb,154,1,-1,0,unknown,no,2024-04-27 03:00:00
26,housemaid,married,secondary,no,13,yes,no,cellular,7,may,132,2,293,1,other,no,2024-04-27 04:00:00
32,blue-collar,married,secondary,no,491,yes,no,unknown,8,may,223,2,-1,0,unknown,no,2024-04-27 05:00:00
40,unemployed,single,tertiary,no,79,no,no,cellular,15,oct,570,1,135,1,failure,yes,2024-04-27 06:00:00
55,housemaid,married,primary,no,2603,no,no,unknown,9,jun,559,1,-1,0,unknown,no,2024-04-27 07:00:00
30,technician,married,secondary,no,817,yes,no,cellular,21,nov,208,3,91,4,failure,no,2024-04-27 08:00:00
45,blue-collar,married,primary,no,5461,yes,no,cellular,20,nov,841,2,-1,0,unknown,yes,2024-04-27 09:00:00
50,services,married,secondary,no,481,yes,no,cellular,13,may,168,1,-1,0,unknown,no,2024-04-27 10:00:00
40,admin.,single,secondary,no,462,yes,yes,cellular,6,apr,272,1,335,4,other,no,2024-04-27 11:00:00
34,self-employed,married,primary,no,712,yes,no,unknown,2,jun,326,3,-1,0,unknown,no,2024-04-27 12:00:00
42,services,married,secondary,no,0,yes,no,cellular,13,may,116,4,-1,0,unknown,no,2024-04-27 13:00:00
60,services,married,unknown,no,132,yes,no,unknown,15,may,29,1,-1,0,unknown,no,2024-04-27 14:00:00
54,services,divorced,secondary,no,1012,yes,no,cellular,12,may,33,3,175,2,other,no,2024-04-27 15:00:00
41,management,married,tertiary,no,666,yes,no,cellular,20,nov,106,3,183,3,failure,no,2024-04-27 16:00:00
44,management,married,tertiary,no,17361,no,no,unknown,18,jun,476,1,-1,0,unknown,no,2024-04-27 17:00:00
35,blue-collar,married,primary,no,378,yes,no,unknown,16,may,427,3,-1,0,unknown,no,2024-04-27 18:00:00
34,technician,single,secondary,no,5039,no,no,cellular,20,nov,205,6,-1,0,unknown,no,2024-04-27 19:00:00
46,technician,divorced,secondary,no,648,no,no,cellular,5,aug,281,1,-1,0,unknown,no,2024-04-27 20:00:00
49,technician,married,tertiary,no,3726,no,no,cellular,5,aug,875,2,-1,0,unknown,yes,2024-04-27 21:00:00
49,unknown,single,tertiary,no,2226,no,no,unknown,17,jun,138,3,-1,0,unknown,no,2024-04-27 22:00:00
38,management,married,unknown,no,76,no,no,cellular,16,mar,261,1,-1,0,unknown,yes,2024-04-27 23:00:00
44,housemaid,married,primary,no,93,no,no,cellular,12,aug,163,2,-1,0,unknown,no,2024-04-28 00:00:00
37,services,married,secondary,no,335,yes,no,cellular,12,may,107,2,368,2,failure,no,2024-04-28 01:00:00
27,technician,single,secondary,no,299,yes,no,cellular,5,feb,29,7,-1,0,unknown,no,2024-04-28 02:00:00
41,admin.,married,secondary,no,176,no,no,unknown,9,jun,196,1,-1,0,unknown,no,2024-04-28 03:00:00
37,blue-collar,single,secondary,no,1672,yes,no,cellular,11,jul,484,1,-1,0,unknown,no,2024-04-28 04:00:00
27,unemployed,single,secondary,no,3276,no,no,cellular,5,aug,106,1,110,2,other,no,2024-04-28 05:00:00
55,retired,married,secondary,no,119,no,yes,cellular,17,jul,521,1,-1,0,unknown,no,2024-04-28 06:00:00
27,services,single,secondary,no,3354,yes,no,cellular,14,may,493,5,-1,0,unknown,no,2024-04-28 07:00:00
48,blue-collar,married,secondary,no,917,yes,no,cellular,28,jul,103,5,-1,0,unknown,no,2024-04-28 08:00:00
30,technician,married,tertiary,no,1307,no,no,cellular,18,dec,248,6,-1,0,unknown,no,2024-04-28 09:00:00
56,management,divorced,tertiary,no,722,no,no,cellular,17,nov,218,2,-1,0,unknown,no,2024-04-28 10:00:00
32,management,married,primary,yes,-1161,yes,yes,cellular,30,jan,445,5,-1,0,unknown,no,2024-04-28 11:00:00
55,unemployed,married,secondary,no,4733,yes,no,cellular,19,nov,70,1,174,2,other,no,2024-04-28 12:00:00
42,blue-collar,divorced,secondary,no,685,yes,no,unknown,30,may,204,4,-1,0,unknown,no,2024-04-28 13:00:00
31,management,single,tertiary,no,1475,yes,yes,unknown,2,jun,76,1,-1,0,unknown,no,2024-04-28 14:00:00
31,self-employed,married,secondary,no,731,no,yes,cellular,8,jul,188,1,-1,0,unknown,no,2024-04-28 15:00:00
45,technician,single,tertiary,no,591,yes,no,unknown,26,may,164,1,-1,0,unknown,no,2024-04-28 16:00:00
33,technician,single,tertiary,no,1636,yes,no,cellular,4,may,592,1,66,1,success,yes,2024-04-28 17:00:00
49,management,married,tertiary,no,666,yes,no,cellular,12,may,337,1,309,6,failure,no,2024-04-28 18:00:00
57,management,married,secondary,no,1502,no,no,telephone,17,nov,340,2,109,11,failure,no,2024-04-28 19:00:00
41,unknown,single,primary,no,2398,yes,no,unknown,8,may,287,2,-1,0,unknown,no,2024-04-28 20:00:00
44,self-employed,single,tertiary,no,97,yes,no,unknown,6,jun,153,4,-1,0,unknown,no,2024-04-28 21:00:00
37,entrepreneur,married,tertiary,no,342,yes,no,unknown,6,jun,212,1,-1,0,unknown,no,2024-04-28 22:00:00
56,technician,single,secondary,no,751,yes,no,cellular,19,nov,85,5,-1,0,unknown,no,2024-04-28 23:00:00
29,housemaid,married,primary,no,417,no,no,cellular,23,jul,108,2,-1,0,unknown,no,2024-04-29 00:00:00
45,admin.,married,secondary,no,43,no,no,cellular,12,aug,114,4,-1,0,unknown,no,2024-04-29 01:00:00
59,retired,married,unknown,no,140,no,yes,unknown,3,jul,239,1,-1,0,unknown,no,2024-04-29 02:00:00
54,services,married,secondary,no,468,no,no,unknown,17,jun,207,3,-1,0,unknown,no,2024-04-29 03:00:00
36,blue-collar,married,unknown,no,70,yes,no,unknown,8,may,219,4,-1,0,unknown,no,2024-04-29 04:00:00
52,blue-collar,married,primary,no,796,no,no,cellular,22,aug,150,2,-1,0,unknown,no,2024-04-29 05:00:00
25,blue-collar,single,secondary,no,94,yes,yes,unknown,20,jun,22,16,-1,0,unknown,no,2024-04-29 06:00:00
52,blue-collar,married,secondary,no,2206,yes,no,unknown,15,may,875,5,-1,0,unknown,no,2024-04-29 07:00:00
31,management,married,tertiary,no,0,yes,no,cellular,18,nov,47,1,-1,0,unknown,no,2024-04-29 08:00:00
52,retired,married,secondary,no,5423,no,yes,cellular,25,jul,102,1,-1,0,unknown,no,2024-04-29 09:00:00
42,blue-collar,married,unknown,no,1260,yes,no,unknown,14,may,79,3,-1,0,unknown,no,2024-04-29 10:00:00
30,services,single,tertiary,no,542,yes,no,unknown,7,may,435,2,-1,0,unknown,no,2024-04-29 11:00:00
53,housemaid,married,primary,no,2581,no,no,cellular,21,oct,828,1,189,1,failure,yes,2024-04-29 12:00:00
49,admin.,married,secondary,no,1530,yes,no,unknown,15,may,173,1,-1,0,unknown,no,2024-04-29 13:00:00
59,technician,married,secondary,no,358,no,no,unknown,1,jul,183,2,-1,0,unknown,no,2024-04-29 14:00:00
45,blue-collar,married,secondary,no,96,yes,no,cellular,13,apr,348,3,256,2,failure,yes,2024-04-29 15:00:00
53,technician,married,tertiary,no,3177,no,no,cellular,8,aug,92,2,-1,0,unknown,no,2024-04-29 16:00:00
38,technician,single,secondary,no,455,yes,no,unknown,20,jun,36,5,-1,0,unknown,no,2024-04-29 17:00:00
32,management,divorced,tertiary,no,5550,yes,no,cellular,8,aug,89,4,-1,0,unknown,no,2024-04-29 18:00:00
25,blue-collar,married,secondary,no,758,yes,no,unknown,28,may,504,3,-1,0,unknown,no,2024-04-29 19:00:00
43,services,single,tertiary,no,553,no,no,cellular,11,may,323,1,-1,0,unknown,no,2024-04-29 20:00:00
58,technician,married,unknown,no,-509,no,yes,cellular,8,jul,239,1,-1,0,unknown,no,2024-04-29 21:00:00
57,technician,divorced,secondary,no,285,no,no,cellular,4,feb,348,2,-1,0,unknown,no,2024-04-29 22:00:00
42,technician,single,secondary,yes,0,no,yes,cellular,12,aug,51,4,-1,0,unknown,no,2024-04-29 23:00:00
33,student,single,unknown,no,2321,no,no,cellular,2,aug,308,1,109,4,failure,no,2024-04-30 00:00:00
25,technician,single,secondary,no,139,no,yes,cellular,11,jan,202,1,91,1,success,yes,2024-04-30 01:00:00
37,blue-collar,married,primary,no,253,yes,no,unknown,19,jun,145,2,-1,0,unknown,no,2024-04-30 02:00:00
59,blue-collar,married,primary,no,6212,yes,no,cellular,5,may,574,2,-1,0,unknown,no,2024-04-30 03:00:00
39,admin.,married,secondary,no,-234,no,yes,cellular,18,jul,75,1,-1,0,unknown,no,2024-04-30 04:00:00
28,entrepreneur,single,tertiary,no,16,no,no,cellular,5,feb,48,1,-1,0,unknown,no,2024-04-30 05:00:00
42,blue-collar,married,secondary,no,4900,yes,no,telephone,11,may,231,1,284,2,failure,no,2024-04-30 06:00:00
39,self-employed,single,tertiary,no,2298,yes,yes,cellular,20,apr,13,2,319,18,other,no,2024-04-30 07:00:00
27,services,married,secondary,no,271,yes,no,unknown,30,may,130,2,-1,0,unknown,no,2024-04-30 08:00:00
29,services,single,secondary,no,814,no,no,unknown,6,jan,54,1,-1,0,unknown,no,2024-04-30 09:00:00
32,technician,single,secondary,no,14,yes,yes,cellular,16,apr,429,1,-1,0,unknown,no,2024-04-30 10:00:00
54,technician,married,secondary,no,1076,no,no,cellular,28,jan,338,1,-1,0,unknown,no,2024-04-30 11:00:00
42,self-employed,married,secondary,no,68,no,no,cellular,14,aug,314,2,-1,0,unknown,no,2024-04-30 12:00:00
58,blue-collar,married,secondary,no,221,yes,no,cellular,17,apr,115,2,343,2,failure,no,2024-04-30 13:00:00
59,technician,divorced,secondary,no,2,no,no,cellular,26,aug,164,2,-1,0,unknown,no,2024-04-30 14:00:00
45,services,married,secondary,no,1306,no,no,unknown,11,jun,125,3,-1,0,unknown,no,2024-04-30 15:00:00
33,management,married,tertiary,no,377,yes,no,cellular,5,feb,213,2,276,1,failure,no,2024-04-30 16:00:00
34,admin.,single,secondary,no,0,yes,no,unknown,27,may,197,2,-1,0,unknown,no,2024-04-30 17:00:00
63,retired,married,secondary,no,2030,no,no,cellular,6,apr,61,6,-1,0,unknown,no,2024-04-30 18:00:00
40,services,single,secondary,no,856,yes,no,telephone,17,nov,70,1,-1,0,unknown,no,2024-04-30 19:00:00
33,blue-collar,single,secondary,no,33,yes,no,unknown,9,may,557,1,-1,0,unknown,no,2024-04-30 20:00:00
52,management,married,tertiary,no,3732,no,no,telephone,18,aug,212,2,-1,0,unknown,no,2024-04-30 21:00:00
57,management,married,tertiary,no,1832,yes,no,cellular,2,nov,131,2,-1,0,unknown,no,2024-04-30 22:00:00
33,blue-collar,married,secondary,no,355,yes,no,unknown,4,jun,87,3,-1,0,unknown,no,2024-04-30 23:00:00
29,management,single,tertiary,no,266,no,no,cellular,12,aug,176,1,185,1,failure,no,2024-05-01 00:00:00
41,self-employed,married,tertiary,no,231,no,no,cellular,7,aug,352,2,-1,0,unknown,yes,2024-05-01 01:00:00
32,blue-collar,married,secondary,no,428,yes,no,cellular,7,may,93,1,363,1,failure,no,2024-05-01 02:00:00
23,housemaid,married,tertiary,no,66,yes,no,cellular,7,may,1391,2,-1,0,unknown,yes,2024-05-01 03:00:00
38,technician,single,secondary,no,2079,yes,yes,unknown,29,may,122,1,-1,0,unknown,no,2024-05-01 04:00:00
26,management,single,tertiary,no,159,no,no,cellular,3,feb,589,1,-1,0,unknown,no,2024-05-01 05:00:00
45,blue-collar,married,primary,no,408,no,no,unknown,9,jun,253,2,-1,0,unknown,no,2024-05-01 06:00:00
57,services,single,secondary,no,2236,yes,no,unknown,14,may,73,2,-1,0,unknown,no,2024-05-01 07:00:00
31,technician,single,secondary,no,1771,yes,no,unknown,30,may,81,2,-1,0,unknown,no,2024-05-01 08:00:00
28,technician,single,secondary,no,2000,no,no,telephone,3,feb,226,2,-1,0,unknown,no,2024-05-01 09:00:00
36,admin.,married,tertiary,no,29,no,no,cellular,12,aug,576,1,-1,0,unknown,yes,2024-05-01 10:00:00
34,management,married,tertiary,no,160,yes,yes,cellular,15,jul,130,1,-1,0,unknown,no,2024-05-01 11:00:00
42,management,single,secondary,no,900,yes,no,unknown,14,sep,6,1,524,7,other,no,2024-05-01 12:00:00
43,technician,married,tertiary,no,3530,yes,no,cellular,17,jul,470,1,-1,0,unknown,no,2024-05-01 13:00:00
36,services,married,secondary,no,488,yes,no,cellular,6,feb,220,5,-1,0,unknown,no,2024-05-01 14:00:00
43,blue-collar,married,primary,no,-124,yes,no,unknown,27,may,47,5,-1,0,unknown,no,2024-05-01 15:00:00
51,admin.,married,secondary,no,73,no,no,cellular,21,jul,195,1,-1,0,unknown,no,2024-05-01 16:00:00
40,technician,divorced,secondary,no,-1,no,no,unknown,9,jun,24,1,-1,0,unknown,no,2024-05-01 17:00:00
25,management,single,tertiary,no,2399,yes,no,unknown,3,jun,193,2,-1,0,unknown,no,2024-05-01 18:00:00
51,services,married,secondary,no,-1136,no,yes,unknown,25,jun,155,1,-1,0,unknown,no,2024-05-01 19:00:00
54,services,married,secondary,no,6376,no,no,cellular,13,aug,274,3,-1,0,unknown,no,2024-05-01 20:00:00
51,blue-collar,divorced,primary,no,57,yes,yes,cellular,7,may,355,1,-1,0,unknown,no,2024-05-01 21:00:00
40,blue-collar,married,secondary,no,316,yes,no,unknown,7,may,266,2,-1,0,unknown,no,2024-05-01 22:00:00
53,blue-collar,married,primary,no,0,yes,yes,cellular,7,may,263,1,-1,0,unknown,no,2024-05-01 23:00:00
26,management,single,tertiary,no,14004,yes,no,cellular,23,jul,167,1,-1,0,unknown,no,2024-05-02 00:00:00
31,admin.,married,secondary,no,8295,yes,no,cellular,17,apr,218,1,149,1,failure,no,2024-05-02 01:00:00
52,technician,married,secondary,no,196,yes,yes,cellular,24,feb,116,1,273,3,failure,no,2024-05-02 02:00:00
60,retired,married,tertiary,no,614,no,no,cellular,29,aug,50,3,-1,0,unknown,no,2024-05-02 03:00:00
26,blue-collar,single,secondary,no,2613,no,no,cellular,29,jan,435,2,-1,0,unknown,no,2024-05-02 04:00:00
60,admin.,divorced,secondary,no,4519,no,no,cellular,4,may,136,1,91,1,failure,no,2024-05-02 05:00:00
35,services,divorced,secondary,no,828,yes,no,cellular,21,jul,87,1,-1,0,unknown,no,2024-05-02 06:00:00
35,self-employed,married,secondary,no,0,yes,no,unknown,29,may,633,6,-1,0,unknown,no,2024-05-02 07:00:00
36,technician,divorced,secondary,no,515,yes,yes,cellular,8,may,104,4,252,3,failure,no,2024-05-02 08:00:00
52,management,married,tertiary,no,193,no,no,cellular,4,aug,145,1,-1,0,unknown,no,2024-05-02 09:00:00
36,blue-collar,married,secondary,no,718,yes,no,cellular,28,jul,91,3,-1,0,unknown,no,2024-05-02 10:00:00
32,entrepreneur,married,tertiary,no,4465,yes,no,unknown,21,may,161,2,-1,0,unknown,no,2024-05-02 11:00:00
48,blue-collar,married,secondary,no,5241,yes,no,unknown,29,may,158,1,-1,0,unknown,no,2024-05-02 12:00:00
58,self-employed,married,tertiary,no,-81,no,no,unknown,29,may,54,22,-1,0,unknown,no,2024-05-02 13:00:00
44,management,married,tertiary,no,3762,no,no,cellular,28,aug,125,12,-1,0,unknown,no,2024-05-02 14:00:00
29,student,single,tertiary,no,3054,no,no,cellular,2,nov,204,1,186,7,success,no,2024-05-02 15:00:00
48,admin.,married,secondary,no,113,yes,yes,cellular,9,jul,532,1,-1,0,unknown,no,2024-05-02 16:00:00
32,blue-collar,married,secondary,no,2502,yes,no,cellular,24,jul,604,1,-1,0,unknown,no,2024-05-02 17:00:00
40,blue-collar,married,primary,no,2132,no,no,unknown,19,jun,143,1,-1,0,unknown,no,2024-05-02 18:00:00
38,blue-collar,married,secondary,no,863,no,no,unknown,6,jan,78,1,-1,0,unknown,no,2024-05-02 19:00:00
33,blue-collar,single,secondary,no,498,no,no,cellular,12,aug,338,2,104,1,success,yes,2024-05-02 20:00:00
25,student,single,tertiary,no,938,yes,no,cellular,14,may,36,1,352,1,other,no,2024-05-02 21:00:00
37,management,single,tertiary,no,337,yes,no,unknown,26,may,777,5,-1,0,unknown,no,2024-05-02 22:00:00
41,services,married,secondary,no,171,no,no,cellular,21,jul,71,9,-1,0,unknown,no,2024-05-02 23:00:00
59,retired,married,secondary,no,644,no,no,telephone,20,nov,547,2,-1,0,unknown,no,2024-05-03 00:00:00
28,student,single,tertiary,no,111,no,no,cellular,10,mar,70,2,-1,0,unknown,no,2024-05-03 01:00:00
30,blue-collar,single,secondary,no,445,yes,no,cellular,16,apr,218,1,330,2,failure,no,2024-05-03 02:00:00
49,self-employed,married,tertiary,no,23917,no,no,cellular,11,aug,51,4,-1,0,unknown,no,2024-05-03 03:00:00
35,blue-collar,single,secondary,no,0,yes,no,cellular,16,apr,169,1,-1,0,unknown,no,2024-05-03 04:00:00
42,blue-collar,married,primary,no,-97,yes,no,cellular,3,feb,216,4,271,5,failure,no,2024-05-03 05:00:00
44,management,divorced,tertiary,no,3340,no,no,unknown,18,nov,251,1,-1,0,unknown,no,2024-05-03 06:00:00
55,unemployed,single,primary,no,10183,no,no,unknown,19,jun,106,1,-1,0,unknown,no,2024-05-03 07:00:00
47,housemaid,divorced,primary,no,1405,no,no,unknown,12,jun,127,1,-1,0,unknown,no,2024-05-03 08:00:00
51,blue-collar,married,primary,no,0,no,no,unknown,8,may,384,1,-1,0,unknown,no,2024-05-03 09:00:00
49,blue-collar,married,primary,no,-165,yes,no,cellular,20,aug,129,4,-1,0,unknown,no,2024-05-03 10:00:00
43,technician,single,secondary,no,0,yes,no,unknown,14,may,37,3,-1,0,unknown,no,2024-05-03 11:00:00
58,management,married,primary,no,2769,yes,no,cellular,11,jul,94,2,-1,0,unknown,no,2024-05-03 12:00:00
74,retired,married,primary,no,2894,no,no,telephone,1,sep,97,5,204,2,other,no,2024-05-03 13:00:00
36,blue-collar,married,primary,no,300,yes,no,cellular,12,may,57,1,342,1,failure,no,2024-05-03 14:00:00
33,blue-collar,single,secondary,no,6285,yes,no,unknown,2,jun,689,3,-1,0,unknown,no,2024-05-03 15:00:00
47,technician,married,secondary,no,-75,yes,no,cellular,4,feb,57,1,247,1,other,no,2024-05-03 16:00:00
23,student,single,secondary,no,318,yes,no,unknown,9,may,545,2,-1,0,unknown,no,2024-05-03 17:00:00
30,student,single,tertiary,no,300,no,no,cellular,6,feb,38,1,-1,0,unknown,no,2024-05-03 18:00:00
34,technician,single,tertiary,no,19,no,no,cellular,8,aug,79,3,-1,0,unknown,no,2024-05-03 19:00:00
50,blue-collar,married,primary,no,8000,yes,no,cellular,20,aug,221,10,-1,0,unknown,no,2024-05-03 20:00:00
32,services,married,secondary,no,983,yes,no,cellular,10,jul,121,1,-1,0,unknown,no,2024-05-03 21:00:00
31,admin.,divorced,secondary,no,308,yes,no,unknown,7,may,194,1,-1,0,unknown,no,2024-05-03 22:00:00
40,technician,married,secondary,no,1232,no,no,cellular,28,aug,175,11,-1,0,unknown,no,2024-05-03 23:00:00
45,management,divorced,tertiary,no,0,no,no,cellular,26,aug,392,2,-1,0,unknown,no,2024-05-04 00:00:00
35,services,single,secondary,no,49,no,no,cellular,30,jan,346,1,-1,0,unknown,no,2024-05-04 01:00:00
51,blue-collar,divorced,secondary,no,1069,yes,no,unknown,30,may,247,2,-1,0,unknown,no,2024-05-04 02:00:00
52,unemployed,married,secondary,no,-9,no,no,unknown,9,jun,123,1,-1,0,unknown,no,2024-05-04 03:00:00
39,blue-collar,married,secondary,no,1165,yes,no,cellular,20,apr,354,1,-1,0,unknown,no,2024-05-04 04:00:00
35,blue-collar,single,secondary,no,376,yes,yes,unknown,6,may,207,3,-1,0,unknown,no,2024-05-04 05:00:00
48,blue-collar,married,primary,no,750,yes,no,cellular,18,may,90,6,-1,0,unknown,no,2024-05-04 06:00:00
39,unemployed,single,secondary,no,356,yes,no,unknown,30,may,462,2,-1,0,unknown,no,2024-05-04 07:00:00
64,retired,married,secondary,no,466,yes,no,cellular,18,oct,526,1,-1,0,unknown,yes,2024-05-04 08:00:00
50,management,divorced,tertiary,no,5164,yes,no,unknown,2,jun,146,4,-1,0,unknown,no,2024-05-04 09:00:00
48,entrepreneur,married,secondary,no,2247,yes,no,unknown,2,jun,60,9,-1,0,unknown,no,2024-05-04 10:00:00
26,unknown,divorced,secondary,no,-295,yes,no,cellular,7,may,556,1,-1,0,unknown,no,2024-05-04 11:00:00
28,admin.,married,secondary,no,317,yes,no,cellular,15,jul,673,2,-1,0,unknown,no,2024-05-04 12:00:00
46,technician,married,secondary,no,363,yes,no,cellular,6,aug,209,3,-1,0,unknown,no,2024-05-04 13:00:00
31,blue-collar,married,secondary,no,369,yes,yes,unknown,14,may,89,2,-1,0,unknown,no,2024-05-04 14:00:00
34,management,married,tertiary,no,651,no,no,cellular,20,aug,160,4,-1,0,unknown,no,2024-05-04 15:00:00
33,blue-collar,married,secondary,no,-416,yes,no,unknown,29,may,431,2,-1,0,unknown,no,2024-05-04 16:00:00
37,management,married,tertiary,no,6815,yes,no,cellular,8,may,92,2,172,2,other,no,2024-05-04 17:00:00
30,management,single,tertiary,no,1130,yes,no,unknown,14,may,138,3,-1,0,unknown,no,2024-05-04 18:00:00
32,blue-collar,married,secondary,no,169,yes,no,cellular,14,may,291,2,-1,0,unknown,no,2024-05-04 19:00:00
32,management,married,tertiary,no,273,yes,yes,cellular,18,jul,97,3,-1,0,unknown,no,2024-05-04 20:00:00
59,self-employed,married,secondary,no,170,no,no,cellular,9,jul,62,1,-1,0,unknown,no,2024-05-04 21:00:00
32,services,married,secondary,no,264,yes,yes,cellular,19,nov,1502,1,-1,0,unknown,yes,2024-05-04 22:00:00
52,technician,married,secondary,no,386,no,no,cellular,20,apr,438,1,-1,0,unknown,yes,2024-05-04 23:00:00
