age,job,marital,education,default,balance,housing,loan,contact,day,month,duration,campaign,pdays,previous,poutcome,y,event_time
31,services,married,secondary,no,78,yes,yes,cellular,14,jul,97,2,-1,0,unknown,no,2026-10-05 00:00:00
43,admin.,married,secondary,no,59,yes,no,cellular,15,jul,60,3,-1,0,unknown,no,2026-10-05 01:00:00
29,blue-collar,single,secondary,no,43,no,no,cellular,7,may,142,1,353,1,failure,no,2026-10-05 02:00:00
51,blue-collar,married,primary,no,3844,no,no,cellular,15,mar,195,2,215,1,other,no,2026-10-05 03:00:00
43,blue-collar,divorced,unknown,yes,1,no,no,unknown,20,jun,188,1,-1,0,unknown,no,2026-10-05 04:00:00
31,blue-collar,married,secondary,no,892,yes,no,cellular,29,jul,25,22,-1,0,unknown,no,2026-10-05 05:00:00
37,self-employed,single,tertiary,no,1188,no,no,cellular,24,jun,310,1,-1,0,unknown,yes,2026-10-05 06:00:00
35,technician,single,secondary,no,24,no,no,cellular,22,aug,392,1,-1,0,unknown,no,2026-10-05 07:00:00
40,entrepreneur,married,secondary,no,0,yes,no,cellular,22,jul,117,1,-1,0,unknown,no,2026-10-05 08:00:00
23,blue-collar,single,secondary,no,1105,yes,no,cellular,14,may,377,1,-1,0,unknown,no,2026-10-05 09:00:00
36,management,married,tertiary,no,64,no,no,cellular,16,jul,130,1,-1,0,unknown,no,2026-10-05 10:00:00
47,technician,married,secondary,no,179,yes,no,cellular,18,may,55,1,-1,0,unknown,no,2026-10-05 11:00:00
40,unemployed,married,primary,no,3444,yes,no,unknown,19,may,792,4,-1,0,unknown,no,2026-10-05 12:00:00
46,management,divorced,tertiary,no,461,no,no,cellular,30,dec,369,2,-1,0,unknown,yes,2026-10-05 13:00:00
26,admin.,single,secondary,no,2509,no,no,cellular,19,feb,654,3,-1,0,unknown,yes,2026-10-05 14:00:00
46,services,married,secondary,no,12,no,no,cellular,26,aug,225,3,-1,0,unknown,no,2026-10-05 15:00:00
54,management,divorced,tertiary,no,427,yes,yes,cellular,4,feb,85,2,231,2,other,no,2026-10-05 16:00:00
58,technician,divorced,secondary,no,469,no,no,unknown,6,may,196,1,-1,0,unknown,no,2026-10-05 17:00:00
43,admin.,married,unknown,no,350,no,no,unknown,6,may,437,1,-1,0,unknown,no,2026-10-05 18:00:00
34,technician,married,secondary,no,1137,no,no,cellular,29,jan,383,2,206,1,other,no,2026-10-05 19:00:00
29,services,married,secondary,no,317,no,no,cellular,28,jan,229,2,-1,0,unknown,no,2026-10-05 20:00:00
61,admin.,married,secondary,no,1046,yes,no,cellular,21,aug,158,1,-1,0,unknown,yes,2026-10-05 21:00:00
38,admin.,married,tertiary,no,1988,no,no,cellular,2,jun,103,1,67,4,success,yes,2026-10-05 22:00:00
32,admin.,married,secondary,no,366,no,no,cellular,14,jan,366,2,-1,0,unknown,yes,2026-10-05 23:00:00
36,entrepreneur,single,secondary,no,296,no,no,cellular,30,jul,122,2,-1,0,unknown,no,2026-10-06 00:00:00
33,blue-collar,single,primary,no,557,yes,no,cellular,17,apr,91,2,331,2,failure,no,2026-10-06 01:00:00
27,management,single,secondary,no,0,yes,yes,cellular,28,jul,125,2,-1,0,unknown,no,2026-10-06 02:00:00
54,admin.,single,secondary,no,15,yes,no,cellular,4,feb,93,1,-1,0,unknown,no,2026-10-06 03:00:00
56,management,single,tertiary,no,15311,no,no,cellular,29,apr,157,6,-1,0,unknown,no,2026-10-06 04:00:00
33,technician,married,secondary,no,83,no,no,cellular,7,aug,165,2,-1,0,unknown,no,2026-10-06 05:00:00
31,technician,married,secondary,no,4,no,no,unknown,20,may,199,4,-1,0,unknown,no,2026-10-06 06:00:00
38,technician,married,secondary,no,740,no,no,cellular,7,aug,259,3,-1,0,unknown,no,2026-10-06 07:00:00
39,admin.,divorced,secondary,no,952,yes,no,unknown,16,jun,62,1,-1,0,unknown,no,2026-10-06 08:00:00
26,blue-collar,married,primary,no,500,yes,no,unknown,15,may,21,6,-1,0,unknown,no,2026-10-06 09:00:00
38,technician,married,secondary,no,185,no,yes,cellular,29,aug,44,16,-1,0,unknown,no,2026-10-06 10:00:00
57,blue-collar,married,unknown,no,2449,no,no,cellular,13,aug,142,2,-1,0,unknown,no,2026-10-06 11:00:00
39,blue-collar,married,primary,no,192,no,no,unknown,4,jul,433,1,-1,0,unknown,no,2026-10-06 12:00:00
40,management,single,tertiary,no,0,yes,no,cellular,25,aug,79,2,95,4,success,no,2026-10-06 13:00:00
31,technician,married,secondary,no,298,no,no,cellular,22,aug,436,5,-1,0,unknown,no,2026-10-06 14:00:00
28,management,single,tertiary,no,2249,yes,yes,cellular,18,jul,595,2,-1,0,unknown,no,2026-10-06 15:00:00
42,blue-collar,married,secondary,no,227,yes,yes,cellular,29,jan,124,3,-1,0,unknown,no,2026-10-06 16:00:00
26,technician,single,secondary,no,2,yes,yes,unknown,15,may,461,1,-1,0,unknown,no,2026-10-06 17:00:00
27,blue-collar,single,secondary,no,446,yes,no,unknown,3,jun,194,1,-1,0,unknown,no,2026-10-06 18:00:00
48,management,married,tertiary,no,20718,yes,no,unknown,14,may,125,1,-1,0,unknown,no,2026-10-06 19:00:00
55,unemployed,married,secondary,no,1161,yes,no,cellular,28,jan,134,2,-1,0,unknown,no,2026-10-06 20:00:00
32,technician,single,tertiary,no,600,no,no,cellular,2,nov,272,1,-1,0,unknown,no,2026-10-06 21:00:00
31,technician,single,secondary,no,2305,no,no,cellular,4,aug,139,1,-1,0,unknown,no,2026-10-06 22:00:00
53,self-employed,married,tertiary,no,2580,yes,no,cellular,19,nov,138,5,-1,0,unknown,no,2026-10-06 23:00:00
45,entrepreneur,married,tertiary,no,0,no,no,cellular,19,nov,416,2,-1,0,unknown,no,2026-10-07 00:00:00
32,blue-collar,married,secondary,no,2561,yes,no,unknown,20,may,135,2,-1,0,unknown,no,2026-10-07 01:00:00
49,blue-collar,married,secondary,no,1854,yes,no,unknown,19,may,173,5,-1,0,unknown,no,2026-10-07 02:00:00
60,retired,divorced,primary,no,-137,yes,no,cellular,22,jul,152,1,-1,0,unknown,no,2026-10-07 03:00:00
56,housemaid,married,primary,no,657,no,no,unknown,16,jun,211,2,-1,0,unknown,no,2026-10-07 04:00:00
34,entrepreneur,divorced,tertiary,no,338,yes,no,unknown,9,may,162,2,-1,0,unknown,no,2026-10-07 05:00:00
60,admin.,married,secondary,no,0,no,no,cellular,5,aug,202,1,-1,0,unknown,no,2026-10-07 06:00:00
42,admin.,divorced,secondary,yes,0,no,no,cellular,24,jul,226,1,-1,0,unknown,no,2026-10-07 07:00:00
37,management,married,tertiary,no,657,no,no,unknown,6,jun,227,1,-1,0,unknown,no,2026-10-07 08:00:00
28,blue-collar,single,secondary,no,1106,yes,no,cellular,17,apr,73,2,-1,0,unknown,no,2026-10-07 09:00:00
59,management,married,tertiary,no,287,yes,no,cellular,20,apr,818,2,242,8,failure,no,2026-10-07 10:00:00
45,blue-collar,divorced,primary,no,844,no,no,unknown,5,jun,1018,3,-1,0,unknown,yes,2026-10-07 11:00:00
27,management,single,tertiary,no,450,yes,no,unknown,3,jun,49,1,-1,0,unknown,no,2026-10-07 12:00:00
58,housemaid,married,primary,no,0,yes,no,telephone,9,jul,148,1,-1,0,unknown,no,2026-10-07 13:00:00
39,blue-collar,single,secondary,no,16917,no,no,unknown,11,jun,129,6,-1,0,unknown,no,2026-10-07 14:00:00
51,technician,married,secondary,no,220,yes,no,unknown,7,may,421,2,-1,0,unknown,no,2026-10-07 15:00:00
32,blue-collar,single,secondary,no,3044,yes,no,cellular,20,apr,533,1,-1,0,unknown,no,2026-10-07 16:00:00
58,housemaid,married,primary,no,1274,no,no,unknown,18,jun,35,7,-1,0,unknown,no,2026-10-07 17:00:00
47,housemaid,single,primary,no,46,no,no,cellular,4,feb,371,1,-1,0,unknown,no,2026-10-07 18:00:00
57,technician,single,tertiary,no,711,no,no,unknown,25,jun,411,1,-1,0,unknown,no,2026-10-07 19:00:00
31,technician,married,tertiary,no,26,no,yes,cellular,18,nov,419,1,127,6,other,yes,2026-10-07 20:00:00
46,blue-collar,married,secondary,no,0,yes,no,cellular,23,jul,122,1,-1,0,unknown,no,2026-10-07 21:00:00
30,technician,single,primary,no,2731,yes,no,cellular,14,apr,314,1,-1,0,unknown,no,2026-10-07 22:00:00
35,blue-collar,married,secondary,no,187,no,yes,cellular,21,jul,178,1,-1,0,unknown,no,2026-10-07 23:00:00
49,blue-collar,married,unknown,no,100,yes,no,cellular,11,may,143,2,347,1,failure,no,2026-10-08 00:00:00
30,management,single,tertiary,no,443,yes,yes,cellular,12,aug,80,2,-1,0,unknown,no,2026-10-08 01:00:00
31,admin.,single,secondary,no,119,no,no,cellular,7,jul,80,1,-1,0,unknown,no,2026-10-08 02:00:00
45,blue-collar,married,secondary,no,22928,no,no,unknown,6,jun,113,1,-1,0,unknown,no,2026-10-08 03:00:00
49,management,single,tertiary,no,2555,no,yes,cellular,24,jul,263,2,-1,0,unknown,no,2026-10-08 04:00:00
54,blue-collar,married,primary,no,1059,no,no,cellular,29,aug,73,8,-1,0,unknown,no,2026-10-08 05:00:00
55,technician,married,tertiary,no,11,no,no,cellular,21,aug,588,2,-1,0,unknown,no,2026-10-08 06:00:00
48,management,single,tertiary,no,8106,no,no,unknown,17,nov,125,1,111,3,failure,no,2026-10-08 07:00:00
47,management,married,secondary,no,7,no,no,telephone,8,aug,53,2,-1,0,unknown,no,2026-10-08 08:00:00
44,blue-collar,married,primary,yes,0,no,yes,unknown,20,jun,144,1,-1,0,unknown,no,2026-10-08 09:00:00
42,admin.,married,secondary,no,0,yes,yes,cellular,20,apr,58,4,-1,0,unknown,no,2026-10-08 10:00:00
56,services,married,secondary,no,17,no,yes,cellular,25,aug,342,5,-1,0,unknown,no,2026-10-08 11:00:00
28,self-employed,single,tertiary,no,1579,no,no,cellular,14,oct,122,3,-1,0,unknown,no,2026-10-08 12:00:00
49,housemaid,married,tertiary,no,443,no,no,cellular,8,aug,27,6,-1,0,unknown,no,2026-10-08 13:00:00
35,services,divorced,secondary,no,543,yes,no,cellular,22,jul,624,2,-1,0,unknown,no,2026-10-08 14:00:00
39,self-employed,married,tertiary,no,0,no,no,unknown,11,jun,904,4,-1,0,unknown,no,2026-10-08 15:00:00
38,technician,single,secondary,no,571,no,no,cellular,4,feb,275,3,-1,0,unknown,no,2026-10-08 16:00:00
54,blue-collar,married,unknown,no,310,yes,no,telephone,28,jan,526,4,258,3,other,no,2026-10-08 17:00:00
38,blue-collar,married,secondary,no,-288,yes,yes,cellular,18,nov,68,1,165,2,failure,no,2026-10-08 18:00:00
25,student,single,secondary,no,722,yes,no,unknown,19,jun,172,1,-1,0,unknown,no,2026-10-08 19:00:00
42,management,married,tertiary,no,154,no,no,cellular,26,aug,183,10,-1,0,unknown,no,2026-10-08 20:00:00
25,services,married,secondary,no,-282,yes,yes,cellular,25,jul,198,1,-1,0,unknown,no,2026-10-08 21:00:00
32,management,married,tertiary,no,1028,no,no,cellular,5,aug,183,1,-1,0,unknown,no,2026-10-08 22:00:00
21,student,single,secondary,no,357,no,no,cellular,2,sep,115,3,-1,0,unknown,no,2026-10-08 23:00:00
38,management,married,tertiary,no,-120,yes,no,cellular,11,may,148,1,367,2,failure,no,2026-10-09 00:00:00
26,admin.,single,secondary,no,255,no,no,cellular,14,aug,209,2,106,2,success,yes,2026-10-09 01:00:00
47,housemaid,divorced,secondary,no,1361,no,no,cellular,19,aug,59,3,-1,0,unknown,no,2026-10-09 02:00:00
37,blue-collar,single,primary,no,6969,yes,no,unknown,20,may,412,1,-1,0,unknown,no,2026-10-09 03:00:00
29,services,married,primary,no,321,yes,no,unknown,7,may,196,2,-1,0,unknown,no,2026-10-09 04:00:00
31,technician,married,tertiary,no,636,yes,no,cellular,4,may,352,4,-1,0,unknown,yes,2026-10-09 05:00:00
28,technician,single,secondary,no,227,no,no,cellular,30,apr,278,1,-1,0,unknown,yes,2026-10-09 06:00:00
42,management,divorced,tertiary,no,238,no,no,cellular,25,sep,692,1,-1,0,unknown,yes,2026-10-09 07:00:00
43,blue-collar,married,secondary,no,-755,yes,yes,cellular,5,may,162,1,337,1,failure,no,2026-10-09 08:00:00
29,blue-collar,married,secondary,no,721,yes,no,cellular,23,jul,644,1,-1,0,unknown,no,2026-10-09 09:00:00
35,self-employed,married,secondary,no,347,no,no,unknown,20,jun,231,1,-1,0,unknown,no,2026-10-09 10:00:00
35,technician,single,tertiary,no,458,yes,no,cellular,8,apr,2129,1,322,3,failure,no,2026-10-09 11:00:00
63,technician,married,secondary,no,896,yes,no,cellular,14,aug,276,2,-1,0,unknown,yes,2026-10-09 12:00:00
34,admin.,single,secondary,yes,7,no,no,unknown,28,may,285,2,-1,0,unknown,no,2026-10-09 13:00:00
29,admin.,married,secondary,no,111,no,yes,cellular,11,jul,114,1,-1,0,unknown,no,2026-10-09 14:00:00
36,blue-collar,married,secondary,no,98,yes,no,cellular,12,may,415,1,344,1,failure,no,2026-10-09 15:00:00
32,blue-collar,married,secondary,no,1281,yes,no,cellular,20,apr,222,1,-1,0,unknown,no,2026-10-09 16:00:00
46,blue-collar,married,secondary,no,2121,yes,no,unknown,14,may,160,1,-1,0,unknown,no,2026-10-09 17:00:00
26,technician,divorced,secondary,no,379,yes,yes,unknown,19,may,501,3,-1,0,unknown,no,2026-10-09 18:00:00
48,blue-collar,married,primary,no,147,no,no,cellular,19,aug,158,8,-1,0,unknown,no,2026-10-09 19:00:00
33,management,married,tertiary,no,621,no,no,cellular,19,nov,1435,3,99,5,failure,no,2026-10-09 20:00:00
30,management,single,tertiary,no,796,no,yes,cellular,26,aug,366,13,-1,0,unknown,no,2026-10-09 21:00:00
44,blue-collar,married,primary,no,1066,yes,no,unknown,3,jun,25,1,-1,0,unknown,no,2026-10-09 22:00:00
43,blue-collar,single,secondary,no,9102,yes,no,cellular,19,nov,72,1,-1,0,unknown,no,2026-10-09 23:00:00
64,retired,married,primary,no,43,no,no,cellular,11,mar,117,1,91,1,success,no,2026-10-10 00:00:00
60,retired,married,secondary,no,2060,no,no,cellular,26,mar,454,1,88,3,other,no,2026-10-10 01:00:00
26,admin.,single,primary,no,528,yes,yes,cellular,11,jul,102,2,-1,0,unknown,no,2026-10-10 02:00:00
30,self-employed,married,tertiary,no,2666,no,no,cellular,4,feb,467,1,-1,0,unknown,yes,2026-10-10 03:00:00
36,blue-collar,divorced,primary,no,666,yes,no,cellular,11,may,285,1,-1,0,unknown,no,2026-10-10 04:00:00
44,technician,married,tertiary,no,1818,yes,yes,cellular,30,apr,247,1,-1,0,unknown,no,2026-10-10 05:00:00
42,technician,married,tertiary,no,2106,yes,yes,unknown,14,may,162,2,-1,0,unknown,no,2026-10-10 06:00:00
53,services,divorced,secondary,no,-905,yes,no,unknown,28,may,213,1,-1,0,unknown,no,2026-10-10 07:00:00
59,services,married,primary,no,64,yes,yes,telephone,12,may,370,2,-1,0,unknown,no,2026-10-10 08:00:00
30,management,married,tertiary,no,1185,yes,no,cellular,18,nov,342,2,120,4,failure,no,2026-10-10 09:00:00
27,technician,married,secondary,no,594,yes,no,unknown,27,jun,433,4,-1,0,unknown,no,2026-10-10 10:00:00
40,management,single,tertiary,no,80,yes,no,cellular,30,jan,182,3,-1,0,unknown,no,2026-10-10 11:00:00
45,management,married,tertiary,no,506,no,no,cellular,23,apr,229,2,-1,0,unknown,yes,2026-10-10 12:00:00
31,technician,married,secondary,no,-302,no,no,cellular,13,aug,195,2,-1,0,unknown,no,2026-10-10 13:00:00
41,entrepreneur,married,primary,no,759,yes,no,unknown,4,jun,79,10,-1,0,unknown,no,2026-10-10 14:00:00
38,self-employed,married,unknown,no,10855,no,no,unknown,5,jun,57,2,-1,0,unknown,no,2026-10-10 15:00:00
34,blue-collar,married,secondary,no,360,yes,no,unknown,21,may,66,2,-1,0,unknown,no,2026-10-10 16:00:00
52,services,married,primary,no,432,no,no,cellular,8,aug,424,4,-1,0,unknown,no,2026-10-10 17:00:00
31,admin.,married,secondary,no,307,yes,no,unknown,9,may,538,1,-1,0,unknown,yes,2026-10-10 18:00:00
40,blue-collar,married,secondary,no,8150,yes,no,unknown,15,may,347,1,-1,0,unknown,no,2026-10-10 19:00:00
36,management,single,secondary,no,992,no,no,unknown,6,jun,351,1,-1,0,unknown,no,2026-10-10 20:00:00
35,management,single,tertiary,no,688,no,no,cellular,2,feb,504,1,-1,0,unknown,no,2026-10-10 21:00:00
57,admin.,married,secondary,no,169,no,no,cellular,3,feb,369,1,-1,0,unknown,yes,2026-10-10 22:00:00
24,technician,single,secondary,no,1298,no,no,cellular,1,sep,86,1,-1,0,unknown,no,2026-10-10 23:00:00
44,admin.,married,tertiary,no,6485,no,no,cellular,27,aug,85,19,-1,0,unknown,no,2026-10-11 00:00:00
48,management,married,tertiary,no,2960,no,no,unknown,5,jun,86,1,-1,0,unknown,no,2026-10-11 01:00:00
38,blue-collar,married,secondary,no,961,yes,no,unknown,16,may,346,1,-1,0,unknown,no,2026-10-11 02:00:00
49,blue-collar,married,primary,no,230,no,yes,unknown,30,jun,176,1,-1,0,unknown,no,2026-10-11 03:00:00
47,technician,married,secondary,no,338,no,yes,cellular,11,jul,344,2,-1,0,unknown,no,2026-10-11 04:00:00
45,entrepreneur,married,tertiary,no,2185,yes,no,cellular,19,nov,167,4,-1,0,unknown,no,2026-10-11 05:00:00
44,technician,single,tertiary,no,342,yes,no,cellular,22,jul,70,1,-1,0,unknown,no,2026-10-11 06:00:00
50,admin.,married,secondary,no,706,yes,no,cellular,6,aug,1250,4,-1,0,unknown,yes,2026-10-11 07:00:00
54,admin.,married,unknown,no,217,no,no,telephone,17,nov,110,2,-1,0,unknown,no,2026-10-11 08:00:00
52,management,divorced,tertiary,no,1988,yes,no,cellular,6,may,88,1,299,1,failure,no,2026-10-11 09:00:00
28,admin.,married,unknown,no,-1,yes,no,cellular,16,apr,34,1,-1,0,unknown,no,2026-10-11 10:00:00
50,technician,married,secondary,no,2,yes,yes,cellular,14,jul,171,3,-1,0,unknown,no,2026-10-11 11:00:00
38,unemployed,married,tertiary,no,1449,no,no,unknown,26,may,535,6,-1,0,unknown,no,2026-10-11 12:00:00
58,management,married,tertiary,no,0,no,no,cellular,31,jul,85,4,-1,0,unknown,no,2026-10-11 13:00:00
43,blue-collar,married,primary,no,823,yes,no,telephone,7,may,174,12,-1,0,unknown,no,2026-10-11 14:00:00
36,services,single,secondary,no,398,yes,yes,unknown,17,jun,77,2,-1,0,unknown,no,2026-10-11 15:00:00
51,blue-collar,divorced,secondary,no,203,yes,no,cellular,8,may,134,1,170,5,failure,no,2026-10-11 16:00:00
53,admin.,divorced,secondary,no,592,yes,no,unknown,13,may,151,1,-1,0,unknown,no,2026-10-11 17:00:00
59,retired,married,primary,no,0,no,no,cellular,5,jun,493,2,-1,0,unknown,yes,2026-10-11 18:00:00
32,blue-collar,married,secondary,no,119,no,no,cellular,4,may,20,5,-1,0,unknown,no,2026-10-11 19:00:00
31,management,single,tertiary,no,12857,yes,no,cellular,6,feb,158,1,92,1,success,yes,2026-10-11 20:00:00
56,admin.,single,secondary,no,3309,yes,no,cellular,14,may,65,1,-1,0,unknown,no,2026-10-11 21:00:00
49,entrepreneur,divorced,unknown,yes,-701,yes,no,cellular,30,jul,988,2,-1,0,unknown,yes,2026-10-11 22:00:00
45,blue-collar,married,primary,no,1251,no,yes,cellular,21,aug,126,4,-1,0,unknown,no,2026-10-11 23:00:00
37,management,single,tertiary,no,230,yes,yes,unknown,6,may,374,1,-1,0,unknown,no,2026-10-12 00:00:00
36,technician,single,secondary,no,664,no,no,cellular,22,aug,309,3,-1,0,unknown,no,2026-10-12 01:00:00
34,admin.,married,secondary,no,1474,no,no,cellular,2,apr,739,2,-1,0,unknown,yes,2026-10-12 02:00:00
48,unemployed,single,primary,no,63,no,no,cellular,30,jul,29,4,-1,0,unknown,no,2026-10-12 03:00:00
81,retired,married,secondary,no,93,no,no,cellular,7,dec,164,1,-1,0,unknown,no,2026-10-12 04:00:00
48,housemaid,married,secondary,no,4,no,no,cellular,18,aug,68,4,-1,0,unknown,no,2026-10-12 05:00:00
42,blue-collar,married,unknown,no,452,yes,no,cellular,17,nov,359,2,-1,0,unknown,no,2026-10-12 06:00:00
34,blue-collar,married,secondary,no,326,yes,yes,unknown,15,may,150,2,-1,0,unknown,no,2026-10-12 07:00:00
51,management,divorced,tertiary,no,-227,yes,no,cellular,15,may,404,1,-1,0,unknown,no,2026-10-12 08:00:00
31,admin.,married,secondary,no,5,no,no,unknown,16,may,102,1,-1,0,unknown,no,2026-10-12 09:00:00
31,admin.,married,secondary,no,10,no,no,cellular,15,jul,156,4,-1,0,unknown,no,2026-10-12 10:00:00
52,admin.,married,secondary,no,347,no,no,cellular,11,aug,217,2,-1,0,unknown,no,2026-10-12 11:00:00
51,self-employed,married,primary,no,106,yes,no,telephone,6,may,217,1,169,5,failure,no,2026-10-12 12:00:00
40,management,single,tertiary,no,732,no,no,cellular,29,jan,148,2,-1,0,unknown,no,2026-10-12 13:00:00
47,blue-collar,married,primary,no,0,no,no,cellular,26,aug,71,4,-1,0,unknown,no,2026-10-12 14:00:00
55,unemployed,married,tertiary,no,4809,yes,no,cellular,21,nov,223,2,186,3,other,no,2026-10-12 15:00:00
60,management,married,secondary,no,164,no,yes,cellular,8,jul,171,1,-1,0,unknown,no,2026-10-12 16:00:00
69,technician,married,secondary,no,9064,no,no,cellular,7,aug,714,1,-1,0,unknown,yes,2026-10-12 17:00:00
34,blue-collar,married,secondary,no,2308,yes,no,unknown,7,may,1062,1,-1,0,unknown,no,2026-10-12 18:00:00
39,services,divorced,secondary,no,0,yes,no,cellular,13,apr,1006,2,-1,0,unknown,yes,2026-10-12 19:00:00
59,retired,divorced,primary,no,121,yes,no,unknown,12,may,144,7,-1,0,unknown,no,2026-10-12 20:00:00
28,management,single,tertiary,no,882,no,yes,cellular,8,jul,107,2,-1,0,unknown,no,2026-10-12 21:00:00
41,blue-collar,married,primary,no,8,yes,no,cellular,15,jul,155,2,-1,0,unknown,no,2026-10-12 22:00:00
45,blue-collar,married,secondary,no,521,yes,no,unknown,17,jun,259,3,-1,0,unknown,no,2026-10-12 23:00:00
37,management,married,tertiary,no,0,no,no,cellular,25,aug,112,4,-1,0,unknown,no,2026-10-13 00:00:00
55,blue-collar,married,primary,no,283,no,yes,cellular,9,jul,115,1,-1,0,unknown,no,2026-10-13 01:00:00
32,technician,single,tertiary,no,20,yes,yes,cellular,18,aug,193,5,-1,0,unknown,no,2026-10-13 02:00:00
30,management,married,tertiary,no,944,no,no,cellular,29,oct,251,2,-1,0,unknown,yes,2026-10-13 03:00:00
30,services,single,tertiary,no,1,no,no,cellular,4,feb,66,2,-1,0,unknown,no,2026-10-13 04:00:00
52,blue-collar,married,primary,no,336,no,yes,telephone,17,jul,381,7,-1,0,unknown,no,2026-10-13 05:00:00
41,technician,married,tertiary,no,816,yes,yes,unknown,29,may,159,1,-1,0,unknown,no,2026-10-13 06:00:00
27,student,single,secondary,no,1566,no,no,cellular,30,jan,164,5,-1,0,unknown,no,2026-10-13 07:00:00
40,entrepreneur,married,tertiary,yes,0,no,no,unknown,19,jun,952,4,-1,0,unknown,yes,2026-10-13 08:00:00
33,blue-collar,married,secondary,no,0,yes,no,cellular,24,jul,208,1,-1,0,unknown,no,2026-10-13 09:00:00
37,unemployed,married,secondary,no,830,no,no,unknown,17,jun,292,3,-1,0,unknown,no,2026-10-13 10:00:00
33,technician,single,secondary,no,49,no,no,unknown,21,may,151,1,-1,0,unknown,no,2026-10-13 11:00:00
34,blue-collar,married,secondary,no,-1725,yes,no,unknown,27,may,452,2,-1,0,unknown,no,2026-10-13 12:00:00
38,blue-collar,married,secondary,no,6994,yes,no,telephone,8,apr,169,1,139,2,failure,no,2026-10-13 13:00:00
35,services,married,secondary,no,586,yes,yes,cellular,17,apr,96,2,344,2,failure,no,2026-10-13 14:00:00
52,management,married,secondary,no,264,no,no,cellular,20,aug,68,8,-1,0,unknown,no,2026-10-13 15:00:00
78,retired,divorced,primary,no,1389,no,no,cellular,8,apr,335,1,-1,0,unknown,yes,2026-10-13 16:00:00
35,housemaid,divorced,secondary,no,39,no,no,cellular,31,jul,149,2,-1,0,unknown,no,2026-10-13 17:00:00
34,admin.,married,secondary,no,920,no,no,cellular,14,may,526,3,179,3,success,yes,2026-10-13 18:00:00
49,technician,married,primary,no,2343,yes,no,unknown,30,may,129,2,-1,0,unknown,no,2026-10-13 19:00:00
36,technician,married,secondary,no,-257,no,no,cellular,8,jul,24,26,-1,0,unknown,no,2026-10-13 20:00:00
45,technician,married,secondary,no,879,no,no,cellular,7,jul,621,2,-1,0,unknown,yes,2026-10-13 21:00:00
40,services,divorced,secondary,no,5745,yes,yes,unknown,23,may,37,1,-1,0,unknown,no,2026-10-13 22:00:00
59,housemaid,married,primary,no,37,no,yes,cellular,15,jul,335,2,-1,0,unknown,no,2026-10-13 23:00:00
41,unemployed,married,secondary,no,0,no,no,cellular,31,jul,847,14,-1,0,unknown,no,2026-10-14 00:00:00
25,management,single,secondary,no,1923,no,yes,cellular,8,jul,71,1,-1,0,unknown,no,2026-10-14 01:00:00
40,blue-collar,married,secondary,no,217,yes,no,unknown,6,may,195,1,-1,0,unknown,no,2026-10-14 02:00:00
30,management,married,tertiary,no,877,no,no,cellular,22,may,122,2,108,3,failure,no,2026-10-14 03:00:00
50,housemaid,married,primary,no,0,no,no,cellular,28,aug,39,4,-1,0,unknown,no,2026-10-14 04:00:00
42,blue-collar,married,secondary,no,879,yes,no,cellular,18,nov,140,1,-1,0,unknown,no,2026-10-14 05:00:00
30,student,single,secondary,no,1555,no,no,cellular,2,jun,115,1,-1,0,unknown,no,2026-10-14 06:00:00
49,technician,married,unknown,no,323,yes,no,cellular,18,nov,41,2,-1,0,unknown,no,2026-10-14 07:00:00
59,retired,divorced,primary,no,47,yes,no,telephone,18,may,110,3,374,1,failure,no,2026-10-14 08:00:00
56,admin.,married,secondary,no,1694,no,no,cellular,21,aug,793,10,-1,0,unknown,yes,2026-10-14 09:00:00
46,management,single,secondary,no,244,yes,no,unknown,15,may,244,1,-1,0,unknown,no,2026-10-14 10:00:00
32,management,divorced,tertiary,no,222,no,yes,cellular,15,jul,820,4,-1,0,unknown,yes,2026-10-14 11:00:00
32,technician,single,tertiary,no,35,no,no,cellular,20,aug,96,8,-1,0,unknown,no,2026-10-14 12:00:00
56,retired,divorced,tertiary,no,2774,no,no,unknown,6,jun,1288,3,-1,0,unknown,no,2026-10-14 13:00:00
32,blue-collar,single,primary,no,398,yes,no,cellular,13,may,716,1,-1,0,unknown,yes,2026-10-14 14:00:00
31,services,single,primary,no,181,yes,no,cellular,20,apr,93,3,340,2,other,no,2026-10-14 15:00:00
49,technician,married,secondary,no,1269,yes,no,unknown,16,may,355,2,-1,0,unknown,no,2026-10-14 16:00:00
53,unknown,married,unknown,no,1347,no,no,unknown,5,jun,92,2,-1,0,unknown,no,2026-10-14 17:00:00
40,services,married,secondary,no,87,yes,yes,cellular,21,nov,116,2,113,4,failure,no,2026-10-14 18:00:00
32,admin.,married,secondary,no,0,no,no,cellular,16,jul,141,7,-1,0,unknown,no,2026-10-14 19:00:00
33,services,married,secondary,no,554,yes,no,cellular,29,jan,162,2,258,1,other,no,2026-10-14 20:00:00
58,admin.,married,unknown,no,5763,no,no,cellular,20,nov,52,1,-1,0,unknown,no,2026-10-14 21:00:00
58,blue-collar,married,primary,no,781,yes,no,cellular,15,may,74,2,-1,0,unknown,no,2026-10-14 22:00:00
38,management,married,tertiary,no,7255,yes,no,cellular,20,apr,410,2,-1,0,unknown,no,2026-10-14 23:00:00
32,management,married,tertiary,no,2431,yes,no,cellular,14,may,646,5,-1,0,unknown,yes,2026-10-15 00:00:00
39,blue-collar,married,primary,no,532,yes,no,cellular,31,jul,786,2,-1,0,unknown,no,2026-10-15 01:00:00
41,blue-collar,married,secondary,no,5060,no,no,cellular,4,may,963,1,83,3,success,yes,2026-10-15 02:00:00
50,management,married,tertiary,no,24,no,no,cellular,20,aug,157,1,-1,0,unknown,no,2026-10-15 03:00:00
26,admin.,single,secondary,no,2509,no,no,cellular,27,may,776,3,97,3,success,yes,2026-10-15 04:00:00
54,services,married,secondary,no,472,no,yes,cellular,21,jul,86,4,-1,0,unknown,no,2026-10-15 05:00:00
52,blue-collar,married,primary,no,655,yes,yes,cellular,31,jul,155,3,-1,0,unknown,no,2026-10-15 06:00:00
41,unemployed,married,primary,yes,-581,yes,no,unknown,8,may,218,2,-1,0,unknown,no,2026-10-15 07:00:00
41,blue-collar,married,primary,no,492,yes,yes,unknown,16,jun,157,29,-1,0,unknown,no,2026-10-15 08:00:00
54,management,divorced,secondary,no,155,yes,no,unknown,14,may,75,1,-1,0,unknown,no,2026-10-15 09:00:00
37,blue-collar,married,primary,no,496,yes,no,unknown,8,may,137,2,-1,0,unknown,no,2026-10-15 10:00:00
41,management,married,tertiary,no,2127,no,no,cellular,8,aug,120,7,-1,0,unknown,no,2026-10-15 11:00:00
31,management,single,tertiary,no,581,yes,yes,cellular,28,jan,572,1,-1,0,unknown,no,2026-10-15 12:00:00
42,management,married,tertiary,no,783,yes,no,cellular,19,nov,77,2,128,3,failure,no,2026-10-15 13:00:00
59,services,married,secondary,no,7475,no,no,unknown,15,may,587,1,-1,0,unknown,no,2026-10-15 14:00:00
34,student,married,tertiary,no,387,yes,no,unknown,26,may,52,3,-1,0,unknown,no,2026-10-15 15:00:00
51,services,married,secondary,no,5885,yes,no,cellular,15,may,172,1,-1,0,unknown,no,2026-10-15 16:00:00
47,self-employed,married,secondary,no,0,no,no,cellular,29,aug,90,6,-1,0,unknown,no,2026-10-15 17:00:00
43,management,single,tertiary,no,1627,no,no,cellular,12,aug,105,4,-1,0,unknown,no,2026-10-15 18:00:00
44,blue-collar,married,secondary,no,138,yes,no,unknown,8,may,283,3,-1,0,unknown,no,2026-10-15 19:00:00
36,blue-collar,married,secondary,no,55,yes,no,cellular,8,may,323,1,-1,0,unknown,no,2026-10-15 20:00:00
36,entrepreneur,divorced,tertiary,no,3407,no,no,cellular,9,jun,993,4,85,4,success,yes,2026-10-15 21:00:00
75,retired,divorced,secondary,no,105,no,no,cellular,14,apr,232,1,-1,0,unknown,no,2026-10-15 22:00:00
31,blue-collar,single,secondary,no,144,yes,no,cellular,17,apr,370,3,-1,0,unknown,no,2026-10-15 23:00:00
38,management,married,tertiary,no,162,yes,no,cellular,21,nov,143,1,-1,0,unknown,no,2026-10-16 00:00:00
33,management,single,tertiary,no,3406,yes,no,cellular,21,nov,321,1,-1,0,unknown,no,2026-10-16 01:00:00
33,self-employed,married,tertiary,no,666,yes,no,cellular,16,apr,297,1,-1,0,unknown,no,2026-10-16 02:00:00
35,management,married,tertiary,no,182,no,no,cellular,9,feb,27,7,-1,0,unknown,no,2026-10-16 03:00:00
50,blue-collar,married,secondary,no,6288,no,no,cellular,28,aug,20,14,-1,0,unknown,no,2026-10-16 04:00:00
33,admin.,single,secondary,no,1590,yes,no,cellular,20,apr,18,4,334,1,other,no,2026-10-16 05:00:00
38,blue-collar,married,secondary,no,2978,yes,no,cellular,29,jan,44,1,-1,0,unknown,no,2026-10-16 06:00:00
39,self-employed,married,secondary,no,81,no,yes,cellular,23,jul,438,1,-1,0,unknown,no,2026-10-16 07:00:00
26,technician,married,secondary,no,-119,no,yes,cellular,9,jul,359,5,-1,0,unknown,yes,2026-10-16 08:00:00
34,admin.,married,secondary,no,21,no,no,cellular,17,apr,332,1,346,3,failure,no,2026-10-16 09:00:00
23,student,single,secondary,no,0,no,no,telephone,4,may,526,1,-1,0,unknown,no,2026-10-16 10:00:00
54,management,married,tertiary,no,1197,yes,yes,cellular,31,jul,11,5,-1,0,unknown,no,2026-10-16 11:00:00
45,management,divorced,secondary,no,705,no,no,cellular,20,aug,132,4,-1,0,unknown,no,2026-10-16 12:00:00
50,technician,married,secondary,no,1717,no,no,telephone,7,jul,416,8,-1,0,unknown,no,2026-10-16 13:00:00
33,admin.,married,secondary,no,1467,yes,no,unknown,20,may,85,2,-1,0,unknown,no,2026-10-16 14:00:00
29,management,single,tertiary,no,5980,yes,no,unknown,28,may,317,1,-1,0,unknown,no,2026-10-16 15:00:00
34,admin.,single,secondary,no,280,no,no,cellular,8,jul,86,2,-1,0,unknown,no,2026-10-16 16:00:00
47,management,single,tertiary,no,311,yes,yes,cellular,9,nov,255,3,378,2,failure,no,2026-10-16 17:00:00
30,blue-collar,married,secondary,no,501,yes,yes,unknown,27,may,514,1,-1,0,unknown,no,2026-10-16 18:00:00
52,blue-collar,married,secondary,no,5614,yes,no,unknown,20,jun,177,3,-1,0,unknown,no,2026-10-16 19:00:00
45,self-employed,married,secondary,no,571,yes,no,cellular,19,aug,361,5,-1,0,unknown,no,2026-10-16 20:00:00
59,unemployed,married,secondary,no,729,no,no,cellular,4,feb,99,1,-1,0,unknown,no,2026-10-16 21:00:00
39,blue-collar,single,unknown,no,3912,yes,no,telephone,29,oct,223,1,-1,0,unknown,no,2026-10-16 22:00:00
40,blue-collar,single,secondary,no,0,yes,no,unknown,27,may,59,4,-1,0,unknown,no,2026-10-16 23:00:00
31,management,single,secondary,no,2,no,no,cellular,22,aug,65,4,-1,0,unknown,no,2026-10-17 00:00:00
26,student,single,secondary,no,1164,no,no,cellular,9,jul,116,1,301,1,other,no,2026-10-17 01:00:00
57,unemployed,married,primary,no,2743,no,no,cellular,29,jan,89,1,-1,0,unknown,no,2026-10-17 02:00:00
29,admin.,single,secondary,no,5711,yes,yes,unknown,21,may,899,1,-1,0,unknown,no,2026-10-17 03:00:00
83,retired,single,primary,no,1965,no,no,telephone,13,oct,1003,3,-1,0,unknown,yes,2026-10-17 04:00:00
37,technician,divorced,secondary,no,51,no,yes,cellular,28,jan,2150,2,-1,0,unknown,no,2026-10-17 05:00:00
33,blue-collar,married,primary,no,50,yes,no,cellular,7,may,246,2,-1,0,unknown,no,2026-10-17 06:00:00
34,blue-collar,married,secondary,no,763,yes,no,unknown,27,may,99,1,-1,0,unknown,no,2026-10-17 07:00:00
39,admin.,married,tertiary,no,722,no,no,telephone,23,apr,141,1,-1,0,unknown,no,2026-10-17 08:00:00
38,management,single,tertiary,no,1027,yes,no,cellular,6,sep,387,2,188,3,success,no,2026-10-17 09:00:00
63,retired,married,secondary,no,474,no,no,cellular,25,jan,423,1,-1,0,unknown,yes,2026-10-17 10:00:00
79,retired,divorced,secondary,no,631,no,no,telephone,9,aug,440,5,182,3,failure,no,2026-10-17 11:00:00
36,blue-collar,married,secondary,no,-194,yes,no,cellular,14,jul,133,3,-1,0,unknown,no,2026-10-17 12:00:00
37,management,married,secondary,no,1180,yes,yes,cellular,1,apr,786,1,135,1,other,no,2026-10-17 13:00:00
45,admin.,married,secondary,yes,-106,yes,yes,cellular,7,may,553,3,288,1,other,yes,2026-10-17 14:00:00
38,blue-collar,single,primary,no,-5,yes,no,unknown,21,may,30,12,-1,0,unknown,no,2026-10-17 15:00:00
46,housemaid,married,unknown,no,1035,no,no,unknown,16,jun,703,1,-1,0,unknown,no,2026-10-17 16:00:00
32,blue-collar,single,secondary,no,259,yes,no,cellular,8,may,158,3,354,1,failure,no,2026-10-17 17:00:00
40,services,married,primary,no,1082,yes,no,unknown,30,may,854,2,-1,0,unknown,yes,2026-10-17 18:00:00
33,entrepreneur,married,tertiary,no,1145,yes,no,cellular,14,may,92,3,-1,0,unknown,no,2026-10-17 19:00:00
48,blue-collar,married,secondary,no,305,no,no,telephone,30,jul,169,3,-1,0,unknown,no,2026-10-17 20:00:00
24,technician,single,tertiary,no,368,no,no,cellular,7,oct,197,2,-1,0,unknown,no,2026-10-17 21:00:00
34,blue-collar,married,primary,no,357,yes,no,unknown,14,may,197,2,-1,0,unknown,no,2026-10-17 22:00:00
37,blue-collar,married,primary,no,175,yes,yes,cellular,4,feb,430,2,272,3,other,no,2026-10-17 23:00:00
36,management,married,tertiary,no,287,yes,yes,cellular,15,jul,119,5,-1,0,unknown,no,2026-10-18 00:00:00
48,blue-collar,married,secondary,no,863,yes,no,telephone,4,may,412,5,350,2,success,yes,2026-10-18 01:00:00
38,blue-collar,married,primary,no,1327,yes,no,cellular,20,nov,277,1,-1,0,unknown,no,2026-10-18 02:00:00
54,blue-collar,married,secondary,no,448,yes,yes,cellular,5,aug,98,1,-1,0,unknown,no,2026-10-18 03:00:00
55,services,married,secondary,no,560,yes,no,unknown,9,may,91,3,-1,0,unknown,no,2026-10-18 04:00:00
28,management,single,tertiary,no,437,no,no,cellular,5,may,338,1,-1,0,unknown,yes,2026-10-18 05:00:00
53,admin.,married,secondary,no,7598,yes,no,unknown,23,may,27,7,-1,0,unknown,no,2026-10-18 06:00:00
41,admin.,single,secondary,no,0,yes,yes,cellular,7,jul,166,1,-1,0,unknown,no,2026-10-18 07:00:00
24,student,single,secondary,no,3176,no,no,cellular,13,jan,108,2,-1,0,unknown,yes,2026-10-18 08:00:00
33,management,married,tertiary,no,2374,yes,yes,cellular,8,aug,212,2,-1,0,unknown,no,2026-10-18 09:00:00
41,blue-collar,married,secondary,no,1882,yes,yes,telephone,29,jul,165,2,-1,0,unknown,no,2026-10-18 10:00:00
42,blue-collar,married,secondary,no,193,yes,no,unknown,17,jun,171,1,-1,0,unknown,no,2026-10-18 11:00:00
59,retired,married,primary,no,824,yes,no,telephone,28,jul,81,3,-1,0,unknown,no,2026-10-18 12:00:00
47,self-employed,divorced,secondary,no,8515,yes,no,unknown,20,nov,14,7,112,4,other,no,2026-10-18 13:00:00
53,admin.,married,secondary,no,257,no,no,cellular,5,aug,222,1,-1,0,unknown,no,2026-10-18 14:00:00
45,admin.,married,secondary,no,356,no,no,cellular,25,aug,42,6,-1,0,unknown,no,2026-10-18 15:00:00
26,services,single,secondary,no,1095,no,no,cellular,28,jan,410,2,-1,0,unknown,no,2026-10-18 16:00:00
36,technician,married,secondary,no,319,yes,no,cellular,29,jan,29,1,266,1,failure,no,2026-10-18 17:00:00
32,housemaid,married,secondary,no,3469,no,no,cellular,7,aug,306,2,-1,0,unknown,no,2026-10-18 18:00:00
54,technician,divorced,secondary,no,2156,yes,no,cellular,3,feb,261,1,195,4,failure,yes,2026-10-18 19:00:00
58,unemployed,single,secondary,no,1013,yes,no,cellular,30,jul,341,5,-1,0,unknown,no,2026-10-18 20:00:00
43,blue-collar,single,primary,no,36,yes,no,unknown,9,may,163,2,-1,0,unknown,no,2026-10-18 21:00:00
40,blue-collar,married,primary,no,69,yes,no,cellular,17,nov,375,1,-1,0,unknown,no,2026-10-18 22:00:00
43,admin.,single,secondary,no,733,yes,no,cellular,21,aug,126,1,88,4,success,yes,2026-10-18 23:00:00
70,retired,divorced,primary,no,275,no,no,cellular,15,apr,82,1,-1,0,unknown,yes,2026-10-19 00:00:00
41,unemployed,single,tertiary,no,79,no,no,telephone,9,nov,394,1,390,2,success,yes,2026-10-19 01:00:00
31,technician,single,tertiary,no,1881,no,no,cellular,19,nov,145,1,-1,0,unknown,no,2026-10-19 02:00:00
46,admin.,divorced,secondary,no,3201,yes,no,telephone,13,may,157,3,-1,0,unknown,no,2026-10-19 03:00:00
46,management,married,tertiary,no,1285,yes,no,unknown,27,may,89,1,-1,0,unknown,no,2026-10-19 04:00:00
31,unemployed,married,secondary,no,20,no,no,telephone,18,nov,52,1,-1,0,unknown,no,2026-10-19 05:00:00
36,management,single,tertiary,no,2706,no,no,cellular,31,jul,75,3,-1,0,unknown,no,2026-10-19 06:00:00
43,services,married,secondary,no,14679,yes,no,cellular,20,nov,165,3,-1,0,unknown,no,2026-10-19 07:00:00
42,blue-collar,married,primary,no,3405,yes,no,unknown,15,may,221,2,-1,0,unknown,no,2026-10-19 08:00:00
30,services,single,secondary,no,12,no,yes,cellular,31,jul,106,31,-1,0,unknown,no,2026-10-19 09:00:00
37,technician,married,tertiary,no,732,no,no,cellular,25,may,354,1,-1,0,unknown,no,2026-10-19 10:00:00
33,management,married,tertiary,no,2044,yes,no,cellular,15,may,102,3,177,1,failure,no,2026-10-19 11:00:00
53,management,married,tertiary,no,12,no,no,cellular,27,aug,345,10,-1,0,unknown,no,2026-10-19 12:00:00
34,blue-collar,married,secondary,no,1831,yes,no,unknown,20,may,203,2,-1,0,unknown,no,2026-10-19 13:00:00
36,technician,single,secondary,no,301,yes,yes,cellular,29,jul,367,1,-1,0,unknown,no,2026-10-19 14:00:00
45,housemaid,married,primary,no,7353,no,no,cellular,13,aug,536,2,-1,0,unknown,no,2026-10-19 15:00:00
37,technician,married,secondary,no,2209,no,no,unknown,20,jun,167,2,-1,0,unknown,no,2026-10-19 16:00:00
57,admin.,married,primary,no,853,yes,no,cellular,8,aug,86,4,-1,0,unknown,no,2026-10-19 17:00:00
32,technician,single,secondary,no,230,yes,no,cellular,18,may,442,1,266,8,failure,yes,2026-10-19 18:00:00
55,management,married,tertiary,no,1288,yes,no,unknown,8,may,67,2,-1,0,unknown,no,2026-10-19 19:00:00
37,management,single,tertiary,no,876,yes,no,cellular,15,apr,140,4,327,2,failure,no,2026-10-19 20:00:00
27,admin.,single,secondary,no,276,yes,no,unknown,19,may,311,2,-1,0,unknown,no,2026-10-19 21:00:00
41,unknown,single,tertiary,no,1567,no,no,cellular,1,jul,291,2,-1,0,unknown,no,2026-10-19 22:00:00
33,entrepreneur,married,tertiary,no,127,no,yes,cellular,9,jul,279,1,-1,0,unknown,no,2026-10-19 23:00:00
21,student,single,secondary,no,224,no,no,cellular,30,apr,871,1,-1,0,unknown,yes,2026-10-20 00:00:00
52,management,married,unknown,no,1708,no,no,unknown,6,sep,310,1,75,4,failure,yes,2026-10-20 01:00:00
26,management,single,tertiary,no,2692,no,no,unknown,28,may,159,2,-1,0,unknown,no,2026-10-20 02:00:00
37,management,married,tertiary,no,1594,yes,no,cellular,17,apr,110,1,260,5,failure,no,2026-10-20 03:00:00
49,technician,married,secondary,no,0,yes,no,cellular,11,jul,178,2,-1,0,unknown,no,2026-10-20 04:00:00
19,student,single,secondary,no,4,no,no,cellular,3,sep,114,1,-1,0,unknown,no,2026-10-20 05:00:00
36,unemployed,divorced,secondary,no,871,no,no,cellular,12,aug,396,3,-1,0,unknown,yes,2026-10-20 06:00:00
50,unknown,married,unknown,no,558,no,no,cellular,9,jul,464,1,683,6,failure,yes,2026-10-20 07:00:00
36,blue-collar,married,secondary,no,1797,yes,yes,unknown,20,may,185,2,-1,0,unknown,no,2026-10-20 08:00:00
28,blue-collar,married,secondary,no,1072,yes,no,cellular,18,may,630,2,356,4,other,no,2026-10-20 09:00:00
30,technician,single,tertiary,no,0,no,yes,telephone,14,aug,226,3,-1,0,unknown,no,2026-10-20 10:00:00
32,management,single,tertiary,no,520,no,no,cellular,3,feb,443,2,-1,0,unknown,yes,2026-10-20 11:00:00
41,blue-collar,married,secondary,no,4900,yes,no,telephone,31,jul,121,2,-1,0,unknown,no,2026-10-20 12:00:00
37,blue-collar,married,primary,no,693,yes,no,unknown,7,may,327,3,-1,0,unknown,no,2026-10-20 13:00:00
32,technician,divorced,secondary,no,409,no,yes,cellular,26,aug,74,4,-1,0,unknown,no,2026-10-20 14:00:00
30,management,single,tertiary,no,1456,yes,no,cellular,20,nov,227,1,-1,0,unknown,no,2026-10-20 15:00:00
33,blue-collar,married,unknown,no,-923,yes,no,telephone,31,jul,237,9,-1,0,unknown,no,2026-10-20 16:00:00
31,blue-collar,married,secondary,no,379,no,no,cellular,8,aug,299,5,-1,0,unknown,no,2026-10-20 17:00:00
48,blue-collar,married,secondary,yes,0,yes,yes,cellular,7,may,275,1,-1,0,unknown,no,2026-10-20 18:00:00
58,blue-collar,divorced,secondary,no,314,no,no,unknown,25,jun,67,2,-1,0,unknown,no,2026-10-20 19:00:00
32,blue-collar,married,primary,no,7406,yes,no,unknown,20,may,418,2,-1,0,unknown,no,2026-10-20 20:00:00
53,management,married,tertiary,no,1348,no,yes,cellular,17,jul,120,3,-1,0,unknown,no,2026-10-20 21:00:00
35,blue-collar,divorced,primary,no,300,yes,no,unknown,13,may,945,2,-1,0,unknown,yes,2026-10-20 22:00:00
57,admin.,divorced,unknown,no,887,no,no,unknown,20,jun,43,8,-1,0,unknown,no,2026-10-20 23:00:00
52,blue-collar,married,tertiary,no,297,yes,no,unknown,7,may,55,1,-1,0,unknown,no,2026-10-21 00:00:00
55,retired,divorced,primary,no,925,no,no,unknown,17,jun,254,1,-1,0,unknown,no,2026-10-21 01:00:00
40,services,married,secondary,no,5248,yes,yes,cellular,20,nov,194,4,188,8,other,no,2026-10-21 02:00:00
39,services,married,secondary,no,3294,no,yes,cellular,20,nov,116,1,-1,0,unknown,no,2026-10-21 03:00:00
42,management,single,tertiary,no,100,no,no,cellular,7,aug,64,2,-1,0,unknown,no,2026-10-21 04:00:00
36,management,married,tertiary,no,85,no,no,cellular,19,aug,249,3,-1,0,unknown,no,2026-10-21 05:00:00
61,management,married,tertiary,no,175,no,no,telephone,4,feb,79,2,183,2,success,no,2026-10-21 06:00:00
58,self-employed,married,secondary,no,0,yes,no,telephone,3,feb,702,3,264,9,failure,no,2026-10-21 07:00:00
55,management,married,secondary,no,0,no,no,unknown,18,jun,324,2,-1,0,unknown,no,2026-10-21 08:00:00
32,entrepreneur,married,secondary,no,-242,yes,no,cellular,20,apr,1202,3,-1,0,unknown,yes,2026-10-21 09:00:00
33,blue-collar,married,primary,no,1138,yes,yes,cellular,15,may,122,2,343,4,failure,no,2026-10-21 10:00:00
31,technician,married,secondary,no,467,yes,no,cellular,11,may,171,2,-1,0,unknown,no,2026-10-21 11:00:00
39,blue-collar,married,secondary,no,679,yes,no,unknown,17,jun,341,1,-1,0,unknown,no,2026-10-21 12:00:00
35,blue-collar,married,secondary,no,577,no,no,cellular,13,may,55,1,364,1,failure,no,2026-10-21 13:00:00
42,entrepreneur,married,tertiary,no,233,no,no,cellular,5,feb,446,1,-1,0,unknown,no,2026-10-21 14:00:00
48,unemployed,married,secondary,no,1811,yes,no,telephone,31,jul,135,3,-1,0,unknown,no,2026-10-21 15:00:00
30,management,single,tertiary,no,7845,yes,no,unknown,3,jun,59,1,-1,0,unknown,no,2026-10-21 16:00:00
48,management,married,tertiary,no,1,no,no,telephone,10,nov,248,1,-1,0,unknown,yes,2026-10-21 17:00:00
31,admin.,single,secondary,no,112,yes,no,cellular,22,jul,102,7,-1,0,unknown,no,2026-10-21 18:00:00
53,management,married,tertiary,no,800,no,no,cellular,18,nov,90,1,-1,0,unknown,no,2026-10-21 19:00:00
46,management,married,tertiary,no,1375,yes,no,cellular,17,nov,308,3,-1,0,unknown,no,2026-10-21 20:00:00
30,management,married,secondary,no,0,yes,no,cellular,12,may,756,3,-1,0,unknown,no,2026-10-21 21:00:00
64,management,married,primary,no,0,yes,no,cellular,16,feb,65,1,-1,0,unknown,no,2026-10-21 22:00:00
38,technician,married,tertiary,no,1004,yes,no,cellular,16,apr,444,2,-1,0,unknown,no,2026-10-21 23:00:00
40,technician,divorced,secondary,no,275,no,no,cellular,13,aug,409,4,-1,0,unknown,no,2026-10-22 00:00:00
29,management,married,tertiary,no,-218,yes,no,unknown,28,may,121,1,-1,0,unknown,no,2026-10-22 01:00:00
31,management,single,tertiary,no,0,no,no,cellular,28,aug,35,31,-1,0,unknown,no,2026-10-22 02:00:00
41,admin.,married,secondary,yes,-120,no,no,cellular,29,aug,76,4,-1,0,unknown,no,2026-10-22 03:00:00
41,unknown,married,unknown,no,779,no,no,cellular,30,jul,647,10,-1,0,unknown,no,2026-10-22 04:00:00
30,blue-collar,married,secondary,no,-529,yes,no,cellular,12,may,416,4,-1,0,unknown,no,2026-10-22 05:00:00
40,services,single,secondary,no,4126,no,no,cellular,4,feb,671,2,-1,0,unknown,no,2026-10-22 06:00:00
53,unemployed,married,secondary,no,0,yes,no,unknown,12,jun,313,1,-1,0,unknown,no,2026-10-22 07:00:00
27,services,married,secondary,no,311,yes,no,cellular,15,may,50,1,352,1,failure,no,2026-10-22 08:00:00
52,management,married,tertiary,no,583,no,no,cellular,17,may,376,1,181,3,success,yes,2026-10-22 09:00:00
53,admin.,single,secondary,no,-285,no,yes,unknown,11,jun,328,1,-1,0,unknown,no,2026-10-22 10:00:00
31,management,single,tertiary,no,0,no,no,cellular,25,aug,9,12,-1,0,unknown,no,2026-10-22 11:00:00
35,admin.,married,secondary,no,348,yes,yes,cellular,15,jul,323,3,-1,0,unknown,no,2026-10-22 12:00:00
48,technician,married,secondary,no,3142,no,no,unknown,23,may,563,1,-1,0,unknown,no,2026-10-22 13:00:00
39,technician,married,tertiary,no,-218,no,no,unknown,20,jun,8,13,-1,0,unknown,no,2026-10-22 14:00:00
38,management,married,tertiary,no,5779,yes,no,unknown,23,may,75,3,-1,0,unknown,no,2026-10-22 15:00:00
33,technician,single,secondary,no,647,yes,yes,cellular,4,feb,124,1,273,1,other,no,2026-10-22 16:00:00
23,services,single,secondary,no,495,yes,yes,cellular,18,may,302,1,-1,0,unknown,no,2026-10-22 17:00:00
39,management,divorced,tertiary,no,36,no,yes,cellular,13,may,133,1,-1,0,unknown,no,2026-10-22 18:00:00
32,blue-collar,single,secondary,no,226,yes,no,unknown,5,jun,426,5,-1,0,unknown,no,2026-10-22 19:00:00
59,retired,married,unknown,no,178,yes,no,telephone,11,jul,330,2,-1,0,unknown,no,2026-10-22 20:00:00
43,blue-collar,married,primary,no,483,yes,no,cellular,12,may,225,3,-1,0,unknown,no,2026-10-22 21:00:00
44,management,married,tertiary,no,1791,no,no,cellular,11,feb,71,1,190,1,success,yes,2026-10-22 22:00:00
43,blue-collar,married,primary,no,255,yes,no,cellular,17,jul,180,1,-1,0,unknown,no,2026-10-22 23:00:00
39,unemployed,single,secondary,no,-114,yes,no,cellular,3,feb,372,1,-1,0,unknown,yes,2026-10-23 00:00:00
24,student,single,secondary,no,1250,no,no,cellular,25,mar,411,2,-1,0,unknown,yes,2026-10-23 01:00:00
63,housemaid,married,tertiary,no,1528,no,no,cellular,18,jan,309,2,95,3,success,no,2026-10-23 02:00:00
52,management,single,tertiary,no,741,no,no,cellular,7,aug,63,2,-1,0,unknown,no,2026-10-23 03:00:00
41,technician,married,secondary,no,634,no,no,cellular,7,aug,122,2,-1,0,unknown,no,2026-10-23 04:00:00
24,blue-collar,married,secondary,no,204,yes,yes,cellular,17,apr,229,3,-1,0,unknown,no,2026-10-23 05:00:00
41,admin.,married,tertiary,no,226,yes,no,cellular,15,jul,157,5,-1,0,unknown,no,2026-10-23 06:00:00
37,technician,single,unknown,no,334,no,yes,cellular,25,jul,442,12,-1,0,unknown,no,2026-10-23 07:00:00
35,admin.,divorced,secondary,no,579,yes,no,unknown,23,may,250,3,-1,0,unknown,no,2026-10-23 08:00:00
55,blue-collar,married,secondary,no,52,yes,no,unknown,6,may,182,1,-1,0,unknown,no,2026-10-23 09:00:00
44,technician,married,secondary,no,2626,yes,no,cellular,18,nov,170,2,188,3,failure,no,2026-10-23 10:00:00
52,services,married,secondary,no,1000,no,no,cellular,5,aug,766,2,-1,0,unknown,yes,2026-10-23 11:00:00
31,management,married,tertiary,no,140,no,no,cellular,6,feb,9,8,212,4,other,no,2026-10-23 12:00:00
32,management,single,secondary,no,67,no,no,cellular,11,aug,55,2,-1,0,unknown,no,2026-10-23 13:00:00
46,entrepreneur,married,unknown,no,1481,yes,no,unknown,7,may,49,3,-1,0,unknown,no,2026-10-23 14:00:00
29,technician,single,secondary,no,1331,yes,yes,cellular,14,may,246,1,-1,0,unknown,no,2026-10-23 15:00:00
38,unemployed,married,secondary,no,205,yes,no,unknown,20,may,359,2,-1,0,unknown,no,2026-10-23 16:00:00
33,blue-collar,single,secondary,no,4464,yes,no,cellular,25,may,217,1,-1,0,unknown,no,2026-10-23 17:00:00
35,technician,single,secondary,no,1693,yes,no,cellular,10,feb,515,1,-1,0,unknown,yes,2026-10-23 18:00:00
25,blue-collar,single,tertiary,no,1395,yes,no,cellular,15,may,268,1,-1,0,unknown,no,2026-10-23 19:00:00
36,self-employed,single,secondary,no,652,no,no,unknown,17,jun,187,1,-1,0,unknown,no,2026-10-23 20:00:00
48,management,married,tertiary,no,1204,no,no,cellular,3,sep,116,2,760,1,other,no,2026-10-23 21:00:00
35,entrepreneur,single,secondary,no,866,yes,no,cellular,19,nov,147,1,-1,0,unknown,no,2026-10-23 22:00:00
39,services,married,secondary,no,1438,yes,no,unknown,20,may,212,2,-1,0,unknown,no,2026-10-23 23:00:00
34,self-employed,single,tertiary,no,0,yes,no,unknown,2,jul,48,1,422,1,success,no,2026-10-24 00:00:00
44,management,divorced,tertiary,no,36,no,no,cellular,26,oct,127,2,153,3,failure,no,2026-10-24 01:00:00
46,blue-collar,married,primary,no,-29,yes,no,unknown,12,may,322,1,-1,0,unknown,no,2026-10-24 02:00:00
48,admin.,married,secondary,no,126,yes,yes,unknown,6,may,379,2,-1,0,unknown,no,2026-10-24 03:00:00
39,admin.,divorced,secondary,no,399,yes,yes,cellular,14,aug,133,2,-1,0,unknown,no,2026-10-24 04:00:00
48,admin.,married,secondary,no,178,no,no,cellular,10,nov,228,1,-1,0,unknown,no,2026-10-24 05:00:00
30,technician,single,secondary,no,-156,no,yes,cellular,10,jul,119,2,-1,0,unknown,no,2026-10-24 06:00:00
32,blue-collar,divorced,primary,no,142,yes,no,cellular,15,jul,257,5,-1,0,unknown,no,2026-10-24 07:00:00
28,services,single,secondary,no,168,no,no,cellular,1,jun,347,3,140,2,success,yes,2026-10-24 08:00:00
44,housemaid,married,secondary,no,2541,no,no,cellular,27,aug,138,3,-1,0,unknown,no,2026-10-24 09:00:00
43,entrepreneur,married,secondary,no,556,yes,no,cellular,17,jul,317,1,-1,0,unknown,no,2026-10-24 10:00:00
26,blue-collar,married,secondary,no,160,yes,no,cellular,18,may,252,4,-1,0,unknown,no,2026-10-24 11:00:00
40,blue-collar,divorced,secondary,no,-244,yes,no,cellular,12,may,184,3,-1,0,unknown,no,2026-10-24 12:00:00
51,services,married,secondary,no,53,yes,no,unknown,26,may,140,2,-1,0,unknown,no,2026-10-24 13:00:00
33,technician,divorced,secondary,no,557,yes,no,cellular,20,nov,89,1,91,1,failure,no,2026-10-24 14:00:00
30,services,divorced,secondary,no,167,yes,no,unknown,3,jun,237,2,-1,0,unknown,no,2026-10-24 15:00:00
55,management,divorced,secondary,no,204,yes,no,cellular,11,jul,1973,2,-1,0,unknown,yes,2026-10-24 16:00:00
29,admin.,married,secondary,no,688,yes,no,unknown,21,may,211,1,-1,0,unknown,no,2026-10-24 17:00:00
32,technician,single,secondary,yes,-1,no,no,cellular,29,aug,185,2,-1,0,unknown,no,2026-10-24 18:00:00
30,admin.,single,secondary,no,60,no,no,cellular,29,jan,55,2,-1,0,unknown,no,2026-10-24 19:00:00
25,admin.,single,tertiary,no,407,yes,no,unknown,3,jun,579,1,-1,0,unknown,no,2026-10-24 20:00:00
29,services,single,secondary,no,146,yes,no,unknown,19,may,104,2,-1,0,unknown,no,2026-10-24 21:00:00
51,admin.,divorced,secondary,no,520,no,yes,cellular,10,jul,157,1,-1,0,unknown,no,2026-10-24 22:00:00
41,services,married,secondary,no,-141,yes,yes,unknown,2,jun,243,3,-1,0,unknown,no,2026-10-24 23:00:00
46,management,single,tertiary,no,46,no,yes,cellular,17,nov,80,1,152,1,failure,no,2026-10-25 00:00:00
43,housemaid,married,primary,no,1342,yes,yes,unknown,9,may,46,2,-1,0,unknown,no,2026-10-25 01:00:00
30,blue-collar,single,primary,no,413,yes,no,cellular,15,may,148,1,345,4,other,no,2026-10-25 02:00:00
32,blue-collar,divorced,secondary,no,107,yes,yes,cellular,10,jul,120,1,-1,0,unknown,no,2026-10-25 03:00:00
34,management,single,tertiary,no,184,no,no,cellular,22,jul,203,4,-1,0,unknown,no,2026-10-25 04:00:00
37,blue-collar,divorced,secondary,no,625,yes,no,cellular,15,may,68,4,359,2,failure,no,2026-10-25 05:00:00
42,admin.,married,unknown,no,756,no,no,cellular,14,oct,72,4,160,3,failure,no,2026-10-25 06:00:00
57,retired,married,primary,no,1532,no,no,telephone,6,feb,286,3,-1,0,unknown,no,2026-10-25 07:00:00
33,management,married,secondary,no,11,yes,no,cellular,4,may,104,3,-1,0,unknown,no,2026-10-25 08:00:00
29,entrepreneur,single,tertiary,no,219,yes,no,cellular,18,may,76,2,356,1,failure,no,2026-10-25 09:00:00
29,management,single,tertiary,no,3041,yes,no,cellular,8,may,606,3,-1,0,unknown,yes,2026-10-25 10:00:00
29,blue-collar,married,secondary,no,1175,yes,yes,cellular,30,jul,141,4,-1,0,unknown,no,2026-10-25 11:00:00
31,admin.,married,secondary,no,-170,yes,yes,cellular,17,apr,252,1,326,1,failure,no,2026-10-25 12:00:00
43,admin.,married,secondary,no,544,yes,no,cellular,7,may,187,1,-1,0,unknown,no,2026-10-25 13:00:00
39,technician,single,secondary,no,1022,yes,no,unknown,20,may,1410,2,-1,0,unknown,yes,2026-10-25 14:00:00
40,management,married,tertiary,no,8969,yes,no,cellular,17,nov,153,1,-1,0,unknown,no,2026-10-25 15:00:00
30,blue-collar,married,secondary,no,5143,yes,yes,unknown,20,may,236,2,-1,0,unknown,no,2026-10-25 16:00:00
44,management,divorced,tertiary,no,-710,yes,no,cellular,10,jul,183,1,-1,0,unknown,no,2026-10-25 17:00:00
33,technician,married,unknown,no,1450,no,no,cellular,27,apr,81,1,-1,0,unknown,no,2026-10-25 18:00:00
31,technician,single,secondary,no,19,no,no,telephone,4,jul,65,2,-1,0,unknown,no,2026-10-25 19:00:00
41,admin.,divorced,tertiary,no,-298,yes,no,cellular,5,may,397,1,-1,0,unknown,no,2026-10-25 20:00:00
49,technician,divorced,tertiary,no,917,no,no,cellular,11,aug,165,6,-1,0,unknown,no,2026-10-25 21:00:00
38,management,married,tertiary,no,46,no,no,cellular,29,aug,70,4,-1,0,unknown,no,2026-10-25 22:00:00
53,management,married,tertiary,no,0,yes,yes,cellular,21,nov,266,6,-1,0,unknown,no,2026-10-25 23:00:00
33,technician,single,secondary,no,199,no,no,cellular,18,aug,178,4,-1,0,unknown,no,2026-10-26 00:00:00
51,technician,single,secondary,no,4089,yes,no,unknown,19,may,318,1,-1,0,unknown,no,2026-10-26 01:00:00
60,management,married,primary,no,130,no,no,cellular,28,jan,374,2,-1,0,unknown,no,2026-10-26 02:00:00
48,blue-collar,married,primary,no,1203,no,no,cellular,6,aug,61,5,-1,0,unknown,no,2026-10-26 03:00:00
34,blue-collar,married,secondary,no,205,yes,yes,cellular,7,jul,309,1,-1,0,unknown,no,2026-10-26 04:00:00
48,housemaid,married,tertiary,no,197,no,no,cellular,28,aug,256,8,-1,0,unknown,no,2026-10-26 05:00:00
49,management,married,tertiary,no,3022,no,no,unknown,19,jun,38,1,-1,0,unknown,no,2026-10-26 06:00:00
33,technician,married,secondary,no,168,yes,no,unknown,26,may,238,2,-1,0,unknown,no,2026-10-26 07:00:00
33,technician,married,tertiary,no,15,no,no,cellular,21,aug,97,2,-1,0,unknown,no,2026-10-26 08:00:00
36,management,single,tertiary,no,1804,no,no,cellular,7,may,170,1,366,1,other,no,2026-10-26 09:00:00
46,technician,married,tertiary,no,342,yes,yes,cellular,5,may,84,1,-1,0,unknown,no,2026-10-26 10:00:00
43,entrepreneur,married,primary,no,526,yes,no,unknown,7,may,79,4,-1,0,unknown,no,2026-10-26 11:00:00
35,technician,single,secondary,no,2144,yes,no,cellular,30,jan,146,2,262,2,failure,no,2026-10-26 12:00:00
40,admin.,married,secondary,no,1,no,no,unknown,19,jun,84,3,-1,0,unknown,no,2026-10-26 13:00:00
50,blue-collar,married,primary,no,421,yes,no,cellular,21,jul,445,4,-1,0,unknown,no,2026-10-26 14:00:00
21,student,single,unknown,no,330,no,no,cellular,19,apr,232,3,364,2,failure,no,2026-10-26 15:00:00
32,blue-collar,married,secondary,no,1879,no,no,cellular,6,feb,591,8,-1,0,unknown,yes,2026-10-26 16:00:00
55,services,married,secondary,no,0,no,no,cellular,8,jul,106,1,-1,0,unknown,no,2026-10-26 17:00:00
36,admin.,married,secondary,no,0,yes,no,cellular,2,feb,236,2,252,1,other,no,2026-10-26 18:00:00
43,services,married,tertiary,no,2764,no,no,cellular,11,aug,270,2,-1,0,unknown,no,2026-10-26 19:00:00
36,management,married,tertiary,no,0,no,no,cellular,21,aug,173,2,-1,0,unknown,no,2026-10-26 20:00:00
37,technician,married,secondary,no,474,yes,no,cellular,14,apr,85,1,322,1,failure,no,2026-10-26 21:00:00
52,management,married,tertiary,no,2063,yes,no,cellular,17,nov,114,1,-1,0,unknown,no,2026-10-26 22:00:00
58,retired,married,primary,no,91,no,yes,cellular,16,jul,204,2,-1,0,unknown,no,2026-10-26 23:00:00
38,unemployed,married,tertiary,no,2812,yes,no,cellular,30,apr,830,1,-1,0,unknown,yes,2026-10-27 00:00:00
45,technician,married,secondary,no,2124,yes,no,unknown,30,may,84,3,-1,0,unknown,no,2026-10-27 01:00:00
35,admin.,single,secondary,no,1070,no,no,cellular,20,nov,251,2,-1,0,unknown,no,2026-10-27 02:00:00
31,management,single,tertiary,no,6542,yes,no,cellular,21,nov,71,3,192,2,other,no,2026-10-27 03:00:00
26,student,single,secondary,no,372,yes,no,cellular,15,may,34,11,374,2,other,no,2026-10-27 04:00:00
34,technician,divorced,secondary,no,49,no,no,cellular,8,may,142,1,-1,0,unknown,no,2026-10-27 05:00:00
58,unemployed,married,secondary,no,687,yes,no,cellular,7,aug,221,1,99,2,success,yes,2026-10-27 06:00:00
59,management,married,tertiary,no,2764,no,no,cellular,18,feb,459,1,56,3,failure,no,2026-10-27 07:00:00
39,management,married,tertiary,no,416,yes,no,cellular,7,apr,145,1,-1,0,unknown,no,2026-10-27 08:00:00
40,services,married,secondary,no,191,yes,no,cellular,18,may,201,2,293,6,other,no,2026-10-27 09:00:00
40,admin.,married,secondary,no,2523,yes,no,unknown,16,may,75,1,-1,0,unknown,no,2026-10-27 10:00:00
27,student,single,tertiary,no,838,no,no,cellular,11,oct,162,1,-1,0,unknown,no,2026-10-27 11:00:00
32,admin.,single,secondary,no,73,yes,no,unknown,28,may,545,1,-1,0,unknown,no,2026-10-27 12:00:00
29,blue-collar,married,secondary,no,185,yes,yes,unknown,5,jun,471,3,-1,0,unknown,no,2026-10-27 13:00:00
43,management,married,tertiary,no,11754,no,no,cellular,7,aug,352,2,-1,0,unknown,no,2026-10-27 14:00:00
31,services,single,secondary,no,0,yes,no,unknown,26,may,223,2,-1,0,unknown,no,2026-10-27 15:00:00
51,self-employed,married,primary,no,307,yes,yes,unknown,17,jun,65,2,-1,0,unknown,no,2026-10-27 16:00:00
38,technician,married,secondary,no,0,no,no,cellular,26,aug,65,4,-1,0,unknown,no,2026-10-27 17:00:00
26,blue-collar,married,secondary,no,145,no,no,cellular,29,jan,309,2,-1,0,unknown,no,2026-10-27 18:00:00
35,blue-collar,married,primary,yes,0,yes,no,unknown,7,may,292,1,-1,0,unknown,no,2026-10-27 19:00:00
71,retired,married,tertiary,no,3895,no,no,cellular,7,aug,116,1,-1,0,unknown,no,2026-10-27 20:00:00
38,technician,single,tertiary,no,1369,yes,no,cellular,3,feb,841,3,-1,0,unknown,no,2026-10-27 21:00:00
27,entrepreneur,married,secondary,no,47,yes,no,unknown,18,jun,114,4,-1,0,unknown,no,2026-10-27 22:00:00
50,management,single,tertiary,no,486,no,yes,unknown,11,jan,28,1,-1,0,unknown,no,2026-10-27 23:00:00
50,technician,married,tertiary,no,2313,no,no,cellular,5,aug,553,1,-1,0,unknown,yes,2026-10-28 00:00:00
46,blue-collar,married,secondary,no,524,yes,no,telephone,5,may,15,7,-1,0,unknown,no,2026-10-28 01:00:00
27,student,single,unknown,no,1444,no,no,cellular,4,may,130,1,91,2,failure,no,2026-10-28 02:00:00
38,management,married,tertiary,no,66,yes,no,unknown,8,may,124,1,-1,0,unknown,no,2026-10-28 03:00:00
41,admin.,married,secondary,no,125,no,no,cellular,7,jul,244,4,-1,0,unknown,no,2026-10-28 04:00:00
40,technician,married,secondary,no,5517,yes,no,unknown,23,may,146,13,-1,0,unknown,no,2026-10-28 05:00:00
34,services,married,secondary,no,382,yes,yes,cellular,21,jul,149,7,-1,0,unknown,no,2026-10-28 06:00:00
56,management,married,tertiary,no,2333,no,no,cellular,4,may,244,1,-1,0,unknown,yes,2026-10-28 07:00:00
31,management,single,tertiary,no,533,no,no,telephone,12,may,372,1,90,10,success,yes,2026-10-28 08:00:00
46,blue-collar,married,primary,no,0,yes,yes,unknown,8,may,390,3,-1,0,unknown,no,2026-10-28 09:00:00
42,blue-collar,married,secondary,no,-972,yes,no,unknown,29,may,146,1,-1,0,unknown,no,2026-10-28 10:00:00
33,services,married,secondary,no,207,yes,no,cellular,14,may,629,4,-1,0,unknown,yes,2026-10-28 11:00:00
31,services,married,secondary,no,289,yes,no,unknown,21,may,262,2,-1,0,unknown,no,2026-10-28 12:00:00
32,technician,married,unknown,no,429,yes,no,cellular,20,apr,31,3,153,2,other,no,2026-10-28 13:00:00
34,management,single,tertiary,no,3635,yes,no,unknown,27,may,68,9,-1,0,unknown,no,2026-10-28 14:00:00
29,management,single,tertiary,no,3846,no,no,cellular,3,jun,313,2,-1,0,unknown,yes,2026-10-28 15:00:00
37,admin.,married,primary,no,3913,yes,no,unknown,9,jun,76,2,-1,0,unknown,no,2026-10-28 16:00:00
64,retired,married,secondary,no,4787,no,no,cellular,28,oct,501,1,-1,0,unknown,yes,2026-10-28 17:00:00
48,management,married,secondary,no,161,yes,no,unknown,5,may,224,3,-1,0,unknown,no,2026-10-28 18:00:00
46,management,divorced,secondary,no,270,no,no,unknown,12,jun,125,1,-1,0,unknown,no,2026-10-28 19:00:00
43,unemployed,divorced,secondary,no,4478,yes,no,unknown,13,may,133,1,-1,0,unknown,no,2026-10-28 20:00:00
29,technician,single,tertiary,no,433,yes,no,unknown,9,may,247,1,-1,0,unknown,no,2026-10-28 21:00:00
40,technician,married,tertiary,no,2946,no,no,unknown,9,jun,78,2,-1,0,unknown,no,2026-10-28 22:00:00
38,technician,single,secondary,no,275,yes,no,cellular,28,jan,52,1,-1,0,unknown,no,2026-10-28 23:00:00
42,housemaid,single,secondary,no,284,yes,no,cellular,17,apr,134,3,-1,0,unknown,no,2026-10-29 00:00:00
34,blue-collar,single,secondary,no,-231,yes,no,cellular,13,may,9,8,-1,0,unknown,no,2026-10-29 01:00:00
36,technician,single,secondary,no,125,yes,no,cellular,15,may,676,3,-1,0,unknown,yes,2026-10-29 02:00:00
53,unemployed,divorced,secondary,no,587,no,no,cellular,19,nov,561,1,-1,0,unknown,yes,2026-10-29 03:00:00
33,management,married,tertiary,no,-139,no,no,cellular,8,jul,290,1,-1,0,unknown,no,2026-10-29 04:00:00
31,admin.,single,secondary,no,423,no,no,cellular,11,aug,215,1,-1,0,unknown,no,2026-10-29 05:00:00
55,technician,married,secondary,no,570,no,no,cellular,27,aug,94,6,-1,0,unknown,no,2026-10-29 06:00:00
33,management,single,tertiary,yes,-5,no,no,cellular,18,aug,127,4,-1,0,unknown,no,2026-10-29 07:00:00
54,blue-collar,married,primary,no,0,no,no,cellular,18,aug,144,2,-1,0,unknown,no,2026-10-29 08:00:00
31,management,married,tertiary,no,1215,no,no,cellular,25,jul,80,2,-1,0,unknown,no,2026-10-29 09:00:00
43,management,married,tertiary,no,422,no,no,cellular,12,aug,110,1,-1,0,unknown,no,2026-10-29 10:00:00
50,blue-collar,married,primary,no,4121,yes,yes,cellular,20,apr,184,2,151,1,failure,no,2026-10-29 11:00:00
48,management,married,tertiary,no,1519,no,no,cellular,25,aug,360,5,-1,0,unknown,no,2026-10-29 12:00:00
32,blue-collar,single,secondary,no,1940,yes,yes,unknown,13,may,299,3,-1,0,unknown,no,2026-10-29 13:00:00
47,services,married,secondary,no,1111,no,no,unknown,20,jun,415,4,-1,0,unknown,no,2026-10-29 14:00:00
41,blue-collar,married,unknown,no,1057,yes,no,unknown,14,may,247,2,-1,0,unknown,no,2026-10-29 15:00:00
65,management,divorced,tertiary,no,2756,no,no,cellular,23,sep,1353,2,-1,0,unknown,no,2026-10-29 16:00:00
33,blue-collar,married,secondary,no,3458,yes,no,cellular,20,apr,54,1,-1,0,unknown,no,2026-10-29 17:00:00
39,services,divorced,secondary,no,2140,yes,no,cellular,16,apr,539,1,-1,0,unknown,no,2026-10-29 18:00:00
30,blue-collar,married,secondary,no,322,yes,no,cellular,20,apr,190,2,326,1,other,no,2026-10-29 19:00:00
30,admin.,married,secondary,no,122,yes,no,unknown,16,may,107,1,-1,0,unknown,no,2026-10-29 20:00:00
31,management,married,tertiary,no,607,no,no,cellular,27,aug,200,5,-1,0,unknown,no,2026-10-29 21:00:00
51,admin.,married,secondary,no,531,yes,no,unknown,5,may,267,2,-1,0,unknown,no,2026-10-29 22:00:00
31,technician,married,secondary,no,106,yes,no,unknown,13,may,101,13,-1,0,unknown,no,2026-10-29 23:00:00
23,admin.,single,secondary,no,749,no,no,cellular,9,jul,315,4,-1,0,unknown,no,2026-10-30 00:00:00
36,services,married,secondary,no,52,yes,no,cellular,5,mar,498,2,179,7,success,yes,2026-10-30 01:00:00
44,technician,single,secondary,no,54,no,yes,cellular,19,aug,199,2,-1,0,unknown,no,2026-10-30 02:00:00
39,services,married,secondary,no,1367,yes,no,unknown,9,jun,53,4,-1,0,unknown,no,2026-10-30 03:00:00
55,technician,divorced,secondary,no,689,yes,no,cellular,6,aug,174,4,-1,0,unknown,no,2026-10-30 04:00:00
53,management,married,secondary,no,2693,no,no,cellular,5,mar,90,1,104,1,failure,yes,2026-10-30 05:00:00
56,entrepreneur,married,unknown,no,88,yes,no,unknown,13,may,172,2,-1,0,unknown,no,2026-10-30 06:00:00
49,blue-collar,married,primary,no,3915,yes,no,telephone,15,apr,44,1,-1,0,unknown,no,2026-10-30 07:00:00
33,technician,single,secondary,no,2481,no,no,cellular,21,nov,113,1,101,2,failure,no,2026-10-30 08:00:00
36,self-employed,single,tertiary,no,4634,no,no,cellular,29,jan,162,1,-1,0,unknown,no,2026-10-30 09:00:00
59,housemaid,divorced,secondary,no,45141,no,no,unknown,6,jun,42,1,-1,0,unknown,no,2026-10-30 10:00:00
45,blue-collar,single,tertiary,no,-243,no,yes,cellular,8,jul,171,2,-1,0,unknown,no,2026-10-30 11:00:00
37,entrepreneur,married,tertiary,no,0,no,no,unknown,23,may,118,3,-1,0,unknown,no,2026-10-30 12:00:00
41,management,married,tertiary,no,223,yes,no,unknown,16,may,124,1,-1,0,unknown,no,2026-10-30 13:00:00
58,blue-collar,divorced,primary,no,1299,no,no,cellular,19,jul,128,2,234,2,failure,no,2026-10-30 14:00:00
35,management,single,tertiary,no,7506,yes,no,unknown,30,oct,248,1,-1,0,unknown,yes,2026-10-30 15:00:00
36,admin.,single,secondary,no,5871,no,no,cellular,19,aug,321,2,-1,0,unknown,no,2026-10-30 16:00:00
49,admin.,married,secondary,no,635,no,no,telephone,22,jul,400,8,-1,0,unknown,no,2026-10-30 17:00:00
28,technician,single,secondary,no,6551,no,no,cellular,10,mar,97,1,-1,0,unknown,no,2026-10-30 18:00:00
37,management,married,secondary,no,565,no,no,cellular,5,may,329,1,6,2,success,no,2026-10-30 19:00:00
43,technician,married,secondary,no,0,yes,yes,cellular,4,feb,539,8,204,5,failure,no,2026-10-30 20:00:00
64,unknown,married,unknown,no,2280,no,no,telephone,7,sep,289,1,-1,0,unknown,no,2026-10-30 21:00:00
39,technician,divorced,secondary,no,0,no,no,cellular,29,aug,35,6,-1,0,unknown,no,2026-10-30 22:00:00
60,management,married,tertiary,no,3401,no,no,cellular,2,feb,121,1,95,2,success,no,2026-10-30 23:00:00
32,technician,married,tertiary,no,3820,yes,no,cellular,3,mar,105,1,-1,0,unknown,no,2026-10-31 00:00:00
51,management,married,tertiary,no,25856,no,no,cellular,14,aug,129,2,-1,0,unknown,no,2026-10-31 01:00:00
31,technician,married,secondary,no,7369,no,no,cellular,19,aug,204,4,-1,0,unknown,no,2026-10-31 02:00:00
56,management,married,tertiary,no,616,no,no,cellular,6,feb,156,1,-1,0,unknown,yes,2026-10-31 03:00:00
30,admin.,married,secondary,no,2931,yes,no,unknown,29,may,199,3,-1,0,unknown,no,2026-10-31 04:00:00
35,technician,married,secondary,no,545,yes,no,cellular,16,apr,1579,1,234,4,failure,yes,2026-10-31 05:00:00
42,technician,single,secondary,no,1882,yes,no,unknown,15,may,87,1,-1,0,unknown,no,2026-10-31 06:00:00
43,blue-collar,married,secondary,no,-141,yes,yes,unknown,23,may,128,1,-1,0,unknown,no,2026-10-31 07:00:00
39,technician,single,tertiary,no,5803,no,no,cellular,2,feb,83,3,-1,0,unknown,no,2026-10-31 08:00:00
32,technician,married,tertiary,no,0,yes,no,cellular,2,jun,149,1,-1,0,unknown,no,2026-10-31 09:00:00
37,entrepreneur,married,tertiary,no,4798,yes,no,unknown,20,may,156,2,-1,0,unknown,no,2026-10-31 10:00:00
47,admin.,married,secondary,no,4480,no,no,telephone,19,nov,60,2,-1,0,unknown,no,2026-10-31 11:00:00
29,management,single,tertiary,no,-27,no,no,cellular,13,may,270,1,-1,0,unknown,yes,2026-10-31 12:00:00
41,technician,single,tertiary,no,159,no,no,cellular,18,nov,164,1,-1,0,unknown,no,2026-10-31 13:00:00
48,technician,married,unknown,no,2106,yes,no,cellular,17,nov,499,2,195,1,failure,no,2026-10-31 14:00:00
63,technician,married,secondary,no,973,no,no,cellular,25,feb,318,1,388,1,success,yes,2026-10-31 15:00:00
55,blue-collar,married,primary,no,-79,no,yes,unknown,27,jun,293,3,-1,0,unknown,no,2026-10-31 16:00:00
86,retired,married,primary,no,5236,no,no,telephone,1,apr,558,2,-1,0,unknown,yes,2026-10-31 17:00:00
36,technician,married,secondary,no,15485,no,no,cellular,26,may,83,1,42,1,success,no,2026-10-31 18:00:00
59,blue-collar,married,secondary,no,0,yes,no,unknown,5,may,226,1,-1,0,unknown,no,2026-10-31 19:00:00
34,technician,single,secondary,no,559,no,no,cellular,22,aug,259,2,-1,0,unknown,no,2026-10-31 20:00:00
40,management,married,tertiary,no,964,yes,no,telephone,13,may,95,3,-1,0,unknown,no,2026-10-31 21:00:00
35,management,single,tertiary,no,681,no,no,cellular,18,feb,737,1,561,2,success,yes,2026-10-31 22:00:00
49,housemaid,married,secondary,no,3812,no,no,unknown,9,jun,121,2,-1,0,unknown,no,2026-10-31 23:00:00
32,housemaid,married,primary,no,67,yes,no,cellular,16,jul,95,4,-1,0,unknown,no,2026-11-01 00:00:00
41,management,married,tertiary,no,1304,yes,no,unknown,5,jun,93,3,-1,0,unknown,no,2026-11-01 01:00:00
32,management,single,tertiary,no,631,no,no,cellular,26,aug,145,5,-1,0,unknown,no,2026-11-01 02:00:00
27,admin.,single,secondary,no,-181,yes,yes,unknown,29,may,81,4,-1,0,unknown,no,2026-11-01 03:00:00
59,retired,married,secondary,no,3,no,no,unknown,17,jun,1199,2,-1,0,unknown,no,2026-11-01 04:00:00
34,management,married,tertiary,no,1310,no,no,telephone,30,jan,521,3,158,7,other,no,2026-11-01 05:00:00
46,management,divorced,tertiary,no,2166,yes,no,cellular,23,jul,870,1,-1,0,unknown,yes,2026-11-01 06:00:00
33,blue-collar,single,secondary,no,1925,yes,no,cellular,8,may,87,2,67,2,failure,no,2026-11-01 07:00:00
32,technician,married,secondary,no,199,no,yes,cellular,13,aug,363,1,-1,0,unknown,no,2026-11-01 08:00:00
49,self-employed,single,tertiary,no,-341,no,yes,cellular,18,nov,920,2,-1,0,unknown,no,2026-11-01 09:00:00
34,services,single,secondary,no,0,yes,no,cellular,6,may,307,2,-1,0,unknown,no,2026-11-01 10:00:00
55,entrepreneur,divorced,primary,no,29,no,no,unknown,16,jun,500,1,-1,0,unknown,no,2026-11-01 11:00:00
35,retired,married,primary,no,329,no,yes,cellular,8,jul,520,3,-1,0,unknown,no,2026-11-01 12:00:00
57,retired,married,primary,no,37,no,no,unknown,25,jun,259,2,-1,0,unknown,no,2026-11-01 13:00:00
57,technician,married,primary,no,1276,yes,no,cellular,30,jan,44,1,200,4,failure,no,2026-11-01 14:00:00
21,services,single,secondary,no,3033,yes,no,cellular,6,may,347,1,-1,0,unknown,no,2026-11-01 15:00:00
39,blue-collar,married,primary,no,3324,no,no,cellular,9,jul,108,1,-1,0,unknown,no,2026-11-01 16:00:00
26,student,single,secondary,no,100,no,no,cellular,26,may,445,1,-1,0,unknown,yes,2026-11-01 17:00:00
40,blue-collar,married,primary,yes,0,yes,no,unknown,6,may,64,2,-1,0,unknown,no,2026-11-01 18:00:00
59,management,married,tertiary,no,220,yes,no,telephone,16,jul,30,2,-1,0,unknown,no,2026-11-01 19:00:00
55,blue-collar,married,primary,no,135,yes,no,cellular,15,may,641,6,-1,0,unknown,no,2026-11-01 20:00:00
34,blue-collar,single,secondary,no,20,yes,yes,cellular,18,nov,262,2,-1,0,unknown,no,2026-11-01 21:00:00
43,management,married,tertiary,no,657,no,no,unknown,18,jun,367,1,-1,0,unknown,no,2026-11-01 22:00:00
51,blue-collar,married,secondary,no,548,no,no,cellular,22,aug,511,4,-1,0,unknown,no,2026-11-01 23:00:00
43,management,married,tertiary,no,0,no,no,cellular,14,jul,1153,3,-1,0,unknown,yes,2026-11-02 00:00:00
35,blue-collar,divorced,primary,yes,0,yes,no,cellular,10,jul,187,1,-1,0,unknown,no,2026-11-02 01:00:00
44,technician,married,secondary,no,0,no,yes,cellular,4,feb,351,2,-1,0,unknown,no,2026-11-02 02:00:00
36,technician,divorced,primary,no,-127,yes,no,cellular,5,may,320,1,-1,0,unknown,no,2026-11-02 03:00:00
40,management,single,secondary,no,192,yes,no,unknown,16,may,71,11,-1,0,unknown,no,2026-11-02 04:00:00
34,blue-collar,single,secondary,no,551,yes,no,cellular,8,may,347,2,-1,0,unknown,no,2026-11-02 05:00:00
45,admin.,single,secondary,no,375,no,yes,unknown,22,sep,10,1,594,6,failure,no,2026-11-02 06:00:00
59,management,married,primary,no,252,yes,yes,unknown,26,may,103,2,-1,0,unknown,no,2026-11-02 07:00:00
35,blue-collar,married,unknown,no,444,no,no,cellular,2,jun,59,2,-1,0,unknown,no,2026-11-02 08:00:00
28,blue-collar,married,primary,no,-196,no,no,cellular,7,jul,209,1,-1,0,unknown,no,2026-11-02 09:00:00
78,retired,married,primary,no,240,no,no,cellular,20,apr,325,1,-1,0,unknown,yes,2026-11-02 10:00:00
42,technician,single,secondary,no,0,no,no,telephone,31,jul,33,13,-1,0,unknown,no,2026-11-02 11:00:00
38,technician,single,tertiary,no,508,yes,yes,cellular,12,aug,1103,2,-1,0,unknown,yes,2026-11-02 12:00:00
57,retired,married,primary,no,341,yes,no,telephone,18,may,27,10,-1,0,unknown,no,2026-11-02 13:00:00
53,blue-collar,married,unknown,no,960,no,yes,unknown,24,jun,180,1,687,2,other,no,2026-11-02 14:00:00
52,technician,divorced,secondary,no,935,no,no,unknown,1,jul,86,1,-1,0,unknown,no,2026-11-02 15:00:00
35,admin.,single,secondary,no,943,no,no,telephone,14,nov,24,1,-1,0,unknown,no,2026-11-02 16:00:00
29,services,single,secondary,no,-142,yes,no,unknown,16,may,140,1,-1,0,unknown,no,2026-11-02 17:00:00
46,management,divorced,tertiary,no,233,yes,yes,cellular,14,may,57,4,-1,0,unknown,no,2026-11-02 18:00:00
40,admin.,married,secondary,no,341,no,no,cellular,31,jul,1142,5,-1,0,unknown,yes,2026-11-02 19:00:00
33,admin.,divorced,secondary,no,661,yes,no,cellular,4,may,90,4,167,3,failure,no,2026-11-02 20:00:00
31,technician,married,secondary,no,671,no,no,cellular,2,feb,119,2,175,2,failure,no,2026-11-02 21:00:00
31,management,single,secondary,yes,0,no,no,cellular,11,feb,112,4,85,2,failure,no,2026-11-02 22:00:00
40,management,married,tertiary,no,2487,no,no,cellular,30,apr,126,1,-1,0,unknown,no,2026-11-02 23:00:00
48,blue-collar,married,primary,no,237,yes,no,unknown,19,jun,18,18,-1,0,unknown,no,2026-11-03 00:00:00
36,admin.,married,secondary,no,114,yes,yes,unknown,8,may,147,1,-1,0,unknown,no,2026-11-03 01:00:00
42,blue-collar,married,unknown,no,8600,no,no,unknown,11,jun,90,9,-1,0,unknown,no,2026-11-03 02:00:00
28,management,single,tertiary,no,0,no,no,telephone,27,may,198,2,-1,0,unknown,no,2026-11-03 03:00:00
38,entrepreneur,married,secondary,no,2139,yes,no,unknown,9,may,576,1,-1,0,unknown,no,2026-11-03 04:00:00
55,retired,single,primary,no,700,no,yes,unknown,27,jun,141,1,-1,0,unknown,no,2026-11-03 05:00:00
41,technician,married,secondary,no,1270,yes,no,unknown,5,may,1389,1,-1,0,unknown,yes,2026-11-03 06:00:00
54,management,married,tertiary,yes,153,no,no,unknown,9,jun,99,3,-1,0,unknown,no,2026-11-03 07:00:00
37,management,divorced,tertiary,no,1775,no,no,cellular,15,jul,514,5,-1,0,unknown,yes,2026-11-03 08:00:00
33,entrepreneur,divorced,tertiary,no,188,yes,no,unknown,7,may,118,3,-1,0,unknown,no,2026-11-03 09:00:00
55,admin.,single,secondary,yes,986,no,yes,cellular,2,feb,12,3,-1,0,unknown,no,2026-11-03 10:00:00
26,student,single,unknown,no,-41,yes,no,unknown,8,may,229,2,-1,0,unknown,no,2026-11-03 11:00:00
31,admin.,married,secondary,no,535,no,no,unknown,9,may,249,3,-1,0,unknown,no,2026-11-03 12:00:00
47,housemaid,married,primary,no,0,no,yes,telephone,23,jul,203,4,-1,0,unknown,no,2026-11-03 13:00:00
32,technician,single,secondary,no,-1,yes,no,cellular,12,may,37,1,-1,0,unknown,no,2026-11-03 14:00:00
24,student,single,unknown,no,358,no,no,cellular,14,jun,245,1,384,1,other,yes,2026-11-03 15:00:00
35,blue-collar,single,secondary,no,8040,yes,no,cellular,13,may,173,2,-1,0,unknown,no,2026-11-03 16:00:00
35,blue-collar,single,primary,no,109,yes,no,unknown,7,may,83,2,-1,0,unknown,no,2026-11-03 17:00:00
30,management,single,tertiary,no,894,no,no,cellular,12,aug,312,6,-1,0,unknown,no,2026-11-03 18:00:00
53,admin.,married,secondary,no,2851,no,yes,telephone,1,jun,89,1,119,1,failure,no,2026-11-03 19:00:00
28,admin.,married,secondary,no,-97,yes,no,cellular,29,jan,79,1,225,2,success,no,2026-11-03 20:00:00
46,unknown,married,unknown,no,0,no,no,cellular,4,aug,343,1,-1,0,unknown,no,2026-11-03 21:00:00
25,management,married,primary,no,168,yes,no,unknown,3,jun,801,1,-1,0,unknown,yes,2026-11-03 22:00:00
30,blue-collar,married,secondary,no,8,yes,no,cellular,19,nov,473,1,-1,0,unknown,no,2026-11-03 23:00:00
26,management,single,secondary,no,63,no,no,cellular,28,jul,76,4,-1,0,unknown,no,2026-11-04 00:00:00
59,unknown,married,primary,no,1470,no,no,unknown,5,jun,74,1,-1,0,unknown,no,2026-11-04 01:00:00
44,management,married,primary,no,2276,yes,no,unknown,17,jun,321,1,-1,0,unknown,no,2026-11-04 02:00:00
32,services,married,secondary,no,61,yes,no,cellular,8,jul,529,5,-1,0,unknown,no,2026-11-04 03:00:00
39,management,married,tertiary,no,12855,yes,no,cellular,19,nov,108,4,173,1,failure,no,2026-11-04 04:00:00
35,self-employed,single,tertiary,no,353,no,no,cellular,12,aug,582,1,-1,0,unknown,yes,2026-11-04 05:00:00
40,unemployed,divorced,secondary,no,0,no,no,unknown,11,jun,473,1,-1,0,unknown,no,2026-11-04 06:00:00
35,technician,single,tertiary,no,5251,yes,no,unknown,17,jun,176,15,-1,0,unknown,no,2026-11-04 07:00:00
31,management,married,secondary,no,625,yes,no,cellular,20,nov,136,1,-1,0,unknown,no,2026-11-04 08:00:00
37,services,married,primary,yes,-483,yes,yes,cellular,19,nov,70,3,-1,0,unknown,no,2026-11-04 09:00:00
43,blue-collar,married,secondary,no,171,yes,no,cellular,13,may,96,1,364,1,failure,no,2026-11-04 10:00:00
56,management,married,secondary,no,1502,no,no,telephone,31,jul,119,11,-1,0,unknown,no,2026-11-04 11:00:00
62,management,married,tertiary,no,557,no,no,cellular,14,aug,185,1,-1,0,unknown,yes,2026-11-04 12:00:00
42,services,divorced,secondary,no,108,no,no,cellular,25,jul,360,13,-1,0,unknown,no,2026-11-04 13:00:00
30,management,single,tertiary,no,1028,no,no,cellular,4,feb,1294,2,-1,0,unknown,yes,2026-11-04 14:00:00
45,services,married,secondary,no,350,yes,yes,unknown,13,may,146,1,-1,0,unknown,no,2026-11-04 15:00:00
40,management,divorced,tertiary,no,3355,no,no,cellular,1,jun,212,1,-1,0,unknown,no,2026-11-04 16:00:00
35,services,married,tertiary,no,0,yes,no,unknown,2,jun,312,2,-1,0,unknown,no,2026-11-04 17:00:00
25,management,married,tertiary,no,4461,no,no,cellular,11,mar,796,5,-1,0,unknown,yes,2026-11-04 18:00:00
70,retired,divorced,primary,no,383,no,no,cellular,28,apr,50,2,-1,0,unknown,no,2026-11-04 19:00:00
60,entrepreneur,married,primary,no,2408,no,no,telephone,20,apr,102,4,-1,0,unknown,no,2026-11-04 20:00:00
26,services,single,secondary,no,1114,no,no,cellular,9,feb,44,2,-1,0,unknown,no,2026-11-04 21:00:00
47,services,divorced,secondary,no,430,yes,yes,unknown,14,may,335,1,-1,0,unknown,no,2026-11-04 22:00:00
36,technician,married,tertiary,no,-718,yes,no,unknown,20,jun,11,20,-1,0,unknown,no,2026-11-04 23:00:00
36,technician,divorced,tertiary,no,0,no,no,unknown,23,may,539,2,-1,0,unknown,no,2026-11-05 00:00:00
36,blue-collar,single,primary,no,49,yes,no,unknown,8,may,405,1,-1,0,unknown,no,2026-11-05 01:00:00
41,blue-collar,married,primary,no,54,yes,no,cellular,10,jul,121,1,-1,0,unknown,no,2026-11-05 02:00:00
60,blue-collar,married,unknown,no,104,yes,no,unknown,5,may,22,1,-1,0,unknown,no,2026-11-05 03:00:00
47,services,married,secondary,no,367,yes,no,cellular,10,jul,476,4,-1,0,unknown,yes,2026-11-05 04:00:00
48,admin.,married,secondary,no,844,no,no,cellular,28,aug,12,21,-1,0,unknown,no,2026-11-05 05:00:00
33,technician,single,secondary,no,390,yes,no,cellular,14,jul,254,2,-1,0,unknown,no,2026-11-05 06:00:00
30,technician,married,unknown,yes,-315,yes,no,unknown,8,may,201,2,-1,0,unknown,no,2026-11-05 07:00:00
58,technician,divorced,secondary,no,0,yes,no,unknown,26,may,273,2,-1,0,unknown,no,2026-11-05 08:00:00
40,retired,divorced,primary,no,919,yes,no,cellular,14,may,103,2,-1,0,unknown,no,2026-11-05 09:00:00
33,technician,single,tertiary,no,255,no,no,cellular,21,aug,247,3,-1,0,unknown,no,2026-11-05 10:00:00
36,technician,single,secondary,no,12264,no,no,cellular,11,oct,285,1,182,2,success,yes,2026-11-05 11:00:00
31,admin.,single,secondary,yes,4,yes,yes,cellular,8,jul,144,1,-1,0,unknown,no,2026-11-05 12:00:00
32,admin.,married,secondary,no,56,yes,no,cellular,2,feb,275,1,258,1,other,no,2026-11-05 13:00:00
28,technician,single,tertiary,no,386,no,no,cellular,25,may,867,1,-1,0,unknown,yes,2026-11-05 14:00:00
54,management,married,tertiary,no,1168,no,no,telephone,4,may,150,5,-1,0,unknown,no,2026-11-05 15:00:00
46,management,married,tertiary,no,583,yes,no,unknown,30,may,135,3,-1,0,unknown,no,2026-11-05 16:00:00
32,blue-collar,married,secondary,no,478,yes,no,unknown,3,jun,200,1,-1,0,unknown,no,2026-11-05 17:00:00
52,technician,married,unknown,no,562,no,no,unknown,17,jun,187,1,-1,0,unknown,no,2026-11-05 18:00:00
44,services,married,secondary,no,1335,yes,no,cellular,30,jul,94,5,-1,0,unknown,no,2026-11-05 19:00:00
54,blue-collar,married,secondary,no,-932,yes,no,unknown,7,may,799,1,-1,0,unknown,no,2026-11-05 20:00:00
37,blue-collar,married,primary,no,623,no,no,cellular,26,mar,267,2,-1,0,unknown,no,2026-11-05 21:00:00
47,management,divorced,unknown,no,582,yes,yes,unknown,16,jun,123,2,-1,0,unknown,no,2026-11-05 22:00:00
39,admin.,married,unknown,no,378,no,no,unknown,20,jun,17,5,-1,0,unknown,no,2026-11-05 23:00:00
32,management,married,tertiary,no,128,yes,no,cellular,28,jul,320,3,-1,0,unknown,no,2026-11-06 00:00:00
34,blue-collar,married,secondary,no,0,yes,no,cellular,8,may,325,1,170,2,failure,no,2026-11-06 01:00:00
49,admin.,married,secondary,no,1047,no,no,cellular,8,aug,133,4,-1,0,unknown,no,2026-11-06 02:00:00
55,unemployed,married,secondary,no,1436,yes,no,cellular,4,feb,969,2,-1,0,unknown,no,2026-11-06 03:00:00
56,admin.,married,secondary,no,95,yes,no,cellular,18,may,428,2,-1,0,unknown,no,2026-11-06 04:00:00
53,housemaid,married,primary,no,-286,yes,no,cellular,9,jul,126,1,-1,0,unknown,no,2026-11-06 05:00:00
58,unemployed,single,tertiary,no,2094,no,no,cellular,1,jun,161,2,-1,0,unknown,no,2026-11-06 06:00:00
27,technician,single,tertiary,no,-291,yes,no,unknown,20,may,66,2,-1,0,unknown,no,2026-11-06 07:00:00
47,blue-collar,married,secondary,no,762,yes,no,unknown,29,may,56,3,-1,0,unknown,no,2026-11-06 08:00:00
35,blue-collar,married,primary,no,914,yes,no,unknown,27,may,374,9,-1,0,unknown,no,2026-11-06 09:00:00
45,blue-collar,single,secondary,no,143,no,no,unknown,5,jun,201,1,-1,0,unknown,no,2026-11-06 10:00:00
43,admin.,divorced,tertiary,no,1440,yes,yes,cellular,21,nov,149,1,175,1,failure,no,2026-11-06 11:00:00
26,management,single,tertiary,no,3944,yes,no,cellular,14,may,974,2,-1,0,unknown,yes,2026-11-06 12:00:00
35,management,single,secondary,no,138,yes,yes,cellular,17,jul,79,1,-1,0,unknown,no,2026-11-06 13:00:00
46,blue-collar,married,primary,no,328,yes,no,unknown,21,may,526,8,-1,0,unknown,no,2026-11-06 14:00:00
38,student,divorced,tertiary,no,2946,no,no,cellular,16,jun,605,3,-1,0,unknown,yes,2026-11-06 15:00:00
45,services,married,primary,no,132,no,no,cellular,14,jul,179,2,-1,0,unknown,no,2026-11-06 16:00:00
59,management,single,secondary,no,181,yes,no,unknown,9,may,485,1,-1,0,unknown,no,2026-11-06 17:00:00
26,blue-collar,single,secondary,no,856,yes,yes,cellular,30,jul,95,5,-1,0,unknown,no,2026-11-06 18:00:00
32,management,single,secondary,no,3829,no,yes,cellular,20,nov,267,1,-1,0,unknown,no,2026-11-06 19:00:00
29,technician,single,secondary,no,577,yes,no,cellular,18,may,18,4,-1,0,unknown,no,2026-11-06 20:00:00
30,admin.,single,secondary,no,81,yes,no,cellular,6,aug,121,6,112,3,other,no,2026-11-06 21:00:00
31,admin.,married,secondary,no,-241,yes,no,cellular,22,jul,1287,5,-1,0,unknown,no,2026-11-06 22:00:00
39,admin.,married,secondary,no,0,no,no,cellular,27,jan,366,1,436,10,failure,yes,2026-11-06 23:00:00
35,self-employed,married,secondary,no,0,yes,no,telephone,7,jul,126,4,-1,0,unknown,no,2026-11-07 00:00:00
30,management,single,tertiary,no,2876,no,no,cellular,6,aug,103,4,-1,0,unknown,no,2026-11-07 01:00:00
44,technician,married,secondary,no,7876,yes,no,cellular,20,nov,212,1,101,2,failure,no,2026-11-07 02:00:00
51,management,divorced,tertiary,no,1267,yes,no,unknown,30,may,254,2,-1,0,unknown,no,2026-11-07 03:00:00
52,blue-collar,married,secondary,no,955,no,yes,cellular,3,feb,153,1,48,3,success,yes,2026-11-07 04:00:00
32,technician,married,tertiary,no,133,yes,no,cellular,17,jul,421,1,-1,0,unknown,no,2026-11-07 05:00:00
45,blue-collar,married,secondary,no,1723,no,no,cellular,1,jun,166,2,-1,0,unknown,yes,2026-11-07 06:00:00
37,management,married,tertiary,no,1025,yes,no,cellular,18,jul,379,3,-1,0,unknown,no,2026-11-07 07:00:00
29,admin.,single,secondary,no,710,yes,yes,cellular,15,may,51,1,345,2,failure,no,2026-11-07 08:00:00
33,admin.,married,tertiary,no,585,yes,no,cellular,17,nov,131,1,-1,0,unknown,no,2026-11-07 09:00:00
37,admin.,divorced,secondary,no,1533,yes,no,cellular,21,nov,555,4,-1,0,unknown,yes,2026-11-07 10:00:00
37,admin.,single,tertiary,no,-898,yes,no,unknown,21,may,482,1,-1,0,unknown,no,2026-11-07 11:00:00
34,entrepreneur,married,unknown,no,98,no,yes,cellular,4,feb,268,1,-1,0,unknown,no,2026-11-07 12:00:00
36,blue-collar,single,secondary,no,50,no,no,telephone,2,feb,38,1,-1,0,unknown,no,2026-11-07 13:00:00
43,unemployed,married,secondary,no,1943,yes,no,cellular,3,apr,273,2,136,2,failure,no,2026-11-07 14:00:00
59,admin.,married,unknown,no,0,no,no,unknown,11,jun,242,2,-1,0,unknown,no,2026-11-07 15:00:00
40,admin.,single,tertiary,no,27,no,no,cellular,20,aug,467,2,-1,0,unknown,yes,2026-11-07 16:00:00
30,technician,single,tertiary,no,1109,no,no,cellular,22,aug,215,2,-1,0,unknown,no,2026-11-07 17:00:00
27,blue-collar,single,secondary,no,3792,no,no,cellular,22,apr,279,2,-1,0,unknown,yes,2026-11-07 18:00:00
37,management,married,tertiary,no,40,no,no,cellular,27,aug,1033,4,-1,0,unknown,yes,2026-11-07 19:00:00
27,admin.,single,tertiary,no,689,no,no,cellular,26,jan,98,1,307,1,failure,no,2026-11-07 20:00:00
31,admin.,single,tertiary,no,7505,yes,yes,unknown,2,jun,258,1,-1,0,unknown,no,2026-11-07 21:00:00
27,admin.,single,secondary,no,4745,no,no,telephone,12,nov,411,4,192,1,other,yes,2026-11-07 22:00:00
56,retired,divorced,secondary,no,389,yes,no,unknown,18,jun,379,5,-1,0,unknown,no,2026-11-07 23:00:00
33,technician,single,secondary,no,-242,yes,no,cellular,15,may,49,3,-1,0,unknown,no,2026-11-08 00:00:00
40,blue-collar,married,primary,no,104,yes,no,unknown,26,may,470,2,-1,0,unknown,no,2026-11-08 01:00:00
32,management,married,tertiary,no,268,yes,yes,cellular,20,apr,106,3,-1,0,unknown,no,2026-11-08 02:00:00
30,management,single,tertiary,no,697,no,no,cellular,28,apr,545,2,181,8,success,yes,2026-11-08 03:00:00
23,blue-collar,married,primary,no,-213,no,no,unknown,13,may,165,2,-1,0,unknown,no,2026-11-08 04:00:00
56,admin.,divorced,secondary,no,279,yes,no,cellular,11,may,288,2,-1,0,unknown,no,2026-11-08 05:00:00
45,management,divorced,tertiary,no,-90,yes,no,cellular,29,jan,128,1,192,1,failure,no,2026-11-08 06:00:00
40,technician,married,secondary,no,990,yes,no,cellular,6,feb,252,3,-1,0,unknown,no,2026-11-08 07:00:00
49,blue-collar,married,primary,no,1133,yes,no,cellular,4,may,291,3,-1,0,unknown,no,2026-11-08 08:00:00
33,self-employed,single,tertiary,no,4996,no,no,cellular,20,nov,230,1,-1,0,unknown,no,2026-11-08 09:00:00
30,technician,married,tertiary,no,910,no,no,cellular,14,aug,228,2,-1,0,unknown,no,2026-11-08 10:00:00
48,technician,married,tertiary,no,348,no,no,cellular,19,aug,159,4,-1,0,unknown,no,2026-11-08 11:00:00
49,management,single,tertiary,no,5689,no,no,cellular,31,aug,470,1,97,3,failure,yes,2026-11-08 12:00:00
33,management,single,tertiary,no,373,no,yes,cellular,28,jan,169,3,93,1,failure,no,2026-11-08 13:00:00
35,blue-collar,married,primary,no,229,yes,no,unknown,7,may,103,3,-1,0,unknown,no,2026-11-08 14:00:00
37,services,married,secondary,no,1,no,no,unknown,15,may,395,2,-1,0,unknown,no,2026-11-08 15:00:00
39,management,divorced,tertiary,no,133,yes,no,unknown,28,may,136,2,-1,0,unknown,no,2026-11-08 16:00:00
39,technician,married,secondary,no,505,no,no,cellular,27,may,86,4,-1,0,unknown,no,2026-11-08 17:00:00
53,management,married,tertiary,no,4,no,no,unknown,20,jun,19,6,-1,0,unknown,no,2026-11-08 18:00:00
26,technician,single,secondary,no,3519,yes,no,cellular,18,may,283,1,-1,0,unknown,no,2026-11-08 19:00:00
32,student,single,secondary,no,329,yes,no,cellular,17,apr,237,1,-1,0,unknown,no,2026-11-08 20:00:00
42,technician,married,secondary,no,3082,no,no,cellular,11,sep,285,1,-1,0,unknown,yes,2026-11-08 21:00:00
31,management,single,tertiary,no,0,yes,no,unknown,5,may,562,1,-1,0,unknown,no,2026-11-08 22:00:00
52,blue-collar,married,secondary,no,665,yes,no,unknown,15,may,57,4,-1,0,unknown,no,2026-11-08 23:00:00
37,admin.,single,secondary,no,155,yes,no,unknown,26,may,460,1,-1,0,unknown,no,2026-11-09 00:00:00
53,self-employed,single,secondary,no,186,no,no,cellular,21,nov,92,2,-1,0,unknown,no,2026-11-09 01:00:00
71,retired,married,tertiary,no,2651,no,no,cellular,24,aug,73,3,200,2,failure,no,2026-11-09 02:00:00
32,management,married,tertiary,no,134,no,yes,cellular,29,aug,162,2,-1,0,unknown,no,2026-11-09 03:00:00
39,admin.,married,secondary,no,607,yes,no,cellular,12,may,454,2,364,3,failure,yes,2026-11-09 04:00:00
34,technician,married,tertiary,no,11752,yes,no,cellular,15,may,149,7,-1,0,unknown,no,2026-11-09 05:00:00
33,blue-collar,married,secondary,no,202,yes,no,cellular,17,apr,377,1,-1,0,unknown,no,2026-11-09 06:00:00
47,admin.,single,secondary,no,19,yes,yes,cellular,18,nov,90,2,123,1,failure,no,2026-11-09 07:00:00
32,blue-collar,single,primary,no,1660,no,no,unknown,20,may,14,1,-1,0,unknown,no,2026-11-09 08:00:00
47,blue-collar,divorced,secondary,no,3823,yes,yes,cellular,17,apr,647,2,-1,0,unknown,no,2026-11-09 09:00:00
36,management,married,tertiary,no,0,yes,no,unknown,2,jun,1576,3,-1,0,unknown,no,2026-11-09 10:00:00
43,management,married,tertiary,no,1188,no,no,cellular,27,may,140,2,-1,0,unknown,no,2026-11-09 11:00:00
37,admin.,married,secondary,no,1967,no,no,cellular,27,may,242,1,212,1,success,yes,2026-11-09 12:00:00
46,blue-collar,single,secondary,no,2401,yes,no,unknown,14,may,218,2,-1,0,unknown,no,2026-11-09 13:00:00
48,retired,divorced,primary,no,666,yes,no,cellular,15,may,10,5,-1,0,unknown,no,2026-11-09 14:00:00
36,blue-collar,single,tertiary,no,3649,yes,no,cellular,20,nov,399,2,156,2,failure,no,2026-11-09 15:00:00
40,technician,single,secondary,no,103,no,no,cellular,25,aug,106,7,-1,0,unknown,no,2026-11-09 16:00:00
28,blue-collar,single,secondary,no,38,yes,no,unknown,23,may,31,1,-1,0,unknown,no,2026-11-09 17:00:00
33,self-employed,married,tertiary,no,-355,yes,no,unknown,23,may,911,2,-1,0,unknown,no,2026-11-09 18:00:00
32,blue-collar,divorced,secondary,no,-15,yes,yes,cellular,11,may,132,3,-1,0,unknown,no,2026-11-09 19:00:00
33,blue-collar,married,secondary,no,64,no,no,unknown,16,may,239,3,-1,0,unknown,no,2026-11-09 20:00:00
28,technician,single,secondary,no,389,yes,no,cellular,11,may,15,7,-1,0,unknown,no,2026-11-09 21:00:00
44,management,divorced,tertiary,no,388,yes,no,telephone,13,may,246,2,370,2,success,no,2026-11-09 22:00:00
45,blue-collar,married,unknown,no,13265,no,no,cellular,30,jul,113,2,-1,0,unknown,no,2026-11-09 23:00:00
22,student,single,secondary,no,4132,no,no,telephone,3,jun,34,2,-1,0,unknown,no,2026-11-10 00:00:00
31,blue-collar,single,secondary,no,259,yes,no,unknown,19,may,287,1,-1,0,unknown,no,2026-11-10 01:00:00
32,management,married,secondary,no,3935,yes,no,unknown,29,may,129,2,-1,0,unknown,no,2026-11-10 02:00:00
45,technician,married,secondary,no,1348,no,yes,cellular,1,apr,358,2,-1,0,unknown,yes,2026-11-10 03:00:00
59,retired,married,secondary,no,3812,yes,no,telephone,11,jul,498,2,-1,0,unknown,no,2026-11-10 04:00:00
37,services,married,secondary,no,4954,yes,no,cellular,14,may,290,4,356,3,other,no,2026-11-10 05:00:00
49,entrepreneur,divorced,tertiary,no,1145,yes,yes,cellular,6,feb,36,4,-1,0,unknown,no,2026-11-10 06:00:00
40,blue-collar,married,primary,no,558,yes,yes,unknown,21,may,56,3,-1,0,unknown,no,2026-11-10 07:00:00
43,management,married,tertiary,no,1158,yes,no,telephone,12,may,236,6,342,1,other,no,2026-11-10 08:00:00
40,unemployed,married,secondary,no,277,yes,no,unknown,26,may,228,2,-1,0,unknown,no,2026-11-10 09:00:00
35,technician,married,secondary,no,304,yes,no,unknown,13,may,3,1,-1,0,unknown,no,2026-11-10 10:00:00
46,admin.,married,secondary,no,0,yes,yes,cellular,20,apr,239,2,259,2,failure,no,2026-11-10 11:00:00
41,blue-collar,single,unknown,no,387,no,no,unknown,20,jun,114,10,-1,0,unknown,no,2026-11-10 12:00:00
55,technician,married,secondary,no,1816,no,no,cellular,5,aug,197,1,-1,0,unknown,no,2026-11-10 13:00:00
45,blue-collar,married,primary,no,660,yes,no,cellular,14,jul,329,2,-1,0,unknown,no,2026-11-10 14:00:00
24,blue-collar,single,secondary,no,833,yes,no,cellular,15,may,956,1,-1,0,unknown,yes,2026-11-10 15:00:00
22,admin.,single,secondary,no,-1,yes,no,unknown,9,may,136,1,-1,0,unknown,no,2026-11-10 16:00:00
32,services,married,secondary,no,11512,yes,no,cellular,20,nov,301,1,183,1,failure,no,2026-11-10 17:00:00
39,management,married,tertiary,no,1363,no,no,cellular,21,aug,294,3,-1,0,unknown,no,2026-11-10 18:00:00
37,services,married,secondary,no,393,yes,yes,cellular,13,may,95,1,357,1,failure,no,2026-11-10 19:00:00
36,admin.,married,secondary,no,4280,no,no,unknown,19,jun,227,6,-1,0,unknown,no,2026-11-10 20:00:00
48,management,married,secondary,no,141,no,no,cellular,14,aug,208,8,-1,0,unknown,no,2026-11-10 21:00:00
50,admin.,divorced,secondary,no,175,no,no,cellular,22,jul,112,3,-1,0,unknown,no,2026-11-10 22:00:00
48,blue-collar,married,secondary,no,705,no,no,unknown,13,may,108,2,-1,0,unknown,no,2026-11-10 23:00:00
50,blue-collar,married,primary,no,377,yes,no,unknown,7,may,221,1,-1,0,unknown,no,2026-11-11 00:00:00
39,blue-collar,single,secondary,no,277,yes,no,unknown,3,jun,20,8,-1,0,unknown,no,2026-11-11 01:00:00
27,management,single,tertiary,no,831,no,no,cellular,30,mar,1081,2,-1,0,unknown,yes,2026-11-11 02:00:00
31,blue-collar,single,primary,no,859,yes,no,unknown,2,jun,80,1,-1,0,unknown,no,2026-11-11 03:00:00
46,technician,married,secondary,no,940,no,no,cellular,5,aug,1227,2,-1,0,unknown,yes,2026-11-11 04:00:00
29,technician,single,secondary,no,468,yes,no,cellular,18,may,37,1,370,3,failure,no,2026-11-11 05:00:00
43,management,married,tertiary,no,41630,no,no,cellular,18,aug,68,4,-1,0,unknown,no,2026-11-11 06:00:00
32,technician,single,secondary,no,644,yes,yes,unknown,21,may,198,1,-1,0,unknown,no,2026-11-11 07:00:00
35,management,single,unknown,no,2361,no,no,cellular,9,jul,90,10,-1,0,unknown,no,2026-11-11 08:00:00
54,unemployed,single,secondary,no,3611,yes,no,cellular,5,feb,81,1,-1,0,unknown,no,2026-11-11 09:00:00
57,management,married,tertiary,no,350,no,no,telephone,4,may,87,3,-1,0,unknown,no,2026-11-11 10:00:00
31,admin.,married,secondary,no,8295,yes,no,cellular,19,nov,541,1,-1,0,unknown,no,2026-11-11 11:00:00
37,management,married,tertiary,no,4089,yes,no,cellular,2,feb,289,2,174,4,other,yes,2026-11-11 12:00:00
44,technician,married,secondary,no,196,no,no,cellular,22,jul,367,1,-1,0,unknown,no,2026-11-11 13:00:00
49,services,married,primary,no,1830,yes,no,cellular,13,aug,261,1,179,1,success,yes,2026-11-11 14:00:00
31,technician,single,secondary,no,18,no,no,unknown,31,aug,27,1,-1,0,unknown,no,2026-11-11 15:00:00
33,blue-collar,married,primary,yes,-542,yes,no,cellular,6,may,116,2,-1,0,unknown,no,2026-11-11 16:00:00
69,retired,married,secondary,no,0,no,no,cellular,16,oct,1580,2,-1,0,unknown,no,2026-11-11 17:00:00
49,admin.,divorced,primary,no,112,yes,no,cellular,13,may,79,1,-1,0,unknown,no,2026-11-11 18:00:00
39,blue-collar,married,secondary,no,0,yes,no,cellular,30,jul,61,3,-1,0,unknown,no,2026-11-11 19:00:00
34,management,married,tertiary,no,1262,no,no,cellular,14,aug,478,1,-1,0,unknown,no,2026-11-11 20:00:00
31,entrepreneur,married,tertiary,no,0,yes,no,unknown,23,may,275,2,-1,0,unknown,no,2026-11-11 21:00:00
35,services,married,secondary,no,52,yes,no,cellular,2,mar,378,4,-1,0,unknown,yes,2026-11-11 22:00:00
47,management,married,tertiary,no,288,no,no,cellular,1,oct,101,1,-1,0,unknown,yes,2026-11-11 23:00:00
53,blue-collar,married,secondary,no,-71,yes,no,cellular,6,may,91,3,-1,0,unknown,no,2026-11-12 00:00:00
42,technician,married,secondary,no,6250,no,no,unknown,9,jun,107,3,-1,0,unknown,no,2026-11-12 01:00:00
48,blue-collar,married,secondary,no,841,yes,no,unknown,19,may,215,1,-1,0,unknown,no,2026-11-12 02:00:00
33,management,single,tertiary,no,238,no,no,cellular,8,aug,80,2,-1,0,unknown,no,2026-11-12 03:00:00
60,management,married,primary,no,0,no,no,unknown,17,jun,442,1,-1,0,unknown,no,2026-11-12 04:00:00
30,management,single,tertiary,no,18,no,no,unknown,20,may,121,11,-1,0,unknown,no,2026-11-12 05:00:00
45,blue-collar,married,secondary,no,2429,yes,no,unknown,13,may,171,2,-1,0,unknown,no,2026-11-12 06:00:00
36,services,married,secondary,no,1328,yes,no,unknown,6,jun,82,4,-1,0,unknown,no,2026-11-12 07:00:00
32,services,married,secondary,no,386,no,no,cellular,30,apr,222,1,-1,0,unknown,no,2026-11-12 08:00:00
51,housemaid,married,unknown,no,2337,yes,no,cellular,16,apr,251,2,266,3,other,yes,2026-11-12 09:00:00
59,admin.,married,secondary,no,1575,yes,no,cellular,22,aug,1241,11,-1,0,unknown,yes,2026-11-12 10:00:00
51,management,divorced,tertiary,no,-202,no,no,cellular,19,aug,504,4,-1,0,unknown,no,2026-11-12 11:00:00
44,management,married,tertiary,no,309,yes,no,cellular,5,feb,676,1,-1,0,unknown,yes,2026-11-12 12:00:00
33,services,married,secondary,no,28,no,no,cellular,29,aug,73,2,-1,0,unknown,no,2026-11-12 13:00:00
33,management,married,tertiary,no,158,no,no,cellular,30,apr,169,2,83,2,success,no,2026-11-12 14:00:00
59,technician,married,secondary,no,2613,no,no,cellular,5,feb,79,1,-1,0,unknown,no,2026-11-12 15:00:00
46,entrepreneur,married,secondary,no,122,no,no,cellular,5,feb,178,7,-1,0,unknown,no,2026-11-12 16:00:00
45,management,divorced,tertiary,no,839,yes,no,cellular,11,may,340,1,264,4,failure,no,2026-11-12 17:00:00
45,unemployed,married,secondary,no,-407,yes,no,cellular,15,may,320,3,371,2,failure,no,2026-11-12 18:00:00
49,entrepreneur,married,tertiary,no,4976,yes,no,cellular,21,nov,105,1,-1,0,unknown,no,2026-11-12 19:00:00
33,blue-collar,married,primary,no,3074,no,no,cellular,18,nov,679,1,-1,0,unknown,no,2026-11-12 20:00:00
57,housemaid,married,primary,no,1142,no,no,cellular,5,aug,238,2,-1,0,unknown,no,2026-11-12 21:00:00
52,management,married,tertiary,no,4173,no,yes,cellular,21,nov,159,2,-1,0,unknown,no,2026-11-12 22:00:00
40,blue-collar,divorced,primary,no,-78,no,yes,cellular,17,nov,330,2,-1,0,unknown,no,2026-11-12 23:00:00
38,technician,married,tertiary,no,0,no,no,unknown,12,jun,112,2,-1,0,unknown,no,2026-11-13 00:00:00
46,unemployed,divorced,secondary,no,41,yes,no,unknown,12,may,249,4,-1,0,unknown,no,2026-11-13 01:00:00
48,technician,married,secondary,no,545,no,no,unknown,6,jun,307,1,-1,0,unknown,no,2026-11-13 02:00:00
46,technician,single,tertiary,no,4414,no,no,cellular,18,aug,504,7,-1,0,unknown,yes,2026-11-13 03:00:00
54,technician,divorced,secondary,no,2749,yes,no,cellular,3,feb,341,2,-1,0,unknown,no,2026-11-13 04:00:00
41,services,divorced,primary,no,308,no,no,cellular,31,jul,73,1,-1,0,unknown,no,2026-11-13 05:00:00
37,admin.,married,secondary,no,641,yes,no,unknown,5,jun,42,1,-1,0,unknown,no,2026-11-13 06:00:00
28,management,single,tertiary,no,5474,no,no,cellular,4,feb,181,4,191,5,success,no,2026-11-13 07:00:00
38,entrepreneur,married,secondary,no,830,yes,no,unknown,19,may,68,2,-1,0,unknown,no,2026-11-13 08:00:00
45,admin.,married,secondary,no,-388,yes,no,cellular,14,jul,175,2,-1,0,unknown,no,2026-11-13 09:00:00
39,technician,divorced,secondary,no,385,no,no,cellular,26,aug,143,1,93,1,failure,no,2026-11-13 10:00:00
25,admin.,single,secondary,no,2816,no,no,cellular,30,apr,327,1,-1,0,unknown,yes,2026-11-13 11:00:00
36,services,married,secondary,no,238,no,no,cellular,30,jan,424,1,-1,0,unknown,no,2026-11-13 12:00:00
58,entrepreneur,married,secondary,no,318,yes,no,cellular,17,nov,430,1,-1,0,unknown,no,2026-11-13 13:00:00
32,technician,single,secondary,no,315,yes,no,cellular,5,feb,280,2,-1,0,unknown,no,2026-11-13 14:00:00
59,retired,married,primary,no,213,no,no,cellular,27,aug,184,3,-1,0,unknown,no,2026-11-13 15:00:00
50,blue-collar,married,primary,no,71,yes,no,unknown,6,may,678,1,-1,0,unknown,no,2026-11-13 16:00:00
36,services,married,secondary,no,3740,yes,no,cellular,7,apr,254,1,-1,0,unknown,no,2026-11-13 17:00:00
65,retired,married,tertiary,no,1948,no,no,cellular,2,feb,102,2,-1,0,unknown,no,2026-11-13 18:00:00
43,blue-collar,married,secondary,no,678,yes,yes,cellular,13,apr,299,3,-1,0,unknown,no,2026-11-13 19:00:00
34,blue-collar,single,secondary,no,558,yes,no,unknown,21,may,43,1,-1,0,unknown,no,2026-11-13 20:00:00
49,admin.,married,secondary,no,2732,no,no,unknown,12,jun,558,1,-1,0,unknown,no,2026-11-13 21:00:00
58,retired,married,secondary,no,14412,no,no,cellular,18,nov,297,1,-1,0,unknown,no,2026-11-13 22:00:00
41,blue-collar,married,secondary,no,0,yes,no,cellular,6,apr,165,4,-1,0,unknown,no,2026-11-13 23:00:00
29,technician,single,tertiary,no,452,yes,no,cellular,11,may,59,1,-1,0,unknown,no,2026-11-14 00:00:00
31,management,married,tertiary,no,1575,no,no,cellular,12,aug,178,4,-1,0,unknown,no,2026-11-14 01:00:00
43,services,married,secondary,no,-416,yes,yes,cellular,14,jul,80,3,-1,0,unknown,no,2026-11-14 02:00:00
41,management,married,tertiary,no,2226,no,no,cellular,30,apr,179,1,-1,0,unknown,no,2026-11-14 03:00:00
35,blue-collar,single,primary,no,21,yes,no,unknown,27,may,129,1,-1,0,unknown,no,2026-11-14 04:00:00
35,services,divorced,secondary,no,305,no,no,unknown,9,jun,327,2,-1,0,unknown,no,2026-11-14 05:00:00
53,blue-collar,divorced,secondary,no,145,yes,no,unknown,8,may,193,1,-1,0,unknown,no,2026-11-14 06:00:00
42,self-employed,married,tertiary,no,6383,no,no,cellular,27,aug,111,5,-1,0,unknown,no,2026-11-14 07:00:00
38,self-employed,single,secondary,yes,0,no,no,unknown,11,jun,68,3,-1,0,unknown,no,2026-11-14 08:00:00
34,technician,married,secondary,no,367,yes,no,unknown,6,may,140,1,-1,0,unknown,no,2026-11-14 09:00:00
31,management,single,tertiary,no,3283,no,no,cellular,21,nov,377,1,-1,0,unknown,no,2026-11-14 10:00:00
50,services,married,secondary,no,128,no,no,cellular,19,aug,173,1,-1,0,unknown,no,2026-11-14 11:00:00
56,technician,divorced,secondary,no,689,yes,no,cellular,17,nov,110,1,103,4,failure,no,2026-11-14 12:00:00
35,blue-collar,divorced,secondary,no,0,yes,no,unknown,20,may,1205,1,-1,0,unknown,yes,2026-11-14 13:00:00
61,retired,married,primary,no,56,no,no,cellular,7,sep,288,3,-1,0,unknown,yes,2026-11-14 14:00:00
59,management,married,tertiary,no,37,no,no,cellular,12,aug,64,9,-1,0,unknown,no,2026-11-14 15:00:00
39,blue-collar,married,secondary,no,3231,yes,yes,unknown,5,jun,164,2,-1,0,unknown,no,2026-11-14 16:00:00
40,technician,married,secondary,no,0,no,yes,unknown,26,jun,178,2,-1,0,unknown,no,2026-11-14 17:00:00
33,management,married,tertiary,no,2750,no,no,cellular,5,feb,242,1,-1,0,unknown,no,2026-11-14 18:00:00
52,admin.,divorced,tertiary,no,0,yes,yes,cellular,30,jun,122,1,64,1,failure,no,2026-11-14 19:00:00
50,entrepreneur,married,secondary,no,665,no,no,telephone,17,nov,238,1,-1,0,unknown,no,2026-11-14 20:00:00
42,blue-collar,married,primary,no,142,yes,no,cellular,14,may,11,5,-1,0,unknown,no,2026-11-14 21:00:00
38,technician,married,secondary,no,2000,yes,no,cellular,7,may,198,2,-1,0,unknown,no,2026-11-14 22:00:00
28,services,single,secondary,no,198,no,no,cellular,7,jul,159,1,-1,0,unknown,no,2026-11-14 23:00:00
30,blue-collar,married,secondary,no,173,yes,no,unknown,13,may,217,1,-1,0,unknown,no,2026-11-15 00:00:00
55,technician,married,unknown,no,1393,yes,yes,telephone,21,nov,55,5,-1,0,unknown,no,2026-11-15 01:00:00
31,management,married,tertiary,no,256,yes,no,cellular,7,jul,28,24,-1,0,unknown,no,2026-11-15 02:00:00
32,technician,married,secondary,no,-95,yes,no,cellular,29,jul,935,4,-1,0,unknown,no,2026-11-15 03:00:00
30,entrepreneur,married,primary,no,386,yes,no,cellular,15,may,253,4,-1,0,unknown,no,2026-11-15 04:00:00
34,management,single,tertiary,no,0,no,no,cellular,21,aug,183,2,-1,0,unknown,no,2026-11-15 05:00:00
32,services,single,secondary,no,-23,no,no,cellular,11,may,185,1,305,1,failure,no,2026-11-15 06:00:00
54,blue-collar,married,secondary,no,1223,yes,no,cellular,7,may,369,1,-1,0,unknown,no,2026-11-15 07:00:00
52,management,divorced,tertiary,no,50,yes,no,unknown,12,jun,84,3,-1,0,unknown,no,2026-11-15 08:00:00
36,admin.,married,secondary,no,465,yes,no,unknown,20,may,160,1,-1,0,unknown,no,2026-11-15 09:00:00
53,retired,married,primary,no,1068,no,no,cellular,28,jan,200,1,-1,0,unknown,no,2026-11-15 10:00:00
35,management,single,tertiary,no,134,no,no,cellular,4,feb,219,1,-1,0,unknown,no,2026-11-15 11:00:00
35,technician,married,secondary,no,194,yes,no,unknown,28,may,134,1,-1,0,unknown,no,2026-11-15 12:00:00
39,management,single,tertiary,no,1914,no,no,cellular,18,aug,94,4,-1,0,unknown,no,2026-11-15 13:00:00
31,technician,married,secondary,no,367,yes,no,cellular,8,aug,515,3,-1,0,unknown,no,2026-11-15 14:00:00
34,self-employed,single,tertiary,no,876,yes,no,cellular,17,nov,145,2,-1,0,unknown,no,2026-11-15 15:00:00
38,technician,married,secondary,no,205,no,no,cellular,26,may,332,1,-1,0,unknown,yes,2026-11-15 16:00:00
53,services,divorced,primary,no,0,no,yes,cellular,8,jul,206,1,-1,0,unknown,no,2026-11-15 17:00:00
57,retired,married,tertiary,no,42,no,no,cellular,29,aug,68,4,-1,0,unknown,no,2026-11-15 18:00:00
25,student,single,secondary,no,154,no,no,cellular,3,mar,141,1,180,2,failure,yes,2026-11-15 19:00:00
28,technician,single,tertiary,no,375,yes,no,cellular,14,may,43,1,350,1,other,no,2026-11-15 20:00:00
57,unemployed,married,primary,no,3367,no,no,telephone,21,nov,126,1,-1,0,unknown,no,2026-11-15 21:00:00
50,housemaid,married,tertiary,no,1005,no,no,cellular,17,jul,188,3,-1,0,unknown,no,2026-11-15 22:00:00
28,self-employed,married,tertiary,no,0,yes,no,cellular,23,jul,339,4,-1,0,unknown,no,2026-11-15 23:00:00
59,unemployed,married,secondary,no,0,no,no,cellular,13,oct,78,1,216,1,failure,no,2026-11-16 00:00:00
54,housemaid,married,secondary,no,922,no,no,telephone,28,jan,123,2,-1,0,unknown,no,2026-11-16 01:00:00
58,blue-collar,married,secondary,no,928,no,no,cellular,15,jul,656,3,-1,0,unknown,no,2026-11-16 02:00:00
32,blue-collar,married,secondary,no,485,yes,no,telephone,12,may,1100,2,-1,0,unknown,no,2026-11-16 03:00:00
42,technician,divorced,secondary,no,0,yes,no,unknown,30,may,115,6,-1,0,unknown,no,2026-11-16 04:00:00
36,blue-collar,married,secondary,no,270,yes,yes,cellular,20,nov,884,2,-1,0,unknown,no,2026-11-16 05:00:00
36,blue-collar,married,secondary,no,439,yes,no,unknown,29,may,179,2,-1,0,unknown,no,2026-11-16 06:00:00
44,management,married,tertiary,no,10950,yes,no,cellular,7,aug,84,1,-1,0,unknown,no,2026-11-16 07:00:00
39,blue-collar,married,primary,no,981,yes,no,unknown,7,may,294,1,-1,0,unknown,no,2026-11-16 08:00:00
36,unemployed,single,unknown,no,4481,no,no,telephone,30,jul,99,2,-1,0,unknown,no,2026-11-16 09:00:00
57,management,married,secondary,no,570,no,no,unknown,20,jun,75,2,-1,0,unknown,no,2026-11-16 10:00:00
28,technician,single,secondary,no,-219,yes,no,unknown,12,may,386,2,-1,0,unknown,no,2026-11-16 11:00:00
32,management,single,tertiary,no,264,yes,no,unknown,9,may,211,2,-1,0,unknown,no,2026-11-16 12:00:00
75,retired,divorced,primary,no,18,no,no,cellular,24,apr,222,4,-1,0,unknown,no,2026-11-16 13:00:00
44,technician,married,secondary,no,561,yes,no,unknown,30,may,613,2,-1,0,unknown,no,2026-11-16 14:00:00
54,retired,divorced,tertiary,no,726,no,no,cellular,28,jan,246,1,-1,0,unknown,no,2026-11-16 15:00:00
29,services,divorced,secondary,no,-7,yes,no,cellular,13,may,1279,3,-1,0,unknown,yes,2026-11-16 16:00:00
25,blue-collar,single,secondary,no,2354,no,yes,unknown,27,may,98,1,-1,0,unknown,no,2026-11-16 17:00:00
52,housemaid,married,unknown,no,544,no,no,cellular,12,aug,254,2,-1,0,unknown,no,2026-11-16 18:00:00
30,self-employed,single,secondary,no,635,no,yes,cellular,14,jul,209,2,-1,0,unknown,no,2026-11-16 19:00:00
31,management,single,tertiary,no,3142,yes,no,cellular,18,nov,235,1,123,1,failure,no,2026-11-16 20:00:00
55,services,married,secondary,no,0,no,no,cellular,22,oct,102,1,106,1,failure,no,2026-11-16 21:00:00
38,blue-collar,married,secondary,no,648,yes,no,unknown,3,jun,179,1,-1,0,unknown,no,2026-11-16 22:00:00
24,unemployed,single,tertiary,no,39,yes,no,unknown,20,jun,15,3,-1,0,unknown,no,2026-11-16 23:00:00
39,services,single,tertiary,no,1222,yes,no,cellular,2,feb,251,1,242,2,failure,no,2026-11-17 00:00:00
23,services,single,secondary,no,488,no,no,cellular,30,mar,236,1,92,2,other,yes,2026-11-17 01:00:00
37,technician,married,secondary,no,-421,yes,no,unknown,6,may,183,5,-1,0,unknown,no,2026-11-17 02:00:00
44,self-employed,married,secondary,no,313,no,no,cellular,6,aug,211,4,-1,0,unknown,no,2026-11-17 03:00:00
78,retired,divorced,primary,no,55,no,no,telephone,5,nov,143,3,90,1,other,no,2026-11-17 04:00:00
52,retired,married,primary,no,752,yes,no,telephone,12,may,339,4,347,2,failure,no,2026-11-17 05:00:00
41,entrepreneur,married,primary,no,740,yes,no,unknown,30,may,134,3,-1,0,unknown,no,2026-11-17 06:00:00
36,blue-collar,married,primary,no,8326,yes,no,unknown,27,may,20,4,-1,0,unknown,no,2026-11-17 07:00:00
34,technician,married,secondary,no,2467,no,no,cellular,3,feb,368,1,-1,0,unknown,no,2026-11-17 08:00:00
47,blue-collar,married,primary,no,2642,no,no,cellular,13,aug,310,2,-1,0,unknown,no,2026-11-17 09:00:00
37,blue-collar,married,secondary,no,1330,no,no,cellular,30,apr,390,1,-1,0,unknown,yes,2026-11-17 10:00:00
45,services,married,secondary,no,-839,yes,no,unknown,28,may,68,1,-1,0,unknown,no,2026-11-17 11:00:00
38,technician,married,secondary,no,0,yes,yes,cellular,15,jul,146,4,-1,0,unknown,no,2026-11-17 12:00:00
56,housemaid,divorced,primary,no,61,no,no,cellular,2,jun,144,1,-1,0,unknown,no,2026-11-17 13:00:00
50,housemaid,married,secondary,no,388,no,no,cellular,11,mar,203,2,-1,0,unknown,yes,2026-11-17 14:00:00
32,blue-collar,married,secondary,no,316,yes,no,cellular,9,feb,14,4,-1,0,unknown,no,2026-11-17 15:00:00
56,blue-collar,married,secondary,no,1412,yes,no,unknown,14,may,129,1,-1,0,unknown,no,2026-11-17 16:00:00
46,blue-collar,married,primary,no,4602,yes,no,telephone,15,may,39,1,-1,0,unknown,no,2026-11-17 17:00:00
32,services,married,secondary,no,24,yes,yes,cellular,12,may,185,1,-1,0,unknown,no,2026-11-17 18:00:00
39,management,married,tertiary,no,691,yes,yes,cellular,16,apr,517,1,255,1,failure,no,2026-11-17 19:00:00
48,services,divorced,secondary,no,0,yes,yes,unknown,15,may,263,1,-1,0,unknown,no,2026-11-17 20:00:00
60,housemaid,married,primary,no,15,no,no,cellular,14,aug,244,1,-1,0,unknown,no,2026-11-17 21:00:00
40,technician,married,secondary,no,4594,no,no,telephone,27,aug,296,5,-1,0,unknown,no,2026-11-17 22:00:00
39,blue-collar,single,secondary,no,519,yes,yes,cellular,20,nov,149,1,155,14,failure,no,2026-11-17 23:00:00
51,management,married,secondary,no,0,no,no,unknown,9,jun,224,3,-1,0,unknown,no,2026-11-18 00:00:00
54,admin.,divorced,secondary,no,-437,yes,yes,cellular,10,jul,158,1,-1,0,unknown,no,2026-11-18 01:00:00
40,management,married,tertiary,no,526,yes,no,cellular,20,aug,113,4,-1,0,unknown,no,2026-11-18 02:00:00
34,services,married,secondary,no,1182,yes,no,unknown,28,may,124,1,-1,0,unknown,no,2026-11-18 03:00:00
34,technician,married,secondary,no,508,no,no,cellular,30,jan,795,1,-1,0,unknown,no,2026-11-18 04:00:00
34,blue-collar,married,secondary,no,233,yes,no,cellular,18,nov,98,1,-1,0,unknown,no,2026-11-18 05:00:00
29,housemaid,married,tertiary,no,420,yes,no,unknown,28,may,95,3,-1,0,unknown,no,2026-11-18 06:00:00
37,technician,single,secondary,no,3,yes,no,unknown,29,may,82,1,-1,0,unknown,no,2026-11-18 07:00:00
36,blue-collar,married,secondary,no,108,yes,no,cellular,5,may,348,1,-1,0,unknown,no,2026-11-18 08:00:00
46,self-employed,married,primary,no,107,yes,no,cellular,8,aug,109,6,-1,0,unknown,no,2026-11-18 09:00:00
28,management,single,tertiary,no,682,yes,no,cellular,7,may,79,1,-1,0,unknown,no,2026-11-18 10:00:00
56,blue-collar,married,secondary,no,2561,no,no,unknown,20,jun,13,6,-1,0,unknown,no,2026-11-18 11:00:00
52,technician,divorced,secondary,no,0,no,no,cellular,29,aug,39,2,-1,0,unknown,no,2026-11-18 12:00:00
42,management,married,tertiary,no,1161,no,no,cellular,11,aug,101,5,-1,0,unknown,no,2026-11-18 13:00:00
33,technician,married,tertiary,no,148,no,no,cellular,27,aug,15,20,-1,0,unknown,no,2026-11-18 14:00:00
34,technician,single,secondary,no,475,yes,no,cellular,29,jul,538,8,-1,0,unknown,no,2026-11-18 15:00:00
53,management,divorced,tertiary,no,2152,no,no,cellular,4,may,520,2,80,3,success,no,2026-11-18 16:00:00
58,unemployed,married,secondary,no,2690,no,no,cellular,7,aug,142,2,-1,0,unknown,no,2026-11-18 17:00:00
32,technician,divorced,secondary,no,0,no,no,cellular,19,aug,103,4,-1,0,unknown,no,2026-11-18 18:00:00
46,blue-collar,married,primary,no,2313,yes,no,cellular,12,may,788,2,-1,0,unknown,no,2026-11-18 19:00:00
29,management,single,tertiary,no,1675,no,no,cellular,16,jun,276,2,-1,0,unknown,no,2026-11-18 20:00:00
46,blue-collar,married,unknown,no,0,no,no,telephone,29,aug,162,2,-1,0,unknown,no,2026-11-18 21:00:00
36,services,divorced,secondary,no,-194,no,no,cellular,25,jul,83,2,-1,0,unknown,no,2026-11-18 22:00:00
50,management,single,tertiary,no,6030,yes,no,cellular,31,jul,198,3,-1,0,unknown,no,2026-11-18 23:00:00
58,management,married,tertiary,no,256,no,no,cellular,10,dec,422,1,188,3,success,yes,2026-11-19 00:00:00
39,services,divorced,secondary,no,0,yes,yes,unknown,25,jun,93,2,-1,0,unknown,no,2026-11-19 01:00:00
58,management,single,tertiary,no,1387,yes,no,unknown,5,may,174,5,-1,0,unknown,no,2026-11-19 02:00:00
32,management,divorced,tertiary,no,294,yes,no,cellular,17,apr,1095,1,274,5,success,yes,2026-11-19 03:00:00
49,blue-collar,married,secondary,no,2631,yes,no,unknown,14,may,76,2,-1,0,unknown,no,2026-11-19 04:00:00
59,retired,married,secondary,no,3353,no,no,unknown,12,jun,148,1,-1,0,unknown,no,2026-11-19 05:00:00
26,blue-collar,married,secondary,no,484,yes,no,unknown,19,may,48,2,-1,0,unknown,no,2026-11-19 06:00:00
50,blue-collar,married,primary,no,362,yes,no,unknown,8,may,201,2,-1,0,unknown,no,2026-11-19 07:00:00
31,self-employed,single,secondary,no,532,yes,no,unknown,16,may,90,7,-1,0,unknown,no,2026-11-19 08:00:00
40,services,married,unknown,no,88,yes,no,unknown,9,jun,78,2,-1,0,unknown,no,2026-11-19 09:00:00
32,blue-collar,married,primary,no,289,yes,no,unknown,8,may,23,4,-1,0,unknown,no,2026-11-19 10:00:00
52,services,married,tertiary,no,1135,yes,yes,unknown,13,may,514,5,-1,0,unknown,no,2026-11-19 11:00:00
21,blue-collar,married,secondary,no,223,yes,no,unknown,27,may,155,1,-1,0,unknown,no,2026-11-19 12:00:00
33,entrepreneur,married,primary,no,82,yes,no,cellular,18,nov,63,2,-1,0,unknown,no,2026-11-19 13:00:00
25,services,single,unknown,no,342,no,no,cellular,29,jul,281,4,-1,0,unknown,no,2026-11-19 14:00:00
53,management,married,unknown,no,876,yes,no,telephone,14,jul,214,3,-1,0,unknown,no,2026-11-19 15:00:00
58,services,married,secondary,no,5567,no,no,cellular,24,jul,1869,1,-1,0,unknown,no,2026-11-19 16:00:00
32,blue-collar,married,primary,no,-11,yes,no,unknown,27,may,776,1,-1,0,unknown,no,2026-11-19 17:00:00
35,admin.,single,secondary,no,3636,no,no,cellular,12,aug,202,1,-1,0,unknown,no,2026-11-19 18:00:00
50,management,married,tertiary,no,569,no,yes,cellular,18,aug,452,4,-1,0,unknown,no,2026-11-19 19:00:00
26,technician,single,secondary,no,3,yes,no,unknown,19,may,610,1,-1,0,unknown,no,2026-11-19 20:00:00
51,blue-collar,married,secondary,no,518,yes,no,cellular,12,may,918,1,-1,0,unknown,yes,2026-11-19 21:00:00
33,technician,divorced,secondary,no,522,no,yes,cellular,7,jul,559,4,-1,0,unknown,no,2026-11-19 22:00:00
46,management,married,tertiary,yes,549,no,no,cellular,21,aug,87,8,-1,0,unknown,no,2026-11-19 23:00:00
40,admin.,married,secondary,no,0,yes,yes,cellular,17,nov,57,1,-1,0,unknown,no,2026-11-20 00:00:00
48,admin.,single,secondary,no,-874,yes,no,cellular,20,apr,243,2,151,7,other,no,2026-11-20 01:00:00
27,technician,single,primary,no,1022,yes,no,unknown,19,may,445,2,-1,0,unknown,no,2026-11-20 02:00:00
43,management,single,tertiary,no,-2,no,yes,cellular,9,jul,124,1,-1,0,unknown,no,2026-11-20 03:00:00
29,management,single,secondary,no,293,yes,no,unknown,28,may,188,2,-1,0,unknown,no,2026-11-20 04:00:00
54,housemaid,divorced,primary,no,215,no,yes,unknown,9,jun,117,2,-1,0,unknown,no,2026-11-20 05:00:00
47,unknown,single,unknown,no,172,no,no,telephone,2,jun,23,1,-1,0,unknown,no,2026-11-20 06:00:00
74,retired,married,tertiary,no,1124,no,no,telephone,13,oct,200,2,-1,0,unknown,no,2026-11-20 07:00:00
28,admin.,married,secondary,no,5,yes,no,cellular,18,jul,121,1,-1,0,unknown,no,2026-11-20 08:00:00
33,management,single,tertiary,no,34,yes,no,unknown,5,may,27,1,-1,0,unknown,no,2026-11-20 09:00:00
25,management,single,tertiary,no,99,yes,yes,unknown,16,may,102,4,-1,0,unknown,no,2026-11-20 10:00:00
58,retired,married,secondary,no,610,yes,no,unknown,6,jun,651,1,-1,0,unknown,no,2026-11-20 11:00:00
43,blue-collar,married,secondary,yes,-7,no,no,unknown,8,may,70,1,-1,0,unknown,no,2026-11-20 12:00:00
37,blue-collar,single,secondary,no,2032,yes,no,unknown,21,may,158,2,-1,0,unknown,no,2026-11-20 13:00:00
38,self-employed,married,secondary,no,-165,yes,no,unknown,21,may,230,2,-1,0,unknown,no,2026-11-20 14:00:00
46,blue-collar,married,secondary,no,1270,yes,no,unknown,17,jun,277,1,-1,0,unknown,no,2026-11-20 15:00:00
33,management,married,tertiary,no,89,yes,no,cellular,30,jul,61,4,-1,0,unknown,no,2026-11-20 16:00:00
35,self-employed,single,tertiary,no,44,no,no,cellular,7,sep,310,2,96,2,other,no,2026-11-20 17:00:00
42,blue-collar,married,unknown,no,-406,yes,no,cellular,30,jul,152,5,-1,0,unknown,no,2026-11-20 18:00:00
55,blue-collar,married,primary,no,309,yes,no,unknown,12,may,115,4,-1,0,unknown,no,2026-11-20 19:00:00
35,blue-collar,divorced,secondary,no,-566,yes,no,cellular,14,may,151,2,353,2,failure,no,2026-11-20 20:00:00
30,management,married,tertiary,no,34,yes,yes,unknown,20,jun,238,3,-1,0,unknown,no,2026-11-20 21:00:00
25,admin.,single,secondary,no,122,yes,no,unknown,6,may,286,1,-1,0,unknown,no,2026-11-20 22:00:00
37,management,married,tertiary,no,257,no,no,unknown,20,sep,11,1,-1,0,unknown,no,2026-11-20 23:00:00
22,student,single,secondary,no,552,no,no,cellular,1,sep,327,1,-1,0,unknown,yes,2026-11-21 00:00:00
32,technician,single,tertiary,no,720,no,no,cellular,12,aug,234,4,-1,0,unknown,no,2026-11-21 01:00:00
43,blue-collar,married,secondary,no,0,yes,yes,unknown,29,may,242,1,-1,0,unknown,no,2026-11-21 02:00:00
38,blue-collar,single,secondary,no,2580,yes,no,cellular,8,apr,1691,2,264,3,failure,yes,2026-11-21 03:00:00
46,admin.,married,secondary,no,2869,yes,no,cellular,20,nov,151,2,-1,0,unknown,no,2026-11-21 04:00:00
42,services,single,secondary,no,518,yes,no,unknown,6,may,198,1,-1,0,unknown,no,2026-11-21 05:00:00
46,self-employed,married,secondary,no,548,no,no,cellular,12,aug,1181,4,-1,0,unknown,yes,2026-11-21 06:00:00
35,self-employed,single,primary,no,45,no,yes,unknown,6,jun,81,1,-1,0,unknown,no,2026-11-21 07:00:00
79,retired,divorced,primary,no,79,no,no,cellular,9,oct,1106,2,-1,0,unknown,yes,2026-11-21 08:00:00
40,self-employed,single,tertiary,no,1616,no,no,telephone,28,jul,1009,7,-1,0,unknown,yes,2026-11-21 09:00:00
34,blue-collar,divorced,secondary,no,1780,yes,no,unknown,2,jun,187,9,-1,0,unknown,no,2026-11-21 10:00:00
40,management,single,primary,no,1527,no,yes,cellular,20,nov,317,2,-1,0,unknown,no,2026-11-21 11:00:00
44,blue-collar,single,primary,no,99,no,no,unknown,17,jun,187,7,-1,0,unknown,no,2026-11-21 12:00:00
47,admin.,single,secondary,no,3696,no,no,cellular,12,jan,758,4,-1,0,unknown,yes,2026-11-21 13:00:00
43,technician,married,secondary,no,-932,yes,no,cellular,16,apr,567,1,-1,0,unknown,no,2026-11-21 14:00:00
41,blue-collar,married,primary,no,2067,yes,no,cellular,15,may,493,7,-1,0,unknown,no,2026-11-21 15:00:00
46,management,married,secondary,no,700,no,yes,cellular,7,jul,136,1,-1,0,unknown,no,2026-11-21 16:00:00
34,blue-collar,married,secondary,no,1235,yes,yes,cellular,9,apr,464,1,-1,0,unknown,no,2026-11-21 17:00:00
26,admin.,single,secondary,no,1327,no,no,cellular,30,mar,171,4,-1,0,unknown,no,2026-11-21 18:00:00
61,management,married,tertiary,no,267,no,no,cellular,21,oct,192,3,184,1,success,yes,2026-11-21 19:00:00
38,management,single,tertiary,no,3646,yes,no,cellular,12,may,1710,2,286,1,other,yes,2026-11-21 20:00:00
54,blue-collar,married,secondary,no,143,yes,no,cellular,12,may,278,2,309,5,failure,no,2026-11-21 21:00:00
43,blue-collar,married,secondary,no,1109,yes,no,unknown,14,may,160,2,-1,0,unknown,no,2026-11-21 22:00:00
46,technician,married,secondary,no,0,yes,no,cellular,17,nov,96,1,-1,0,unknown,no,2026-11-21 23:00:00
49,blue-collar,married,primary,no,1898,no,no,cellular,21,aug,159,1,-1,0,unknown,no,2026-11-22 00:00:00
49,services,married,secondary,no,1084,yes,no,telephone,17,nov,99,1,-1,0,unknown,no,2026-11-22 01:00:00
33,management,single,tertiary,no,755,yes,no,cellular,28,aug,68,12,-1,0,unknown,no,2026-11-22 02:00:00
33,management,single,tertiary,no,1374,yes,yes,cellular,27,aug,93,12,-1,0,unknown,no,2026-11-22 03:00:00
32,management,single,tertiary,no,1169,yes,no,unknown,21,may,322,2,-1,0,unknown,no,2026-11-22 04:00:00
49,entrepreneur,married,secondary,no,687,no,no,cellular,18,aug,65,6,-1,0,unknown,no,2026-11-22 05:00:00
32,admin.,married,secondary,no,-540,yes,yes,unknown,30,may,53,7,-1,0,unknown,no,2026-11-22 06:00:00
29,blue-collar,married,primary,no,410,no,yes,telephone,25,jul,297,2,-1,0,unknown,no,2026-11-22 07:00:00
30,admin.,single,secondary,no,98,yes,no,cellular,23,jul,100,5,-1,0,unknown,no,2026-11-22 08:00:00
27,housemaid,married,secondary,no,0,no,yes,cellular,17,jul,72,1,-1,0,unknown,no,2026-11-22 09:00:00
42,technician,married,secondary,no,473,yes,no,cellular,7,jul,216,5,-1,0,unknown,no,2026-11-22 10:00:00
53,technician,married,secondary,no,428,no,no,cellular,19,aug,609,4,-1,0,unknown,no,2026-11-22 11:00:00
80,retired,married,secondary,no,8304,no,no,telephone,9,jun,712,1,64,12,failure,yes,2026-11-22 12:00:00
47,unemployed,married,primary,no,3723,no,no,cellular,21,nov,108,1,-1,0,unknown,no,2026-11-22 13:00:00
32,admin.,married,secondary,no,340,yes,no,unknown,29,may,665,1,-1,0,unknown,no,2026-11-22 14:00:00
53,services,married,secondary,no,1713,yes,no,cellular,7,aug,160,3,-1,0,unknown,no,2026-11-22 15:00:00
56,technician,divorced,secondary,no,672,no,no,cellular,21,jul,71,9,-1,0,unknown,no,2026-11-22 16:00:00
39,self-employed,married,primary,no,185,yes,no,unknown,29,may,513,3,-1,0,unknown,no,2026-11-22 17:00:00
32,technician,single,secondary,no,674,yes,yes,cellular,15,apr,169,1,316,3,failure,no,2026-11-22 18:00:00
77,retired,married,primary,no,2223,no,no,telephone,10,aug,365,2,187,1,success,no,2026-11-22 19:00:00
45,blue-collar,married,secondary,no,640,yes,no,cellular,5,may,214,1,1,1,success,no,2026-11-22 20:00:00
34,admin.,married,secondary,no,2374,yes,no,cellular,9,nov,161,1,209,2,failure,yes,2026-11-22 21:00:00
57,management,married,secondary,no,0,yes,no,cellular,24,jul,725,2,-1,0,unknown,no,2026-11-22 22:00:00
36,admin.,married,secondary,no,4785,no,yes,unknown,6,jun,250,1,-1,0,unknown,no,2026-11-22 23:00:00
42,blue-collar,married,primary,no,7041,yes,no,cellular,28,jul,386,4,-1,0,unknown,no,2026-11-23 00:00:00
35,services,married,secondary,no,2179,no,no,cellular,20,apr,207,1,-1,0,unknown,no,2026-11-23 01:00:00
48,management,married,tertiary,no,666,yes,no,cellular,7,jul,317,6,-1,0,unknown,no,2026-11-23 02:00:00
53,technician,married,secondary,no,530,no,no,cellular,18,nov,244,1,-1,0,unknown,no,2026-11-23 03:00:00
37,unemployed,divorced,primary,no,849,yes,no,unknown,7,may,166,1,-1,0,unknown,no,2026-11-23 04:00:00
35,unemployed,married,tertiary,no,1849,yes,no,cellular,15,may,111,1,-1,0,unknown,no,2026-11-23 05:00:00
33,admin.,married,secondary,no,0,yes,yes,cellular,9,jul,160,1,-1,0,unknown,no,2026-11-23 06:00:00
30,self-employed,married,tertiary,no,1785,no,no,unknown,17,oct,235,1,-1,0,unknown,yes,2026-11-23 07:00:00
48,housemaid,married,tertiary,no,5473,no,no,cellular,24,aug,232,2,-1,0,unknown,yes,2026-11-23 08:00:00
30,technician,married,secondary,no,239,yes,no,cellular,18,aug,199,8,-1,0,unknown,no,2026-11-23 09:00:00
60,retired,married,secondary,no,143,no,no,telephone,30,jan,345,1,-1,0,unknown,no,2026-11-23 10:00:00
52,blue-collar,divorced,secondary,no,1912,yes,yes,cellular,28,jul,123,2,-1,0,unknown,no,2026-11-23 11:00:00
35,admin.,single,secondary,no,663,yes,no,cellular,2,apr,359,3,-1,0,unknown,no,2026-11-23 12:00:00
35,admin.,married,tertiary,no,-272,no,yes,cellular,29,jan,309,1,197,13,other,no,2026-11-23 13:00:00
31,blue-collar,married,secondary,no,812,yes,no,cellular,23,sep,245,1,-1,0,unknown,no,2026-11-23 14:00:00
33,admin.,single,secondary,no,285,yes,no,cellular,1,apr,427,1,329,1,other,no,2026-11-23 15:00:00
45,technician,married,secondary,no,4639,no,no,unknown,6,jun,82,2,-1,0,unknown,no,2026-11-23 16:00:00
33,management,single,tertiary,no,0,yes,no,telephone,5,may,399,2,358,5,other,no,2026-11-23 17:00:00
53,technician,married,secondary,no,472,yes,yes,unknown,20,jun,325,1,-1,0,unknown,no,2026-11-23 18:00:00
52,services,married,secondary,no,1351,yes,no,telephone,6,feb,11,3,-1,0,unknown,no,2026-11-23 19:00:00
44,blue-collar,single,primary,no,-234,yes,yes,cellular,15,may,71,3,347,1,failure,no,2026-11-23 20:00:00
26,technician,married,tertiary,no,8,yes,yes,unknown,13,may,262,2,-1,0,unknown,no,2026-11-23 21:00:00
36,blue-collar,married,secondary,no,1554,yes,no,unknown,12,may,325,4,-1,0,unknown,no,2026-11-23 22:00:00
57,retired,married,primary,no,-64,yes,no,telephone,24,jul,147,1,-1,0,unknown,no,2026-11-23 23:00:00
26,student,single,secondary,no,6036,no,no,cellular,1,oct,152,1,-1,0,unknown,no,2026-11-24 00:00:00
29,technician,married,secondary,no,344,yes,yes,unknown,28,may,279,2,-1,0,unknown,no,2026-11-24 01:00:00
48,services,married,secondary,no,473,no,yes,cellular,6,aug,198,2,-1,0,unknown,no,2026-11-24 02:00:00
42,management,single,tertiary,yes,0,yes,no,cellular,21,nov,824,1,-1,0,unknown,yes,2026-11-24 03:00:00
55,blue-collar,married,secondary,no,1901,no,no,cellular,18,aug,143,4,-1,0,unknown,no,2026-11-24 04:00:00
40,management,married,tertiary,no,66,no,no,cellular,13,aug,737,4,-1,0,unknown,yes,2026-11-24 05:00:00
47,blue-collar,married,unknown,no,878,yes,no,cellular,13,may,245,4,-1,0,unknown,no,2026-11-24 06:00:00
58,management,divorced,tertiary,no,1533,no,no,unknown,15,may,137,2,-1,0,unknown,no,2026-11-24 07:00:00
32,housemaid,married,primary,no,727,no,no,cellular,11,aug,68,4,-1,0,unknown,no,2026-11-24 08:00:00
30,services,single,primary,no,79,yes,no,cellular,15,may,317,1,-1,0,unknown,no,2026-11-24 09:00:00
34,blue-collar,married,primary,no,0,yes,no,cellular,22,jul,149,2,-1,0,unknown,no,2026-11-24 10:00:00
39,management,married,primary,no,0,no,no,unknown,11,jun,308,7,-1,0,unknown,no,2026-11-24 11:00:00
30,admin.,single,secondary,no,28,no,no,unknown,20,aug,107,1,-1,0,unknown,no,2026-11-24 12:00:00
41,services,divorced,secondary,no,5745,yes,yes,cellular,15,may,69,3,357,1,failure,no,2026-11-24 13:00:00
28,blue-collar,married,primary,no,459,yes,yes,unknown,3,jun,178,1,-1,0,unknown,no,2026-11-24 14:00:00
54,management,married,primary,no,338,yes,no,telephone,18,jul,99,5,-1,0,unknown,no,2026-11-24 15:00:00
39,blue-collar,single,tertiary,no,48,no,no,cellular,3,jun,539,1,-1,0,unknown,yes,2026-11-24 16:00:00
55,entrepreneur,married,primary,no,199,no,no,cellular,17,nov,176,1,-1,0,unknown,no,2026-11-24 17:00:00
27,student,single,tertiary,no,0,no,no,cellular,5,mar,82,3,-1,0,unknown,yes,2026-11-24 18:00:00
35,technician,married,secondary,no,1707,yes,no,unknown,2,jun,426,3,-1,0,unknown,no,2026-11-24 19:00:00
30,management,single,tertiary,no,0,no,no,cellular,29,oct,437,2,-1,0,unknown,no,2026-11-24 20:00:00
59,retired,single,secondary,no,351,yes,no,unknown,27,may,1063,5,-1,0,unknown,yes,2026-11-24 21:00:00
34,admin.,single,secondary,no,663,yes,no,cellular,20,apr,111,1,-1,0,unknown,no,2026-11-24 22:00:00
41,technician,married,secondary,no,4711,yes,no,cellular,20,nov,401,2,-1,0,unknown,no,2026-11-24 23:00:00
41,admin.,single,secondary,no,5219,yes,no,cellular,17,apr,46,4,-1,0,unknown,no,2026-11-25 00:00:00
31,services,single,secondary,no,91,yes,no,cellular,18,may,111,2,-1,0,unknown,no,2026-11-25 01:00:00
37,technician,married,primary,no,0,yes,no,unknown,6,may,76,4,-1,0,unknown,no,2026-11-25 02:00:00
38,management,married,tertiary,no,613,no,no,cellular,3,feb,239,1,-1,0,unknown,yes,2026-11-25 03:00:00
39,technician,single,secondary,no,681,yes,no,unknown,5,jun,170,1,-1,0,unknown,no,2026-11-25 04:00:00
63,retired,married,tertiary,no,262,no,no,cellular,8,jul,335,1,-1,0,unknown,no,2026-11-25 05:00:00
47,services,married,secondary,no,543,yes,no,unknown,15,may,141,1,-1,0,unknown,no,2026-11-25 06:00:00
32,blue-collar,single,secondary,no,413,yes,no,cellular,19,nov,270,1,-1,0,unknown,no,2026-11-25 07:00:00
26,management,divorced,tertiary,yes,-402,no,yes,unknown,12,may,127,2,-1,0,unknown,no,2026-11-25 08:00:00
43,services,married,tertiary,no,4216,no,no,cellular,24,dec,150,2,195,2,success,yes,2026-11-25 09:00:00
36,technician,married,secondary,no,1368,no,no,cellular,1,jun,516,1,292,5,failure,yes,2026-11-25 10:00:00
52,blue-collar,married,secondary,no,-519,yes,no,unknown,9,jun,442,8,-1,0,unknown,yes,2026-11-25 11:00:00
33,technician,married,secondary,no,3000,yes,yes,cellular,2,jul,160,1,-1,0,unknown,no,2026-11-25 12:00:00
42,technician,married,secondary,no,11,yes,no,cellular,16,jul,272,1,-1,0,unknown,no,2026-11-25 13:00:00
36,blue-collar,married,primary,no,378,yes,no,cellular,5,may,1240,1,-1,0,unknown,yes,2026-11-25 14:00:00
36,management,married,tertiary,no,0,yes,yes,cellular,18,jul,305,10,-1,0,unknown,no,2026-11-25 15:00:00
42,blue-collar,married,primary,no,792,yes,yes,cellular,19,nov,611,2,175,12,other,no,2026-11-25 16:00:00
34,management,married,tertiary,no,1784,yes,no,cellular,17,jul,43,2,-1,0,unknown,no,2026-11-25 17:00:00
36,technician,single,tertiary,no,0,yes,no,cellular,14,may,155,2,303,3,other,no,2026-11-25 18:00:00
41,blue-collar,single,secondary,no,75,yes,no,unknown,1,jul,479,9,-1,0,unknown,yes,2026-11-25 19:00:00
53,blue-collar,married,secondary,no,-214,yes,no,unknown,20,jun,49,4,-1,0,unknown,no,2026-11-25 20:00:00
44,services,single,secondary,no,-389,yes,no,unknown,30,may,207,4,-1,0,unknown,no,2026-11-25 21:00:00
47,technician,married,secondary,no,232,yes,no,cellular,24,jul,208,1,-1,0,unknown,no,2026-11-25 22:00:00
42,admin.,divorced,secondary,no,256,no,no,cellular,8,may,322,1,323,1,failure,no,2026-11-25 23:00:00
61,technician,married,tertiary,no,1263,no,no,telephone,18,feb,176,4,-1,0,unknown,no,2026-11-26 00:00:00
27,admin.,single,secondary,no,1123,no,no,cellular,17,aug,75,1,-1,0,unknown,no,2026-11-26 01:00:00
30,admin.,married,secondary,no,1794,no,no,cellular,20,nov,1035,1,-1,0,unknown,yes,2026-11-26 02:00:00
46,technician,married,unknown,no,304,no,no,cellular,2,feb,202,2,-1,0,unknown,no,2026-11-26 03:00:00
36,management,married,primary,no,5427,no,no,unknown,12,jun,398,1,-1,0,unknown,no,2026-11-26 04:00:00
27,student,single,primary,yes,25,no,no,unknown,28,aug,8,1,-1,0,unknown,no,2026-11-26 05:00:00
35,blue-collar,married,secondary,no,616,no,no,cellular,9,jul,317,1,-1,0,unknown,no,2026-11-26 06:00:00
32,technician,single,secondary,yes,0,no,yes,cellular,16,jul,195,1,-1,0,unknown,no,2026-11-26 07:00:00
55,unemployed,divorced,secondary,no,79,yes,no,cellular,17,jul,418,2,-1,0,unknown,no,2026-11-26 08:00:00
30,blue-collar,single,secondary,no,953,yes,no,unknown,2,jun,747,2,-1,0,unknown,yes,2026-11-26 09:00:00
43,management,married,tertiary,no,356,no,no,unknown,5,jun,80,1,-1,0,unknown,no,2026-11-26 10:00:00
35,admin.,single,secondary,no,181,yes,no,cellular,18,may,217,4,301,1,failure,no,2026-11-26 11:00:00
49,admin.,married,secondary,no,197,yes,no,cellular,13,oct,404,1,68,1,other,no,2026-11-26 12:00:00
42,management,married,tertiary,no,251,no,no,cellular,20,aug,413,2,-1,0,unknown,no,2026-11-26 13:00:00
28,blue-collar,married,secondary,no,5611,yes,no,unknown,3,jun,340,2,-1,0,unknown,no,2026-11-26 14:00:00
35,technician,single,secondary,no,230,no,no,cellular,3,feb,288,1,-1,0,unknown,no,2026-11-26 15:00:00
52,blue-collar,married,primary,no,2144,yes,no,unknown,30,may,60,1,-1,0,unknown,no,2026-11-26 16:00:00
36,blue-collar,married,secondary,no,2095,yes,no,cellular,7,may,122,2,-1,0,unknown,no,2026-11-26 17:00:00
48,blue-collar,married,secondary,no,333,yes,no,cellular,14,may,24,6,-1,0,unknown,no,2026-11-26 18:00:00
38,self-employed,married,tertiary,no,3139,yes,no,cellular,18,nov,177,2,-1,0,unknown,no,2026-11-26 19:00:00
58,unemployed,married,secondary,no,68,no,no,cellular,26,may,169,2,-1,0,unknown,no,2026-11-26 20:00:00
29,admin.,married,tertiary,no,111,no,no,cellular,14,may,208,1,-1,0,unknown,no,2026-11-26 21:00:00
40,unemployed,single,secondary,no,6,no,no,unknown,9,jun,134,3,-1,0,unknown,no,2026-11-26 22:00:00
30,management,single,secondary,no,4642,yes,no,cellular,21,nov,528,1,-1,0,unknown,yes,2026-11-26 23:00:00
49,blue-collar,married,primary,no,130,no,no,unknown,30,may,139,2,-1,0,unknown,no,2026-11-27 00:00:00
48,technician,married,tertiary,no,310,no,no,unknown,6,may,135,1,-1,0,unknown,no,2026-11-27 01:00:00
31,technician,married,secondary,no,783,no,no,telephone,9,feb,10,5,-1,0,unknown,no,2026-11-27 02:00:00
47,blue-collar,married,secondary,no,812,yes,no,unknown,29,may,68,1,-1,0,unknown,no,2026-11-27 03:00:00
48,blue-collar,married,primary,no,329,no,yes,telephone,23,jul,85,6,-1,0,unknown,no,2026-11-27 04:00:00
35,admin.,married,secondary,no,0,no,no,cellular,17,jul,80,5,-1,0,unknown,no,2026-11-27 05:00:00
47,management,divorced,tertiary,no,-130,yes,no,cellular,30,jul,221,4,431,5,other,no,2026-11-27 06:00:00
28,technician,single,secondary,no,34,yes,no,unknown,12,may,136,4,-1,0,unknown,no,2026-11-27 07:00:00
42,unemployed,single,secondary,no,139,yes,no,cellular,5,feb,148,2,-1,0,unknown,no,2026-11-27 08:00:00
35,entrepreneur,married,secondary,no,2971,no,no,cellular,7,aug,158,2,95,6,success,no,2026-11-27 09:00:00
55,retired,divorced,secondary,no,13,yes,no,cellular,11,may,190,1,300,2,failure,no,2026-11-27 10:00:00
34,blue-collar,single,secondary,no,89,yes,yes,unknown,21,may,175,2,-1,0,unknown,no,2026-11-27 11:00:00
41,housemaid,married,primary,no,15,no,yes,telephone,17,jul,17,3,-1,0,unknown,no,2026-11-27 12:00:00
29,blue-collar,single,primary,no,161,no,yes,cellular,7,jul,295,1,-1,0,unknown,no,2026-11-27 13:00:00
56,technician,divorced,primary,no,13,yes,no,unknown,5,may,357,2,-1,0,unknown,no,2026-11-27 14:00:00
36,admin.,single,secondary,no,1927,yes,no,cellular,18,nov,288,1,137,1,other,no,2026-11-27 15:00:00
39,unemployed,single,secondary,no,-53,yes,no,unknown,28,may,189,3,-1,0,unknown,no,2026-11-27 16:00:00
52,blue-collar,married,primary,no,1141,yes,no,cellular,12,may,22,5,-1,0,unknown,no,2026-11-27 17:00:00
40,technician,single,tertiary,no,1646,yes,no,cellular,4,aug,173,1,92,5,success,yes,2026-11-27 18:00:00
33,management,married,secondary,no,350,yes,no,cellular,13,may,205,1,350,2,failure,no,2026-11-27 19:00:00
30,services,single,secondary,no,677,yes,no,cellular,21,nov,108,1,-1,0,unknown,no,2026-11-27 20:00:00
38,admin.,single,secondary,no,77,no,no,cellular,20,nov,441,4,-1,0,unknown,no,2026-11-27 21:00:00
33,admin.,married,secondary,no,0,yes,no,cellular,30,jul,41,5,-1,0,unknown,no,2026-11-27 22:00:00
36,blue-collar,married,unknown,no,0,no,no,cellular,24,jul,120,5,-1,0,unknown,no,2026-11-27 23:00:00
34,unknown,married,unknown,no,4535,no,no,cellular,6,aug,54,3,-1,0,unknown,no,2026-11-28 00:00:00
41,blue-collar,married,primary,no,2053,no,no,cellular,31,jul,81,4,-1,0,unknown,no,2026-11-28 01:00:00
58,housemaid,married,primary,no,7881,no,no,cellular,28,aug,507,8,-1,0,unknown,no,2026-11-28 02:00:00
45,admin.,married,secondary,no,14902,yes,no,unknown,20,jun,31,6,-1,0,unknown,no,2026-11-28 03:00:00
42,technician,married,secondary,no,2980,no,no,unknown,20,jun,101,3,-1,0,unknown,no,2026-11-28 04:00:00
49,technician,married,unknown,no,1355,yes,no,unknown,18,jun,300,3,-1,0,unknown,no,2026-11-28 05:00:00
29,technician,single,tertiary,no,2489,yes,no,cellular,3,mar,355,1,86,5,failure,yes,2026-11-28 06:00:00
59,unknown,married,primary,no,282,no,no,cellular,3,feb,301,2,-1,0,unknown,no,2026-11-28 07:00:00
65,entrepreneur,married,tertiary,no,2331,no,no,telephone,9,feb,290,1,92,1,success,yes,2026-11-28 08:00:00
31,technician,single,secondary,no,656,yes,no,cellular,7,may,158,1,275,1,other,no,2026-11-28 09:00:00
48,management,married,tertiary,no,4191,no,no,unknown,21,may,363,6,-1,0,unknown,no,2026-11-28 10:00:00
33,management,single,tertiary,no,47,no,no,cellular,20,aug,203,4,-1,0,unknown,no,2026-11-28 11:00:00
40,blue-collar,married,unknown,no,928,yes,no,cellular,17,apr,53,1,-1,0,unknown,no,2026-11-28 12:00:00
40,entrepreneur,married,tertiary,no,865,no,no,cellular,21,nov,170,2,-1,0,unknown,no,2026-11-28 13:00:00
58,retired,married,primary,no,193,yes,yes,unknown,13,may,788,3,-1,0,unknown,no,2026-11-28 14:00:00
43,services,divorced,secondary,no,207,yes,no,unknown,16,may,132,1,-1,0,unknown,no,2026-11-28 15:00:00
38,technician,married,tertiary,no,51,no,no,telephone,27,aug,39,9,-1,0,unknown,no,2026-11-28 16:00:00
33,blue-collar,married,secondary,no,-409,yes,no,unknown,3,jun,235,3,-1,0,unknown,no,2026-11-28 17:00:00
37,unemployed,single,tertiary,yes,0,yes,no,cellular,10,jul,108,1,-1,0,unknown,no,2026-11-28 18:00:00
51,management,married,tertiary,no,-892,yes,yes,cellular,14,aug,248,2,-1,0,unknown,no,2026-11-28 19:00:00
45,technician,married,secondary,no,34,no,no,telephone,27,aug,96,7,-1,0,unknown,no,2026-11-28 20:00:00
26,student,single,secondary,no,268,yes,no,unknown,20,may,77,2,-1,0,unknown,no,2026-11-28 21:00:00
44,technician,married,secondary,no,596,yes,no,unknown,30,may,28,3,-1,0,unknown,no,2026-11-28 22:00:00
46,management,divorced,secondary,yes,2,no,no,cellular,12,may,115,1,-1,0,unknown,no,2026-11-28 23:00:00
59,retired,married,tertiary,no,2194,yes,no,telephone,31,jul,16,9,-1,0,unknown,no,2026-11-29 00:00:00
38,technician,married,secondary,no,728,yes,no,cellular,18,nov,286,1,181,2,other,no,2026-11-29 01:00:00
44,blue-collar,married,unknown,no,15578,yes,no,unknown,29,may,401,1,-1,0,unknown,no,2026-11-29 02:00:00
45,management,married,tertiary,no,2953,yes,yes,cellular,5,feb,388,1,-1,0,unknown,no,2026-11-29 03:00:00
30,technician,married,secondary,no,394,no,no,cellular,22,aug,216,13,-1,0,unknown,no,2026-11-29 04:00:00
43,services,married,secondary,no,861,yes,no,unknown,9,jun,78,1,-1,0,unknown,no,2026-11-29 05:00:00
37,services,single,secondary,no,54,yes,no,cellular,10,jul,118,1,-1,0,unknown,no,2026-11-29 06:00:00
25,blue-collar,single,primary,no,2483,no,no,cellular,10,jul,1499,3,-1,0,unknown,yes,2026-11-29 07:00:00
31,management,married,tertiary,no,1384,yes,no,cellular,30,jan,203,2,2,3,other,no,2026-11-29 08:00:00
35,services,single,secondary,no,143,yes,yes,cellular,13,may,68,1,369,2,other,no,2026-11-29 09:00:00
51,blue-collar,divorced,secondary,no,104,no,no,cellular,9,jul,71,1,-1,0,unknown,no,2026-11-29 10:00:00
31,services,married,secondary,no,4687,yes,no,cellular,14,may,192,4,-1,0,unknown,no,2026-11-29 11:00:00
53,retired,married,secondary,no,-686,no,yes,unknown,2,jun,255,3,-1,0,unknown,no,2026-11-29 12:00:00
45,technician,married,secondary,no,-312,yes,no,cellular,16,jul,268,1,-1,0,unknown,no,2026-11-29 13:00:00
46,admin.,single,secondary,no,-976,yes,yes,cellular,14,may,111,1,-1,0,unknown,no,2026-11-29 14:00:00
30,technician,single,secondary,no,853,no,no,cellular,3,jun,343,1,-1,0,unknown,no,2026-11-29 15:00:00
77,retired,married,secondary,no,1208,no,no,telephone,28,apr,72,4,-1,0,unknown,no,2026-11-29 16:00:00
45,blue-collar,married,primary,no,572,no,no,telephone,5,feb,13,6,-1,0,unknown,no,2026-11-29 17:00:00
54,management,married,tertiary,no,1464,no,no,cellular,2,oct,194,2,94,1,success,yes,2026-11-29 18:00:00
33,technician,single,tertiary,no,154,no,no,cellular,18,mar,159,2,-1,0,unknown,no,2026-11-29 19:00:00
30,management,married,tertiary,no,4145,yes,yes,cellular,18,jul,302,1,-1,0,unknown,no,2026-11-29 20:00:00
33,entrepreneur,single,tertiary,no,1623,yes,no,cellular,2,sep,291,3,-1,0,unknown,yes,2026-11-29 21:00:00
33,technician,divorced,secondary,no,948,no,no,unknown,26,jul,7,1,-1,0,unknown,no,2026-11-29 22:00:00
37,technician,married,secondary,no,807,yes,no,cellular,12,may,807,3,172,4,failure,no,2026-11-29 23:00:00
35,management,married,tertiary,no,867,yes,no,cellular,20,nov,298,2,171,3,success,no,2026-11-30 00:00:00
36,services,single,secondary,no,417,yes,no,cellular,6,feb,15,10,207,3,failure,no,2026-11-30 01:00:00
25,services,married,secondary,no,121,yes,no,cellular,18,may,477,3,356,3,other,no,2026-11-30 02:00:00
27,technician,divorced,secondary,no,21,yes,no,cellular,18,may,336,1,356,1,failure,no,2026-11-30 03:00:00
26,blue-collar,married,secondary,no,986,yes,no,unknown,5,jun,209,3,-1,0,unknown,no,2026-11-30 04:00:00
44,blue-collar,married,primary,no,582,no,no,cellular,21,jul,83,2,-1,0,unknown,no,2026-11-30 05:00:00
27,student,single,secondary,no,0,no,no,unknown,8,may,93,2,-1,0,unknown,no,2026-11-30 06:00:00
60,technician,married,secondary,no,0,no,no,unknown,20,jun,105,2,-1,0,unknown,no,2026-11-30 07:00:00
54,housemaid,divorced,primary,no,1194,no,no,unknown,18,jun,58,3,-1,0,unknown,no,2026-11-30 08:00:00
26,management,single,tertiary,no,531,no,yes,unknown,27,may,57,1,-1,0,unknown,no,2026-11-30 09:00:00
30,unemployed,married,tertiary,no,330,no,no,cellular,14,apr,111,1,-1,0,unknown,yes,2026-11-30 10:00:00
39,technician,single,secondary,no,1963,yes,no,unknown,6,jun,100,4,-1,0,unknown,no,2026-11-30 11:00:00
38,blue-collar,married,primary,no,315,yes,no,unknown,27,may,173,3,-1,0,unknown,no,2026-11-30 12:00:00
32,services,married,secondary,no,1076,no,no,cellular,21,nov,906,1,129,3,failure,no,2026-11-30 13:00:00
26,services,married,secondary,no,-16,yes,no,cellular,24,jul,1036,1,-1,0,unknown,no,2026-11-30 14:00:00
44,management,married,tertiary,no,1590,yes,yes,cellular,21,jul,54,8,-1,0,unknown,no,2026-11-30 15:00:00
43,housemaid,married,primary,no,59,no,yes,cellular,28,jul,155,2,-1,0,unknown,no,2026-11-30 16:00:00
50,blue-collar,married,primary,no,59,no,no,unknown,19,jun,184,1,-1,0,unknown,no,2026-11-30 17:00:00
49,services,married,secondary,no,3169,no,no,unknown,9,jun,626,1,-1,0,unknown,no,2026-11-30 18:00:00
40,management,married,tertiary,no,5010,no,no,cellular,17,nov,49,1,-1,0,unknown,no,2026-11-30 19:00:00
39,technician,married,secondary,no,994,no,no,cellular,5,feb,221,1,241,1,failure,no,2026-11-30 20:00:00
48,blue-collar,married,secondary,no,1841,yes,no,unknown,30,may,216,3,-1,0,unknown,no,2026-11-30 21:00:00
55,housemaid,divorced,primary,no,0,no,no,unknown,20,jun,398,2,-1,0,unknown,no,2026-11-30 22:00:00
34,management,married,tertiary,no,1778,no,no,cellular,4,nov,358,1,162,2,failure,yes,2026-11-30 23:00:00
34,management,single,tertiary,no,612,no,no,cellular,30,apr,192,1,-1,0,unknown,no,2026-12-01 00:00:00
31,unemployed,married,tertiary,no,330,no,no,cellular,13,jan,260,1,194,2,success,yes,2026-12-01 01:00:00
26,technician,single,secondary,yes,-516,yes,no,unknown,23,may,386,2,-1,0,unknown,no,2026-12-01 02:00:00
29,management,single,tertiary,no,0,yes,no,unknown,30,may,539,12,-1,0,unknown,yes,2026-12-01 03:00:00
43,blue-collar,divorced,primary,no,219,no,no,telephone,13,nov,138,1,-1,0,unknown,no,2026-12-01 04:00:00
50,management,married,unknown,no,8345,no,no,unknown,11,jun,561,1,-1,0,unknown,no,2026-12-01 05:00:00
27,management,married,tertiary,no,2729,yes,no,cellular,24,jul,218,2,-1,0,unknown,no,2026-12-01 06:00:00
41,blue-collar,married,secondary,no,196,yes,no,unknown,13,may,488,1,-1,0,unknown,no,2026-12-01 07:00:00
33,services,married,secondary,no,90,yes,no,cellular,17,apr,170,2,263,2,failure,no,2026-12-01 08:00:00
33,services,married,secondary,no,260,yes,no,cellular,31,mar,248,1,-1,0,unknown,no,2026-12-01 09:00:00
29,technician,single,secondary,no,1395,yes,no,unknown,26,may,61,1,-1,0,unknown,no,2026-12-01 10:00:00
35,entrepreneur,single,tertiary,no,1295,yes,no,cellular,17,apr,952,2,73,1,failure,no,2026-12-01 11:00:00
30,services,married,secondary,no,586,yes,no,unknown,28,may,187,4,-1,0,unknown,no,2026-12-01 12:00:00
50,blue-collar,married,secondary,no,1498,yes,no,cellular,18,jul,223,1,-1,0,unknown,no,2026-12-01 13:00:00
37,admin.,married,secondary,no,66,yes,no,unknown,14,may,91,7,-1,0,unknown,no,2026-12-01 14:00:00
50,technician,divorced,secondary,no,2910,no,yes,cellular,18,nov,364,2,-1,0,unknown,no,2026-12-01 15:00:00
33,self-employed,married,tertiary,no,277,no,no,cellular,24,jul,57,2,-1,0,unknown,no,2026-12-01 16:00:00
30,services,single,secondary,no,122,yes,no,unknown,12,may,501,2,-1,0,unknown,no,2026-12-01 17:00:00
32,management,single,tertiary,no,522,no,no,cellular,22,aug,576,2,-1,0,unknown,yes,2026-12-01 18:00:00
35,management,married,tertiary,no,1133,yes,no,cellular,3,nov,102,1,-1,0,unknown,yes,2026-12-01 19:00:00
44,admin.,divorced,secondary,no,0,no,no,cellular,17,nov,57,1,-1,0,unknown,no,2026-12-01 20:00:00
26,technician,married,tertiary,no,192,yes,no,cellular,18,jul,116,1,-1,0,unknown,no,2026-12-01 21:00:00
62,management,married,tertiary,no,1456,no,no,cellular,10,may,522,6,-1,0,unknown,no,2026-12-01 22:00:00
79,retired,married,unknown,no,0,no,no,telephone,8,jul,167,1,-1,0,unknown,no,2026-12-01 23:00:00
34,blue-collar,married,secondary,no,932,no,yes,cellular,18,nov,148,2,132,1,other,no,2026-12-02 00:00:00
43,blue-collar,married,secondary,no,948,yes,no,cellular,17,apr,185,1,336,2,other,no,2026-12-02 01:00:00
35,management,divorced,tertiary,no,178,yes,no,unknown,23,may,703,2,-1,0,unknown,no,2026-12-02 02:00:00
35,admin.,married,tertiary,no,221,yes,yes,cellular,3,feb,142,2,-1,0,unknown,no,2026-12-02 03:00:00
43,blue-collar,married,secondary,no,1071,yes,no,unknown,19,may,411,1,-1,0,unknown,no,2026-12-02 04:00:00
42,services,married,unknown,no,-416,no,yes,cellular,29,jul,147,5,-1,0,unknown,no,2026-12-02 05:00:00
33,admin.,single,secondary,no,892,yes,no,unknown,21,may,151,1,-1,0,unknown,no,2026-12-02 06:00:00
43,management,married,tertiary,no,438,no,no,unknown,17,jun,355,2,-1,0,unknown,no,2026-12-02 07:00:00
43,technician,single,tertiary,no,140,no,no,cellular,18,aug,192,7,-1,0,unknown,no,2026-12-02 08:00:00
47,technician,single,unknown,no,-213,yes,no,unknown,26,may,168,1,-1,0,unknown,no,2026-12-02 09:00:00
37,services,divorced,secondary,no,135,no,no,cellular,10,jul,460,1,-1,0,unknown,no,2026-12-02 10:00:00
36,admin.,married,secondary,no,4011,no,no,unknown,19,jun,10,16,-1,0,unknown,no,2026-12-02 11:00:00
31,blue-collar,married,primary,no,-454,yes,yes,unknown,28,may,861,2,-1,0,unknown,no,2026-12-02 12:00:00
27,technician,single,secondary,no,639,yes,no,cellular,16,apr,119,1,314,5,success,no,2026-12-02 13:00:00
53,admin.,married,secondary,no,-375,yes,no,cellular,30,jan,103,1,252,1,failure,no,2026-12-02 14:00:00
45,blue-collar,married,secondary,no,1103,yes,no,cellular,24,jul,828,2,-1,0,unknown,no,2026-12-02 15:00:00
52,blue-collar,married,primary,no,28,yes,no,telephone,21,nov,85,3,-1,0,unknown,no,2026-12-02 16:00:00
47,entrepreneur,married,tertiary,no,-497,yes,no,cellular,14,may,176,2,-1,0,unknown,no,2026-12-02 17:00:00
43,blue-collar,married,primary,no,-98,yes,yes,cellular,12,may,112,2,330,3,other,no,2026-12-02 18:00:00
37,management,single,unknown,no,504,yes,no,cellular,16,apr,555,1,-1,0,unknown,no,2026-12-02 19:00:00
42,technician,divorced,secondary,no,2189,no,no,cellular,16,apr,67,5,149,2,other,no,2026-12-02 20:00:00
44,housemaid,married,primary,no,71,yes,no,cellular,11,jul,251,2,-1,0,unknown,no,2026-12-02 21:00:00
47,unemployed,married,secondary,no,351,yes,yes,unknown,29,may,370,1,-1,0,unknown,no,2026-12-02 22:00:00
48,management,married,tertiary,no,5057,no,yes,cellular,19,nov,37,1,-1,0,unknown,no,2026-12-02 23:00:00
28,management,married,tertiary,no,12,yes,no,cellular,9,sep,202,1,-1,0,unknown,yes,2026-12-03 00:00:00
62,retired,married,secondary,no,1495,no,no,cellular,17,aug,606,1,196,1,success,yes,2026-12-03 01:00:00
39,admin.,married,secondary,no,260,yes,no,cellular,17,apr,146,1,281,1,failure,no,2026-12-03 02:00:00
53,services,divorced,secondary,no,765,yes,no,cellular,14,may,959,3,174,7,other,yes,2026-12-03 03:00:00
48,technician,married,tertiary,no,-251,no,no,cellular,16,apr,35,1,-1,0,unknown,no,2026-12-03 04:00:00
26,blue-collar,single,secondary,no,-5,no,no,unknown,19,may,260,1,-1,0,unknown,no,2026-12-03 05:00:00
46,blue-collar,married,secondary,no,0,yes,no,cellular,8,may,264,2,-1,0,unknown,no,2026-12-03 06:00:00
37,management,single,tertiary,no,2265,yes,no,cellular,16,jul,64,1,-1,0,unknown,no,2026-12-03 07:00:00
27,blue-collar,single,secondary,no,1311,yes,no,unknown,13,may,805,2,-1,0,unknown,no,2026-12-03 08:00:00
45,technician,married,secondary,no,1732,no,no,cellular,7,aug,163,2,-1,0,unknown,no,2026-12-03 09:00:00
41,management,divorced,tertiary,no,-78,yes,no,cellular,3,feb,69,4,252,4,failure,no,2026-12-03 10:00:00
39,blue-collar,married,primary,no,1,yes,no,unknown,1,jul,165,1,745,2,failure,no,2026-12-03 11:00:00
39,management,single,tertiary,no,313,no,yes,cellular,29,jan,118,5,196,1,other,no,2026-12-03 12:00:00
31,management,single,tertiary,no,5691,yes,no,cellular,21,jul,357,1,-1,0,unknown,no,2026-12-03 13:00:00
31,blue-collar,married,secondary,no,472,yes,no,unknown,13,may,907,2,-1,0,unknown,no,2026-12-03 14:00:00
50,technician,married,tertiary,no,92,no,yes,cellular,7,jul,192,1,-1,0,unknown,no,2026-12-03 15:00:00
41,management,single,tertiary,no,3371,yes,yes,cellular,13,may,204,2,-1,0,unknown,no,2026-12-03 16:00:00
32,housemaid,married,secondary,no,0,yes,no,cellular,12,may,549,1,368,2,failure,no,2026-12-03 17:00:00
29,admin.,single,secondary,no,1070,yes,no,unknown,19,may,30,1,357,1,other,yes,2026-12-03 18:00:00
58,blue-collar,married,secondary,no,2146,no,no,cellular,7,jul,206,3,-1,0,unknown,no,2026-12-03 19:00:00
62,retired,married,tertiary,no,4692,yes,no,cellular,13,jan,113,1,90,1,failure,no,2026-12-03 20:00:00
49,blue-collar,married,primary,no,1032,yes,no,unknown,2,jun,41,5,-1,0,unknown,no,2026-12-03 21:00:00
68,retired,single,unknown,no,518,no,no,cellular,17,mar,74,1,-1,0,unknown,no,2026-12-03 22:00:00
49,admin.,single,secondary,no,780,no,no,telephone,3,feb,354,5,-1,0,unknown,no,2026-12-03 23:00:00
39,technician,married,secondary,no,61,no,no,cellular,19,aug,339,2,-1,0,unknown,no,2026-12-04 00:00:00
38,admin.,married,secondary,no,137,yes,no,cellular,31,jul,27,22,-1,0,unknown,no,2026-12-04 01:00:00
40,blue-collar,married,secondary,no,356,yes,yes,cellular,7,may,1254,3,365,1,failure,no,2026-12-04 02:00:00
29,services,single,secondary,no,102,no,no,cellular,12,jul,154,1,182,5,failure,no,2026-12-04 03:00:00
60,management,divorced,secondary,no,0,yes,no,telephone,13,may,65,4,350,6,failure,no,2026-12-04 04:00:00
43,management,married,secondary,no,3301,yes,yes,cellular,26,mar,278,2,-1,0,unknown,no,2026-12-04 05:00:00
47,unemployed,married,primary,no,798,no,no,cellular,20,aug,89,2,-1,0,unknown,no,2026-12-04 06:00:00
36,technician,married,secondary,no,4542,yes,no,cellular,28,aug,76,16,-1,0,unknown,no,2026-12-04 07:00:00
29,blue-collar,married,secondary,no,424,yes,yes,unknown,14,may,241,2,-1,0,unknown,no,2026-12-04 08:00:00
44,management,single,tertiary,no,1424,yes,no,cellular,8,aug,201,2,-1,0,unknown,no,2026-12-04 09:00:00
33,services,married,secondary,no,0,yes,no,unknown,5,may,54,1,-1,0,unknown,no,2026-12-04 10:00:00
31,admin.,single,secondary,no,430,yes,no,cellular,15,apr,103,2,-1,0,unknown,no,2026-12-04 11:00:00
34,blue-collar,married,secondary,no,261,yes,no,cellular,3,feb,88,5,251,3,failure,no,2026-12-04 12:00:00
35,technician,divorced,secondary,no,5724,yes,no,unknown,30,may,691,10,-1,0,unknown,yes,2026-12-04 13:00:00
59,management,single,tertiary,no,68,yes,no,unknown,28,may,176,2,-1,0,unknown,no,2026-12-04 14:00:00
29,housemaid,married,secondary,no,1104,yes,no,unknown,18,jun,262,9,-1,0,unknown,no,2026-12-04 15:00:00
25,self-employed,single,unknown,no,1179,no,no,cellular,17,aug,43,1,83,2,failure,no,2026-12-04 16:00:00
32,entrepreneur,married,tertiary,no,0,no,no,cellular,19,aug,167,2,-1,0,unknown,no,2026-12-04 17:00:00
30,admin.,single,tertiary,no,305,no,no,cellular,30,apr,633,1,85,2,success,yes,2026-12-04 18:00:00
76,retired,married,tertiary,no,0,no,no,telephone,19,aug,170,1,-1,0,unknown,no,2026-12-04 19:00:00
25,student,single,tertiary,no,5,no,no,cellular,29,sep,138,1,-1,0,unknown,no,2026-12-04 20:00:00
38,technician,married,secondary,no,79,yes,no,cellular,20,aug,209,2,-1,0,unknown,no,2026-12-04 21:00:00
52,self-employed,married,tertiary,no,1088,yes,no,unknown,6,jun,217,2,-1,0,unknown,no,2026-12-04 22:00:00
31,technician,single,secondary,no,205,yes,no,unknown,3,jun,342,2,-1,0,unknown,no,2026-12-04 23:00:00
59,technician,married,primary,no,4198,no,no,cellular,14,jan,309,1,91,10,success,yes,2026-12-05 00:00:00
35,technician,divorced,secondary,no,515,yes,yes,cellular,29,aug,114,3,-1,0,unknown,no,2026-12-05 01:00:00
28,admin.,single,secondary,no,3029,yes,no,cellular,18,may,58,6,-1,0,unknown,no,2026-12-05 02:00:00
29,blue-collar,married,secondary,no,214,yes,yes,unknown,25,jun,372,5,-1,0,unknown,no,2026-12-05 03:00:00
28,technician,single,tertiary,no,968,no,yes,cellular,22,jul,470,2,-1,0,unknown,no,2026-12-05 04:00:00
33,management,single,secondary,no,1473,no,no,telephone,4,feb,43,1,-1,0,unknown,no,2026-12-05 05:00:00
55,blue-collar,married,secondary,no,1328,yes,no,unknown,15,may,100,1,-1,0,unknown,no,2026-12-05 06:00:00
59,technician,divorced,secondary,no,0,no,no,cellular,29,aug,126,2,-1,0,unknown,no,2026-12-05 07:00:00
51,blue-collar,divorced,primary,no,1236,yes,no,cellular,10,jul,613,1,-1,0,unknown,no,2026-12-05 08:00:00
30,services,single,secondary,no,248,yes,no,cellular,13,may,87,1,-1,0,unknown,no,2026-12-05 09:00:00
32,services,married,secondary,no,-509,yes,no,cellular,30,jan,134,1,-1,0,unknown,no,2026-12-05 10:00:00
43,housemaid,married,primary,no,0,yes,no,cellular,25,aug,152,3,-1,0,unknown,no,2026-12-05 11:00:00
45,retired,married,primary,no,1152,no,no,unknown,18,jun,234,2,-1,0,unknown,no,2026-12-05 12:00:00
52,admin.,divorced,secondary,no,363,yes,no,cellular,21,aug,168,1,462,1,success,yes,2026-12-05 13:00:00
50,technician,divorced,secondary,no,636,yes,no,cellular,6,may,127,2,254,23,other,no,2026-12-05 14:00:00
31,services,single,secondary,no,124,yes,no,unknown,3,jun,154,4,-1,0,unknown,no,2026-12-05 15:00:00
32,management,single,secondary,no,138,yes,no,cellular,29,jan,432,1,182,9,other,no,2026-12-05 16:00:00
38,technician,married,secondary,no,865,yes,no,cellular,30,apr,503,3,-1,0,unknown,no,2026-12-05 17:00:00
27,admin.,single,unknown,no,861,no,no,cellular,14,jun,212,4,-1,0,unknown,yes,2026-12-05 18:00:00
33,admin.,divorced,tertiary,no,777,no,yes,cellular,25,may,344,1,-1,0,unknown,no,2026-12-05 19:00:00
39,technician,married,secondary,no,211,no,no,telephone,6,feb,53,2,-1,0,unknown,no,2026-12-05 20:00:00
57,retired,married,secondary,no,427,no,no,cellular,29,jan,246,1,-1,0,unknown,no,2026-12-05 21:00:00
37,blue-collar,married,primary,no,120,yes,no,cellular,8,may,80,4,358,1,other,no,2026-12-05 22:00:00
37,admin.,divorced,secondary,no,859,yes,yes,cellular,10,jul,154,4,-1,0,unknown,no,2026-12-05 23:00:00
26,student,single,tertiary,no,10086,no,no,cellular,21,apr,110,2,-1,0,unknown,yes,2026-12-06 00:00:00
33,technician,single,tertiary,no,316,no,no,cellular,21,aug,126,3,-1,0,unknown,no,2026-12-06 01:00:00
35,blue-collar,single,secondary,no,448,no,yes,cellular,20,nov,1031,6,-1,0,unknown,no,2026-12-06 02:00:00
39,services,married,secondary,no,1099,no,no,cellular,29,jan,211,2,245,6,failure,no,2026-12-06 03:00:00
39,management,married,tertiary,no,53,yes,no,cellular,29,oct,679,1,-1,0,unknown,no,2026-12-06 04:00:00
34,blue-collar,married,secondary,no,750,yes,no,unknown,23,may,204,1,-1,0,unknown,no,2026-12-06 05:00:00
41,blue-collar,married,secondary,no,217,yes,no,cellular,15,apr,375,2,344,1,failure,no,2026-12-06 06:00:00
42,management,married,tertiary,no,721,no,yes,cellular,5,aug,91,5,-1,0,unknown,no,2026-12-06 07:00:00
32,blue-collar,married,secondary,yes,98,no,yes,unknown,23,may,174,1,-1,0,unknown,no,2026-12-06 08:00:00
55,retired,married,secondary,no,-185,no,yes,telephone,2,feb,463,2,-1,0,unknown,no,2026-12-06 09:00:00
56,unknown,married,unknown,no,15088,no,no,cellular,11,aug,179,4,-1,0,unknown,no,2026-12-06 10:00:00
31,services,divorced,secondary,no,1016,yes,no,cellular,6,may,20,1,342,1,failure,no,2026-12-06 11:00:00
29,blue-collar,single,secondary,no,482,no,no,cellular,20,apr,168,2,-1,0,unknown,no,2026-12-06 12:00:00
40,entrepreneur,married,primary,no,0,yes,no,cellular,11,jul,271,2,-1,0,unknown,no,2026-12-06 13:00:00
55,blue-collar,married,primary,no,1512,no,no,cellular,11,aug,262,4,-1,0,unknown,no,2026-12-06 14:00:00
35,blue-collar,single,secondary,no,1688,yes,no,telephone,7,jul,41,4,-1,0,unknown,no,2026-12-06 15:00:00
37,management,married,tertiary,no,5205,yes,no,unknown,23,may,493,2,-1,0,unknown,no,2026-12-06 16:00:00
33,management,single,tertiary,no,1998,no,no,cellular,19,nov,570,1,-1,0,unknown,no,2026-12-06 17:00:00
36,blue-collar,single,secondary,no,1392,yes,no,unknown,15,may,205,2,-1,0,unknown,no,2026-12-06 18:00:00
27,blue-collar,single,primary,no,3342,yes,no,cellular,30,apr,761,2,330,4,failure,no,2026-12-06 19:00:00
42,management,single,tertiary,no,2032,yes,no,cellular,24,jul,1173,4,-1,0,unknown,no,2026-12-06 20:00:00
33,admin.,married,secondary,no,-297,yes,no,unknown,27,may,398,3,-1,0,unknown,no,2026-12-06 21:00:00
66,retired,married,primary,no,747,no,no,telephone,28,jan,203,3,93,1,failure,no,2026-12-06 22:00:00
31,blue-collar,married,secondary,no,671,yes,no,unknown,18,jun,704,4,-1,0,unknown,yes,2026-12-06 23:00:00
32,unemployed,single,secondary,no,104,no,no,cellular,4,feb,233,3,-1,0,unknown,no,2026-12-07 00:00:00
55,admin.,divorced,unknown,no,789,yes,no,unknown,13,may,434,2,-1,0,unknown,no,2026-12-07 01:00:00
46,technician,married,secondary,no,1427,yes,no,unknown,14,may,32,3,-1,0,unknown,no,2026-12-07 02:00:00
54,unemployed,married,primary,no,541,yes,no,cellular,3,feb,237,3,-1,0,unknown,no,2026-12-07 03:00:00
31,unemployed,married,tertiary,no,3640,no,no,cellular,20,nov,120,1,-1,0,unknown,no,2026-12-07 04:00:00
40,blue-collar,married,secondary,no,679,yes,no,cellular,17,apr,642,2,304,1,failure,no,2026-12-07 05:00:00
31,technician,married,secondary,no,547,no,no,cellular,14,aug,204,6,-1,0,unknown,no,2026-12-07 06:00:00
45,blue-collar,married,primary,no,0,yes,no,telephone,24,jul,32,1,-1,0,unknown,no,2026-12-07 07:00:00
38,technician,married,secondary,no,1333,yes,no,telephone,11,may,21,5,346,6,other,no,2026-12-07 08:00:00
42,technician,single,secondary,no,-15,no,no,unknown,25,jun,71,1,-1,0,unknown,no,2026-12-07 09:00:00
48,technician,married,tertiary,no,0,no,yes,cellular,18,nov,106,1,-1,0,unknown,no,2026-12-07 10:00:00
46,services,married,secondary,no,22,yes,no,cellular,21,nov,153,1,197,3,failure,no,2026-12-07 11:00:00
26,student,single,secondary,no,316,no,no,cellular,18,oct,375,2,-1,0,unknown,no,2026-12-07 12:00:00
41,services,divorced,secondary,no,1838,yes,yes,telephone,24,jul,242,4,-1,0,unknown,no,2026-12-07 13:00:00
49,blue-collar,married,primary,no,3652,yes,yes,cellular,11,may,568,1,285,2,other,no,2026-12-07 14:00:00
24,technician,married,secondary,no,432,yes,no,cellular,7,may,212,2,-1,0,unknown,no,2026-12-07 15:00:00
39,services,married,tertiary,no,35,no,no,cellular,20,aug,211,3,-1,0,unknown,no,2026-12-07 16:00:00
37,management,married,tertiary,no,425,yes,no,unknown,20,may,226,1,-1,0,unknown,no,2026-12-07 17:00:00
29,blue-collar,married,secondary,no,3,no,no,cellular,22,jul,115,1,-1,0,unknown,no,2026-12-07 18:00:00
33,blue-collar,married,secondary,no,478,yes,no,cellular,7,may,349,1,338,1,failure,no,2026-12-07 19:00:00
68,retired,married,tertiary,no,2812,no,no,cellular,3,aug,392,4,181,3,success,yes,2026-12-07 20:00:00
48,management,married,tertiary,no,4006,no,no,cellular,25,jul,51,4,-1,0,unknown,no,2026-12-07 21:00:00
51,management,divorced,secondary,no,3348,yes,no,unknown,29,may,122,2,-1,0,unknown,no,2026-12-07 22:00:00
51,management,married,unknown,no,1708,no,no,telephone,29,jan,92,3,-1,0,unknown,no,2026-12-07 23:00:00
45,management,married,tertiary,no,0,yes,no,cellular,5,may,469,2,342,1,failure,no,2026-12-08 00:00:00
24,student,single,tertiary,no,235,no,no,cellular,9,nov,118,1,-1,0,unknown,yes,2026-12-08 01:00:00
32,blue-collar,divorced,secondary,no,8,yes,no,cellular,16,jul,226,1,-1,0,unknown,no,2026-12-08 02:00:00
40,blue-collar,married,secondary,no,252,yes,yes,cellular,9,jul,140,3,-1,0,unknown,no,2026-12-08 03:00:00
30,admin.,married,secondary,no,2074,no,no,cellular,19,nov,98,1,-1,0,unknown,no,2026-12-08 04:00:00
44,management,single,tertiary,no,1090,no,no,cellular,19,jul,204,4,532,2,other,yes,2026-12-08 05:00:00
53,blue-collar,married,secondary,no,3815,no,no,telephone,20,nov,75,2,149,3,failure,no,2026-12-08 06:00:00
40,blue-collar,single,primary,no,-21,no,no,cellular,18,may,68,2,368,3,failure,no,2026-12-08 07:00:00
29,housemaid,single,secondary,no,718,yes,no,unknown,8,may,91,3,-1,0,unknown,no,2026-12-08 08:00:00
34,management,single,tertiary,no,0,no,no,cellular,22,aug,174,1,-1,0,unknown,no,2026-12-08 09:00:00
45,unemployed,single,secondary,no,382,yes,yes,cellular,18,may,182,1,-1,0,unknown,no,2026-12-08 10:00:00
31,technician,single,secondary,no,2544,no,no,cellular,12,jan,229,1,279,2,success,yes,2026-12-08 11:00:00
57,unemployed,married,secondary,no,3754,no,no,cellular,5,feb,1063,2,-1,0,unknown,yes,2026-12-08 12:00:00
45,services,married,secondary,no,972,yes,no,cellular,8,may,343,1,282,3,failure,no,2026-12-08 13:00:00
43,management,married,tertiary,no,46,no,no,cellular,27,aug,63,8,-1,0,unknown,no,2026-12-08 14:00:00
39,management,single,tertiary,no,3840,yes,no,cellular,11,aug,315,2,-1,0,unknown,yes,2026-12-08 15:00:00
46,blue-collar,married,primary,no,85,yes,no,cellular,17,apr,70,1,344,1,failure,no,2026-12-08 16:00:00
44,management,single,tertiary,no,1206,no,no,cellular,9,jul,160,2,-1,0,unknown,no,2026-12-08 17:00:00
46,blue-collar,married,secondary,no,51,yes,no,cellular,15,may,333,1,-1,0,unknown,no,2026-12-08 18:00:00
31,services,single,secondary,no,864,yes,no,cellular,6,may,100,1,-1,0,unknown,no,2026-12-08 19:00:00
58,technician,married,tertiary,no,883,no,no,cellular,18,aug,543,1,78,2,failure,no,2026-12-08 20:00:00
39,entrepreneur,married,primary,no,437,yes,no,unknown,27,oct,150,1,-1,0,unknown,yes,2026-12-08 21:00:00
48,management,married,primary,no,2537,no,no,cellular,26,aug,219,6,-1,0,unknown,no,2026-12-08 22:00:00
31,admin.,single,secondary,no,-1,yes,no,cellular,15,may,99,1,352,1,failure,no,2026-12-08 23:00:00
51,management,divorced,tertiary,no,93,yes,yes,cellular,6,may,221,1,-1,0,unknown,no,2026-12-09 00:00:00
69,retired,divorced,secondary,no,6850,no,no,telephone,3,sep,2055,1,-1,0,unknown,no,2026-12-09 01:00:00
49,admin.,married,secondary,no,1697,yes,no,cellular,19,nov,236,1,-1,0,unknown,no,2026-12-09 02:00:00
42,services,married,secondary,no,2993,yes,no,unknown,19,may,136,2,-1,0,unknown,no,2026-12-09 03:00:00
42,technician,married,secondary,no,4466,no,no,cellular,17,nov,158,2,-1,0,unknown,no,2026-12-09 04:00:00
28,technician,single,tertiary,no,4253,yes,no,cellular,4,feb,336,6,-1,0,unknown,no,2026-12-09 05:00:00
55,technician,divorced,tertiary,no,2848,yes,yes,cellular,11,jul,121,2,-1,0,unknown,no,2026-12-09 06:00:00
43,blue-collar,married,secondary,no,500,yes,no,cellular,14,jul,324,2,-1,0,unknown,no,2026-12-09 07:00:00
34,blue-collar,married,secondary,no,-349,yes,no,cellular,6,may,208,1,365,1,failure,no,2026-12-09 08:00:00
54,admin.,married,secondary,no,4028,yes,no,cellular,17,nov,146,1,-1,0,unknown,no,2026-12-09 09:00:00
27,management,single,tertiary,no,3347,no,no,cellular,18,may,311,1,-1,0,unknown,no,2026-12-09 10:00:00
27,blue-collar,married,secondary,no,564,yes,no,unknown,9,may,257,3,-1,0,unknown,no,2026-12-09 11:00:00
23,blue-collar,single,secondary,no,206,yes,no,cellular,20,apr,116,3,-1,0,unknown,no,2026-12-09 12:00:00
27,blue-collar,single,primary,no,1128,yes,no,unknown,30,jun,88,4,-1,0,unknown,no,2026-12-09 13:00:00
34,admin.,married,secondary,no,0,yes,no,cellular,15,may,78,2,-1,0,unknown,no,2026-12-09 14:00:00
37,technician,married,secondary,yes,0,no,no,unknown,18,jun,236,1,-1,0,unknown,no,2026-12-09 15:00:00
53,admin.,married,tertiary,yes,6,no,no,unknown,19,may,105,11,-1,0,unknown,no,2026-12-09 16:00:00
49,blue-collar,married,secondary,no,783,yes,no,unknown,12,may,166,4,-1,0,unknown,no,2026-12-09 17:00:00
50,management,married,tertiary,no,0,no,no,unknown,11,jun,916,1,-1,0,unknown,no,2026-12-09 18:00:00
27,services,married,primary,no,-90,no,yes,cellular,8,jul,175,1,-1,0,unknown,no,2026-12-09 19:00:00
52,self-employed,married,tertiary,no,2289,yes,yes,cellular,21,nov,81,1,-1,0,unknown,no,2026-12-09 20:00:00
52,technician,married,unknown,no,370,yes,no,cellular,28,jan,144,1,197,2,failure,no,2026-12-09 21:00:00
28,student,single,secondary,no,5916,no,no,cellular,11,aug,344,1,81,6,failure,no,2026-12-09 22:00:00
31,blue-collar,married,primary,no,951,yes,no,cellular,13,may,206,1,-1,0,unknown,no,2026-12-09 23:00:00
29,blue-collar,married,secondary,no,195,yes,no,cellular,11,may,333,1,-1,0,unknown,no,2026-12-10 00:00:00
35,services,married,secondary,no,17,yes,no,cellular,4,may,110,4,-1,0,unknown,no,2026-12-10 01:00:00
56,management,divorced,tertiary,no,3287,no,no,cellular,27,apr,497,1,-1,0,unknown,yes,2026-12-10 02:00:00
33,entrepreneur,married,tertiary,no,12,yes,no,cellular,12,may,137,1,-1,0,unknown,no,2026-12-10 03:00:00
45,blue-collar,married,primary,no,1335,yes,no,cellular,12,may,88,2,-1,0,unknown,no,2026-12-10 04:00:00
30,admin.,single,secondary,no,1282,yes,no,cellular,6,may,346,3,356,2,other,no,2026-12-10 05:00:00
47,management,married,tertiary,no,1147,no,no,cellular,2,jun,654,1,95,1,failure,yes,2026-12-10 06:00:00
43,management,married,tertiary,no,228,yes,no,cellular,2,feb,84,1,-1,0,unknown,no,2026-12-10 07:00:00
33,admin.,single,secondary,yes,-266,no,yes,cellular,20,nov,459,1,-1,0,unknown,no,2026-12-10 08:00:00
28,student,single,secondary,no,67,no,no,cellular,20,aug,329,3,199,2,other,yes,2026-12-10 09:00:00
38,admin.,married,secondary,no,532,yes,no,cellular,23,jul,95,1,-1,0,unknown,no,2026-12-10 10:00:00
47,self-employed,married,secondary,yes,2,no,no,cellular,5,feb,236,2,-1,0,unknown,no,2026-12-10 11:00:00
32,blue-collar,married,primary,no,2,yes,yes,cellular,20,apr,180,3,284,1,failure,no,2026-12-10 12:00:00
47,retired,married,secondary,no,2383,no,no,unknown,9,jun,529,1,-1,0,unknown,no,2026-12-10 13:00:00
32,management,single,tertiary,no,2233,no,no,cellular,29,aug,85,15,-1,0,unknown,no,2026-12-10 14:00:00
60,retired,married,unknown,no,1396,no,yes,cellular,26,aug,104,2,-1,0,unknown,no,2026-12-10 15:00:00
35,management,single,tertiary,no,252,yes,no,cellular,8,aug,89,2,-1,0,unknown,no,2026-12-10 16:00:00
56,housemaid,married,primary,no,605,no,no,cellular,19,aug,207,6,-1,0,unknown,no,2026-12-10 17:00:00
44,services,married,secondary,no,1357,yes,yes,unknown,5,may,250,1,-1,0,unknown,no,2026-12-10 18:00:00
35,technician,single,secondary,no,204,yes,no,cellular,25,may,236,1,-1,0,unknown,yes,2026-12-10 19:00:00
29,admin.,married,secondary,no,22171,yes,no,cellular,18,may,44,1,355,3,failure,no,2026-12-10 20:00:00
46,management,married,tertiary,no,473,yes,no,cellular,18,aug,201,4,-1,0,unknown,no,2026-12-10 21:00:00
37,management,married,tertiary,no,4332,no,no,cellular,14,aug,213,2,-1,0,unknown,no,2026-12-10 22:00:00
30,management,married,tertiary,no,359,no,no,cellular,4,mar,117,2,-1,0,unknown,no,2026-12-10 23:00:00
40,management,single,tertiary,no,759,yes,no,telephone,20,apr,32,2,266,5,failure,no,2026-12-11 00:00:00
25,blue-collar,single,primary,no,17,yes,no,unknown,13,may,97,2,-1,0,unknown,no,2026-12-11 01:00:00
27,blue-collar,single,secondary,no,6010,yes,no,unknown,3,jun,604,1,-1,0,unknown,no,2026-12-11 02:00:00
55,retired,married,secondary,no,466,no,no,unknown,17,jun,287,4,-1,0,unknown,no,2026-12-11 03:00:00
52,blue-collar,married,primary,no,768,no,no,cellular,4,feb,82,3,-1,0,unknown,no,2026-12-11 04:00:00
42,blue-collar,married,primary,no,187,yes,no,unknown,3,jun,43,1,-1,0,unknown,no,2026-12-11 05:00:00
27,blue-collar,single,primary,no,1518,yes,no,unknown,21,may,700,3,-1,0,unknown,no,2026-12-11 06:00:00
36,admin.,married,tertiary,no,157,yes,no,cellular,17,apr,277,2,-1,0,unknown,no,2026-12-11 07:00:00
35,blue-collar,married,secondary,no,2643,yes,no,cellular,2,apr,96,3,330,1,other,no,2026-12-11 08:00:00
39,admin.,married,secondary,no,1221,no,no,unknown,12,jun,97,1,-1,0,unknown,no,2026-12-11 09:00:00
44,technician,single,primary,no,237,yes,no,cellular,25,jul,54,1,-1,0,unknown,no,2026-12-11 10:00:00
34,services,married,secondary,no,27,yes,yes,cellular,31,jul,249,3,-1,0,unknown,no,2026-12-11 11:00:00
44,blue-collar,divorced,unknown,no,284,no,no,cellular,3,feb,167,4,187,5,other,no,2026-12-11 12:00:00
30,blue-collar,married,secondary,no,278,yes,yes,unknown,23,may,1073,1,-1,0,unknown,yes,2026-12-11 13:00:00
45,blue-collar,married,primary,no,71,no,no,unknown,26,jun,138,2,-1,0,unknown,no,2026-12-11 14:00:00
50,management,married,tertiary,no,398,no,no,telephone,30,jul,1567,5,-1,0,unknown,no,2026-12-11 15:00:00
31,technician,single,tertiary,no,967,no,no,cellular,21,nov,210,3,-1,0,unknown,no,2026-12-11 16:00:00
31,management,married,tertiary,no,859,yes,yes,cellular,4,aug,182,3,-1,0,unknown,no,2026-12-11 17:00:00
29,self-employed,single,tertiary,no,871,yes,no,cellular,2,jun,310,1,-1,0,unknown,no,2026-12-11 18:00:00
53,retired,divorced,primary,no,-24,no,yes,cellular,14,jul,319,3,-1,0,unknown,no,2026-12-11 19:00:00
35,management,married,tertiary,no,495,no,no,cellular,30,apr,266,1,87,1,failure,yes,2026-12-11 20:00:00
46,blue-collar,married,primary,no,1085,yes,yes,cellular,15,may,523,2,353,58,other,yes,2026-12-11 21:00:00
43,technician,single,secondary,no,33,yes,no,unknown,27,may,93,10,-1,0,unknown,no,2026-12-11 22:00:00
53,retired,divorced,tertiary,no,-309,yes,no,cellular,21,aug,343,2,428,2,success,yes,2026-12-11 23:00:00
33,blue-collar,married,secondary,no,625,yes,no,unknown,28,may,410,1,-1,0,unknown,no,2026-12-12 00:00:00
51,blue-collar,married,secondary,no,2964,yes,no,cellular,16,apr,177,1,-1,0,unknown,no,2026-12-12 01:00:00
52,blue-collar,divorced,primary,no,3990,no,no,cellular,19,nov,1548,1,153,1,other,no,2026-12-12 02:00:00
30,blue-collar,married,secondary,no,2,yes,yes,cellular,17,apr,291,2,326,1,failure,no,2026-12-12 03:00:00
35,blue-collar,single,secondary,no,0,yes,no,cellular,8,may,237,1,368,1,other,no,2026-12-12 04:00:00
41,blue-collar,married,primary,no,1461,yes,no,unknown,6,jun,554,2,-1,0,unknown,yes,2026-12-12 05:00:00
42,services,married,primary,no,5879,yes,no,unknown,14,may,162,1,-1,0,unknown,no,2026-12-12 06:00:00
27,admin.,married,secondary,no,53,yes,no,cellular,18,jul,362,2,-1,0,unknown,no,2026-12-12 07:00:00
42,management,married,secondary,no,218,yes,no,cellular,12,may,134,2,361,1,failure,no,2026-12-12 08:00:00
45,management,married,tertiary,no,1416,yes,yes,cellular,19,nov,740,1,-1,0,unknown,no,2026-12-12 09:00:00
51,services,married,secondary,no,2904,yes,no,cellular,17,jul,410,3,-1,0,unknown,no,2026-12-12 10:00:00
32,services,single,secondary,no,396,yes,no,cellular,13,may,257,4,-1,0,unknown,no,2026-12-12 11:00:00
45,admin.,single,secondary,no,757,yes,yes,cellular,24,jul,144,3,-1,0,unknown,no,2026-12-12 12:00:00
50,management,divorced,tertiary,no,405,no,no,cellular,2,jul,146,1,91,6,failure,no,2026-12-12 13:00:00
18,student,single,primary,no,608,no,no,cellular,13,nov,210,1,93,1,success,yes,2026-12-12 14:00:00
50,technician,married,secondary,no,1234,yes,no,unknown,5,may,205,2,-1,0,unknown,no,2026-12-12 15:00:00
25,services,single,secondary,no,111,no,yes,cellular,7,jul,316,1,-1,0,unknown,no,2026-12-12 16:00:00
45,management,divorced,tertiary,no,-255,yes,yes,unknown,28,may,128,2,-1,0,unknown,no,2026-12-12 17:00:00
30,technician,single,secondary,no,1395,yes,no,cellular,15,may,199,2,354,1,failure,no,2026-12-12 18:00:00
38,entrepreneur,married,secondary,no,680,yes,no,unknown,19,may,144,2,-1,0,unknown,no,2026-12-12 19:00:00
34,admin.,married,secondary,no,79,yes,no,cellular,17,apr,193,1,329,1,failure,no,2026-12-12 20:00:00
42,blue-collar,single,primary,no,-376,yes,no,cellular,18,may,53,1,-1,0,unknown,no,2026-12-12 21:00:00
31,services,married,secondary,no,1020,yes,no,cellular,19,nov,575,6,-1,0,unknown,no,2026-12-12 22:00:00
54,housemaid,married,primary,no,311,yes,no,telephone,11,jul,470,2,-1,0,unknown,no,2026-12-12 23:00:00
31,management,single,tertiary,no,2137,no,no,cellular,6,feb,132,1,-1,0,unknown,no,2026-12-13 00:00:00
36,management,married,tertiary,no,699,no,no,cellular,23,jul,125,1,-1,0,unknown,no,2026-12-13 01:00:00
38,technician,married,secondary,no,318,no,no,cellular,5,aug,274,1,182,6,success,yes,2026-12-13 02:00:00
50,admin.,married,secondary,no,100,yes,no,unknown,18,jun,23,1,-1,0,unknown,no,2026-12-13 03:00:00
32,technician,married,secondary,no,1568,no,no,cellular,12,aug,161,6,-1,0,unknown,no,2026-12-13 04:00:00
26,services,single,secondary,no,0,no,no,cellular,25,jul,129,3,-1,0,unknown,no,2026-12-13 05:00:00
55,housemaid,divorced,unknown,no,603,no,no,telephone,31,jul,91,2,-1,0,unknown,no,2026-12-13 06:00:00
43,management,married,tertiary,no,2,no,yes,cellular,20,aug,472,2,-1,0,unknown,no,2026-12-13 07:00:00
33,management,married,tertiary,no,806,yes,no,unknown,6,jun,124,3,-1,0,unknown,no,2026-12-13 08:00:00
36,management,single,tertiary,no,-679,yes,yes,cellular,3,feb,110,1,-1,0,unknown,no,2026-12-13 09:00:00
41,technician,single,secondary,no,-41,yes,yes,cellular,3,apr,154,1,-1,0,unknown,no,2026-12-13 10:00:00
37,technician,married,secondary,no,1120,yes,no,cellular,29,jan,88,3,244,5,failure,no,2026-12-13 11:00:00
28,services,single,secondary,no,3575,yes,no,unknown,3,jun,245,1,-1,0,unknown,no,2026-12-13 12:00:00
31,technician,single,secondary,no,4,yes,no,cellular,20,apr,172,3,-1,0,unknown,no,2026-12-13 13:00:00
30,services,married,secondary,no,1256,yes,no,cellular,18,may,123,3,-1,0,unknown,no,2026-12-13 14:00:00
37,housemaid,divorced,primary,no,608,no,no,unknown,17,jun,108,1,-1,0,unknown,no,2026-12-13 15:00:00
42,technician,married,secondary,no,419,no,no,cellular,6,feb,198,2,-1,0,unknown,no,2026-12-13 16:00:00
42,unemployed,divorced,secondary,no,193,yes,no,unknown,26,may,262,1,-1,0,unknown,no,2026-12-13 17:00:00
46,services,divorced,secondary,no,864,yes,no,cellular,17,apr,225,3,150,7,failure,no,2026-12-13 18:00:00
34,services,married,secondary,no,314,yes,yes,telephone,5,feb,114,3,-1,0,unknown,no,2026-12-13 19:00:00
28,services,divorced,secondary,no,9,yes,no,cellular,4,feb,306,1,-1,0,unknown,no,2026-12-13 20:00:00
53,technician,divorced,primary,no,1443,yes,no,unknown,14,may,476,1,-1,0,unknown,yes,2026-12-13 21:00:00
59,retired,married,tertiary,no,307,no,yes,unknown,11,jun,63,5,-1,0,unknown,no,2026-12-13 22:00:00
31,admin.,single,secondary,no,-133,yes,no,unknown,27,may,355,2,-1,0,unknown,no,2026-12-13 23:00:00
55,management,divorced,tertiary,no,277,no,no,cellular,12,aug,101,3,-1,0,unknown,no,2026-12-14 00:00:00
50,admin.,married,secondary,no,159,yes,no,unknown,7,may,216,2,-1,0,unknown,no,2026-12-14 01:00:00
33,management,married,tertiary,no,8339,yes,no,cellular,5,may,335,2,165,5,other,no,2026-12-14 02:00:00
47,technician,married,secondary,no,1167,yes,no,cellular,2,feb,139,3,73,2,success,no,2026-12-14 03:00:00
33,blue-collar,married,tertiary,no,6138,yes,no,unknown,20,may,369,1,-1,0,unknown,no,2026-12-14 04:00:00
35,admin.,married,secondary,no,2137,yes,no,unknown,20,may,124,1,-1,0,unknown,no,2026-12-14 05:00:00
32,blue-collar,single,secondary,no,-197,no,yes,cellular,8,jul,99,1,-1,0,unknown,no,2026-12-14 06:00:00
59,self-employed,married,tertiary,no,0,yes,no,cellular,11,may,89,1,-1,0,unknown,no,2026-12-14 07:00:00
34,technician,married,secondary,no,294,yes,no,cellular,9,dec,265,1,184,3,success,yes,2026-12-14 08:00:00
52,management,married,tertiary,no,749,no,yes,cellular,9,feb,342,2,-1,0,unknown,no,2026-12-14 09:00:00
32,services,married,secondary,no,15,yes,no,cellular,15,may,391,1,-1,0,unknown,no,2026-12-14 10:00:00
37,management,married,primary,no,1959,no,no,unknown,11,jun,439,1,-1,0,unknown,no,2026-12-14 11:00:00
39,management,divorced,tertiary,no,452,yes,no,unknown,12,jun,232,2,-1,0,unknown,no,2026-12-14 12:00:00
44,technician,married,secondary,no,398,yes,no,unknown,28,may,140,5,-1,0,unknown,no,2026-12-14 13:00:00
26,blue-collar,single,secondary,no,539,yes,no,unknown,2,jun,599,2,-1,0,unknown,no,2026-12-14 14:00:00
48,management,married,tertiary,no,269,yes,no,cellular,15,jul,109,2,-1,0,unknown,no,2026-12-14 15:00:00
52,unknown,married,primary,no,8251,no,no,unknown,5,jun,397,1,-1,0,unknown,no,2026-12-14 16:00:00
41,blue-collar,married,primary,no,2007,yes,no,cellular,30,jan,419,1,-1,0,unknown,no,2026-12-14 17:00:00
34,services,married,secondary,no,2918,no,yes,cellular,4,jun,246,1,196,2,success,yes,2026-12-14 18:00:00
61,management,single,tertiary,no,2,no,no,cellular,20,apr,122,3,-1,0,unknown,no,2026-12-14 19:00:00
50,blue-collar,married,secondary,no,378,yes,no,cellular,28,jan,155,1,-1,0,unknown,no,2026-12-14 20:00:00
60,retired,married,unknown,no,2150,yes,yes,cellular,9,jul,119,1,-1,0,unknown,no,2026-12-14 21:00:00
31,technician,single,secondary,no,354,no,yes,cellular,22,aug,186,2,-1,0,unknown,no,2026-12-14 22:00:00
35,technician,married,tertiary,no,75,no,no,cellular,28,aug,9,19,-1,0,unknown,no,2026-12-14 23:00:00
28,blue-collar,married,secondary,no,519,yes,yes,cellular,14,may,311,1,-1,0,unknown,no,2026-12-15 00:00:00
42,unemployed,divorced,tertiary,no,-166,no,no,cellular,29,aug,85,4,-1,0,unknown,no,2026-12-15 01:00:00
33,entrepreneur,single,secondary,no,1808,no,no,cellular,19,nov,84,1,-1,0,unknown,no,2026-12-15 02:00:00
57,entrepreneur,married,tertiary,no,7699,no,yes,cellular,16,jul,178,1,-1,0,unknown,no,2026-12-15 03:00:00
41,blue-collar,single,secondary,no,925,yes,no,telephone,13,may,43,1,-1,0,unknown,no,2026-12-15 04:00:00
45,entrepreneur,married,tertiary,no,3689,yes,no,cellular,7,may,397,1,169,5,failure,no,2026-12-15 05:00:00
39,admin.,married,secondary,no,1891,no,no,unknown,17,jun,147,1,-1,0,unknown,no,2026-12-15 06:00:00
32,blue-collar,single,secondary,no,2137,no,no,cellular,13,may,423,1,349,1,failure,no,2026-12-15 07:00:00
27,technician,married,secondary,no,-147,yes,yes,unknown,21,may,239,4,-1,0,unknown,no,2026-12-15 08:00:00
48,blue-collar,single,tertiary,no,2330,yes,no,unknown,4,jun,15,1,-1,0,unknown,no,2026-12-15 09:00:00
54,services,married,secondary,no,770,no,no,cellular,4,aug,151,1,-1,0,unknown,no,2026-12-15 10:00:00
58,management,married,tertiary,no,361,no,no,cellular,14,aug,503,2,-1,0,unknown,no,2026-12-15 11:00:00
60,unemployed,married,primary,no,26,yes,no,unknown,16,may,196,6,-1,0,unknown,no,2026-12-15 12:00:00
40,blue-collar,married,primary,no,238,no,no,unknown,20,jun,6,3,-1,0,unknown,no,2026-12-15 13:00:00
37,admin.,married,secondary,no,1049,no,no,cellular,31,jul,126,5,-1,0,unknown,no,2026-12-15 14:00:00
38,management,married,tertiary,no,1477,no,no,cellular,15,sep,385,3,769,2,failure,yes,2026-12-15 15:00:00
42,housemaid,married,primary,no,-209,no,yes,cellular,11,aug,90,2,-1,0,unknown,no,2026-12-15 16:00:00
35,management,married,tertiary,no,15298,no,no,cellular,7,aug,642,3,-1,0,unknown,no,2026-12-15 17:00:00
37,blue-collar,married,secondary,no,6,yes,no,cellular,12,may,136,2,-1,0,unknown,no,2026-12-15 18:00:00
49,admin.,married,secondary,no,300,no,no,cellular,12,aug,76,2,-1,0,unknown,no,2026-12-15 19:00:00
37,self-employed,single,tertiary,no,3759,no,no,unknown,26,jun,650,2,-1,0,unknown,no,2026-12-15 20:00:00
36,services,married,secondary,no,417,no,yes,telephone,5,feb,11,5,-1,0,unknown,no,2026-12-15 21:00:00
34,technician,married,tertiary,no,116,no,no,cellular,11,aug,145,2,-1,0,unknown,no,2026-12-15 22:00:00
46,management,married,secondary,no,1114,no,no,cellular,31,jul,87,8,-1,0,unknown,no,2026-12-15 23:00:00
53,admin.,married,secondary,no,578,no,no,cellular,29,aug,59,2,-1,0,unknown,no,2026-12-16 00:00:00
30,technician,single,tertiary,no,236,yes,no,unknown,16,may,197,1,-1,0,unknown,no,2026-12-16 01:00:00
59,services,single,secondary,no,0,no,no,cellular,22,may,320,1,-1,0,unknown,no,2026-12-16 02:00:00
30,admin.,married,primary,no,9,yes,yes,cellular,16,apr,323,1,-1,0,unknown,no,2026-12-16 03:00:00
55,housemaid,married,primary,no,3680,no,no,unknown,16,jun,131,1,-1,0,unknown,no,2026-12-16 04:00:00
53,blue-collar,married,primary,no,2018,yes,yes,cellular,17,apr,212,1,-1,0,unknown,no,2026-12-16 05:00:00
41,blue-collar,married,unknown,no,2113,yes,no,telephone,9,jul,20,5,-1,0,unknown,no,2026-12-16 06:00:00
46,blue-collar,divorced,primary,no,-35,yes,no,cellular,13,may,69,1,-1,0,unknown,no,2026-12-16 07:00:00
52,unemployed,married,unknown,no,83,yes,no,unknown,11,jun,26,29,-1,0,unknown,no,2026-12-16 08:00:00
33,admin.,married,secondary,no,482,yes,no,cellular,2,feb,249,1,-1,0,unknown,no,2026-12-16 09:00:00
31,blue-collar,single,secondary,yes,-535,yes,no,cellular,25,jul,163,1,-1,0,unknown,no,2026-12-16 10:00:00
27,technician,married,secondary,no,806,yes,no,unknown,16,jun,768,21,-1,0,unknown,no,2026-12-16 11:00:00
59,management,married,primary,no,3831,no,no,telephone,30,jul,87,4,-1,0,unknown,no,2026-12-16 12:00:00
55,technician,married,secondary,no,0,yes,no,unknown,16,may,248,3,-1,0,unknown,no,2026-12-16 13:00:00
36,blue-collar,married,secondary,no,0,yes,no,cellular,8,may,254,2,361,8,other,no,2026-12-16 14:00:00
33,management,married,tertiary,no,149,yes,yes,cellular,22,jul,153,1,-1,0,unknown,no,2026-12-16 15:00:00
53,blue-collar,married,primary,no,90,no,no,unknown,5,may,124,1,-1,0,unknown,no,2026-12-16 16:00:00
32,admin.,single,secondary,no,6981,yes,no,cellular,2,jun,154,1,194,3,failure,no,2026-12-16 17:00:00
28,admin.,single,tertiary,no,14,no,no,cellular,1,jun,201,1,-1,0,unknown,no,2026-12-16 18:00:00
45,management,single,primary,no,707,yes,no,cellular,29,jan,78,1,-1,0,unknown,no,2026-12-16 19:00:00
52,management,single,tertiary,no,638,yes,yes,cellular,20,nov,77,2,-1,0,unknown,no,2026-12-16 20:00:00
48,services,married,secondary,no,1291,yes,no,cellular,8,may,255,2,-1,0,unknown,no,2026-12-16 21:00:00
42,entrepreneur,married,secondary,no,2869,yes,no,unknown,3,jun,440,1,-1,0,unknown,no,2026-12-16 22:00:00
33,management,single,secondary,no,2915,no,no,cellular,6,aug,126,2,-1,0,unknown,no,2026-12-16 23:00:00
31,blue-collar,married,primary,no,392,yes,no,cellular,14,may,465,2,360,1,failure,no,2026-12-17 00:00:00
49,technician,divorced,secondary,no,2677,yes,yes,cellular,31,jul,67,3,-1,0,unknown,no,2026-12-17 01:00:00
30,blue-collar,married,primary,no,3,yes,no,unknown,8,may,147,1,-1,0,unknown,no,2026-12-17 02:00:00
43,management,married,tertiary,no,1751,yes,no,cellular,21,nov,146,4,-1,0,unknown,no,2026-12-17 03:00:00
45,technician,divorced,secondary,no,0,yes,no,unknown,27,may,165,2,-1,0,unknown,no,2026-12-17 04:00:00
44,management,single,tertiary,no,670,yes,no,cellular,31,jul,435,6,-1,0,unknown,no,2026-12-17 05:00:00
40,admin.,married,secondary,no,35,no,no,unknown,17,jun,78,1,-1,0,unknown,no,2026-12-17 06:00:00
29,blue-collar,married,secondary,no,1,yes,no,unknown,6,may,215,1,-1,0,unknown,no,2026-12-17 07:00:00
29,admin.,single,secondary,no,130,no,no,unknown,4,jun,134,2,-1,0,unknown,no,2026-12-17 08:00:00
23,student,single,secondary,no,8494,no,no,cellular,25,aug,158,2,-1,0,unknown,no,2026-12-17 09:00:00
56,blue-collar,married,primary,no,3206,no,no,cellular,18,aug,129,3,-1,0,unknown,no,2026-12-17 10:00:00
85,retired,married,primary,no,98,no,no,cellular,30,apr,416,1,-1,0,unknown,yes,2026-12-17 11:00:00
36,admin.,divorced,secondary,no,1573,yes,no,unknown,20,jun,17,10,-1,0,unknown,no,2026-12-17 12:00:00
38,services,divorced,secondary,no,5873,no,no,unknown,8,may,191,2,-1,0,unknown,no,2026-12-17 13:00:00
31,management,single,tertiary,no,924,no,no,cellular,5,jun,207,2,98,1,success,yes,2026-12-17 14:00:00
43,self-employed,divorced,secondary,no,1187,yes,no,cellular,4,feb,80,2,-1,0,unknown,no,2026-12-17 15:00:00
33,management,married,tertiary,no,728,yes,no,cellular,13,aug,275,5,-1,0,unknown,no,2026-12-17 16:00:00
36,services,single,secondary,no,99,no,no,unknown,17,jun,256,9,-1,0,unknown,no,2026-12-17 17:00:00
34,management,married,tertiary,no,1054,no,no,cellular,11,aug,101,3,-1,0,unknown,no,2026-12-17 18:00:00
38,blue-collar,divorced,secondary,no,316,yes,no,cellular,28,jan,223,1,247,2,success,no,2026-12-17 19:00:00
35,technician,single,tertiary,no,354,yes,no,cellular,13,aug,274,1,-1,0,unknown,no,2026-12-17 20:00:00
37,services,single,secondary,no,934,yes,no,unknown,16,may,242,3,-1,0,unknown,no,2026-12-17 21:00:00
38,technician,married,secondary,no,5115,yes,no,cellular,2,jun,318,1,95,7,success,yes,2026-12-17 22:00:00
29,services,single,secondary,no,-527,yes,yes,unknown,4,jun,250,1,-1,0,unknown,no,2026-12-17 23:00:00
57,technician,married,secondary,no,225,yes,no,telephone,15,may,22,7,337,12,failure,no,2026-12-18 00:00:00
39,blue-collar,single,unknown,no,10,yes,no,telephone,15,may,23,3,346,10,failure,no,2026-12-18 01:00:00
36,blue-collar,married,secondary,no,504,yes,no,unknown,8,may,481,2,-1,0,unknown,no,2026-12-18 02:00:00
42,technician,divorced,tertiary,no,7190,yes,no,cellular,29,jul,375,2,-1,0,unknown,no,2026-12-18 03:00:00
37,blue-collar,single,secondary,no,292,no,no,unknown,8,sep,9,1,-1,0,unknown,no,2026-12-18 04:00:00
31,housemaid,married,primary,no,25,no,no,cellular,21,aug,169,5,-1,0,unknown,no,2026-12-18 05:00:00
29,services,married,secondary,no,123,no,yes,cellular,7,jul,151,1,-1,0,unknown,no,2026-12-18 06:00:00
51,entrepreneur,single,tertiary,yes,15,no,no,unknown,11,jun,104,2,-1,0,unknown,no,2026-12-18 07:00:00
30,management,married,tertiary,no,24,yes,no,cellular,29,jan,207,2,-1,0,unknown,no,2026-12-18 08:00:00
34,management,single,tertiary,no,7263,yes,no,telephone,13,may,38,1,37,1,failure,no,2026-12-18 09:00:00
42,technician,married,secondary,no,0,yes,no,unknown,8,may,66,2,-1,0,unknown,no,2026-12-18 10:00:00
31,services,married,secondary,no,-30,yes,yes,cellular,17,jul,804,2,-1,0,unknown,no,2026-12-18 11:00:00
46,housemaid,married,primary,no,1188,no,no,unknown,19,jun,675,5,-1,0,unknown,no,2026-12-18 12:00:00
53,management,married,tertiary,no,583,no,no,cellular,17,nov,226,1,184,4,success,yes,2026-12-18 13:00:00
24,admin.,single,secondary,no,66,yes,no,unknown,3,jun,825,1,-1,0,unknown,no,2026-12-18 14:00:00
41,management,married,unknown,no,2457,yes,no,unknown,9,may,285,1,-1,0,unknown,no,2026-12-18 15:00:00
47,entrepreneur,married,tertiary,no,8118,no,no,cellular,3,feb,326,3,-1,0,unknown,no,2026-12-18 16:00:00
66,retired,married,secondary,no,3409,no,no,cellular,19,oct,133,3,160,3,failure,no,2026-12-18 17:00:00
32,blue-collar,married,primary,no,-105,yes,yes,telephone,31,jul,454,19,-1,0,unknown,no,2026-12-18 18:00:00
34,blue-collar,single,secondary,no,-108,yes,no,unknown,28,may,290,1,-1,0,unknown,no,2026-12-18 19:00:00
34,technician,married,secondary,no,945,yes,yes,cellular,24,jul,181,1,-1,0,unknown,no,2026-12-18 20:00:00
38,blue-collar,married,secondary,no,292,yes,yes,unknown,6,jun,84,2,-1,0,unknown,no,2026-12-18 21:00:00
52,management,married,primary,no,740,no,no,unknown,16,jun,206,1,-1,0,unknown,no,2026-12-18 22:00:00
50,self-employed,married,tertiary,no,202,yes,no,cellular,15,apr,107,1,148,4,failure,no,2026-12-18 23:00:00
31,admin.,married,secondary,no,0,yes,no,cellular,29,jul,82,5,-1,0,unknown,no,2026-12-19 00:00:00
30,technician,single,tertiary,no,-3,yes,no,cellular,24,jul,57,4,-1,0,unknown,no,2026-12-19 01:00:00
61,retired,married,secondary,no,13164,no,no,cellular,1,jul,92,1,-1,0,unknown,no,2026-12-19 02:00:00
36,admin.,single,tertiary,no,649,no,no,cellular,19,nov,224,1,111,1,other,no,2026-12-19 03:00:00
38,services,married,secondary,no,2600,no,no,unknown,5,jun,27,2,-1,0,unknown,no,2026-12-19 04:00:00
46,admin.,single,secondary,no,272,no,no,cellular,31,jul,149,4,-1,0,unknown,no,2026-12-19 05:00:00
29,blue-collar,married,secondary,no,844,yes,no,unknown,27,may,157,2,-1,0,unknown,no,2026-12-19 06:00:00
33,admin.,married,secondary,no,48,yes,no,cellular,18,may,164,5,294,3,failure,no,2026-12-19 07:00:00
41,admin.,married,secondary,no,5110,yes,no,cellular,13,apr,231,1,-1,0,unknown,no,2026-12-19 08:00:00
36,blue-collar,married,secondary,no,722,yes,no,unknown,13,may,816,3,-1,0,unknown,no,2026-12-19 09:00:00
32,blue-collar,single,secondary,no,228,no,no,telephone,5,feb,176,1,288,3,failure,no,2026-12-19 10:00:00
31,entrepreneur,single,tertiary,no,1340,yes,no,unknown,23,may,199,2,-1,0,unknown,no,2026-12-19 11:00:00
54,entrepreneur,married,tertiary,no,651,yes,yes,cellular,22,jul,121,2,-1,0,unknown,no,2026-12-19 12:00:00
53,housemaid,married,secondary,no,1182,yes,no,cellular,7,sep,82,1,293,1,failure,no,2026-12-19 13:00:00
35,unknown,married,tertiary,no,1260,no,no,cellular,11,aug,204,9,-1,0,unknown,no,2026-12-19 14:00:00
50,entrepreneur,married,tertiary,no,388,yes,no,cellular,11,may,258,4,329,2,failure,no,2026-12-19 15:00:00
33,technician,single,secondary,no,0,no,no,unknown,3,jul,1106,2,-1,0,unknown,no,2026-12-19 16:00:00
38,blue-collar,married,secondary,no,6994,yes,no,cellular,20,nov,150,2,-1,0,unknown,no,2026-12-19 17:00:00
25,services,single,secondary,no,628,no,no,cellular,8,jul,266,1,-1,0,unknown,no,2026-12-19 18:00:00
40,unemployed,divorced,secondary,no,262,yes,no,unknown,14,may,163,5,-1,0,unknown,no,2026-12-19 19:00:00
58,entrepreneur,married,secondary,no,3,no,no,unknown,19,jun,188,5,-1,0,unknown,no,2026-12-19 20:00:00
54,technician,married,secondary,no,1455,yes,no,unknown,18,jun,90,4,-1,0,unknown,no,2026-12-19 21:00:00
31,blue-collar,married,primary,no,490,yes,no,unknown,29,may,180,2,-1,0,unknown,no,2026-12-19 22:00:00
60,admin.,divorced,secondary,no,3020,yes,no,unknown,15,may,131,1,-1,0,unknown,no,2026-12-19 23:00:00
29,services,single,secondary,no,20,yes,no,unknown,15,may,431,1,-1,0,unknown,no,2026-12-20 00:00:00
41,technician,single,tertiary,no,145,no,no,cellular,22,jul,1833,2,-1,0,unknown,yes,2026-12-20 01:00:00
28,blue-collar,single,secondary,no,1735,yes,no,cellular,20,apr,89,1,-1,0,unknown,no,2026-12-20 02:00:00
58,management,married,tertiary,no,299,no,no,cellular,16,jul,120,4,-1,0,unknown,no,2026-12-20 03:00:00
56,blue-collar,married,secondary,no,1119,yes,no,cellular,14,aug,265,2,-1,0,unknown,no,2026-12-20 04:00:00
51,technician,married,secondary,no,13089,no,no,unknown,11,jun,247,1,-1,0,unknown,no,2026-12-20 05:00:00
40,admin.,married,secondary,no,1327,yes,yes,unknown,26,may,76,2,-1,0,unknown,no,2026-12-20 06:00:00
43,admin.,single,secondary,no,250,yes,no,cellular,4,feb,390,2,-1,0,unknown,no,2026-12-20 07:00:00
30,management,single,tertiary,no,355,yes,no,cellular,15,may,153,2,-1,0,unknown,no,2026-12-20 08:00:00
50,self-employed,divorced,tertiary,no,13,yes,no,cellular,20,apr,76,1,-1,0,unknown,yes,2026-12-20 09:00:00
36,blue-collar,married,secondary,no,7265,no,no,unknown,17,jun,243,1,-1,0,unknown,no,2026-12-20 10:00:00
63,retired,married,secondary,no,4752,no,no,cellular,2,sep,233,2,-1,0,unknown,yes,2026-12-20 11:00:00
43,technician,married,secondary,no,422,yes,no,cellular,12,may,181,2,300,1,failure,no,2026-12-20 12:00:00
32,management,single,tertiary,no,406,no,no,unknown,29,may,35,24,-1,0,unknown,no,2026-12-20 13:00:00
29,admin.,single,tertiary,no,200,yes,no,cellular,11,may,195,1,357,1,other,no,2026-12-20 14:00:00
37,technician,married,secondary,no,24,yes,no,cellular,13,aug,136,1,105,2,failure,no,2026-12-20 15:00:00
29,blue-collar,married,secondary,no,43,yes,no,unknown,6,may,268,2,-1,0,unknown,no,2026-12-20 16:00:00
50,self-employed,married,secondary,no,111,no,no,cellular,11,aug,277,3,-1,0,unknown,no,2026-12-20 17:00:00
36,self-employed,married,tertiary,no,682,yes,no,unknown,20,jun,13,10,-1,0,unknown,no,2026-12-20 18:00:00
48,blue-collar,divorced,primary,no,-110,yes,no,cellular,12,may,942,1,-1,0,unknown,no,2026-12-20 19:00:00
40,entrepreneur,divorced,tertiary,no,224,no,no,unknown,20,jun,606,1,-1,0,unknown,no,2026-12-20 20:00:00
32,technician,divorced,tertiary,no,3255,no,no,cellular,29,jun,167,2,-1,0,unknown,yes,2026-12-20 21:00:00
30,technician,single,secondary,no,146,yes,no,cellular,29,jan,96,1,-1,0,unknown,no,2026-12-20 22:00:00
33,technician,single,secondary,no,151,yes,no,cellular,20,apr,104,3,236,6,failure,no,2026-12-20 23:00:00
26,services,single,secondary,no,187,yes,no,unknown,9,may,341,1,-1,0,unknown,no,2026-12-21 00:00:00
39,entrepreneur,married,tertiary,no,4,yes,yes,cellular,2,feb,871,4,-1,0,unknown,no,2026-12-21 01:00:00
45,self-employed,divorced,secondary,no,1966,yes,no,cellular,4,feb,76,2,204,3,other,no,2026-12-21 02:00:00
39,technician,single,secondary,no,283,yes,no,cellular,11,may,369,2,350,1,failure,no,2026-12-21 03:00:00
58,management,married,tertiary,no,1227,no,no,cellular,8,sep,400,2,95,1,success,yes,2026-12-21 04:00:00
34,services,married,secondary,no,87,no,no,cellular,5,feb,33,1,-1,0,unknown,no,2026-12-21 05:00:00
50,management,married,tertiary,no,19447,yes,yes,cellular,21,nov,166,1,-1,0,unknown,no,2026-12-21 06:00:00
67,management,married,tertiary,no,694,no,no,cellular,7,jul,250,1,-1,0,unknown,no,2026-12-21 07:00:00
25,management,single,tertiary,no,2140,no,no,cellular,1,oct,81,1,-1,0,unknown,no,2026-12-21 08:00:00
39,blue-collar,divorced,secondary,no,241,yes,no,cellular,18,jul,117,2,-1,0,unknown,no,2026-12-21 09:00:00
56,management,divorced,tertiary,no,66721,no,no,cellular,8,aug,442,2,-1,0,unknown,no,2026-12-21 10:00:00
35,entrepreneur,single,tertiary,no,-49,no,no,unknown,17,jun,668,8,-1,0,unknown,no,2026-12-21 11:00:00
32,student,single,unknown,no,1583,yes,no,unknown,20,may,57,1,-1,0,unknown,no,2026-12-21 12:00:00
28,services,single,secondary,no,231,yes,yes,cellular,13,aug,129,1,-1,0,unknown,no,2026-12-21 13:00:00
36,technician,married,tertiary,no,579,yes,no,unknown,16,jun,80,3,-1,0,unknown,no,2026-12-21 14:00:00
37,self-employed,divorced,secondary,no,3467,no,no,unknown,9,jun,185,2,-1,0,unknown,no,2026-12-21 15:00:00
46,blue-collar,single,primary,no,96,yes,no,cellular,16,apr,99,1,148,1,failure,no,2026-12-21 16:00:00
36,services,married,secondary,no,0,no,no,unknown,29,may,752,2,-1,0,unknown,no,2026-12-21 17:00:00
52,blue-collar,single,unknown,no,905,yes,no,unknown,30,may,170,4,-1,0,unknown,no,2026-12-21 18:00:00
24,blue-collar,single,secondary,no,0,yes,no,unknown,19,may,202,1,-1,0,unknown,no,2026-12-21 19:00:00
30,admin.,single,secondary,no,122,yes,no,cellular,7,may,219,2,-1,0,unknown,no,2026-12-21 20:00:00
30,management,single,tertiary,no,12857,yes,no,cellular,6,nov,150,1,-1,0,unknown,yes,2026-12-21 21:00:00
52,admin.,married,secondary,no,1274,yes,no,cellular,17,nov,74,1,-1,0,unknown,no,2026-12-21 22:00:00
34,blue-collar,married,secondary,no,-10,yes,no,cellular,11,may,216,1,370,1,failure,no,2026-12-21 23:00:00
28,housemaid,single,secondary,no,781,yes,no,cellular,17,apr,52,1,-1,0,unknown,no,2026-12-22 00:00:00
56,management,married,primary,no,21,no,no,cellular,7,jul,118,1,-1,0,unknown,no,2026-12-22 01:00:00
27,services,married,secondary,no,58,yes,no,cellular,7,may,113,1,337,2,other,no,2026-12-22 02:00:00
50,admin.,divorced,unknown,no,4204,no,no,unknown,19,jun,335,2,-1,0,unknown,no,2026-12-22 03:00:00
52,blue-collar,married,primary,no,-490,yes,yes,cellular,28,aug,74,10,-1,0,unknown,no,2026-12-22 04:00:00
37,technician,divorced,secondary,no,284,yes,no,cellular,11,may,182,5,-1,0,unknown,no,2026-12-22 05:00:00
40,housemaid,married,secondary,no,3944,yes,no,unknown,12,jun,64,6,-1,0,unknown,no,2026-12-22 06:00:00
61,management,married,tertiary,no,0,yes,yes,cellular,1,apr,158,1,115,2,failure,no,2026-12-22 07:00:00
28,unemployed,married,primary,no,7459,yes,no,cellular,2,feb,981,5,269,2,failure,yes,2026-12-22 08:00:00
54,retired,married,secondary,no,153,yes,yes,unknown,26,may,74,1,-1,0,unknown,no,2026-12-22 09:00:00
50,technician,married,secondary,no,156,no,yes,cellular,14,jul,1130,3,-1,0,unknown,yes,2026-12-22 10:00:00
77,retired,married,primary,no,989,no,no,telephone,12,oct,95,2,-1,0,unknown,no,2026-12-22 11:00:00
58,retired,married,tertiary,no,941,no,yes,cellular,9,jul,254,1,-1,0,unknown,no,2026-12-22 12:00:00
34,technician,single,secondary,no,1227,no,no,telephone,17,aug,122,1,109,1,other,no,2026-12-22 13:00:00
34,technician,married,secondary,no,173,no,no,unknown,4,jul,31,1,-1,0,unknown,no,2026-12-22 14:00:00
39,technician,married,tertiary,no,122,no,no,unknown,20,jun,44,5,-1,0,unknown,no,2026-12-22 15:00:00
44,management,married,tertiary,no,0,no,no,unknown,12,jun,72,1,-1,0,unknown,no,2026-12-22 16:00:00
59,retired,divorced,tertiary,no,381,yes,no,unknown,8,may,422,4,-1,0,unknown,no,2026-12-22 17:00:00
52,management,married,tertiary,no,6,no,no,telephone,19,oct,57,1,-1,0,unknown,no,2026-12-22 18:00:00
36,technician,married,secondary,no,361,no,no,cellular,6,aug,188,4,-1,0,unknown,no,2026-12-22 19:00:00
39,blue-collar,married,secondary,no,0,yes,no,cellular,30,apr,53,1,325,1,failure,no,2026-12-22 20:00:00
35,blue-collar,divorced,primary,no,0,no,no,unknown,12,jun,200,1,-1,0,unknown,no,2026-12-22 21:00:00
41,technician,divorced,secondary,no,88,no,no,cellular,29,aug,88,2,-1,0,unknown,no,2026-12-22 22:00:00
70,retired,married,primary,no,2795,no,no,cellular,8,jan,301,2,-1,0,unknown,yes,2026-12-22 23:00:00
41,management,divorced,tertiary,no,107,yes,no,cellular,17,jul,122,17,-1,0,unknown,no,2026-12-23 00:00:00
47,admin.,single,secondary,no,15,no,no,unknown,12,may,181,4,-1,0,unknown,no,2026-12-23 01:00:00
54,management,married,unknown,no,24,no,no,cellular,31,jul,12,10,-1,0,unknown,no,2026-12-23 02:00:00
39,housemaid,married,secondary,no,1444,no,no,telephone,25,jul,362,8,-1,0,unknown,yes,2026-12-23 03:00:00
39,blue-collar,married,primary,no,157,yes,no,cellular,13,may,290,1,-1,0,unknown,no,2026-12-23 04:00:00
53,management,married,tertiary,no,0,yes,no,cellular,14,jul,85,3,-1,0,unknown,no,2026-12-23 05:00:00
32,admin.,single,secondary,no,613,yes,no,cellular,2,feb,88,1,-1,0,unknown,no,2026-12-23 06:00:00
35,blue-collar,married,secondary,no,89,yes,no,unknown,6,may,145,2,-1,0,unknown,no,2026-12-23 07:00:00
65,management,divorced,tertiary,no,90,yes,no,cellular,22,apr,416,1,-1,0,unknown,yes,2026-12-23 08:00:00
39,blue-collar,married,secondary,no,180,yes,no,cellular,16,apr,237,1,-1,0,unknown,no,2026-12-23 09:00:00
49,technician,divorced,secondary,no,229,no,no,cellular,8,aug,219,2,-1,0,unknown,no,2026-12-23 10:00:00
28,technician,married,secondary,no,448,yes,no,cellular,11,may,188,2,346,3,other,no,2026-12-23 11:00:00
52,services,married,secondary,no,659,no,no,cellular,28,jan,390,4,93,1,success,yes,2026-12-23 12:00:00
30,services,single,unknown,no,138,yes,no,cellular,20,apr,187,1,-1,0,unknown,no,2026-12-23 13:00:00
44,services,divorced,secondary,no,1,yes,no,unknown,6,may,235,4,-1,0,unknown,no,2026-12-23 14:00:00
52,services,married,secondary,no,-336,no,yes,unknown,12,jun,111,8,-1,0,unknown,no,2026-12-23 15:00:00
28,services,married,secondary,no,15,yes,no,cellular,7,may,182,2,356,1,failure,no,2026-12-23 16:00:00
49,blue-collar,married,secondary,no,3677,yes,no,cellular,23,jul,276,3,-1,0,unknown,no,2026-12-23 17:00:00
31,admin.,single,secondary,no,255,no,no,cellular,27,jul,167,2,181,1,success,no,2026-12-23 18:00:00
32,management,married,tertiary,no,500,no,yes,cellular,29,aug,107,2,-1,0,unknown,no,2026-12-23 19:00:00
49,management,divorced,tertiary,no,0,yes,no,telephone,18,nov,32,2,-1,0,unknown,no,2026-12-23 20:00:00
50,blue-collar,married,primary,no,3764,no,no,telephone,9,sep,214,2,99,4,failure,yes,2026-12-23 21:00:00
41,admin.,married,secondary,no,1672,yes,no,cellular,25,jul,148,1,-1,0,unknown,no,2026-12-23 22:00:00
36,management,married,tertiary,no,324,no,no,cellular,18,aug,104,4,-1,0,unknown,no,2026-12-23 23:00:00
41,blue-collar,married,primary,no,1018,yes,no,cellular,25,jul,171,1,-1,0,unknown,no,2026-12-24 00:00:00
78,retired,married,tertiary,no,226,no,no,telephone,6,nov,136,1,-1,0,unknown,no,2026-12-24 01:00:00
31,admin.,single,secondary,no,-407,no,yes,cellular,7,jul,230,1,-1,0,unknown,no,2026-12-24 02:00:00
36,technician,single,secondary,no,1832,yes,no,unknown,8,may,154,1,-1,0,unknown,no,2026-12-24 03:00:00
39,technician,single,tertiary,no,-41,no,yes,cellular,25,aug,40,15,-1,0,unknown,no,2026-12-24 04:00:00
40,services,married,tertiary,no,35,no,no,cellular,3,jul,318,4,317,3,failure,no,2026-12-24 05:00:00
46,blue-collar,divorced,unknown,no,2391,yes,no,cellular,31,jul,148,2,-1,0,unknown,no,2026-12-24 06:00:00
33,unknown,married,tertiary,no,0,yes,no,unknown,20,jun,27,16,-1,0,unknown,no,2026-12-24 07:00:00
54,services,married,secondary,no,196,no,no,cellular,8,aug,604,4,-1,0,unknown,no,2026-12-24 08:00:00
57,technician,married,tertiary,no,624,no,no,cellular,6,aug,224,4,-1,0,unknown,no,2026-12-24 09:00:00
32,services,single,secondary,no,659,yes,no,cellular,20,apr,12,6,-1,0,unknown,no,2026-12-24 10:00:00
31,services,single,secondary,no,85,no,no,cellular,16,jul,151,1,-1,0,unknown,no,2026-12-24 11:00:00
59,management,married,tertiary,no,101,no,yes,unknown,9,jun,29,1,686,2,failure,no,2026-12-24 12:00:00
48,admin.,married,tertiary,no,960,yes,no,unknown,29,may,286,3,-1,0,unknown,no,2026-12-24 13:00:00
32,blue-collar,married,secondary,no,-446,no,no,cellular,13,may,126,2,344,1,failure,no,2026-12-24 14:00:00
55,management,divorced,tertiary,no,-612,no,no,cellular,26,aug,131,2,-1,0,unknown,no,2026-12-24 15:00:00
58,blue-collar,married,primary,no,66,yes,no,cellular,15,may,184,4,-1,0,unknown,no,2026-12-24 16:00:00
41,management,married,tertiary,no,527,no,no,cellular,22,aug,96,1,-1,0,unknown,no,2026-12-24 17:00:00
46,blue-collar,married,secondary,no,494,yes,no,unknown,26,may,724,1,-1,0,unknown,no,2026-12-24 18:00:00
53,housemaid,married,primary,no,1903,no,no,unknown,5,jun,827,1,-1,0,unknown,no,2026-12-24 19:00:00
50,technician,married,secondary,no,1824,yes,no,telephone,13,aug,767,8,-1,0,unknown,no,2026-12-24 20:00:00
29,unemployed,single,tertiary,no,991,no,no,cellular,5,feb,563,1,-1,0,unknown,no,2026-12-24 21:00:00
46,technician,married,tertiary,no,675,yes,no,unknown,8,may,50,1,-1,0,unknown,no,2026-12-24 22:00:00
49,blue-collar,married,primary,no,1050,yes,no,unknown,18,jun,84,5,-1,0,unknown,no,2026-12-24 23:00:00
52,technician,married,tertiary,no,104,no,no,cellular,14,aug,244,2,-1,0,unknown,no,2026-12-25 00:00:00
47,services,married,secondary,no,24,no,yes,cellular,7,jul,95,2,-1,0,unknown,no,2026-12-25 01:00:00
53,services,married,secondary,no,1563,yes,no,cellular,2,feb,124,2,5,1,other,no,2026-12-25 02:00:00
42,services,married,secondary,no,86,yes,no,cellular,14,jul,385,3,-1,0,unknown,no,2026-12-25 03:00:00
54,self-employed,married,tertiary,no,0,yes,no,cellular,20,aug,83,5,-1,0,unknown,no,2026-12-25 04:00:00
56,management,married,secondary,no,238,yes,no,cellular,19,nov,808,1,-1,0,unknown,no,2026-12-25 05:00:00
55,management,divorced,tertiary,no,668,no,no,cellular,28,aug,25,6,-1,0,unknown,no,2026-12-25 06:00:00
48,blue-collar,married,secondary,no,205,no,no,cellular,7,aug,239,2,-1,0,unknown,no,2026-12-25 07:00:00
42,admin.,married,secondary,no,534,yes,no,unknown,16,may,139,2,-1,0,unknown,no,2026-12-25 08:00:00
33,blue-collar,married,primary,no,902,yes,no,cellular,29,jan,207,2,247,2,failure,no,2026-12-25 09:00:00
48,unemployed,married,primary,no,5462,no,no,unknown,6,jun,29,4,-1,0,unknown,no,2026-12-25 10:00:00
38,unemployed,married,primary,no,447,yes,no,unknown,7,may,365,4,-1,0,unknown,no,2026-12-25 11:00:00
43,blue-collar,married,secondary,no,576,yes,yes,unknown,13,may,148,1,-1,0,unknown,no,2026-12-25 12:00:00
41,services,married,secondary,no,205,yes,no,unknown,8,may,91,1,-1,0,unknown,no,2026-12-25 13:00:00
49,services,divorced,secondary,no,947,no,no,unknown,20,jun,808,2,-1,0,unknown,yes,2026-12-25 14:00:00
32,admin.,married,secondary,no,3473,no,no,cellular,28,jan,112,1,-1,0,unknown,no,2026-12-25 15:00:00
33,technician,divorced,secondary,no,1480,yes,no,cellular,5,may,223,1,-1,0,unknown,no,2026-12-25 16:00:00
46,blue-collar,married,secondary,no,-371,yes,no,unknown,27,may,138,1,-1,0,unknown,no,2026-12-25 17:00:00
39,technician,divorced,secondary,no,807,yes,yes,cellular,26,aug,209,6,-1,0,unknown,no,2026-12-25 18:00:00
42,blue-collar,married,unknown,no,1154,yes,no,cellular,16,apr,341,2,336,3,other,no,2026-12-25 19:00:00
35,technician,divorced,secondary,no,-94,yes,no,unknown,26,may,114,2,-1,0,unknown,no,2026-12-25 20:00:00
61,retired,married,tertiary,no,2557,yes,no,cellular,10,nov,89,1,91,4,success,yes,2026-12-25 21:00:00
30,admin.,single,secondary,no,115,yes,no,unknown,6,may,66,3,-1,0,unknown,no,2026-12-25 22:00:00
21,student,single,secondary,no,2488,no,no,cellular,30,jun,258,6,169,3,success,yes,2026-12-25 23:00:00
56,admin.,married,secondary,no,382,no,no,cellular,20,apr,275,1,-1,0,unknown,no,2026-12-26 00:00:00
50,management,single,unknown,no,1277,no,no,cellular,4,may,63,1,-1,0,unknown,no,2026-12-26 01:00:00
41,admin.,married,secondary,no,3138,no,no,cellular,14,sep,409,1,398,1,failure,yes,2026-12-26 02:00:00
33,blue-collar,married,secondary,no,526,yes,no,cellular,20,apr,198,3,-1,0,unknown,no,2026-12-26 03:00:00
55,retired,divorced,primary,no,1174,yes,no,cellular,18,nov,245,1,-1,0,unknown,no,2026-12-26 04:00:00
32,housemaid,married,secondary,no,0,no,no,cellular,21,aug,435,2,-1,0,unknown,no,2026-12-26 05:00:00
44,blue-collar,single,secondary,no,292,no,yes,cellular,17,jul,1153,4,-1,0,unknown,yes,2026-12-26 06:00:00
54,retired,married,secondary,no,918,yes,no,unknown,14,may,189,1,-1,0,unknown,no,2026-12-26 07:00:00
38,entrepreneur,married,primary,no,350,yes,no,cellular,8,may,75,1,-1,0,unknown,no,2026-12-26 08:00:00
31,unemployed,single,secondary,no,1214,no,no,cellular,4,feb,974,1,-1,0,unknown,yes,2026-12-26 09:00:00
26,blue-collar,single,secondary,no,-116,yes,yes,unknown,9,may,208,1,-1,0,unknown,no,2026-12-26 10:00:00
36,management,divorced,tertiary,no,649,no,no,cellular,16,jul,237,2,91,1,failure,no,2026-12-26 11:00:00
45,blue-collar,married,secondary,no,333,no,yes,cellular,6,aug,166,2,-1,0,unknown,no,2026-12-26 12:00:00
34,technician,married,tertiary,no,823,no,no,cellular,3,feb,178,3,161,5,other,no,2026-12-26 13:00:00
36,management,single,tertiary,no,112,yes,no,cellular,15,jul,83,2,-1,0,unknown,no,2026-12-26 14:00:00
58,retired,married,secondary,no,1227,no,no,cellular,2,feb,277,1,-1,0,unknown,no,2026-12-26 15:00:00
34,blue-collar,divorced,secondary,no,-294,yes,no,unknown,12,may,163,2,-1,0,unknown,no,2026-12-26 16:00:00
50,housemaid,married,primary,no,0,no,no,unknown,20,jun,179,2,-1,0,unknown,no,2026-12-26 17:00:00
51,entrepreneur,married,primary,no,805,yes,no,cellular,8,aug,132,4,-1,0,unknown,no,2026-12-26 18:00:00
38,technician,married,tertiary,no,-3,no,no,cellular,20,nov,251,2,101,3,failure,no,2026-12-26 19:00:00
32,admin.,single,secondary,no,641,yes,no,cellular,12,may,148,1,-1,0,unknown,no,2026-12-26 20:00:00
27,blue-collar,married,secondary,yes,-584,yes,no,cellular,7,may,411,2,-1,0,unknown,no,2026-12-26 21:00:00
45,blue-collar,married,primary,no,503,yes,no,cellular,11,may,313,1,369,2,failure,no,2026-12-26 22:00:00
43,services,married,secondary,no,3409,yes,no,cellular,13,may,172,1,-1,0,unknown,no,2026-12-26 23:00:00
31,technician,single,secondary,no,849,yes,yes,unknown,13,may,295,2,-1,0,unknown,no,2026-12-27 00:00:00
34,admin.,single,secondary,no,79,yes,no,cellular,28,jul,219,3,-1,0,unknown,no,2026-12-27 01:00:00
40,services,married,secondary,no,1325,no,no,unknown,11,jun,150,2,-1,0,unknown,no,2026-12-27 02:00:00
46,management,single,tertiary,no,655,no,yes,unknown,4,jul,68,1,-1,0,unknown,no,2026-12-27 03:00:00
46,management,divorced,tertiary,no,0,no,yes,cellular,29,aug,38,6,-1,0,unknown,no,2026-12-27 04:00:00
32,technician,married,secondary,no,524,no,no,cellular,5,aug,493,1,-1,0,unknown,no,2026-12-27 05:00:00
45,self-employed,single,tertiary,no,1009,no,no,cellular,19,nov,125,2,-1,0,unknown,no,2026-12-27 06:00:00
45,technician,single,secondary,no,31,no,no,unknown,29,may,177,1,-1,0,unknown,no,2026-12-27 07:00:00
42,blue-collar,married,secondary,no,363,no,no,cellular,8,apr,101,2,-1,0,unknown,no,2026-12-27 08:00:00
33,blue-collar,divorced,secondary,no,714,yes,no,cellular,6,may,208,1,344,2,other,no,2026-12-27 09:00:00
46,management,single,tertiary,no,3,no,no,cellular,8,jul,85,1,-1,0,unknown,no,2026-12-27 10:00:00
42,unemployed,married,secondary,no,-165,yes,yes,unknown,27,may,179,3,-1,0,unknown,no,2026-12-27 11:00:00
40,blue-collar,married,primary,no,137,no,yes,cellular,10,jul,214,1,-1,0,unknown,no,2026-12-27 12:00:00
49,technician,single,secondary,no,3972,no,no,cellular,19,nov,37,2,-1,0,unknown,no,2026-12-27 13:00:00
33,unemployed,single,tertiary,no,157,yes,no,unknown,26,may,897,5,-1,0,unknown,no,2026-12-27 14:00:00
28,services,single,secondary,no,159,yes,no,telephone,12,may,345,2,-1,0,unknown,no,2026-12-27 15:00:00
30,services,married,secondary,no,1399,no,no,cellular,28,jul,168,6,-1,0,unknown,no,2026-12-27 16:00:00
58,self-employed,divorced,tertiary,no,1382,no,no,unknown,9,jun,700,1,-1,0,unknown,yes,2026-12-27 17:00:00
33,management,single,tertiary,no,0,no,no,cellular,27,aug,191,4,-1,0,unknown,no,2026-12-27 18:00:00
32,services,single,secondary,no,335,yes,yes,unknown,4,jul,99,1,-1,0,unknown,no,2026-12-27 19:00:00
34,management,divorced,tertiary,no,2279,yes,yes,cellular,20,apr,138,2,150,4,other,no,2026-12-27 20:00:00
35,services,married,secondary,no,44,yes,no,telephone,17,apr,377,2,-1,0,unknown,no,2026-12-27 21:00:00
50,services,married,primary,no,-158,no,no,cellular,22,aug,203,4,-1,0,unknown,no,2026-12-27 22:00:00
49,blue-collar,married,primary,no,287,yes,no,unknown,29,may,155,2,-1,0,unknown,no,2026-12-27 23:00:00
43,services,divorced,secondary,no,1040,yes,no,unknown,19,may,552,3,-1,0,unknown,yes,2026-12-28 00:00:00
50,entrepreneur,divorced,tertiary,no,315,no,no,cellular,12,jul,101,2,185,2,failure,no,2026-12-28 01:00:00
48,technician,married,secondary,no,147,no,no,unknown,6,may,142,3,-1,0,unknown,no,2026-12-28 02:00:00
59,blue-collar,married,primary,no,0,no,yes,telephone,14,jul,160,10,-1,0,unknown,no,2026-12-28 03:00:00
43,blue-collar,married,secondary,no,2160,no,no,cellular,8,sep,261,1,98,1,success,yes,2026-12-28 04:00:00
48,management,married,tertiary,no,13501,no,no,unknown,19,jun,63,2,-1,0,unknown,no,2026-12-28 05:00:00
36,blue-collar,married,secondary,no,537,no,yes,cellular,7,jul,206,6,-1,0,unknown,no,2026-12-28 06:00:00
51,entrepreneur,married,tertiary,no,267,yes,no,unknown,30,may,56,1,-1,0,unknown,no,2026-12-28 07:00:00
43,blue-collar,married,primary,no,197,yes,no,cellular,17,nov,48,2,-1,0,unknown,no,2026-12-28 08:00:00
50,blue-collar,married,primary,no,859,yes,yes,telephone,28,jul,40,7,-1,0,unknown,no,2026-12-28 09:00:00
26,services,single,secondary,no,5533,yes,no,cellular,7,may,582,2,283,4,failure,no,2026-12-28 10:00:00
36,blue-collar,single,secondary,no,151,yes,no,cellular,11,may,327,1,-1,0,unknown,no,2026-12-28 11:00:00
33,entrepreneur,married,tertiary,no,595,no,no,cellular,7,aug,22,2,-1,0,unknown,no,2026-12-28 12:00:00
37,technician,married,secondary,no,1328,yes,no,cellular,14,jul,201,3,-1,0,unknown,no,2026-12-28 13:00:00
36,admin.,divorced,secondary,no,869,yes,no,cellular,14,may,102,1,350,1,failure,no,2026-12-28 14:00:00
35,management,married,tertiary,no,2801,yes,no,cellular,19,nov,70,2,111,2,failure,no,2026-12-28 15:00:00
31,technician,married,tertiary,no,338,no,no,cellular,6,aug,184,2,-1,0,unknown,no,2026-12-28 16:00:00
31,blue-collar,single,secondary,no,-366,yes,no,cellular,19,nov,313,1,180,1,other,no,2026-12-28 17:00:00
39,management,married,tertiary,no,0,no,no,telephone,16,jul,41,6,-1,0,unknown,no,2026-12-28 18:00:00
41,entrepreneur,married,secondary,no,187,no,yes,cellular,21,jul,354,1,-1,0,unknown,no,2026-12-28 19:00:00
59,management,divorced,tertiary,no,-76,yes,yes,unknown,6,may,264,1,-1,0,unknown,no,2026-12-28 20:00:00
35,management,married,tertiary,no,511,no,no,cellular,29,aug,91,4,-1,0,unknown,no,2026-12-28 21:00:00
27,technician,single,secondary,no,223,no,yes,cellular,29,jan,253,2,192,3,success,no,2026-12-28 22:00:00
35,management,single,secondary,no,0,yes,no,cellular,6,may,495,1,-1,0,unknown,no,2026-12-28 23:00:00
52,admin.,married,secondary,no,1933,yes,no,unknown,21,may,153,4,-1,0,unknown,no,2026-12-29 00:00:00
44,blue-collar,married,secondary,no,594,no,no,unknown,11,jun,340,1,-1,0,unknown,no,2026-12-29 01:00:00
32,management,married,tertiary,no,0,no,no,cellular,19,aug,198,6,-1,0,unknown,no,2026-12-29 02:00:00
33,housemaid,married,secondary,no,826,yes,no,cellular,11,may,256,1,-1,0,unknown,no,2026-12-29 03:00:00
44,blue-collar,married,primary,no,-237,yes,no,telephone,10,jul,73,1,-1,0,unknown,no,2026-12-29 04:00:00
33,management,divorced,tertiary,no,-848,yes,no,telephone,9,feb,12,12,256,2,other,no,2026-12-29 05:00:00
32,student,single,tertiary,no,61,yes,no,cellular,12,may,130,3,-1,0,unknown,no,2026-12-29 06:00:00
51,housemaid,married,primary,no,605,no,no,cellular,3,feb,91,2,159,14,failure,no,2026-12-29 07:00:00
38,blue-collar,single,primary,no,0,yes,no,cellular,11,may,284,4,-1,0,unknown,no,2026-12-29 08:00:00
41,blue-collar,married,secondary,no,1219,yes,no,cellular,11,may,628,1,-1,0,unknown,no,2026-12-29 09:00:00
45,blue-collar,married,secondary,no,1778,yes,no,unknown,29,may,48,5,-1,0,unknown,no,2026-12-29 10:00:00
47,services,married,secondary,no,405,no,yes,cellular,8,aug,994,2,-1,0,unknown,yes,2026-12-29 11:00:00
34,blue-collar,married,primary,no,183,yes,no,unknown,19,may,3078,4,-1,0,unknown,no,2026-12-29 12:00:00
56,unemployed,divorced,primary,no,109,no,no,cellular,15,jul,924,4,-1,0,unknown,no,2026-12-29 13:00:00
27,technician,married,secondary,no,2735,yes,no,cellular,29,jan,205,1,-1,0,unknown,no,2026-12-29 14:00:00
28,admin.,single,secondary,no,1391,yes,no,cellular,29,jan,462,2,247,1,failure,no,2026-12-29 15:00:00
33,services,married,secondary,no,204,yes,yes,cellular,12,may,142,2,357,3,failure,no,2026-12-29 16:00:00
40,technician,married,tertiary,no,11766,yes,no,cellular,13,apr,218,2,242,9,failure,yes,2026-12-29 17:00:00
38,entrepreneur,single,tertiary,yes,-38,yes,no,cellular,18,may,119,4,-1,0,unknown,no,2026-12-29 18:00:00
47,management,married,secondary,no,2010,no,no,telephone,4,may,222,6,-1,0,unknown,no,2026-12-29 19:00:00
30,services,single,tertiary,no,719,no,yes,cellular,14,aug,38,2,-1,0,unknown,no,2026-12-29 20:00:00
34,technician,married,secondary,no,51,yes,no,unknown,5,may,19,2,-1,0,unknown,no,2026-12-29 21:00:00
30,blue-collar,married,secondary,no,128,yes,no,unknown,14,may,273,1,-1,0,unknown,no,2026-12-29 22:00:00
46,technician,married,tertiary,no,2207,yes,no,unknown,16,may,243,3,-1,0,unknown,no,2026-12-29 23:00:00
30,housemaid,single,tertiary,no,19,no,no,cellular,4,aug,139,1,92,5,success,yes,2026-12-30 00:00:00
29,blue-collar,married,secondary,no,64,yes,no,cellular,14,may,444,2,366,3,failure,no,2026-12-30 01:00:00
32,management,single,tertiary,no,751,yes,no,unknown,8,may,64,1,-1,0,unknown,no,2026-12-30 02:00:00
43,management,married,tertiary,no,13851,yes,no,cellular,21,nov,259,1,-1,0,unknown,no,2026-12-30 03:00:00
31,services,single,secondary,no,1015,no,no,cellular,29,jan,100,1,-1,0,unknown,no,2026-12-30 04:00:00
52,blue-collar,married,secondary,no,594,no,no,telephone,29,jul,178,2,-1,0,unknown,no,2026-12-30 05:00:00
43,management,divorced,tertiary,no,443,yes,no,unknown,9,may,219,1,-1,0,unknown,no,2026-12-30 06:00:00
31,blue-collar,married,secondary,no,604,yes,no,cellular,17,apr,99,2,150,2,failure,no,2026-12-30 07:00:00
29,management,single,tertiary,no,1445,no,no,cellular,4,dec,271,2,-1,0,unknown,yes,2026-12-30 08:00:00
44,management,married,tertiary,no,3674,no,no,cellular,26,aug,122,3,-1,0,unknown,no,2026-12-30 09:00:00
36,blue-collar,married,secondary,no,2426,yes,no,cellular,20,nov,308,1,-1,0,unknown,no,2026-12-30 10:00:00
42,services,divorced,secondary,no,241,yes,no,unknown,19,jun,405,2,-1,0,unknown,no,2026-12-30 11:00:00
53,management,divorced,tertiary,no,26306,yes,no,cellular,19,nov,67,3,-1,0,unknown,no,2026-12-30 12:00:00
33,admin.,single,secondary,no,0,yes,no,unknown,2,jun,32,2,-1,0,unknown,no,2026-12-30 13:00:00
51,admin.,married,primary,no,1330,yes,no,unknown,15,may,415,8,-1,0,unknown,no,2026-12-30 14:00:00
60,management,married,tertiary,no,315,no,no,cellular,1,sep,840,1,183,3,success,yes,2026-12-30 15:00:00
56,retired,married,tertiary,no,839,no,yes,cellular,18,nov,630,1,187,2,other,no,2026-12-30 16:00:00
35,management,single,tertiary,no,478,yes,no,cellular,14,may,107,1,265,2,failure,no,2026-12-30 17:00:00
39,management,divorced,tertiary,no,3575,no,yes,cellular,18,aug,74,3,-1,0,unknown,no,2026-12-30 18:00:00
30,admin.,single,secondary,no,315,yes,no,cellular,14,may,884,3,346,4,failure,yes,2026-12-30 19:00:00
45,blue-collar,married,primary,no,678,no,no,cellular,5,aug,104,3,-1,0,unknown,no,2026-12-30 20:00:00
53,services,married,secondary,no,1065,no,yes,cellular,24,jul,211,1,-1,0,unknown,no,2026-12-30 21:00:00
24,blue-collar,single,secondary,no,674,yes,yes,unknown,28,may,294,1,-1,0,unknown,no,2026-12-30 22:00:00
50,entrepreneur,single,tertiary,no,0,yes,no,unknown,19,jun,638,1,-1,0,unknown,no,2026-12-30 23:00:00
51,self-employed,single,tertiary,no,0,yes,no,cellular,11,jul,139,2,-1,0,unknown,no,2026-12-31 00:00:00
54,blue-collar,married,unknown,no,-361,yes,no,unknown,26,may,227,1,-1,0,unknown,no,2026-12-31 01:00:00
51,admin.,married,secondary,no,38,no,yes,cellular,8,jul,31,3,-1,0,unknown,no,2026-12-31 02:00:00
35,management,single,tertiary,no,331,no,no,cellular,14,aug,857,2,-1,0,unknown,yes,2026-12-31 03:00:00
38,entrepreneur,single,primary,no,154,yes,no,cellular,11,may,197,1,-1,0,unknown,no,2026-12-31 04:00:00
53,unemployed,single,primary,no,183,no,no,cellular,9,jun,835,2,-1,0,unknown,no,2026-12-31 05:00:00
30,technician,married,secondary,no,-1,yes,no,unknown,8,may,323,1,-1,0,unknown,no,2026-12-31 06:00:00
31,admin.,single,tertiary,no,493,yes,no,cellular,18,may,158,1,-1,0,unknown,no,2026-12-31 07:00:00
32,technician,married,tertiary,no,903,yes,no,cellular,23,jun,181,1,320,1,other,no,2026-12-31 08:00:00
34,housemaid,single,primary,no,443,no,no,cellular,30,jan,10,1,2,1,other,no,2026-12-31 09:00:00
53,retired,divorced,secondary,no,451,no,yes,cellular,11,aug,277,5,-1,0,unknown,no,2026-12-31 10:00:00
31,blue-collar,divorced,secondary,no,15187,no,no,cellular,12,jun,127,2,-1,0,unknown,no,2026-12-31 11:00:00
58,retired,married,secondary,no,19,no,yes,cellular,15,jul,106,3,-1,0,unknown,no,2026-12-31 12:00:00
43,technician,married,tertiary,no,0,no,no,cellular,3,feb,132,1,-1,0,unknown,no,2026-12-31 13:00:00
42,technician,married,unknown,no,1559,no,no,cellular,11,aug,155,1,103,1,success,no,2026-12-31 14:00:00
48,blue-collar,married,secondary,no,729,yes,no,telephone,15,jul,277,1,-1,0,unknown,no,2026-12-31 15:00:00
25,management,single,tertiary,no,1129,no,no,cellular,8,jul,452,2,-1,0,unknown,no,2026-12-31 16:00:00
45,management,married,tertiary,no,2077,no,no,cellular,5,aug,163,1,-1,0,unknown,no,2026-12-31 17:00:00
48,management,divorced,secondary,no,1598,yes,no,unknown,29,may,84,1,-1,0,unknown,no,2026-12-31 18:00:00
28,unemployed,married,primary,yes,44,yes,no,cellular,31,jul,6,13,-1,0,unknown,no,2026-12-31 19:00:00
25,admin.,single,secondary,no,1871,no,no,cellular,4,jun,136,1,-1,0,unknown,yes,2026-12-31 20:00:00
41,management,married,tertiary,no,557,yes,yes,cellular,12,aug,148,4,-1,0,unknown,no,2026-12-31 21:00:00
50,admin.,married,secondary,no,0,yes,yes,unknown,23,may,97,1,-1,0,unknown,no,2026-12-31 22:00:00
33,blue-collar,married,primary,no,329,yes,no,unknown,9,may,44,1,-1,0,unknown,no,2026-12-31 23:00:00
42,management,divorced,tertiary,no,621,no,yes,cellular,22,jul,87,2,-1,0,unknown,no,2027-01-01 00:00:00
26,admin.,single,secondary,no,-235,yes,no,unknown,16,may,103,1,-1,0,unknown,no,2027-01-01 01:00:00
44,admin.,divorced,primary,no,429,yes,no,telephone,23,oct,80,1,-1,0,unknown,yes,2027-01-01 02:00:00
42,blue-collar,married,secondary,no,0,yes,no,cellular,25,jul,184,2,-1,0,unknown,no,2027-01-01 03:00:00
44,services,married,secondary,no,361,yes,no,unknown,29,may,217,1,-1,0,unknown,no,2027-01-01 04:00:00
37,technician,single,secondary,no,5436,yes,no,cellular,6,may,7,11,351,1,failure,no,2027-01-01 05:00:00
53,blue-collar,married,secondary,no,392,no,no,cellular,26,aug,95,6,-1,0,unknown,no,2027-01-01 06:00:00
42,entrepreneur,divorced,tertiary,yes,2,yes,no,unknown,5,may,380,1,-1,0,unknown,no,2027-01-01 07:00:00
43,management,married,tertiary,no,2450,no,yes,cellular,20,oct,124,1,-1,0,unknown,no,2027-01-01 08:00:00
29,services,single,secondary,no,-565,yes,no,unknown,4,jun,109,1,-1,0,unknown,no,2027-01-01 09:00:00
48,technician,married,secondary,no,71,no,no,unknown,20,jun,524,4,-1,0,unknown,no,2027-01-01 10:00:00
50,admin.,married,secondary,no,0,yes,yes,unknown,26,jun,626,2,-1,0,unknown,no,2027-01-01 11:00:00
38,management,married,secondary,no,3840,yes,yes,cellular,17,nov,62,1,-1,0,unknown,no,2027-01-01 12:00:00
43,blue-collar,married,unknown,no,285,yes,no,cellular,15,may,22,6,-1,0,unknown,no,2027-01-01 13:00:00
31,student,single,secondary,no,93,no,no,cellular,19,nov,584,2,-1,0,unknown,no,2027-01-01 14:00:00
58,housemaid,married,primary,no,0,no,no,unknown,18,jun,37,1,-1,0,unknown,no,2027-01-01 15:00:00
43,blue-collar,married,primary,no,757,yes,no,unknown,9,may,315,4,-1,0,unknown,no,2027-01-01 16:00:00
33,management,single,tertiary,no,215,no,no,telephone,20,aug,41,9,-1,0,unknown,no,2027-01-01 17:00:00
31,blue-collar,married,secondary,no,-723,yes,no,cellular,25,jul,112,2,-1,0,unknown,no,2027-01-01 18:00:00
38,admin.,single,secondary,no,115,no,no,cellular,5,aug,250,3,182,10,failure,no,2027-01-01 19:00:00
37,management,married,tertiary,no,489,yes,yes,cellular,20,apr,12,2,-1,0,unknown,no,2027-01-01 20:00:00
47,services,married,secondary,no,311,yes,yes,cellular,12,may,238,1,301,3,failure,no,2027-01-01 21:00:00
51,services,married,unknown,no,518,no,no,unknown,5,jun,312,3,-1,0,unknown,no,2027-01-01 22:00:00
58,services,divorced,secondary,no,1109,yes,yes,unknown,7,may,180,1,-1,0,unknown,no,2027-01-01 23:00:00
33,technician,single,secondary,no,1074,yes,yes,cellular,14,may,308,2,-1,0,unknown,no,2027-01-02 00:00:00
35,services,single,secondary,no,35,yes,no,cellular,14,may,152,1,-1,0,unknown,no,2027-01-02 01:00:00
58,admin.,married,secondary,no,169,no,no,cellular,16,nov,301,1,94,3,failure,yes,2027-01-02 02:00:00
44,services,married,secondary,no,332,no,no,cellular,3,jun,171,1,-1,0,unknown,no,2027-01-02 03:00:00
45,management,married,tertiary,no,1788,no,no,cellular,10,dec,364,1,191,4,failure,no,2027-01-02 04:00:00
31,self-employed,married,tertiary,no,170,no,yes,cellular,28,jul,98,16,-1,0,unknown,no,2027-01-02 05:00:00
48,admin.,divorced,secondary,no,-407,yes,no,cellular,14,may,210,2,352,1,failure,no,2027-01-02 06:00:00
37,technician,single,tertiary,no,1661,no,no,cellular,19,aug,199,5,-1,0,unknown,no,2027-01-02 07:00:00
46,blue-collar,married,tertiary,no,1497,yes,no,unknown,19,may,374,6,-1,0,unknown,no,2027-01-02 08:00:00
41,technician,married,secondary,no,7870,yes,no,cellular,20,nov,48,2,-1,0,unknown,no,2027-01-02 09:00:00
72,retired,married,primary,no,0,no,no,cellular,29,dec,215,2,-1,0,unknown,no,2027-01-02 10:00:00
37,technician,single,tertiary,no,31,yes,no,unknown,8,may,72,1,-1,0,unknown,no,2027-01-02 11:00:00
28,blue-collar,single,secondary,no,416,yes,no,unknown,13,may,452,2,-1,0,unknown,no,2027-01-02 12:00:00
48,blue-collar,married,unknown,no,2499,no,no,cellular,28,aug,429,3,-1,0,unknown,no,2027-01-02 13:00:00
59,services,married,secondary,no,968,no,no,cellular,9,feb,105,2,-1,0,unknown,no,2027-01-02 14:00:00
45,services,married,secondary,no,6397,yes,no,unknown,5,jun,117,2,-1,0,unknown,no,2027-01-02 15:00:00
36,entrepreneur,married,secondary,no,419,yes,no,cellular,8,apr,34,3,-1,0,unknown,no,2027-01-02 16:00:00
24,blue-collar,single,secondary,no,171,yes,no,unknown,21,may,151,2,-1,0,unknown,no,2027-01-02 17:00:00
38,blue-collar,married,secondary,no,-388,yes,no,unknown,9,may,412,1,-1,0,unknown,no,2027-01-02 18:00:00
68,retired,married,tertiary,no,2812,no,no,cellular,4,aug,651,1,1,7,success,yes,2027-01-02 19:00:00
35,blue-collar,single,secondary,no,0,yes,no,cellular,16,apr,1174,1,345,4,other,yes,2027-01-02 20:00:00
43,entrepreneur,married,secondary,no,-480,yes,yes,cellular,18,may,1126,1,350,6,failure,no,2027-01-02 21:00:00
41,housemaid,married,secondary,no,1638,yes,no,cellular,23,jul,327,1,-1,0,unknown,no,2027-01-02 22:00:00
59,blue-collar,married,primary,no,8,no,no,telephone,28,jan,56,1,-1,0,unknown,no,2027-01-02 23:00:00
60,housemaid,divorced,secondary,no,2063,no,no,cellular,21,aug,54,5,86,3,failure,no,2027-01-03 00:00:00
40,technician,married,secondary,no,109,yes,no,unknown,6,may,147,2,-1,0,unknown,no,2027-01-03 01:00:00
32,management,married,tertiary,no,272,yes,no,cellular,3,feb,188,4,209,1,failure,no,2027-01-03 02:00:00
26,admin.,single,secondary,no,96,no,no,cellular,6,may,606,1,345,1,failure,no,2027-01-03 03:00:00
65,unknown,married,unknown,no,4717,no,no,telephone,6,aug,256,1,-1,0,unknown,yes,2027-01-03 04:00:00
31,student,single,unknown,no,2347,no,no,cellular,18,dec,180,2,-1,0,unknown,no,2027-01-03 05:00:00
40,unemployed,married,secondary,no,3382,yes,no,unknown,14,may,125,1,-1,0,unknown,no,2027-01-03 06:00:00
39,services,divorced,secondary,no,5873,no,no,cellular,17,apr,280,1,344,2,failure,no,2027-01-03 07:00:00
64,retired,married,tertiary,no,1644,no,no,telephone,5,mar,341,4,179,4,success,yes,2027-01-03 08:00:00
20,student,single,secondary,no,215,no,no,cellular,21,aug,228,4,183,1,other,yes,2027-01-03 09:00:00
40,unknown,married,tertiary,no,119,no,no,cellular,19,aug,258,2,-1,0,unknown,no,2027-01-03 10:00:00
39,management,divorced,tertiary,no,-980,yes,no,cellular,4,feb,52,2,260,1,failure,no,2027-01-03 11:00:00
45,services,married,secondary,no,219,yes,yes,cellular,29,jul,142,8,-1,0,unknown,no,2027-01-03 12:00:00
53,blue-collar,married,secondary,no,1027,no,no,cellular,21,nov,102,1,121,1,failure,no,2027-01-03 13:00:00
36,self-employed,married,tertiary,no,16,yes,yes,cellular,18,jul,95,4,-1,0,unknown,no,2027-01-03 14:00:00
33,blue-collar,married,secondary,no,315,no,no,cellular,4,feb,146,3,-1,0,unknown,yes,2027-01-03 15:00:00
30,admin.,single,secondary,no,457,no,no,cellular,27,apr,90,2,-1,0,unknown,no,2027-01-03 16:00:00
45,blue-collar,married,unknown,no,850,no,no,cellular,19,aug,211,2,-1,0,unknown,no,2027-01-03 17:00:00
53,blue-collar,married,primary,no,57,yes,no,unknown,20,jun,4,20,-1,0,unknown,no,2027-01-03 18:00:00
41,services,single,primary,no,5907,yes,no,cellular,7,may,198,1,167,5,failure,no,2027-01-03 19:00:00
38,blue-collar,single,secondary,no,1911,yes,no,cellular,31,jul,74,4,-1,0,unknown,no,2027-01-03 20:00:00
44,blue-collar,single,primary,no,287,no,no,cellular,29,jan,301,1,-1,0,unknown,no,2027-01-03 21:00:00
44,entrepreneur,married,primary,no,276,yes,yes,unknown,15,may,219,1,-1,0,unknown,no,2027-01-03 22:00:00
45,technician,married,secondary,no,983,yes,no,cellular,7,aug,155,2,-1,0,unknown,no,2027-01-03 23:00:00
55,retired,married,secondary,no,0,no,yes,unknown,5,may,136,1,-1,0,unknown,no,2027-01-04 00:00:00
26,blue-collar,married,unknown,no,407,yes,no,unknown,28,may,346,2,-1,0,unknown,no,2027-01-04 01:00:00
32,management,single,tertiary,no,354,no,no,cellular,4,mar,177,2,133,5,other,yes,2027-01-04 02:00:00
60,retired,married,primary,no,280,no,no,telephone,8,jul,291,1,-1,0,unknown,no,2027-01-04 03:00:00
34,technician,married,secondary,no,1035,no,no,cellular,25,aug,1374,10,-1,0,unknown,yes,2027-01-04 04:00:00
27,technician,single,tertiary,no,11862,no,no,cellular,25,nov,285,2,97,7,success,yes,2027-01-04 05:00:00
52,entrepreneur,married,primary,no,2138,no,no,unknown,17,jun,134,1,-1,0,unknown,no,2027-01-04 06:00:00
29,student,single,secondary,no,314,no,no,cellular,13,aug,485,3,105,1,success,no,2027-01-04 07:00:00
44,management,married,tertiary,no,318,no,no,cellular,18,nov,638,2,-1,0,unknown,no,2027-01-04 08:00:00
32,management,single,tertiary,no,6359,no,no,cellular,6,aug,184,1,-1,0,unknown,no,2027-01-04 09:00:00
49,entrepreneur,married,secondary,no,-1965,no,yes,telephone,10,jul,317,2,-1,0,unknown,no,2027-01-04 10:00:00
31,management,single,tertiary,no,288,no,no,cellular,28,jan,364,1,-1,0,unknown,no,2027-01-04 11:00:00
36,management,married,tertiary,no,-661,yes,yes,unknown,5,jun,221,3,-1,0,unknown,no,2027-01-04 12:00:00
35,management,single,tertiary,no,75,no,yes,cellular,8,aug,82,11,-1,0,unknown,no,2027-01-04 13:00:00
33,self-employed,married,tertiary,no,576,yes,no,cellular,18,aug,304,3,-1,0,unknown,no,2027-01-04 14:00:00
57,management,married,tertiary,no,1571,no,no,unknown,11,jun,230,13,-1,0,unknown,no,2027-01-04 15:00:00
36,services,married,secondary,no,22,yes,no,cellular,6,may,125,2,-1,0,unknown,no,2027-01-04 16:00:00
30,services,married,secondary,no,2261,yes,yes,cellular,8,jul,250,2,-1,0,unknown,no,2027-01-04 17:00:00
32,student,single,tertiary,no,1138,no,no,cellular,4,may,214,3,83,3,success,yes,2027-01-04 18:00:00
30,services,single,secondary,no,695,yes,no,unknown,20,may,203,1,-1,0,unknown,no,2027-01-04 19:00:00
40,technician,married,secondary,no,1819,no,no,cellular,16,sep,169,1,103,2,failure,no,2027-01-04 20:00:00
36,services,married,secondary,no,878,yes,no,cellular,20,apr,108,1,-1,0,unknown,no,2027-01-04 21:00:00
36,blue-collar,married,secondary,no,1589,yes,no,cellular,20,apr,345,2,341,6,other,no,2027-01-04 22:00:00
28,technician,single,tertiary,no,-803,yes,yes,unknown,11,jun,222,9,-1,0,unknown,no,2027-01-04 23:00:00
40,blue-collar,married,secondary,no,632,no,no,cellular,5,feb,611,2,-1,0,unknown,no,2027-01-05 00:00:00
60,retired,divorced,secondary,no,4974,yes,no,cellular,15,may,80,4,-1,0,unknown,no,2027-01-05 01:00:00
32,admin.,married,secondary,no,2,yes,no,cellular,25,jul,132,5,-1,0,unknown,no,2027-01-05 02:00:00
57,blue-collar,married,secondary,no,2887,no,no,cellular,21,aug,819,10,-1,0,unknown,yes,2027-01-05 03:00:00
41,management,married,primary,no,5310,yes,no,cellular,17,nov,984,1,-1,0,unknown,yes,2027-01-05 04:00:00
24,services,single,secondary,no,11,yes,no,unknown,27,jun,114,4,-1,0,unknown,no,2027-01-05 05:00:00
67,retired,married,tertiary,no,701,no,no,cellular,6,aug,254,2,-1,0,unknown,yes,2027-01-05 06:00:00
38,services,divorced,secondary,no,446,yes,no,unknown,18,jun,373,4,-1,0,unknown,no,2027-01-05 07:00:00
32,admin.,married,secondary,no,200,no,no,cellular,3,aug,172,3,-1,0,unknown,no,2027-01-05 08:00:00
36,services,single,secondary,no,260,yes,no,unknown,27,may,132,8,-1,0,unknown,no,2027-01-05 09:00:00
34,technician,single,secondary,no,161,no,yes,cellular,8,aug,61,2,-1,0,unknown,no,2027-01-05 10:00:00
48,services,married,primary,no,717,no,no,cellular,29,jan,450,1,-1,0,unknown,no,2027-01-05 11:00:00
27,management,single,tertiary,no,88,no,no,cellular,4,may,143,1,-1,0,unknown,no,2027-01-05 12:00:00
26,student,single,unknown,no,198,no,no,cellular,5,feb,161,1,-1,0,unknown,no,2027-01-05 13:00:00
42,management,married,tertiary,no,0,yes,no,cellular,18,jul,177,5,-1,0,unknown,no,2027-01-05 14:00:00
30,technician,married,secondary,no,2326,no,no,cellular,14,dec,420,1,175,2,failure,yes,2027-01-05 15:00:00
43,technician,married,tertiary,no,192,no,no,cellular,5,aug,203,2,-1,0,unknown,no,2027-01-05 16:00:00
60,retired,married,secondary,no,-1110,yes,no,unknown,6,jun,143,2,-1,0,unknown,no,2027-01-05 17:00:00
24,blue-collar,single,primary,no,2129,yes,yes,telephone,18,may,51,1,-1,0,unknown,no,2027-01-05 18:00:00
36,services,married,secondary,no,138,yes,no,cellular,8,may,39,3,-1,0,unknown,no,2027-01-05 19:00:00
35,management,married,tertiary,no,569,no,no,cellular,11,aug,121,3,-1,0,unknown,no,2027-01-05 20:00:00
33,housemaid,married,tertiary,no,4958,yes,no,unknown,20,may,434,1,-1,0,unknown,no,2027-01-05 21:00:00
47,housemaid,single,tertiary,no,3727,no,no,unknown,12,jun,993,6,-1,0,unknown,yes,2027-01-05 22:00:00
33,admin.,divorced,primary,no,1416,yes,no,unknown,2,jun,239,4,-1,0,unknown,no,2027-01-05 23:00:00
40,blue-collar,married,primary,no,-335,yes,no,unknown,27,may,260,1,-1,0,unknown,no,2027-01-06 00:00:00
39,admin.,married,secondary,no,441,no,no,unknown,6,jun,101,2,-1,0,unknown,no,2027-01-06 01:00:00
34,management,married,tertiary,no,436,no,yes,cellular,28,jul,118,4,-1,0,unknown,no,2027-01-06 02:00:00
41,technician,married,secondary,no,118,no,no,unknown,6,jun,339,1,-1,0,unknown,no,2027-01-06 03:00:00
48,blue-collar,married,secondary,no,0,no,no,cellular,29,jul,215,6,-1,0,unknown,no,2027-01-06 04:00:00
59,retired,divorced,primary,no,830,no,yes,cellular,8,jul,116,1,-1,0,unknown,no,2027-01-06 05:00:00
33,blue-collar,married,secondary,no,2502,yes,no,cellular,20,apr,285,1,270,1,failure,no,2027-01-06 06:00:00
54,management,divorced,tertiary,no,3473,yes,no,cellular,12,aug,306,2,-1,0,unknown,no,2027-01-06 07:00:00
35,management,married,tertiary,no,362,no,no,cellular,12,aug,95,8,-1,0,unknown,no,2027-01-06 08:00:00
54,management,divorced,tertiary,no,2079,no,yes,cellular,25,jul,217,1,-1,0,unknown,no,2027-01-06 09:00:00
43,technician,married,tertiary,no,4333,yes,no,cellular,20,nov,1490,3,-1,0,unknown,yes,2027-01-06 10:00:00
45,technician,married,secondary,no,1118,yes,no,telephone,22,jul,27,1,-1,0,unknown,no,2027-01-06 11:00:00
33,management,married,tertiary,no,0,yes,no,cellular,18,nov,88,1,-1,0,unknown,no,2027-01-06 12:00:00
30,technician,single,secondary,no,9645,no,yes,cellular,26,aug,130,10,-1,0,unknown,no,2027-01-06 13:00:00
32,technician,married,secondary,no,473,no,yes,cellular,10,aug,1064,1,95,3,success,yes,2027-01-06 14:00:00
32,blue-collar,single,secondary,no,-578,no,no,unknown,9,may,115,1,-1,0,unknown,no,2027-01-06 15:00:00
22,management,single,tertiary,no,103,yes,no,cellular,18,may,130,2,-1,0,unknown,no,2027-01-06 16:00:00
25,self-employed,single,tertiary,no,-44,no,yes,cellular,8,jul,201,1,-1,0,unknown,no,2027-01-06 17:00:00
60,technician,married,secondary,no,955,no,no,cellular,18,aug,37,3,-1,0,unknown,no,2027-01-06 18:00:00
44,blue-collar,married,primary,no,0,yes,no,cellular,30,jul,83,2,-1,0,unknown,no,2027-01-06 19:00:00
38,management,married,tertiary,no,12877,no,no,unknown,17,jun,118,3,-1,0,unknown,no,2027-01-06 20:00:00
32,services,single,secondary,no,-198,yes,no,unknown,21,may,681,3,-1,0,unknown,yes,2027-01-06 21:00:00
35,student,single,secondary,no,2960,yes,no,unknown,30,may,123,2,-1,0,unknown,no,2027-01-06 22:00:00
32,blue-collar,married,primary,no,902,yes,no,unknown,27,may,106,2,-1,0,unknown,no,2027-01-06 23:00:00
25,student,single,secondary,no,125,no,no,cellular,9,feb,215,1,92,2,success,yes,2027-01-07 00:00:00
33,admin.,single,secondary,no,4436,yes,no,unknown,26,may,81,6,-1,0,unknown,no,2027-01-07 01:00:00
35,blue-collar,married,secondary,no,-185,yes,yes,unknown,27,may,130,2,-1,0,unknown,no,2027-01-07 02:00:00
40,blue-collar,married,secondary,no,1844,yes,no,cellular,11,may,231,1,-1,0,unknown,no,2027-01-07 03:00:00
39,services,married,secondary,no,0,yes,no,unknown,5,jun,620,2,-1,0,unknown,no,2027-01-07 04:00:00
29,admin.,single,secondary,no,460,yes,no,cellular,18,may,191,2,357,6,success,no,2027-01-07 05:00:00
48,blue-collar,married,primary,no,1778,yes,no,telephone,8,may,267,3,-1,0,unknown,no,2027-01-07 06:00:00
57,blue-collar,married,primary,no,1236,no,no,unknown,18,jun,152,9,-1,0,unknown,no,2027-01-07 07:00:00
59,blue-collar,married,secondary,no,0,no,no,telephone,24,jul,393,3,-1,0,unknown,no,2027-01-07 08:00:00
28,technician,single,secondary,no,335,yes,no,cellular,20,apr,122,3,-1,0,unknown,no,2027-01-07 09:00:00
34,technician,single,secondary,no,347,yes,no,cellular,6,feb,154,2,197,6,failure,no,2027-01-07 10:00:00
56,technician,married,secondary,no,2065,no,no,cellular,14,aug,71,2,-1,0,unknown,no,2027-01-07 11:00:00
28,student,single,tertiary,no,290,yes,no,telephone,27,nov,24,1,-1,0,unknown,no,2027-01-07 12:00:00
31,admin.,married,secondary,no,0,yes,no,cellular,24,jul,137,1,-1,0,unknown,no,2027-01-07 13:00:00
42,services,single,secondary,no,247,yes,no,cellular,31,jul,114,2,-1,0,unknown,no,2027-01-07 14:00:00
37,housemaid,single,primary,no,0,no,no,cellular,28,jan,399,1,-1,0,unknown,no,2027-01-07 15:00:00
32,technician,married,tertiary,no,52,yes,yes,cellular,5,may,188,1,-1,0,unknown,no,2027-01-07 16:00:00
37,entrepreneur,married,tertiary,yes,-456,yes,yes,unknown,20,jun,42,7,-1,0,unknown,no,2027-01-07 17:00:00
42,blue-collar,married,tertiary,no,1993,yes,no,cellular,20,apr,97,2,-1,0,unknown,no,2027-01-07 18:00:00
43,blue-collar,divorced,secondary,no,59,yes,no,cellular,13,apr,157,3,-1,0,unknown,no,2027-01-07 19:00:00
45,management,married,unknown,no,9051,yes,no,unknown,19,may,124,63,-1,0,unknown,no,2027-01-07 20:00:00
47,admin.,married,secondary,no,1383,yes,no,unknown,6,jun,460,8,-1,0,unknown,no,2027-01-07 21:00:00
54,self-employed,married,unknown,no,204,no,no,cellular,27,aug,231,5,-1,0,unknown,no,2027-01-07 22:00:00
29,management,single,tertiary,no,617,yes,no,unknown,19,may,387,1,-1,0,unknown,no,2027-01-07 23:00:00
27,technician,married,secondary,no,58,yes,no,unknown,28,may,82,1,-1,0,unknown,no,2027-01-08 00:00:00
36,services,single,primary,no,38,no,no,unknown,6,jun,308,4,-1,0,unknown,no,2027-01-08 01:00:00
47,unemployed,married,secondary,no,817,no,no,cellular,7,apr,721,4,-1,0,unknown,yes,2027-01-08 02:00:00
36,management,married,tertiary,no,481,yes,no,cellular,13,may,215,1,175,3,failure,no,2027-01-08 03:00:00
45,technician,divorced,secondary,no,23,yes,no,unknown,27,may,62,4,-1,0,unknown,no,2027-01-08 04:00:00
42,technician,divorced,secondary,no,314,yes,no,unknown,30,oct,234,1,-1,0,unknown,yes,2027-01-08 05:00:00
42,technician,single,secondary,no,77,no,yes,cellular,7,aug,152,2,-1,0,unknown,no,2027-01-08 06:00:00
49,blue-collar,married,secondary,no,579,yes,no,unknown,28,may,396,1,-1,0,unknown,no,2027-01-08 07:00:00
36,services,married,tertiary,no,260,yes,no,cellular,6,may,167,3,299,2,failure,no,2027-01-08 08:00:00
29,technician,single,secondary,no,401,yes,no,cellular,5,feb,127,2,-1,0,unknown,no,2027-01-08 09:00:00
33,management,single,tertiary,no,0,no,no,cellular,20,aug,291,1,-1,0,unknown,no,2027-01-08 10:00:00
30,technician,single,secondary,no,4684,yes,no,cellular,30,apr,268,3,-1,0,unknown,yes,2027-01-08 11:00:00
36,blue-collar,single,primary,no,2176,yes,no,unknown,28,may,52,2,-1,0,unknown,no,2027-01-08 12:00:00
30,self-employed,married,unknown,no,1712,no,no,cellular,29,jan,213,3,190,2,failure,no,2027-01-08 13:00:00
57,management,married,primary,no,6900,no,no,cellular,23,oct,255,4,185,2,failure,yes,2027-01-08 14:00:00
53,admin.,married,secondary,no,8449,no,no,cellular,12,aug,123,2,-1,0,unknown,no,2027-01-08 15:00:00
60,blue-collar,married,primary,no,3462,no,no,cellular,7,aug,125,2,-1,0,unknown,no,2027-01-08 16:00:00
28,self-employed,single,tertiary,no,5215,no,no,cellular,2,jun,673,1,-1,0,unknown,no,2027-01-08 17:00:00
38,entrepreneur,married,tertiary,no,83,yes,no,cellular,19,nov,108,1,-1,0,unknown,no,2027-01-08 18:00:00
32,technician,married,secondary,no,3275,no,no,cellular,11,aug,326,4,-1,0,unknown,no,2027-01-08 19:00:00
38,technician,married,tertiary,no,606,no,no,unknown,16,jun,193,2,-1,0,unknown,no,2027-01-08 20:00:00
55,technician,married,secondary,no,2055,yes,no,unknown,16,may,1023,4,-1,0,unknown,no,2027-01-08 21:00:00
35,student,single,secondary,no,-86,yes,no,cellular,21,jul,369,1,-1,0,unknown,no,2027-01-08 22:00:00
31,admin.,married,secondary,no,728,yes,yes,cellular,15,may,152,1,352,4,failure,no,2027-01-08 23:00:00
47,technician,married,secondary,no,0,yes,no,cellular,25,may,234,1,-1,0,unknown,no,2027-01-09 00:00:00
31,blue-collar,married,secondary,no,1981,yes,no,cellular,16,apr,198,1,268,2,failure,no,2027-01-09 01:00:00
34,management,married,tertiary,no,297,yes,no,cellular,26,aug,63,4,-1,0,unknown,no,2027-01-09 02:00:00
35,blue-collar,married,secondary,no,592,yes,no,unknown,21,may,74,1,-1,0,unknown,no,2027-01-09 03:00:00
42,blue-collar,married,secondary,no,380,yes,no,cellular,9,jul,124,2,-1,0,unknown,no,2027-01-09 04:00:00
34,services,married,secondary,no,-52,no,no,unknown,13,aug,12,1,-1,0,unknown,no,2027-01-09 05:00:00
49,self-employed,married,tertiary,no,271,yes,no,cellular,18,aug,140,4,-1,0,unknown,no,2027-01-09 06:00:00
55,entrepreneur,married,secondary,no,113,yes,no,unknown,12,jun,186,1,-1,0,unknown,no,2027-01-09 07:00:00
38,management,married,tertiary,no,173,no,no,cellular,28,aug,32,8,-1,0,unknown,no,2027-01-09 08:00:00
33,services,married,secondary,no,1397,yes,no,cellular,16,apr,370,1,146,3,failure,no,2027-01-09 09:00:00
51,blue-collar,married,primary,no,959,no,yes,cellular,24,jul,240,5,-1,0,unknown,no,2027-01-09 10:00:00
57,retired,divorced,primary,no,698,no,no,telephone,9,dec,135,3,191,2,failure,no,2027-01-09 11:00:00
39,management,single,tertiary,no,2258,yes,no,cellular,31,jul,255,2,-1,0,unknown,no,2027-01-09 12:00:00
55,blue-collar,married,primary,no,-636,yes,no,telephone,13,may,15,5,348,3,failure,no,2027-01-09 13:00:00
24,self-employed,single,tertiary,no,91,yes,no,cellular,15,may,134,2,-1,0,unknown,no,2027-01-09 14:00:00
55,technician,married,secondary,no,199,no,no,cellular,13,aug,15,17,-1,0,unknown,no,2027-01-09 15:00:00
37,management,married,tertiary,no,2987,yes,no,cellular,13,may,216,1,87,10,success,yes,2027-01-09 16:00:00
35,blue-collar,married,secondary,no,765,yes,no,unknown,29,may,418,8,-1,0,unknown,no,2027-01-09 17:00:00
36,management,married,tertiary,no,495,no,no,cellular,14,jun,187,1,94,9,success,yes,2027-01-09 18:00:00
37,admin.,married,secondary,no,1314,yes,no,cellular,22,may,74,1,14,9,failure,no,2027-01-09 19:00:00
52,services,married,tertiary,no,2801,yes,yes,unknown,17,jun,311,2,-1,0,unknown,no,2027-01-09 20:00:00
28,technician,married,secondary,no,272,no,yes,cellular,16,jul,183,1,-1,0,unknown,no,2027-01-09 21:00:00
57,entrepreneur,married,secondary,no,905,no,no,cellular,7,aug,121,1,-1,0,unknown,no,2027-01-09 22:00:00
37,blue-collar,married,tertiary,no,359,no,yes,cellular,7,aug,3422,2,-1,0,unknown,no,2027-01-09 23:00:00
27,services,married,secondary,no,379,no,yes,cellular,7,jul,269,2,-1,0,unknown,no,2027-01-10 00:00:00
42,management,married,unknown,no,849,yes,no,cellular,8,oct,667,1,321,1,other,yes,2027-01-10 01:00:00
31,technician,married,secondary,no,-160,yes,no,cellular,14,jul,126,6,-1,0,unknown,no,2027-01-10 02:00:00
59,retired,married,primary,no,21,no,no,telephone,8,jul,127,3,-1,0,unknown,no,2027-01-10 03:00:00
37,services,single,secondary,no,278,yes,no,unknown,3,jun,1045,3,-1,0,unknown,yes,2027-01-10 04:00:00
32,blue-collar,married,primary,no,494,yes,no,unknown,26,may,252,2,-1,0,unknown,no,2027-01-10 05:00:00
42,management,divorced,tertiary,no,5037,no,no,cellular,16,jul,100,6,84,14,success,no,2027-01-10 06:00:00
45,management,married,tertiary,no,7620,yes,no,cellular,5,may,85,8,-1,0,unknown,no,2027-01-10 07:00:00
63,retired,married,secondary,no,2747,no,no,cellular,11,sep,113,1,80,1,failure,no,2027-01-10 08:00:00
42,admin.,single,secondary,no,0,yes,no,cellular,5,may,127,1,-1,0,unknown,no,2027-01-10 09:00:00
61,retired,divorced,secondary,no,1857,yes,no,unknown,28,may,173,4,-1,0,unknown,no,2027-01-10 10:00:00
29,admin.,married,secondary,no,396,yes,no,unknown,30,may,205,2,-1,0,unknown,no,2027-01-10 11:00:00
45,services,married,secondary,no,759,yes,no,unknown,2,jun,172,2,-1,0,unknown,no,2027-01-10 12:00:00
40,blue-collar,married,secondary,no,125,yes,no,cellular,13,may,119,2,370,1,failure,no,2027-01-10 13:00:00
36,blue-collar,married,primary,no,578,yes,no,cellular,13,may,130,2,-1,0,unknown,no,2027-01-10 14:00:00
51,housemaid,married,secondary,no,3984,no,no,unknown,20,jun,7,12,-1,0,unknown,no,2027-01-10 15:00:00
66,housemaid,divorced,primary,no,204,no,no,telephone,13,aug,213,1,-1,0,unknown,no,2027-01-10 16:00:00
38,management,single,tertiary,no,8,yes,no,cellular,28,jul,219,2,-1,0,unknown,no,2027-01-10 17:00:00
27,unemployed,single,secondary,no,0,yes,no,cellular,21,jul,53,6,-1,0,unknown,no,2027-01-10 18:00:00
48,services,married,primary,no,1496,yes,no,telephone,29,jan,284,2,258,2,failure,no,2027-01-10 19:00:00
32,management,single,tertiary,no,0,no,no,cellular,27,aug,121,2,-1,0,unknown,no,2027-01-10 20:00:00
47,admin.,married,secondary,no,2601,no,no,cellular,24,sep,261,1,-1,0,unknown,yes,2027-01-10 21:00:00
53,retired,married,primary,no,383,yes,no,unknown,14,may,171,1,-1,0,unknown,no,2027-01-10 22:00:00
28,blue-collar,married,primary,no,10045,yes,no,unknown,29,may,169,4,-1,0,unknown,no,2027-01-10 23:00:00
47,housemaid,married,primary,no,183,no,no,cellular,13,aug,144,1,-1,0,unknown,no,2027-01-11 00:00:00
49,blue-collar,married,primary,no,2316,no,no,telephone,7,aug,35,4,-1,0,unknown,no,2027-01-11 01:00:00
32,management,single,tertiary,no,3616,no,no,cellular,14,aug,165,2,-1,0,unknown,no,2027-01-11 02:00:00
44,management,married,tertiary,no,368,no,no,cellular,9,jul,73,3,-1,0,unknown,no,2027-01-11 03:00:00
21,admin.,single,secondary,no,524,no,no,cellular,26,may,185,1,-1,0,unknown,yes,2027-01-11 04:00:00
42,admin.,married,secondary,no,2656,yes,no,unknown,14,may,238,1,-1,0,unknown,no,2027-01-11 05:00:00
33,admin.,single,secondary,no,0,yes,no,cellular,14,jul,166,3,-1,0,unknown,no,2027-01-11 06:00:00
44,management,married,secondary,no,13054,yes,no,cellular,11,may,471,2,174,12,other,no,2027-01-11 07:00:00
33,unknown,married,secondary,no,335,no,no,cellular,11,aug,566,7,-1,0,unknown,no,2027-01-11 08:00:00
30,services,married,secondary,no,699,yes,no,unknown,29,may,544,1,-1,0,unknown,no,2027-01-11 09:00:00
26,services,single,secondary,no,38,no,no,telephone,28,aug,268,3,-1,0,unknown,no,2027-01-11 10:00:00
60,retired,married,tertiary,no,2196,no,no,cellular,15,jun,318,3,-1,0,unknown,no,2027-01-11 11:00:00
34,services,single,secondary,no,719,yes,no,unknown,15,may,362,3,-1,0,unknown,no,2027-01-11 12:00:00
45,management,married,tertiary,no,623,no,no,cellular,9,sep,405,3,-1,0,unknown,no,2027-01-11 13:00:00
52,blue-collar,divorced,primary,no,29,yes,no,cellular,21,jul,245,1,-1,0,unknown,no,2027-01-11 14:00:00
55,blue-collar,married,secondary,no,3919,no,no,cellular,16,jul,26,2,-1,0,unknown,no,2027-01-11 15:00:00
36,services,married,secondary,no,301,yes,no,unknown,5,may,210,1,-1,0,unknown,no,2027-01-11 16:00:00
58,admin.,married,secondary,no,3735,no,no,cellular,17,nov,91,2,-1,0,unknown,no,2027-01-11 17:00:00
38,services,married,secondary,no,8876,no,no,cellular,2,feb,280,1,75,1,failure,no,2027-01-11 18:00:00
39,blue-collar,married,secondary,no,5092,yes,no,cellular,12,may,206,2,329,6,failure,no,2027-01-11 19:00:00
33,blue-collar,married,primary,no,359,yes,yes,cellular,16,apr,130,1,148,1,failure,no,2027-01-11 20:00:00
35,self-employed,married,secondary,no,0,no,no,cellular,12,aug,64,2,-1,0,unknown,no,2027-01-11 21:00:00
29,technician,single,tertiary,no,2178,no,no,cellular,22,oct,260,2,139,1,other,yes,2027-01-11 22:00:00
31,admin.,single,secondary,no,1306,yes,no,unknown,28,may,217,5,-1,0,unknown,no,2027-01-11 23:00:00
44,admin.,married,secondary,no,1423,yes,no,unknown,13,may,162,4,-1,0,unknown,no,2027-01-12 00:00:00
47,technician,married,secondary,no,147,no,no,cellular,22,aug,136,2,-1,0,unknown,no,2027-01-12 01:00:00
35,housemaid,divorced,primary,no,1465,no,no,unknown,20,jun,40,1,-1,0,unknown,no,2027-01-12 02:00:00
43,unknown,married,primary,no,2113,no,no,cellular,29,jul,33,2,-1,0,unknown,no,2027-01-12 03:00:00
49,blue-collar,divorced,primary,no,0,yes,no,cellular,6,may,305,1,281,2,failure,no,2027-01-12 04:00:00
48,admin.,married,secondary,no,3754,yes,no,unknown,6,may,249,3,-1,0,unknown,no,2027-01-12 05:00:00
33,technician,single,tertiary,no,213,no,no,cellular,21,aug,152,2,-1,0,unknown,no,2027-01-12 06:00:00
26,blue-collar,single,primary,no,102,yes,no,unknown,16,may,46,1,-1,0,unknown,no,2027-01-12 07:00:00
54,entrepreneur,married,unknown,no,19,yes,no,cellular,8,may,103,1,368,1,failure,no,2027-01-12 08:00:00
26,services,single,secondary,no,128,yes,yes,unknown,4,jun,264,2,-1,0,unknown,no,2027-01-12 09:00:00
55,admin.,married,secondary,no,512,no,no,cellular,18,aug,115,4,-1,0,unknown,no,2027-01-12 10:00:00
53,unemployed,married,primary,no,142,no,no,cellular,30,apr,168,2,-1,0,unknown,no,2027-01-12 11:00:00
37,unknown,married,primary,no,808,no,no,unknown,5,jun,228,2,-1,0,unknown,no,2027-01-12 12:00:00
56,management,married,tertiary,no,318,no,yes,telephone,9,jul,246,3,-1,0,unknown,no,2027-01-12 13:00:00
25,technician,single,tertiary,no,777,yes,no,unknown,14,may,351,1,-1,0,unknown,no,2027-01-12 14:00:00
41,self-employed,single,tertiary,no,10346,no,no,cellular,14,dec,352,1,182,3,success,no,2027-01-12 15:00:00
60,management,divorced,secondary,no,0,no,no,cellular,5,aug,603,3,-1,0,unknown,yes,2027-01-12 16:00:00
42,services,married,secondary,no,714,yes,yes,cellular,8,may,211,1,358,5,failure,no,2027-01-12 17:00:00
28,blue-collar,married,secondary,no,373,yes,no,cellular,14,may,10,9,344,1,failure,no,2027-01-12 18:00:00
56,blue-collar,married,primary,no,547,no,no,unknown,9,jun,84,1,-1,0,unknown,no,2027-01-12 19:00:00
45,services,single,secondary,no,955,no,no,unknown,27,aug,3785,1,-1,0,unknown,no,2027-01-12 20:00:00
47,blue-collar,married,primary,no,4520,no,no,cellular,11,aug,356,2,-1,0,unknown,no,2027-01-12 21:00:00
34,services,single,secondary,no,215,no,no,cellular,28,jul,56,5,-1,0,unknown,no,2027-01-12 22:00:00
51,management,married,tertiary,no,-15,no,no,cellular,25,jul,212,2,-1,0,unknown,no,2027-01-12 23:00:00
36,entrepreneur,married,unknown,no,298,yes,no,unknown,8,may,215,1,-1,0,unknown,no,2027-01-13 00:00:00
51,services,married,primary,no,8806,yes,no,unknown,19,may,131,1,-1,0,unknown,no,2027-01-13 01:00:00
32,services,divorced,tertiary,no,376,yes,no,unknown,20,may,102,2,-1,0,unknown,no,2027-01-13 02:00:00
31,entrepreneur,single,tertiary,no,38,no,no,cellular,20,nov,185,2,-1,0,unknown,no,2027-01-13 03:00:00
57,retired,married,primary,no,3123,yes,no,unknown,15,may,178,1,-1,0,unknown,no,2027-01-13 04:00:00
26,blue-collar,single,tertiary,no,1527,no,no,cellular,5,feb,167,1,-1,0,unknown,no,2027-01-13 05:00:00
21,student,single,primary,no,8278,no,no,cellular,29,oct,445,1,-1,0,unknown,yes,2027-01-13 06:00:00
60,retired,married,secondary,no,345,yes,yes,cellular,8,aug,129,6,-1,0,unknown,no,2027-01-13 07:00:00
30,management,married,tertiary,no,562,no,no,cellular,21,aug,137,4,-1,0,unknown,no,2027-01-13 08:00:00
31,technician,single,tertiary,no,3729,yes,no,unknown,2,jun,192,8,-1,0,unknown,no,2027-01-13 09:00:00
58,retired,married,secondary,no,992,no,no,cellular,25,jul,46,1,-1,0,unknown,no,2027-01-13 10:00:00
43,management,divorced,secondary,no,229,yes,yes,cellular,13,may,163,1,-1,0,unknown,no,2027-01-13 11:00:00
27,blue-collar,married,secondary,no,484,yes,no,cellular,15,may,210,1,361,2,failure,no,2027-01-13 12:00:00
45,entrepreneur,married,primary,no,488,yes,no,telephone,28,jul,90,11,-1,0,unknown,no,2027-01-13 13:00:00
41,blue-collar,married,secondary,no,2823,yes,no,unknown,14,may,858,1,-1,0,unknown,yes,2027-01-13 14:00:00
41,services,married,secondary,no,1545,yes,no,unknown,29,may,390,3,-1,0,unknown,no,2027-01-13 15:00:00
53,retired,single,tertiary,no,888,yes,no,cellular,9,jul,128,1,-1,0,unknown,no,2027-01-13 16:00:00
33,admin.,married,secondary,no,1499,yes,no,unknown,21,may,144,2,-1,0,unknown,no,2027-01-13 17:00:00
47,blue-collar,married,secondary,no,273,yes,no,unknown,4,jun,163,1,-1,0,unknown,no,2027-01-13 18:00:00
29,blue-collar,single,secondary,no,555,yes,no,cellular,15,may,133,4,-1,0,unknown,no,2027-01-13 19:00:00
45,technician,married,secondary,no,144,no,no,cellular,13,aug,299,4,-1,0,unknown,no,2027-01-13 20:00:00
23,student,single,secondary,no,1234,no,no,cellular,16,nov,250,1,-1,0,unknown,yes,2027-01-13 21:00:00
41,management,married,tertiary,no,371,no,no,cellular,9,feb,107,5,-1,0,unknown,no,2027-01-13 22:00:00
30,blue-collar,single,secondary,no,1472,yes,no,cellular,20,nov,769,4,-1,0,unknown,no,2027-01-13 23:00:00
58,services,divorced,secondary,no,-158,no,no,telephone,18,jul,11,3,-1,0,unknown,no,2027-01-14 00:00:00
46,blue-collar,married,primary,no,-326,yes,no,unknown,27,may,59,4,-1,0,unknown,no,2027-01-14 01:00:00
49,admin.,divorced,secondary,no,266,yes,no,unknown,29,may,162,2,-1,0,unknown,no,2027-01-14 02:00:00
37,blue-collar,married,secondary,no,523,no,no,unknown,18,jun,257,2,-1,0,unknown,no,2027-01-14 03:00:00
50,technician,married,tertiary,no,199,yes,yes,cellular,3,feb,116,2,253,1,failure,no,2027-01-14 04:00:00
51,blue-collar,married,secondary,no,575,no,yes,cellular,20,nov,168,1,-1,0,unknown,no,2027-01-14 05:00:00
27,technician,single,secondary,no,648,yes,no,unknown,28,may,198,3,-1,0,unknown,no,2027-01-14 06:00:00
29,admin.,single,secondary,no,132,no,no,unknown,23,may,314,3,-1,0,unknown,no,2027-01-14 07:00:00
62,retired,married,secondary,no,3114,no,no,cellular,18,may,243,2,186,1,success,yes,2027-01-14 08:00:00
43,admin.,married,secondary,no,372,yes,no,unknown,27,may,162,1,-1,0,unknown,no,2027-01-14 09:00:00
31,blue-collar,married,secondary,no,8,yes,no,cellular,8,may,98,2,170,1,failure,no,2027-01-14 10:00:00
43,blue-collar,married,primary,no,238,yes,yes,cellular,12,may,178,1,-1,0,unknown,no,2027-01-14 11:00:00
36,management,single,tertiary,no,1129,yes,no,telephone,13,may,444,1,-1,0,unknown,no,2027-01-14 12:00:00
56,self-employed,married,primary,no,-34,yes,yes,unknown,5,may,212,2,-1,0,unknown,no,2027-01-14 13:00:00
50,technician,divorced,unknown,no,2794,no,no,cellular,13,nov,350,5,93,2,success,no,2027-01-14 14:00:00
45,services,divorced,secondary,no,138,no,no,telephone,24,jul,279,11,-1,0,unknown,no,2027-01-14 15:00:00
48,entrepreneur,married,secondary,no,568,no,no,unknown,11,jun,148,4,-1,0,unknown,no,2027-01-14 16:00:00
47,admin.,married,secondary,no,1195,no,no,unknown,19,jun,451,1,-1,0,unknown,no,2027-01-14 17:00:00
44,blue-collar,married,secondary,no,72,yes,no,unknown,29,may,456,1,-1,0,unknown,no,2027-01-14 18:00:00
34,entrepreneur,married,tertiary,no,145,yes,yes,cellular,18,jul,127,10,-1,0,unknown,no,2027-01-14 19:00:00
47,blue-collar,married,secondary,no,310,yes,no,cellular,29,jul,145,3,-1,0,unknown,no,2027-01-14 20:00:00
58,technician,married,secondary,no,2073,no,no,unknown,2,jun,393,3,-1,0,unknown,no,2027-01-14 21:00:00
30,technician,single,secondary,no,1625,yes,no,cellular,25,jul,90,3,-1,0,unknown,no,2027-01-14 22:00:00
54,blue-collar,divorced,unknown,no,-473,yes,no,cellular,14,may,239,1,351,2,failure,no,2027-01-14 23:00:00
32,blue-collar,married,secondary,no,180,yes,no,cellular,14,apr,179,1,334,1,other,no,2027-01-15 00:00:00
53,entrepreneur,married,secondary,no,0,no,no,cellular,29,aug,88,3,-1,0,unknown,no,2027-01-15 01:00:00
57,blue-collar,married,secondary,no,1412,yes,no,cellular,9,apr,89,1,330,1,failure,no,2027-01-15 02:00:00
31,blue-collar,married,secondary,no,664,yes,yes,unknown,21,may,987,3,-1,0,unknown,no,2027-01-15 03:00:00
26,management,divorced,tertiary,no,667,no,no,telephone,19,jun,177,2,-1,0,unknown,no,2027-01-15 04:00:00
34,management,married,tertiary,no,0,no,no,cellular,15,apr,125,2,-1,0,unknown,no,2027-01-15 05:00:00
39,housemaid,married,secondary,no,315,yes,no,cellular,31,jul,90,13,-1,0,unknown,no,2027-01-15 06:00:00
27,housemaid,married,primary,no,3,yes,yes,cellular,30,jul,64,4,-1,0,unknown,no,2027-01-15 07:00:00
34,blue-collar,married,tertiary,no,17672,no,no,cellular,20,nov,548,1,-1,0,unknown,no,2027-01-15 08:00:00
48,self-employed,married,tertiary,no,929,no,no,cellular,29,jan,223,1,-1,0,unknown,no,2027-01-15 09:00:00
22,blue-collar,single,secondary,no,-51,yes,no,cellular,15,may,859,1,-1,0,unknown,yes,2027-01-15 10:00:00
32,technician,married,secondary,no,1011,no,no,cellular,28,aug,56,10,-1,0,unknown,no,2027-01-15 11:00:00
33,management,single,tertiary,no,-67,yes,no,unknown,5,may,364,1,-1,0,unknown,no,2027-01-15 12:00:00
45,management,married,secondary,no,5888,yes,no,unknown,26,may,45,5,-1,0,unknown,no,2027-01-15 13:00:00
55,blue-collar,married,primary,no,-317,yes,no,unknown,28,may,152,1,-1,0,unknown,no,2027-01-15 14:00:00
65,retired,married,tertiary,no,1153,no,no,cellular,3,feb,224,1,-1,0,unknown,no,2027-01-15 15:00:00
48,blue-collar,married,primary,no,1678,no,no,cellular,28,jan,263,2,-1,0,unknown,no,2027-01-15 16:00:00
56,entrepreneur,married,tertiary,no,51439,no,yes,cellular,8,jul,325,1,-1,0,unknown,no,2027-01-15 17:00:00
39,housemaid,married,primary,no,13338,no,no,cellular,11,aug,103,4,-1,0,unknown,no,2027-01-15 18:00:00
47,management,divorced,tertiary,no,313,yes,no,unknown,6,jun,114,7,-1,0,unknown,no,2027-01-15 19:00:00
40,admin.,married,secondary,no,149,yes,no,cellular,11,jul,159,1,-1,0,unknown,no,2027-01-15 20:00:00
37,housemaid,married,primary,no,0,no,yes,telephone,15,jul,265,4,-1,0,unknown,no,2027-01-15 21:00:00
23,student,single,secondary,no,780,no,no,cellular,16,sep,267,1,-1,0,unknown,no,2027-01-15 22:00:00
46,management,divorced,tertiary,no,3,yes,yes,cellular,5,aug,328,1,-1,0,unknown,no,2027-01-15 23:00:00
38,blue-collar,single,secondary,no,519,yes,yes,unknown,18,jun,13,14,-1,0,unknown,no,2027-01-16 00:00:00
42,management,married,secondary,no,43,yes,no,unknown,14,may,735,8,-1,0,unknown,no,2027-01-16 01:00:00
33,blue-collar,married,primary,no,511,yes,no,unknown,21,may,304,2,-1,0,unknown,no,2027-01-16 02:00:00
43,management,married,tertiary,no,724,yes,no,unknown,29,may,138,1,-1,0,unknown,no,2027-01-16 03:00:00
45,admin.,married,secondary,no,142,yes,yes,unknown,29,may,110,3,-1,0,unknown,no,2027-01-16 04:00:00
48,management,married,tertiary,no,571,yes,yes,cellular,19,nov,77,2,-1,0,unknown,no,2027-01-16 05:00:00
43,self-employed,married,secondary,no,5704,yes,no,cellular,20,nov,154,3,106,2,failure,no,2027-01-16 06:00:00
37,admin.,married,secondary,no,525,yes,no,unknown,23,may,425,1,-1,0,unknown,no,2027-01-16 07:00:00
35,management,married,tertiary,no,2717,no,no,cellular,13,aug,394,6,-1,0,unknown,yes,2027-01-16 08:00:00
56,blue-collar,married,primary,no,-116,yes,no,cellular,8,may,1014,2,-1,0,unknown,no,2027-01-16 09:00:00
36,housemaid,married,secondary,no,0,no,yes,telephone,15,jul,571,3,-1,0,unknown,no,2027-01-16 10:00:00
39,admin.,married,secondary,no,1388,yes,no,cellular,15,jul,150,5,-1,0,unknown,no,2027-01-16 11:00:00
47,blue-collar,married,primary,no,1236,no,no,cellular,28,jan,163,1,-1,0,unknown,no,2027-01-16 12:00:00
37,entrepreneur,married,tertiary,no,1110,yes,no,unknown,21,may,189,2,-1,0,unknown,no,2027-01-16 13:00:00
62,retired,married,secondary,no,816,no,no,cellular,1,sep,28,2,-1,0,unknown,no,2027-01-16 14:00:00
43,housemaid,married,primary,no,18,yes,yes,unknown,15,may,192,3,-1,0,unknown,no,2027-01-16 15:00:00
33,student,single,unknown,no,5969,no,no,cellular,30,apr,110,1,83,7,failure,no,2027-01-16 16:00:00
35,admin.,single,secondary,no,10,no,yes,cellular,12,may,357,1,175,4,failure,no,2027-01-16 17:00:00
32,services,married,secondary,no,21,no,no,unknown,6,jun,144,15,-1,0,unknown,no,2027-01-16 18:00:00
39,entrepreneur,single,unknown,no,879,yes,yes,cellular,2,feb,99,1,-1,0,unknown,no,2027-01-16 19:00:00
32,blue-collar,married,secondary,no,5164,no,no,cellular,21,nov,253,1,-1,0,unknown,no,2027-01-16 20:00:00
46,housemaid,married,primary,no,238,no,yes,cellular,18,jul,85,2,-1,0,unknown,no,2027-01-16 21:00:00
55,services,married,secondary,no,76,no,no,cellular,5,aug,356,1,-1,0,unknown,no,2027-01-16 22:00:00
40,management,divorced,tertiary,no,37,yes,no,unknown,16,may,412,1,-1,0,unknown,no,2027-01-16 23:00:00
51,entrepreneur,married,tertiary,no,6659,yes,yes,cellular,20,nov,191,2,189,1,failure,no,2027-01-17 00:00:00
29,entrepreneur,married,tertiary,no,3037,yes,no,unknown,27,may,34,3,-1,0,unknown,no,2027-01-17 01:00:00
36,management,married,unknown,no,-35,yes,yes,unknown,21,may,17,2,-1,0,unknown,no,2027-01-17 02:00:00
40,services,married,secondary,no,574,yes,no,unknown,15,may,68,3,-1,0,unknown,no,2027-01-17 03:00:00
33,housemaid,married,primary,no,1,yes,no,cellular,8,jul,135,1,-1,0,unknown,no,2027-01-17 04:00:00
32,blue-collar,single,secondary,no,-83,yes,no,unknown,9,may,116,3,-1,0,unknown,no,2027-01-17 05:00:00
36,management,married,tertiary,no,6,yes,no,cellular,18,aug,166,3,-1,0,unknown,no,2027-01-17 06:00:00
38,services,married,primary,yes,1,yes,no,cellular,17,jul,169,7,-1,0,unknown,no,2027-01-17 07:00:00
45,technician,single,secondary,no,52,no,yes,unknown,2,jul,79,3,-1,0,unknown,no,2027-01-17 08:00:00
47,management,married,secondary,no,1077,no,no,cellular,31,jul,367,4,-1,0,unknown,no,2027-01-17 09:00:00
53,housemaid,married,primary,no,2581,no,no,cellular,15,apr,99,1,-1,0,unknown,no,2027-01-17 10:00:00
35,unemployed,married,secondary,no,194,yes,no,cellular,12,may,192,3,-1,0,unknown,no,2027-01-17 11:00:00
34,self-employed,married,tertiary,no,97,yes,no,cellular,28,jul,102,6,-1,0,unknown,no,2027-01-17 12:00:00
26,management,single,tertiary,no,1027,no,no,cellular,23,sep,744,1,-1,0,unknown,yes,2027-01-17 13:00:00
53,services,married,primary,no,8918,yes,no,telephone,23,jul,173,2,-1,0,unknown,no,2027-01-17 14:00:00
44,technician,single,secondary,no,-27,yes,yes,unknown,14,may,100,3,-1,0,unknown,no,2027-01-17 15:00:00
33,blue-collar,single,secondary,no,-14,yes,no,cellular,14,may,223,2,-1,0,unknown,no,2027-01-17 16:00:00
34,blue-collar,married,primary,no,3986,yes,no,cellular,17,apr,345,2,-1,0,unknown,no,2027-01-17 17:00:00
39,management,married,tertiary,no,2810,no,no,unknown,9,jun,77,1,-1,0,unknown,no,2027-01-17 18:00:00
33,technician,married,secondary,no,2147,no,no,cellular,7,sep,669,1,94,1,other,no,2027-01-17 19:00:00
45,blue-collar,married,secondary,no,2718,yes,no,cellular,24,jul,304,2,-1,0,unknown,no,2027-01-17 20:00:00
40,technician,married,secondary,no,504,yes,no,cellular,2,feb,96,1,266,1,failure,no,2027-01-17 21:00:00
53,technician,married,tertiary,no,2557,no,no,cellular,29,jul,95,4,182,7,success,no,2027-01-17 22:00:00
53,self-employed,married,tertiary,no,290,no,yes,cellular,24,jul,303,3,-1,0,unknown,no,2027-01-17 23:00:00
30,management,married,tertiary,no,42,no,no,cellular,25,aug,115,6,-1,0,unknown,no,2027-01-18 00:00:00
56,retired,divorced,primary,no,-154,yes,no,unknown,27,may,127,1,-1,0,unknown,no,2027-01-18 01:00:00
28,self-employed,single,secondary,no,68,no,no,cellular,30,apr,157,1,-1,0,unknown,no,2027-01-18 02:00:00
51,services,married,tertiary,no,218,yes,no,cellular,7,may,154,3,363,2,failure,no,2027-01-18 03:00:00
36,technician,divorced,secondary,no,-435,yes,no,unknown,2,jun,85,8,-1,0,unknown,no,2027-01-18 04:00:00
39,blue-collar,married,secondary,no,1045,yes,yes,cellular,9,jul,290,13,-1,0,unknown,no,2027-01-18 05:00:00
55,self-employed,married,secondary,yes,0,no,no,cellular,26,aug,172,5,-1,0,unknown,no,2027-01-18 06:00:00
42,blue-collar,divorced,secondary,no,1118,yes,no,cellular,17,apr,620,1,-1,0,unknown,no,2027-01-18 07:00:00
27,blue-collar,single,primary,no,232,yes,no,cellular,26,oct,701,2,-1,0,unknown,yes,2027-01-18 08:00:00
32,technician,married,secondary,no,0,no,no,cellular,21,aug,120,3,-1,0,unknown,no,2027-01-18 09:00:00
67,self-employed,married,tertiary,no,1979,no,no,cellular,10,sep,105,2,-1,0,unknown,no,2027-01-18 10:00:00
30,management,married,tertiary,no,527,yes,yes,unknown,21,may,265,1,-1,0,unknown,no,2027-01-18 11:00:00
26,management,married,tertiary,no,52,no,yes,telephone,12,nov,238,1,-1,0,unknown,no,2027-01-18 12:00:00
78,retired,married,unknown,no,4807,no,no,telephone,22,oct,1002,4,-1,0,unknown,yes,2027-01-18 13:00:00
37,blue-collar,married,secondary,no,489,yes,no,unknown,2,jun,24,1,-1,0,unknown,no,2027-01-18 14:00:00
35,management,divorced,tertiary,no,2885,no,no,cellular,13,aug,199,3,43,8,other,yes,2027-01-18 15:00:00
35,admin.,single,tertiary,no,5007,yes,no,cellular,11,nov,133,1,90,3,failure,no,2027-01-18 16:00:00
39,management,married,tertiary,no,0,yes,yes,cellular,17,jul,301,1,-1,0,unknown,no,2027-01-18 17:00:00
49,management,divorced,tertiary,no,1405,no,no,unknown,8,jun,29,1,-1,0,unknown,no,2027-01-18 18:00:00
42,management,married,secondary,no,-32,yes,no,unknown,13,may,77,1,-1,0,unknown,no,2027-01-18 19:00:00
30,services,married,primary,no,997,yes,no,cellular,28,jul,76,3,-1,0,unknown,no,2027-01-18 20:00:00
31,blue-collar,single,secondary,no,-4,yes,no,cellular,15,may,110,1,-1,0,unknown,no,2027-01-18 21:00:00
38,services,married,secondary,no,2669,yes,no,cellular,20,apr,208,2,-1,0,unknown,no,2027-01-18 22:00:00
32,technician,married,secondary,no,791,yes,no,unknown,21,may,783,2,-1,0,unknown,yes,2027-01-18 23:00:00
30,technician,single,secondary,no,102,yes,no,unknown,7,may,614,2,-1,0,unknown,no,2027-01-19 00:00:00
37,admin.,married,primary,no,242,yes,no,unknown,8,may,161,8,-1,0,unknown,no,2027-01-19 01:00:00
34,management,married,tertiary,no,1703,yes,no,cellular,22,jul,153,5,-1,0,unknown,no,2027-01-19 02:00:00
49,blue-collar,married,primary,no,1644,yes,no,cellular,25,jul,238,4,-1,0,unknown,no,2027-01-19 03:00:00
26,student,single,primary,no,114,yes,no,cellular,14,may,226,2,-1,0,unknown,no,2027-01-19 04:00:00
32,technician,married,secondary,no,999,no,no,cellular,11,aug,382,3,-1,0,unknown,no,2027-01-19 05:00:00
36,management,divorced,tertiary,no,803,yes,no,cellular,11,may,143,4,-1,0,unknown,no,2027-01-19 06:00:00
30,management,single,tertiary,no,13,no,no,cellular,15,jul,21,3,-1,0,unknown,no,2027-01-19 07:00:00
34,management,single,tertiary,no,0,yes,no,unknown,21,may,311,1,-1,0,unknown,no,2027-01-19 08:00:00
50,admin.,single,secondary,no,3702,no,no,cellular,16,oct,109,5,-1,0,unknown,no,2027-01-19 09:00:00
51,housemaid,married,primary,no,3073,no,no,unknown,12,jun,410,1,-1,0,unknown,no,2027-01-19 10:00:00
49,technician,divorced,secondary,no,972,no,no,cellular,25,may,613,2,-1,0,unknown,no,2027-01-19 11:00:00
31,self-employed,single,tertiary,no,144,yes,no,unknown,16,may,676,1,-1,0,unknown,yes,2027-01-19 12:00:00
38,technician,single,secondary,no,8381,no,no,cellular,21,nov,98,1,-1,0,unknown,no,2027-01-19 13:00:00
47,services,married,secondary,no,2,no,no,cellular,24,jul,237,2,-1,0,unknown,no,2027-01-19 14:00:00
36,management,married,tertiary,no,1100,yes,no,cellular,18,nov,93,1,-1,0,unknown,no,2027-01-19 15:00:00
55,blue-collar,married,secondary,no,16873,no,no,cellular,1,jun,78,2,-1,0,unknown,no,2027-01-19 16:00:00
30,technician,married,tertiary,no,81,no,no,cellular,28,aug,51,1,-1,0,unknown,no,2027-01-19 17:00:00
48,blue-collar,single,secondary,no,8982,yes,no,unknown,14,may,628,1,-1,0,unknown,no,2027-01-19 18:00:00
30,admin.,married,secondary,no,457,yes,no,unknown,3,jun,384,5,-1,0,unknown,no,2027-01-19 19:00:00
28,student,married,secondary,no,704,yes,yes,cellular,14,may,171,3,-1,0,unknown,no,2027-01-19 20:00:00
57,blue-collar,married,secondary,no,1316,no,no,cellular,28,jan,221,2,182,5,failure,no,2027-01-19 21:00:00
34,technician,single,secondary,no,1259,yes,no,cellular,18,nov,121,1,-1,0,unknown,no,2027-01-19 22:00:00
39,blue-collar,married,secondary,no,860,yes,no,cellular,8,may,312,1,-1,0,unknown,no,2027-01-19 23:00:00
33,admin.,married,secondary,no,855,no,no,cellular,15,apr,110,1,-1,0,unknown,yes,2027-01-20 00:00:00
51,technician,married,secondary,no,-1944,yes,no,cellular,7,may,623,1,-1,0,unknown,yes,2027-01-20 01:00:00
56,management,married,tertiary,no,363,no,no,cellular,2,feb,49,1,-1,0,unknown,no,2027-01-20 02:00:00
36,technician,married,tertiary,no,629,yes,yes,cellular,29,dec,109,1,246,1,failure,no,2027-01-20 03:00:00
55,technician,married,secondary,no,1004,yes,yes,unknown,27,may,224,1,-1,0,unknown,no,2027-01-20 04:00:00
44,admin.,divorced,secondary,no,776,yes,no,unknown,3,jun,150,1,-1,0,unknown,no,2027-01-20 05:00:00
37,services,single,secondary,no,50,no,no,cellular,19,nov,244,1,154,8,other,no,2027-01-20 06:00:00
31,technician,single,tertiary,no,6,no,no,cellular,8,aug,243,2,-1,0,unknown,no,2027-01-20 07:00:00
39,management,single,tertiary,no,968,yes,no,cellular,7,may,59,1,258,6,failure,no,2027-01-20 08:00:00
40,entrepreneur,married,secondary,no,6403,no,no,cellular,22,sep,208,2,-1,0,unknown,yes,2027-01-20 09:00:00
30,technician,single,secondary,no,58,yes,no,cellular,8,aug,116,2,-1,0,unknown,no,2027-01-20 10:00:00
40,blue-collar,married,primary,no,-322,yes,yes,unknown,6,may,144,1,-1,0,unknown,no,2027-01-20 11:00:00
37,management,divorced,tertiary,yes,-1,yes,yes,cellular,7,may,101,1,349,1,failure,no,2027-01-20 12:00:00
40,technician,married,secondary,no,697,no,no,cellular,24,jun,220,2,219,2,other,no,2027-01-20 13:00:00
32,blue-collar,divorced,secondary,no,0,no,no,telephone,9,jul,49,1,-1,0,unknown,no,2027-01-20 14:00:00
34,admin.,single,secondary,no,598,yes,no,cellular,17,apr,365,1,324,1,failure,no,2027-01-20 15:00:00
40,technician,married,tertiary,no,1293,no,no,cellular,16,sep,1702,3,105,2,success,yes,2027-01-20 16:00:00
30,admin.,single,secondary,no,939,yes,no,cellular,17,apr,207,1,-1,0,unknown,no,2027-01-20 17:00:00
34,management,single,tertiary,no,72,yes,no,unknown,26,may,118,2,-1,0,unknown,no,2027-01-20 18:00:00
33,management,single,tertiary,no,0,yes,no,cellular,8,jul,454,1,-1,0,unknown,no,2027-01-20 19:00:00
38,unemployed,single,secondary,no,223,yes,no,cellular,30,jul,698,4,-1,0,unknown,no,2027-01-20 20:00:00
49,blue-collar,married,primary,no,397,no,no,cellular,22,aug,263,1,-1,0,unknown,no,2027-01-20 21:00:00
60,blue-collar,married,primary,no,7929,no,no,unknown,1,apr,111,1,-1,0,unknown,yes,2027-01-20 22:00:00
59,housemaid,married,primary,no,1071,no,no,unknown,19,jun,140,1,-1,0,unknown,no,2027-01-20 23:00:00
61,housemaid,married,primary,no,182,no,no,cellular,9,nov,335,1,92,13,failure,no,2027-01-21 00:00:00
31,technician,single,secondary,no,826,yes,no,cellular,12,aug,246,2,-1,0,unknown,no,2027-01-21 01:00:00
34,technician,married,secondary,no,1057,no,yes,cellular,27,aug,176,10,-1,0,unknown,no,2027-01-21 02:00:00
42,technician,married,secondary,no,-470,yes,yes,cellular,23,jul,185,10,-1,0,unknown,no,2027-01-21 03:00:00
32,blue-collar,single,primary,no,354,no,no,cellular,4,feb,239,1,196,8,failure,no,2027-01-21 04:00:00
41,blue-collar,married,primary,no,191,yes,no,unknown,8,may,67,1,-1,0,unknown,no,2027-01-21 05:00:00
38,technician,married,secondary,no,0,no,no,unknown,7,may,55,1,-1,0,unknown,no,2027-01-21 06:00:00
25,entrepreneur,married,tertiary,no,37,yes,yes,unknown,8,may,453,2,-1,0,unknown,no,2027-01-21 07:00:00
32,unemployed,single,secondary,no,8304,no,no,cellular,2,aug,486,1,286,2,failure,no,2027-01-21 08:00:00
31,blue-collar,married,primary,no,99,yes,no,cellular,17,apr,193,2,322,1,other,no,2027-01-21 09:00:00
32,admin.,single,tertiary,no,-59,no,yes,unknown,4,jul,192,1,-1,0,unknown,no,2027-01-21 10:00:00
39,management,married,tertiary,no,1301,no,no,cellular,13,aug,233,1,-1,0,unknown,no,2027-01-21 11:00:00
29,student,single,secondary,no,872,yes,no,unknown,7,may,230,1,-1,0,unknown,no,2027-01-21 12:00:00
46,entrepreneur,married,secondary,no,212,yes,no,cellular,5,may,332,1,-1,0,unknown,no,2027-01-21 13:00:00
30,management,single,tertiary,no,171,no,no,cellular,25,aug,301,4,-1,0,unknown,no,2027-01-21 14:00:00
34,blue-collar,married,unknown,no,41,yes,no,cellular,6,may,34,9,-1,0,unknown,no,2027-01-21 15:00:00
56,blue-collar,married,primary,yes,-160,no,no,cellular,9,jul,96,2,-1,0,unknown,no,2027-01-21 16:00:00
28,technician,single,secondary,no,527,yes,no,cellular,29,jan,161,2,265,1,failure,no,2027-01-21 17:00:00
43,management,divorced,tertiary,no,-132,yes,yes,cellular,7,jul,532,2,-1,0,unknown,no,2027-01-21 18:00:00
35,management,divorced,tertiary,no,1723,yes,no,cellular,25,jul,862,1,-1,0,unknown,yes,2027-01-21 19:00:00
32,management,married,tertiary,no,0,no,no,cellular,29,aug,183,2,-1,0,unknown,no,2027-01-21 20:00:00
42,technician,single,tertiary,no,2625,no,no,cellular,29,jul,2516,2,-1,0,unknown,yes,2027-01-21 21:00:00
34,admin.,married,tertiary,no,35,yes,no,cellular,15,oct,76,1,69,2,failure,no,2027-01-21 22:00:00
54,blue-collar,married,secondary,no,10,yes,no,cellular,18,aug,195,4,-1,0,unknown,no,2027-01-21 23:00:00
45,blue-collar,married,primary,no,803,yes,no,cellular,4,may,742,4,-1,0,unknown,yes,2027-01-22 00:00:00
36,admin.,married,secondary,no,998,yes,no,unknown,14,may,1044,2,-1,0,unknown,no,2027-01-22 01:00:00
33,management,single,tertiary,no,191,no,yes,cellular,3,feb,678,4,209,1,failure,no,2027-01-22 02:00:00
78,housemaid,married,secondary,no,499,no,no,telephone,16,mar,80,4,-1,0,unknown,no,2027-01-22 03:00:00
39,blue-collar,married,primary,no,1004,yes,no,cellular,13,may,364,2,-1,0,unknown,no,2027-01-22 04:00:00
60,retired,divorced,tertiary,no,439,no,yes,cellular,25,may,464,1,321,1,failure,yes,2027-01-22 05:00:00
57,admin.,divorced,secondary,no,-461,yes,yes,unknown,4,jun,145,8,-1,0,unknown,no,2027-01-22 06:00:00
53,housemaid,married,secondary,no,1060,no,no,unknown,17,jun,107,4,-1,0,unknown,no,2027-01-22 07:00:00
35,technician,single,secondary,no,0,no,no,cellular,26,aug,259,2,-1,0,unknown,no,2027-01-22 08:00:00
34,technician,married,tertiary,no,31,no,no,unknown,24,feb,108,1,-1,0,unknown,no,2027-01-22 09:00:00
33,technician,married,secondary,no,399,yes,no,cellular,7,may,143,1,-1,0,unknown,no,2027-01-22 10:00:00
28,services,single,secondary,no,0,no,yes,cellular,16,jul,133,1,-1,0,unknown,no,2027-01-22 11:00:00
52,admin.,married,secondary,no,146,yes,yes,cellular,13,may,108,1,-1,0,unknown,no,2027-01-22 12:00:00
34,technician,married,secondary,no,1012,yes,yes,telephone,28,oct,540,1,-1,0,unknown,yes,2027-01-22 13:00:00
42,technician,single,tertiary,no,2157,yes,yes,unknown,15,may,260,1,-1,0,unknown,no,2027-01-22 14:00:00
57,management,divorced,unknown,no,854,no,no,cellular,27,aug,700,4,92,1,failure,yes,2027-01-22 15:00:00
59,retired,married,secondary,no,385,no,yes,telephone,14,aug,365,2,-1,0,unknown,no,2027-01-22 16:00:00
30,services,single,secondary,no,177,yes,no,cellular,18,may,187,4,356,2,other,no,2027-01-22 17:00:00
21,unemployed,single,secondary,no,280,no,no,cellular,11,aug,280,2,-1,0,unknown,no,2027-01-22 18:00:00
50,self-employed,married,secondary,no,5312,no,no,cellular,23,jul,106,3,-1,0,unknown,no,2027-01-22 19:00:00
38,technician,married,tertiary,no,1997,yes,no,cellular,6,apr,90,10,-1,0,unknown,no,2027-01-22 20:00:00
39,admin.,single,secondary,no,720,yes,no,telephone,18,nov,47,3,-1,0,unknown,no,2027-01-22 21:00:00
30,admin.,single,secondary,no,1450,yes,no,cellular,18,may,298,1,355,1,failure,no,2027-01-22 22:00:00
32,technician,single,tertiary,no,34646,no,no,telephone,13,aug,618,9,-1,0,unknown,yes,2027-01-22 23:00:00
29,blue-collar,single,unknown,no,694,yes,yes,cellular,16,jul,1806,4,-1,0,unknown,yes,2027-01-23 00:00:00
40,management,divorced,tertiary,no,-75,yes,no,cellular,18,may,193,2,-1,0,unknown,no,2027-01-23 01:00:00
41,admin.,divorced,secondary,no,1967,yes,no,cellular,18,may,115,1,341,1,failure,no,2027-01-23 02:00:00
39,blue-collar,divorced,primary,no,1317,yes,no,cellular,20,nov,543,1,170,4,other,yes,2027-01-23 03:00:00
39,blue-collar,single,primary,no,-21,no,no,unknown,15,may,121,3,-1,0,unknown,no,2027-01-23 04:00:00
29,management,married,tertiary,no,314,yes,no,cellular,29,jan,159,1,-1,0,unknown,no,2027-01-23 05:00:00
26,services,single,secondary,no,256,yes,no,cellular,4,may,101,2,-1,0,unknown,no,2027-01-23 06:00:00
39,management,married,tertiary,no,24,no,no,cellular,1,oct,199,1,-1,0,unknown,no,2027-01-23 07:00:00
47,housemaid,married,secondary,no,3940,yes,no,cellular,5,aug,226,3,97,2,failure,yes,2027-01-23 08:00:00
48,blue-collar,married,primary,no,583,no,no,cellular,18,aug,260,8,-1,0,unknown,no,2027-01-23 09:00:00
59,unemployed,married,secondary,no,0,no,no,cellular,11,mar,74,1,-1,0,unknown,no,2027-01-23 10:00:00
42,blue-collar,married,secondary,yes,-204,yes,no,cellular,11,may,34,1,361,7,failure,no,2027-01-23 11:00:00
23,student,single,secondary,no,2530,yes,no,cellular,18,may,194,3,364,3,other,no,2027-01-23 12:00:00
31,management,married,secondary,no,-453,yes,yes,cellular,17,jul,157,1,-1,0,unknown,no,2027-01-23 13:00:00
32,technician,single,secondary,no,1210,yes,yes,unknown,28,may,267,4,-1,0,unknown,no,2027-01-23 14:00:00
55,admin.,divorced,secondary,no,1872,no,no,cellular,27,may,76,3,103,5,success,no,2027-01-23 15:00:00
32,blue-collar,married,secondary,no,419,yes,no,cellular,20,apr,122,3,325,2,failure,no,2027-01-23 16:00:00
35,management,single,tertiary,no,1350,yes,no,cellular,16,apr,185,1,330,1,failure,no,2027-01-23 17:00:00
27,technician,single,secondary,no,-437,no,no,cellular,4,feb,352,1,216,2,other,no,2027-01-23 18:00:00
32,technician,single,secondary,no,1279,yes,no,unknown,3,jun,1173,3,-1,0,unknown,yes,2027-01-23 19:00:00
46,blue-collar,married,primary,no,9083,yes,no,cellular,8,may,389,1,-1,0,unknown,no,2027-01-23 20:00:00
29,student,single,secondary,no,1377,yes,no,cellular,3,aug,248,1,446,2,success,yes,2027-01-23 21:00:00
54,technician,married,secondary,no,114,no,no,cellular,30,jul,458,3,-1,0,unknown,yes,2027-01-23 22:00:00
25,blue-collar,single,secondary,no,330,yes,no,unknown,4,jun,605,1,-1,0,unknown,no,2027-01-23 23:00:00
39,blue-collar,married,tertiary,no,597,no,no,cellular,16,jul,686,6,-1,0,unknown,yes,2027-01-24 00:00:00
46,management,single,secondary,yes,177,no,no,cellular,18,nov,437,1,-1,0,unknown,no,2027-01-24 01:00:00
58,blue-collar,married,primary,no,0,yes,no,unknown,19,jun,573,1,-1,0,unknown,no,2027-01-24 02:00:00
51,management,single,tertiary,no,297,yes,no,cellular,15,may,415,4,375,1,failure,yes,2027-01-24 03:00:00
52,technician,married,secondary,no,371,yes,yes,cellular,21,oct,453,1,183,3,success,yes,2027-01-24 04:00:00
31,blue-collar,married,secondary,no,212,yes,yes,cellular,17,jul,143,2,-1,0,unknown,no,2027-01-24 05:00:00
44,technician,divorced,secondary,no,0,no,no,cellular,28,jul,264,5,-1,0,unknown,no,2027-01-24 06:00:00
44,management,single,secondary,no,-228,yes,yes,cellular,13,may,38,1,362,2,failure,no,2027-01-24 07:00:00
35,technician,single,secondary,no,634,yes,no,cellular,29,aug,122,2,-1,0,unknown,no,2027-01-24 08:00:00
52,self-employed,divorced,secondary,no,1291,yes,no,cellular,19,nov,559,1,169,2,failure,no,2027-01-24 09:00:00
56,entrepreneur,married,secondary,no,938,no,yes,unknown,3,jul,202,2,-1,0,unknown,no,2027-01-24 10:00:00
34,blue-collar,married,secondary,no,175,yes,no,cellular,14,may,50,2,364,2,failure,no,2027-01-24 11:00:00
32,management,single,tertiary,no,11797,yes,no,cellular,11,aug,95,2,-1,0,unknown,no,2027-01-24 12:00:00
33,self-employed,married,tertiary,no,1676,yes,no,cellular,12,mar,102,2,184,2,failure,no,2027-01-24 13:00:00
48,management,married,tertiary,no,1093,yes,yes,cellular,13,oct,1226,2,-1,0,unknown,yes,2027-01-24 14:00:00
30,blue-collar,single,primary,no,459,yes,no,cellular,17,apr,439,1,-1,0,unknown,no,2027-01-24 15:00:00
48,entrepreneur,married,tertiary,no,981,yes,no,unknown,15,may,995,2,-1,0,unknown,no,2027-01-24 16:00:00
31,blue-collar,married,primary,no,576,yes,yes,unknown,3,jun,230,3,-1,0,unknown,no,2027-01-24 17:00:00
34,blue-collar,married,secondary,no,1682,yes,yes,cellular,28,jul,123,3,-1,0,unknown,no,2027-01-24 18:00:00
48,services,married,secondary,no,2409,yes,no,cellular,24,jul,533,2,-1,0,unknown,no,2027-01-24 19:00:00
52,admin.,divorced,secondary,no,1256,yes,no,cellular,1,apr,498,3,-1,0,unknown,no,2027-01-24 20:00:00
51,admin.,single,secondary,no,726,yes,no,cellular,27,apr,89,8,-1,0,unknown,yes,2027-01-24 21:00:00
60,retired,married,primary,no,414,no,no,unknown,8,may,395,1,-1,0,unknown,no,2027-01-24 22:00:00
53,blue-collar,married,secondary,no,-76,no,no,cellular,29,jan,173,1,164,4,other,no,2027-01-24 23:00:00
37,management,married,tertiary,no,413,no,no,cellular,16,oct,138,2,-1,0,unknown,no,2027-01-25 00:00:00
36,management,single,tertiary,no,515,yes,no,cellular,21,nov,14,7,-1,0,unknown,no,2027-01-25 01:00:00
35,management,single,tertiary,no,362,no,no,cellular,27,aug,256,4,-1,0,unknown,no,2027-01-25 02:00:00
33,management,divorced,tertiary,no,2240,no,no,cellular,3,jun,198,1,-1,0,unknown,yes,2027-01-25 03:00:00
33,management,married,tertiary,no,9725,yes,no,unknown,26,may,131,4,-1,0,unknown,no,2027-01-25 04:00:00
39,management,divorced,tertiary,no,1315,yes,no,cellular,16,jul,885,1,-1,0,unknown,no,2027-01-25 05:00:00
36,admin.,single,unknown,no,-69,yes,no,unknown,27,may,90,2,-1,0,unknown,no,2027-01-25 06:00:00
48,technician,married,tertiary,no,0,no,no,telephone,26,aug,176,15,-1,0,unknown,no,2027-01-25 07:00:00
56,retired,married,secondary,no,307,no,yes,cellular,8,jul,175,1,-1,0,unknown,no,2027-01-25 08:00:00
37,technician,divorced,secondary,no,-230,yes,yes,unknown,28,may,224,2,-1,0,unknown,no,2027-01-25 09:00:00
42,admin.,married,tertiary,no,1536,no,no,cellular,5,feb,132,1,182,3,success,no,2027-01-25 10:00:00
45,technician,married,secondary,no,3007,no,no,unknown,11,jun,442,1,-1,0,unknown,no,2027-01-25 11:00:00
41,technician,single,secondary,no,2300,no,no,cellular,8,aug,160,6,-1,0,unknown,no,2027-01-25 12:00:00
59,technician,married,primary,no,309,no,yes,cellular,29,jul,25,5,-1,0,unknown,no,2027-01-25 13:00:00
49,blue-collar,married,primary,no,4134,no,no,unknown,20,jun,40,2,-1,0,unknown,no,2027-01-25 14:00:00
46,technician,married,tertiary,no,3941,yes,no,cellular,19,nov,499,1,-1,0,unknown,no,2027-01-25 15:00:00
56,blue-collar,married,secondary,no,2583,no,no,cellular,21,nov,70,1,-1,0,unknown,no,2027-01-25 16:00:00
29,admin.,married,tertiary,no,238,no,no,cellular,25,may,344,2,88,1,failure,yes,2027-01-25 17:00:00
45,services,married,secondary,no,744,yes,no,cellular,11,may,211,2,347,1,failure,no,2027-01-25 18:00:00
34,technician,married,secondary,no,0,no,no,cellular,28,aug,12,13,-1,0,unknown,no,2027-01-25 19:00:00
27,self-employed,single,tertiary,no,347,no,no,cellular,6,aug,385,4,-1,0,unknown,yes,2027-01-25 20:00:00
51,technician,divorced,unknown,no,1328,yes,no,cellular,4,feb,119,1,251,1,failure,no,2027-01-25 21:00:00
45,admin.,divorced,secondary,no,0,no,no,cellular,29,oct,264,1,-1,0,unknown,yes,2027-01-25 22:00:00
36,services,married,secondary,no,372,no,no,cellular,4,feb,94,1,-1,0,unknown,no,2027-01-25 23:00:00
34,management,married,tertiary,no,5195,no,no,cellular,21,nov,25,3,-1,0,unknown,no,2027-01-26 00:00:00
34,management,single,tertiary,no,151,yes,no,cellular,20,apr,7,4,-1,0,unknown,no,2027-01-26 01:00:00
43,management,single,tertiary,no,3872,yes,no,cellular,9,jul,225,2,-1,0,unknown,no,2027-01-26 02:00:00
56,services,divorced,secondary,no,218,yes,no,cellular,2,feb,113,2,249,2,failure,no,2027-01-26 03:00:00
23,blue-collar,single,primary,no,965,yes,no,unknown,21,may,1161,4,-1,0,unknown,no,2027-01-26 04:00:00
32,management,single,tertiary,no,697,no,no,cellular,7,aug,119,1,99,3,failure,no,2027-01-26 05:00:00
37,management,single,tertiary,no,22125,no,yes,cellular,21,nov,331,2,-1,0,unknown,yes,2027-01-26 06:00:00
35,management,single,tertiary,no,1618,yes,yes,cellular,7,may,542,1,-1,0,unknown,yes,2027-01-26 07:00:00
86,retired,married,primary,no,1255,no,no,telephone,14,jul,247,1,180,3,success,yes,2027-01-26 08:00:00
50,blue-collar,married,primary,no,604,no,no,cellular,5,aug,104,1,-1,0,unknown,no,2027-01-26 09:00:00
36,services,married,unknown,no,-19,no,yes,cellular,24,jul,185,1,-1,0,unknown,no,2027-01-26 10:00:00
40,technician,single,secondary,no,5637,yes,no,unknown,30,may,553,3,-1,0,unknown,yes,2027-01-26 11:00:00
58,blue-collar,married,primary,no,0,no,no,cellular,26,aug,168,4,-1,0,unknown,no,2027-01-26 12:00:00
45,blue-collar,married,secondary,no,146,yes,yes,cellular,6,apr,294,1,305,15,failure,no,2027-01-26 13:00:00
41,admin.,married,secondary,no,4320,yes,no,cellular,18,nov,164,1,166,2,failure,no,2027-01-26 14:00:00
35,blue-collar,married,secondary,no,1615,yes,no,cellular,7,may,1051,2,-1,0,unknown,no,2027-01-26 15:00:00
34,management,married,tertiary,no,158,no,no,cellular,9,jun,190,1,92,9,success,yes,2027-01-26 16:00:00
31,technician,single,primary,no,449,yes,no,cellular,4,feb,140,4,252,1,failure,no,2027-01-26 17:00:00
55,management,single,tertiary,no,0,no,no,cellular,30,apr,156,3,-1,0,unknown,no,2027-01-26 18:00:00
26,admin.,married,secondary,no,2469,no,no,cellular,16,jul,136,8,-1,0,unknown,no,2027-01-26 19:00:00
30,self-employed,married,secondary,no,57,no,yes,cellular,8,jul,55,2,-1,0,unknown,no,2027-01-26 20:00:00
26,services,married,secondary,no,682,yes,yes,unknown,5,jun,166,2,-1,0,unknown,no,2027-01-26 21:00:00
46,blue-collar,married,primary,no,255,no,no,cellular,22,aug,95,2,-1,0,unknown,no,2027-01-26 22:00:00
32,admin.,divorced,secondary,yes,-18,yes,no,unknown,12,may,155,3,-1,0,unknown,no,2027-01-26 23:00:00
37,admin.,divorced,tertiary,no,43,yes,no,cellular,30,jul,65,2,-1,0,unknown,no,2027-01-27 00:00:00
36,management,single,tertiary,no,4,yes,no,cellular,7,jul,529,1,61,3,success,no,2027-01-27 01:00:00
48,management,married,tertiary,no,500,yes,yes,cellular,5,feb,53,1,-1,0,unknown,no,2027-01-27 02:00:00
32,technician,single,tertiary,no,665,yes,no,cellular,21,nov,22,5,-1,0,unknown,no,2027-01-27 03:00:00
44,unemployed,married,primary,no,1617,no,no,telephone,3,feb,56,1,-1,0,unknown,no,2027-01-27 04:00:00
41,housemaid,divorced,primary,no,9059,no,no,unknown,6,jun,113,1,-1,0,unknown,no,2027-01-27 05:00:00
42,blue-collar,divorced,secondary,no,-135,yes,no,unknown,13,may,15,11,-1,0,unknown,no,2027-01-27 06:00:00
47,admin.,married,secondary,no,3070,no,no,cellular,7,aug,663,4,-1,0,unknown,yes,2027-01-27 07:00:00
76,self-employed,married,unknown,no,4984,no,no,telephone,28,apr,403,1,182,1,success,yes,2027-01-27 08:00:00
32,management,single,tertiary,no,577,no,no,cellular,7,aug,101,2,-1,0,unknown,no,2027-01-27 09:00:00
52,housemaid,divorced,primary,no,3899,no,no,unknown,9,jun,49,1,-1,0,unknown,no,2027-01-27 10:00:00
50,self-employed,married,secondary,no,0,yes,no,telephone,12,may,352,2,175,11,other,no,2027-01-27 11:00:00
55,entrepreneur,divorced,tertiary,no,372,yes,no,cellular,19,nov,225,5,-1,0,unknown,no,2027-01-27 12:00:00
47,blue-collar,married,secondary,no,1484,no,no,cellular,17,nov,297,1,119,3,failure,no,2027-01-27 13:00:00
51,management,divorced,tertiary,no,311,no,no,telephone,14,aug,122,2,-1,0,unknown,no,2027-01-27 14:00:00
34,blue-collar,married,secondary,no,237,yes,no,cellular,14,may,115,3,-1,0,unknown,no,2027-01-27 15:00:00
51,management,married,tertiary,no,-516,yes,no,cellular,18,nov,120,2,187,2,failure,no,2027-01-27 16:00:00
57,retired,married,primary,no,207,yes,no,unknown,8,may,193,1,-1,0,unknown,no,2027-01-27 17:00:00
46,unemployed,married,primary,no,641,yes,no,unknown,19,jun,201,1,-1,0,unknown,no,2027-01-27 18:00:00
28,blue-collar,single,secondary,no,2806,no,no,cellular,13,oct,285,1,120,1,other,no,2027-01-27 19:00:00
39,services,married,secondary,no,25,yes,yes,cellular,12,may,658,1,351,3,failure,yes,2027-01-27 20:00:00
52,technician,married,unknown,no,425,yes,no,cellular,28,jan,219,2,254,3,failure,no,2027-01-27 21:00:00
44,technician,married,tertiary,no,4580,yes,no,cellular,20,nov,192,2,189,2,success,no,2027-01-27 22:00:00
31,admin.,divorced,secondary,no,-186,yes,no,cellular,20,apr,21,5,-1,0,unknown,no,2027-01-27 23:00:00
26,technician,single,secondary,no,430,no,no,cellular,5,feb,450,2,-1,0,unknown,no,2027-01-28 00:00:00
34,technician,married,secondary,no,354,no,no,cellular,25,aug,358,3,-1,0,unknown,no,2027-01-28 01:00:00
30,blue-collar,single,secondary,no,1598,yes,no,cellular,10,jul,634,1,-1,0,unknown,yes,2027-01-28 02:00:00
30,unemployed,married,primary,no,1787,no,no,cellular,19,oct,79,1,-1,0,unknown,no,2027-01-28 03:00:00
53,admin.,married,secondary,no,-197,yes,yes,unknown,15,may,178,1,-1,0,unknown,no,2027-01-28 04:00:00
61,blue-collar,married,primary,no,1115,no,no,cellular,14,aug,197,4,-1,0,unknown,no,2027-01-28 05:00:00
33,blue-collar,married,tertiary,no,6138,yes,no,cellular,19,nov,384,1,183,1,failure,no,2027-01-28 06:00:00
41,housemaid,married,secondary,no,0,yes,yes,cellular,15,jul,368,4,-1,0,unknown,no,2027-01-28 07:00:00
21,blue-collar,single,secondary,no,2265,no,no,cellular,17,feb,92,2,-1,0,unknown,yes,2027-01-28 08:00:00
60,retired,divorced,secondary,no,1718,yes,no,unknown,26,may,146,6,-1,0,unknown,no,2027-01-28 09:00:00
28,management,married,tertiary,no,103,yes,no,unknown,16,may,461,2,-1,0,unknown,no,2027-01-28 10:00:00
37,management,married,secondary,no,31,no,no,cellular,21,aug,119,4,-1,0,unknown,no,2027-01-28 11:00:00
51,blue-collar,married,secondary,no,193,no,no,cellular,18,aug,146,5,-1,0,unknown,no,2027-01-28 12:00:00
29,blue-collar,single,secondary,no,244,yes,no,cellular,15,may,19,2,-1,0,unknown,no,2027-01-28 13:00:00
37,housemaid,single,tertiary,no,561,no,no,cellular,18,nov,188,1,165,2,failure,no,2027-01-28 14:00:00
42,technician,married,secondary,no,-813,yes,no,unknown,18,jun,36,4,-1,0,unknown,no,2027-01-28 15:00:00
28,blue-collar,married,primary,no,254,yes,no,cellular,20,apr,149,2,-1,0,unknown,no,2027-01-28 16:00:00
45,blue-collar,divorced,primary,no,-311,yes,no,unknown,23,may,1030,1,-1,0,unknown,yes,2027-01-28 17:00:00
45,unemployed,divorced,primary,yes,-249,yes,yes,unknown,1,jul,92,1,-1,0,unknown,no,2027-01-28 18:00:00
29,technician,single,secondary,no,309,yes,no,unknown,13,may,214,1,-1,0,unknown,no,2027-01-28 19:00:00
49,self-employed,married,secondary,no,-199,yes,yes,cellular,29,jan,385,1,-1,0,unknown,no,2027-01-28 20:00:00
47,management,divorced,secondary,no,1208,yes,no,unknown,2,jun,339,7,-1,0,unknown,no,2027-01-28 21:00:00
38,admin.,divorced,secondary,no,308,yes,no,cellular,4,feb,197,1,274,1,failure,no,2027-01-28 22:00:00
58,retired,married,primary,no,-102,yes,yes,cellular,27,aug,80,10,-1,0,unknown,no,2027-01-28 23:00:00
45,management,married,tertiary,no,7154,yes,no,cellular,19,nov,93,3,111,3,failure,no,2027-01-29 00:00:00
29,services,single,secondary,no,-72,yes,no,unknown,12,may,208,1,-1,0,unknown,no,2027-01-29 01:00:00
56,technician,divorced,secondary,no,0,no,no,cellular,26,aug,471,8,-1,0,unknown,no,2027-01-29 02:00:00
32,management,single,tertiary,no,537,no,no,unknown,29,may,187,3,-1,0,unknown,no,2027-01-29 03:00:00
44,services,divorced,secondary,no,424,yes,no,unknown,6,may,27,1,-1,0,unknown,no,2027-01-29 04:00:00
26,management,single,tertiary,no,1623,no,no,cellular,2,jun,479,1,-1,0,unknown,yes,2027-01-29 05:00:00
35,technician,single,tertiary,no,1924,yes,no,cellular,20,apr,285,1,-1,0,unknown,no,2027-01-29 06:00:00
34,services,divorced,secondary,no,-240,yes,no,cellular,11,may,247,6,-1,0,unknown,no,2027-01-29 07:00:00
40,housemaid,married,primary,no,322,no,no,unknown,17,jun,140,2,-1,0,unknown,no,2027-01-29 08:00:00
32,management,married,secondary,no,1215,yes,yes,cellular,3,feb,211,2,-1,0,unknown,no,2027-01-29 09:00:00
57,admin.,divorced,secondary,no,1878,yes,no,cellular,17,nov,219,1,-1,0,unknown,no,2027-01-29 10:00:00
47,self-employed,married,secondary,no,0,no,no,unknown,26,jun,174,8,-1,0,unknown,no,2027-01-29 11:00:00
44,admin.,single,secondary,no,733,yes,no,cellular,4,dec,360,2,105,5,success,yes,2027-01-29 12:00:00
36,admin.,married,secondary,no,0,no,yes,cellular,29,jul,113,8,-1,0,unknown,no,2027-01-29 13:00:00
53,blue-collar,married,secondary,no,813,yes,no,unknown,21,may,23,16,-1,0,unknown,no,2027-01-29 14:00:00
33,technician,single,secondary,no,920,yes,no,cellular,21,nov,58,1,122,4,failure,no,2027-01-29 15:00:00
36,blue-collar,married,secondary,no,198,yes,no,unknown,9,may,400,2,-1,0,unknown,no,2027-01-29 16:00:00
44,management,single,secondary,no,109,yes,no,cellular,20,apr,101,4,328,3,failure,no,2027-01-29 17:00:00
32,technician,single,tertiary,no,5514,no,no,telephone,22,oct,181,1,-1,0,unknown,yes,2027-01-29 18:00:00
61,admin.,married,tertiary,no,1332,no,no,cellular,12,mar,156,1,-1,0,unknown,yes,2027-01-29 19:00:00
34,services,married,secondary,no,2048,yes,no,cellular,19,nov,307,2,-1,0,unknown,no,2027-01-29 20:00:00
39,blue-collar,single,secondary,no,82,yes,no,unknown,8,may,147,5,-1,0,unknown,no,2027-01-29 21:00:00
30,management,married,tertiary,no,882,no,no,cellular,22,aug,102,6,-1,0,unknown,no,2027-01-29 22:00:00
46,housemaid,married,primary,no,269,no,no,cellular,8,aug,188,5,-1,0,unknown,no,2027-01-29 23:00:00
36,admin.,married,secondary,no,419,yes,no,telephone,12,may,291,5,-1,0,unknown,no,2027-01-30 00:00:00
53,management,married,tertiary,no,20772,no,no,cellular,4,feb,715,1,-1,0,unknown,no,2027-01-30 01:00:00
37,entrepreneur,divorced,secondary,no,175,yes,yes,unknown,13,may,753,6,-1,0,unknown,yes,2027-01-30 02:00:00
38,services,single,primary,no,3715,yes,no,telephone,13,may,41,2,327,17,failure,no,2027-01-30 03:00:00
54,services,married,secondary,no,193,no,no,unknown,6,may,179,1,-1,0,unknown,no,2027-01-30 04:00:00
45,self-employed,married,secondary,no,7,no,no,cellular,20,nov,691,1,-1,0,unknown,yes,2027-01-30 05:00:00
38,management,married,secondary,no,844,no,no,cellular,9,feb,12,7,-1,0,unknown,no,2027-01-30 06:00:00
50,technician,married,unknown,no,1268,yes,yes,unknown,29,may,145,2,-1,0,unknown,no,2027-01-30 07:00:00
38,management,married,tertiary,no,1100,no,yes,cellular,11,aug,347,2,-1,0,unknown,no,2027-01-30 08:00:00
44,technician,single,secondary,no,365,yes,no,unknown,8,may,169,2,-1,0,unknown,no,2027-01-30 09:00:00
24,blue-collar,single,unknown,no,192,no,no,cellular,27,may,424,1,-1,0,unknown,no,2027-01-30 10:00:00
46,technician,married,secondary,no,475,no,yes,cellular,23,jul,158,2,-1,0,unknown,no,2027-01-30 11:00:00
23,student,married,tertiary,yes,-230,yes,no,cellular,18,may,259,2,-1,0,unknown,no,2027-01-30 12:00:00
41,management,divorced,tertiary,no,4567,yes,yes,cellular,16,jul,106,1,-1,0,unknown,no,2027-01-30 13:00:00
36,management,single,tertiary,no,0,yes,no,unknown,27,may,88,2,-1,0,unknown,no,2027-01-30 14:00:00
50,admin.,married,secondary,no,284,yes,no,cellular,11,may,106,1,278,3,failure,no,2027-01-30 15:00:00
47,management,married,tertiary,no,0,no,no,cellular,19,aug,213,2,-1,0,unknown,no,2027-01-30 16:00:00
46,entrepreneur,married,tertiary,no,1920,no,no,cellular,22,aug,604,6,-1,0,unknown,yes,2027-01-30 17:00:00
41,management,married,tertiary,no,1204,yes,yes,cellular,13,may,310,2,-1,0,unknown,no,2027-01-30 18:00:00
40,retired,single,primary,no,0,no,no,unknown,5,may,136,2,-1,0,unknown,no,2027-01-30 19:00:00
45,technician,single,tertiary,no,0,no,no,cellular,22,aug,87,4,-1,0,unknown,no,2027-01-30 20:00:00
39,management,married,tertiary,no,0,yes,no,cellular,5,may,811,2,-1,0,unknown,yes,2027-01-30 21:00:00
41,technician,single,tertiary,no,5365,yes,no,cellular,7,may,412,2,-1,0,unknown,no,2027-01-30 22:00:00
53,blue-collar,single,primary,no,210,yes,no,cellular,15,may,984,1,368,1,failure,no,2027-01-30 23:00:00
37,blue-collar,married,unknown,no,-118,yes,no,cellular,18,may,21,2,-1,0,unknown,no,2027-01-31 00:00:00
59,retired,married,primary,no,0,yes,no,unknown,26,may,104,7,-1,0,unknown,no,2027-01-31 01:00:00
40,technician,married,secondary,no,2266,no,no,cellular,16,oct,447,1,147,5,failure,yes,2027-01-31 02:00:00
45,self-employed,married,secondary,no,830,no,no,cellular,31,jul,468,2,-1,0,unknown,no,2027-01-31 03:00:00
31,student,single,secondary,no,3511,no,no,cellular,2,jul,667,1,-1,0,unknown,yes,2027-01-31 04:00:00
48,management,married,tertiary,no,489,yes,no,unknown,13,may,60,1,-1,0,unknown,no,2027-01-31 05:00:00
40,blue-collar,married,secondary,no,95,no,yes,unknown,20,jun,61,4,-1,0,unknown,no,2027-01-31 06:00:00
34,admin.,divorced,secondary,no,-220,yes,yes,unknown,12,may,115,4,-1,0,unknown,no,2027-01-31 07:00:00
52,entrepreneur,married,primary,no,657,no,no,telephone,7,dec,91,2,217,1,other,no,2027-01-31 08:00:00
44,admin.,single,secondary,no,985,yes,yes,cellular,11,may,9,7,325,19,failure,no,2027-01-31 09:00:00
30,entrepreneur,single,secondary,no,265,yes,yes,unknown,3,jun,67,10,-1,0,unknown,no,2027-01-31 10:00:00
31,blue-collar,married,secondary,no,2910,yes,no,unknown,23,may,1392,2,-1,0,unknown,yes,2027-01-31 11:00:00
27,services,single,secondary,yes,-1,no,no,cellular,22,jul,60,2,-1,0,unknown,no,2027-01-31 12:00:00
39,blue-collar,married,secondary,no,1386,yes,yes,unknown,4,jun,193,2,-1,0,unknown,no,2027-01-31 13:00:00
48,services,married,secondary,no,202,yes,no,cellular,5,aug,162,1,-1,0,unknown,no,2027-01-31 14:00:00
36,services,married,secondary,no,335,yes,no,unknown,9,may,339,2,-1,0,unknown,no,2027-01-31 15:00:00
40,services,single,secondary,no,23,yes,no,unknown,8,may,179,5,-1,0,unknown,no,2027-01-31 16:00:00
47,management,married,primary,no,1675,yes,no,cellular,9,feb,38,3,-1,0,unknown,no,2027-01-31 17:00:00
34,services,single,secondary,no,-701,yes,no,cellular,11,may,610,2,-1,0,unknown,yes,2027-01-31 18:00:00
25,technician,single,secondary,no,4718,no,no,cellular,24,jul,709,1,-1,0,unknown,yes,2027-01-31 19:00:00
64,retired,married,primary,no,493,no,no,cellular,17,apr,108,1,-1,0,unknown,no,2027-01-31 20:00:00
30,technician,single,secondary,no,53,yes,no,cellular,18,jul,352,5,-1,0,unknown,no,2027-01-31 21:00:00
24,student,single,secondary,no,304,no,no,unknown,9,may,180,3,-1,0,unknown,no,2027-01-31 22:00:00
55,unemployed,married,primary,no,1212,no,no,cellular,31,may,178,1,-1,0,unknown,no,2027-01-31 23:00:00
44,services,married,secondary,no,1422,yes,no,unknown,20,may,129,8,-1,0,unknown,no,2027-02-01 00:00:00
70,retired,married,secondary,no,616,no,no,cellular,27,oct,89,1,-1,0,unknown,no,2027-02-01 01:00:00
31,blue-collar,married,secondary,no,-190,yes,yes,cellular,8,may,299,3,-1,0,unknown,no,2027-02-01 02:00:00
29,admin.,single,tertiary,no,261,no,no,cellular,4,jun,66,1,79,19,failure,no,2027-02-01 03:00:00
46,technician,married,unknown,no,3308,no,no,cellular,28,jul,219,2,-1,0,unknown,yes,2027-02-01 04:00:00
39,blue-collar,married,primary,no,2615,yes,no,unknown,3,jun,88,6,-1,0,unknown,no,2027-02-01 05:00:00
34,technician,single,tertiary,no,992,yes,no,cellular,4,may,301,1,88,2,success,no,2027-02-01 06:00:00
30,management,single,tertiary,no,1435,yes,no,cellular,17,nov,104,3,-1,0,unknown,no,2027-02-01 07:00:00
42,blue-collar,single,primary,no,1401,yes,no,unknown,19,jun,69,1,-1,0,unknown,no,2027-02-01 08:00:00
48,blue-collar,married,primary,no,551,yes,yes,unknown,18,jun,386,5,-1,0,unknown,no,2027-02-01 09:00:00
32,management,married,tertiary,no,1923,no,no,cellular,19,nov,75,1,-1,0,unknown,no,2027-02-01 10:00:00
28,unemployed,married,secondary,no,863,yes,yes,unknown,27,may,355,1,-1,0,unknown,no,2027-02-01 11:00:00
38,admin.,married,secondary,no,505,yes,yes,unknown,17,jun,48,2,-1,0,unknown,no,2027-02-01 12:00:00
43,management,single,secondary,no,1063,yes,no,cellular,5,feb,141,3,-1,0,unknown,no,2027-02-01 13:00:00
42,admin.,divorced,secondary,no,153,yes,no,unknown,16,may,844,1,-1,0,unknown,yes,2027-02-01 14:00:00
53,services,married,unknown,no,2009,no,no,cellular,16,jun,250,1,-1,0,unknown,no,2027-02-01 15:00:00
51,admin.,married,secondary,no,0,no,no,telephone,20,nov,96,5,-1,0,unknown,no,2027-02-01 16:00:00
85,retired,divorced,primary,no,7613,no,no,cellular,18,feb,355,3,-1,0,unknown,yes,2027-02-01 17:00:00
58,blue-collar,divorced,unknown,no,29,yes,no,unknown,6,may,253,1,-1,0,unknown,no,2027-02-01 18:00:00
41,management,divorced,unknown,no,465,yes,no,cellular,22,jul,1508,1,-1,0,unknown,yes,2027-02-01 19:00:00
38,blue-collar,married,secondary,no,0,no,no,unknown,6,jun,361,1,-1,0,unknown,no,2027-02-01 20:00:00
34,technician,single,secondary,no,174,no,no,telephone,11,may,259,4,-1,0,unknown,no,2027-02-01 21:00:00
42,entrepreneur,married,secondary,no,2959,yes,no,telephone,2,jul,711,1,342,1,failure,yes,2027-02-01 22:00:00
45,technician,married,tertiary,no,2699,yes,no,cellular,29,jun,264,4,-1,0,unknown,no,2027-02-01 23:00:00
51,self-employed,married,tertiary,no,146,no,no,cellular,15,jul,132,3,-1,0,unknown,no,2027-02-02 00:00:00
47,services,married,primary,no,1095,no,yes,unknown,2,jun,357,2,-1,0,unknown,no,2027-02-02 01:00:00
60,blue-collar,married,secondary,no,-223,no,yes,cellular,22,jul,282,2,-1,0,unknown,no,2027-02-02 02:00:00
29,blue-collar,married,secondary,no,15,yes,yes,unknown,9,may,432,2,-1,0,unknown,no,2027-02-02 03:00:00
33,blue-collar,married,secondary,no,26,yes,no,cellular,17,apr,342,3,332,1,other,no,2027-02-02 04:00:00
47,blue-collar,married,unknown,no,61,yes,no,unknown,30,may,212,4,-1,0,unknown,no,2027-02-02 05:00:00
24,technician,married,secondary,no,691,yes,no,unknown,19,jun,93,2,-1,0,unknown,no,2027-02-02 06:00:00
42,management,married,secondary,no,372,yes,no,telephone,31,jul,130,8,-1,0,unknown,no,2027-02-02 07:00:00
47,management,single,tertiary,no,324,no,yes,cellular,6,aug,72,1,-1,0,unknown,no,2027-02-02 08:00:00
45,admin.,married,unknown,no,5511,no,no,cellular,2,jul,272,1,-1,0,unknown,yes,2027-02-02 09:00:00
41,management,divorced,tertiary,no,0,no,no,cellular,3,feb,475,3,-1,0,unknown,no,2027-02-02 10:00:00
36,blue-collar,married,secondary,no,330,yes,no,cellular,13,may,777,2,-1,0,unknown,no,2027-02-02 11:00:00
40,blue-collar,single,primary,no,0,yes,yes,cellular,11,may,114,2,-1,0,unknown,no,2027-02-02 12:00:00
57,admin.,divorced,secondary,no,1403,yes,no,cellular,16,jul,547,2,-1,0,unknown,no,2027-02-02 13:00:00
35,technician,married,tertiary,no,1526,yes,no,unknown,30,jun,138,4,-1,0,unknown,no,2027-02-02 14:00:00
44,management,married,tertiary,no,284,yes,yes,cellular,10,jul,109,5,-1,0,unknown,no,2027-02-02 15:00:00
29,technician,single,secondary,no,22008,yes,no,unknown,28,may,139,2,-1,0,unknown,no,2027-02-02 16:00:00
25,management,single,tertiary,no,115,no,yes,unknown,4,jul,60,1,-1,0,unknown,no,2027-02-02 17:00:00
33,management,married,tertiary,no,85,yes,no,cellular,22,jul,702,2,-1,0,unknown,no,2027-02-02 18:00:00
38,unemployed,single,tertiary,no,324,yes,no,cellular,17,nov,167,3,-1,0,unknown,no,2027-02-02 19:00:00
44,management,single,secondary,no,813,no,no,cellular,26,aug,358,2,-1,0,unknown,no,2027-02-02 20:00:00
48,entrepreneur,married,secondary,no,151,no,no,cellular,16,jul,191,1,-1,0,unknown,no,2027-02-02 21:00:00
33,admin.,single,tertiary,no,867,yes,no,cellular,14,apr,247,1,-1,0,unknown,no,2027-02-02 22:00:00
58,services,married,secondary,no,12180,no,no,unknown,16,jun,121,5,-1,0,unknown,no,2027-02-02 23:00:00
38,services,married,secondary,no,3039,yes,yes,cellular,11,may,146,2,-1,0,unknown,no,2027-02-03 00:00:00
30,services,single,secondary,no,179,yes,no,unknown,29,may,286,3,-1,0,unknown,no,2027-02-03 01:00:00
46,blue-collar,married,secondary,no,1733,yes,no,unknown,14,may,546,1,-1,0,unknown,no,2027-02-03 02:00:00
31,self-employed,single,secondary,no,148,yes,yes,cellular,6,may,232,2,167,4,failure,no,2027-02-03 03:00:00
27,blue-collar,married,secondary,no,379,yes,yes,unknown,6,jun,252,4,-1,0,unknown,no,2027-02-03 04:00:00
36,blue-collar,married,secondary,no,-195,yes,no,unknown,13,may,229,1,-1,0,unknown,no,2027-02-03 05:00:00
32,admin.,single,secondary,no,3950,yes,no,cellular,18,may,232,1,178,1,success,no,2027-02-03 06:00:00
41,technician,married,tertiary,no,0,no,no,unknown,20,jun,95,1,-1,0,unknown,no,2027-02-03 07:00:00
59,retired,divorced,secondary,no,1,no,no,cellular,19,aug,335,1,-1,0,unknown,yes,2027-02-03 08:00:00
32,technician,married,tertiary,no,500,no,no,cellular,6,aug,105,6,-1,0,unknown,no,2027-02-03 09:00:00
40,blue-collar,married,primary,no,-7,yes,no,unknown,6,may,410,2,-1,0,unknown,no,2027-02-03 10:00:00
46,management,divorced,secondary,no,16,yes,yes,unknown,5,may,188,2,-1,0,unknown,no,2027-02-03 11:00:00
19,student,single,unknown,no,779,no,no,cellular,1,apr,184,4,-1,0,unknown,yes,2027-02-03 12:00:00
50,unemployed,married,primary,no,289,yes,no,cellular,12,may,300,5,-1,0,unknown,no,2027-02-03 13:00:00
37,technician,married,secondary,no,101,no,no,cellular,17,jul,130,1,-1,0,unknown,no,2027-02-03 14:00:00
42,blue-collar,married,unknown,no,524,no,no,unknown,17,jun,220,1,-1,0,unknown,no,2027-02-03 15:00:00
35,blue-collar,married,primary,no,0,yes,no,unknown,6,may,154,2,-1,0,unknown,no,2027-02-03 16:00:00
32,services,single,secondary,no,545,yes,no,cellular,19,nov,194,1,-1,0,unknown,no,2027-02-03 17:00:00
29,services,single,secondary,no,473,yes,yes,unknown,9,may,180,2,-1,0,unknown,no,2027-02-03 18:00:00
40,technician,married,secondary,yes,-432,yes,yes,cellular,20,aug,1464,3,-1,0,unknown,no,2027-02-03 19:00:00
35,blue-collar,single,primary,no,85,no,no,cellular,15,may,213,1,364,1,failure,no,2027-02-03 20:00:00
26,blue-collar,single,secondary,no,419,yes,no,unknown,28,may,94,3,-1,0,unknown,no,2027-02-03 21:00:00
46,blue-collar,married,primary,no,596,yes,no,unknown,3,jun,404,13,-1,0,unknown,no,2027-02-03 22:00:00
30,admin.,married,secondary,no,5220,yes,no,cellular,21,nov,108,1,-1,0,unknown,no,2027-02-03 23:00:00
33,admin.,married,secondary,no,730,yes,no,unknown,20,may,70,1,-1,0,unknown,no,2027-02-04 00:00:00
53,admin.,single,secondary,no,1958,no,no,telephone,23,apr,164,4,-1,0,unknown,no,2027-02-04 01:00:00
46,blue-collar,married,primary,no,185,no,no,cellular,25,aug,226,10,-1,0,unknown,no,2027-02-04 02:00:00
32,management,single,secondary,no,301,yes,no,cellular,16,apr,383,3,345,1,failure,no,2027-02-04 03:00:00
35,management,married,tertiary,no,750,yes,no,cellular,18,aug,233,12,-1,0,unknown,no,2027-02-04 04:00:00
52,services,married,secondary,no,0,yes,no,unknown,20,may,363,5,-1,0,unknown,no,2027-02-04 05:00:00
55,unknown,married,unknown,no,666,no,no,unknown,15,may,73,5,-1,0,unknown,no,2027-02-04 06:00:00
48,management,divorced,tertiary,yes,-625,yes,no,unknown,29,may,125,2,-1,0,unknown,no,2027-02-04 07:00:00
48,blue-collar,married,secondary,no,1000,yes,no,unknown,12,jun,1268,2,-1,0,unknown,yes,2027-02-04 08:00:00
59,blue-collar,married,primary,no,460,no,no,cellular,5,aug,224,1,-1,0,unknown,no,2027-02-04 09:00:00
36,admin.,married,secondary,no,68,yes,yes,unknown,27,may,157,1,-1,0,unknown,no,2027-02-04 10:00:00
52,entrepreneur,divorced,secondary,no,105,no,yes,telephone,22,jul,275,4,-1,0,unknown,no,2027-02-04 11:00:00
36,self-employed,single,tertiary,no,3560,no,no,unknown,2,jun,409,2,-1,0,unknown,no,2027-02-04 12:00:00
25,management,single,unknown,no,314,no,yes,cellular,8,jul,455,1,-1,0,unknown,no,2027-02-04 13:00:00
38,technician,married,tertiary,no,1,yes,no,cellular,6,may,250,2,-1,0,unknown,no,2027-02-04 14:00:00
25,management,single,tertiary,no,702,no,no,cellular,14,apr,163,2,-1,0,unknown,no,2027-02-04 15:00:00
35,entrepreneur,married,primary,no,2643,no,yes,cellular,8,jul,259,1,-1,0,unknown,no,2027-02-04 16:00:00
30,management,single,tertiary,no,29,yes,no,cellular,12,may,174,1,-1,0,unknown,no,2027-02-04 17:00:00
35,management,married,secondary,no,839,yes,no,unknown,23,may,50,3,-1,0,unknown,no,2027-02-04 18:00:00
45,technician,married,tertiary,no,548,no,no,cellular,11,aug,108,4,-1,0,unknown,no,2027-02-04 19:00:00
35,blue-collar,married,secondary,no,328,yes,no,cellular,13,may,484,3,364,1,other,no,2027-02-04 20:00:00
60,housemaid,married,primary,no,182,no,no,cellular,27,oct,83,2,76,3,failure,no,2027-02-04 21:00:00
36,blue-collar,single,secondary,no,3111,yes,no,unknown,20,may,445,2,-1,0,unknown,no,2027-02-04 22:00:00
57,retired,married,secondary,no,1749,no,no,cellular,17,nov,288,2,-1,0,unknown,no,2027-02-04 23:00:00
30,management,single,tertiary,no,1422,yes,yes,cellular,29,jan,305,1,223,27,failure,no,2027-02-05 00:00:00
31,blue-collar,single,secondary,no,726,no,no,cellular,7,jul,719,2,-1,0,unknown,yes,2027-02-05 01:00:00
46,technician,married,secondary,no,57,no,no,unknown,28,may,796,1,-1,0,unknown,yes,2027-02-05 02:00:00
45,admin.,divorced,secondary,no,1126,yes,no,unknown,27,may,172,1,-1,0,unknown,no,2027-02-05 03:00:00
40,services,married,secondary,no,771,yes,no,cellular,15,may,173,4,-1,0,unknown,no,2027-02-05 04:00:00
42,management,married,secondary,no,-189,yes,no,unknown,12,may,247,2,-1,0,unknown,no,2027-02-05 05:00:00
35,technician,divorced,secondary,no,0,yes,no,cellular,12,may,183,6,-1,0,unknown,no,2027-02-05 06:00:00
43,admin.,married,secondary,no,324,no,no,cellular,8,aug,629,4,-1,0,unknown,no,2027-02-05 07:00:00
36,admin.,married,secondary,no,403,no,no,cellular,24,jul,151,2,-1,0,unknown,no,2027-02-05 08:00:00
38,management,married,tertiary,no,590,no,no,cellular,31,jul,49,2,-1,0,unknown,no,2027-02-05 09:00:00
27,blue-collar,single,secondary,no,71,yes,no,unknown,13,may,174,1,-1,0,unknown,no,2027-02-05 10:00:00
39,technician,single,secondary,no,1355,yes,no,cellular,14,may,1180,1,-1,0,unknown,yes,2027-02-05 11:00:00
30,management,single,secondary,no,340,yes,no,cellular,15,may,136,2,361,1,other,no,2027-02-05 12:00:00
59,retired,married,secondary,no,599,yes,no,cellular,7,may,31,1,-1,0,unknown,no,2027-02-05 13:00:00
38,unemployed,married,secondary,no,995,no,no,unknown,26,jul,84,1,-1,0,unknown,no,2027-02-05 14:00:00
31,blue-collar,single,secondary,no,58,yes,no,unknown,21,may,542,1,-1,0,unknown,no,2027-02-05 15:00:00
49,housemaid,divorced,secondary,no,0,no,no,telephone,30,apr,136,2,-1,0,unknown,no,2027-02-05 16:00:00
32,blue-collar,single,secondary,no,160,yes,no,telephone,29,jan,48,1,265,1,failure,no,2027-02-05 17:00:00
27,management,single,tertiary,no,0,yes,no,cellular,1,apr,124,1,-1,0,unknown,no,2027-02-05 18:00:00
36,admin.,single,tertiary,no,994,no,no,cellular,6,may,211,1,90,6,success,yes,2027-02-05 19:00:00
42,blue-collar,married,secondary,no,1449,yes,no,cellular,11,may,177,1,173,1,failure,no,2027-02-05 20:00:00
42,management,married,tertiary,no,261,no,no,cellular,27,may,207,5,-1,0,unknown,no,2027-02-05 21:00:00
60,retired,married,secondary,no,781,yes,yes,cellular,12,aug,128,5,-1,0,unknown,no,2027-02-05 22:00:00
25,student,single,tertiary,no,-380,no,no,cellular,28,jul,108,4,-1,0,unknown,no,2027-02-05 23:00:00
51,blue-collar,married,secondary,no,1414,yes,no,unknown,15,may,241,2,-1,0,unknown,no,2027-02-06 00:00:00
37,technician,married,secondary,no,523,yes,no,cellular,20,nov,232,4,-1,0,unknown,no,2027-02-06 01:00:00
37,housemaid,married,secondary,yes,-205,no,yes,cellular,18,jul,199,1,-1,0,unknown,no,2027-02-06 02:00:00
59,management,married,secondary,no,1558,no,no,telephone,29,jul,1140,3,-1,0,unknown,no,2027-02-06 03:00:00
36,admin.,married,secondary,no,1954,yes,yes,unknown,30,may,199,3,-1,0,unknown,no,2027-02-06 04:00:00
52,entrepreneur,married,secondary,no,10,no,yes,cellular,17,jul,72,3,-1,0,unknown,no,2027-02-06 05:00:00
45,blue-collar,married,primary,no,25,yes,no,unknown,5,may,40,1,-1,0,unknown,no,2027-02-06 06:00:00
49,blue-collar,married,primary,no,352,yes,no,unknown,9,may,188,2,-1,0,unknown,no,2027-02-06 07:00:00
37,technician,single,secondary,no,274,no,no,cellular,8,aug,173,3,-1,0,unknown,no,2027-02-06 08:00:00
43,services,married,secondary,no,0,yes,no,unknown,14,may,260,3,-1,0,unknown,no,2027-02-06 09:00:00
42,services,married,secondary,no,0,no,no,cellular,15,jul,194,4,-1,0,unknown,no,2027-02-06 10:00:00
43,unemployed,married,primary,no,240,yes,no,unknown,23,may,83,2,-1,0,unknown,no,2027-02-06 11:00:00
32,student,single,tertiary,no,0,no,no,cellular,6,aug,101,5,3,6,other,no,2027-02-06 12:00:00
35,blue-collar,married,secondary,no,412,yes,no,unknown,3,jun,316,1,-1,0,unknown,no,2027-02-06 13:00:00
53,management,single,tertiary,no,720,yes,no,unknown,17,nov,99,1,-1,0,unknown,no,2027-02-06 14:00:00
25,student,single,secondary,no,6400,no,no,cellular,7,aug,100,1,-1,0,unknown,no,2027-02-06 15:00:00
51,unemployed,single,tertiary,no,1594,no,no,telephone,4,feb,197,1,-1,0,unknown,no,2027-02-06 16:00:00
34,blue-collar,married,secondary,no,80,yes,yes,unknown,8,may,494,1,-1,0,unknown,no,2027-02-06 17:00:00
59,unemployed,single,unknown,no,541,no,no,cellular,29,jan,645,1,-1,0,unknown,no,2027-02-06 18:00:00
32,technician,single,secondary,no,7558,yes,no,cellular,19,nov,581,2,-1,0,unknown,no,2027-02-06 19:00:00
28,technician,single,tertiary,no,-123,no,yes,cellular,23,jul,690,1,-1,0,unknown,yes,2027-02-06 20:00:00
42,management,married,tertiary,no,2440,yes,no,unknown,30,may,199,2,-1,0,unknown,no,2027-02-06 21:00:00
54,blue-collar,married,primary,no,1895,yes,no,cellular,17,apr,345,1,-1,0,unknown,no,2027-02-06 22:00:00
29,management,single,tertiary,no,-158,yes,no,unknown,28,may,399,1,-1,0,unknown,no,2027-02-06 23:00:00
