age,job,marital,education,default,balance,housing,loan,contact,day,month,duration,campaign,pdays,previous,poutcome,y,event_time
42,blue-collar,married,primary,no,-10,yes,no,unknown,9,may,291,4,-1,0,unknown,no,2026-01-26 00:00:00
40,services,married,secondary,no,2172,yes,yes,unknown,13,may,1386,1,-1,0,unknown,no,2026-01-26 01:00:00
32,admin.,single,secondary,yes,-17,no,no,unknown,9,jul,85,5,-1,0,unknown,no,2026-01-26 02:00:00
50,blue-collar,married,primary,no,260,yes,no,unknown,12,jun,237,1,-1,0,unknown,no,2026-01-26 03:00:00
51,technician,married,tertiary,no,0,no,no,telephone,17,nov,81,1,-1,0,unknown,no,2026-01-26 04:00:00
60,technician,divorced,tertiary,no,-361,no,yes,cellular,28,jul,76,6,-1,0,unknown,no,2026-01-26 05:00:00
37,management,married,tertiary,no,6014,yes,no,cellular,15,jul,163,6,-1,0,unknown,no,2026-01-26 06:00:00
35,technician,married,tertiary,no,1526,yes,no,cellular,2,feb,236,2,217,4,failure,no,2026-01-26 07:00:00
46,admin.,married,secondary,no,547,no,yes,cellular,4,aug,114,2,-1,0,unknown,no,2026-01-26 08:00:00
56,services,married,secondary,no,6503,yes,yes,cellular,18,may,27,6,-1,0,unknown,no,2026-01-26 09:00:00
37,blue-collar,married,primary,no,2120,yes,no,cellular,15,may,655,3,175,4,failure,yes,2026-01-26 10:00:00
50,management,divorced,tertiary,no,3211,yes,no,cellular,6,aug,146,5,-1,0,unknown,no,2026-01-26 11:00:00
33,blue-collar,married,secondary,no,661,yes,no,cellular,18,jul,968,1,-1,0,unknown,yes,2026-01-26 12:00:00
41,retired,single,secondary,no,1734,yes,no,cellular,12,may,151,2,343,4,failure,no,2026-01-26 13:00:00
29,technician,married,secondary,no,1697,yes,no,cellular,12,may,87,4,-1,0,unknown,no,2026-01-26 14:00:00
49,unemployed,married,primary,no,50,no,no,cellular,26,aug,169,2,-1,0,unknown,no,2026-01-26 15:00:00
49,services,married,secondary,no,4697,yes,no,cellular,31,jul,66,1,-1,0,unknown,no,2026-01-26 16:00:00
40,services,married,primary,no,1117,yes,no,unknown,13,may,280,1,-1,0,unknown,no,2026-01-26 17:00:00
58,technician,married,secondary,no,175,no,no,cellular,12,aug,92,4,-1,0,unknown,no,2026-01-26 18:00:00
33,blue-collar,married,secondary,no,328,yes,no,cellular,18,nov,160,2,182,1,failure,no,2026-01-26 19:00:00
42,management,married,tertiary,no,2,yes,yes,telephone,4,may,336,9,-1,0,unknown,no,2026-01-26 20:00:00
26,technician,married,secondary,no,523,no,no,cellular,29,jan,216,1,-1,0,unknown,no,2026-01-26 21:00:00
64,retired,divorced,primary,no,1840,no,no,cellular,25,nov,237,1,85,4,other,no,2026-01-26 22:00:00
58,management,married,tertiary,no,2076,no,no,cellular,27,aug,49,4,-1,0,unknown,no,2026-01-26 23:00:00
49,technician,divorced,secondary,no,265,yes,no,unknown,12,may,274,6,-1,0,unknown,no,2026-01-27 00:00:00
34,blue-collar,married,secondary,no,0,yes,no,cellular,20,apr,562,2,-1,0,unknown,no,2026-01-27 01:00:00
47,blue-collar,married,primary,no,236,no,yes,cellular,22,jul,166,2,-1,0,unknown,no,2026-01-27 02:00:00
33,technician,single,secondary,no,116,no,yes,cellular,4,aug,307,1,-1,0,unknown,no,2026-01-27 03:00:00
32,student,single,unknown,no,376,no,no,cellular,12,aug,192,1,91,5,failure,no,2026-01-27 04:00:00
52,services,married,secondary,no,2072,no,no,cellular,10,jul,224,1,-1,0,unknown,no,2026-01-27 05:00:00
26,blue-collar,married,secondary,no,-11,yes,yes,cellular,17,jul,1150,3,-1,0,unknown,yes,2026-01-27 06:00:00
31,blue-collar,married,secondary,no,2577,yes,no,unknown,13,may,611,2,-1,0,unknown,no,2026-01-27 07:00:00
40,management,divorced,tertiary,no,390,no,no,cellular,29,jul,80,3,-1,0,unknown,no,2026-01-27 08:00:00
31,blue-collar,married,secondary,no,335,yes,no,unknown,8,may,226,1,-1,0,unknown,no,2026-01-27 09:00:00
29,technician,single,secondary,no,938,no,no,cellular,3,nov,358,1,-1,0,unknown,yes,2026-01-27 10:00:00
27,technician,single,secondary,no,3,no,no,unknown,3,jun,68,6,-1,0,unknown,no,2026-01-27 11:00:00
31,unknown,married,secondary,no,111,no,no,cellular,21,nov,504,2,93,2,failure,yes,2026-01-27 12:00:00
43,admin.,married,secondary,no,-169,yes,no,cellular,24,apr,219,1,-1,0,unknown,no,2026-01-27 13:00:00
28,technician,single,secondary,no,468,yes,no,unknown,13,may,152,3,-1,0,unknown,no,2026-01-27 14:00:00
24,blue-collar,single,primary,no,145,yes,no,cellular,15,may,520,1,345,1,failure,no,2026-01-27 15:00:00
41,admin.,married,secondary,no,338,yes,no,unknown,16,may,121,1,-1,0,unknown,no,2026-01-27 16:00:00
60,retired,divorced,secondary,no,598,no,yes,cellular,8,jul,96,1,-1,0,unknown,no,2026-01-27 17:00:00
50,management,divorced,tertiary,no,0,no,no,cellular,29,aug,128,2,-1,0,unknown,no,2026-01-27 18:00:00
27,admin.,married,secondary,no,-97,yes,no,unknown,18,jun,1528,2,-1,0,unknown,yes,2026-01-27 19:00:00
53,self-employed,married,secondary,no,1,yes,yes,unknown,23,may,178,1,-1,0,unknown,no,2026-01-27 20:00:00
24,blue-collar,married,secondary,no,32,no,no,unknown,13,may,264,3,-1,0,unknown,no,2026-01-27 21:00:00
42,blue-collar,married,primary,no,555,yes,no,unknown,8,may,249,2,-1,0,unknown,no,2026-01-27 22:00:00
53,unemployed,married,secondary,no,2180,no,no,telephone,30,jan,89,3,-1,0,unknown,no,2026-01-27 23:00:00
36,admin.,divorced,secondary,no,48,no,no,cellular,11,jul,147,10,-1,0,unknown,no,2026-01-28 00:00:00
37,management,married,secondary,no,676,no,no,telephone,18,nov,217,2,-1,0,unknown,no,2026-01-28 01:00:00
30,services,married,secondary,no,2212,yes,no,telephone,30,jan,41,1,249,2,other,no,2026-01-28 02:00:00
41,management,married,tertiary,no,371,yes,no,cellular,28,jul,81,8,-1,0,unknown,no,2026-01-28 03:00:00
34,technician,married,tertiary,no,0,no,no,cellular,26,may,58,1,-1,0,unknown,no,2026-01-28 04:00:00
28,blue-collar,married,unknown,no,52,yes,no,unknown,13,may,226,1,-1,0,unknown,no,2026-01-28 05:00:00
49,technician,married,primary,no,1569,no,no,cellular,14,jan,470,1,196,1,other,no,2026-01-28 06:00:00
40,blue-collar,divorced,unknown,no,0,no,yes,unknown,25,jun,91,2,-1,0,unknown,no,2026-01-28 07:00:00
49,services,married,primary,no,468,no,no,cellular,5,aug,608,2,-1,0,unknown,no,2026-01-28 08:00:00
61,management,married,tertiary,no,5157,no,no,cellular,13,mar,432,1,-1,0,unknown,no,2026-01-28 09:00:00
55,entrepreneur,married,tertiary,no,625,no,no,telephone,20,nov,88,2,147,4,failure,no,2026-01-28 10:00:00
55,management,married,unknown,no,559,no,no,cellular,28,jan,271,2,-1,0,unknown,no,2026-01-28 11:00:00
28,management,single,tertiary,no,1351,no,no,cellular,10,dec,267,1,-1,0,unknown,no,2026-01-28 12:00:00
30,admin.,married,secondary,no,0,no,no,cellular,1,jun,318,1,-1,0,unknown,yes,2026-01-28 13:00:00
40,management,single,tertiary,no,406,yes,no,cellular,13,may,130,1,371,1,failure,no,2026-01-28 14:00:00
39,services,married,secondary,no,64,no,no,cellular,29,jul,100,3,-1,0,unknown,no,2026-01-28 15:00:00
45,management,married,tertiary,no,1932,yes,no,cellular,17,nov,146,1,-1,0,unknown,no,2026-01-28 16:00:00
28,technician,single,tertiary,no,2269,yes,no,unknown,9,may,331,1,-1,0,unknown,no,2026-01-28 17:00:00
26,student,single,secondary,no,706,no,no,unknown,8,oct,118,1,105,2,other,no,2026-01-28 18:00:00
39,blue-collar,single,secondary,no,523,yes,no,cellular,14,may,306,1,-1,0,unknown,no,2026-01-28 19:00:00
56,blue-collar,married,secondary,no,121,no,no,cellular,5,feb,151,1,-1,0,unknown,no,2026-01-28 20:00:00
48,technician,married,secondary,no,606,yes,no,cellular,19,aug,231,4,-1,0,unknown,no,2026-01-28 21:00:00
36,admin.,married,secondary,no,75,yes,no,unknown,4,jul,52,4,-1,0,unknown,no,2026-01-28 22:00:00
38,blue-collar,married,primary,no,630,yes,no,unknown,23,may,201,3,-1,0,unknown,no,2026-01-28 23:00:00
42,blue-collar,divorced,primary,no,1278,no,no,cellular,29,jul,422,4,-1,0,unknown,no,2026-01-29 00:00:00
30,student,single,secondary,no,48,no,no,cellular,18,aug,161,1,173,1,failure,yes,2026-01-29 01:00:00
29,blue-collar,married,primary,no,10045,yes,no,cellular,16,apr,617,1,322,4,failure,no,2026-01-29 02:00:00
35,management,divorced,tertiary,no,457,yes,no,cellular,5,feb,114,3,-1,0,unknown,no,2026-01-29 03:00:00
36,management,divorced,tertiary,no,5195,yes,no,unknown,2,jun,55,25,-1,0,unknown,no,2026-01-29 04:00:00
37,services,single,secondary,no,253,yes,yes,unknown,9,may,280,1,-1,0,unknown,no,2026-01-29 05:00:00
59,retired,divorced,tertiary,no,3444,no,no,cellular,6,feb,241,2,-1,0,unknown,yes,2026-01-29 06:00:00
58,management,married,tertiary,no,4152,yes,no,cellular,30,apr,750,2,164,4,other,yes,2026-01-29 07:00:00
54,blue-collar,married,primary,no,1659,no,no,cellular,12,aug,50,5,-1,0,unknown,no,2026-01-29 08:00:00
56,technician,married,tertiary,no,52,no,no,unknown,20,jun,191,3,-1,0,unknown,no,2026-01-29 09:00:00
36,blue-collar,married,primary,no,21,no,no,telephone,20,nov,35,1,-1,0,unknown,no,2026-01-29 10:00:00
39,services,single,secondary,no,3,no,yes,unknown,3,jul,206,1,-1,0,unknown,no,2026-01-29 11:00:00
53,blue-collar,married,primary,no,570,no,no,cellular,20,aug,158,4,-1,0,unknown,no,2026-01-29 12:00:00
54,admin.,married,primary,no,11686,yes,yes,cellular,12,may,114,1,-1,0,unknown,no,2026-01-29 13:00:00
60,retired,married,secondary,yes,0,no,no,cellular,19,aug,316,2,-1,0,unknown,no,2026-01-29 14:00:00
34,management,single,tertiary,no,421,no,no,cellular,11,aug,383,3,-1,0,unknown,no,2026-01-29 15:00:00
59,retired,married,secondary,no,0,no,no,cellular,28,aug,23,15,-1,0,unknown,no,2026-01-29 16:00:00
53,technician,divorced,secondary,no,0,yes,yes,cellular,15,jul,135,5,-1,0,unknown,no,2026-01-29 17:00:00
36,unemployed,single,secondary,no,115,no,no,cellular,9,feb,71,2,-1,0,unknown,no,2026-01-29 18:00:00
39,management,single,tertiary,no,122,yes,no,cellular,5,feb,787,1,-1,0,unknown,no,2026-01-29 19:00:00
39,entrepreneur,married,tertiary,no,442,no,no,cellular,21,nov,10,3,-1,0,unknown,no,2026-01-29 20:00:00
28,blue-collar,married,primary,no,15,yes,no,unknown,13,may,87,2,-1,0,unknown,no,2026-01-29 21:00:00
48,admin.,married,secondary,no,35,no,no,cellular,27,aug,80,4,-1,0,unknown,no,2026-01-29 22:00:00
40,admin.,single,secondary,no,-227,yes,no,unknown,7,may,161,3,-1,0,unknown,no,2026-01-29 23:00:00
33,technician,married,secondary,no,4790,yes,no,cellular,20,apr,137,1,272,2,failure,no,2026-01-30 00:00:00
32,blue-collar,married,secondary,no,687,yes,no,unknown,9,may,61,1,-1,0,unknown,no,2026-01-30 01:00:00
57,retired,divorced,primary,yes,0,no,yes,cellular,24,jul,125,2,-1,0,unknown,no,2026-01-30 02:00:00
34,admin.,single,secondary,no,3626,yes,yes,cellular,20,nov,88,2,-1,0,unknown,no,2026-01-30 03:00:00
37,blue-collar,single,secondary,no,2390,yes,no,cellular,20,apr,20,2,335,12,failure,no,2026-01-30 04:00:00
29,services,single,secondary,no,193,yes,no,unknown,30,may,288,2,-1,0,unknown,no,2026-01-30 05:00:00
37,admin.,married,secondary,no,274,yes,no,unknown,27,may,731,3,-1,0,unknown,yes,2026-01-30 06:00:00
45,management,married,tertiary,no,0,no,yes,cellular,15,jul,112,4,-1,0,unknown,no,2026-01-30 07:00:00
28,services,single,secondary,no,117,yes,no,cellular,11,may,133,1,-1,0,unknown,no,2026-01-30 08:00:00
32,admin.,divorced,secondary,no,4,yes,no,cellular,30,apr,48,1,-1,0,unknown,no,2026-01-30 09:00:00
49,technician,single,unknown,no,350,no,no,cellular,28,jan,91,3,-1,0,unknown,no,2026-01-30 10:00:00
34,technician,single,unknown,no,4223,no,yes,cellular,20,nov,133,1,-1,0,unknown,no,2026-01-30 11:00:00
38,housemaid,divorced,secondary,no,70,no,no,cellular,27,jan,164,4,92,4,success,yes,2026-01-30 12:00:00
24,technician,single,secondary,no,-103,yes,yes,unknown,5,may,145,1,-1,0,unknown,no,2026-01-30 13:00:00
32,blue-collar,single,primary,no,12198,yes,no,cellular,18,may,178,1,-1,0,unknown,yes,2026-01-30 14:00:00
30,technician,single,tertiary,no,987,no,no,cellular,9,apr,98,6,-1,0,unknown,no,2026-01-30 15:00:00
33,blue-collar,divorced,primary,no,390,yes,no,unknown,9,may,665,2,-1,0,unknown,yes,2026-01-30 16:00:00
55,management,divorced,tertiary,no,29484,no,no,cellular,20,nov,151,2,-1,0,unknown,no,2026-01-30 17:00:00
40,admin.,single,secondary,no,-109,yes,yes,unknown,6,may,170,1,-1,0,unknown,no,2026-01-30 18:00:00
38,blue-collar,married,secondary,no,475,yes,no,cellular,5,feb,412,1,-1,0,unknown,no,2026-01-30 19:00:00
42,services,married,secondary,no,-1,yes,no,cellular,8,jul,38,2,-1,0,unknown,no,2026-01-30 20:00:00
53,unemployed,married,secondary,yes,-233,yes,no,cellular,11,may,133,3,-1,0,unknown,no,2026-01-30 21:00:00
36,blue-collar,married,primary,no,23,yes,no,unknown,6,may,400,2,-1,0,unknown,no,2026-01-30 22:00:00
50,services,married,secondary,no,77,no,no,cellular,27,may,138,2,-1,0,unknown,no,2026-01-30 23:00:00
56,services,married,secondary,no,144,no,no,cellular,6,aug,184,2,-1,0,unknown,no,2026-01-31 00:00:00
35,management,single,tertiary,no,1496,yes,no,cellular,22,aug,73,4,-1,0,unknown,no,2026-01-31 01:00:00
49,admin.,divorced,secondary,no,1718,no,yes,cellular,5,aug,211,1,-1,0,unknown,yes,2026-01-31 02:00:00
56,services,divorced,secondary,no,6101,no,no,cellular,14,apr,422,4,-1,0,unknown,no,2026-01-31 03:00:00
44,entrepreneur,married,tertiary,no,3463,yes,yes,cellular,28,aug,210,3,-1,0,unknown,no,2026-01-31 04:00:00
30,admin.,single,tertiary,no,2351,no,yes,cellular,28,jul,91,13,-1,0,unknown,no,2026-01-31 05:00:00
44,technician,married,secondary,no,5163,no,no,cellular,11,aug,48,2,-1,0,unknown,no,2026-01-31 06:00:00
39,unemployed,divorced,secondary,no,6322,no,no,unknown,8,may,184,1,-1,0,unknown,no,2026-01-31 07:00:00
44,blue-collar,married,secondary,no,1025,yes,no,cellular,21,dec,116,2,202,1,failure,no,2026-01-31 08:00:00
42,technician,married,tertiary,no,1079,no,no,cellular,31,jul,61,2,-1,0,unknown,no,2026-01-31 09:00:00
30,management,single,tertiary,no,376,yes,no,cellular,21,nov,710,1,-1,0,unknown,yes,2026-01-31 10:00:00
31,services,single,secondary,no,0,yes,no,cellular,17,apr,815,2,-1,0,unknown,no,2026-01-31 11:00:00
45,admin.,divorced,unknown,no,857,no,no,telephone,8,jul,49,7,-1,0,unknown,no,2026-01-31 12:00:00
48,management,married,tertiary,no,7867,yes,yes,unknown,30,may,306,3,-1,0,unknown,no,2026-01-31 13:00:00
22,admin.,single,secondary,no,4111,no,yes,cellular,19,aug,65,1,-1,0,unknown,no,2026-01-31 14:00:00
41,technician,married,tertiary,no,139,no,no,cellular,18,aug,781,2,-1,0,unknown,no,2026-01-31 15:00:00
34,technician,single,secondary,no,179,no,no,cellular,19,aug,294,3,-1,0,unknown,no,2026-01-31 16:00:00
22,student,single,secondary,no,2488,no,no,cellular,8,nov,449,2,38,10,other,yes,2026-01-31 17:00:00
38,blue-collar,married,primary,no,4406,yes,no,telephone,13,may,689,2,-1,0,unknown,yes,2026-01-31 18:00:00
48,management,married,tertiary,no,1167,yes,yes,cellular,1,jun,264,1,-1,0,unknown,yes,2026-01-31 19:00:00
58,services,married,primary,no,2946,yes,no,cellular,14,may,467,1,-1,0,unknown,yes,2026-01-31 20:00:00
39,blue-collar,married,secondary,no,230,yes,yes,cellular,21,jul,38,1,-1,0,unknown,no,2026-01-31 21:00:00
26,blue-collar,married,secondary,no,490,yes,no,unknown,23,jun,82,5,-1,0,unknown,no,2026-01-31 22:00:00
35,technician,single,secondary,no,175,yes,no,unknown,28,may,223,1,-1,0,unknown,no,2026-01-31 23:00:00
25,admin.,married,secondary,no,10,yes,no,unknown,9,may,393,2,-1,0,unknown,no,2026-02-01 00:00:00
42,admin.,married,secondary,no,247,yes,no,cellular,31,jul,76,5,-1,0,unknown,no,2026-02-01 01:00:00
52,management,divorced,tertiary,no,-803,yes,no,cellular,7,aug,131,3,-1,0,unknown,no,2026-02-01 02:00:00
61,unknown,married,tertiary,no,50,no,no,unknown,19,jun,216,2,-1,0,unknown,no,2026-02-01 03:00:00
44,blue-collar,married,secondary,no,776,yes,no,unknown,29,may,306,1,-1,0,unknown,no,2026-02-01 04:00:00
39,blue-collar,married,secondary,no,345,yes,no,cellular,15,jul,179,3,-1,0,unknown,no,2026-02-01 05:00:00
25,student,single,secondary,no,1116,yes,no,cellular,2,mar,170,3,-1,0,unknown,no,2026-02-01 06:00:00
34,blue-collar,single,primary,no,0,yes,yes,cellular,21,jul,100,2,-1,0,unknown,no,2026-02-01 07:00:00
49,blue-collar,married,secondary,no,1230,yes,yes,cellular,15,may,167,2,373,3,failure,no,2026-02-01 08:00:00
31,self-employed,single,secondary,no,148,yes,yes,cellular,20,nov,1145,4,-1,0,unknown,no,2026-02-01 09:00:00
38,management,married,tertiary,no,1354,yes,no,cellular,8,jun,127,3,130,2,failure,no,2026-02-01 10:00:00
23,blue-collar,single,primary,no,145,yes,no,unknown,4,jun,1519,1,-1,0,unknown,no,2026-02-01 11:00:00
41,self-employed,divorced,tertiary,no,1256,no,no,telephone,9,feb,147,3,-1,0,unknown,no,2026-02-01 12:00:00
28,student,single,secondary,no,970,no,no,telephone,4,aug,297,1,-1,0,unknown,no,2026-02-01 13:00:00
27,blue-collar,single,unknown,no,-15,yes,yes,cellular,15,may,212,4,312,6,other,no,2026-02-01 14:00:00
48,technician,married,tertiary,no,1036,yes,yes,telephone,17,nov,71,2,-1,0,unknown,no,2026-02-01 15:00:00
32,management,single,tertiary,no,258,yes,no,cellular,29,aug,131,4,-1,0,unknown,no,2026-02-01 16:00:00
55,self-employed,married,secondary,no,2678,no,yes,cellular,18,aug,151,12,-1,0,unknown,no,2026-02-01 17:00:00
32,services,married,secondary,no,2196,yes,no,cellular,21,jul,1156,1,-1,0,unknown,no,2026-02-01 18:00:00
35,blue-collar,married,secondary,no,280,yes,yes,cellular,31,jul,65,50,-1,0,unknown,no,2026-02-01 19:00:00
29,entrepreneur,married,secondary,no,65,yes,no,cellular,28,jul,19,14,-1,0,unknown,no,2026-02-01 20:00:00
49,blue-collar,married,secondary,no,1264,no,no,cellular,8,aug,140,3,-1,0,unknown,no,2026-02-01 21:00:00
78,retired,married,unknown,no,3208,no,no,telephone,20,may,351,3,-1,0,unknown,yes,2026-02-01 22:00:00
30,blue-collar,married,secondary,no,0,no,no,unknown,19,may,159,3,-1,0,unknown,no,2026-02-01 23:00:00
37,admin.,married,secondary,no,1345,yes,no,unknown,3,jun,59,2,-1,0,unknown,no,2026-02-02 00:00:00
29,self-employed,single,tertiary,no,270,yes,no,cellular,15,oct,94,5,274,11,failure,no,2026-02-02 01:00:00
26,blue-collar,single,secondary,no,450,no,yes,cellular,3,feb,542,1,-1,0,unknown,no,2026-02-02 02:00:00
44,blue-collar,married,primary,no,2467,yes,no,unknown,15,may,36,1,-1,0,unknown,no,2026-02-02 03:00:00
23,student,single,secondary,no,107,no,no,cellular,14,oct,84,1,183,1,success,yes,2026-02-02 04:00:00
33,management,single,secondary,no,-298,no,no,cellular,22,aug,168,2,-1,0,unknown,no,2026-02-02 05:00:00
48,entrepreneur,married,tertiary,no,0,no,yes,cellular,8,aug,85,9,-1,0,unknown,no,2026-02-02 06:00:00
53,self-employed,married,secondary,no,1066,yes,no,cellular,7,may,57,2,170,4,failure,no,2026-02-02 07:00:00
32,services,single,secondary,no,182,yes,no,cellular,6,may,145,1,-1,0,unknown,no,2026-02-02 08:00:00
37,management,divorced,tertiary,no,503,yes,no,cellular,6,may,220,1,-1,0,unknown,no,2026-02-02 09:00:00
55,retired,married,secondary,no,4194,no,yes,telephone,30,jul,208,3,-1,0,unknown,no,2026-02-02 10:00:00
46,admin.,married,secondary,no,311,no,no,cellular,7,aug,225,6,-1,0,unknown,no,2026-02-02 11:00:00
57,management,married,primary,no,772,yes,no,telephone,8,sep,201,1,292,1,failure,no,2026-02-02 12:00:00
44,management,married,tertiary,no,1858,no,no,cellular,6,aug,113,4,-1,0,unknown,no,2026-02-02 13:00:00
56,management,married,primary,no,93,yes,no,unknown,7,may,282,2,-1,0,unknown,no,2026-02-02 14:00:00
47,blue-collar,divorced,primary,no,223,yes,no,telephone,7,may,140,2,-1,0,unknown,no,2026-02-02 15:00:00
43,technician,married,tertiary,no,226,no,no,cellular,21,aug,156,6,-1,0,unknown,no,2026-02-02 16:00:00
44,entrepreneur,married,primary,no,650,yes,no,cellular,6,may,142,2,-1,0,unknown,no,2026-02-02 17:00:00
24,technician,single,tertiary,no,1954,yes,yes,unknown,27,may,78,1,-1,0,unknown,no,2026-02-02 18:00:00
49,blue-collar,married,secondary,no,360,no,no,cellular,10,jul,168,1,-1,0,unknown,no,2026-02-02 19:00:00
42,services,single,tertiary,no,94,yes,no,cellular,11,aug,176,2,90,4,failure,yes,2026-02-02 20:00:00
46,services,married,primary,no,116,yes,no,cellular,18,may,267,4,341,3,failure,no,2026-02-02 21:00:00
38,technician,married,secondary,no,1478,no,no,cellular,12,aug,926,4,-1,0,unknown,yes,2026-02-02 22:00:00
44,blue-collar,married,primary,no,412,yes,no,unknown,15,may,56,13,-1,0,unknown,no,2026-02-02 23:00:00
51,blue-collar,married,primary,no,303,yes,no,unknown,3,jun,87,7,-1,0,unknown,no,2026-02-03 00:00:00
25,management,single,tertiary,no,89,no,no,cellular,7,sep,274,1,-1,0,unknown,no,2026-02-03 01:00:00
47,technician,married,secondary,no,6704,yes,no,cellular,20,nov,37,2,-1,0,unknown,no,2026-02-03 02:00:00
55,management,divorced,tertiary,no,5399,no,yes,cellular,30,apr,124,1,28,3,failure,no,2026-02-03 03:00:00
32,blue-collar,single,secondary,yes,-575,yes,no,cellular,14,may,24,6,346,9,failure,no,2026-02-03 04:00:00
34,technician,single,tertiary,no,19,no,no,cellular,20,aug,345,3,-1,0,unknown,no,2026-02-03 05:00:00
57,blue-collar,married,primary,no,5431,yes,yes,unknown,6,may,383,1,-1,0,unknown,no,2026-02-03 06:00:00
52,blue-collar,married,primary,no,4793,yes,no,unknown,6,jun,176,2,-1,0,unknown,no,2026-02-03 07:00:00
33,management,divorced,tertiary,no,-336,no,no,cellular,12,aug,75,2,-1,0,unknown,no,2026-02-03 08:00:00
62,retired,married,secondary,no,2917,no,no,cellular,12,apr,147,1,188,1,success,no,2026-02-03 09:00:00
37,technician,single,secondary,no,864,yes,no,unknown,30,may,171,1,-1,0,unknown,no,2026-02-03 10:00:00
40,technician,married,tertiary,no,397,no,no,unknown,18,jun,50,1,-1,0,unknown,no,2026-02-03 11:00:00
37,blue-collar,divorced,secondary,no,368,yes,no,unknown,13,may,194,2,-1,0,unknown,no,2026-02-03 12:00:00
38,management,married,tertiary,no,89,yes,no,cellular,14,may,71,1,360,10,failure,no,2026-02-03 13:00:00
59,retired,married,primary,no,488,no,no,cellular,31,jul,231,2,-1,0,unknown,no,2026-02-03 14:00:00
31,services,single,secondary,no,1987,yes,no,telephone,20,nov,55,2,-1,0,unknown,no,2026-02-03 15:00:00
50,management,married,secondary,no,-44,yes,no,unknown,27,may,45,1,-1,0,unknown,no,2026-02-03 16:00:00
48,management,married,tertiary,no,734,yes,no,unknown,17,jun,1208,3,-1,0,unknown,no,2026-02-03 17:00:00
51,blue-collar,divorced,primary,no,-413,yes,no,unknown,29,may,331,4,-1,0,unknown,no,2026-02-03 18:00:00
49,blue-collar,married,primary,no,0,yes,yes,telephone,23,jul,97,6,-1,0,unknown,no,2026-02-03 19:00:00
35,management,married,tertiary,no,3168,no,no,cellular,22,aug,24,30,-1,0,unknown,no,2026-02-03 20:00:00
35,services,married,secondary,no,74,yes,no,unknown,27,may,112,1,-1,0,unknown,no,2026-02-03 21:00:00
57,management,married,primary,no,-226,yes,no,unknown,4,jun,272,1,-1,0,unknown,no,2026-02-03 22:00:00
47,technician,married,unknown,no,178,yes,no,unknown,6,may,169,1,-1,0,unknown,no,2026-02-03 23:00:00
40,blue-collar,married,primary,no,68,yes,no,unknown,30,may,170,19,-1,0,unknown,no,2026-02-04 00:00:00
38,management,married,tertiary,no,551,yes,no,unknown,12,may,1875,4,-1,0,unknown,no,2026-02-04 01:00:00
53,admin.,divorced,secondary,no,-394,yes,no,unknown,15,may,599,2,-1,0,unknown,no,2026-02-04 02:00:00
38,blue-collar,married,secondary,no,222,yes,yes,cellular,7,jul,164,5,-1,0,unknown,no,2026-02-04 03:00:00
44,blue-collar,married,secondary,no,1311,yes,no,cellular,13,may,184,1,364,1,failure,no,2026-02-04 04:00:00
40,admin.,married,secondary,no,0,no,no,cellular,26,oct,87,2,200,2,failure,no,2026-02-04 05:00:00
41,entrepreneur,married,tertiary,no,340,yes,no,cellular,16,jul,206,2,-1,0,unknown,no,2026-02-04 06:00:00
30,blue-collar,married,secondary,no,10395,yes,no,cellular,20,nov,121,1,-1,0,unknown,no,2026-02-04 07:00:00
48,blue-collar,single,secondary,no,0,yes,no,cellular,5,may,95,1,-1,0,unknown,no,2026-02-04 08:00:00
35,unemployed,single,secondary,no,221,no,no,cellular,29,jan,374,1,-1,0,unknown,no,2026-02-04 09:00:00
53,technician,divorced,secondary,no,45,no,no,unknown,28,may,171,6,-1,0,unknown,no,2026-02-04 10:00:00
34,admin.,married,secondary,no,1467,yes,no,cellular,17,apr,113,1,332,2,failure,no,2026-02-04 11:00:00
30,admin.,single,secondary,no,-1,yes,no,unknown,28,may,141,1,-1,0,unknown,no,2026-02-04 12:00:00
51,management,married,tertiary,no,938,no,no,cellular,11,nov,98,2,97,3,failure,no,2026-02-04 13:00:00
36,management,divorced,tertiary,no,59,no,no,cellular,13,aug,526,2,-1,0,unknown,yes,2026-02-04 14:00:00
49,admin.,married,secondary,no,512,yes,yes,unknown,14,may,455,3,-1,0,unknown,no,2026-02-04 15:00:00
44,management,married,tertiary,no,-199,yes,no,telephone,22,jul,261,12,-1,0,unknown,no,2026-02-04 16:00:00
45,technician,divorced,secondary,no,72,yes,no,cellular,31,jul,115,5,-1,0,unknown,no,2026-02-04 17:00:00
32,technician,married,tertiary,no,4654,yes,yes,cellular,15,jul,134,2,-1,0,unknown,no,2026-02-04 18:00:00
41,admin.,married,secondary,no,752,no,yes,cellular,8,may,86,4,-1,0,unknown,no,2026-02-04 19:00:00
44,technician,married,secondary,no,2626,yes,no,unknown,14,may,567,3,-1,0,unknown,no,2026-02-04 20:00:00
45,blue-collar,married,secondary,no,162,no,no,cellular,8,aug,130,2,-1,0,unknown,no,2026-02-04 21:00:00
59,admin.,married,secondary,no,205,no,no,telephone,1,jun,277,1,-1,0,unknown,no,2026-02-04 22:00:00
39,technician,divorced,secondary,no,807,yes,yes,cellular,13,may,69,1,260,6,failure,no,2026-02-04 23:00:00
41,technician,single,secondary,no,769,no,yes,cellular,20,nov,222,4,98,4,other,no,2026-02-05 00:00:00
46,housemaid,married,primary,no,1175,no,no,cellular,7,aug,181,2,-1,0,unknown,no,2026-02-05 01:00:00
37,management,married,tertiary,no,17335,no,no,cellular,20,apr,108,1,-1,0,unknown,no,2026-02-05 02:00:00
30,self-employed,single,tertiary,no,253,yes,no,unknown,23,may,167,4,-1,0,unknown,no,2026-02-05 03:00:00
32,admin.,married,secondary,no,0,no,no,cellular,25,jul,209,1,-1,0,unknown,no,2026-02-05 04:00:00
45,entrepreneur,married,tertiary,no,1503,no,no,cellular,17,nov,212,3,-1,0,unknown,no,2026-02-05 05:00:00
34,unemployed,married,secondary,no,156,yes,no,cellular,5,may,136,5,-1,0,unknown,no,2026-02-05 06:00:00
33,services,single,tertiary,no,692,no,no,cellular,24,apr,86,1,-1,0,unknown,no,2026-02-05 07:00:00
46,blue-collar,single,secondary,no,374,no,yes,cellular,4,feb,23,5,7,2,other,no,2026-02-05 08:00:00
34,management,married,tertiary,no,498,yes,no,cellular,29,jan,84,1,251,2,failure,no,2026-02-05 09:00:00
28,student,single,secondary,no,4716,yes,no,unknown,26,may,329,2,-1,0,unknown,no,2026-02-05 10:00:00
58,blue-collar,single,primary,no,26,yes,no,cellular,12,may,600,4,-1,0,unknown,no,2026-02-05 11:00:00
65,retired,divorced,primary,no,1840,no,no,cellular,1,jun,383,2,188,5,failure,no,2026-02-05 12:00:00
27,admin.,married,secondary,no,102,yes,no,cellular,29,jan,123,2,-1,0,unknown,no,2026-02-05 13:00:00
22,student,single,secondary,no,722,yes,no,cellular,2,apr,108,1,-1,0,unknown,no,2026-02-05 14:00:00
58,admin.,married,secondary,no,-1196,yes,yes,unknown,14,may,256,4,-1,0,unknown,no,2026-02-05 15:00:00
31,blue-collar,married,unknown,no,92,yes,no,unknown,23,may,98,17,-1,0,unknown,no,2026-02-05 16:00:00
44,blue-collar,married,primary,no,0,yes,no,unknown,14,may,220,7,-1,0,unknown,no,2026-02-05 17:00:00
39,blue-collar,married,primary,no,-100,yes,no,unknown,5,may,680,2,-1,0,unknown,no,2026-02-05 18:00:00
32,services,single,secondary,no,2459,yes,yes,unknown,23,may,162,1,-1,0,unknown,no,2026-02-05 19:00:00
37,management,single,tertiary,no,131,no,no,telephone,14,aug,293,2,-1,0,unknown,no,2026-02-05 20:00:00
53,entrepreneur,married,tertiary,no,17410,no,no,cellular,31,jul,59,6,-1,0,unknown,no,2026-02-05 21:00:00
59,housemaid,married,primary,no,182,no,no,cellular,3,feb,133,1,-1,0,unknown,no,2026-02-05 22:00:00
24,services,single,secondary,no,0,no,no,unknown,16,may,280,1,-1,0,unknown,no,2026-02-05 23:00:00
32,management,married,tertiary,no,972,no,no,cellular,14,aug,297,4,-1,0,unknown,no,2026-02-06 00:00:00
45,services,married,secondary,no,0,no,no,cellular,5,aug,196,2,-1,0,unknown,no,2026-02-06 01:00:00
24,admin.,single,secondary,no,1052,no,no,cellular,30,apr,354,1,-1,0,unknown,yes,2026-02-06 02:00:00
34,self-employed,married,tertiary,no,5498,no,no,cellular,19,nov,265,1,-1,0,unknown,no,2026-02-06 03:00:00
38,blue-collar,married,secondary,no,1165,yes,no,cellular,13,aug,784,3,94,10,failure,yes,2026-02-06 04:00:00
38,entrepreneur,married,unknown,no,1134,yes,no,cellular,7,may,249,4,332,3,failure,no,2026-02-06 05:00:00
39,management,married,tertiary,no,141,yes,no,cellular,13,may,788,2,331,6,other,no,2026-02-06 06:00:00
38,blue-collar,married,primary,no,1131,yes,no,unknown,29,may,102,3,-1,0,unknown,no,2026-02-06 07:00:00
27,self-employed,single,tertiary,no,362,yes,no,cellular,15,may,76,2,-1,0,unknown,no,2026-02-06 08:00:00
43,blue-collar,married,unknown,no,1123,yes,no,cellular,16,apr,191,2,322,3,failure,no,2026-02-06 09:00:00
32,technician,divorced,secondary,no,2870,no,no,cellular,18,aug,91,4,-1,0,unknown,no,2026-02-06 10:00:00
51,management,single,tertiary,no,5341,no,no,cellular,30,apr,184,2,-1,0,unknown,no,2026-02-06 11:00:00
59,entrepreneur,married,primary,no,0,no,no,telephone,19,nov,207,2,153,1,failure,no,2026-02-06 12:00:00
43,retired,divorced,primary,no,5805,no,no,cellular,13,aug,111,5,-1,0,unknown,no,2026-02-06 13:00:00
43,admin.,married,secondary,no,429,yes,no,unknown,27,may,222,4,-1,0,unknown,no,2026-02-06 14:00:00
60,unknown,married,unknown,no,17297,no,no,cellular,26,aug,664,11,-1,0,unknown,yes,2026-02-06 15:00:00
40,unemployed,single,secondary,no,75,yes,no,unknown,29,may,203,1,-1,0,unknown,no,2026-02-06 16:00:00
50,unemployed,married,secondary,no,-13,yes,no,unknown,14,may,554,1,-1,0,unknown,no,2026-02-06 17:00:00
44,technician,married,secondary,no,2981,yes,yes,cellular,22,may,106,1,101,2,failure,no,2026-02-06 18:00:00
38,blue-collar,married,secondary,no,2342,no,no,unknown,12,jun,136,2,-1,0,unknown,no,2026-02-06 19:00:00
53,admin.,married,secondary,no,53,yes,no,cellular,18,may,387,1,-1,0,unknown,yes,2026-02-06 20:00:00
25,admin.,married,secondary,no,16,yes,no,unknown,16,may,129,1,-1,0,unknown,no,2026-02-06 21:00:00
34,blue-collar,married,secondary,no,332,no,no,cellular,14,may,134,2,-1,0,unknown,no,2026-02-06 22:00:00
37,services,married,secondary,no,358,yes,no,unknown,6,may,390,3,-1,0,unknown,no,2026-02-06 23:00:00
41,technician,married,secondary,no,10438,yes,no,telephone,15,jul,141,4,-1,0,unknown,no,2026-02-07 00:00:00
41,technician,divorced,secondary,no,611,yes,no,cellular,28,jul,157,5,-1,0,unknown,no,2026-02-07 01:00:00
25,admin.,single,secondary,no,53,yes,no,cellular,12,may,213,6,-1,0,unknown,no,2026-02-07 02:00:00
33,management,married,tertiary,no,3301,yes,no,cellular,2,nov,131,2,171,2,failure,no,2026-02-07 03:00:00
53,management,divorced,secondary,no,1004,no,yes,telephone,22,dec,119,1,-1,0,unknown,yes,2026-02-07 04:00:00
38,management,married,tertiary,no,223,no,no,cellular,28,jan,63,1,-1,0,unknown,no,2026-02-07 05:00:00
35,technician,divorced,tertiary,no,20,yes,yes,cellular,7,aug,51,2,-1,0,unknown,no,2026-02-07 06:00:00
35,unemployed,divorced,tertiary,no,8903,yes,no,cellular,21,nov,336,6,-1,0,unknown,no,2026-02-07 07:00:00
31,technician,single,secondary,no,55,no,no,unknown,28,may,350,1,-1,0,unknown,no,2026-02-07 08:00:00
33,management,married,tertiary,no,455,yes,yes,unknown,29,may,122,10,-1,0,unknown,no,2026-02-07 09:00:00
30,technician,single,secondary,no,1572,yes,yes,unknown,23,may,209,3,-1,0,unknown,no,2026-02-07 10:00:00
39,blue-collar,married,primary,no,3503,no,no,unknown,5,jun,89,1,-1,0,unknown,no,2026-02-07 11:00:00
51,technician,married,tertiary,no,87,no,no,cellular,26,aug,42,7,-1,0,unknown,no,2026-02-07 12:00:00
60,admin.,married,unknown,no,478,no,no,cellular,11,sep,324,8,-1,0,unknown,no,2026-02-07 13:00:00
59,management,married,primary,no,0,yes,no,telephone,7,may,123,3,-1,0,unknown,no,2026-02-07 14:00:00
52,admin.,married,primary,no,813,no,yes,cellular,5,aug,113,2,-1,0,unknown,no,2026-02-07 15:00:00
27,management,single,tertiary,no,321,yes,no,cellular,13,may,173,2,307,1,other,no,2026-02-07 16:00:00
39,blue-collar,married,primary,no,-119,no,no,unknown,17,jun,135,6,-1,0,unknown,no,2026-02-07 17:00:00
28,technician,single,tertiary,no,1050,yes,no,unknown,26,may,293,1,-1,0,unknown,no,2026-02-07 18:00:00
39,technician,single,secondary,no,1820,no,no,unknown,5,jun,231,2,-1,0,unknown,no,2026-02-07 19:00:00
40,management,married,secondary,no,754,no,yes,cellular,6,apr,635,1,-1,0,unknown,yes,2026-02-07 20:00:00
47,blue-collar,married,tertiary,no,1707,no,no,cellular,27,aug,71,7,-1,0,unknown,no,2026-02-07 21:00:00
39,technician,married,tertiary,no,99,no,no,cellular,14,aug,170,2,-1,0,unknown,no,2026-02-07 22:00:00
28,blue-collar,married,secondary,no,61,yes,no,cellular,11,feb,253,1,174,4,success,yes,2026-02-07 23:00:00
43,blue-collar,married,secondary,no,167,yes,no,unknown,7,may,243,1,-1,0,unknown,no,2026-02-08 00:00:00
36,management,single,secondary,no,532,yes,no,cellular,6,may,50,1,-1,0,unknown,no,2026-02-08 01:00:00
49,services,single,secondary,no,3061,yes,no,unknown,15,may,155,2,-1,0,unknown,no,2026-02-08 02:00:00
49,services,married,secondary,no,-33,yes,no,unknown,6,jun,774,13,-1,0,unknown,no,2026-02-08 03:00:00
39,blue-collar,single,primary,no,581,yes,no,cellular,27,feb,233,1,270,1,other,yes,2026-02-08 04:00:00
53,blue-collar,married,primary,no,256,yes,no,unknown,2,jun,202,1,-1,0,unknown,no,2026-02-08 05:00:00
41,blue-collar,married,secondary,no,-664,yes,yes,cellular,13,may,185,4,-1,0,unknown,no,2026-02-08 06:00:00
45,technician,married,secondary,no,1971,yes,no,cellular,21,nov,182,3,-1,0,unknown,no,2026-02-08 07:00:00
44,technician,married,secondary,no,2575,yes,yes,cellular,29,jul,129,2,-1,0,unknown,no,2026-02-08 08:00:00
26,technician,married,tertiary,no,233,yes,no,cellular,25,jul,175,1,-1,0,unknown,no,2026-02-08 09:00:00
51,admin.,divorced,secondary,no,-338,yes,no,cellular,29,jul,97,2,-1,0,unknown,no,2026-02-08 10:00:00
32,blue-collar,single,secondary,no,1342,yes,no,unknown,23,may,109,2,-1,0,unknown,no,2026-02-08 11:00:00
57,technician,married,unknown,no,345,yes,no,unknown,6,may,125,1,-1,0,unknown,no,2026-02-08 12:00:00
40,services,divorced,primary,no,4,yes,no,cellular,7,may,171,2,-1,0,unknown,no,2026-02-08 13:00:00
23,admin.,single,secondary,no,290,yes,no,unknown,12,may,163,4,-1,0,unknown,no,2026-02-08 14:00:00
36,technician,married,tertiary,no,844,yes,yes,cellular,25,oct,129,1,-1,0,unknown,no,2026-02-08 15:00:00
33,blue-collar,married,primary,no,-3,yes,no,telephone,17,apr,114,2,-1,0,unknown,no,2026-02-08 16:00:00
33,blue-collar,married,secondary,no,88,yes,no,unknown,9,may,57,2,-1,0,unknown,no,2026-02-08 17:00:00
28,admin.,single,tertiary,no,1104,yes,no,cellular,28,jul,73,7,-1,0,unknown,no,2026-02-08 18:00:00
56,entrepreneur,married,tertiary,no,8741,yes,no,unknown,20,may,318,3,-1,0,unknown,no,2026-02-08 19:00:00
28,entrepreneur,single,tertiary,no,283,yes,no,cellular,8,jul,22,3,-1,0,unknown,no,2026-02-08 20:00:00
51,blue-collar,married,secondary,no,794,yes,no,telephone,24,jul,747,1,-1,0,unknown,no,2026-02-08 21:00:00
27,management,single,tertiary,no,1720,no,no,cellular,15,jun,910,1,224,3,success,yes,2026-02-08 22:00:00
54,management,divorced,tertiary,no,3222,no,no,cellular,14,aug,67,2,-1,0,unknown,no,2026-02-08 23:00:00
37,services,divorced,primary,no,260,yes,no,cellular,17,apr,446,2,-1,0,unknown,no,2026-02-09 00:00:00
57,management,married,primary,no,2911,yes,yes,telephone,6,may,276,2,-1,0,unknown,no,2026-02-09 01:00:00
29,blue-collar,married,primary,no,787,yes,no,cellular,24,jul,257,2,-1,0,unknown,no,2026-02-09 02:00:00
48,admin.,single,secondary,no,1150,yes,no,unknown,28,may,357,1,-1,0,unknown,no,2026-02-09 03:00:00
59,blue-collar,married,secondary,no,10054,no,no,cellular,21,nov,175,3,100,6,failure,no,2026-02-09 04:00:00
35,technician,single,secondary,no,79,yes,no,cellular,26,aug,12,16,-1,0,unknown,no,2026-02-09 05:00:00
24,blue-collar,single,secondary,no,5482,yes,no,cellular,18,may,424,2,-1,0,unknown,no,2026-02-09 06:00:00
35,management,married,tertiary,no,1485,yes,no,cellular,17,nov,104,1,-1,0,unknown,no,2026-02-09 07:00:00
28,technician,single,secondary,no,909,no,yes,cellular,7,jul,532,1,-1,0,unknown,yes,2026-02-09 08:00:00
28,technician,single,secondary,no,-125,yes,no,unknown,9,may,67,3,-1,0,unknown,no,2026-02-09 09:00:00
41,blue-collar,married,unknown,no,665,yes,no,unknown,19,may,142,3,-1,0,unknown,no,2026-02-09 10:00:00
27,student,single,secondary,no,162,no,no,telephone,20,apr,116,1,-1,0,unknown,no,2026-02-09 11:00:00
48,blue-collar,single,primary,no,1080,yes,no,unknown,16,jun,112,3,-1,0,unknown,no,2026-02-09 12:00:00
67,retired,married,secondary,no,203,no,no,cellular,11,oct,405,1,266,2,success,yes,2026-02-09 13:00:00
50,blue-collar,married,primary,no,4108,yes,no,cellular,7,aug,526,2,-1,0,unknown,yes,2026-02-09 14:00:00
29,management,married,tertiary,no,103,yes,no,cellular,17,apr,368,1,336,2,failure,no,2026-02-09 15:00:00
31,management,married,tertiary,no,1720,yes,yes,cellular,18,jul,104,1,-1,0,unknown,no,2026-02-09 16:00:00
36,blue-collar,married,primary,no,250,yes,no,unknown,8,may,149,1,-1,0,unknown,no,2026-02-09 17:00:00
46,management,single,tertiary,yes,-344,no,no,cellular,8,aug,142,4,-1,0,unknown,no,2026-02-09 18:00:00
50,management,married,tertiary,no,2488,yes,no,unknown,29,may,91,2,-1,0,unknown,no,2026-02-09 19:00:00
54,management,married,tertiary,no,384,yes,no,cellular,12,may,30,7,-1,0,unknown,no,2026-02-09 20:00:00
51,technician,married,secondary,no,6840,no,no,telephone,7,jul,257,1,-1,0,unknown,yes,2026-02-09 21:00:00
49,blue-collar,married,secondary,no,-454,yes,no,cellular,14,may,558,1,-1,0,unknown,yes,2026-02-09 22:00:00
45,self-employed,married,secondary,no,706,no,no,cellular,30,apr,78,2,176,1,success,no,2026-02-09 23:00:00
58,admin.,married,secondary,no,451,no,no,cellular,18,aug,729,5,-1,0,unknown,no,2026-02-10 00:00:00
55,self-employed,married,tertiary,no,0,no,no,cellular,17,nov,252,3,-1,0,unknown,no,2026-02-10 01:00:00
38,housemaid,married,secondary,no,1372,yes,yes,unknown,15,may,224,1,-1,0,unknown,no,2026-02-10 02:00:00
38,technician,married,secondary,no,994,no,no,unknown,9,jun,119,1,-1,0,unknown,no,2026-02-10 03:00:00
36,management,married,tertiary,no,2823,no,no,unknown,9,jun,411,2,-1,0,unknown,no,2026-02-10 04:00:00
55,technician,divorced,tertiary,no,0,no,no,cellular,17,nov,134,2,91,1,success,yes,2026-02-10 05:00:00
49,management,married,tertiary,no,1050,yes,no,cellular,18,nov,924,1,-1,0,unknown,yes,2026-02-10 06:00:00
30,technician,single,tertiary,no,-111,no,no,unknown,2,jun,266,2,-1,0,unknown,no,2026-02-10 07:00:00
34,technician,married,secondary,no,46,yes,yes,unknown,3,jul,412,1,-1,0,unknown,no,2026-02-10 08:00:00
32,management,single,tertiary,no,2983,yes,no,cellular,12,oct,268,1,102,1,failure,no,2026-02-10 09:00:00
40,self-employed,married,primary,no,92,yes,no,unknown,13,may,92,1,-1,0,unknown,no,2026-02-10 10:00:00
34,self-employed,married,secondary,no,1813,no,no,cellular,4,may,370,5,-1,0,unknown,no,2026-02-10 11:00:00
41,blue-collar,married,primary,no,201,yes,no,cellular,3,feb,157,1,-1,0,unknown,yes,2026-02-10 12:00:00
65,retired,married,primary,no,343,no,no,telephone,5,feb,159,2,-1,0,unknown,no,2026-02-10 13:00:00
56,blue-collar,married,secondary,no,527,no,yes,telephone,23,jul,122,4,-1,0,unknown,no,2026-02-10 14:00:00
54,technician,married,secondary,no,-315,no,yes,cellular,10,jul,2029,1,-1,0,unknown,yes,2026-02-10 15:00:00
45,technician,divorced,secondary,no,0,yes,yes,unknown,11,jun,127,1,-1,0,unknown,no,2026-02-10 16:00:00
30,management,single,tertiary,no,4896,no,no,cellular,19,nov,132,1,-1,0,unknown,no,2026-02-10 17:00:00
59,retired,married,secondary,no,19,no,yes,cellular,19,aug,271,3,-1,0,unknown,no,2026-02-10 18:00:00
30,blue-collar,married,primary,no,135,yes,no,telephone,17,jul,268,5,-1,0,unknown,no,2026-02-10 19:00:00
44,blue-collar,married,secondary,no,294,yes,no,cellular,2,feb,246,1,259,2,failure,no,2026-02-10 20:00:00
57,retired,married,secondary,no,1794,no,yes,unknown,20,jun,13,3,-1,0,unknown,no,2026-02-10 21:00:00
57,technician,married,secondary,no,0,no,no,cellular,22,aug,527,6,-1,0,unknown,no,2026-02-10 22:00:00
36,technician,married,secondary,no,110,no,no,cellular,18,aug,80,4,-1,0,unknown,no,2026-02-10 23:00:00
42,unemployed,single,secondary,no,2613,yes,no,cellular,30,jul,174,6,-1,0,unknown,no,2026-02-11 00:00:00
35,blue-collar,married,secondary,no,0,no,yes,cellular,21,jul,72,4,-1,0,unknown,no,2026-02-11 01:00:00
43,management,divorced,tertiary,no,-166,yes,yes,cellular,26,aug,176,2,-1,0,unknown,no,2026-02-11 02:00:00
34,management,married,tertiary,no,0,no,no,cellular,20,aug,263,2,-1,0,unknown,no,2026-02-11 03:00:00
47,admin.,divorced,secondary,no,95,yes,yes,telephone,28,jan,270,3,-1,0,unknown,no,2026-02-11 04:00:00
35,technician,married,secondary,no,-67,yes,no,cellular,17,jul,160,6,-1,0,unknown,no,2026-02-11 05:00:00
51,management,single,tertiary,no,102127,no,no,cellular,3,jun,90,1,-1,0,unknown,no,2026-02-11 06:00:00
34,housemaid,married,secondary,no,1969,no,no,cellular,7,aug,252,4,-1,0,unknown,no,2026-02-11 07:00:00
48,services,married,secondary,no,2739,no,no,telephone,23,jul,173,4,-1,0,unknown,no,2026-02-11 08:00:00
39,services,married,secondary,no,3870,yes,no,cellular,20,apr,72,1,-1,0,unknown,no,2026-02-11 09:00:00
32,technician,married,tertiary,no,240,yes,yes,cellular,14,jul,86,3,-1,0,unknown,no,2026-02-11 10:00:00
37,blue-collar,single,secondary,no,3764,no,no,unknown,16,jun,431,1,-1,0,unknown,no,2026-02-11 11:00:00
37,admin.,married,secondary,no,1967,no,no,telephone,27,oct,376,1,-1,0,unknown,yes,2026-02-11 12:00:00
59,technician,divorced,secondary,no,330,no,no,cellular,27,aug,27,5,-1,0,unknown,no,2026-02-11 13:00:00
32,blue-collar,single,primary,no,1426,yes,no,cellular,20,nov,114,1,-1,0,unknown,no,2026-02-11 14:00:00
55,blue-collar,married,primary,no,761,no,no,unknown,18,jun,67,1,-1,0,unknown,no,2026-02-11 15:00:00
42,blue-collar,single,secondary,no,625,no,no,unknown,19,jun,651,3,-1,0,unknown,yes,2026-02-11 16:00:00
39,blue-collar,married,secondary,no,1254,yes,no,cellular,15,may,133,1,353,5,other,no,2026-02-11 17:00:00
40,admin.,married,secondary,no,2,yes,no,unknown,16,may,29,1,-1,0,unknown,no,2026-02-11 18:00:00
36,technician,single,secondary,no,651,no,no,cellular,7,aug,876,1,-1,0,unknown,yes,2026-02-11 19:00:00
39,admin.,married,secondary,no,2319,no,no,cellular,21,nov,48,1,137,1,failure,no,2026-02-11 20:00:00
63,retired,divorced,primary,no,1840,no,no,cellular,12,mar,71,3,-1,0,unknown,no,2026-02-11 21:00:00
58,blue-collar,divorced,primary,no,820,yes,no,cellular,7,jul,200,4,-1,0,unknown,no,2026-02-11 22:00:00
55,blue-collar,married,secondary,yes,67,no,no,cellular,8,jul,267,2,-1,0,unknown,no,2026-02-11 23:00:00
34,technician,married,secondary,no,0,yes,no,cellular,25,jul,141,3,-1,0,unknown,no,2026-02-12 00:00:00
54,housemaid,married,secondary,no,0,no,yes,cellular,7,jul,97,1,-1,0,unknown,no,2026-02-12 01:00:00
32,blue-collar,married,secondary,no,944,no,no,cellular,13,may,231,2,362,1,other,no,2026-02-12 02:00:00
49,management,divorced,tertiary,no,10,no,no,cellular,8,aug,169,2,-1,0,unknown,no,2026-02-12 03:00:00
37,services,married,secondary,no,4430,yes,no,cellular,5,may,175,1,-1,0,unknown,no,2026-02-12 04:00:00
32,management,married,tertiary,no,644,yes,yes,unknown,8,may,477,2,-1,0,unknown,no,2026-02-12 05:00:00
36,services,married,secondary,no,2153,no,no,unknown,11,jun,181,2,-1,0,unknown,no,2026-02-12 06:00:00
55,technician,married,tertiary,no,1181,no,no,cellular,21,nov,42,1,-1,0,unknown,no,2026-02-12 07:00:00
41,management,married,tertiary,no,49,yes,no,cellular,17,jul,312,5,-1,0,unknown,no,2026-02-12 08:00:00
41,blue-collar,married,secondary,no,4910,yes,no,cellular,3,apr,1090,1,-1,0,unknown,no,2026-02-12 09:00:00
32,technician,single,tertiary,no,1527,yes,no,cellular,9,feb,172,1,92,3,failure,no,2026-02-12 10:00:00
32,services,single,secondary,no,6983,no,no,cellular,7,aug,255,1,-1,0,unknown,yes,2026-02-12 11:00:00
44,services,single,secondary,no,2886,no,no,unknown,20,jun,31,1,-1,0,unknown,no,2026-02-12 12:00:00
73,retired,married,tertiary,no,448,no,no,cellular,22,jun,68,1,90,1,success,no,2026-02-12 13:00:00
55,technician,married,tertiary,no,0,no,no,cellular,17,nov,501,1,-1,0,unknown,no,2026-02-12 14:00:00
31,management,married,tertiary,no,1750,yes,no,telephone,14,may,90,3,-1,0,unknown,no,2026-02-12 15:00:00
55,retired,married,primary,no,16432,no,no,cellular,14,aug,482,2,-1,0,unknown,no,2026-02-12 16:00:00
33,services,married,secondary,no,0,no,no,cellular,4,feb,264,1,-1,0,unknown,no,2026-02-12 17:00:00
30,management,divorced,tertiary,no,106,yes,no,cellular,18,jul,149,1,-1,0,unknown,no,2026-02-12 18:00:00
30,blue-collar,married,secondary,no,578,yes,yes,unknown,4,jun,48,1,-1,0,unknown,no,2026-02-12 19:00:00
40,entrepreneur,married,tertiary,no,2644,yes,no,cellular,3,apr,235,1,133,3,failure,no,2026-02-12 20:00:00
46,entrepreneur,married,unknown,no,242,yes,no,unknown,9,may,332,2,-1,0,unknown,no,2026-02-12 21:00:00
30,unemployed,single,tertiary,no,1622,no,no,cellular,19,nov,242,1,-1,0,unknown,no,2026-02-12 22:00:00
59,management,married,primary,no,2358,yes,no,cellular,17,apr,30,1,-1,0,unknown,no,2026-02-12 23:00:00
46,admin.,married,secondary,no,660,no,no,cellular,6,aug,740,2,-1,0,unknown,yes,2026-02-13 00:00:00
49,self-employed,married,tertiary,no,2199,yes,no,unknown,13,may,98,1,-1,0,unknown,no,2026-02-13 01:00:00
38,management,married,tertiary,no,0,yes,no,telephone,20,nov,25,2,-1,0,unknown,no,2026-02-13 02:00:00
56,entrepreneur,divorced,secondary,no,155,no,no,unknown,5,may,118,3,-1,0,unknown,no,2026-02-13 03:00:00
37,admin.,married,secondary,no,1193,no,no,cellular,12,may,396,2,-1,0,unknown,no,2026-02-13 04:00:00
43,blue-collar,married,primary,no,3131,yes,no,unknown,3,jun,441,3,-1,0,unknown,no,2026-02-13 05:00:00
38,self-employed,married,secondary,no,581,yes,no,cellular,4,feb,281,5,-1,0,unknown,no,2026-02-13 06:00:00
47,management,married,primary,yes,145,no,yes,unknown,1,jul,163,1,-1,0,unknown,no,2026-02-13 07:00:00
32,blue-collar,married,secondary,no,824,yes,no,cellular,3,apr,272,1,-1,0,unknown,no,2026-02-13 08:00:00
44,management,divorced,tertiary,no,409,yes,no,unknown,19,may,333,1,-1,0,unknown,no,2026-02-13 09:00:00
44,management,married,tertiary,no,38,yes,no,telephone,16,apr,201,2,330,8,other,no,2026-02-13 10:00:00
39,admin.,single,secondary,no,548,yes,no,unknown,3,jun,296,2,-1,0,unknown,no,2026-02-13 11:00:00
31,services,married,secondary,no,418,yes,yes,cellular,9,jul,219,1,-1,0,unknown,no,2026-02-13 12:00:00
33,technician,single,secondary,no,161,no,no,cellular,25,aug,66,9,-1,0,unknown,no,2026-02-13 13:00:00
43,admin.,married,secondary,no,584,no,no,unknown,20,jun,27,1,-1,0,unknown,no,2026-02-13 14:00:00
40,blue-collar,divorced,secondary,no,0,no,no,cellular,12,aug,266,2,-1,0,unknown,no,2026-02-13 15:00:00
44,technician,married,secondary,no,267,no,no,cellular,22,aug,520,2,-1,0,unknown,yes,2026-02-13 16:00:00
29,services,single,secondary,no,0,yes,no,unknown,20,may,227,9,-1,0,unknown,no,2026-02-13 17:00:00
36,blue-collar,married,primary,no,4693,yes,no,cellular,20,apr,15,6,152,21,other,no,2026-02-13 18:00:00
44,technician,divorced,secondary,no,314,yes,no,unknown,12,aug,18,1,651,1,success,no,2026-02-13 19:00:00
35,blue-collar,divorced,secondary,no,275,no,yes,cellular,10,jul,144,5,-1,0,unknown,no,2026-02-13 20:00:00
46,blue-collar,married,primary,no,665,no,no,cellular,30,jan,89,4,235,2,failure,no,2026-02-13 21:00:00
49,blue-collar,married,primary,no,284,yes,no,unknown,19,may,81,1,-1,0,unknown,no,2026-02-13 22:00:00
36,management,divorced,tertiary,no,94,no,yes,cellular,21,jul,43,2,-1,0,unknown,no,2026-02-13 23:00:00
37,blue-collar,divorced,primary,no,117,yes,no,cellular,18,may,125,3,350,4,failure,no,2026-02-14 00:00:00
43,technician,married,secondary,no,0,no,no,cellular,19,aug,103,2,-1,0,unknown,no,2026-02-14 01:00:00
29,management,single,tertiary,no,1422,yes,yes,unknown,20,jun,29,27,-1,0,unknown,no,2026-02-14 02:00:00
51,management,divorced,secondary,no,2843,yes,no,unknown,19,jun,97,2,-1,0,unknown,no,2026-02-14 03:00:00
70,retired,married,primary,no,7781,no,no,cellular,3,jul,222,1,-1,0,unknown,no,2026-02-14 04:00:00
31,services,single,secondary,no,3,yes,no,cellular,5,may,41,1,-1,0,unknown,no,2026-02-14 05:00:00
51,blue-collar,married,secondary,no,814,yes,no,cellular,14,may,17,8,-1,0,unknown,no,2026-02-14 06:00:00
43,services,married,secondary,no,2145,no,no,cellular,25,aug,291,2,95,4,success,yes,2026-02-14 07:00:00
37,unemployed,single,primary,no,1241,no,no,unknown,9,jun,60,2,-1,0,unknown,no,2026-02-14 08:00:00
38,services,married,secondary,no,123,yes,yes,telephone,16,jul,202,6,-1,0,unknown,no,2026-02-14 09:00:00
52,blue-collar,married,secondary,no,3622,yes,yes,unknown,23,may,40,7,-1,0,unknown,no,2026-02-14 10:00:00
27,admin.,married,secondary,no,1595,no,no,cellular,29,dec,196,2,197,2,success,yes,2026-02-14 11:00:00
28,admin.,married,secondary,no,629,yes,no,cellular,29,jan,107,1,245,2,other,no,2026-02-14 12:00:00
35,services,married,secondary,no,322,yes,yes,unknown,20,jun,590,4,-1,0,unknown,no,2026-02-14 13:00:00
49,services,married,secondary,no,1345,yes,no,cellular,20,apr,254,1,-1,0,unknown,no,2026-02-14 14:00:00
34,self-employed,single,tertiary,no,1798,yes,no,cellular,13,may,196,3,-1,0,unknown,no,2026-02-14 15:00:00
39,self-employed,married,tertiary,no,3246,yes,no,unknown,30,may,491,1,-1,0,unknown,no,2026-02-14 16:00:00
46,blue-collar,married,secondary,no,-70,yes,no,cellular,8,may,219,2,-1,0,unknown,no,2026-02-14 17:00:00
55,management,divorced,tertiary,no,0,no,no,cellular,22,oct,360,5,-1,0,unknown,yes,2026-02-14 18:00:00
51,technician,married,secondary,no,330,yes,no,unknown,13,may,72,4,-1,0,unknown,no,2026-02-14 19:00:00
28,housemaid,married,secondary,no,204,yes,no,cellular,24,jul,38,1,-1,0,unknown,no,2026-02-14 20:00:00
34,management,single,tertiary,no,178,yes,no,cellular,15,may,14,2,-1,0,unknown,no,2026-02-14 21:00:00
48,blue-collar,single,primary,no,185,yes,no,cellular,17,apr,193,1,-1,0,unknown,no,2026-02-14 22:00:00
42,management,single,tertiary,no,422,yes,no,unknown,23,may,25,2,-1,0,unknown,no,2026-02-14 23:00:00
38,technician,single,secondary,no,4723,yes,no,cellular,13,aug,187,2,-1,0,unknown,no,2026-02-15 00:00:00
45,blue-collar,married,secondary,no,2152,no,no,unknown,9,jun,92,1,-1,0,unknown,no,2026-02-15 01:00:00
34,management,single,unknown,no,355,yes,no,cellular,20,apr,51,3,-1,0,unknown,no,2026-02-15 02:00:00
56,retired,married,secondary,no,0,no,no,cellular,6,aug,113,3,-1,0,unknown,no,2026-02-15 03:00:00
45,management,married,primary,no,4629,no,no,telephone,2,apr,285,2,-1,0,unknown,no,2026-02-15 04:00:00
40,blue-collar,single,unknown,no,29,no,no,telephone,7,jul,118,2,-1,0,unknown,no,2026-02-15 05:00:00
50,management,married,tertiary,no,19,no,yes,cellular,23,jul,205,1,-1,0,unknown,no,2026-02-15 06:00:00
45,blue-collar,married,secondary,no,2926,yes,yes,cellular,22,jul,477,2,-1,0,unknown,no,2026-02-15 07:00:00
27,technician,single,tertiary,no,434,yes,no,unknown,13,jan,127,1,-1,0,unknown,no,2026-02-15 08:00:00
30,technician,married,secondary,no,743,no,no,cellular,29,jan,142,2,-1,0,unknown,no,2026-02-15 09:00:00
50,admin.,single,secondary,no,692,yes,no,unknown,30,may,136,8,-1,0,unknown,no,2026-02-15 10:00:00
28,management,single,tertiary,no,4985,yes,no,cellular,28,aug,108,2,-1,0,unknown,no,2026-02-15 11:00:00
33,technician,single,secondary,no,716,yes,no,cellular,14,may,234,2,-1,0,unknown,no,2026-02-15 12:00:00
51,blue-collar,married,secondary,no,984,yes,no,telephone,7,apr,353,4,-1,0,unknown,no,2026-02-15 13:00:00
34,unemployed,married,secondary,no,978,no,no,cellular,3,jun,262,2,71,1,success,yes,2026-02-15 14:00:00
40,technician,married,secondary,no,84,yes,no,cellular,8,aug,119,3,-1,0,unknown,no,2026-02-15 15:00:00
70,retired,married,secondary,no,2815,no,no,cellular,26,oct,67,1,-1,0,unknown,no,2026-02-15 16:00:00
36,blue-collar,single,primary,no,2491,no,yes,unknown,17,jun,168,2,-1,0,unknown,no,2026-02-15 17:00:00
26,blue-collar,single,secondary,no,463,no,yes,cellular,2,jul,248,2,-1,0,unknown,yes,2026-02-15 18:00:00
25,blue-collar,divorced,secondary,no,2428,yes,no,unknown,28,may,376,4,-1,0,unknown,no,2026-02-15 19:00:00
28,technician,married,secondary,no,58,no,no,unknown,16,may,136,2,-1,0,unknown,no,2026-02-15 20:00:00
54,management,divorced,tertiary,no,1692,yes,no,cellular,29,jul,299,5,-1,0,unknown,no,2026-02-15 21:00:00
22,student,single,secondary,no,1522,no,no,cellular,30,oct,368,2,-1,0,unknown,yes,2026-02-15 22:00:00
49,technician,married,secondary,no,2718,no,no,unknown,19,may,114,2,-1,0,unknown,no,2026-02-15 23:00:00
41,blue-collar,divorced,secondary,no,1491,yes,no,unknown,6,jun,100,2,-1,0,unknown,no,2026-02-16 00:00:00
34,management,married,tertiary,no,676,no,no,telephone,11,nov,486,1,-1,0,unknown,yes,2026-02-16 01:00:00
27,blue-collar,single,secondary,no,1401,yes,no,unknown,28,may,392,1,-1,0,unknown,no,2026-02-16 02:00:00
44,blue-collar,married,secondary,no,88,yes,no,cellular,2,jul,275,1,-1,0,unknown,yes,2026-02-16 03:00:00
32,blue-collar,single,secondary,no,218,yes,no,cellular,18,may,134,1,-1,0,unknown,no,2026-02-16 04:00:00
32,technician,single,secondary,no,17,no,no,cellular,28,aug,17,15,-1,0,unknown,no,2026-02-16 05:00:00
40,management,married,tertiary,no,543,yes,no,cellular,2,feb,349,2,262,275,other,no,2026-02-16 06:00:00
28,technician,married,secondary,no,487,yes,no,unknown,13,may,176,4,-1,0,unknown,no,2026-02-16 07:00:00
53,technician,married,secondary,no,65,no,no,cellular,25,aug,41,2,-1,0,unknown,no,2026-02-16 08:00:00
27,self-employed,single,tertiary,no,1393,no,no,cellular,31,mar,382,1,271,1,failure,no,2026-02-16 09:00:00
33,management,married,tertiary,no,321,yes,no,unknown,23,may,101,5,-1,0,unknown,no,2026-02-16 10:00:00
43,management,married,tertiary,no,5926,no,no,cellular,6,aug,685,2,-1,0,unknown,no,2026-02-16 11:00:00
52,services,married,secondary,no,774,yes,no,cellular,8,may,159,1,-1,0,unknown,no,2026-02-16 12:00:00
54,management,married,tertiary,no,2960,yes,no,cellular,20,nov,83,1,-1,0,unknown,no,2026-02-16 13:00:00
50,entrepreneur,married,tertiary,no,861,no,no,unknown,9,jun,117,1,-1,0,unknown,no,2026-02-16 14:00:00
23,student,single,secondary,no,922,no,no,cellular,1,sep,81,5,99,3,other,no,2026-02-16 15:00:00
40,management,married,tertiary,no,3812,no,no,cellular,6,aug,58,4,-1,0,unknown,no,2026-02-16 16:00:00
32,self-employed,married,tertiary,no,1918,no,no,cellular,28,jan,128,2,-1,0,unknown,no,2026-02-16 17:00:00
37,technician,single,secondary,no,1780,no,no,cellular,14,jul,392,4,-1,0,unknown,no,2026-02-16 18:00:00
29,technician,single,secondary,no,594,no,no,cellular,25,may,128,1,-1,0,unknown,no,2026-02-16 19:00:00
33,blue-collar,married,secondary,no,467,yes,no,unknown,21,may,494,2,-1,0,unknown,no,2026-02-16 20:00:00
27,student,single,unknown,no,468,no,no,cellular,4,feb,270,2,-1,0,unknown,no,2026-02-16 21:00:00
41,blue-collar,married,primary,no,1820,yes,no,telephone,21,nov,25,3,-1,0,unknown,no,2026-02-16 22:00:00
56,blue-collar,married,secondary,no,-203,yes,no,unknown,7,may,139,1,-1,0,unknown,no,2026-02-16 23:00:00
52,technician,married,unknown,no,989,no,no,cellular,5,aug,88,1,-1,0,unknown,no,2026-02-17 00:00:00
49,management,married,secondary,no,4848,no,no,unknown,12,jun,113,1,-1,0,unknown,no,2026-02-17 01:00:00
46,blue-collar,single,tertiary,no,283,no,no,cellular,7,apr,299,1,-1,0,unknown,yes,2026-02-17 02:00:00
35,admin.,married,secondary,no,643,yes,no,cellular,2,feb,346,2,-1,0,unknown,no,2026-02-17 03:00:00
67,management,married,secondary,no,1287,no,no,cellular,2,feb,511,1,-1,0,unknown,no,2026-02-17 04:00:00
43,technician,single,unknown,no,11115,no,no,cellular,23,apr,291,1,182,3,success,yes,2026-02-17 05:00:00
23,blue-collar,single,primary,no,2594,yes,no,unknown,13,may,193,1,-1,0,unknown,no,2026-02-17 06:00:00
33,blue-collar,married,secondary,no,58,no,no,unknown,16,may,144,2,-1,0,unknown,no,2026-02-17 07:00:00
37,technician,married,tertiary,no,4596,yes,no,cellular,6,aug,323,1,91,6,failure,no,2026-02-17 08:00:00
39,blue-collar,single,primary,no,1537,no,yes,unknown,5,jun,805,2,-1,0,unknown,no,2026-02-17 09:00:00
47,self-employed,married,secondary,no,4420,yes,yes,cellular,20,nov,454,1,-1,0,unknown,yes,2026-02-17 10:00:00
29,blue-collar,single,secondary,no,0,no,no,cellular,6,feb,437,2,-1,0,unknown,no,2026-02-17 11:00:00
51,blue-collar,married,primary,yes,-17,no,no,cellular,27,aug,134,6,-1,0,unknown,no,2026-02-17 12:00:00
52,entrepreneur,divorced,tertiary,no,1089,no,yes,cellular,9,feb,216,4,-1,0,unknown,no,2026-02-17 13:00:00
42,admin.,married,secondary,no,100,yes,no,cellular,3,feb,126,1,-1,0,unknown,no,2026-02-17 14:00:00
52,blue-collar,single,secondary,no,288,yes,no,cellular,8,jul,159,2,-1,0,unknown,no,2026-02-17 15:00:00
45,self-employed,married,tertiary,no,430,yes,no,cellular,2,feb,221,1,206,2,failure,no,2026-02-17 16:00:00
38,management,single,tertiary,no,455,yes,no,cellular,19,feb,255,2,555,6,success,yes,2026-02-17 17:00:00
51,retired,single,tertiary,no,730,yes,no,unknown,18,nov,287,2,-1,0,unknown,no,2026-02-17 18:00:00
47,services,married,primary,no,1803,yes,yes,cellular,13,aug,82,7,-1,0,unknown,no,2026-02-17 19:00:00
41,technician,married,secondary,no,0,no,yes,cellular,23,jul,107,1,-1,0,unknown,no,2026-02-17 20:00:00
32,management,married,tertiary,no,138,no,no,cellular,20,aug,94,4,-1,0,unknown,no,2026-02-17 21:00:00
59,admin.,married,secondary,no,1675,no,yes,cellular,7,aug,113,2,-1,0,unknown,no,2026-02-17 22:00:00
34,technician,single,secondary,no,-269,yes,no,unknown,17,jun,102,3,-1,0,unknown,no,2026-02-17 23:00:00
47,management,married,tertiary,no,186,no,no,cellular,20,nov,70,2,-1,0,unknown,no,2026-02-18 00:00:00
40,blue-collar,married,secondary,no,925,yes,yes,unknown,20,jun,22,8,-1,0,unknown,no,2026-02-18 01:00:00
39,technician,divorced,secondary,no,1333,yes,yes,cellular,29,jan,585,2,246,1,failure,no,2026-02-18 02:00:00
39,blue-collar,single,secondary,no,653,no,no,unknown,11,jun,54,4,-1,0,unknown,no,2026-02-18 03:00:00
45,blue-collar,married,tertiary,no,47,yes,no,cellular,28,jan,1972,2,-1,0,unknown,no,2026-02-18 04:00:00
38,technician,married,secondary,no,175,yes,no,unknown,30,may,264,1,-1,0,unknown,no,2026-02-18 05:00:00
46,blue-collar,married,primary,no,0,yes,no,unknown,12,may,51,9,-1,0,unknown,no,2026-02-18 06:00:00
48,technician,divorced,secondary,no,1290,no,no,unknown,16,jun,58,1,-1,0,unknown,no,2026-02-18 07:00:00
37,admin.,single,secondary,no,-296,yes,no,cellular,20,apr,81,1,-1,0,unknown,no,2026-02-18 08:00:00
59,admin.,married,secondary,no,0,yes,no,cellular,10,jul,982,1,-1,0,unknown,yes,2026-02-18 09:00:00
33,technician,married,secondary,no,3107,no,yes,cellular,7,aug,181,2,-1,0,unknown,no,2026-02-18 10:00:00
30,management,married,tertiary,no,1996,no,no,cellular,8,feb,1133,3,101,1,other,yes,2026-02-18 11:00:00
45,admin.,married,unknown,no,1577,no,no,unknown,20,jun,16,4,-1,0,unknown,no,2026-02-18 12:00:00
33,technician,married,tertiary,no,40,yes,no,cellular,14,jul,110,3,-1,0,unknown,no,2026-02-18 13:00:00
48,blue-collar,married,secondary,no,5057,yes,no,unknown,19,may,21,2,-1,0,unknown,no,2026-02-18 14:00:00
71,retired,married,secondary,no,951,no,yes,cellular,7,apr,83,1,-1,0,unknown,no,2026-02-18 15:00:00
31,self-employed,single,tertiary,no,17924,yes,no,cellular,21,nov,608,3,-1,0,unknown,no,2026-02-18 16:00:00
39,admin.,married,secondary,no,1595,yes,no,unknown,5,jun,102,2,-1,0,unknown,no,2026-02-18 17:00:00
37,technician,married,secondary,no,807,yes,no,cellular,21,nov,634,4,-1,0,unknown,no,2026-02-18 18:00:00
45,admin.,single,secondary,no,-101,yes,no,cellular,7,may,101,1,301,1,failure,no,2026-02-18 19:00:00
34,housemaid,married,secondary,no,4,yes,no,cellular,8,may,81,2,-1,0,unknown,no,2026-02-18 20:00:00
33,technician,single,secondary,no,20,yes,no,cellular,7,aug,131,2,-1,0,unknown,no,2026-02-18 21:00:00
36,self-employed,married,tertiary,no,10,no,no,cellular,29,aug,47,4,-1,0,unknown,no,2026-02-18 22:00:00
47,technician,married,secondary,no,-149,no,yes,unknown,3,jul,504,1,-1,0,unknown,no,2026-02-18 23:00:00
31,blue-collar,married,primary,no,352,yes,no,unknown,19,may,97,9,-1,0,unknown,no,2026-02-19 00:00:00
43,blue-collar,married,unknown,no,245,yes,no,cellular,16,apr,829,1,-1,0,unknown,no,2026-02-19 01:00:00
30,management,married,tertiary,no,32,yes,no,unknown,6,may,122,3,-1,0,unknown,no,2026-02-19 02:00:00
24,blue-collar,single,secondary,no,-286,yes,no,unknown,23,may,327,2,-1,0,unknown,no,2026-02-19 03:00:00
47,management,divorced,tertiary,no,310,no,no,cellular,29,aug,136,2,-1,0,unknown,no,2026-02-19 04:00:00
44,blue-collar,married,secondary,no,2092,no,yes,unknown,18,jun,452,1,-1,0,unknown,no,2026-02-19 05:00:00
36,self-employed,married,tertiary,no,307,yes,no,cellular,14,may,341,1,330,2,other,no,2026-02-19 06:00:00
41,blue-collar,married,primary,no,2097,yes,no,unknown,14,may,160,1,-1,0,unknown,no,2026-02-19 07:00:00
37,blue-collar,single,secondary,no,111,yes,no,cellular,5,feb,60,2,272,2,failure,no,2026-02-19 08:00:00
52,management,married,tertiary,no,11650,yes,no,cellular,17,nov,48,1,-1,0,unknown,no,2026-02-19 09:00:00
35,entrepreneur,single,tertiary,no,145,yes,no,cellular,18,jul,799,2,-1,0,unknown,yes,2026-02-19 10:00:00
35,blue-collar,married,secondary,no,-100,yes,no,telephone,9,feb,13,7,272,9,failure,no,2026-02-19 11:00:00
31,management,single,tertiary,no,153,no,no,cellular,9,feb,65,3,-1,0,unknown,no,2026-02-19 12:00:00
33,admin.,divorced,tertiary,no,1586,no,no,cellular,20,apr,39,4,-1,0,unknown,no,2026-02-19 13:00:00
41,technician,single,secondary,no,3023,no,no,cellular,31,jul,616,3,-1,0,unknown,no,2026-02-19 14:00:00
32,technician,married,tertiary,no,8023,no,no,cellular,17,aug,219,1,84,2,failure,no,2026-02-19 15:00:00
55,retired,married,secondary,no,120,no,no,cellular,27,aug,43,3,-1,0,unknown,no,2026-02-19 16:00:00
31,technician,single,tertiary,no,882,no,no,cellular,4,sep,293,1,93,1,success,yes,2026-02-19 17:00:00
33,technician,married,tertiary,no,0,yes,yes,cellular,28,aug,94,6,-1,0,unknown,no,2026-02-19 18:00:00
36,services,single,secondary,no,5315,yes,no,cellular,3,feb,43,4,-1,0,unknown,no,2026-02-19 19:00:00
31,entrepreneur,divorced,tertiary,no,1767,no,no,telephone,25,jul,395,6,-1,0,unknown,no,2026-02-19 20:00:00
46,blue-collar,married,primary,no,874,no,no,cellular,6,aug,996,1,-1,0,unknown,yes,2026-02-19 21:00:00
59,retired,married,primary,no,46,no,no,cellular,14,aug,78,2,-1,0,unknown,no,2026-02-19 22:00:00
29,blue-collar,married,secondary,no,3007,yes,no,cellular,20,apr,19,5,-1,0,unknown,no,2026-02-19 23:00:00
56,management,married,tertiary,no,0,no,no,cellular,19,aug,486,4,-1,0,unknown,no,2026-02-20 00:00:00
38,entrepreneur,married,secondary,no,8,no,no,unknown,12,jun,339,3,-1,0,unknown,no,2026-02-20 01:00:00
45,housemaid,divorced,secondary,no,31,yes,no,cellular,28,jan,280,1,-1,0,unknown,no,2026-02-20 02:00:00
58,management,divorced,tertiary,no,577,no,no,unknown,15,may,1244,3,-1,0,unknown,no,2026-02-20 03:00:00
33,services,married,secondary,no,334,yes,no,unknown,3,jun,23,1,-1,0,unknown,no,2026-02-20 04:00:00
50,technician,divorced,secondary,no,0,no,no,cellular,13,aug,114,2,-1,0,unknown,no,2026-02-20 05:00:00
60,retired,married,secondary,no,0,no,no,cellular,3,feb,149,1,-1,0,unknown,no,2026-02-20 06:00:00
31,management,married,secondary,no,-329,yes,no,cellular,8,jul,119,3,-1,0,unknown,no,2026-02-20 07:00:00
61,management,married,tertiary,no,1224,no,no,cellular,1,oct,99,1,-1,0,unknown,no,2026-02-20 08:00:00
32,services,married,secondary,no,393,no,no,cellular,6,apr,211,2,266,2,failure,no,2026-02-20 09:00:00
33,technician,single,secondary,no,4792,no,no,cellular,26,may,131,3,-1,0,unknown,no,2026-02-20 10:00:00
39,services,divorced,secondary,no,1957,yes,yes,cellular,16,apr,350,1,147,1,failure,no,2026-02-20 11:00:00
52,unknown,married,unknown,no,1571,no,no,cellular,4,aug,164,1,-1,0,unknown,no,2026-02-20 12:00:00
39,technician,single,secondary,no,300,no,no,cellular,10,sep,315,6,394,1,failure,no,2026-02-20 13:00:00
26,management,single,tertiary,no,1274,yes,no,cellular,9,mar,101,1,-1,0,unknown,no,2026-02-20 14:00:00
53,entrepreneur,married,tertiary,no,420,yes,no,unknown,15,may,100,1,-1,0,unknown,no,2026-02-20 15:00:00
35,management,married,tertiary,no,5367,no,no,cellular,2,mar,69,1,-1,0,unknown,no,2026-02-20 16:00:00
31,admin.,single,secondary,no,92,yes,no,cellular,7,jul,401,2,-1,0,unknown,no,2026-02-20 17:00:00
57,admin.,divorced,secondary,no,4378,yes,no,unknown,19,may,78,3,-1,0,unknown,no,2026-02-20 18:00:00
51,unemployed,married,secondary,no,17418,yes,no,telephone,30,jan,237,2,-1,0,unknown,no,2026-02-20 19:00:00
29,admin.,married,secondary,no,-526,yes,no,unknown,28,may,314,2,-1,0,unknown,no,2026-02-20 20:00:00
31,services,single,secondary,no,125,no,no,cellular,4,may,200,1,91,1,failure,no,2026-02-20 21:00:00
34,services,divorced,secondary,no,169,yes,no,unknown,16,may,260,1,-1,0,unknown,no,2026-02-20 22:00:00
33,management,married,unknown,no,18347,yes,no,unknown,23,may,415,1,-1,0,unknown,no,2026-02-20 23:00:00
40,blue-collar,married,secondary,no,1938,yes,no,cellular,7,may,228,1,-1,0,unknown,no,2026-02-21 00:00:00
44,blue-collar,married,primary,no,8,no,no,cellular,28,jan,531,1,-1,0,unknown,no,2026-02-21 01:00:00
42,admin.,single,secondary,no,1022,yes,no,unknown,5,may,146,2,-1,0,unknown,no,2026-02-21 02:00:00
35,blue-collar,married,secondary,no,94,yes,no,cellular,20,apr,75,1,-1,0,unknown,no,2026-02-21 03:00:00
26,technician,single,secondary,no,218,yes,no,unknown,27,may,436,1,-1,0,unknown,no,2026-02-21 04:00:00
42,technician,married,primary,no,275,no,no,cellular,31,jul,51,9,-1,0,unknown,no,2026-02-21 05:00:00
51,technician,married,secondary,no,1186,yes,no,unknown,3,jun,450,3,-1,0,unknown,no,2026-02-21 06:00:00
30,management,single,tertiary,no,112,yes,yes,cellular,12,may,451,2,349,2,failure,no,2026-02-21 07:00:00
38,admin.,single,secondary,no,4023,no,no,unknown,11,jun,339,2,-1,0,unknown,no,2026-02-21 08:00:00
39,services,married,secondary,no,9374,yes,no,unknown,20,may,273,1,-1,0,unknown,no,2026-02-21 09:00:00
28,technician,married,secondary,no,-92,yes,no,cellular,17,apr,873,1,-1,0,unknown,no,2026-02-21 10:00:00
57,services,married,secondary,no,315,no,no,cellular,18,nov,127,4,-1,0,unknown,no,2026-02-21 11:00:00
37,technician,single,secondary,no,-59,yes,no,cellular,22,jul,70,1,-1,0,unknown,no,2026-02-21 12:00:00
50,blue-collar,married,secondary,no,253,yes,yes,cellular,5,may,475,2,-1,0,unknown,no,2026-02-21 13:00:00
39,technician,single,secondary,no,0,yes,no,cellular,13,may,6,7,175,4,other,no,2026-02-21 14:00:00
37,services,married,secondary,no,1776,yes,yes,cellular,17,apr,224,1,-1,0,unknown,no,2026-02-21 15:00:00
40,admin.,single,secondary,no,739,yes,no,unknown,16,may,132,1,-1,0,unknown,no,2026-02-21 16:00:00
37,self-employed,divorced,secondary,no,-38,yes,no,cellular,12,may,165,1,175,2,failure,no,2026-02-21 17:00:00
58,retired,married,secondary,no,295,yes,yes,unknown,26,may,136,2,-1,0,unknown,no,2026-02-21 18:00:00
37,management,married,tertiary,no,2987,yes,no,cellular,15,feb,93,1,91,9,failure,yes,2026-02-21 19:00:00
54,management,married,tertiary,no,511,no,no,cellular,17,feb,1201,3,-1,0,unknown,no,2026-02-21 20:00:00
33,self-employed,married,secondary,no,47,no,no,cellular,19,aug,168,2,-1,0,unknown,no,2026-02-21 21:00:00
48,management,divorced,tertiary,no,148,no,no,cellular,12,aug,152,2,-1,0,unknown,no,2026-02-21 22:00:00
23,admin.,single,tertiary,no,314,no,yes,cellular,8,apr,142,4,-1,0,unknown,yes,2026-02-21 23:00:00
45,unemployed,married,secondary,no,7203,no,no,cellular,30,apr,572,2,-1,0,unknown,no,2026-02-22 00:00:00
49,management,divorced,secondary,no,1598,yes,no,cellular,12,may,76,2,348,1,failure,no,2026-02-22 01:00:00
47,admin.,married,secondary,no,-245,yes,no,unknown,27,may,145,5,-1,0,unknown,no,2026-02-22 02:00:00
26,management,single,tertiary,no,15,no,no,cellular,24,mar,116,2,-1,0,unknown,no,2026-02-22 03:00:00
33,technician,married,tertiary,no,29,no,no,cellular,22,aug,94,1,-1,0,unknown,no,2026-02-22 04:00:00
56,unemployed,married,secondary,no,0,no,no,telephone,2,feb,492,1,-1,0,unknown,yes,2026-02-22 05:00:00
47,management,divorced,unknown,no,184,yes,no,cellular,10,jul,144,1,-1,0,unknown,no,2026-02-22 06:00:00
37,technician,single,secondary,no,3665,no,no,cellular,12,aug,664,3,-1,0,unknown,yes,2026-02-22 07:00:00
32,blue-collar,single,secondary,no,2696,yes,no,cellular,20,nov,564,2,183,1,failure,no,2026-02-22 08:00:00
59,housemaid,divorced,primary,yes,0,no,yes,cellular,25,jul,1368,2,-1,0,unknown,no,2026-02-22 09:00:00
29,blue-collar,single,secondary,no,-37,yes,no,unknown,4,jun,182,1,-1,0,unknown,no,2026-02-22 10:00:00
52,housemaid,married,secondary,no,1752,no,yes,telephone,21,nov,346,4,123,8,failure,no,2026-02-22 11:00:00
43,blue-collar,single,primary,no,-234,yes,yes,unknown,2,jun,541,1,-1,0,unknown,no,2026-02-22 12:00:00
39,blue-collar,married,secondary,no,280,yes,no,unknown,2,jun,147,3,-1,0,unknown,no,2026-02-22 13:00:00
40,unemployed,married,primary,no,400,no,no,unknown,9,jun,317,1,-1,0,unknown,no,2026-02-22 14:00:00
47,self-employed,married,secondary,no,231,no,no,cellular,8,aug,88,2,-1,0,unknown,no,2026-02-22 15:00:00
33,admin.,married,secondary,no,0,yes,no,telephone,17,jul,1448,7,-1,0,unknown,yes,2026-02-22 16:00:00
40,unemployed,single,tertiary,no,7968,no,no,cellular,3,sep,733,1,93,1,success,yes,2026-02-22 17:00:00
47,admin.,married,secondary,no,996,no,no,telephone,29,aug,247,2,-1,0,unknown,no,2026-02-22 18:00:00
59,admin.,married,secondary,no,6264,no,no,cellular,22,aug,353,16,-1,0,unknown,no,2026-02-22 19:00:00
60,management,married,tertiary,no,0,yes,no,cellular,8,jul,59,1,-1,0,unknown,no,2026-02-22 20:00:00
46,admin.,married,secondary,no,2148,no,no,cellular,8,aug,176,4,-1,0,unknown,no,2026-02-22 21:00:00
31,technician,married,secondary,no,0,no,yes,cellular,15,jul,624,6,-1,0,unknown,no,2026-02-22 22:00:00
37,services,married,secondary,no,1483,no,no,unknown,20,jun,32,9,-1,0,unknown,no,2026-02-22 23:00:00
43,technician,divorced,secondary,no,365,yes,no,unknown,4,jun,406,2,-1,0,unknown,no,2026-02-23 00:00:00
27,student,single,secondary,no,268,yes,no,cellular,13,may,528,1,358,2,failure,no,2026-02-23 01:00:00
32,technician,married,secondary,no,4174,yes,no,unknown,21,may,314,2,-1,0,unknown,no,2026-02-23 02:00:00
54,management,married,tertiary,no,214,yes,no,cellular,18,nov,68,1,-1,0,unknown,no,2026-02-23 03:00:00
37,entrepreneur,married,secondary,no,2971,no,no,cellular,17,nov,361,2,188,11,other,no,2026-02-23 04:00:00
39,services,single,secondary,no,322,yes,no,cellular,11,may,35,1,350,1,failure,no,2026-02-23 05:00:00
35,admin.,married,secondary,no,11,yes,no,cellular,23,jul,103,4,-1,0,unknown,no,2026-02-23 06:00:00
31,technician,single,secondary,no,1447,yes,no,cellular,18,may,236,3,178,15,failure,no,2026-02-23 07:00:00
48,blue-collar,married,secondary,no,238,yes,yes,cellular,2,jun,118,2,81,1,success,no,2026-02-23 08:00:00
23,services,single,secondary,no,870,no,no,cellular,6,jul,316,4,-1,0,unknown,yes,2026-02-23 09:00:00
40,services,married,secondary,no,438,yes,no,telephone,14,may,276,1,-1,0,unknown,no,2026-02-23 10:00:00
45,blue-collar,married,primary,no,61,no,no,cellular,17,apr,108,1,-1,0,unknown,no,2026-02-23 11:00:00
29,management,divorced,tertiary,no,559,yes,no,cellular,18,may,6,4,-1,0,unknown,no,2026-02-23 12:00:00
47,blue-collar,married,secondary,no,3630,yes,no,unknown,14,may,133,4,-1,0,unknown,no,2026-02-23 13:00:00
39,blue-collar,married,secondary,no,1419,yes,no,cellular,13,may,9,12,349,1,other,no,2026-02-23 14:00:00
45,management,married,secondary,no,4105,yes,no,cellular,31,jul,49,2,-1,0,unknown,no,2026-02-23 15:00:00
53,entrepreneur,married,tertiary,no,1129,no,yes,cellular,28,jul,241,8,-1,0,unknown,no,2026-02-23 16:00:00
54,technician,divorced,secondary,no,0,yes,no,cellular,28,jan,87,2,-1,0,unknown,no,2026-02-23 17:00:00
42,blue-collar,married,primary,no,46,yes,no,unknown,17,jun,130,6,-1,0,unknown,no,2026-02-23 18:00:00
44,housemaid,married,primary,no,882,no,no,telephone,14,aug,187,4,-1,0,unknown,no,2026-02-23 19:00:00
51,technician,married,secondary,no,143,yes,no,unknown,16,may,627,1,-1,0,unknown,no,2026-02-23 20:00:00
56,management,single,tertiary,no,4542,no,no,unknown,12,may,148,2,-1,0,unknown,no,2026-02-23 21:00:00
52,self-employed,married,tertiary,no,5350,yes,yes,cellular,18,nov,68,2,110,4,success,no,2026-02-23 22:00:00
41,technician,single,secondary,no,2919,yes,no,unknown,16,may,329,3,-1,0,unknown,no,2026-02-23 23:00:00
86,retired,divorced,unknown,no,157,no,no,telephone,7,sep,147,1,-1,0,unknown,no,2026-02-24 00:00:00
33,admin.,single,tertiary,no,622,yes,no,unknown,20,may,243,1,-1,0,unknown,no,2026-02-24 01:00:00
36,admin.,married,secondary,no,0,yes,no,unknown,27,may,578,2,-1,0,unknown,no,2026-02-24 02:00:00
51,services,divorced,secondary,no,135,yes,yes,cellular,17,nov,862,1,-1,0,unknown,no,2026-02-24 03:00:00
32,self-employed,single,tertiary,no,4024,yes,no,cellular,2,jul,150,1,-1,0,unknown,no,2026-02-24 04:00:00
36,services,married,secondary,no,647,yes,yes,cellular,15,may,290,2,-1,0,unknown,no,2026-02-24 05:00:00
37,unemployed,married,secondary,no,1978,no,no,cellular,9,sep,404,1,182,1,success,yes,2026-02-24 06:00:00
77,retired,married,primary,no,3324,no,no,cellular,13,may,289,1,91,5,success,yes,2026-02-24 07:00:00
44,entrepreneur,married,secondary,no,6649,yes,no,cellular,19,nov,354,2,-1,0,unknown,no,2026-02-24 08:00:00
41,admin.,married,tertiary,no,1,yes,no,telephone,18,may,327,2,361,3,failure,yes,2026-02-24 09:00:00
51,blue-collar,married,primary,no,480,yes,no,cellular,12,may,189,1,326,5,failure,no,2026-02-24 10:00:00
57,entrepreneur,married,secondary,no,1037,yes,yes,unknown,15,may,112,1,-1,0,unknown,no,2026-02-24 11:00:00
36,services,married,secondary,no,370,yes,yes,cellular,18,jul,728,6,-1,0,unknown,no,2026-02-24 12:00:00
46,services,married,secondary,no,0,no,no,cellular,18,aug,74,4,-1,0,unknown,no,2026-02-24 13:00:00
33,blue-collar,married,primary,no,1416,yes,no,cellular,20,nov,60,1,-1,0,unknown,no,2026-02-24 14:00:00
33,blue-collar,married,primary,no,149,yes,no,cellular,14,may,21,2,-1,0,unknown,no,2026-02-24 15:00:00
35,technician,married,tertiary,no,358,no,no,cellular,29,aug,92,9,-1,0,unknown,no,2026-02-24 16:00:00
56,management,divorced,tertiary,no,2037,no,no,cellular,6,may,160,1,91,5,success,no,2026-02-24 17:00:00
60,retired,divorced,tertiary,no,979,yes,no,cellular,15,jul,346,1,181,4,success,yes,2026-02-24 18:00:00
42,management,single,tertiary,no,196,yes,no,unknown,12,may,325,3,-1,0,unknown,no,2026-02-24 19:00:00
23,student,single,secondary,no,107,no,no,cellular,13,apr,256,5,181,2,success,yes,2026-02-24 20:00:00
40,management,married,tertiary,no,640,yes,no,cellular,17,apr,202,2,-1,0,unknown,no,2026-02-24 21:00:00
55,entrepreneur,married,tertiary,no,0,no,no,cellular,17,aug,116,1,-1,0,unknown,no,2026-02-24 22:00:00
30,management,single,tertiary,no,0,no,no,cellular,25,aug,144,18,-1,0,unknown,no,2026-02-24 23:00:00
52,admin.,divorced,secondary,no,944,yes,no,unknown,12,may,198,3,-1,0,unknown,no,2026-02-25 00:00:00
37,services,married,secondary,no,2678,no,no,cellular,25,mar,156,1,-1,0,unknown,yes,2026-02-25 01:00:00
34,management,single,tertiary,no,2187,yes,no,cellular,4,may,26,5,-1,0,unknown,no,2026-02-25 02:00:00
56,blue-collar,married,secondary,no,244,yes,no,cellular,14,may,465,3,-1,0,unknown,no,2026-02-25 03:00:00
59,admin.,divorced,secondary,no,174,yes,no,unknown,16,may,204,1,-1,0,unknown,no,2026-02-25 04:00:00
51,admin.,married,tertiary,no,4655,no,no,unknown,20,jun,44,4,-1,0,unknown,no,2026-02-25 05:00:00
59,blue-collar,divorced,primary,no,457,yes,no,unknown,19,may,63,1,-1,0,unknown,no,2026-02-25 06:00:00
36,technician,married,tertiary,no,530,yes,no,cellular,15,may,239,2,-1,0,unknown,no,2026-02-25 07:00:00
36,technician,single,secondary,no,524,yes,no,cellular,8,apr,95,1,-1,0,unknown,no,2026-02-25 08:00:00
47,technician,married,tertiary,no,151,yes,no,unknown,5,may,190,1,-1,0,unknown,no,2026-02-25 09:00:00
53,management,married,tertiary,no,369,yes,yes,unknown,14,may,161,2,-1,0,unknown,no,2026-02-25 10:00:00
43,management,married,tertiary,no,0,no,no,cellular,6,aug,124,2,-1,0,unknown,no,2026-02-25 11:00:00
42,blue-collar,married,secondary,no,2717,yes,yes,cellular,20,apr,181,2,270,2,failure,no,2026-02-25 12:00:00
58,blue-collar,married,unknown,no,2516,yes,no,cellular,16,jul,303,1,-1,0,unknown,no,2026-02-25 13:00:00
58,services,married,secondary,no,8136,yes,no,cellular,14,aug,314,3,-1,0,unknown,no,2026-02-25 14:00:00
60,retired,married,secondary,no,0,no,no,cellular,9,sep,408,1,-1,0,unknown,yes,2026-02-25 15:00:00
44,services,married,secondary,no,908,yes,yes,cellular,28,jul,102,7,-1,0,unknown,no,2026-02-25 16:00:00
59,housemaid,married,tertiary,no,0,no,yes,cellular,29,jul,376,2,-1,0,unknown,no,2026-02-25 17:00:00
33,services,married,secondary,no,-27,yes,no,cellular,18,jul,216,2,-1,0,unknown,no,2026-02-25 18:00:00
59,management,married,tertiary,no,3421,no,no,cellular,4,may,121,5,-1,0,unknown,no,2026-02-25 19:00:00
46,technician,divorced,secondary,no,-1034,yes,yes,cellular,7,may,195,1,-1,0,unknown,no,2026-02-25 20:00:00
40,blue-collar,divorced,secondary,no,0,yes,no,cellular,7,may,135,1,-1,0,unknown,no,2026-02-25 21:00:00
50,admin.,single,secondary,no,133,no,no,cellular,28,jul,890,4,-1,0,unknown,yes,2026-02-25 22:00:00
57,management,married,tertiary,no,2266,no,no,cellular,5,aug,306,1,-1,0,unknown,no,2026-02-25 23:00:00
55,housemaid,married,primary,no,1233,no,no,cellular,28,aug,97,2,-1,0,unknown,no,2026-02-26 00:00:00
37,technician,married,secondary,no,135,yes,no,cellular,12,may,268,3,-1,0,unknown,no,2026-02-26 01:00:00
49,management,married,secondary,no,362,yes,no,unknown,4,jun,84,2,-1,0,unknown,no,2026-02-26 02:00:00
29,management,married,tertiary,no,318,yes,no,cellular,18,may,1434,2,356,4,failure,no,2026-02-26 03:00:00
52,services,married,primary,no,171,yes,yes,cellular,31,jul,223,1,-1,0,unknown,no,2026-02-26 04:00:00
36,services,single,secondary,no,23,yes,no,cellular,28,dec,256,1,-1,0,unknown,no,2026-02-26 05:00:00
49,management,divorced,secondary,no,4908,no,no,cellular,31,jul,42,4,-1,0,unknown,no,2026-02-26 06:00:00
33,technician,married,tertiary,no,0,no,no,cellular,30,apr,227,2,-1,0,unknown,yes,2026-02-26 07:00:00
47,services,married,secondary,no,5,no,no,cellular,28,aug,169,1,-1,0,unknown,no,2026-02-26 08:00:00
37,entrepreneur,married,secondary,no,351,yes,no,unknown,5,jun,169,3,-1,0,unknown,no,2026-02-26 09:00:00
35,blue-collar,married,tertiary,no,1016,yes,no,cellular,17,jul,294,2,-1,0,unknown,no,2026-02-26 10:00:00
47,technician,divorced,secondary,no,431,no,yes,unknown,17,jun,388,9,-1,0,unknown,no,2026-02-26 11:00:00
39,services,married,primary,no,276,yes,yes,cellular,13,may,628,1,-1,0,unknown,no,2026-02-26 12:00:00
42,services,married,secondary,no,-43,yes,yes,unknown,27,may,363,3,-1,0,unknown,no,2026-02-26 13:00:00
42,admin.,single,secondary,no,1601,no,no,unknown,20,jun,23,2,-1,0,unknown,no,2026-02-26 14:00:00
28,services,single,secondary,no,198,no,no,cellular,5,jul,128,2,-1,0,unknown,yes,2026-02-26 15:00:00
37,entrepreneur,married,unknown,no,983,no,yes,unknown,5,jun,225,1,-1,0,unknown,no,2026-02-26 16:00:00
45,services,married,secondary,no,-1036,yes,no,unknown,9,jun,65,17,-1,0,unknown,no,2026-02-26 17:00:00
41,admin.,married,primary,no,611,no,yes,cellular,17,nov,487,1,-1,0,unknown,no,2026-02-26 18:00:00
44,services,married,primary,no,-79,yes,no,unknown,7,may,179,2,-1,0,unknown,no,2026-02-26 19:00:00
29,entrepreneur,married,secondary,no,178,yes,no,cellular,5,may,231,4,-1,0,unknown,no,2026-02-26 20:00:00
29,management,married,tertiary,no,7832,yes,no,unknown,27,may,304,2,-1,0,unknown,no,2026-02-26 21:00:00
35,blue-collar,single,secondary,no,12223,yes,yes,unknown,5,may,177,1,-1,0,unknown,no,2026-02-26 22:00:00
29,technician,married,tertiary,no,409,yes,no,unknown,12,may,247,3,-1,0,unknown,no,2026-02-26 23:00:00
57,self-employed,married,secondary,no,35,no,yes,unknown,26,jun,215,3,-1,0,unknown,no,2026-02-27 00:00:00
37,technician,single,tertiary,no,-487,yes,no,cellular,12,may,358,1,260,5,other,no,2026-02-27 01:00:00
48,technician,married,tertiary,no,58,yes,no,cellular,12,jun,110,2,-1,0,unknown,no,2026-02-27 02:00:00
28,housemaid,married,secondary,no,15,yes,no,telephone,25,jul,133,7,-1,0,unknown,no,2026-02-27 03:00:00
35,technician,married,secondary,no,1055,yes,no,cellular,7,aug,261,2,-1,0,unknown,no,2026-02-27 04:00:00
33,management,single,tertiary,no,437,yes,no,cellular,21,nov,285,1,179,4,other,no,2026-02-27 05:00:00
49,technician,married,secondary,no,378,no,no,unknown,9,jun,189,2,-1,0,unknown,no,2026-02-27 06:00:00
57,retired,married,primary,no,1466,no,no,unknown,20,jun,326,1,-1,0,unknown,no,2026-02-27 07:00:00
35,management,single,secondary,no,356,yes,no,cellular,11,may,7,5,171,12,failure,no,2026-02-27 08:00:00
31,technician,married,tertiary,no,1197,yes,no,unknown,24,jun,351,3,-1,0,unknown,no,2026-02-27 09:00:00
47,blue-collar,married,primary,no,1756,yes,no,unknown,16,may,207,1,-1,0,unknown,no,2026-02-27 10:00:00
61,retired,divorced,secondary,no,291,no,no,cellular,24,jul,286,5,-1,0,unknown,no,2026-02-27 11:00:00
30,blue-collar,divorced,secondary,yes,457,yes,no,unknown,20,jun,115,20,-1,0,unknown,no,2026-02-27 12:00:00
28,student,single,tertiary,no,3026,no,no,cellular,3,feb,124,1,-1,0,unknown,no,2026-02-27 13:00:00
45,unemployed,married,tertiary,no,1148,no,no,cellular,19,nov,782,2,-1,0,unknown,no,2026-02-27 14:00:00
47,management,married,tertiary,no,0,yes,no,cellular,4,sep,65,3,-1,0,unknown,no,2026-02-27 15:00:00
53,admin.,single,secondary,no,1958,no,no,telephone,7,jul,82,2,75,4,failure,no,2026-02-27 16:00:00
29,blue-collar,married,secondary,no,1661,yes,no,unknown,23,jun,123,2,-1,0,unknown,no,2026-02-27 17:00:00
33,management,married,secondary,no,369,no,no,cellular,25,may,115,2,103,1,success,no,2026-02-27 18:00:00
30,management,single,tertiary,no,940,no,no,cellular,8,aug,131,2,-1,0,unknown,no,2026-02-27 19:00:00
42,blue-collar,married,primary,no,1742,yes,no,unknown,15,may,420,2,-1,0,unknown,no,2026-02-27 20:00:00
27,technician,single,tertiary,no,-67,yes,no,cellular,6,apr,604,3,236,2,failure,yes,2026-02-27 21:00:00
34,technician,single,tertiary,yes,-1,no,no,cellular,27,aug,787,13,-1,0,unknown,no,2026-02-27 22:00:00
33,admin.,single,secondary,no,21854,yes,no,cellular,20,nov,215,2,-1,0,unknown,no,2026-02-27 23:00:00
35,blue-collar,married,secondary,no,528,yes,no,cellular,17,apr,61,1,331,1,failure,no,2026-02-28 00:00:00
59,management,married,tertiary,no,315,no,no,cellular,7,sep,98,2,-1,0,unknown,no,2026-02-28 01:00:00
34,management,married,primary,no,6,yes,no,unknown,8,may,125,3,-1,0,unknown,no,2026-02-28 02:00:00
33,blue-collar,married,secondary,no,320,yes,yes,unknown,26,may,167,3,-1,0,unknown,no,2026-02-28 03:00:00
33,technician,married,secondary,no,0,yes,yes,cellular,19,nov,163,2,-1,0,unknown,no,2026-02-28 04:00:00
44,blue-collar,married,primary,no,617,yes,no,unknown,13,may,227,2,-1,0,unknown,no,2026-02-28 05:00:00
55,housemaid,divorced,primary,no,77,no,no,cellular,31,jul,463,6,-1,0,unknown,yes,2026-02-28 06:00:00
35,admin.,married,primary,no,-229,yes,no,cellular,5,may,176,1,-1,0,unknown,no,2026-02-28 07:00:00
33,blue-collar,married,secondary,no,1233,yes,no,cellular,14,may,141,1,-1,0,unknown,no,2026-02-28 08:00:00
29,management,married,tertiary,no,1713,yes,no,cellular,4,feb,227,2,-1,0,unknown,no,2026-02-28 09:00:00
26,blue-collar,single,tertiary,no,449,yes,no,cellular,5,feb,339,2,-1,0,unknown,no,2026-02-28 10:00:00
38,blue-collar,single,secondary,no,334,yes,no,cellular,18,jul,541,7,-1,0,unknown,no,2026-02-28 11:00:00
50,unknown,single,secondary,no,86,no,no,telephone,6,feb,279,8,-1,0,unknown,no,2026-02-28 12:00:00
35,technician,married,secondary,no,4323,yes,yes,cellular,20,nov,126,1,-1,0,unknown,no,2026-02-28 13:00:00
39,blue-collar,married,primary,no,95,yes,no,unknown,16,may,230,1,-1,0,unknown,no,2026-02-28 14:00:00
45,technician,married,secondary,no,814,no,no,cellular,1,sep,691,2,-1,0,unknown,no,2026-02-28 15:00:00
35,services,married,tertiary,no,4564,no,no,cellular,18,aug,45,6,-1,0,unknown,no,2026-02-28 16:00:00
36,blue-collar,single,unknown,no,185,yes,yes,cellular,17,apr,301,2,-1,0,unknown,no,2026-02-28 17:00:00
32,blue-collar,married,secondary,no,99,yes,no,cellular,15,may,166,2,-1,0,unknown,no,2026-02-28 18:00:00
43,admin.,single,secondary,no,733,yes,no,cellular,25,may,282,1,187,3,success,yes,2026-02-28 19:00:00
37,management,married,tertiary,no,1698,yes,no,unknown,6,jun,95,2,-1,0,unknown,no,2026-02-28 20:00:00
38,technician,married,secondary,no,0,yes,no,unknown,20,jun,111,1,-1,0,unknown,no,2026-02-28 21:00:00
75,retired,married,tertiary,no,6027,no,no,cellular,14,may,809,1,179,4,success,yes,2026-02-28 22:00:00
37,management,single,tertiary,no,0,no,no,cellular,20,oct,107,1,258,3,other,no,2026-02-28 23:00:00
36,entrepreneur,single,secondary,no,45,yes,no,cellular,1,apr,131,1,-1,0,unknown,no,2026-03-01 00:00:00
32,admin.,single,secondary,no,91,yes,no,unknown,14,may,302,2,-1,0,unknown,no,2026-03-01 01:00:00
42,blue-collar,married,primary,no,1398,no,no,telephone,14,may,36,6,-1,0,unknown,no,2026-03-01 02:00:00
52,services,married,secondary,no,540,yes,no,cellular,11,may,154,2,340,2,failure,no,2026-03-01 03:00:00
31,technician,married,tertiary,no,344,no,no,cellular,8,aug,62,3,-1,0,unknown,no,2026-03-01 04:00:00
45,services,married,secondary,no,567,yes,no,telephone,14,aug,234,3,-1,0,unknown,no,2026-03-01 05:00:00
33,technician,single,secondary,no,920,yes,no,cellular,22,jul,187,4,-1,0,unknown,no,2026-03-01 06:00:00
32,technician,married,secondary,no,1539,yes,no,cellular,13,apr,160,3,-1,0,unknown,no,2026-03-01 07:00:00
58,housemaid,married,tertiary,no,1280,no,yes,unknown,9,jun,112,1,-1,0,unknown,no,2026-03-01 08:00:00
30,self-employed,single,tertiary,no,901,yes,yes,unknown,16,may,601,1,-1,0,unknown,no,2026-03-01 09:00:00
36,management,married,tertiary,no,1594,yes,no,cellular,31,jul,544,5,-1,0,unknown,no,2026-03-01 10:00:00
37,blue-collar,single,unknown,no,2188,no,no,unknown,16,may,193,8,-1,0,unknown,no,2026-03-01 11:00:00
41,technician,married,secondary,no,862,no,no,cellular,18,nov,474,2,-1,0,unknown,no,2026-03-01 12:00:00
41,technician,divorced,secondary,no,4047,yes,no,cellular,4,may,14,5,75,1,success,no,2026-03-01 13:00:00
40,entrepreneur,single,tertiary,no,262,yes,yes,unknown,26,oct,17,1,-1,0,unknown,no,2026-03-01 14:00:00
25,blue-collar,married,secondary,no,148,yes,no,cellular,18,may,119,1,-1,0,unknown,no,2026-03-01 15:00:00
45,admin.,married,secondary,no,925,no,no,cellular,6,aug,406,2,-1,0,unknown,yes,2026-03-01 16:00:00
58,blue-collar,married,secondary,no,4053,no,no,unknown,6,jun,160,2,-1,0,unknown,no,2026-03-01 17:00:00
29,student,single,secondary,no,1124,no,no,unknown,24,aug,26,1,-1,0,unknown,no,2026-03-01 18:00:00
32,technician,single,secondary,no,432,no,no,cellular,20,aug,559,3,-1,0,unknown,no,2026-03-01 19:00:00
48,management,married,tertiary,no,4852,no,no,cellular,26,aug,41,11,-1,0,unknown,no,2026-03-01 20:00:00
38,admin.,single,secondary,yes,-61,no,yes,cellular,18,jul,102,2,-1,0,unknown,no,2026-03-01 21:00:00
60,technician,married,unknown,no,132,yes,no,unknown,20,may,21,11,-1,0,unknown,no,2026-03-01 22:00:00
48,entrepreneur,married,tertiary,no,269,yes,no,unknown,19,jun,149,1,-1,0,unknown,no,2026-03-01 23:00:00
34,technician,single,secondary,no,0,no,no,cellular,28,aug,54,4,-1,0,unknown,no,2026-03-02 00:00:00
37,entrepreneur,married,unknown,no,1958,no,yes,cellular,23,jul,609,2,-1,0,unknown,no,2026-03-02 01:00:00
35,housemaid,married,primary,no,0,yes,no,cellular,14,jul,340,3,-1,0,unknown,no,2026-03-02 02:00:00
42,self-employed,married,tertiary,no,0,yes,no,telephone,31,jul,650,19,-1,0,unknown,no,2026-03-02 03:00:00
33,technician,married,secondary,no,2,no,no,cellular,28,aug,385,7,-1,0,unknown,no,2026-03-02 04:00:00
33,blue-collar,married,secondary,no,-253,yes,no,cellular,12,may,89,3,-1,0,unknown,no,2026-03-02 05:00:00
33,unemployed,single,secondary,no,237,yes,no,cellular,4,feb,1052,2,-1,0,unknown,no,2026-03-02 06:00:00
33,admin.,single,tertiary,no,102,no,no,cellular,28,dec,83,4,-1,0,unknown,no,2026-03-02 07:00:00
57,admin.,divorced,unknown,no,4012,no,no,cellular,20,nov,915,1,-1,0,unknown,no,2026-03-02 08:00:00
30,admin.,single,secondary,no,-635,no,no,cellular,25,jul,250,1,-1,0,unknown,no,2026-03-02 09:00:00
25,blue-collar,single,secondary,no,543,yes,no,cellular,15,may,302,1,-1,0,unknown,no,2026-03-02 10:00:00
39,services,divorced,secondary,no,-388,yes,no,cellular,9,jul,205,2,-1,0,unknown,no,2026-03-02 11:00:00
30,management,single,tertiary,no,464,no,no,cellular,28,jan,80,1,-1,0,unknown,no,2026-03-02 12:00:00
28,blue-collar,married,secondary,no,0,yes,no,unknown,8,may,459,2,-1,0,unknown,no,2026-03-02 13:00:00
37,management,divorced,tertiary,no,42,yes,yes,unknown,20,may,125,4,-1,0,unknown,no,2026-03-02 14:00:00
32,management,married,tertiary,no,169,no,no,telephone,14,aug,698,2,-1,0,unknown,yes,2026-03-02 15:00:00
51,management,married,tertiary,no,437,yes,no,cellular,6,may,109,1,-1,0,unknown,no,2026-03-02 16:00:00
38,management,single,tertiary,no,1272,no,no,cellular,27,aug,101,6,-1,0,unknown,no,2026-03-02 17:00:00
32,management,married,tertiary,no,16,no,no,telephone,29,aug,129,2,-1,0,unknown,no,2026-03-02 18:00:00
33,blue-collar,married,primary,no,191,yes,no,unknown,9,may,162,2,-1,0,unknown,no,2026-03-02 19:00:00
55,management,single,tertiary,no,6507,yes,yes,cellular,17,jul,109,1,-1,0,unknown,no,2026-03-02 20:00:00
50,blue-collar,married,primary,no,3764,no,no,telephone,2,jun,108,4,-1,0,unknown,no,2026-03-02 21:00:00
40,services,single,secondary,no,0,yes,no,cellular,17,apr,350,2,-1,0,unknown,no,2026-03-02 22:00:00
28,blue-collar,single,tertiary,no,4099,no,no,cellular,23,apr,116,4,-1,0,unknown,yes,2026-03-02 23:00:00
43,blue-collar,married,primary,no,-404,yes,yes,cellular,12,may,205,2,306,1,failure,no,2026-03-03 00:00:00
50,management,divorced,tertiary,no,516,yes,yes,cellular,20,apr,198,1,-1,0,unknown,no,2026-03-03 01:00:00
27,student,married,tertiary,no,659,yes,no,unknown,9,may,111,2,-1,0,unknown,no,2026-03-03 02:00:00
43,management,married,primary,no,8167,yes,no,unknown,19,may,114,2,-1,0,unknown,no,2026-03-03 03:00:00
34,admin.,single,tertiary,no,458,yes,no,unknown,20,may,211,1,-1,0,unknown,no,2026-03-03 04:00:00
28,blue-collar,married,secondary,no,-114,yes,no,unknown,21,may,244,2,-1,0,unknown,no,2026-03-03 05:00:00
34,admin.,single,secondary,no,5547,yes,no,unknown,23,may,313,1,-1,0,unknown,no,2026-03-03 06:00:00
56,blue-collar,married,primary,no,0,no,no,unknown,17,jun,82,2,-1,0,unknown,no,2026-03-03 07:00:00
31,technician,single,secondary,no,13,no,no,cellular,6,may,318,1,166,1,failure,no,2026-03-03 08:00:00
65,retired,married,secondary,no,2326,no,yes,cellular,21,aug,276,1,-1,0,unknown,yes,2026-03-03 09:00:00
38,unemployed,single,secondary,no,804,no,no,cellular,1,jun,1087,1,-1,0,unknown,yes,2026-03-03 10:00:00
30,blue-collar,married,primary,no,-199,yes,yes,telephone,17,jul,207,10,-1,0,unknown,no,2026-03-03 11:00:00
34,technician,married,secondary,no,7487,no,no,cellular,7,aug,534,2,-1,0,unknown,no,2026-03-03 12:00:00
50,management,divorced,tertiary,no,299,no,no,cellular,17,nov,666,3,-1,0,unknown,no,2026-03-03 13:00:00
40,services,married,secondary,no,3164,yes,no,cellular,3,apr,329,2,-1,0,unknown,no,2026-03-03 14:00:00
42,management,married,tertiary,no,3713,no,no,cellular,19,nov,709,2,-1,0,unknown,yes,2026-03-03 15:00:00
49,blue-collar,married,secondary,no,969,no,yes,telephone,31,jul,56,9,-1,0,unknown,no,2026-03-03 16:00:00
31,technician,married,secondary,no,-556,yes,no,cellular,7,aug,115,2,-1,0,unknown,no,2026-03-03 17:00:00
47,services,married,secondary,no,1123,no,yes,cellular,21,jul,251,5,-1,0,unknown,no,2026-03-03 18:00:00
35,management,single,tertiary,no,996,no,no,unknown,20,jun,17,2,-1,0,unknown,no,2026-03-03 19:00:00
30,blue-collar,married,secondary,no,136,no,no,cellular,18,aug,101,1,-1,0,unknown,no,2026-03-03 20:00:00
42,technician,married,secondary,no,4837,no,no,cellular,4,aug,91,2,-1,0,unknown,no,2026-03-03 21:00:00
57,services,married,secondary,no,5486,yes,no,cellular,11,may,86,7,285,3,failure,no,2026-03-03 22:00:00
35,technician,married,tertiary,no,14232,yes,no,cellular,18,nov,372,2,-1,0,unknown,no,2026-03-03 23:00:00
34,blue-collar,married,secondary,no,457,yes,no,unknown,9,may,266,1,-1,0,unknown,no,2026-03-04 00:00:00
64,retired,married,secondary,no,1574,no,no,telephone,29,jul,301,3,-1,0,unknown,yes,2026-03-04 01:00:00
43,admin.,married,tertiary,no,279,yes,no,cellular,30,apr,155,1,164,1,failure,no,2026-03-04 02:00:00
45,services,married,secondary,no,4060,yes,no,unknown,15,may,238,1,-1,0,unknown,no,2026-03-04 03:00:00
50,blue-collar,married,secondary,no,810,yes,no,unknown,14,may,19,14,-1,0,unknown,no,2026-03-04 04:00:00
50,self-employed,married,secondary,no,-465,yes,no,unknown,30,may,42,11,-1,0,unknown,no,2026-03-04 05:00:00
35,blue-collar,married,secondary,no,635,yes,no,cellular,13,may,265,2,-1,0,unknown,no,2026-03-04 06:00:00
25,technician,single,secondary,no,50,yes,no,cellular,8,may,191,1,-1,0,unknown,no,2026-03-04 07:00:00
35,blue-collar,married,primary,no,2205,yes,no,unknown,30,may,199,3,-1,0,unknown,no,2026-03-04 08:00:00
40,housemaid,married,primary,no,1832,no,no,cellular,6,feb,213,4,-1,0,unknown,no,2026-03-04 09:00:00
44,technician,married,primary,no,7800,yes,no,cellular,19,nov,250,1,-1,0,unknown,no,2026-03-04 10:00:00
34,management,married,tertiary,no,2640,yes,no,cellular,6,may,181,1,-1,0,unknown,no,2026-03-04 11:00:00
39,management,divorced,tertiary,no,4692,yes,no,telephone,19,nov,214,2,174,2,success,no,2026-03-04 12:00:00
52,technician,married,secondary,no,172,yes,yes,cellular,8,aug,75,2,-1,0,unknown,no,2026-03-04 13:00:00
37,blue-collar,married,secondary,no,13849,yes,no,unknown,23,may,252,5,-1,0,unknown,no,2026-03-04 14:00:00
44,management,single,tertiary,no,295,yes,no,unknown,12,may,103,8,-1,0,unknown,no,2026-03-04 15:00:00
45,management,married,tertiary,no,2220,yes,no,cellular,11,jul,128,2,-1,0,unknown,no,2026-03-04 16:00:00
32,blue-collar,married,secondary,no,305,yes,no,cellular,20,nov,73,1,-1,0,unknown,no,2026-03-04 17:00:00
41,unemployed,married,secondary,no,121,yes,no,unknown,9,may,390,2,-1,0,unknown,no,2026-03-04 18:00:00
27,services,married,secondary,no,8,yes,no,unknown,6,may,88,3,-1,0,unknown,no,2026-03-04 19:00:00
30,blue-collar,single,secondary,no,574,no,no,cellular,5,feb,11,6,-1,0,unknown,no,2026-03-04 20:00:00
31,admin.,married,secondary,no,774,yes,yes,cellular,21,jul,93,1,-1,0,unknown,no,2026-03-04 21:00:00
37,services,divorced,secondary,no,239,yes,no,unknown,23,may,140,2,-1,0,unknown,no,2026-03-04 22:00:00
40,management,married,tertiary,no,1734,yes,no,unknown,2,jun,169,1,-1,0,unknown,no,2026-03-04 23:00:00
28,blue-collar,single,tertiary,no,1984,yes,no,cellular,10,aug,89,1,98,3,failure,no,2026-03-05 00:00:00
28,admin.,married,secondary,no,1,yes,no,cellular,24,jul,50,4,-1,0,unknown,no,2026-03-05 01:00:00
49,technician,married,secondary,no,1982,yes,yes,cellular,22,aug,73,15,-1,0,unknown,no,2026-03-05 02:00:00
34,entrepreneur,married,tertiary,no,121,yes,no,telephone,18,may,57,6,-1,0,unknown,no,2026-03-05 03:00:00
41,admin.,single,secondary,no,2015,yes,no,unknown,29,may,480,10,-1,0,unknown,no,2026-03-05 04:00:00
27,admin.,single,secondary,no,6492,no,no,cellular,6,feb,7,6,-1,0,unknown,no,2026-03-05 05:00:00
37,services,married,secondary,no,20,yes,no,telephone,14,may,151,5,-1,0,unknown,no,2026-03-05 06:00:00
58,technician,married,primary,no,4198,no,no,cellular,15,oct,441,5,246,5,failure,yes,2026-03-05 07:00:00
57,management,married,tertiary,no,779,yes,no,cellular,7,may,282,1,367,1,failure,no,2026-03-05 08:00:00
44,technician,married,secondary,no,-199,no,no,unknown,26,may,144,3,-1,0,unknown,no,2026-03-05 09:00:00
26,technician,married,secondary,no,415,no,no,cellular,24,jul,92,2,-1,0,unknown,no,2026-03-05 10:00:00
31,blue-collar,single,secondary,no,982,yes,no,cellular,14,may,182,1,-1,0,unknown,no,2026-03-05 11:00:00
59,retired,married,primary,no,474,no,no,cellular,13,aug,139,3,-1,0,unknown,no,2026-03-05 12:00:00
57,services,divorced,primary,no,362,no,no,unknown,11,jun,187,1,-1,0,unknown,no,2026-03-05 13:00:00
55,admin.,single,secondary,no,533,no,no,unknown,5,jun,40,2,-1,0,unknown,no,2026-03-05 14:00:00
31,technician,single,tertiary,no,1214,no,no,cellular,3,feb,39,1,-1,0,unknown,no,2026-03-05 15:00:00
35,admin.,married,secondary,no,-257,no,no,cellular,28,jan,117,3,-1,0,unknown,no,2026-03-05 16:00:00
44,admin.,divorced,secondary,no,-179,yes,no,cellular,15,may,333,1,-1,0,unknown,no,2026-03-05 17:00:00
55,housemaid,married,secondary,no,139,no,no,cellular,22,aug,256,2,-1,0,unknown,no,2026-03-05 18:00:00
27,student,single,secondary,no,671,yes,no,unknown,7,may,332,2,-1,0,unknown,no,2026-03-05 19:00:00
58,retired,single,tertiary,no,1411,yes,no,cellular,13,may,425,2,-1,0,unknown,no,2026-03-05 20:00:00
43,blue-collar,married,secondary,no,1109,yes,no,cellular,2,feb,115,3,264,2,failure,no,2026-03-05 21:00:00
51,self-employed,married,primary,no,8313,no,no,unknown,6,jun,185,1,-1,0,unknown,no,2026-03-05 22:00:00
28,services,single,secondary,no,2685,no,yes,unknown,24,aug,5,1,-1,0,unknown,no,2026-03-05 23:00:00
34,self-employed,married,secondary,no,-370,yes,no,unknown,21,may,748,1,-1,0,unknown,no,2026-03-06 00:00:00
43,housemaid,divorced,primary,no,0,no,no,unknown,11,jun,643,1,-1,0,unknown,no,2026-03-06 01:00:00
32,services,married,secondary,no,172,yes,no,unknown,28,may,84,3,-1,0,unknown,no,2026-03-06 02:00:00
32,technician,divorced,secondary,no,2,yes,no,unknown,11,jun,354,17,-1,0,unknown,no,2026-03-06 03:00:00
34,self-employed,single,tertiary,no,589,yes,no,telephone,8,may,44,4,367,1,other,no,2026-03-06 04:00:00
39,management,single,tertiary,no,763,no,no,cellular,22,feb,543,1,189,1,failure,yes,2026-03-06 05:00:00
51,unknown,married,unknown,no,12,no,no,unknown,11,jun,45,1,-1,0,unknown,no,2026-03-06 06:00:00
32,self-employed,married,secondary,no,413,yes,no,cellular,11,jul,712,2,-1,0,unknown,no,2026-03-06 07:00:00
57,management,married,tertiary,no,4185,yes,no,telephone,25,jul,394,2,-1,0,unknown,no,2026-03-06 08:00:00
49,blue-collar,married,secondary,no,5058,no,no,cellular,12,may,255,2,357,4,failure,no,2026-03-06 09:00:00
36,technician,divorced,secondary,no,3270,no,no,telephone,5,feb,44,1,-1,0,unknown,no,2026-03-06 10:00:00
45,blue-collar,married,primary,no,900,yes,no,unknown,9,jun,213,1,-1,0,unknown,no,2026-03-06 11:00:00
33,blue-collar,married,secondary,no,983,no,no,unknown,8,sep,9,1,-1,0,unknown,no,2026-03-06 12:00:00
49,blue-collar,married,secondary,no,1568,no,no,unknown,21,may,206,6,-1,0,unknown,no,2026-03-06 13:00:00
69,services,married,unknown,no,23592,no,no,cellular,3,jul,837,3,-1,0,unknown,no,2026-03-06 14:00:00
48,management,divorced,tertiary,no,-130,yes,no,cellular,29,sep,110,2,61,9,failure,no,2026-03-06 15:00:00
37,blue-collar,married,secondary,no,37,yes,no,unknown,5,may,204,1,-1,0,unknown,no,2026-03-06 16:00:00
37,blue-collar,married,primary,no,708,yes,no,telephone,2,feb,51,1,-1,0,unknown,no,2026-03-06 17:00:00
30,admin.,married,tertiary,no,501,yes,yes,cellular,25,may,92,1,-1,0,unknown,no,2026-03-06 18:00:00
25,technician,single,tertiary,no,226,no,no,cellular,7,jul,366,2,-1,0,unknown,no,2026-03-06 19:00:00
29,blue-collar,single,secondary,no,-16,yes,yes,cellular,5,may,201,1,-1,0,unknown,no,2026-03-06 20:00:00
27,technician,single,secondary,no,282,no,yes,cellular,9,jul,676,5,-1,0,unknown,no,2026-03-06 21:00:00
52,technician,married,tertiary,no,2506,no,no,cellular,16,jul,377,1,228,3,failure,no,2026-03-06 22:00:00
50,technician,married,tertiary,no,1347,yes,yes,unknown,12,jun,582,1,-1,0,unknown,no,2026-03-06 23:00:00
25,services,single,secondary,no,199,no,no,cellular,16,nov,173,1,92,5,failure,no,2026-03-07 00:00:00
31,management,divorced,tertiary,no,1804,yes,no,unknown,23,may,206,1,-1,0,unknown,no,2026-03-07 01:00:00
32,admin.,single,secondary,no,-133,yes,no,cellular,14,may,119,1,352,2,failure,no,2026-03-07 02:00:00
50,housemaid,married,secondary,no,34,yes,no,unknown,5,jun,163,1,-1,0,unknown,no,2026-03-07 03:00:00
42,blue-collar,married,secondary,no,1468,yes,no,unknown,28,may,136,1,-1,0,unknown,no,2026-03-07 04:00:00
60,retired,married,secondary,no,2077,yes,no,unknown,14,may,163,1,-1,0,unknown,no,2026-03-07 05:00:00
30,admin.,single,secondary,no,705,yes,no,unknown,4,jun,235,1,-1,0,unknown,no,2026-03-07 06:00:00
27,entrepreneur,single,tertiary,no,2159,yes,no,cellular,5,may,1101,1,-1,0,unknown,no,2026-03-07 07:00:00
40,services,divorced,unknown,no,5847,no,no,telephone,17,nov,206,1,-1,0,unknown,no,2026-03-07 08:00:00
49,admin.,married,tertiary,no,6574,no,no,cellular,8,jun,138,3,-1,0,unknown,yes,2026-03-07 09:00:00
58,management,married,tertiary,no,1602,no,no,cellular,21,nov,1032,10,115,3,failure,no,2026-03-07 10:00:00
30,management,single,tertiary,no,1269,no,no,cellular,28,may,361,2,-1,0,unknown,no,2026-03-07 11:00:00
28,blue-collar,single,primary,no,16,yes,no,cellular,8,may,217,7,-1,0,unknown,no,2026-03-07 12:00:00
42,services,married,secondary,no,548,no,no,unknown,20,jun,216,2,-1,0,unknown,no,2026-03-07 13:00:00
47,admin.,married,tertiary,no,97,yes,no,cellular,6,may,220,1,87,3,failure,no,2026-03-07 14:00:00
37,blue-collar,married,secondary,no,151,yes,no,unknown,5,jun,202,1,-1,0,unknown,no,2026-03-07 15:00:00
27,technician,single,secondary,no,3267,no,yes,cellular,31,jul,62,13,-1,0,unknown,no,2026-03-07 16:00:00
51,self-employed,divorced,tertiary,no,1357,yes,no,cellular,17,nov,233,3,-1,0,unknown,no,2026-03-07 17:00:00
39,admin.,single,secondary,no,2749,yes,no,cellular,19,nov,128,1,-1,0,unknown,no,2026-03-07 18:00:00
54,services,married,secondary,no,158,yes,no,unknown,19,may,198,1,-1,0,unknown,no,2026-03-07 19:00:00
26,student,single,unknown,no,19,no,no,telephone,30,apr,268,1,-1,0,unknown,no,2026-03-07 20:00:00
40,management,single,tertiary,no,1393,yes,no,unknown,21,may,20,8,-1,0,unknown,no,2026-03-07 21:00:00
49,blue-collar,divorced,primary,no,235,no,no,cellular,29,jan,626,1,-1,0,unknown,no,2026-03-07 22:00:00
33,management,single,tertiary,no,726,no,no,cellular,28,jan,219,1,-1,0,unknown,no,2026-03-07 23:00:00
42,services,married,secondary,no,1048,yes,no,unknown,15,may,51,1,-1,0,unknown,no,2026-03-08 00:00:00
32,admin.,single,secondary,no,299,yes,no,cellular,20,apr,177,2,348,2,failure,no,2026-03-08 01:00:00
40,technician,married,secondary,no,77,no,no,unknown,6,may,505,1,-1,0,unknown,no,2026-03-08 02:00:00
28,technician,single,secondary,no,3,no,no,telephone,18,may,40,8,349,6,failure,no,2026-03-08 03:00:00
46,services,married,secondary,no,2215,no,no,unknown,6,jun,222,2,-1,0,unknown,no,2026-03-08 04:00:00
39,services,single,secondary,no,-106,no,no,unknown,1,jul,60,4,-1,0,unknown,no,2026-03-08 05:00:00
35,services,married,secondary,no,1047,yes,no,cellular,20,apr,95,2,-1,0,unknown,no,2026-03-08 06:00:00
42,technician,single,unknown,no,344,yes,no,unknown,3,jun,26,7,-1,0,unknown,no,2026-03-08 07:00:00
40,retired,married,primary,no,-407,yes,no,cellular,18,jul,905,3,-1,0,unknown,no,2026-03-08 08:00:00
42,admin.,divorced,secondary,no,814,yes,no,cellular,2,feb,326,5,-1,0,unknown,no,2026-03-08 09:00:00
34,services,married,primary,no,285,yes,no,cellular,3,feb,625,4,-1,0,unknown,no,2026-03-08 10:00:00
67,technician,married,secondary,no,0,no,no,cellular,13,aug,1152,2,188,1,success,no,2026-03-08 11:00:00
44,services,married,secondary,no,1106,yes,no,telephone,23,jul,239,11,-1,0,unknown,no,2026-03-08 12:00:00
34,management,married,tertiary,no,158,no,no,cellular,9,mar,212,3,181,6,success,yes,2026-03-08 13:00:00
56,technician,married,secondary,no,76,yes,no,cellular,28,jul,93,3,-1,0,unknown,no,2026-03-08 14:00:00
74,retired,married,primary,no,0,no,no,telephone,13,nov,332,2,92,2,success,no,2026-03-08 15:00:00
46,blue-collar,married,primary,no,1204,yes,no,cellular,8,apr,139,2,-1,0,unknown,no,2026-03-08 16:00:00
41,technician,married,secondary,no,188,no,yes,telephone,31,jul,15,25,-1,0,unknown,no,2026-03-08 17:00:00
31,services,married,secondary,no,564,yes,no,unknown,7,may,223,3,-1,0,unknown,no,2026-03-08 18:00:00
43,technician,divorced,secondary,no,-278,no,no,cellular,28,aug,103,8,-1,0,unknown,no,2026-03-08 19:00:00
44,services,single,secondary,no,1378,yes,no,unknown,8,may,257,2,-1,0,unknown,no,2026-03-08 20:00:00
32,management,married,secondary,no,1423,yes,no,unknown,16,may,223,3,-1,0,unknown,no,2026-03-08 21:00:00
47,blue-collar,married,secondary,no,912,no,no,telephone,28,jul,118,9,-1,0,unknown,no,2026-03-08 22:00:00
26,unemployed,single,tertiary,no,3466,no,no,cellular,6,oct,275,2,-1,0,unknown,yes,2026-03-08 23:00:00
51,unemployed,married,secondary,no,107,no,no,cellular,20,aug,79,4,-1,0,unknown,no,2026-03-09 00:00:00
35,blue-collar,married,primary,no,3468,yes,no,unknown,21,may,72,3,-1,0,unknown,no,2026-03-09 01:00:00
36,blue-collar,single,secondary,no,103,yes,no,cellular,15,may,200,5,-1,0,unknown,no,2026-03-09 02:00:00
39,management,married,tertiary,no,1424,yes,no,cellular,12,aug,254,2,-1,0,unknown,no,2026-03-09 03:00:00
30,services,married,secondary,no,586,yes,no,cellular,20,nov,148,6,176,4,failure,no,2026-03-09 04:00:00
40,technician,married,secondary,no,170,no,no,cellular,28,aug,12,24,-1,0,unknown,no,2026-03-09 05:00:00
31,management,single,tertiary,no,0,yes,no,unknown,9,may,94,3,-1,0,unknown,no,2026-03-09 06:00:00
33,unemployed,single,secondary,no,233,yes,no,unknown,8,may,221,4,-1,0,unknown,no,2026-03-09 07:00:00
42,management,married,primary,no,4362,no,no,unknown,9,jun,238,1,-1,0,unknown,no,2026-03-09 08:00:00
38,blue-collar,single,secondary,no,530,no,no,unknown,20,jun,17,6,-1,0,unknown,no,2026-03-09 09:00:00
28,technician,single,tertiary,no,875,yes,no,cellular,6,may,55,1,-1,0,unknown,no,2026-03-09 10:00:00
35,blue-collar,married,primary,no,-210,yes,yes,telephone,7,apr,235,3,-1,0,unknown,no,2026-03-09 11:00:00
37,technician,married,secondary,no,1458,no,no,cellular,30,apr,281,1,-1,0,unknown,yes,2026-03-09 12:00:00
46,services,married,secondary,no,4780,yes,no,unknown,2,jun,105,3,-1,0,unknown,no,2026-03-09 13:00:00
33,services,single,secondary,no,152,yes,no,cellular,25,may,202,2,365,2,success,yes,2026-03-09 14:00:00
30,entrepreneur,divorced,secondary,no,151,yes,no,cellular,23,jul,108,4,-1,0,unknown,no,2026-03-09 15:00:00
56,retired,married,secondary,no,289,no,no,cellular,10,jul,226,1,-1,0,unknown,no,2026-03-09 16:00:00
28,management,single,tertiary,no,1287,yes,no,cellular,26,feb,65,1,-1,0,unknown,yes,2026-03-09 17:00:00
34,management,married,tertiary,no,161,yes,no,cellular,11,jul,378,1,-1,0,unknown,no,2026-03-09 18:00:00
57,self-employed,married,tertiary,no,350,no,no,cellular,26,may,132,6,112,3,failure,no,2026-03-09 19:00:00
52,management,divorced,tertiary,no,482,yes,no,cellular,14,may,162,4,365,1,failure,no,2026-03-09 20:00:00
46,admin.,divorced,secondary,no,2515,yes,yes,unknown,15,may,65,1,-1,0,unknown,no,2026-03-09 21:00:00
45,entrepreneur,married,secondary,no,-264,no,no,cellular,21,nov,85,2,-1,0,unknown,no,2026-03-09 22:00:00
41,management,married,tertiary,no,140,yes,no,unknown,5,jun,65,3,-1,0,unknown,no,2026-03-09 23:00:00
40,management,married,unknown,no,3165,yes,no,telephone,31,jul,77,2,-1,0,unknown,no,2026-03-10 00:00:00
43,admin.,married,secondary,no,1113,no,no,unknown,19,jun,477,7,-1,0,unknown,no,2026-03-10 01:00:00
52,blue-collar,married,secondary,no,2231,yes,yes,unknown,19,may,470,4,-1,0,unknown,no,2026-03-10 02:00:00
32,management,single,secondary,no,131,yes,yes,cellular,23,jul,1152,2,-1,0,unknown,yes,2026-03-10 03:00:00
51,management,married,tertiary,no,0,yes,no,unknown,16,may,59,5,-1,0,unknown,no,2026-03-10 04:00:00
39,blue-collar,married,primary,no,317,yes,no,unknown,13,may,326,3,-1,0,unknown,no,2026-03-10 05:00:00
51,blue-collar,married,secondary,no,285,yes,yes,cellular,27,aug,27,8,-1,0,unknown,no,2026-03-10 06:00:00
34,management,single,tertiary,no,1310,no,yes,cellular,20,nov,90,3,-1,0,unknown,no,2026-03-10 07:00:00
29,student,single,secondary,no,459,no,no,cellular,15,dec,279,3,189,19,other,yes,2026-03-10 08:00:00
35,blue-collar,married,secondary,no,1949,yes,no,unknown,2,jun,200,3,-1,0,unknown,no,2026-03-10 09:00:00
46,admin.,married,secondary,no,68,yes,no,cellular,27,aug,267,3,-1,0,unknown,no,2026-03-10 10:00:00
33,blue-collar,single,primary,no,785,yes,no,cellular,20,nov,139,1,-1,0,unknown,no,2026-03-10 11:00:00
55,unemployed,married,secondary,no,3982,no,no,cellular,30,jan,89,1,-1,0,unknown,no,2026-03-10 12:00:00
38,admin.,married,secondary,no,-295,no,no,cellular,14,jul,356,3,-1,0,unknown,no,2026-03-10 13:00:00
45,blue-collar,married,secondary,no,90,yes,no,unknown,29,may,744,6,-1,0,unknown,no,2026-03-10 14:00:00
47,management,married,tertiary,no,2716,no,no,unknown,23,jun,339,4,-1,0,unknown,no,2026-03-10 15:00:00
42,management,married,tertiary,no,478,no,yes,cellular,8,jul,165,1,-1,0,unknown,no,2026-03-10 16:00:00
37,admin.,single,secondary,no,310,no,yes,cellular,6,feb,179,1,-1,0,unknown,no,2026-03-10 17:00:00
26,blue-collar,married,secondary,yes,-82,yes,no,unknown,4,jun,23,2,-1,0,unknown,no,2026-03-10 18:00:00
32,admin.,married,secondary,no,413,yes,no,cellular,20,apr,95,3,341,2,failure,no,2026-03-10 19:00:00
52,blue-collar,married,primary,no,1884,no,no,unknown,11,jun,68,4,-1,0,unknown,no,2026-03-10 20:00:00
32,technician,single,tertiary,no,6284,no,no,cellular,14,aug,167,8,-1,0,unknown,no,2026-03-10 21:00:00
37,admin.,married,secondary,no,536,yes,no,cellular,23,jul,328,2,-1,0,unknown,no,2026-03-10 22:00:00
34,services,single,secondary,no,544,yes,no,unknown,27,may,257,2,-1,0,unknown,no,2026-03-10 23:00:00
57,admin.,divorced,primary,no,207,yes,no,cellular,16,apr,284,1,317,4,failure,no,2026-03-11 00:00:00
46,technician,married,tertiary,no,0,no,no,cellular,20,nov,531,1,167,1,failure,yes,2026-03-11 01:00:00
46,admin.,married,unknown,no,1106,no,no,telephone,9,feb,14,13,-1,0,unknown,no,2026-03-11 02:00:00
27,technician,single,secondary,no,927,no,no,cellular,6,oct,261,1,-1,0,unknown,no,2026-03-11 03:00:00
37,services,single,tertiary,no,72,yes,no,cellular,13,may,98,2,370,1,failure,no,2026-03-11 04:00:00
33,management,single,tertiary,no,5437,no,no,cellular,4,may,267,1,91,1,failure,yes,2026-03-11 05:00:00
45,admin.,divorced,primary,no,429,yes,no,cellular,22,apr,147,1,181,1,success,yes,2026-03-11 06:00:00
22,technician,single,secondary,no,283,yes,no,cellular,22,mar,254,2,-1,0,unknown,yes,2026-03-11 07:00:00
52,blue-collar,married,secondary,no,7225,no,no,cellular,19,nov,205,2,113,2,failure,no,2026-03-11 08:00:00
31,management,married,secondary,no,0,no,no,cellular,29,jan,120,2,160,2,failure,no,2026-03-11 09:00:00
49,technician,married,secondary,no,0,yes,no,cellular,7,may,190,1,276,1,other,no,2026-03-11 10:00:00
44,self-employed,divorced,tertiary,no,1070,yes,no,cellular,12,aug,137,2,104,3,success,yes,2026-03-11 11:00:00
30,admin.,single,secondary,no,213,no,no,cellular,30,apr,168,1,-1,0,unknown,no,2026-03-11 12:00:00
44,entrepreneur,married,secondary,no,887,yes,no,cellular,3,apr,93,2,-1,0,unknown,no,2026-03-11 13:00:00
32,blue-collar,single,secondary,no,7712,yes,yes,unknown,29,may,768,4,-1,0,unknown,no,2026-03-11 14:00:00
36,entrepreneur,married,secondary,no,1412,yes,yes,cellular,25,jul,226,1,-1,0,unknown,no,2026-03-11 15:00:00
44,management,married,tertiary,no,223,yes,no,unknown,9,may,93,2,-1,0,unknown,no,2026-03-11 16:00:00
34,blue-collar,married,primary,no,-367,yes,no,unknown,26,may,85,1,-1,0,unknown,no,2026-03-11 17:00:00
36,technician,married,secondary,no,6384,yes,yes,cellular,27,feb,59,1,101,1,failure,no,2026-03-11 18:00:00
49,entrepreneur,married,tertiary,no,221,yes,no,unknown,15,may,305,1,-1,0,unknown,no,2026-03-11 19:00:00
31,management,married,tertiary,no,1812,no,no,cellular,30,apr,461,1,-1,0,unknown,yes,2026-03-11 20:00:00
37,blue-collar,married,primary,no,378,yes,no,unknown,9,may,514,1,-1,0,unknown,no,2026-03-11 21:00:00
26,services,married,secondary,no,44,yes,yes,cellular,4,feb,193,2,237,20,other,no,2026-03-11 22:00:00
43,management,single,tertiary,no,379,yes,no,cellular,28,jan,74,1,-1,0,unknown,no,2026-03-11 23:00:00
58,retired,married,primary,no,1472,no,no,cellular,12,aug,74,2,-1,0,unknown,no,2026-03-12 00:00:00
31,blue-collar,single,tertiary,no,761,no,no,telephone,18,nov,514,2,-1,0,unknown,yes,2026-03-12 01:00:00
26,entrepreneur,single,tertiary,no,255,yes,no,cellular,15,may,401,1,-1,0,unknown,no,2026-03-12 02:00:00
50,blue-collar,married,primary,no,2590,yes,no,telephone,20,nov,281,2,195,6,failure,no,2026-03-12 03:00:00
41,blue-collar,married,secondary,no,1459,no,no,unknown,5,jun,82,1,-1,0,unknown,no,2026-03-12 04:00:00
33,management,married,tertiary,no,191,no,no,cellular,13,aug,1148,2,-1,0,unknown,yes,2026-03-12 05:00:00
26,blue-collar,single,secondary,no,18,yes,no,cellular,28,jul,579,3,-1,0,unknown,no,2026-03-12 06:00:00
56,self-employed,married,secondary,no,445,no,no,cellular,7,aug,59,2,-1,0,unknown,no,2026-03-12 07:00:00
47,technician,married,secondary,no,3973,no,no,cellular,6,aug,732,2,-1,0,unknown,no,2026-03-12 08:00:00
49,services,married,secondary,no,1114,no,no,cellular,17,nov,283,1,-1,0,unknown,no,2026-03-12 09:00:00
42,management,married,tertiary,no,60,no,no,cellular,6,aug,426,3,-1,0,unknown,no,2026-03-12 10:00:00
37,admin.,single,secondary,no,-17,yes,no,cellular,11,may,400,2,340,2,failure,no,2026-03-12 11:00:00
33,blue-collar,single,secondary,no,-416,yes,no,unknown,16,may,767,2,-1,0,unknown,yes,2026-03-12 12:00:00
38,services,single,tertiary,no,323,yes,no,unknown,19,may,138,1,-1,0,unknown,no,2026-03-12 13:00:00
39,management,single,secondary,no,4278,yes,no,cellular,19,nov,43,1,111,2,other,no,2026-03-12 14:00:00
44,blue-collar,married,primary,no,0,no,no,unknown,18,jun,192,5,-1,0,unknown,no,2026-03-12 15:00:00
39,technician,married,secondary,no,2266,no,no,cellular,22,may,86,1,93,4,success,no,2026-03-12 16:00:00
54,entrepreneur,married,tertiary,no,1544,no,yes,cellular,24,jul,82,3,-1,0,unknown,no,2026-03-12 17:00:00
33,blue-collar,single,secondary,no,16649,yes,no,cellular,5,feb,173,1,-1,0,unknown,no,2026-03-12 18:00:00
42,management,single,tertiary,no,10907,no,no,cellular,4,may,74,3,-1,0,unknown,no,2026-03-12 19:00:00
49,admin.,single,secondary,no,1150,yes,no,cellular,18,may,126,2,355,1,failure,no,2026-03-12 20:00:00
37,technician,single,secondary,no,29,no,no,unknown,3,jul,269,2,-1,0,unknown,no,2026-03-12 21:00:00
40,unemployed,married,primary,no,1908,yes,no,cellular,5,feb,1661,2,-1,0,unknown,yes,2026-03-12 22:00:00
43,management,single,secondary,no,2968,no,no,unknown,20,jun,30,4,-1,0,unknown,no,2026-03-12 23:00:00
44,blue-collar,married,primary,no,148,yes,no,unknown,6,may,211,1,-1,0,unknown,no,2026-03-13 00:00:00
34,management,married,tertiary,no,8000,no,no,cellular,28,may,110,2,-1,0,unknown,no,2026-03-13 01:00:00
35,management,divorced,tertiary,no,0,no,no,cellular,18,aug,100,6,-1,0,unknown,no,2026-03-13 02:00:00
77,retired,married,tertiary,no,0,no,no,cellular,6,apr,190,1,-1,0,unknown,no,2026-03-13 03:00:00
57,housemaid,divorced,primary,no,492,no,no,telephone,21,nov,181,2,-1,0,unknown,no,2026-03-13 04:00:00
50,technician,married,secondary,no,892,yes,yes,unknown,15,may,234,1,-1,0,unknown,no,2026-03-13 05:00:00
38,admin.,single,secondary,no,-327,no,no,cellular,22,jul,345,5,-1,0,unknown,no,2026-03-13 06:00:00
30,management,single,tertiary,no,1038,no,no,cellular,12,aug,88,2,-1,0,unknown,no,2026-03-13 07:00:00
38,blue-collar,married,secondary,no,213,yes,no,unknown,16,jun,270,15,-1,0,unknown,no,2026-03-13 08:00:00
28,admin.,single,secondary,no,697,yes,no,cellular,7,may,404,2,-1,0,unknown,no,2026-03-13 09:00:00
30,admin.,married,secondary,no,8781,yes,no,cellular,18,nov,898,1,-1,0,unknown,yes,2026-03-13 10:00:00
39,housemaid,married,primary,no,267,no,no,unknown,9,jun,1151,5,-1,0,unknown,no,2026-03-13 11:00:00
38,blue-collar,single,unknown,no,840,no,no,unknown,9,jun,176,6,-1,0,unknown,no,2026-03-13 12:00:00
54,technician,married,secondary,no,3323,yes,yes,cellular,8,apr,59,3,-1,0,unknown,no,2026-03-13 13:00:00
41,services,divorced,secondary,no,-170,yes,no,cellular,8,may,125,1,-1,0,unknown,no,2026-03-13 14:00:00
19,student,single,unknown,no,60,no,no,cellular,14,aug,253,1,-1,0,unknown,no,2026-03-13 15:00:00
31,management,married,tertiary,no,1126,no,no,unknown,14,jun,20,1,-1,0,unknown,no,2026-03-13 16:00:00
59,retired,married,secondary,no,4414,yes,no,unknown,30,may,161,1,-1,0,unknown,no,2026-03-13 17:00:00
32,blue-collar,married,primary,no,158,yes,no,unknown,16,may,84,4,-1,0,unknown,no,2026-03-13 18:00:00
41,blue-collar,married,secondary,no,2717,yes,yes,cellular,24,jul,559,2,-1,0,unknown,no,2026-03-13 19:00:00
40,blue-collar,single,secondary,no,406,no,no,cellular,17,nov,205,2,-1,0,unknown,no,2026-03-13 20:00:00
48,blue-collar,married,secondary,no,1738,yes,no,cellular,15,apr,349,1,-1,0,unknown,no,2026-03-13 21:00:00
27,blue-collar,single,secondary,no,28,no,no,telephone,22,jul,68,3,-1,0,unknown,no,2026-03-13 22:00:00
55,technician,divorced,tertiary,no,2298,yes,no,cellular,29,jul,66,1,-1,0,unknown,no,2026-03-13 23:00:00
53,management,married,tertiary,no,146,no,no,unknown,30,may,150,1,-1,0,unknown,no,2026-03-14 00:00:00
45,services,married,secondary,no,692,yes,no,unknown,28,may,506,2,-1,0,unknown,no,2026-03-14 01:00:00
36,technician,married,secondary,no,58,no,no,cellular,3,feb,24,2,-1,0,unknown,no,2026-03-14 02:00:00
30,blue-collar,single,secondary,yes,4,yes,no,unknown,23,may,84,3,-1,0,unknown,no,2026-03-14 03:00:00
55,retired,married,secondary,no,241,yes,no,unknown,20,jun,14,6,-1,0,unknown,no,2026-03-14 04:00:00
33,technician,married,secondary,no,218,yes,yes,telephone,2,mar,169,4,-1,0,unknown,no,2026-03-14 05:00:00
23,student,single,secondary,no,834,yes,no,cellular,6,may,283,3,-1,0,unknown,no,2026-03-14 06:00:00
34,blue-collar,married,primary,no,251,yes,yes,cellular,24,jul,15,3,-1,0,unknown,no,2026-03-14 07:00:00
41,entrepreneur,single,primary,no,7264,no,yes,unknown,1,jul,125,3,-1,0,unknown,no,2026-03-14 08:00:00
30,technician,married,secondary,no,-206,yes,yes,cellular,15,may,133,1,-1,0,unknown,no,2026-03-14 09:00:00
52,blue-collar,married,secondary,no,289,yes,no,unknown,21,may,45,13,-1,0,unknown,no,2026-03-14 10:00:00
59,management,single,tertiary,no,7668,no,no,cellular,5,aug,124,1,-1,0,unknown,no,2026-03-14 11:00:00
50,technician,married,secondary,no,1765,yes,no,unknown,12,jun,247,2,-1,0,unknown,no,2026-03-14 12:00:00
36,technician,single,secondary,no,9149,yes,no,cellular,13,aug,141,3,-1,0,unknown,no,2026-03-14 13:00:00
41,unemployed,married,primary,no,-117,yes,no,telephone,6,feb,117,6,-1,0,unknown,no,2026-03-14 14:00:00
28,blue-collar,married,primary,no,113,yes,no,unknown,8,may,534,2,-1,0,unknown,no,2026-03-14 15:00:00
33,technician,married,secondary,no,3071,yes,yes,cellular,20,nov,46,2,122,1,failure,no,2026-03-14 16:00:00
59,management,married,tertiary,no,63,no,no,telephone,18,nov,89,1,-1,0,unknown,no,2026-03-14 17:00:00
46,self-employed,single,secondary,no,1029,no,no,cellular,17,nov,108,2,-1,0,unknown,no,2026-03-14 18:00:00
33,services,married,secondary,no,1078,yes,no,cellular,13,may,320,4,175,4,other,no,2026-03-14 19:00:00
35,admin.,married,secondary,no,1345,yes,no,cellular,23,jul,135,1,-1,0,unknown,no,2026-03-14 20:00:00
49,blue-collar,single,primary,no,87,yes,no,telephone,14,may,162,2,-1,0,unknown,no,2026-03-14 21:00:00
40,housemaid,married,secondary,no,1783,yes,yes,cellular,19,nov,130,1,-1,0,unknown,no,2026-03-14 22:00:00
22,blue-collar,single,secondary,no,3992,yes,yes,unknown,19,may,194,2,-1,0,unknown,no,2026-03-14 23:00:00
33,admin.,married,tertiary,no,79,yes,no,cellular,5,may,389,1,195,4,success,yes,2026-03-15 00:00:00
35,services,married,unknown,no,2,no,no,unknown,16,jun,221,1,-1,0,unknown,no,2026-03-15 01:00:00
36,blue-collar,divorced,secondary,no,421,yes,no,cellular,15,may,34,7,360,4,other,no,2026-03-15 02:00:00
43,blue-collar,married,primary,no,2952,no,no,cellular,3,aug,417,2,95,1,other,yes,2026-03-15 03:00:00
39,management,married,tertiary,no,15,yes,yes,cellular,21,nov,90,2,-1,0,unknown,no,2026-03-15 04:00:00
44,blue-collar,divorced,primary,no,-57,yes,no,cellular,7,may,234,1,356,2,failure,no,2026-03-15 05:00:00
40,technician,married,secondary,no,1498,no,yes,cellular,21,aug,139,4,-1,0,unknown,no,2026-03-15 06:00:00
34,management,single,tertiary,no,9827,yes,no,cellular,13,aug,871,4,-1,0,unknown,yes,2026-03-15 07:00:00
46,services,married,primary,no,179,yes,no,unknown,5,may,1778,1,-1,0,unknown,no,2026-03-15 08:00:00
61,retired,married,tertiary,no,5267,no,no,cellular,18,aug,212,7,188,3,success,no,2026-03-15 09:00:00
57,housemaid,married,primary,no,688,no,no,cellular,21,jul,67,2,-1,0,unknown,no,2026-03-15 10:00:00
36,blue-collar,single,secondary,no,1168,yes,no,unknown,23,may,242,3,-1,0,unknown,no,2026-03-15 11:00:00
51,housemaid,married,primary,no,1275,no,no,unknown,6,jun,92,1,-1,0,unknown,no,2026-03-15 12:00:00
46,blue-collar,married,secondary,no,130,yes,no,cellular,14,may,106,1,349,1,failure,no,2026-03-15 13:00:00
28,student,single,tertiary,no,221,yes,no,cellular,15,may,176,1,-1,0,unknown,no,2026-03-15 14:00:00
38,technician,married,secondary,no,254,yes,no,unknown,27,may,359,6,-1,0,unknown,no,2026-03-15 15:00:00
31,blue-collar,married,secondary,no,113,yes,no,cellular,5,may,337,3,-1,0,unknown,no,2026-03-15 16:00:00
34,technician,single,secondary,no,341,no,yes,cellular,29,jan,136,1,262,3,failure,no,2026-03-15 17:00:00
54,housemaid,married,secondary,no,378,no,no,unknown,6,jun,371,2,-1,0,unknown,no,2026-03-15 18:00:00
34,blue-collar,married,primary,no,151,yes,no,cellular,17,jul,546,6,-1,0,unknown,no,2026-03-15 19:00:00
48,blue-collar,single,primary,no,8990,no,no,telephone,2,feb,1790,2,-1,0,unknown,yes,2026-03-15 20:00:00
46,services,married,secondary,no,-119,yes,no,cellular,15,may,138,2,297,3,failure,no,2026-03-15 21:00:00
44,blue-collar,single,secondary,no,-435,yes,no,unknown,27,may,141,2,-1,0,unknown,no,2026-03-15 22:00:00
36,technician,single,secondary,no,318,no,no,cellular,14,aug,924,4,-1,0,unknown,no,2026-03-15 23:00:00
32,technician,single,tertiary,no,178,no,no,cellular,21,aug,159,3,-1,0,unknown,no,2026-03-16 00:00:00
37,technician,single,tertiary,no,5122,yes,no,unknown,20,may,396,1,-1,0,unknown,no,2026-03-16 01:00:00
50,blue-collar,married,primary,no,-141,yes,no,unknown,20,jun,61,2,-1,0,unknown,no,2026-03-16 02:00:00
31,student,single,tertiary,no,25,yes,no,cellular,8,may,85,2,368,2,failure,no,2026-03-16 03:00:00
31,blue-collar,married,secondary,no,-446,no,no,unknown,3,jun,180,1,-1,0,unknown,no,2026-03-16 04:00:00
49,management,married,unknown,no,126,yes,no,cellular,29,jul,195,2,-1,0,unknown,no,2026-03-16 05:00:00
49,admin.,married,secondary,no,909,yes,no,cellular,9,apr,730,1,-1,0,unknown,no,2026-03-16 06:00:00
30,technician,single,secondary,no,863,yes,no,unknown,16,may,1193,5,-1,0,unknown,yes,2026-03-16 07:00:00
58,blue-collar,married,unknown,no,9,no,no,cellular,25,aug,50,23,-1,0,unknown,no,2026-03-16 08:00:00
69,retired,married,primary,no,2398,no,no,cellular,12,apr,161,1,186,1,failure,no,2026-03-16 09:00:00
59,blue-collar,married,secondary,no,-162,yes,yes,unknown,20,jun,122,1,-1,0,unknown,no,2026-03-16 10:00:00
25,blue-collar,single,primary,no,147,yes,no,cellular,20,apr,59,2,322,2,failure,no,2026-03-16 11:00:00
32,admin.,married,secondary,no,0,yes,no,cellular,21,jul,229,1,-1,0,unknown,no,2026-03-16 12:00:00
55,management,married,tertiary,no,6880,no,no,cellular,8,aug,353,2,-1,0,unknown,no,2026-03-16 13:00:00
32,services,married,secondary,no,243,yes,yes,unknown,6,may,144,1,-1,0,unknown,no,2026-03-16 14:00:00
43,management,married,tertiary,no,489,yes,no,cellular,8,may,130,1,172,2,other,no,2026-03-16 15:00:00
58,housemaid,married,tertiary,no,94,no,yes,cellular,28,jul,207,7,-1,0,unknown,no,2026-03-16 16:00:00
41,management,married,tertiary,no,5,no,no,unknown,5,jun,178,1,-1,0,unknown,no,2026-03-16 17:00:00
34,services,married,secondary,no,-508,yes,no,cellular,21,nov,144,6,185,2,failure,no,2026-03-16 18:00:00
27,services,single,secondary,no,223,yes,yes,cellular,13,may,297,2,-1,0,unknown,no,2026-03-16 19:00:00
60,retired,single,secondary,no,-14,yes,no,unknown,20,may,121,3,-1,0,unknown,no,2026-03-16 20:00:00
28,blue-collar,married,secondary,no,64,yes,no,unknown,13,may,160,3,-1,0,unknown,no,2026-03-16 21:00:00
47,admin.,married,secondary,no,2354,yes,no,unknown,15,may,303,1,-1,0,unknown,no,2026-03-16 22:00:00
54,technician,married,tertiary,no,417,yes,no,unknown,16,jun,375,2,-1,0,unknown,no,2026-03-16 23:00:00
30,services,married,secondary,no,357,yes,no,cellular,4,feb,215,3,253,4,failure,no,2026-03-17 00:00:00
51,unemployed,married,secondary,no,1052,no,no,cellular,25,aug,280,4,-1,0,unknown,no,2026-03-17 01:00:00
26,services,single,secondary,no,1050,yes,no,unknown,2,jun,118,3,-1,0,unknown,no,2026-03-17 02:00:00
34,admin.,married,unknown,no,3,yes,no,unknown,5,may,120,3,-1,0,unknown,no,2026-03-17 03:00:00
58,admin.,divorced,secondary,no,8548,yes,no,cellular,14,may,175,8,-1,0,unknown,no,2026-03-17 04:00:00
36,management,single,tertiary,no,0,no,no,cellular,13,aug,296,8,-1,0,unknown,no,2026-03-17 05:00:00
34,services,married,secondary,no,9,yes,no,cellular,17,jul,655,1,-1,0,unknown,no,2026-03-17 06:00:00
33,entrepreneur,married,primary,no,165,yes,no,unknown,23,may,218,1,-1,0,unknown,no,2026-03-17 07:00:00
59,retired,married,secondary,no,566,no,no,cellular,12,aug,464,4,-1,0,unknown,no,2026-03-17 08:00:00
53,technician,married,secondary,no,1738,no,yes,cellular,21,nov,168,2,-1,0,unknown,no,2026-03-17 09:00:00
53,management,married,tertiary,no,267,yes,no,telephone,23,jul,90,1,-1,0,unknown,no,2026-03-17 10:00:00
55,entrepreneur,divorced,tertiary,no,0,no,no,unknown,6,jun,108,2,-1,0,unknown,no,2026-03-17 11:00:00
45,blue-collar,divorced,secondary,no,77,yes,no,unknown,26,may,99,3,-1,0,unknown,no,2026-03-17 12:00:00
53,blue-collar,married,secondary,no,1093,yes,yes,unknown,16,jun,244,3,-1,0,unknown,no,2026-03-17 13:00:00
30,admin.,married,unknown,no,4,yes,no,cellular,29,jul,176,21,-1,0,unknown,no,2026-03-17 14:00:00
40,management,married,tertiary,no,30,yes,no,cellular,28,jul,609,6,-1,0,unknown,no,2026-03-17 15:00:00
47,services,married,primary,no,6,no,no,cellular,27,aug,63,4,-1,0,unknown,no,2026-03-17 16:00:00
54,self-employed,divorced,primary,no,4382,yes,no,telephone,18,may,193,4,-1,0,unknown,no,2026-03-17 17:00:00
37,blue-collar,married,unknown,no,1795,yes,no,unknown,5,jun,511,1,-1,0,unknown,no,2026-03-17 18:00:00
80,retired,married,primary,no,997,no,no,cellular,29,oct,746,2,86,1,other,yes,2026-03-17 19:00:00
46,management,divorced,tertiary,no,6269,yes,no,telephone,18,nov,249,3,112,2,failure,no,2026-03-17 20:00:00
31,blue-collar,married,primary,no,2198,no,no,unknown,2,jun,532,2,-1,0,unknown,no,2026-03-17 21:00:00
50,entrepreneur,married,secondary,no,556,yes,no,unknown,16,may,130,2,-1,0,unknown,no,2026-03-17 22:00:00
29,services,single,secondary,no,-287,yes,no,cellular,18,may,196,1,-1,0,unknown,no,2026-03-17 23:00:00
65,retired,married,secondary,no,1220,no,no,cellular,7,sep,127,1,186,2,failure,no,2026-03-18 00:00:00
26,services,single,secondary,no,1163,no,yes,cellular,28,jul,239,4,-1,0,unknown,no,2026-03-18 01:00:00
34,management,married,tertiary,no,3696,no,no,cellular,8,apr,758,2,160,5,other,yes,2026-03-18 02:00:00
27,self-employed,single,tertiary,no,139,no,no,cellular,29,jan,144,3,-1,0,unknown,no,2026-03-18 03:00:00
29,admin.,single,secondary,no,1751,no,no,cellular,30,jan,150,1,-1,0,unknown,no,2026-03-18 04:00:00
40,technician,married,tertiary,no,84,no,no,cellular,28,aug,715,8,-1,0,unknown,no,2026-03-18 05:00:00
29,management,married,tertiary,no,727,yes,no,cellular,17,jul,87,1,-1,0,unknown,no,2026-03-18 06:00:00
33,technician,married,secondary,no,105,yes,yes,unknown,20,may,360,1,-1,0,unknown,no,2026-03-18 07:00:00
47,services,married,secondary,no,4,no,no,cellular,13,aug,73,2,105,6,success,no,2026-03-18 08:00:00
34,self-employed,married,secondary,no,179,yes,yes,cellular,24,jul,137,4,-1,0,unknown,no,2026-03-18 09:00:00
30,technician,single,tertiary,no,880,yes,yes,unknown,19,may,967,6,-1,0,unknown,yes,2026-03-18 10:00:00
36,blue-collar,married,secondary,yes,13,no,yes,cellular,3,feb,150,4,-1,0,unknown,no,2026-03-18 11:00:00
50,technician,married,secondary,no,-353,yes,yes,cellular,18,nov,162,1,175,2,failure,no,2026-03-18 12:00:00
38,housemaid,married,primary,no,3918,no,no,cellular,27,aug,101,3,-1,0,unknown,no,2026-03-18 13:00:00
48,management,single,secondary,no,1106,no,yes,cellular,8,jul,265,1,-1,0,unknown,no,2026-03-18 14:00:00
28,management,single,tertiary,no,9710,no,no,cellular,14,oct,786,2,-1,0,unknown,no,2026-03-18 15:00:00
38,blue-collar,married,primary,no,563,yes,no,unknown,30,may,287,1,-1,0,unknown,no,2026-03-18 16:00:00
35,management,single,tertiary,no,694,yes,no,cellular,6,apr,129,1,-1,0,unknown,no,2026-03-18 17:00:00
37,blue-collar,married,primary,no,1941,yes,no,cellular,20,apr,151,2,-1,0,unknown,no,2026-03-18 18:00:00
33,technician,married,secondary,no,806,no,no,cellular,17,apr,108,1,-1,0,unknown,yes,2026-03-18 19:00:00
38,blue-collar,single,secondary,no,2032,yes,no,cellular,5,may,87,4,349,2,failure,no,2026-03-18 20:00:00
62,retired,married,secondary,no,569,no,no,cellular,4,feb,94,5,184,1,success,yes,2026-03-18 21:00:00
45,technician,married,tertiary,no,1818,yes,yes,cellular,25,jun,427,1,142,5,success,no,2026-03-18 22:00:00
35,management,single,tertiary,no,431,no,no,cellular,17,aug,343,2,397,1,failure,yes,2026-03-18 23:00:00
44,self-employed,married,secondary,no,0,yes,no,cellular,20,nov,40,3,-1,0,unknown,no,2026-03-19 00:00:00
37,services,single,secondary,no,105,no,yes,cellular,21,nov,197,2,157,4,failure,no,2026-03-19 01:00:00
28,blue-collar,single,primary,no,1518,yes,no,cellular,15,may,204,3,359,3,failure,no,2026-03-19 02:00:00
55,blue-collar,married,unknown,no,23,no,no,cellular,30,jan,143,1,2,3,other,no,2026-03-19 03:00:00
29,management,single,tertiary,no,797,yes,no,cellular,18,may,334,2,-1,0,unknown,no,2026-03-19 04:00:00
35,blue-collar,married,secondary,no,153,yes,no,cellular,18,nov,645,2,-1,0,unknown,no,2026-03-19 05:00:00
60,technician,divorced,tertiary,no,1900,yes,no,unknown,29,may,77,3,-1,0,unknown,no,2026-03-19 06:00:00
39,admin.,divorced,secondary,no,1022,yes,no,unknown,20,jun,20,3,-1,0,unknown,no,2026-03-19 07:00:00
27,admin.,married,secondary,no,3415,no,no,cellular,9,oct,266,3,184,1,success,yes,2026-03-19 08:00:00
38,blue-collar,divorced,primary,no,0,no,no,unknown,12,jun,133,1,-1,0,unknown,no,2026-03-19 09:00:00
61,management,married,secondary,no,1471,no,no,cellular,12,aug,331,2,-1,0,unknown,no,2026-03-19 10:00:00
38,blue-collar,married,primary,no,0,yes,no,cellular,21,nov,101,1,-1,0,unknown,no,2026-03-19 11:00:00
32,blue-collar,married,secondary,no,0,yes,yes,cellular,28,jan,117,2,-1,0,unknown,no,2026-03-19 12:00:00
34,management,single,tertiary,no,3035,no,no,cellular,20,nov,1166,1,-1,0,unknown,no,2026-03-19 13:00:00
35,admin.,married,secondary,no,165,no,yes,unknown,20,jun,109,1,-1,0,unknown,no,2026-03-19 14:00:00
59,admin.,divorced,secondary,no,-41,yes,yes,unknown,20,may,171,1,-1,0,unknown,no,2026-03-19 15:00:00
59,technician,single,secondary,no,6284,yes,no,cellular,17,nov,41,1,-1,0,unknown,no,2026-03-19 16:00:00
44,admin.,married,secondary,no,10,no,no,unknown,20,jun,52,2,-1,0,unknown,no,2026-03-19 17:00:00
50,self-employed,divorced,secondary,no,985,yes,yes,telephone,21,nov,167,1,-1,0,unknown,no,2026-03-19 18:00:00
32,blue-collar,married,primary,no,1064,yes,no,unknown,12,may,326,1,-1,0,unknown,no,2026-03-19 19:00:00
32,management,married,tertiary,no,0,yes,no,unknown,5,may,179,1,-1,0,unknown,no,2026-03-19 20:00:00
30,management,single,tertiary,no,20580,yes,no,cellular,21,nov,116,2,-1,0,unknown,no,2026-03-19 21:00:00
45,blue-collar,married,secondary,no,-183,yes,yes,cellular,28,aug,8,13,-1,0,unknown,no,2026-03-19 22:00:00
26,unemployed,single,tertiary,no,102,no,no,cellular,28,jul,377,2,-1,0,unknown,no,2026-03-19 23:00:00
35,management,single,secondary,no,6809,yes,no,unknown,9,may,750,7,-1,0,unknown,no,2026-03-20 00:00:00
29,technician,single,secondary,no,323,no,no,cellular,27,aug,148,2,94,1,other,no,2026-03-20 01:00:00
34,management,married,tertiary,no,0,yes,no,cellular,13,may,324,2,-1,0,unknown,no,2026-03-20 02:00:00
56,management,married,tertiary,no,505,yes,yes,cellular,17,nov,171,1,172,2,failure,no,2026-03-20 03:00:00
33,technician,single,secondary,no,56,no,no,unknown,7,may,236,2,-1,0,unknown,no,2026-03-20 04:00:00
37,technician,married,secondary,no,480,no,no,cellular,22,oct,344,2,182,8,other,yes,2026-03-20 05:00:00
46,blue-collar,married,primary,no,684,yes,no,unknown,29,may,414,2,-1,0,unknown,no,2026-03-20 06:00:00
41,blue-collar,divorced,unknown,no,19,no,yes,cellular,8,jul,514,5,-1,0,unknown,no,2026-03-20 07:00:00
47,management,married,tertiary,no,286,no,no,cellular,22,aug,557,7,-1,0,unknown,no,2026-03-20 08:00:00
31,self-employed,married,tertiary,no,81,no,no,cellular,28,aug,532,2,-1,0,unknown,no,2026-03-20 09:00:00
30,technician,single,tertiary,no,1922,yes,no,cellular,18,may,546,1,-1,0,unknown,no,2026-03-20 10:00:00
27,admin.,single,secondary,no,1327,no,no,cellular,12,apr,339,1,241,9,other,no,2026-03-20 11:00:00
43,services,divorced,unknown,no,159,no,no,unknown,16,jun,112,4,-1,0,unknown,no,2026-03-20 12:00:00
46,technician,married,tertiary,no,157,no,no,cellular,5,feb,120,2,224,1,failure,no,2026-03-20 13:00:00
44,management,single,tertiary,no,1090,no,no,cellular,20,oct,178,4,93,6,success,yes,2026-03-20 14:00:00
54,technician,single,unknown,no,447,yes,no,unknown,5,may,742,2,-1,0,unknown,no,2026-03-20 15:00:00
32,services,single,secondary,no,875,yes,no,cellular,21,nov,1015,2,-1,0,unknown,no,2026-03-20 16:00:00
31,self-employed,married,tertiary,no,5,yes,yes,cellular,21,nov,635,1,135,2,failure,yes,2026-03-20 17:00:00
60,entrepreneur,married,primary,no,987,no,no,unknown,19,jun,102,13,-1,0,unknown,no,2026-03-20 18:00:00
31,management,single,tertiary,no,9629,no,no,cellular,7,oct,180,2,96,2,failure,no,2026-03-20 19:00:00
26,blue-collar,single,secondary,no,78,no,no,telephone,28,jan,43,1,-1,0,unknown,no,2026-03-20 20:00:00
29,admin.,single,secondary,no,818,yes,yes,unknown,5,may,61,1,-1,0,unknown,no,2026-03-20 21:00:00
37,technician,married,secondary,no,1,yes,no,unknown,6,may,608,1,-1,0,unknown,yes,2026-03-20 22:00:00
26,blue-collar,single,primary,no,102,yes,no,unknown,9,may,89,1,-1,0,unknown,no,2026-03-20 23:00:00
37,entrepreneur,married,primary,no,0,no,no,cellular,25,may,163,1,-1,0,unknown,no,2026-03-21 00:00:00
33,blue-collar,single,secondary,no,272,yes,no,unknown,16,may,122,3,-1,0,unknown,no,2026-03-21 01:00:00
40,blue-collar,married,secondary,no,1515,yes,no,cellular,10,aug,503,1,-1,0,unknown,yes,2026-03-21 02:00:00
45,management,single,tertiary,no,1269,no,no,unknown,20,jun,55,7,-1,0,unknown,no,2026-03-21 03:00:00
45,technician,married,secondary,no,1818,no,no,cellular,2,feb,197,1,241,2,other,no,2026-03-21 04:00:00
31,services,married,secondary,no,143,yes,no,cellular,13,may,221,2,-1,0,unknown,no,2026-03-21 05:00:00
37,management,married,tertiary,no,1893,no,yes,cellular,21,jul,353,2,-1,0,unknown,no,2026-03-21 06:00:00
32,technician,single,tertiary,no,1100,yes,yes,cellular,11,aug,67,1,-1,0,unknown,no,2026-03-21 07:00:00
32,management,divorced,tertiary,no,787,yes,no,cellular,11,aug,72,2,-1,0,unknown,no,2026-03-21 08:00:00
48,admin.,married,unknown,no,0,yes,no,cellular,8,may,85,1,168,2,failure,no,2026-03-21 09:00:00
55,management,married,tertiary,no,540,no,no,cellular,19,nov,124,2,-1,0,unknown,no,2026-03-21 10:00:00
27,technician,divorced,secondary,no,114,yes,yes,unknown,9,may,375,2,-1,0,unknown,no,2026-03-21 11:00:00
41,unemployed,married,secondary,no,2423,yes,no,cellular,4,feb,101,1,-1,0,unknown,no,2026-03-21 12:00:00
48,blue-collar,married,secondary,no,2083,no,no,cellular,8,aug,88,3,-1,0,unknown,no,2026-03-21 13:00:00
34,management,married,tertiary,no,4859,no,no,cellular,20,aug,262,2,112,2,failure,no,2026-03-21 14:00:00
22,housemaid,single,secondary,no,650,yes,no,unknown,12,may,181,4,-1,0,unknown,no,2026-03-21 15:00:00
36,admin.,divorced,secondary,no,496,no,no,unknown,8,may,269,3,-1,0,unknown,no,2026-03-21 16:00:00
54,blue-collar,married,primary,no,2584,no,no,cellular,20,aug,387,7,-1,0,unknown,no,2026-03-21 17:00:00
28,student,single,tertiary,no,22,yes,no,cellular,15,may,536,2,-1,0,unknown,yes,2026-03-21 18:00:00
57,technician,married,secondary,no,2550,no,no,cellular,29,jan,73,2,-1,0,unknown,no,2026-03-21 19:00:00
45,admin.,married,secondary,no,153,no,no,cellular,5,aug,277,1,-1,0,unknown,yes,2026-03-21 20:00:00
31,management,married,tertiary,no,6138,no,no,cellular,19,jun,241,5,-1,0,unknown,no,2026-03-21 21:00:00
26,admin.,single,secondary,no,-378,no,yes,cellular,8,jul,165,1,-1,0,unknown,no,2026-03-21 22:00:00
37,services,single,secondary,no,342,yes,no,cellular,4,feb,127,1,273,1,failure,no,2026-03-21 23:00:00
38,blue-collar,married,secondary,no,20,yes,no,unknown,6,may,402,1,-1,0,unknown,no,2026-03-22 00:00:00
41,blue-collar,married,primary,no,194,yes,no,cellular,12,may,201,1,-1,0,unknown,no,2026-03-22 01:00:00
48,admin.,married,secondary,no,1208,no,no,telephone,18,nov,126,4,-1,0,unknown,no,2026-03-22 02:00:00
32,services,married,secondary,no,197,yes,no,cellular,20,apr,421,4,-1,0,unknown,no,2026-03-22 03:00:00
54,self-employed,married,tertiary,no,368,no,no,telephone,31,jul,7,4,-1,0,unknown,no,2026-03-22 04:00:00
29,admin.,single,tertiary,no,4737,yes,no,unknown,3,jun,226,1,-1,0,unknown,no,2026-03-22 05:00:00
46,technician,divorced,secondary,no,435,yes,no,unknown,15,may,192,3,-1,0,unknown,no,2026-03-22 06:00:00
30,admin.,married,tertiary,no,612,yes,no,unknown,27,may,220,6,-1,0,unknown,no,2026-03-22 07:00:00
50,admin.,married,secondary,no,761,no,yes,cellular,5,feb,273,3,-1,0,unknown,no,2026-03-22 08:00:00
56,retired,married,tertiary,no,142,no,yes,cellular,14,jul,329,5,-1,0,unknown,no,2026-03-22 09:00:00
36,technician,married,secondary,no,0,no,no,cellular,2,apr,748,1,-1,0,unknown,no,2026-03-22 10:00:00
34,blue-collar,divorced,secondary,no,-154,no,no,cellular,9,jul,295,1,-1,0,unknown,no,2026-03-22 11:00:00
31,unemployed,married,secondary,no,-825,yes,no,unknown,7,may,179,2,-1,0,unknown,no,2026-03-22 12:00:00
57,blue-collar,married,secondary,no,4597,yes,no,cellular,14,aug,170,4,-1,0,unknown,no,2026-03-22 13:00:00
25,blue-collar,single,secondary,no,815,yes,no,unknown,19,may,268,6,-1,0,unknown,no,2026-03-22 14:00:00
47,unknown,married,unknown,no,194,no,no,cellular,4,aug,108,1,-1,0,unknown,no,2026-03-22 15:00:00
30,entrepreneur,single,secondary,no,732,no,no,cellular,3,feb,1404,4,-1,0,unknown,yes,2026-03-22 16:00:00
54,management,married,tertiary,no,0,no,no,cellular,26,aug,748,3,-1,0,unknown,no,2026-03-22 17:00:00
31,admin.,single,secondary,no,17,yes,no,unknown,2,jun,52,3,-1,0,unknown,no,2026-03-22 18:00:00
50,technician,divorced,unknown,no,1328,yes,no,unknown,29,may,140,1,-1,0,unknown,no,2026-03-22 19:00:00
50,admin.,married,secondary,no,-779,yes,yes,cellular,22,jul,112,2,-1,0,unknown,no,2026-03-22 20:00:00
34,technician,single,secondary,no,1866,no,no,cellular,4,nov,95,1,-1,0,unknown,no,2026-03-22 21:00:00
31,housemaid,single,secondary,no,0,yes,no,cellular,25,jul,293,4,-1,0,unknown,no,2026-03-22 22:00:00
40,management,married,secondary,no,6695,yes,no,unknown,30,may,115,1,-1,0,unknown,no,2026-03-22 23:00:00
28,management,single,tertiary,no,939,yes,no,unknown,27,may,740,1,-1,0,unknown,yes,2026-03-23 00:00:00
30,services,married,secondary,no,-95,yes,yes,unknown,26,may,306,3,-1,0,unknown,no,2026-03-23 01:00:00
51,self-employed,married,secondary,no,383,yes,no,cellular,20,apr,164,1,-1,0,unknown,no,2026-03-23 02:00:00
28,admin.,married,secondary,yes,105,no,no,cellular,16,jul,130,1,-1,0,unknown,no,2026-03-23 03:00:00
35,management,single,tertiary,no,123,yes,no,unknown,9,may,83,3,-1,0,unknown,no,2026-03-23 04:00:00
46,technician,married,secondary,no,0,no,no,cellular,19,nov,54,1,-1,0,unknown,no,2026-03-23 05:00:00
32,services,married,primary,no,164,yes,no,unknown,17,jul,19,1,-1,0,unknown,no,2026-03-23 06:00:00
28,technician,single,secondary,no,1241,no,no,cellular,24,jul,343,1,-1,0,unknown,no,2026-03-23 07:00:00
24,student,single,secondary,no,160,no,no,cellular,4,may,109,2,-1,0,unknown,no,2026-03-23 08:00:00
37,technician,divorced,secondary,no,1772,no,no,unknown,3,jun,202,1,-1,0,unknown,no,2026-03-23 09:00:00
40,self-employed,married,tertiary,no,191,yes,no,cellular,24,jul,806,5,-1,0,unknown,no,2026-03-23 10:00:00
35,services,divorced,secondary,no,-225,no,no,cellular,23,jul,183,1,-1,0,unknown,no,2026-03-23 11:00:00
56,retired,married,primary,no,-464,yes,no,cellular,29,jul,820,6,-1,0,unknown,no,2026-03-23 12:00:00
29,blue-collar,single,primary,no,213,yes,no,unknown,6,jun,2653,3,-1,0,unknown,yes,2026-03-23 13:00:00
38,management,single,tertiary,no,8669,yes,no,telephone,20,apr,5,3,150,6,failure,no,2026-03-23 14:00:00
42,self-employed,married,secondary,no,97,no,no,cellular,10,jul,108,2,-1,0,unknown,no,2026-03-23 15:00:00
26,management,single,tertiary,no,2722,no,no,cellular,6,feb,206,1,-1,0,unknown,no,2026-03-23 16:00:00
42,management,married,tertiary,no,477,yes,no,unknown,5,jun,517,3,-1,0,unknown,no,2026-03-23 17:00:00
60,retired,married,secondary,no,1339,no,yes,cellular,22,jul,137,1,-1,0,unknown,no,2026-03-23 18:00:00
46,management,married,tertiary,no,974,yes,no,unknown,20,jun,652,3,-1,0,unknown,no,2026-03-23 19:00:00
36,admin.,divorced,secondary,no,592,no,no,cellular,6,jul,413,5,-1,0,unknown,no,2026-03-23 20:00:00
31,unemployed,single,tertiary,no,381,yes,no,cellular,9,feb,42,2,-1,0,unknown,no,2026-03-23 21:00:00
52,blue-collar,married,secondary,no,0,no,no,unknown,2,jun,163,1,-1,0,unknown,no,2026-03-23 22:00:00
26,services,single,secondary,no,47,yes,no,cellular,22,jul,161,1,-1,0,unknown,no,2026-03-23 23:00:00
35,management,married,tertiary,no,-640,yes,yes,unknown,5,jun,78,6,-1,0,unknown,no,2026-03-24 00:00:00
32,management,single,tertiary,no,935,no,no,cellular,10,aug,161,2,375,5,failure,yes,2026-03-24 01:00:00
50,management,married,tertiary,no,511,yes,no,cellular,5,aug,36,1,-1,0,unknown,no,2026-03-24 02:00:00
36,blue-collar,divorced,secondary,no,1237,yes,no,unknown,20,jun,310,2,-1,0,unknown,no,2026-03-24 03:00:00
31,services,divorced,secondary,no,1656,yes,no,unknown,9,may,208,3,-1,0,unknown,no,2026-03-24 04:00:00
41,technician,married,secondary,no,442,yes,yes,cellular,17,apr,261,3,322,1,other,no,2026-03-24 05:00:00
47,blue-collar,married,primary,no,475,yes,yes,cellular,29,jan,99,2,251,7,other,no,2026-03-24 06:00:00
29,management,single,tertiary,no,437,no,no,cellular,5,aug,504,1,92,1,success,yes,2026-03-24 07:00:00
34,technician,single,secondary,no,2131,yes,no,cellular,13,may,53,1,-1,0,unknown,no,2026-03-24 08:00:00
74,retired,married,secondary,no,935,no,no,cellular,26,jan,100,1,104,1,other,no,2026-03-24 09:00:00
29,services,married,secondary,no,690,yes,no,cellular,14,apr,553,2,316,1,other,no,2026-03-24 10:00:00
36,management,married,tertiary,no,203,no,no,cellular,25,jan,255,1,88,1,success,yes,2026-03-24 11:00:00
79,retired,divorced,secondary,no,631,no,no,telephone,8,feb,105,2,181,1,failure,no,2026-03-24 12:00:00
49,management,married,unknown,no,0,no,no,cellular,19,nov,99,2,-1,0,unknown,no,2026-03-24 13:00:00
35,blue-collar,divorced,unknown,no,172,no,no,unknown,11,oct,4,1,381,2,other,no,2026-03-24 14:00:00
30,technician,single,tertiary,no,0,no,no,cellular,28,aug,20,19,-1,0,unknown,no,2026-03-24 15:00:00
36,blue-collar,single,tertiary,no,1346,no,no,cellular,7,jul,74,7,-1,0,unknown,no,2026-03-24 16:00:00
57,management,married,tertiary,no,3250,no,no,cellular,20,aug,162,3,-1,0,unknown,no,2026-03-24 17:00:00
19,student,single,unknown,no,108,no,no,cellular,10,aug,168,1,182,2,success,yes,2026-03-24 18:00:00
33,services,married,secondary,no,293,yes,no,cellular,20,nov,834,3,-1,0,unknown,no,2026-03-24 19:00:00
30,blue-collar,married,secondary,no,618,no,no,cellular,21,nov,78,6,-1,0,unknown,no,2026-03-24 20:00:00
36,entrepreneur,divorced,tertiary,no,299,yes,no,cellular,18,nov,583,2,-1,0,unknown,no,2026-03-24 21:00:00
29,services,married,secondary,no,13,no,no,cellular,10,jul,90,1,-1,0,unknown,no,2026-03-24 22:00:00
67,retired,married,primary,no,4416,no,no,cellular,29,sep,245,3,-1,0,unknown,yes,2026-03-24 23:00:00
37,blue-collar,married,primary,no,27,no,no,unknown,6,jun,80,1,-1,0,unknown,no,2026-03-25 00:00:00
56,blue-collar,married,secondary,no,1362,no,no,telephone,31,jul,345,1,-1,0,unknown,no,2026-03-25 01:00:00
37,blue-collar,married,primary,no,2240,yes,no,unknown,20,may,214,1,-1,0,unknown,no,2026-03-25 02:00:00
33,blue-collar,married,primary,no,1217,yes,no,unknown,27,may,271,3,-1,0,unknown,no,2026-03-25 03:00:00
29,blue-collar,single,primary,no,365,yes,yes,unknown,7,may,245,2,-1,0,unknown,no,2026-03-25 04:00:00
30,management,single,tertiary,no,726,yes,no,cellular,16,apr,39,1,342,3,failure,no,2026-03-25 05:00:00
60,retired,married,primary,no,-2,yes,no,unknown,8,may,75,1,-1,0,unknown,no,2026-03-25 06:00:00
36,housemaid,married,secondary,no,205,yes,no,telephone,18,nov,176,4,-1,0,unknown,no,2026-03-25 07:00:00
57,management,divorced,unknown,no,0,no,no,unknown,16,jun,335,3,-1,0,unknown,no,2026-03-25 08:00:00
35,management,married,tertiary,no,0,yes,no,cellular,5,may,310,1,-1,0,unknown,no,2026-03-25 09:00:00
60,retired,married,secondary,no,0,yes,no,unknown,15,may,229,1,-1,0,unknown,no,2026-03-25 10:00:00
49,management,married,tertiary,no,1887,no,no,cellular,18,nov,244,3,-1,0,unknown,no,2026-03-25 11:00:00
36,admin.,married,secondary,no,231,yes,yes,unknown,6,jun,136,6,-1,0,unknown,no,2026-03-25 12:00:00
49,admin.,married,secondary,no,0,no,no,cellular,22,aug,115,2,-1,0,unknown,no,2026-03-25 13:00:00
60,retired,divorced,primary,no,95,no,yes,unknown,27,jun,244,1,-1,0,unknown,no,2026-03-25 14:00:00
30,blue-collar,married,secondary,no,537,yes,no,cellular,22,jul,661,2,-1,0,unknown,no,2026-03-25 15:00:00
46,services,married,secondary,no,998,yes,no,cellular,31,jul,126,2,-1,0,unknown,no,2026-03-25 16:00:00
32,blue-collar,married,primary,no,-56,yes,yes,cellular,17,apr,405,2,305,20,other,no,2026-03-25 17:00:00
33,technician,married,secondary,yes,72,yes,no,unknown,6,may,623,1,-1,0,unknown,no,2026-03-25 18:00:00
28,management,married,tertiary,yes,84,no,yes,cellular,28,jul,48,21,-1,0,unknown,no,2026-03-25 19:00:00
29,management,married,tertiary,no,581,yes,yes,cellular,14,jul,192,2,-1,0,unknown,no,2026-03-25 20:00:00
36,management,married,tertiary,no,2309,yes,no,cellular,8,jul,268,2,-1,0,unknown,no,2026-03-25 21:00:00
29,blue-collar,married,secondary,no,25,yes,no,cellular,15,may,50,5,-1,0,unknown,no,2026-03-25 22:00:00
47,blue-collar,married,secondary,no,13,yes,yes,telephone,23,jul,135,2,-1,0,unknown,no,2026-03-25 23:00:00
34,blue-collar,married,tertiary,no,551,yes,no,cellular,17,apr,115,2,315,11,other,no,2026-03-26 00:00:00
31,self-employed,single,tertiary,no,1788,no,no,cellular,27,aug,212,15,-1,0,unknown,no,2026-03-26 01:00:00
37,management,married,tertiary,no,-1884,yes,no,cellular,21,jul,193,1,-1,0,unknown,no,2026-03-26 02:00:00
40,blue-collar,married,secondary,no,326,yes,yes,cellular,7,jul,112,1,-1,0,unknown,no,2026-03-26 03:00:00
40,blue-collar,divorced,secondary,no,5666,no,yes,cellular,12,jun,69,4,-1,0,unknown,no,2026-03-26 04:00:00
41,management,married,tertiary,no,326,yes,no,cellular,5,may,788,1,-1,0,unknown,yes,2026-03-26 05:00:00
46,self-employed,married,primary,no,2747,no,no,cellular,21,nov,162,2,-1,0,unknown,no,2026-03-26 06:00:00
39,services,married,secondary,no,-378,yes,yes,cellular,22,jul,132,6,-1,0,unknown,no,2026-03-26 07:00:00
31,management,married,tertiary,no,233,yes,no,cellular,14,may,241,2,365,10,failure,no,2026-03-26 08:00:00
34,management,single,tertiary,no,417,yes,no,cellular,5,aug,270,1,174,15,failure,yes,2026-03-26 09:00:00
29,blue-collar,divorced,secondary,no,34,yes,no,cellular,20,apr,87,4,-1,0,unknown,no,2026-03-26 10:00:00
35,blue-collar,single,primary,no,-276,yes,no,cellular,13,may,850,1,-1,0,unknown,yes,2026-03-26 11:00:00
52,retired,married,secondary,no,414,no,no,cellular,28,jan,207,3,-1,0,unknown,no,2026-03-26 12:00:00
33,technician,married,secondary,no,2099,yes,yes,unknown,29,may,42,3,-1,0,unknown,no,2026-03-26 13:00:00
41,blue-collar,divorced,primary,no,320,yes,no,cellular,2,feb,844,2,252,1,failure,no,2026-03-26 14:00:00
57,retired,divorced,tertiary,no,0,yes,no,cellular,5,may,180,1,-1,0,unknown,no,2026-03-26 15:00:00
37,unknown,married,secondary,no,5700,no,no,unknown,19,jun,49,2,-1,0,unknown,no,2026-03-26 16:00:00
31,management,married,tertiary,no,720,yes,no,cellular,9,nov,94,3,-1,0,unknown,no,2026-03-26 17:00:00
56,blue-collar,married,secondary,no,1316,no,no,cellular,30,jul,76,5,-1,0,unknown,no,2026-03-26 18:00:00
34,management,single,tertiary,no,308,yes,no,cellular,4,may,79,4,269,4,failure,no,2026-03-26 19:00:00
60,retired,married,secondary,no,5789,yes,no,cellular,12,may,50,5,-1,0,unknown,no,2026-03-26 20:00:00
49,blue-collar,married,primary,no,201,yes,yes,cellular,18,jul,297,2,-1,0,unknown,no,2026-03-26 21:00:00
29,self-employed,married,tertiary,no,476,no,yes,cellular,5,feb,148,1,8,2,other,no,2026-03-26 22:00:00
39,technician,married,secondary,no,4741,yes,no,cellular,13,may,166,1,338,10,failure,no,2026-03-26 23:00:00
33,blue-collar,married,primary,no,5151,yes,yes,cellular,20,nov,73,1,178,4,failure,no,2026-03-27 00:00:00
27,technician,single,secondary,no,274,yes,no,cellular,16,apr,483,2,-1,0,unknown,no,2026-03-27 01:00:00
33,blue-collar,married,primary,no,245,yes,yes,cellular,8,may,253,3,-1,0,unknown,no,2026-03-27 02:00:00
42,blue-collar,married,secondary,no,41,yes,no,cellular,22,jul,188,3,-1,0,unknown,no,2026-03-27 03:00:00
56,blue-collar,married,primary,no,828,yes,no,cellular,14,may,214,1,349,1,failure,no,2026-03-27 04:00:00
40,blue-collar,married,primary,no,2635,yes,no,unknown,2,jun,20,21,-1,0,unknown,no,2026-03-27 05:00:00
52,management,married,tertiary,no,0,no,no,cellular,2,jun,77,3,-1,0,unknown,no,2026-03-27 06:00:00
48,management,divorced,tertiary,no,851,no,yes,unknown,23,may,937,3,-1,0,unknown,no,2026-03-27 07:00:00
52,blue-collar,married,secondary,no,555,yes,no,cellular,12,may,314,2,-1,0,unknown,no,2026-03-27 08:00:00
44,unemployed,single,primary,yes,-4,no,yes,cellular,30,jul,788,2,-1,0,unknown,yes,2026-03-27 09:00:00
48,technician,single,tertiary,no,104,yes,no,cellular,5,may,124,2,344,1,other,no,2026-03-27 10:00:00
55,blue-collar,married,primary,no,284,no,yes,telephone,14,jul,252,4,-1,0,unknown,no,2026-03-27 11:00:00
54,technician,divorced,secondary,no,0,yes,no,unknown,16,may,161,1,-1,0,unknown,no,2026-03-27 12:00:00
35,admin.,single,tertiary,no,994,no,no,cellular,2,feb,75,2,-1,0,unknown,no,2026-03-27 13:00:00
24,management,single,tertiary,no,553,yes,no,unknown,26,may,249,1,-1,0,unknown,no,2026-03-27 14:00:00
60,management,married,tertiary,no,371,no,yes,cellular,11,aug,102,8,-1,0,unknown,no,2026-03-27 15:00:00
30,management,married,tertiary,no,3134,yes,no,cellular,17,jul,124,1,-1,0,unknown,no,2026-03-27 16:00:00
77,retired,married,unknown,no,1807,no,no,telephone,20,oct,373,1,-1,0,unknown,yes,2026-03-27 17:00:00
44,housemaid,single,secondary,no,299,no,no,cellular,20,nov,186,1,-1,0,unknown,no,2026-03-27 18:00:00
35,management,married,tertiary,no,209,yes,no,cellular,17,nov,188,1,-1,0,unknown,no,2026-03-27 19:00:00
35,management,married,tertiary,no,2472,no,no,cellular,18,nov,586,2,-1,0,unknown,no,2026-03-27 20:00:00
35,blue-collar,married,secondary,no,1388,yes,no,unknown,28,may,119,5,-1,0,unknown,no,2026-03-27 21:00:00
37,services,married,secondary,no,1785,yes,no,unknown,26,may,912,4,-1,0,unknown,no,2026-03-27 22:00:00
46,blue-collar,married,secondary,no,922,no,yes,cellular,14,jul,151,2,-1,0,unknown,no,2026-03-27 23:00:00
59,housemaid,married,primary,no,235,no,no,cellular,13,aug,119,2,-1,0,unknown,no,2026-03-28 00:00:00
30,self-employed,married,tertiary,no,163,yes,no,cellular,18,may,149,1,362,8,other,no,2026-03-28 01:00:00
53,management,married,tertiary,no,657,no,no,cellular,11,aug,147,2,-1,0,unknown,no,2026-03-28 02:00:00
45,housemaid,married,secondary,no,1041,yes,no,unknown,29,may,238,3,-1,0,unknown,no,2026-03-28 03:00:00
45,technician,married,secondary,no,88,no,no,cellular,29,aug,150,2,-1,0,unknown,no,2026-03-28 04:00:00
41,blue-collar,married,secondary,no,433,yes,no,cellular,16,apr,75,1,-1,0,unknown,no,2026-03-28 05:00:00
51,management,married,secondary,no,3180,yes,no,cellular,9,jul,384,1,-1,0,unknown,no,2026-03-28 06:00:00
33,management,single,tertiary,no,20794,no,no,cellular,20,aug,226,5,-1,0,unknown,no,2026-03-28 07:00:00
32,technician,divorced,tertiary,no,2558,no,no,unknown,5,may,148,2,-1,0,unknown,no,2026-03-28 08:00:00
46,management,divorced,secondary,no,361,yes,no,unknown,19,may,86,7,-1,0,unknown,no,2026-03-28 09:00:00
32,services,single,secondary,no,-402,yes,no,cellular,17,apr,135,1,-1,0,unknown,no,2026-03-28 10:00:00
31,unemployed,single,tertiary,no,498,no,no,cellular,29,jan,264,2,-1,0,unknown,no,2026-03-28 11:00:00
39,blue-collar,single,primary,no,0,no,no,unknown,18,jun,375,2,-1,0,unknown,no,2026-03-28 12:00:00
33,admin.,single,secondary,no,-371,yes,yes,cellular,18,may,221,2,350,4,other,no,2026-03-28 13:00:00
31,admin.,single,secondary,no,483,yes,yes,cellular,20,apr,159,2,-1,0,unknown,no,2026-03-28 14:00:00
41,services,divorced,secondary,no,1400,no,no,cellular,28,jan,191,1,-1,0,unknown,no,2026-03-28 15:00:00
79,retired,divorced,unknown,no,2628,no,no,telephone,8,jul,220,7,450,2,failure,no,2026-03-28 16:00:00
50,admin.,married,secondary,no,231,yes,no,cellular,21,nov,397,2,-1,0,unknown,no,2026-03-28 17:00:00
44,blue-collar,married,primary,no,213,no,no,unknown,6,may,158,1,-1,0,unknown,no,2026-03-28 18:00:00
35,management,married,tertiary,no,222,yes,no,cellular,18,nov,187,2,-1,0,unknown,no,2026-03-28 19:00:00
46,self-employed,married,primary,no,2295,yes,no,unknown,11,jun,138,1,-1,0,unknown,no,2026-03-28 20:00:00
26,services,married,secondary,no,0,no,no,cellular,18,jul,409,2,-1,0,unknown,no,2026-03-28 21:00:00
22,student,single,secondary,no,310,yes,no,cellular,6,may,903,2,355,1,other,no,2026-03-28 22:00:00
38,management,single,tertiary,no,427,yes,no,cellular,18,nov,253,1,182,1,failure,no,2026-03-28 23:00:00
46,blue-collar,single,secondary,no,324,yes,no,unknown,30,may,293,6,-1,0,unknown,no,2026-03-29 00:00:00
48,technician,married,secondary,no,127,no,yes,cellular,7,aug,524,5,-1,0,unknown,no,2026-03-29 01:00:00
52,retired,married,secondary,no,5057,no,no,cellular,17,nov,104,1,-1,0,unknown,no,2026-03-29 02:00:00
41,blue-collar,married,secondary,no,0,yes,no,cellular,3,feb,182,2,-1,0,unknown,no,2026-03-29 03:00:00
34,management,single,tertiary,no,-2,no,no,cellular,27,aug,57,6,-1,0,unknown,no,2026-03-29 04:00:00
35,services,married,secondary,no,5029,yes,yes,unknown,2,jun,369,2,-1,0,unknown,no,2026-03-29 05:00:00
38,management,married,tertiary,no,-1884,yes,no,cellular,6,may,82,2,289,1,failure,no,2026-03-29 06:00:00
25,admin.,single,secondary,no,1235,yes,yes,cellular,14,may,64,1,349,3,failure,no,2026-03-29 07:00:00
31,blue-collar,married,secondary,no,-84,no,yes,cellular,15,jul,75,4,-1,0,unknown,no,2026-03-29 08:00:00
48,self-employed,married,secondary,no,1559,no,no,cellular,24,dec,520,3,133,3,failure,no,2026-03-29 09:00:00
27,student,single,tertiary,no,5169,yes,no,cellular,3,sep,431,1,466,3,success,yes,2026-03-29 10:00:00
57,admin.,single,secondary,no,1615,yes,no,cellular,13,may,99,1,-1,0,unknown,no,2026-03-29 11:00:00
49,admin.,married,secondary,no,0,no,no,cellular,7,aug,301,2,-1,0,unknown,no,2026-03-29 12:00:00
44,self-employed,married,tertiary,no,1196,no,no,cellular,20,aug,552,5,-1,0,unknown,yes,2026-03-29 13:00:00
57,management,married,tertiary,no,2681,no,no,cellular,11,mar,266,2,-1,0,unknown,yes,2026-03-29 14:00:00
44,services,divorced,secondary,no,396,yes,yes,unknown,7,may,396,4,-1,0,unknown,no,2026-03-29 15:00:00
52,technician,married,tertiary,no,136,yes,no,telephone,14,may,46,2,287,10,other,no,2026-03-29 16:00:00
30,self-employed,single,secondary,no,192,no,no,cellular,22,jul,423,1,-1,0,unknown,no,2026-03-29 17:00:00
33,management,married,tertiary,no,3669,yes,no,cellular,17,apr,370,1,-1,0,unknown,no,2026-03-29 18:00:00
44,management,married,tertiary,no,-84,yes,no,cellular,27,aug,159,6,-1,0,unknown,no,2026-03-29 19:00:00
59,blue-collar,married,secondary,no,202,yes,no,unknown,7,may,173,1,-1,0,unknown,no,2026-03-29 20:00:00
28,services,single,secondary,no,348,yes,no,unknown,21,may,86,2,-1,0,unknown,no,2026-03-29 21:00:00
26,unemployed,married,tertiary,no,0,yes,no,cellular,5,may,319,1,-1,0,unknown,no,2026-03-29 22:00:00
44,admin.,married,secondary,no,961,no,no,unknown,20,jun,314,2,-1,0,unknown,no,2026-03-29 23:00:00
42,management,single,tertiary,no,7560,no,no,cellular,28,jan,132,1,-1,0,unknown,yes,2026-03-30 00:00:00
48,entrepreneur,married,tertiary,no,810,no,no,unknown,6,jun,383,1,-1,0,unknown,no,2026-03-30 01:00:00
41,technician,single,tertiary,no,1104,no,no,unknown,9,jun,352,1,-1,0,unknown,no,2026-03-30 02:00:00
44,self-employed,single,tertiary,no,149,yes,no,unknown,19,may,332,10,-1,0,unknown,no,2026-03-30 03:00:00
76,retired,married,primary,no,1492,no,no,telephone,3,nov,383,1,-1,0,unknown,yes,2026-03-30 04:00:00
43,technician,married,secondary,no,90,yes,no,cellular,17,apr,54,2,-1,0,unknown,no,2026-03-30 05:00:00
37,technician,married,tertiary,no,143,no,no,cellular,27,aug,57,6,-1,0,unknown,no,2026-03-30 06:00:00
38,technician,single,secondary,no,372,no,no,unknown,23,may,59,3,-1,0,unknown,no,2026-03-30 07:00:00
28,unemployed,single,tertiary,no,7,no,no,cellular,8,nov,20,1,-1,0,unknown,no,2026-03-30 08:00:00
30,management,single,tertiary,no,1541,no,no,cellular,18,aug,471,8,-1,0,unknown,yes,2026-03-30 09:00:00
36,management,married,tertiary,no,0,yes,no,cellular,28,jan,60,1,250,1,other,no,2026-03-30 10:00:00
34,management,divorced,tertiary,no,224,no,no,unknown,3,jun,120,11,-1,0,unknown,no,2026-03-30 11:00:00
28,blue-collar,married,secondary,no,631,yes,no,cellular,13,apr,151,1,-1,0,unknown,no,2026-03-30 12:00:00
34,management,married,tertiary,no,8,no,no,cellular,25,aug,169,4,-1,0,unknown,no,2026-03-30 13:00:00
35,management,married,tertiary,no,8,no,no,cellular,23,apr,93,3,-1,0,unknown,yes,2026-03-30 14:00:00
28,blue-collar,single,unknown,no,448,yes,no,unknown,28,may,307,1,-1,0,unknown,no,2026-03-30 15:00:00
40,unemployed,married,primary,no,-78,no,no,cellular,3,feb,2053,4,-1,0,unknown,no,2026-03-30 16:00:00
36,services,married,secondary,no,279,no,no,unknown,16,may,261,6,-1,0,unknown,no,2026-03-30 17:00:00
47,management,married,tertiary,no,337,no,no,telephone,30,jul,300,5,-1,0,unknown,no,2026-03-30 18:00:00
33,management,divorced,tertiary,no,-1027,yes,no,unknown,30,may,205,6,-1,0,unknown,no,2026-03-30 19:00:00
59,management,divorced,secondary,no,0,no,no,cellular,22,aug,125,2,-1,0,unknown,no,2026-03-30 20:00:00
35,management,divorced,tertiary,no,366,yes,no,telephone,29,jul,480,9,-1,0,unknown,no,2026-03-30 21:00:00
33,blue-collar,married,secondary,no,-10,yes,no,unknown,6,may,123,1,-1,0,unknown,no,2026-03-30 22:00:00
38,management,married,tertiary,no,-498,no,no,cellular,14,aug,85,6,-1,0,unknown,no,2026-03-30 23:00:00
46,blue-collar,married,primary,no,783,yes,no,cellular,4,aug,73,1,-1,0,unknown,no,2026-03-31 00:00:00
25,services,married,secondary,no,1078,no,no,telephone,21,jul,218,2,-1,0,unknown,no,2026-03-31 01:00:00
38,technician,married,secondary,no,0,yes,no,cellular,22,apr,315,1,-1,0,unknown,yes,2026-03-31 02:00:00
28,self-employed,married,tertiary,no,120,yes,yes,unknown,8,may,130,3,-1,0,unknown,no,2026-03-31 03:00:00
28,management,single,tertiary,no,781,no,no,cellular,9,apr,125,6,-1,0,unknown,no,2026-03-31 04:00:00
43,blue-collar,divorced,secondary,no,47,yes,yes,cellular,13,may,163,2,370,1,failure,no,2026-03-31 05:00:00
41,entrepreneur,married,tertiary,no,1065,yes,yes,unknown,29,may,553,1,-1,0,unknown,no,2026-03-31 06:00:00
48,management,divorced,tertiary,no,-547,no,no,cellular,21,nov,275,2,-1,0,unknown,no,2026-03-31 07:00:00
53,technician,married,secondary,no,264,no,no,telephone,27,feb,429,4,-1,0,unknown,no,2026-03-31 08:00:00
29,management,married,tertiary,yes,53,yes,no,cellular,31,jul,27,17,-1,0,unknown,no,2026-03-31 09:00:00
36,blue-collar,married,primary,no,-255,yes,yes,unknown,16,jun,187,2,-1,0,unknown,no,2026-03-31 10:00:00
44,management,single,tertiary,no,6350,yes,no,cellular,9,jul,323,1,-1,0,unknown,no,2026-03-31 11:00:00
40,housemaid,divorced,primary,no,-21,yes,no,cellular,10,jul,192,1,-1,0,unknown,no,2026-03-31 12:00:00
56,entrepreneur,married,tertiary,no,16125,no,no,telephone,7,may,202,2,167,1,failure,no,2026-03-31 13:00:00
28,housemaid,single,primary,no,332,no,no,cellular,7,jul,385,1,-1,0,unknown,no,2026-03-31 14:00:00
47,services,married,secondary,no,3333,yes,yes,cellular,29,jul,114,2,-1,0,unknown,no,2026-03-31 15:00:00
29,student,single,secondary,no,658,no,no,cellular,15,jul,198,2,244,4,other,yes,2026-03-31 16:00:00
52,services,married,secondary,no,2257,yes,no,unknown,14,may,203,1,-1,0,unknown,no,2026-03-31 17:00:00
29,services,single,secondary,no,197,yes,no,cellular,5,may,19,2,-1,0,unknown,no,2026-03-31 18:00:00
32,technician,single,secondary,no,0,yes,yes,unknown,6,may,135,3,-1,0,unknown,no,2026-03-31 19:00:00
39,management,married,tertiary,no,494,no,no,cellular,10,mar,106,2,478,3,failure,yes,2026-03-31 20:00:00
29,blue-collar,married,primary,no,0,yes,no,telephone,7,jul,256,15,-1,0,unknown,no,2026-03-31 21:00:00
35,blue-collar,single,primary,no,-4,yes,no,cellular,18,may,178,1,-1,0,unknown,no,2026-03-31 22:00:00
35,blue-collar,married,secondary,no,67,no,no,unknown,20,may,60,6,-1,0,unknown,no,2026-03-31 23:00:00
30,management,married,secondary,no,503,yes,no,cellular,2,feb,96,1,-1,0,unknown,no,2026-04-01 00:00:00
36,management,married,tertiary,no,14462,yes,no,cellular,21,nov,10,5,-1,0,unknown,no,2026-04-01 01:00:00
62,retired,divorced,tertiary,no,0,no,no,cellular,13,nov,227,2,-1,0,unknown,yes,2026-04-01 02:00:00
36,management,married,tertiary,no,495,no,no,cellular,12,mar,213,3,182,6,success,yes,2026-04-01 03:00:00
36,services,single,secondary,no,-45,yes,no,unknown,8,may,289,1,-1,0,unknown,no,2026-04-01 04:00:00
29,management,single,tertiary,no,0,no,no,unknown,16,may,16,25,-1,0,unknown,no,2026-04-01 05:00:00
33,management,married,tertiary,no,801,no,no,cellular,19,aug,133,4,-1,0,unknown,no,2026-04-01 06:00:00
41,management,married,tertiary,no,144,no,no,cellular,27,feb,123,3,-1,0,unknown,no,2026-04-01 07:00:00
50,blue-collar,married,primary,no,156,yes,no,unknown,7,may,117,3,-1,0,unknown,no,2026-04-01 08:00:00
36,management,married,tertiary,no,332,yes,no,cellular,22,may,566,7,-1,0,unknown,no,2026-04-01 09:00:00
37,blue-collar,married,secondary,no,965,yes,no,cellular,28,jul,119,4,-1,0,unknown,no,2026-04-01 10:00:00
25,technician,single,tertiary,no,1693,no,no,cellular,5,jun,96,2,-1,0,unknown,no,2026-04-01 11:00:00
48,blue-collar,married,primary,no,343,no,no,unknown,19,jun,136,1,-1,0,unknown,no,2026-04-01 12:00:00
33,management,single,tertiary,no,2302,yes,no,cellular,13,aug,115,2,-1,0,unknown,no,2026-04-01 13:00:00
42,management,married,tertiary,no,1993,no,no,unknown,29,may,41,1,-1,0,unknown,no,2026-04-01 14:00:00
28,technician,single,secondary,no,1589,yes,no,cellular,18,may,359,5,-1,0,unknown,no,2026-04-01 15:00:00
25,admin.,single,secondary,no,845,yes,no,cellular,18,may,217,1,370,1,failure,no,2026-04-01 16:00:00
35,blue-collar,single,primary,no,-123,yes,no,unknown,13,may,1106,4,-1,0,unknown,no,2026-04-01 17:00:00
36,technician,married,secondary,no,1038,yes,no,telephone,14,may,42,3,-1,0,unknown,no,2026-04-01 18:00:00
43,blue-collar,single,primary,no,2,yes,no,cellular,30,jul,783,3,-1,0,unknown,no,2026-04-01 19:00:00
42,technician,single,secondary,no,0,yes,no,unknown,6,may,293,1,-1,0,unknown,no,2026-04-01 20:00:00
30,services,married,tertiary,no,1380,yes,no,unknown,21,may,294,2,-1,0,unknown,no,2026-04-01 21:00:00
44,admin.,divorced,tertiary,no,994,yes,no,cellular,13,may,420,3,-1,0,unknown,no,2026-04-01 22:00:00
37,management,single,tertiary,no,146,yes,no,cellular,17,apr,135,1,336,3,failure,no,2026-04-01 23:00:00
49,blue-collar,married,primary,no,1798,yes,yes,telephone,18,aug,209,2,-1,0,unknown,no,2026-04-02 00:00:00
32,management,married,tertiary,no,1570,no,no,cellular,4,aug,156,1,-1,0,unknown,no,2026-04-02 01:00:00
37,blue-collar,married,secondary,no,236,no,no,cellular,25,jul,438,6,-1,0,unknown,no,2026-04-02 02:00:00
27,services,married,secondary,no,472,yes,no,cellular,20,apr,144,4,-1,0,unknown,no,2026-04-02 03:00:00
34,management,married,tertiary,no,19391,no,no,cellular,20,nov,391,2,-1,0,unknown,no,2026-04-02 04:00:00
38,technician,married,tertiary,no,88,no,no,cellular,8,nov,282,2,186,4,success,yes,2026-04-02 05:00:00
37,unemployed,single,secondary,no,687,no,no,telephone,4,feb,271,3,-1,0,unknown,no,2026-04-02 06:00:00
32,blue-collar,single,secondary,no,116,no,no,unknown,14,may,392,1,-1,0,unknown,no,2026-04-02 07:00:00
23,admin.,married,secondary,no,299,yes,no,unknown,19,jun,104,1,-1,0,unknown,no,2026-04-02 08:00:00
42,housemaid,divorced,primary,no,273,no,no,cellular,21,apr,354,1,-1,0,unknown,no,2026-04-02 09:00:00
21,blue-collar,single,secondary,no,2265,no,no,cellular,27,may,156,4,99,2,success,no,2026-04-02 10:00:00
53,blue-collar,married,primary,no,273,yes,no,cellular,18,may,248,1,279,2,failure,no,2026-04-02 11:00:00
43,admin.,single,secondary,no,35,no,no,telephone,9,nov,208,1,-1,0,unknown,no,2026-04-02 12:00:00
44,blue-collar,married,secondary,no,1944,yes,no,unknown,14,may,222,5,-1,0,unknown,no,2026-04-02 13:00:00
47,technician,married,secondary,no,356,no,no,cellular,29,jul,44,5,-1,0,unknown,no,2026-04-02 14:00:00
35,services,married,secondary,no,39,no,no,unknown,7,may,143,1,-1,0,unknown,no,2026-04-02 15:00:00
42,blue-collar,married,secondary,no,333,yes,no,unknown,9,may,190,3,-1,0,unknown,no,2026-04-02 16:00:00
71,retired,divorced,secondary,no,5584,no,no,cellular,21,aug,534,3,-1,0,unknown,yes,2026-04-02 17:00:00
35,technician,married,tertiary,no,712,yes,no,unknown,27,may,73,2,-1,0,unknown,no,2026-04-02 18:00:00
67,retired,married,unknown,no,696,no,no,telephone,4,may,77,2,-1,0,unknown,no,2026-04-02 19:00:00
32,blue-collar,married,primary,yes,-148,yes,no,cellular,4,may,326,3,357,15,other,no,2026-04-02 20:00:00
52,technician,married,secondary,no,-1076,yes,no,cellular,31,jul,58,2,-1,0,unknown,no,2026-04-02 21:00:00
35,technician,single,unknown,no,1342,yes,no,cellular,19,nov,68,1,-1,0,unknown,no,2026-04-02 22:00:00
52,technician,married,secondary,no,272,no,yes,cellular,17,jul,53,1,-1,0,unknown,no,2026-04-02 23:00:00
37,blue-collar,married,secondary,no,1053,no,no,unknown,16,jun,405,3,-1,0,unknown,no,2026-04-03 00:00:00
26,unemployed,single,secondary,no,1,no,no,telephone,31,jul,14,20,-1,0,unknown,no,2026-04-03 01:00:00
33,blue-collar,married,primary,no,331,yes,no,unknown,30,may,139,3,-1,0,unknown,no,2026-04-03 02:00:00
48,admin.,married,secondary,no,395,no,no,unknown,5,jun,168,1,-1,0,unknown,no,2026-04-03 03:00:00
27,student,single,tertiary,no,1013,no,no,cellular,28,jan,965,3,-1,0,unknown,no,2026-04-03 04:00:00
30,admin.,single,secondary,no,285,yes,no,cellular,30,jul,68,11,-1,0,unknown,no,2026-04-03 05:00:00
61,retired,married,primary,no,1720,no,no,cellular,12,nov,150,1,463,5,failure,no,2026-04-03 06:00:00
60,blue-collar,married,secondary,no,322,yes,no,cellular,7,may,63,1,-1,0,unknown,no,2026-04-03 07:00:00
35,management,divorced,tertiary,no,771,yes,yes,cellular,19,nov,110,1,93,5,failure,no,2026-04-03 08:00:00
47,unknown,married,unknown,no,270,no,no,cellular,6,aug,467,2,-1,0,unknown,no,2026-04-03 09:00:00
47,services,divorced,secondary,no,201,yes,no,unknown,6,may,92,2,-1,0,unknown,no,2026-04-03 10:00:00
42,blue-collar,divorced,secondary,no,667,yes,no,cellular,15,jul,419,8,-1,0,unknown,no,2026-04-03 11:00:00
59,retired,single,secondary,yes,-341,no,yes,cellular,14,jul,94,3,-1,0,unknown,no,2026-04-03 12:00:00
34,services,married,secondary,no,142,yes,no,unknown,8,may,159,4,-1,0,unknown,no,2026-04-03 13:00:00
50,self-employed,single,secondary,no,766,yes,no,cellular,7,may,253,2,304,4,failure,no,2026-04-03 14:00:00
33,services,single,secondary,no,310,yes,no,cellular,25,jul,43,7,-1,0,unknown,no,2026-04-03 15:00:00
38,management,single,tertiary,no,1819,no,no,cellular,5,feb,101,3,-1,0,unknown,no,2026-04-03 16:00:00
34,unemployed,single,secondary,no,1928,yes,no,unknown,26,may,140,2,-1,0,unknown,no,2026-04-03 17:00:00
38,services,married,unknown,no,15,yes,no,cellular,18,may,233,1,-1,0,unknown,no,2026-04-03 18:00:00
41,blue-collar,married,primary,no,1500,yes,no,cellular,31,jul,101,6,-1,0,unknown,no,2026-04-03 19:00:00
45,management,married,tertiary,no,726,yes,yes,cellular,18,jul,199,1,-1,0,unknown,no,2026-04-03 20:00:00
38,blue-collar,single,tertiary,no,797,yes,no,unknown,11,jun,124,4,-1,0,unknown,no,2026-04-03 21:00:00
52,services,divorced,secondary,no,1635,yes,no,unknown,13,may,730,1,-1,0,unknown,no,2026-04-03 22:00:00
49,blue-collar,married,secondary,no,388,no,no,telephone,17,jul,265,2,-1,0,unknown,no,2026-04-03 23:00:00
35,management,married,tertiary,no,36,no,yes,cellular,16,jul,1656,5,-1,0,unknown,yes,2026-04-04 00:00:00
57,technician,divorced,tertiary,no,114,no,no,cellular,19,aug,281,2,-1,0,unknown,no,2026-04-04 01:00:00
57,retired,married,primary,no,5010,no,no,cellular,21,nov,570,4,-1,0,unknown,no,2026-04-04 02:00:00
45,technician,married,secondary,no,115,yes,no,cellular,6,may,108,1,-1,0,unknown,no,2026-04-04 03:00:00
55,management,married,tertiary,no,0,no,no,unknown,29,may,206,2,-1,0,unknown,no,2026-04-04 04:00:00
26,housemaid,single,secondary,no,93,no,no,cellular,11,jul,255,3,-1,0,unknown,no,2026-04-04 05:00:00
31,technician,married,tertiary,no,3338,yes,no,cellular,21,dec,264,2,-1,0,unknown,yes,2026-04-04 06:00:00
60,admin.,divorced,secondary,no,12039,no,no,telephone,12,oct,261,1,187,1,success,yes,2026-04-04 07:00:00
38,blue-collar,married,secondary,no,625,yes,yes,cellular,11,may,210,1,-1,0,unknown,no,2026-04-04 08:00:00
40,technician,married,secondary,no,581,yes,no,cellular,8,aug,258,2,-1,0,unknown,no,2026-04-04 09:00:00
24,blue-collar,married,secondary,no,9,yes,yes,cellular,17,apr,468,1,-1,0,unknown,no,2026-04-04 10:00:00
46,technician,single,tertiary,no,2800,no,no,unknown,5,jun,47,1,-1,0,unknown,no,2026-04-04 11:00:00
58,blue-collar,married,unknown,no,3585,no,no,cellular,30,apr,122,1,167,1,success,no,2026-04-04 12:00:00
48,blue-collar,married,secondary,no,134,no,no,cellular,29,aug,200,7,-1,0,unknown,no,2026-04-04 13:00:00
44,blue-collar,married,secondary,no,577,yes,no,unknown,28,may,199,3,-1,0,unknown,no,2026-04-04 14:00:00
34,technician,married,tertiary,no,2069,no,no,cellular,20,aug,328,2,-1,0,unknown,no,2026-04-04 15:00:00
31,management,single,tertiary,no,130,no,no,cellular,6,aug,160,1,-1,0,unknown,no,2026-04-04 16:00:00
83,retired,married,tertiary,no,6236,no,no,cellular,2,feb,283,2,-1,0,unknown,no,2026-04-04 17:00:00
40,services,married,secondary,no,0,yes,no,cellular,24,jul,139,1,-1,0,unknown,no,2026-04-04 18:00:00
46,management,married,tertiary,no,625,yes,no,unknown,6,jun,127,1,-1,0,unknown,no,2026-04-04 19:00:00
38,blue-collar,married,secondary,no,4586,yes,no,unknown,8,may,784,1,-1,0,unknown,no,2026-04-04 20:00:00
45,blue-collar,married,secondary,no,240,no,no,cellular,18,aug,181,7,-1,0,unknown,no,2026-04-04 21:00:00
29,services,single,primary,no,95,yes,no,unknown,13,may,266,2,-1,0,unknown,no,2026-04-04 22:00:00
33,services,married,secondary,no,108,yes,no,cellular,29,jan,158,2,-1,0,unknown,no,2026-04-04 23:00:00
44,blue-collar,married,secondary,no,-54,yes,yes,unknown,26,may,437,1,-1,0,unknown,no,2026-04-05 00:00:00
59,technician,married,secondary,no,1,no,no,cellular,15,apr,159,2,378,3,failure,yes,2026-04-05 01:00:00
41,technician,married,secondary,no,0,no,no,unknown,20,jun,850,3,-1,0,unknown,no,2026-04-05 02:00:00
36,management,married,tertiary,no,1357,yes,no,unknown,5,jun,74,5,-1,0,unknown,no,2026-04-05 03:00:00
33,technician,married,secondary,no,4,yes,yes,unknown,18,jun,625,2,-1,0,unknown,yes,2026-04-05 04:00:00
27,student,single,secondary,no,6036,no,no,cellular,31,mar,175,1,181,1,failure,yes,2026-04-05 05:00:00
56,management,divorced,tertiary,no,2189,no,no,cellular,4,feb,180,1,-1,0,unknown,no,2026-04-05 06:00:00
60,entrepreneur,married,primary,no,0,no,no,unknown,18,jun,201,1,-1,0,unknown,no,2026-04-05 07:00:00
47,housemaid,married,primary,no,20,no,yes,cellular,28,jul,564,5,-1,0,unknown,no,2026-04-05 08:00:00
31,self-employed,single,tertiary,no,91,no,no,unknown,23,may,206,1,-1,0,unknown,no,2026-04-05 09:00:00
54,management,divorced,tertiary,no,205,no,no,cellular,21,aug,182,6,-1,0,unknown,no,2026-04-05 10:00:00
26,admin.,single,secondary,no,483,yes,no,cellular,18,may,305,2,-1,0,unknown,no,2026-04-05 11:00:00
44,management,married,tertiary,no,4087,yes,no,unknown,19,may,457,5,-1,0,unknown,no,2026-04-05 12:00:00
56,blue-collar,married,secondary,no,-199,no,yes,cellular,16,jul,428,2,-1,0,unknown,no,2026-04-05 13:00:00
54,retired,single,secondary,no,515,yes,no,cellular,6,feb,115,2,234,1,failure,no,2026-04-05 14:00:00
47,blue-collar,married,secondary,no,1230,yes,no,telephone,12,nov,378,1,-1,0,unknown,yes,2026-04-05 15:00:00
35,management,single,tertiary,no,62,yes,no,cellular,5,may,214,4,15,3,success,no,2026-04-05 16:00:00
30,technician,single,secondary,no,137,no,yes,cellular,8,jul,517,2,-1,0,unknown,no,2026-04-05 17:00:00
47,management,single,tertiary,no,551,no,no,cellular,29,oct,124,1,-1,0,unknown,yes,2026-04-05 18:00:00
37,blue-collar,married,primary,no,89,yes,no,unknown,2,jun,51,4,-1,0,unknown,no,2026-04-05 19:00:00
25,student,single,secondary,no,348,no,no,cellular,10,aug,245,1,-1,0,unknown,yes,2026-04-05 20:00:00
34,blue-collar,single,primary,no,-109,yes,no,cellular,15,jul,860,4,-1,0,unknown,yes,2026-04-05 21:00:00
37,blue-collar,married,secondary,no,660,yes,yes,cellular,5,feb,449,4,-1,0,unknown,no,2026-04-05 22:00:00
32,management,married,tertiary,no,0,no,no,cellular,8,aug,83,1,-1,0,unknown,no,2026-04-05 23:00:00
40,blue-collar,divorced,primary,no,4168,yes,no,cellular,29,jan,91,1,223,3,failure,no,2026-04-06 00:00:00
35,management,married,tertiary,no,178,no,no,cellular,14,aug,76,2,-1,0,unknown,no,2026-04-06 01:00:00
43,services,single,secondary,no,2444,no,yes,cellular,2,jun,130,1,-1,0,unknown,no,2026-04-06 02:00:00
32,blue-collar,married,primary,no,29050,yes,yes,unknown,21,may,563,2,-1,0,unknown,no,2026-04-06 03:00:00
27,blue-collar,single,secondary,yes,81,no,yes,cellular,29,jan,123,2,205,2,success,no,2026-04-06 04:00:00
37,blue-collar,married,primary,no,907,yes,no,unknown,3,jun,23,1,-1,0,unknown,no,2026-04-06 05:00:00
60,retired,married,primary,no,55,no,no,cellular,4,jun,207,1,-1,0,unknown,no,2026-04-06 06:00:00
39,management,single,tertiary,no,406,yes,no,unknown,7,may,68,1,-1,0,unknown,no,2026-04-06 07:00:00
55,unemployed,single,primary,no,5,yes,no,unknown,30,may,63,2,-1,0,unknown,no,2026-04-06 08:00:00
48,admin.,married,secondary,no,112,no,no,cellular,18,aug,139,5,-1,0,unknown,no,2026-04-06 09:00:00
34,admin.,married,tertiary,no,35,yes,no,cellular,7,aug,88,2,-1,0,unknown,no,2026-04-06 10:00:00
43,technician,married,secondary,no,227,yes,yes,cellular,19,aug,124,2,-1,0,unknown,no,2026-04-06 11:00:00
51,management,married,tertiary,no,12,no,no,unknown,6,jun,90,4,-1,0,unknown,no,2026-04-06 12:00:00
31,management,married,tertiary,no,4720,yes,no,cellular,13,aug,460,2,-1,0,unknown,no,2026-04-06 13:00:00
43,blue-collar,married,primary,no,2519,yes,no,cellular,16,apr,257,2,146,9,other,no,2026-04-06 14:00:00
31,blue-collar,married,primary,no,240,yes,yes,cellular,11,may,254,2,-1,0,unknown,no,2026-04-06 15:00:00
52,entrepreneur,married,tertiary,no,618,yes,yes,unknown,14,may,166,2,-1,0,unknown,no,2026-04-06 16:00:00
40,management,married,tertiary,no,-130,yes,no,unknown,28,may,154,2,-1,0,unknown,no,2026-04-06 17:00:00
31,admin.,married,secondary,no,1331,yes,no,cellular,11,may,927,2,-1,0,unknown,no,2026-04-06 18:00:00
50,blue-collar,married,secondary,no,1985,yes,no,unknown,2,jun,464,2,-1,0,unknown,no,2026-04-06 19:00:00
30,technician,married,tertiary,no,423,yes,no,cellular,21,aug,230,2,-1,0,unknown,no,2026-04-06 20:00:00
48,technician,married,secondary,no,638,yes,no,unknown,14,may,217,1,-1,0,unknown,no,2026-04-06 21:00:00
57,blue-collar,married,secondary,no,2058,yes,no,telephone,18,may,23,2,-1,0,unknown,no,2026-04-06 22:00:00
33,services,married,secondary,no,1697,no,no,cellular,3,nov,179,1,-1,0,unknown,yes,2026-04-06 23:00:00
32,entrepreneur,single,tertiary,no,1,yes,yes,unknown,16,may,411,2,-1,0,unknown,no,2026-04-07 00:00:00
28,admin.,single,secondary,no,4745,no,no,telephone,12,may,360,1,181,5,success,yes,2026-04-07 01:00:00
26,blue-collar,single,secondary,no,0,yes,no,cellular,28,jan,148,2,258,2,failure,no,2026-04-07 02:00:00
31,management,single,secondary,no,1310,yes,no,cellular,18,may,12,2,-1,0,unknown,no,2026-04-07 03:00:00
36,services,married,secondary,no,456,yes,yes,cellular,17,apr,294,1,319,4,failure,no,2026-04-07 04:00:00
45,technician,single,tertiary,no,88,no,no,unknown,23,jul,163,4,-1,0,unknown,no,2026-04-07 05:00:00
38,technician,married,tertiary,no,-267,no,no,cellular,11,aug,220,1,-1,0,unknown,no,2026-04-07 06:00:00
35,services,married,secondary,no,2918,no,yes,cellular,16,jul,815,2,407,3,success,yes,2026-04-07 07:00:00
47,blue-collar,married,primary,no,117,yes,no,unknown,7,may,113,2,-1,0,unknown,no,2026-04-07 08:00:00
75,retired,married,tertiary,no,2991,no,no,cellular,22,apr,240,1,-1,0,unknown,yes,2026-04-07 09:00:00
24,services,single,secondary,no,-148,yes,no,unknown,21,may,641,1,-1,0,unknown,no,2026-04-07 10:00:00
34,technician,divorced,tertiary,no,66,no,yes,cellular,19,aug,74,2,-1,0,unknown,no,2026-04-07 11:00:00
58,management,married,tertiary,no,3768,yes,no,unknown,18,jun,316,1,-1,0,unknown,no,2026-04-07 12:00:00
34,management,single,tertiary,no,673,yes,yes,unknown,20,may,120,1,-1,0,unknown,no,2026-04-07 13:00:00
67,retired,divorced,tertiary,no,443,no,no,cellular,18,aug,441,1,-1,0,unknown,yes,2026-04-07 14:00:00
44,housemaid,married,primary,no,398,no,no,cellular,7,jul,187,3,-1,0,unknown,no,2026-04-07 15:00:00
26,technician,single,tertiary,no,686,yes,no,unknown,30,may,98,2,-1,0,unknown,no,2026-04-07 16:00:00
29,management,single,tertiary,no,0,yes,no,unknown,5,may,363,1,-1,0,unknown,no,2026-04-07 17:00:00
47,management,divorced,tertiary,no,17964,yes,no,unknown,3,jun,165,2,-1,0,unknown,no,2026-04-07 18:00:00
44,admin.,married,secondary,no,497,yes,no,cellular,3,feb,321,3,270,2,other,no,2026-04-07 19:00:00
32,entrepreneur,married,secondary,no,1328,yes,no,unknown,6,jun,80,5,-1,0,unknown,no,2026-04-07 20:00:00
43,management,married,primary,no,73,no,no,cellular,2,feb,182,2,-1,0,unknown,no,2026-04-07 21:00:00
32,management,married,tertiary,no,2,yes,no,cellular,14,jul,79,3,-1,0,unknown,no,2026-04-07 22:00:00
45,self-employed,married,tertiary,no,-497,yes,yes,cellular,20,nov,260,1,-1,0,unknown,no,2026-04-07 23:00:00
35,self-employed,single,tertiary,no,4294,no,no,unknown,26,jun,529,4,-1,0,unknown,no,2026-04-08 00:00:00
45,technician,single,primary,no,237,yes,no,cellular,14,apr,110,1,263,1,failure,no,2026-04-08 01:00:00
33,self-employed,married,tertiary,no,6,no,no,unknown,16,jun,141,6,-1,0,unknown,no,2026-04-08 02:00:00
29,unemployed,single,tertiary,no,497,yes,no,cellular,18,may,642,3,298,6,success,yes,2026-04-08 03:00:00
54,blue-collar,married,primary,no,1390,no,no,telephone,29,jul,647,2,-1,0,unknown,no,2026-04-08 04:00:00
31,entrepreneur,single,tertiary,no,667,yes,no,cellular,20,apr,152,5,-1,0,unknown,no,2026-04-08 05:00:00
36,management,single,tertiary,no,609,no,no,cellular,18,aug,33,2,-1,0,unknown,no,2026-04-08 06:00:00
33,management,married,tertiary,no,571,no,no,cellular,8,aug,390,2,-1,0,unknown,no,2026-04-08 07:00:00
36,blue-collar,married,secondary,no,536,yes,no,cellular,8,apr,274,3,-1,0,unknown,yes,2026-04-08 08:00:00
46,entrepreneur,married,secondary,no,145,yes,no,cellular,18,may,236,3,-1,0,unknown,no,2026-04-08 09:00:00
34,services,married,secondary,no,135,yes,no,cellular,18,nov,109,1,-1,0,unknown,no,2026-04-08 10:00:00
47,admin.,married,secondary,no,6695,no,no,telephone,21,nov,129,3,-1,0,unknown,no,2026-04-08 11:00:00
45,blue-collar,married,secondary,no,192,yes,no,cellular,13,may,154,5,176,1,other,no,2026-04-08 12:00:00
46,unemployed,single,tertiary,no,705,no,no,cellular,4,feb,398,1,-1,0,unknown,no,2026-04-08 13:00:00
31,management,married,secondary,no,0,no,no,cellular,19,aug,81,2,-1,0,unknown,no,2026-04-08 14:00:00
44,services,married,secondary,no,-618,no,yes,unknown,27,jun,198,2,-1,0,unknown,no,2026-04-08 15:00:00
26,management,single,tertiary,no,1177,no,no,cellular,19,oct,116,1,-1,0,unknown,no,2026-04-08 16:00:00
35,technician,married,secondary,no,1,yes,yes,unknown,21,may,85,1,-1,0,unknown,no,2026-04-08 17:00:00
36,management,married,tertiary,no,9324,yes,no,cellular,30,mar,138,8,-1,0,unknown,no,2026-04-08 18:00:00
33,technician,married,secondary,no,484,yes,no,cellular,16,aug,205,3,182,9,success,yes,2026-04-08 19:00:00
38,management,married,unknown,no,3576,no,no,cellular,26,may,579,1,-1,0,unknown,yes,2026-04-08 20:00:00
48,admin.,married,primary,no,3,yes,no,unknown,27,may,148,4,-1,0,unknown,no,2026-04-08 21:00:00
52,unemployed,married,tertiary,no,0,no,no,telephone,6,feb,43,4,-1,0,unknown,no,2026-04-08 22:00:00
78,retired,married,primary,no,158,no,no,cellular,18,feb,360,1,-1,0,unknown,no,2026-04-08 23:00:00
63,retired,married,primary,no,3738,no,no,telephone,9,nov,301,1,456,4,failure,no,2026-04-09 00:00:00
39,management,single,tertiary,no,572,yes,no,cellular,31,jul,153,20,-1,0,unknown,no,2026-04-09 01:00:00
33,blue-collar,married,secondary,no,-112,yes,no,unknown,28,may,132,1,-1,0,unknown,no,2026-04-09 02:00:00
31,technician,single,tertiary,no,17,no,no,cellular,26,aug,239,2,-1,0,unknown,no,2026-04-09 03:00:00
35,blue-collar,married,primary,no,414,no,no,unknown,13,may,504,4,-1,0,unknown,yes,2026-04-09 04:00:00
51,unemployed,divorced,secondary,no,370,no,no,unknown,9,may,167,1,-1,0,unknown,no,2026-04-09 05:00:00
27,technician,single,tertiary,no,931,yes,no,cellular,4,feb,1078,1,-1,0,unknown,yes,2026-04-09 06:00:00
34,unemployed,single,secondary,no,0,no,no,cellular,17,nov,63,2,-1,0,unknown,no,2026-04-09 07:00:00
31,management,married,secondary,no,2294,no,no,cellular,20,aug,483,2,-1,0,unknown,no,2026-04-09 08:00:00
56,blue-collar,married,secondary,no,0,no,yes,cellular,16,jul,390,2,-1,0,unknown,no,2026-04-09 09:00:00
37,technician,single,secondary,yes,375,no,no,unknown,9,jun,223,2,-1,0,unknown,no,2026-04-09 10:00:00
28,student,single,tertiary,no,1562,no,no,cellular,15,feb,659,4,-1,0,unknown,yes,2026-04-09 11:00:00
60,management,married,secondary,no,13238,no,no,cellular,13,aug,418,4,-1,0,unknown,no,2026-04-09 12:00:00
35,blue-collar,single,unknown,no,597,yes,no,cellular,13,may,1309,2,-1,0,unknown,no,2026-04-09 13:00:00
32,unemployed,married,secondary,no,314,yes,no,cellular,11,may,18,6,172,10,success,no,2026-04-09 14:00:00
40,self-employed,married,tertiary,no,271,yes,no,cellular,11,aug,265,4,-1,0,unknown,no,2026-04-09 15:00:00
47,technician,married,secondary,no,970,yes,no,unknown,28,may,742,3,-1,0,unknown,no,2026-04-09 16:00:00
57,management,married,secondary,no,0,yes,no,unknown,9,may,147,7,-1,0,unknown,no,2026-04-09 17:00:00
46,management,married,secondary,no,0,no,no,unknown,12,jun,155,1,-1,0,unknown,no,2026-04-09 18:00:00
31,management,married,tertiary,no,84,no,yes,unknown,1,jul,143,1,-1,0,unknown,no,2026-04-09 19:00:00
32,admin.,single,secondary,no,1630,yes,no,cellular,30,jan,122,1,-1,0,unknown,no,2026-04-09 20:00:00
29,blue-collar,married,secondary,no,-28,yes,no,unknown,12,may,393,1,-1,0,unknown,no,2026-04-09 21:00:00
47,management,married,tertiary,no,-488,yes,no,cellular,25,jul,65,5,-1,0,unknown,no,2026-04-09 22:00:00
45,blue-collar,single,primary,no,1006,no,no,unknown,20,jun,124,1,-1,0,unknown,no,2026-04-09 23:00:00
52,blue-collar,married,primary,no,1331,yes,no,cellular,29,jul,213,2,-1,0,unknown,no,2026-04-10 00:00:00
33,management,married,tertiary,no,17946,yes,no,cellular,4,may,15,4,87,6,failure,no,2026-04-10 01:00:00
42,technician,married,tertiary,no,-378,yes,yes,cellular,15,may,11,7,330,2,failure,no,2026-04-10 02:00:00
33,admin.,married,secondary,no,13160,no,no,cellular,10,jul,212,1,-1,0,unknown,no,2026-04-10 03:00:00
41,unknown,single,secondary,no,646,yes,no,unknown,29,may,40,2,-1,0,unknown,no,2026-04-10 04:00:00
23,housemaid,single,primary,no,93,yes,no,cellular,18,may,70,3,-1,0,unknown,no,2026-04-10 05:00:00
38,admin.,married,secondary,no,0,yes,no,unknown,15,may,225,1,-1,0,unknown,no,2026-04-10 06:00:00
38,management,single,tertiary,no,5073,yes,no,cellular,30,jul,68,4,-1,0,unknown,no,2026-04-10 07:00:00
45,admin.,divorced,tertiary,no,1506,no,no,cellular,28,jul,365,4,-1,0,unknown,yes,2026-04-10 08:00:00
44,technician,divorced,secondary,no,-357,yes,yes,unknown,28,may,318,2,-1,0,unknown,no,2026-04-10 09:00:00
30,unemployed,single,secondary,yes,-770,yes,no,unknown,28,may,87,1,-1,0,unknown,no,2026-04-10 10:00:00
32,management,single,tertiary,no,914,yes,no,cellular,20,apr,224,1,-1,0,unknown,no,2026-04-10 11:00:00
39,blue-collar,married,primary,no,176,yes,yes,cellular,3,apr,189,2,-1,0,unknown,no,2026-04-10 12:00:00
36,services,married,primary,no,413,yes,no,telephone,13,may,60,1,176,1,failure,no,2026-04-10 13:00:00
26,technician,single,secondary,no,0,no,no,cellular,8,jul,362,2,-1,0,unknown,no,2026-04-10 14:00:00
57,retired,divorced,tertiary,no,66,yes,no,cellular,11,may,798,2,-1,0,unknown,no,2026-04-10 15:00:00
30,blue-collar,married,secondary,no,658,yes,no,cellular,17,apr,99,3,267,1,failure,no,2026-04-10 16:00:00
36,technician,married,secondary,no,-90,yes,no,cellular,28,jul,110,3,-1,0,unknown,no,2026-04-10 17:00:00
32,services,married,secondary,no,-632,yes,yes,cellular,20,apr,18,5,-1,0,unknown,no,2026-04-10 18:00:00
49,management,married,secondary,no,0,no,no,unknown,9,jun,156,2,-1,0,unknown,no,2026-04-10 19:00:00
37,technician,single,tertiary,no,3943,no,no,cellular,19,nov,37,1,-1,0,unknown,no,2026-04-10 20:00:00
45,blue-collar,married,secondary,no,27,yes,no,unknown,12,may,299,5,-1,0,unknown,no,2026-04-10 21:00:00
45,blue-collar,single,primary,no,116,yes,no,cellular,15,may,16,5,365,1,failure,no,2026-04-10 22:00:00
53,technician,single,tertiary,no,757,yes,no,cellular,7,may,122,2,-1,0,unknown,no,2026-04-10 23:00:00
58,blue-collar,married,primary,no,73,no,no,unknown,17,jun,116,1,-1,0,unknown,no,2026-04-11 00:00:00
32,services,married,secondary,no,241,no,no,unknown,30,may,197,3,-1,0,unknown,no,2026-04-11 01:00:00
45,management,divorced,tertiary,no,-96,no,yes,cellular,20,aug,95,2,-1,0,unknown,no,2026-04-11 02:00:00
33,services,married,secondary,no,-384,yes,no,cellular,9,jul,125,1,-1,0,unknown,no,2026-04-11 03:00:00
29,student,single,secondary,no,3872,yes,no,cellular,12,may,453,2,-1,0,unknown,no,2026-04-11 04:00:00
36,blue-collar,married,primary,no,2079,yes,yes,unknown,19,may,403,2,-1,0,unknown,no,2026-04-11 05:00:00
41,technician,married,secondary,no,2123,no,no,cellular,8,aug,130,2,-1,0,unknown,no,2026-04-11 06:00:00
35,unemployed,single,secondary,no,145,no,no,cellular,17,jul,354,1,-1,0,unknown,no,2026-04-11 07:00:00
56,retired,married,secondary,no,1894,yes,no,unknown,15,may,189,1,-1,0,unknown,no,2026-04-11 08:00:00
39,services,single,secondary,no,1048,yes,no,cellular,15,jun,108,1,32,1,failure,no,2026-04-11 09:00:00
31,technician,married,tertiary,no,702,no,yes,cellular,29,jan,157,3,182,29,failure,no,2026-04-11 10:00:00
26,technician,single,secondary,no,3244,no,no,cellular,2,feb,141,1,5,1,failure,no,2026-04-11 11:00:00
31,management,single,tertiary,no,170,yes,yes,cellular,5,may,168,1,265,2,failure,no,2026-04-11 12:00:00
45,admin.,married,unknown,no,2033,no,no,cellular,30,nov,123,1,186,4,failure,no,2026-04-11 13:00:00
53,management,married,tertiary,no,7249,yes,yes,cellular,19,nov,350,1,-1,0,unknown,no,2026-04-11 14:00:00
39,management,married,tertiary,no,0,yes,no,cellular,14,may,11,15,261,38,failure,no,2026-04-11 15:00:00
36,services,married,primary,no,0,yes,no,unknown,2,jun,1036,1,-1,0,unknown,yes,2026-04-11 16:00:00
32,blue-collar,married,secondary,no,564,yes,no,unknown,21,may,660,1,-1,0,unknown,no,2026-04-11 17:00:00
50,blue-collar,divorced,primary,no,4882,yes,no,unknown,16,jun,320,2,-1,0,unknown,no,2026-04-11 18:00:00
31,management,single,tertiary,no,53,yes,no,cellular,7,aug,165,3,-1,0,unknown,no,2026-04-11 19:00:00
30,management,single,tertiary,no,3905,no,no,cellular,14,aug,112,2,-1,0,unknown,no,2026-04-11 20:00:00
53,entrepreneur,married,unknown,no,2496,no,yes,cellular,18,nov,94,1,-1,0,unknown,no,2026-04-11 21:00:00
39,management,single,tertiary,no,595,yes,no,unknown,13,may,427,1,-1,0,unknown,no,2026-04-11 22:00:00
56,self-employed,married,secondary,no,1113,no,no,unknown,12,jun,138,1,-1,0,unknown,no,2026-04-11 23:00:00
35,management,married,tertiary,no,1285,no,no,cellular,26,aug,100,4,-1,0,unknown,no,2026-04-12 00:00:00
48,management,married,tertiary,no,0,no,no,cellular,27,aug,203,7,-1,0,unknown,no,2026-04-12 01:00:00
58,housemaid,married,primary,no,935,yes,no,unknown,6,jun,272,2,-1,0,unknown,no,2026-04-12 02:00:00
28,self-employed,single,tertiary,no,1579,no,no,cellular,13,jan,163,1,91,3,failure,yes,2026-04-12 03:00:00
28,technician,single,secondary,no,3,yes,no,cellular,14,may,190,2,-1,0,unknown,no,2026-04-12 04:00:00
29,admin.,married,secondary,no,73,yes,no,cellular,16,jul,252,2,-1,0,unknown,no,2026-04-12 05:00:00
64,retired,married,secondary,no,4083,no,no,cellular,18,aug,117,1,-1,0,unknown,no,2026-04-12 06:00:00
34,technician,single,tertiary,no,2,yes,no,unknown,13,may,60,2,-1,0,unknown,no,2026-04-12 07:00:00
56,technician,married,secondary,no,28,yes,no,unknown,15,may,236,1,-1,0,unknown,no,2026-04-12 08:00:00
35,management,married,tertiary,no,62,no,no,cellular,7,may,226,2,88,4,success,yes,2026-04-12 09:00:00
31,blue-collar,single,primary,no,-280,no,no,unknown,21,may,281,3,-1,0,unknown,no,2026-04-12 10:00:00
42,unemployed,married,secondary,no,583,yes,no,unknown,12,jun,153,6,-1,0,unknown,no,2026-04-12 11:00:00
34,admin.,single,secondary,no,303,no,no,cellular,21,dec,94,3,200,6,success,no,2026-04-12 12:00:00
39,admin.,married,secondary,no,201,yes,no,cellular,13,apr,263,3,-1,0,unknown,no,2026-04-12 13:00:00
35,blue-collar,married,primary,no,356,yes,yes,unknown,20,may,474,2,-1,0,unknown,no,2026-04-12 14:00:00
38,admin.,married,secondary,no,0,yes,no,unknown,23,may,353,2,-1,0,unknown,no,2026-04-12 15:00:00
45,blue-collar,married,primary,no,147,yes,no,unknown,3,jun,478,2,-1,0,unknown,no,2026-04-12 16:00:00
57,services,married,secondary,no,1433,no,no,telephone,21,nov,41,1,-1,0,unknown,no,2026-04-12 17:00:00
34,admin.,single,tertiary,no,5007,yes,no,cellular,20,nov,51,1,-1,0,unknown,no,2026-04-12 18:00:00
50,management,married,tertiary,no,1240,no,no,cellular,12,aug,474,2,-1,0,unknown,no,2026-04-12 19:00:00
30,blue-collar,single,secondary,yes,239,yes,no,unknown,21,may,412,1,-1,0,unknown,yes,2026-04-12 20:00:00
44,management,married,secondary,no,1138,yes,no,cellular,21,nov,116,2,-1,0,unknown,no,2026-04-12 21:00:00
47,technician,married,secondary,no,1990,yes,yes,cellular,25,aug,108,4,-1,0,unknown,no,2026-04-12 22:00:00
58,management,married,primary,no,1136,no,no,unknown,17,jun,65,3,-1,0,unknown,no,2026-04-12 23:00:00
37,technician,married,secondary,no,490,yes,no,unknown,30,may,226,1,-1,0,unknown,no,2026-04-13 00:00:00
31,unemployed,single,secondary,no,582,yes,no,cellular,5,jun,548,2,-1,0,unknown,yes,2026-04-13 01:00:00
34,services,single,tertiary,no,371,no,no,unknown,20,may,77,1,-1,0,unknown,no,2026-04-13 02:00:00
45,unknown,married,unknown,no,2834,no,no,cellular,4,aug,112,1,-1,0,unknown,no,2026-04-13 03:00:00
38,blue-collar,single,secondary,no,238,yes,no,cellular,8,may,86,1,366,2,failure,no,2026-04-13 04:00:00
34,management,single,tertiary,no,14,yes,no,telephone,4,may,47,1,-1,0,unknown,no,2026-04-13 05:00:00
41,services,married,secondary,no,1836,yes,yes,cellular,15,apr,139,1,-1,0,unknown,no,2026-04-13 06:00:00
57,housemaid,married,secondary,no,5631,no,no,telephone,25,aug,68,1,90,5,other,no,2026-04-13 07:00:00
33,management,married,tertiary,no,0,no,no,cellular,27,aug,181,4,-1,0,unknown,no,2026-04-13 08:00:00
43,unemployed,married,secondary,no,3529,no,no,cellular,5,feb,169,2,-1,0,unknown,no,2026-04-13 09:00:00
39,services,married,secondary,no,2,yes,no,cellular,25,jul,174,10,-1,0,unknown,no,2026-04-13 10:00:00
43,admin.,married,secondary,no,1375,yes,no,cellular,18,nov,95,1,-1,0,unknown,no,2026-04-13 11:00:00
41,management,single,secondary,no,-277,yes,no,cellular,12,may,431,1,-1,0,unknown,no,2026-04-13 12:00:00
55,blue-collar,married,secondary,no,1765,yes,no,cellular,5,feb,445,1,267,1,failure,no,2026-04-13 13:00:00
45,technician,single,secondary,no,410,yes,no,unknown,30,may,891,4,-1,0,unknown,yes,2026-04-13 14:00:00
31,entrepreneur,married,secondary,no,15,no,yes,cellular,29,jan,190,2,-1,0,unknown,no,2026-04-13 15:00:00
26,blue-collar,single,primary,no,619,yes,yes,cellular,14,may,720,1,352,1,failure,no,2026-04-13 16:00:00
33,technician,single,tertiary,no,6281,yes,no,cellular,1,jul,1057,1,393,4,success,no,2026-04-13 17:00:00
37,technician,married,tertiary,no,0,no,no,cellular,28,aug,76,1,-1,0,unknown,no,2026-04-13 18:00:00
42,technician,married,secondary,no,315,yes,no,cellular,5,feb,208,1,275,2,failure,no,2026-04-13 19:00:00
33,unemployed,single,tertiary,no,1716,yes,no,unknown,7,may,396,2,-1,0,unknown,no,2026-04-13 20:00:00
27,admin.,single,secondary,no,0,yes,no,cellular,18,may,552,5,-1,0,unknown,no,2026-04-13 21:00:00
37,admin.,married,secondary,no,0,yes,no,cellular,9,dec,179,1,190,1,success,yes,2026-04-13 22:00:00
29,blue-collar,married,primary,no,5,no,no,cellular,3,jun,321,1,-1,0,unknown,yes,2026-04-13 23:00:00
30,student,single,unknown,no,809,no,no,unknown,2,jun,91,2,-1,0,unknown,no,2026-04-14 00:00:00
45,admin.,married,secondary,no,0,yes,no,cellular,18,nov,108,5,-1,0,unknown,no,2026-04-14 01:00:00
36,student,single,tertiary,no,687,yes,no,unknown,21,may,287,3,-1,0,unknown,no,2026-04-14 02:00:00
45,blue-collar,divorced,primary,no,594,yes,no,unknown,29,may,833,2,-1,0,unknown,yes,2026-04-14 03:00:00
57,unknown,married,primary,no,270,no,no,cellular,14,aug,526,2,-1,0,unknown,no,2026-04-14 04:00:00
40,management,married,tertiary,no,-37,no,yes,cellular,15,jul,408,4,-1,0,unknown,no,2026-04-14 05:00:00
43,self-employed,single,tertiary,no,0,no,no,unknown,19,jun,147,1,-1,0,unknown,no,2026-04-14 06:00:00
32,services,married,secondary,no,-34,yes,no,unknown,30,may,1236,2,-1,0,unknown,yes,2026-04-14 07:00:00
43,technician,married,secondary,no,1865,yes,no,cellular,17,nov,155,1,186,1,failure,no,2026-04-14 08:00:00
50,unemployed,married,secondary,no,36221,no,no,cellular,21,nov,13,2,-1,0,unknown,no,2026-04-14 09:00:00
29,blue-collar,married,secondary,no,658,yes,no,cellular,24,jul,267,1,-1,0,unknown,no,2026-04-14 10:00:00
35,admin.,single,secondary,no,2201,yes,no,unknown,3,jun,354,3,-1,0,unknown,no,2026-04-14 11:00:00
36,technician,single,secondary,no,966,no,no,cellular,9,jul,119,9,367,4,other,no,2026-04-14 12:00:00
44,blue-collar,married,primary,no,135,yes,no,cellular,20,apr,255,1,-1,0,unknown,no,2026-04-14 13:00:00
45,admin.,married,secondary,no,14,no,yes,cellular,18,may,8,9,353,5,failure,no,2026-04-14 14:00:00
22,student,single,tertiary,no,1258,no,no,cellular,10,dec,182,1,156,1,failure,no,2026-04-14 15:00:00
31,admin.,single,secondary,no,8626,no,no,cellular,25,may,159,1,111,1,failure,no,2026-04-14 16:00:00
40,technician,married,secondary,no,657,yes,no,cellular,30,jul,159,2,-1,0,unknown,no,2026-04-14 17:00:00
58,management,married,primary,no,1052,yes,no,cellular,7,may,147,1,359,4,failure,no,2026-04-14 18:00:00
37,technician,divorced,secondary,no,1309,no,yes,unknown,30,jun,124,2,-1,0,unknown,no,2026-04-14 19:00:00
39,admin.,married,secondary,no,224,no,no,unknown,18,jun,421,2,-1,0,unknown,no,2026-04-14 20:00:00
34,management,single,tertiary,yes,621,no,no,cellular,28,aug,205,3,-1,0,unknown,no,2026-04-14 21:00:00
35,services,single,secondary,no,3816,no,no,cellular,13,jan,331,2,195,1,other,no,2026-04-14 22:00:00
45,admin.,single,secondary,no,946,yes,no,cellular,13,apr,754,3,143,6,failure,no,2026-04-14 23:00:00
33,management,married,tertiary,no,1297,yes,no,cellular,14,oct,117,1,-1,0,unknown,no,2026-04-15 00:00:00
38,blue-collar,married,secondary,no,1149,no,no,cellular,30,jul,41,2,-1,0,unknown,no,2026-04-15 01:00:00
52,admin.,married,primary,no,270,yes,no,unknown,7,may,294,2,-1,0,unknown,no,2026-04-15 02:00:00
45,admin.,married,secondary,no,251,yes,no,cellular,19,aug,102,2,-1,0,unknown,no,2026-04-15 03:00:00
38,technician,divorced,secondary,no,1559,yes,no,cellular,18,may,22,6,179,10,failure,no,2026-04-15 04:00:00
51,blue-collar,married,secondary,no,22,yes,yes,unknown,9,may,178,1,-1,0,unknown,no,2026-04-15 05:00:00
42,technician,married,unknown,no,254,yes,no,cellular,9,apr,241,1,336,1,failure,no,2026-04-15 06:00:00
25,blue-collar,married,secondary,no,0,no,yes,cellular,15,jul,1424,4,-1,0,unknown,yes,2026-04-15 07:00:00
44,blue-collar,married,secondary,no,87,yes,no,unknown,19,may,193,3,-1,0,unknown,no,2026-04-15 08:00:00
35,blue-collar,married,secondary,no,682,yes,no,cellular,7,may,141,1,-1,0,unknown,no,2026-04-15 09:00:00
30,technician,married,tertiary,no,296,no,no,cellular,22,aug,1809,5,-1,0,unknown,no,2026-04-15 10:00:00
25,management,single,unknown,no,17,yes,no,unknown,30,may,65,2,-1,0,unknown,no,2026-04-15 11:00:00
45,management,married,tertiary,no,-73,no,no,cellular,18,nov,125,2,-1,0,unknown,no,2026-04-15 12:00:00
40,management,married,secondary,no,4396,no,no,cellular,12,aug,432,3,-1,0,unknown,yes,2026-04-15 13:00:00
60,admin.,divorced,secondary,no,92,yes,no,unknown,5,may,130,1,-1,0,unknown,no,2026-04-15 14:00:00
57,management,married,secondary,no,657,yes,no,telephone,11,may,20,5,-1,0,unknown,no,2026-04-15 15:00:00
27,blue-collar,married,secondary,no,197,no,no,telephone,23,jul,222,1,-1,0,unknown,no,2026-04-15 16:00:00
29,technician,married,secondary,no,266,yes,no,cellular,18,may,208,1,-1,0,unknown,no,2026-04-15 17:00:00
47,technician,divorced,secondary,no,236,no,no,cellular,18,aug,263,4,-1,0,unknown,no,2026-04-15 18:00:00
36,blue-collar,married,secondary,no,0,no,no,unknown,8,may,338,2,-1,0,unknown,no,2026-04-15 19:00:00
41,blue-collar,married,secondary,no,-256,yes,no,unknown,3,jun,147,2,-1,0,unknown,no,2026-04-15 20:00:00
57,technician,married,tertiary,no,0,no,no,cellular,21,aug,242,5,-1,0,unknown,no,2026-04-15 21:00:00
56,housemaid,divorced,tertiary,no,1059,no,yes,unknown,6,jun,57,2,-1,0,unknown,no,2026-04-15 22:00:00
26,entrepreneur,married,unknown,no,345,yes,yes,cellular,21,jul,149,4,-1,0,unknown,no,2026-04-15 23:00:00
40,blue-collar,married,primary,yes,11,yes,yes,unknown,5,jun,83,3,-1,0,unknown,no,2026-04-16 00:00:00
30,management,single,tertiary,no,136,yes,no,unknown,23,may,152,1,-1,0,unknown,no,2026-04-16 01:00:00
25,technician,single,secondary,no,1036,yes,no,cellular,25,jul,337,2,-1,0,unknown,no,2026-04-16 02:00:00
52,management,married,tertiary,no,7135,no,no,cellular,19,aug,1032,3,-1,0,unknown,yes,2026-04-16 03:00:00
41,management,married,tertiary,no,3769,yes,no,cellular,26,may,94,1,-1,0,unknown,no,2026-04-16 04:00:00
29,technician,single,secondary,no,1165,no,no,cellular,3,dec,244,2,184,1,success,yes,2026-04-16 05:00:00
37,services,single,secondary,no,1950,yes,no,unknown,13,may,370,1,-1,0,unknown,no,2026-04-16 06:00:00
31,blue-collar,married,secondary,no,457,yes,no,cellular,11,may,236,1,-1,0,unknown,no,2026-04-16 07:00:00
35,management,married,tertiary,no,925,no,no,cellular,8,jun,200,4,-1,0,unknown,yes,2026-04-16 08:00:00
55,admin.,married,secondary,no,356,no,no,telephone,27,aug,554,6,-1,0,unknown,no,2026-04-16 09:00:00
45,housemaid,divorced,primary,no,544,no,no,unknown,11,jun,110,1,-1,0,unknown,no,2026-04-16 10:00:00
43,services,married,primary,no,2557,yes,no,telephone,15,apr,165,2,327,3,failure,yes,2026-04-16 11:00:00
44,technician,married,secondary,no,-153,no,yes,unknown,26,jun,197,1,-1,0,unknown,no,2026-04-16 12:00:00
45,admin.,married,secondary,no,597,yes,yes,cellular,18,nov,188,2,-1,0,unknown,no,2026-04-16 13:00:00
24,blue-collar,married,secondary,no,1073,yes,no,unknown,3,jun,569,2,-1,0,unknown,no,2026-04-16 14:00:00
35,management,single,tertiary,no,1494,yes,no,cellular,6,may,311,1,169,2,success,no,2026-04-16 15:00:00
35,management,married,tertiary,no,1256,yes,no,unknown,20,jun,26,29,-1,0,unknown,no,2026-04-16 16:00:00
32,blue-collar,single,secondary,no,75,yes,no,cellular,15,may,127,1,-1,0,unknown,no,2026-04-16 17:00:00
25,services,single,secondary,no,229,yes,no,unknown,2,jun,214,2,-1,0,unknown,no,2026-04-16 18:00:00
54,blue-collar,married,primary,no,126,yes,no,cellular,15,jul,357,4,-1,0,unknown,no,2026-04-16 19:00:00
32,management,single,tertiary,no,27,yes,no,cellular,18,nov,261,1,-1,0,unknown,no,2026-04-16 20:00:00
37,blue-collar,married,secondary,no,3173,yes,no,cellular,13,may,179,1,-1,0,unknown,no,2026-04-16 21:00:00
31,services,married,secondary,no,-309,yes,no,unknown,26,may,269,1,-1,0,unknown,no,2026-04-16 22:00:00
59,blue-collar,single,secondary,no,12270,no,no,cellular,20,nov,180,2,-1,0,unknown,no,2026-04-16 23:00:00
25,management,married,tertiary,no,51,yes,no,cellular,18,jul,127,4,-1,0,unknown,no,2026-04-17 00:00:00
45,blue-collar,married,primary,no,185,no,no,cellular,25,aug,78,4,-1,0,unknown,no,2026-04-17 01:00:00
39,technician,married,secondary,no,49,yes,no,cellular,20,aug,379,4,-1,0,unknown,no,2026-04-17 02:00:00
44,entrepreneur,married,tertiary,no,5156,yes,no,cellular,4,feb,54,1,-1,0,unknown,no,2026-04-17 03:00:00
67,blue-collar,married,secondary,no,16353,no,no,cellular,27,oct,223,2,-1,0,unknown,no,2026-04-17 04:00:00
49,management,married,primary,no,3371,no,no,cellular,11,nov,269,2,-1,0,unknown,yes,2026-04-17 05:00:00
32,blue-collar,married,secondary,no,95,yes,no,telephone,8,may,265,4,337,2,failure,no,2026-04-17 06:00:00
34,management,single,tertiary,no,5086,no,no,cellular,25,may,213,4,-1,0,unknown,yes,2026-04-17 07:00:00
41,unemployed,married,secondary,no,5608,no,no,cellular,9,feb,64,2,-1,0,unknown,no,2026-04-17 08:00:00
61,retired,married,secondary,no,1058,no,no,cellular,27,oct,277,1,92,5,success,no,2026-04-17 09:00:00
35,technician,single,secondary,no,663,no,yes,cellular,14,aug,215,2,-1,0,unknown,no,2026-04-17 10:00:00
59,management,married,tertiary,no,202,yes,no,unknown,3,jun,128,6,-1,0,unknown,no,2026-04-17 11:00:00
48,housemaid,married,primary,no,5908,no,no,unknown,16,jun,192,4,-1,0,unknown,no,2026-04-17 12:00:00
53,technician,married,secondary,no,65,no,no,cellular,25,nov,99,1,92,2,failure,no,2026-04-17 13:00:00
56,unknown,married,unknown,no,778,no,no,unknown,20,jun,32,4,-1,0,unknown,no,2026-04-17 14:00:00
30,management,single,tertiary,no,2900,no,no,cellular,8,aug,147,2,-1,0,unknown,no,2026-04-17 15:00:00
46,technician,single,secondary,no,5862,no,no,cellular,1,jun,84,1,-1,0,unknown,yes,2026-04-17 16:00:00
35,admin.,married,secondary,no,5250,yes,no,cellular,20,nov,363,1,-1,0,unknown,no,2026-04-17 17:00:00
25,student,single,secondary,no,115,no,no,cellular,6,may,796,2,-1,0,unknown,no,2026-04-17 18:00:00
48,management,married,tertiary,no,308,yes,no,cellular,14,jul,125,5,-1,0,unknown,no,2026-04-17 19:00:00
41,self-employed,single,tertiary,no,0,no,no,cellular,7,aug,408,1,-1,0,unknown,no,2026-04-17 20:00:00
32,admin.,married,secondary,no,1229,no,no,cellular,11,oct,485,1,182,1,success,no,2026-04-17 21:00:00
53,management,married,tertiary,no,2124,yes,no,unknown,8,may,123,2,-1,0,unknown,no,2026-04-17 22:00:00
61,management,married,tertiary,no,6016,no,no,cellular,4,nov,199,1,275,3,success,no,2026-04-17 23:00:00
56,services,single,secondary,no,1222,yes,yes,cellular,17,apr,754,1,-1,0,unknown,no,2026-04-18 00:00:00
54,blue-collar,married,secondary,no,233,yes,no,unknown,19,may,220,3,-1,0,unknown,no,2026-04-18 01:00:00
36,management,single,tertiary,no,2163,no,no,cellular,5,jun,317,1,-1,0,unknown,no,2026-04-18 02:00:00
43,management,married,secondary,yes,16,no,no,cellular,2,feb,154,2,-1,0,unknown,no,2026-04-18 03:00:00
53,blue-collar,married,secondary,no,1626,no,no,unknown,9,jun,151,1,-1,0,unknown,no,2026-04-18 04:00:00
55,management,married,tertiary,no,926,yes,no,cellular,17,nov,309,1,-1,0,unknown,no,2026-04-18 05:00:00
37,management,married,tertiary,no,21,yes,no,unknown,29,may,52,2,-1,0,unknown,no,2026-04-18 06:00:00
46,blue-collar,married,secondary,no,2297,no,no,telephone,31,jul,16,4,-1,0,unknown,no,2026-04-18 07:00:00
33,self-employed,single,tertiary,no,301,yes,no,cellular,17,apr,446,1,-1,0,unknown,no,2026-04-18 08:00:00
35,management,married,primary,no,0,yes,yes,cellular,9,apr,260,3,-1,0,unknown,no,2026-04-18 09:00:00
49,management,single,tertiary,no,1350,yes,yes,cellular,11,may,716,1,-1,0,unknown,no,2026-04-18 10:00:00
45,management,married,tertiary,no,655,no,no,unknown,20,jun,693,3,-1,0,unknown,yes,2026-04-18 11:00:00
27,blue-collar,married,primary,no,106,yes,no,unknown,30,may,150,5,-1,0,unknown,no,2026-04-18 12:00:00
38,self-employed,married,tertiary,no,0,no,no,cellular,29,aug,117,3,-1,0,unknown,no,2026-04-18 13:00:00
32,technician,married,secondary,no,84,no,yes,cellular,29,jul,403,3,-1,0,unknown,no,2026-04-18 14:00:00
28,services,married,secondary,no,2114,no,yes,unknown,23,may,79,1,-1,0,unknown,no,2026-04-18 15:00:00
48,management,divorced,secondary,no,3324,no,no,cellular,18,aug,203,4,-1,0,unknown,no,2026-04-18 16:00:00
35,admin.,married,tertiary,no,1145,yes,no,cellular,2,feb,82,2,-1,0,unknown,no,2026-04-18 17:00:00
46,technician,divorced,secondary,no,-26,yes,yes,cellular,19,nov,201,1,113,2,other,no,2026-04-18 18:00:00
36,entrepreneur,married,secondary,no,13,yes,no,cellular,20,apr,98,3,-1,0,unknown,no,2026-04-18 19:00:00
38,blue-collar,married,primary,no,406,yes,no,cellular,29,jan,138,1,188,5,failure,no,2026-04-18 20:00:00
30,management,married,tertiary,no,5381,no,no,cellular,17,nov,375,1,-1,0,unknown,no,2026-04-18 21:00:00
30,unemployed,single,tertiary,no,302,no,no,cellular,11,feb,528,3,-1,0,unknown,yes,2026-04-18 22:00:00
57,entrepreneur,married,primary,no,6,yes,no,cellular,24,jul,126,6,-1,0,unknown,no,2026-04-18 23:00:00
51,entrepreneur,married,tertiary,no,5403,no,no,unknown,6,jun,42,1,-1,0,unknown,no,2026-04-19 00:00:00
27,blue-collar,single,secondary,no,36,no,yes,cellular,29,jul,114,4,-1,0,unknown,no,2026-04-19 01:00:00
30,management,married,tertiary,no,913,yes,no,cellular,18,aug,341,4,-1,0,unknown,no,2026-04-19 02:00:00
30,management,single,tertiary,no,640,no,no,cellular,6,feb,124,4,213,2,failure,no,2026-04-19 03:00:00
56,self-employed,married,secondary,no,800,no,yes,cellular,9,jul,170,1,-1,0,unknown,no,2026-04-19 04:00:00
52,housemaid,divorced,primary,no,337,no,no,cellular,28,jan,130,1,-1,0,unknown,no,2026-04-19 05:00:00
37,admin.,single,secondary,no,528,yes,no,cellular,21,nov,65,1,-1,0,unknown,no,2026-04-19 06:00:00
38,services,married,secondary,no,780,yes,no,cellular,13,may,262,1,343,5,failure,no,2026-04-19 07:00:00
33,admin.,married,secondary,no,30,yes,no,telephone,5,may,125,2,-1,0,unknown,no,2026-04-19 08:00:00
40,services,divorced,secondary,no,1155,no,yes,unknown,3,jul,251,1,-1,0,unknown,no,2026-04-19 09:00:00
42,housemaid,married,secondary,no,327,no,no,cellular,14,aug,110,1,-1,0,unknown,no,2026-04-19 10:00:00
24,services,married,tertiary,no,0,yes,no,unknown,27,may,299,1,-1,0,unknown,no,2026-04-19 11:00:00
48,services,divorced,secondary,no,297,no,no,cellular,18,aug,121,4,-1,0,unknown,no,2026-04-19 12:00:00
52,blue-collar,married,secondary,no,2276,no,no,unknown,20,jun,83,3,-1,0,unknown,no,2026-04-19 13:00:00
57,retired,married,primary,no,0,no,no,cellular,21,aug,394,3,-1,0,unknown,no,2026-04-19 14:00:00
53,blue-collar,married,primary,no,0,no,no,cellular,21,aug,195,1,-1,0,unknown,no,2026-04-19 15:00:00
29,management,married,tertiary,no,0,yes,no,telephone,15,jul,91,2,-1,0,unknown,no,2026-04-19 16:00:00
40,blue-collar,married,primary,no,442,yes,no,cellular,1,apr,212,1,-1,0,unknown,no,2026-04-19 17:00:00
29,technician,single,secondary,no,3851,no,no,cellular,2,nov,59,2,-1,0,unknown,no,2026-04-19 18:00:00
30,blue-collar,single,secondary,no,191,no,no,cellular,25,jul,66,2,-1,0,unknown,no,2026-04-19 19:00:00
37,services,divorced,secondary,no,9,yes,yes,unknown,17,jun,411,6,-1,0,unknown,no,2026-04-19 20:00:00
54,blue-collar,married,secondary,no,0,no,yes,cellular,16,jul,156,1,-1,0,unknown,no,2026-04-19 21:00:00
58,retired,married,tertiary,no,1669,no,no,cellular,13,aug,109,2,-1,0,unknown,no,2026-04-19 22:00:00
80,retired,married,primary,no,1468,no,no,cellular,13,jan,330,3,-1,0,unknown,yes,2026-04-19 23:00:00
40,blue-collar,single,secondary,no,322,yes,no,cellular,7,may,201,1,-1,0,unknown,no,2026-04-20 00:00:00
31,housemaid,single,secondary,no,13099,no,no,cellular,29,aug,6,9,-1,0,unknown,no,2026-04-20 01:00:00
36,blue-collar,married,secondary,no,-73,yes,yes,cellular,18,may,15,8,-1,0,unknown,no,2026-04-20 02:00:00
43,blue-collar,married,primary,no,56,no,no,cellular,12,may,365,2,-1,0,unknown,no,2026-04-20 03:00:00
31,management,married,tertiary,no,10,no,no,cellular,20,nov,283,1,-1,0,unknown,no,2026-04-20 04:00:00
32,admin.,married,secondary,no,2711,no,no,cellular,8,aug,193,1,-1,0,unknown,no,2026-04-20 05:00:00
21,student,single,secondary,no,347,no,no,cellular,16,nov,77,1,-1,0,unknown,no,2026-04-20 06:00:00
32,management,married,tertiary,no,1388,yes,no,cellular,30,apr,753,1,-1,0,unknown,yes,2026-04-20 07:00:00
45,blue-collar,married,primary,no,71,yes,no,unknown,16,may,355,2,-1,0,unknown,no,2026-04-20 08:00:00
42,management,single,secondary,no,50,no,no,unknown,5,may,48,1,-1,0,unknown,no,2026-04-20 09:00:00
30,admin.,married,secondary,no,40,yes,yes,unknown,16,may,108,2,-1,0,unknown,no,2026-04-20 10:00:00
33,blue-collar,single,tertiary,no,350,yes,no,unknown,24,jun,137,5,-1,0,unknown,no,2026-04-20 11:00:00
31,blue-collar,married,primary,no,50,yes,no,unknown,8,may,300,2,-1,0,unknown,no,2026-04-20 12:00:00
42,services,married,secondary,no,-369,no,no,cellular,14,jul,72,3,-1,0,unknown,no,2026-04-20 13:00:00
39,blue-collar,single,primary,no,3384,yes,no,telephone,20,nov,39,1,-1,0,unknown,no,2026-04-20 14:00:00
33,services,divorced,secondary,no,411,yes,no,unknown,8,may,216,1,-1,0,unknown,no,2026-04-20 15:00:00
33,management,married,tertiary,no,91,no,no,cellular,10,jul,526,1,-1,0,unknown,no,2026-04-20 16:00:00
29,blue-collar,married,unknown,no,486,yes,no,cellular,6,may,422,1,363,1,failure,no,2026-04-20 17:00:00
34,blue-collar,single,primary,no,517,no,yes,cellular,3,feb,330,2,-1,0,unknown,no,2026-04-20 18:00:00
34,blue-collar,married,secondary,no,0,yes,yes,cellular,12,may,34,2,288,12,failure,no,2026-04-20 19:00:00
31,management,married,tertiary,no,4761,yes,no,unknown,20,may,239,2,-1,0,unknown,no,2026-04-20 20:00:00
38,technician,single,secondary,no,615,yes,no,unknown,2,jun,215,1,-1,0,unknown,no,2026-04-20 21:00:00
38,management,married,tertiary,no,1187,yes,yes,cellular,5,jun,76,2,123,1,failure,no,2026-04-20 22:00:00
36,management,single,tertiary,no,-679,yes,yes,cellular,7,may,172,1,93,1,failure,no,2026-04-20 23:00:00
56,management,married,unknown,no,353,no,yes,cellular,25,jul,171,2,-1,0,unknown,no,2026-04-21 00:00:00
41,management,married,secondary,no,0,no,no,cellular,21,aug,280,11,-1,0,unknown,no,2026-04-21 01:00:00
48,blue-collar,married,secondary,no,2008,no,no,cellular,21,aug,238,4,-1,0,unknown,no,2026-04-21 02:00:00
34,admin.,married,secondary,no,75,yes,yes,cellular,25,may,111,1,-1,0,unknown,no,2026-04-21 03:00:00
39,housemaid,married,primary,no,-106,yes,yes,cellular,11,may,1114,2,-1,0,unknown,no,2026-04-21 04:00:00
60,admin.,single,secondary,no,646,yes,no,telephone,16,jul,649,2,-1,0,unknown,no,2026-04-21 05:00:00
52,blue-collar,married,primary,no,2091,no,no,cellular,6,aug,181,2,-1,0,unknown,no,2026-04-21 06:00:00
33,blue-collar,divorced,primary,no,636,yes,no,cellular,9,jul,211,11,-1,0,unknown,no,2026-04-21 07:00:00
28,entrepreneur,single,tertiary,no,224,yes,no,cellular,18,may,567,2,-1,0,unknown,no,2026-04-21 08:00:00
42,technician,married,secondary,no,-245,no,yes,unknown,26,may,63,1,-1,0,unknown,no,2026-04-21 09:00:00
35,admin.,married,tertiary,no,318,yes,yes,cellular,1,oct,142,1,-1,0,unknown,no,2026-04-21 10:00:00
44,unemployed,single,tertiary,no,7822,yes,no,telephone,2,feb,20,1,-1,0,unknown,no,2026-04-21 11:00:00
57,blue-collar,divorced,secondary,no,1103,yes,no,cellular,15,jul,98,4,-1,0,unknown,no,2026-04-21 12:00:00
53,technician,married,secondary,no,-440,no,no,cellular,30,jul,14,33,-1,0,unknown,no,2026-04-21 13:00:00
30,student,single,unknown,no,145,no,no,cellular,5,feb,96,3,175,1,failure,no,2026-04-21 14:00:00
47,technician,married,secondary,no,0,no,no,cellular,21,nov,591,1,10,1,failure,yes,2026-04-21 15:00:00
30,technician,single,tertiary,no,10,no,no,cellular,26,aug,276,8,-1,0,unknown,no,2026-04-21 16:00:00
42,services,divorced,secondary,no,11177,yes,no,cellular,14,may,229,6,373,1,other,no,2026-04-21 17:00:00
52,blue-collar,married,primary,no,2977,no,no,cellular,18,aug,286,5,-1,0,unknown,no,2026-04-21 18:00:00
40,services,single,secondary,no,5129,yes,yes,cellular,21,nov,222,6,-1,0,unknown,no,2026-04-21 19:00:00
41,unemployed,single,secondary,no,75,yes,no,cellular,8,may,103,2,344,1,failure,no,2026-04-21 20:00:00
32,management,married,tertiary,no,7743,no,no,cellular,20,aug,358,3,-1,0,unknown,no,2026-04-21 21:00:00
34,management,married,tertiary,no,6203,no,no,telephone,21,nov,34,2,-1,0,unknown,no,2026-04-21 22:00:00
47,blue-collar,single,primary,no,355,yes,no,cellular,14,may,144,3,366,1,failure,no,2026-04-21 23:00:00
33,blue-collar,married,secondary,no,854,yes,yes,cellular,29,jan,93,1,-1,0,unknown,no,2026-04-22 00:00:00
50,self-employed,married,secondary,no,1138,no,no,cellular,14,aug,219,10,-1,0,unknown,no,2026-04-22 01:00:00
54,housemaid,divorced,primary,no,2253,yes,no,cellular,5,feb,266,1,196,1,failure,no,2026-04-22 02:00:00
32,technician,single,tertiary,no,0,no,no,cellular,20,aug,72,4,-1,0,unknown,no,2026-04-22 03:00:00
41,technician,single,secondary,no,169,yes,no,cellular,12,may,116,2,-1,0,unknown,no,2026-04-22 04:00:00
33,blue-collar,single,primary,no,837,yes,no,unknown,27,jun,250,8,-1,0,unknown,no,2026-04-22 05:00:00
27,management,single,secondary,no,0,yes,no,cellular,5,may,239,1,-1,0,unknown,no,2026-04-22 06:00:00
35,blue-collar,married,primary,no,-12,yes,no,unknown,12,may,212,5,-1,0,unknown,no,2026-04-22 07:00:00
30,services,divorced,secondary,no,0,yes,yes,cellular,18,nov,174,2,111,3,failure,no,2026-04-22 08:00:00
28,student,single,tertiary,no,2306,no,no,cellular,29,oct,140,2,-1,0,unknown,no,2026-04-22 09:00:00
26,self-employed,single,secondary,no,1242,yes,no,cellular,5,feb,205,2,253,2,success,no,2026-04-22 10:00:00
50,entrepreneur,married,secondary,no,2731,no,no,cellular,8,aug,111,2,-1,0,unknown,no,2026-04-22 11:00:00
57,management,married,tertiary,no,561,no,no,unknown,5,jun,21,1,-1,0,unknown,no,2026-04-22 12:00:00
54,blue-collar,married,secondary,no,-630,no,no,unknown,23,may,173,1,-1,0,unknown,no,2026-04-22 13:00:00
39,admin.,divorced,secondary,no,1,no,yes,cellular,7,jul,281,1,-1,0,unknown,no,2026-04-22 14:00:00
28,blue-collar,single,primary,no,0,yes,yes,unknown,3,jun,380,4,-1,0,unknown,no,2026-04-22 15:00:00
34,admin.,married,secondary,no,1551,yes,yes,cellular,8,jul,188,2,82,4,other,no,2026-04-22 16:00:00
57,retired,married,primary,no,5799,no,no,unknown,17,jun,97,1,-1,0,unknown,no,2026-04-22 17:00:00
41,housemaid,married,primary,no,175,no,no,cellular,7,jul,252,1,-1,0,unknown,no,2026-04-22 18:00:00
55,blue-collar,married,secondary,no,233,yes,no,cellular,5,may,813,2,351,3,failure,no,2026-04-22 19:00:00
41,blue-collar,single,unknown,no,4684,no,no,unknown,20,jun,30,6,-1,0,unknown,no,2026-04-22 20:00:00
34,services,married,secondary,no,334,yes,no,cellular,17,apr,139,2,318,1,failure,no,2026-04-22 21:00:00
38,self-employed,married,secondary,no,138,no,no,unknown,9,may,182,3,-1,0,unknown,no,2026-04-22 22:00:00
71,retired,divorced,primary,no,1729,no,no,cellular,17,nov,456,2,-1,0,unknown,yes,2026-04-22 23:00:00
55,management,married,tertiary,no,2,no,yes,cellular,31,jul,126,2,-1,0,unknown,no,2026-04-23 00:00:00
52,unemployed,married,primary,no,1724,no,no,cellular,29,jan,73,1,-1,0,unknown,no,2026-04-23 01:00:00
39,blue-collar,married,primary,no,2003,yes,no,unknown,21,may,229,2,-1,0,unknown,no,2026-04-23 02:00:00
37,management,single,tertiary,no,411,yes,yes,cellular,17,nov,142,1,-1,0,unknown,no,2026-04-23 03:00:00
47,management,single,tertiary,no,-230,no,no,cellular,4,feb,293,1,-1,0,unknown,no,2026-04-23 04:00:00
34,management,single,tertiary,no,340,yes,no,unknown,3,jun,633,28,-1,0,unknown,no,2026-04-23 05:00:00
30,unemployed,single,secondary,no,2424,no,no,cellular,12,nov,110,1,279,1,failure,yes,2026-04-23 06:00:00
34,self-employed,married,primary,no,252,yes,yes,cellular,6,may,654,1,-1,0,unknown,no,2026-04-23 07:00:00
36,management,single,tertiary,no,0,no,no,cellular,27,aug,134,2,-1,0,unknown,no,2026-04-23 08:00:00
32,admin.,single,tertiary,no,3188,no,no,cellular,5,feb,65,2,242,1,other,no,2026-04-23 09:00:00
56,admin.,married,secondary,no,1270,yes,no,cellular,17,nov,80,2,165,2,other,no,2026-04-23 10:00:00
36,management,married,tertiary,no,853,yes,yes,cellular,2,feb,408,1,-1,0,unknown,no,2026-04-23 11:00:00
32,technician,single,secondary,no,284,no,no,cellular,29,aug,161,2,-1,0,unknown,no,2026-04-23 12:00:00
48,admin.,single,secondary,no,2091,no,no,cellular,2,feb,94,1,-1,0,unknown,no,2026-04-23 13:00:00
31,technician,single,secondary,no,77,yes,no,cellular,7,may,229,1,-1,0,unknown,no,2026-04-23 14:00:00
36,management,single,tertiary,no,741,no,no,cellular,11,aug,214,2,-1,0,unknown,no,2026-04-23 15:00:00
34,blue-collar,married,primary,no,17946,yes,no,cellular,6,may,258,9,-1,0,unknown,no,2026-04-23 16:00:00
38,housemaid,married,secondary,no,1508,no,yes,cellular,8,jul,306,2,-1,0,unknown,no,2026-04-23 17:00:00
44,technician,divorced,secondary,no,26,no,no,telephone,8,jul,190,1,-1,0,unknown,no,2026-04-23 18:00:00
47,management,married,tertiary,no,2351,no,no,cellular,2,jun,163,2,84,1,success,yes,2026-04-23 19:00:00
29,entrepreneur,married,secondary,no,422,yes,no,cellular,15,may,69,3,361,2,failure,no,2026-04-23 20:00:00
40,technician,married,secondary,no,-28,yes,yes,unknown,30,may,289,2,-1,0,unknown,no,2026-04-23 21:00:00
48,management,married,unknown,no,54,yes,no,unknown,16,may,293,7,-1,0,unknown,no,2026-04-23 22:00:00
46,services,married,secondary,no,311,yes,yes,cellular,15,jul,232,3,-1,0,unknown,no,2026-04-23 23:00:00
48,blue-collar,married,secondary,no,292,no,no,cellular,30,apr,271,1,79,1,success,yes,2026-04-24 00:00:00
52,technician,married,secondary,no,981,no,no,cellular,25,aug,43,4,-1,0,unknown,no,2026-04-24 01:00:00
57,technician,married,tertiary,no,6822,no,no,cellular,7,aug,797,2,-1,0,unknown,yes,2026-04-24 02:00:00
45,technician,married,secondary,no,89,yes,no,unknown,15,may,175,2,-1,0,unknown,no,2026-04-24 03:00:00
33,technician,married,secondary,no,5083,no,no,cellular,12,apr,175,1,-1,0,unknown,no,2026-04-24 04:00:00
47,management,married,tertiary,no,288,no,no,cellular,31,mar,193,1,181,1,success,yes,2026-04-24 05:00:00
44,admin.,divorced,secondary,no,161,yes,no,unknown,7,may,89,2,-1,0,unknown,no,2026-04-24 06:00:00
32,technician,single,secondary,no,0,no,no,cellular,18,aug,594,4,-1,0,unknown,yes,2026-04-24 07:00:00
47,entrepreneur,married,tertiary,no,2518,yes,yes,cellular,21,nov,132,1,186,1,other,no,2026-04-24 08:00:00
50,blue-collar,single,primary,no,1743,yes,no,unknown,6,jun,49,5,-1,0,unknown,no,2026-04-24 09:00:00
53,retired,married,secondary,no,136,no,no,unknown,16,jun,254,1,-1,0,unknown,no,2026-04-24 10:00:00
36,management,married,tertiary,no,8277,yes,no,cellular,18,nov,613,1,-1,0,unknown,no,2026-04-24 11:00:00
41,blue-collar,single,secondary,no,428,yes,no,cellular,12,may,92,1,-1,0,unknown,no,2026-04-24 12:00:00
31,entrepreneur,single,tertiary,no,627,no,no,cellular,20,nov,486,2,-1,0,unknown,no,2026-04-24 13:00:00
25,management,single,tertiary,no,222,no,no,cellular,27,may,114,1,-1,0,unknown,no,2026-04-24 14:00:00
36,services,married,secondary,no,394,no,no,cellular,5,aug,324,1,-1,0,unknown,yes,2026-04-24 15:00:00
55,housemaid,married,primary,no,211,no,no,cellular,18,aug,111,3,-1,0,unknown,no,2026-04-24 16:00:00
32,blue-collar,married,primary,no,2,yes,no,unknown,2,jun,18,1,-1,0,unknown,no,2026-04-24 17:00:00
28,technician,married,secondary,no,839,yes,no,unknown,27,may,240,2,-1,0,unknown,no,2026-04-24 18:00:00
56,management,married,tertiary,no,3039,no,no,unknown,6,jun,420,2,-1,0,unknown,no,2026-04-24 19:00:00
37,blue-collar,married,primary,no,397,yes,no,telephone,14,may,13,5,-1,0,unknown,no,2026-04-24 20:00:00
30,student,single,secondary,no,4,no,no,cellular,4,feb,443,2,-1,0,unknown,no,2026-04-24 21:00:00
65,retired,married,secondary,no,3409,no,no,cellular,15,feb,92,2,-1,0,unknown,no,2026-04-24 22:00:00
48,management,married,tertiary,no,288,no,no,cellular,18,aug,585,3,-1,0,unknown,no,2026-04-24 23:00:00
43,self-employed,married,tertiary,no,2501,no,no,cellular,9,jul,582,2,161,4,failure,no,2026-04-25 00:00:00
36,entrepreneur,married,tertiary,no,2700,no,no,cellular,4,feb,99,3,-1,0,unknown,no,2026-04-25 01:00:00
32,management,single,tertiary,no,0,yes,no,cellular,5,may,196,1,-1,0,unknown,no,2026-04-25 02:00:00
59,technician,married,tertiary,no,-91,no,no,unknown,25,jun,157,1,-1,0,unknown,no,2026-04-25 03:00:00
49,entrepreneur,married,secondary,no,27,no,no,unknown,17,jun,131,6,-1,0,unknown,no,2026-04-25 04:00:00
36,blue-collar,married,secondary,no,426,yes,no,unknown,2,jun,59,3,-1,0,unknown,no,2026-04-25 05:00:00
42,self-employed,married,secondary,no,106,yes,no,unknown,8,may,515,3,-1,0,unknown,no,2026-04-25 06:00:00
47,blue-collar,married,secondary,no,578,yes,no,unknown,28,may,146,1,-1,0,unknown,no,2026-04-25 07:00:00
31,management,single,tertiary,no,1411,yes,no,unknown,27,may,121,4,-1,0,unknown,no,2026-04-25 08:00:00
30,management,single,tertiary,no,188,no,no,cellular,28,jan,66,1,-1,0,unknown,no,2026-04-25 09:00:00
37,technician,single,tertiary,no,178,yes,no,unknown,21,may,97,1,-1,0,unknown,no,2026-04-25 10:00:00
29,admin.,single,secondary,no,873,no,no,cellular,5,mar,41,2,-1,0,unknown,no,2026-04-25 11:00:00
36,technician,single,secondary,no,-15,yes,no,unknown,6,may,341,3,-1,0,unknown,no,2026-04-25 12:00:00
45,services,married,tertiary,no,4958,no,no,cellular,4,may,212,4,-1,0,unknown,no,2026-04-25 13:00:00
33,management,single,tertiary,no,1304,yes,no,cellular,18,may,536,2,-1,0,unknown,yes,2026-04-25 14:00:00
50,admin.,divorced,secondary,no,797,yes,no,telephone,25,jul,72,8,-1,0,unknown,no,2026-04-25 15:00:00
25,technician,married,secondary,no,691,yes,no,cellular,15,may,333,1,330,2,failure,no,2026-04-25 16:00:00
41,blue-collar,married,secondary,no,16,no,no,cellular,29,jan,553,2,-1,0,unknown,no,2026-04-25 17:00:00
59,management,married,tertiary,no,261,yes,yes,cellular,21,nov,124,1,-1,0,unknown,no,2026-04-25 18:00:00
59,management,married,tertiary,no,1978,yes,no,cellular,20,aug,928,1,-1,0,unknown,no,2026-04-25 19:00:00
20,student,single,unknown,no,8860,no,no,cellular,7,apr,98,2,-1,0,unknown,no,2026-04-25 20:00:00
41,services,married,secondary,no,1445,no,no,cellular,21,nov,104,3,-1,0,unknown,no,2026-04-25 21:00:00
35,services,married,tertiary,no,6,yes,yes,cellular,16,apr,316,2,-1,0,unknown,no,2026-04-25 22:00:00
31,blue-collar,single,secondary,no,616,yes,no,telephone,12,may,185,3,-1,0,unknown,no,2026-04-25 23:00:00
53,unemployed,married,secondary,no,1561,no,no,cellular,20,nov,689,2,-1,0,unknown,no,2026-04-26 00:00:00
56,blue-collar,single,secondary,no,663,no,yes,cellular,8,jul,819,3,-1,0,unknown,yes,2026-04-26 01:00:00
38,services,single,secondary,no,167,yes,no,cellular,7,apr,255,2,-1,0,unknown,no,2026-04-26 02:00:00
70,retired,divorced,secondary,no,3104,no,no,telephone,7,oct,88,1,-1,0,unknown,no,2026-04-26 03:00:00
34,housemaid,married,primary,no,0,yes,no,cellular,4,feb,77,1,-1,0,unknown,no,2026-04-26 04:00:00
28,management,single,tertiary,no,730,yes,no,cellular,3,mar,631,1,-1,0,unknown,yes,2026-04-26 05:00:00
38,blue-collar,single,secondary,no,-329,yes,no,unknown,12,may,86,4,-1,0,unknown,no,2026-04-26 06:00:00
29,admin.,single,secondary,no,3794,no,no,cellular,30,apr,249,1,-1,0,unknown,no,2026-04-26 07:00:00
44,housemaid,married,primary,no,1109,yes,yes,cellular,29,jul,176,4,-1,0,unknown,no,2026-04-26 08:00:00
55,retired,married,secondary,no,971,no,yes,cellular,8,jul,154,1,-1,0,unknown,no,2026-04-26 09:00:00
35,technician,married,secondary,no,14,yes,no,telephone,18,nov,23,1,-1,0,unknown,no,2026-04-26 10:00:00
58,retired,married,primary,no,69,no,no,cellular,29,aug,76,8,-1,0,unknown,no,2026-04-26 11:00:00
32,blue-collar,married,secondary,no,1914,yes,no,cellular,14,may,532,1,358,1,failure,no,2026-04-26 12:00:00
27,management,single,tertiary,no,377,no,no,cellular,22,may,91,1,-1,0,unknown,no,2026-04-26 13:00:00
33,admin.,single,secondary,no,1779,yes,no,unknown,21,may,175,2,-1,0,unknown,no,2026-04-26 14:00:00
41,blue-collar,married,secondary,no,306,yes,no,telephone,11,may,86,1,369,2,failure,no,2026-04-26 15:00:00
37,services,married,secondary,no,981,no,no,cellular,7,jul,682,2,386,1,success,yes,2026-04-26 16:00:00
32,management,single,tertiary,no,8436,yes,no,cellular,17,apr,245,1,149,2,failure,no,2026-04-26 17:00:00
33,services,married,secondary,no,2918,no,yes,cellular,20,nov,1059,2,-1,0,unknown,yes,2026-04-26 18:00:00
37,management,single,tertiary,no,410,no,no,cellular,7,aug,542,3,-1,0,unknown,no,2026-04-26 19:00:00
29,management,married,tertiary,no,55,yes,no,cellular,10,jul,235,1,-1,0,unknown,no,2026-04-26 20:00:00
35,services,married,secondary,no,2135,no,no,unknown,11,jun,436,1,-1,0,unknown,no,2026-04-26 21:00:00
43,management,married,tertiary,no,2987,no,no,cellular,4,jun,156,1,85,3,failure,yes,2026-04-26 22:00:00
34,self-employed,married,tertiary,no,980,no,no,cellular,8,jul,243,1,348,3,failure,no,2026-04-26 23:00:00
31,management,single,tertiary,no,112,yes,no,cellular,2,feb,159,2,271,1,failure,no,2026-04-27 00:00:00
39,management,single,tertiary,no,86,yes,no,cellular,21,aug,140,4,-1,0,unknown,no,2026-04-27 01:00:00
49,technician,married,secondary,no,0,no,yes,cellular,8,jul,120,3,-1,0,unknown,no,2026-04-27 02:00:00
38,unemployed,married,primary,no,1147,yes,yes,unknown,8,may,249,5,-1,0,unknown,no,2026-04-27 03:00:00
35,admin.,divorced,secondary,no,951,yes,no,cellular,16,apr,567,2,-1,0,unknown,no,2026-04-27 04:00:00
38,self-employed,single,secondary,no,592,no,no,cellular,6,may,275,1,-1,0,unknown,no,2026-04-27 05:00:00
54,management,married,primary,yes,0,yes,yes,cellular,6,may,95,1,-1,0,unknown,no,2026-04-27 06:00:00
41,admin.,married,unknown,no,488,no,no,cellular,21,nov,174,1,-1,0,unknown,no,2026-04-27 07:00:00
26,blue-collar,married,secondary,no,697,yes,no,cellular,18,may,253,2,-1,0,unknown,no,2026-04-27 08:00:00
58,retired,married,secondary,no,1874,no,no,unknown,30,may,103,5,-1,0,unknown,no,2026-04-27 09:00:00
26,self-employed,single,tertiary,no,-101,no,yes,cellular,29,jan,172,1,-1,0,unknown,no,2026-04-27 10:00:00
47,management,single,tertiary,no,216,yes,no,cellular,29,jul,193,10,-1,0,unknown,no,2026-04-27 11:00:00
34,admin.,single,secondary,no,6979,yes,no,cellular,15,may,14,5,-1,0,unknown,no,2026-04-27 12:00:00
53,services,divorced,primary,no,778,yes,no,cellular,17,apr,221,2,-1,0,unknown,no,2026-04-27 13:00:00
51,retired,married,secondary,no,1435,no,no,unknown,11,jun,587,1,-1,0,unknown,yes,2026-04-27 14:00:00
59,retired,married,secondary,no,1980,no,no,cellular,11,aug,185,2,-1,0,unknown,no,2026-04-27 15:00:00
42,technician,married,tertiary,no,1493,yes,yes,cellular,13,aug,78,1,-1,0,unknown,no,2026-04-27 16:00:00
44,housemaid,married,primary,no,2351,no,no,unknown,16,jun,250,2,-1,0,unknown,no,2026-04-27 17:00:00
44,admin.,married,secondary,no,1305,no,no,cellular,30,jul,72,4,-1,0,unknown,no,2026-04-27 18:00:00
32,blue-collar,single,primary,no,36,yes,no,cellular,20,nov,290,2,-1,0,unknown,no,2026-04-27 19:00:00
29,admin.,single,secondary,yes,-228,yes,no,unknown,9,may,279,1,-1,0,unknown,no,2026-04-27 20:00:00
37,unemployed,single,secondary,no,756,yes,no,unknown,2,jun,74,1,-1,0,unknown,no,2026-04-27 21:00:00
30,student,single,tertiary,no,146,no,no,cellular,28,jul,310,2,-1,0,unknown,no,2026-04-27 22:00:00
54,unemployed,divorced,secondary,no,3721,yes,no,cellular,30,jul,163,1,-1,0,unknown,no,2026-04-27 23:00:00
36,blue-collar,married,secondary,no,199,yes,no,cellular,9,jul,183,1,-1,0,unknown,no,2026-04-28 00:00:00
42,technician,single,tertiary,no,671,yes,no,unknown,16,jun,14,20,-1,0,unknown,no,2026-04-28 01:00:00
43,retired,married,primary,no,471,no,yes,unknown,15,may,114,2,-1,0,unknown,no,2026-04-28 02:00:00
30,technician,married,secondary,no,616,yes,no,cellular,6,may,19,1,-1,0,unknown,no,2026-04-28 03:00:00
53,entrepreneur,married,tertiary,no,1961,no,no,cellular,18,jun,91,2,185,1,success,no,2026-04-28 04:00:00
44,services,married,secondary,no,133,no,no,cellular,29,jan,202,3,-1,0,unknown,no,2026-04-28 05:00:00
35,management,married,tertiary,no,1731,no,no,cellular,31,jul,361,4,-1,0,unknown,yes,2026-04-28 06:00:00
42,blue-collar,married,secondary,no,376,yes,no,unknown,8,may,15,1,-1,0,unknown,no,2026-04-28 07:00:00
38,blue-collar,single,primary,no,0,yes,no,cellular,17,apr,775,1,-1,0,unknown,no,2026-04-28 08:00:00
38,blue-collar,married,secondary,no,-390,yes,no,unknown,5,may,287,1,-1,0,unknown,no,2026-04-28 09:00:00
28,blue-collar,married,primary,no,507,yes,no,unknown,16,may,359,1,-1,0,unknown,no,2026-04-28 10:00:00
30,unemployed,single,tertiary,no,1683,no,no,cellular,15,apr,162,2,-1,0,unknown,no,2026-04-28 11:00:00
44,technician,married,secondary,no,0,no,no,unknown,16,jun,78,1,-1,0,unknown,no,2026-04-28 12:00:00
32,services,married,secondary,no,0,yes,no,cellular,28,jul,36,5,-1,0,unknown,no,2026-04-28 13:00:00
49,blue-collar,married,primary,no,2481,no,yes,cellular,29,jul,53,5,-1,0,unknown,no,2026-04-28 14:00:00
56,management,divorced,primary,no,7496,no,no,unknown,9,jun,164,3,-1,0,unknown,no,2026-04-28 15:00:00
34,management,single,tertiary,no,808,no,no,cellular,26,may,376,2,97,1,other,no,2026-04-28 16:00:00
37,services,single,secondary,no,1534,no,no,cellular,30,jan,267,6,-1,0,unknown,no,2026-04-28 17:00:00
38,blue-collar,married,secondary,no,13849,yes,no,cellular,9,apr,286,4,321,5,failure,no,2026-04-28 18:00:00
40,blue-collar,married,secondary,no,498,yes,no,cellular,8,may,55,2,298,4,failure,no,2026-04-28 19:00:00
54,technician,divorced,secondary,no,-191,no,no,cellular,30,jan,86,1,-1,0,unknown,no,2026-04-28 20:00:00
31,blue-collar,single,secondary,no,-745,yes,no,unknown,13,may,227,1,-1,0,unknown,no,2026-04-28 21:00:00
47,blue-collar,married,primary,no,273,yes,no,cellular,21,jul,91,3,-1,0,unknown,no,2026-04-28 22:00:00
45,blue-collar,married,secondary,no,953,yes,no,unknown,15,may,417,3,-1,0,unknown,no,2026-04-28 23:00:00
44,management,single,tertiary,no,9956,yes,no,unknown,13,may,194,2,-1,0,unknown,no,2026-04-29 00:00:00
37,unemployed,married,tertiary,no,7620,no,no,telephone,23,feb,367,1,176,6,failure,yes,2026-04-29 01:00:00
54,admin.,divorced,secondary,no,0,yes,yes,cellular,4,feb,330,1,182,3,success,no,2026-04-29 02:00:00
38,technician,married,secondary,no,13,no,no,cellular,21,aug,311,2,-1,0,unknown,no,2026-04-29 03:00:00
60,technician,married,secondary,no,0,yes,no,unknown,6,jun,280,3,-1,0,unknown,no,2026-04-29 04:00:00
25,entrepreneur,single,tertiary,no,347,no,no,cellular,20,aug,267,1,-1,0,unknown,yes,2026-04-29 05:00:00
36,blue-collar,married,primary,no,-79,no,no,unknown,7,may,159,3,-1,0,unknown,no,2026-04-29 06:00:00
32,blue-collar,divorced,secondary,no,91,yes,no,cellular,15,may,119,2,351,12,other,no,2026-04-29 07:00:00
41,management,married,tertiary,no,636,yes,no,telephone,30,jul,80,2,-1,0,unknown,no,2026-04-29 08:00:00
35,management,single,tertiary,no,7918,no,no,cellular,7,sep,497,1,-1,0,unknown,yes,2026-04-29 09:00:00
41,technician,married,secondary,no,11,yes,no,telephone,1,sep,150,1,-1,0,unknown,no,2026-04-29 10:00:00
57,retired,married,primary,no,903,no,no,unknown,16,jun,141,1,-1,0,unknown,no,2026-04-29 11:00:00
33,technician,divorced,tertiary,no,0,yes,no,cellular,2,jun,72,1,-1,0,unknown,no,2026-04-29 12:00:00
34,management,single,tertiary,no,1741,yes,no,cellular,15,jun,268,1,-1,0,unknown,no,2026-04-29 13:00:00
46,blue-collar,single,secondary,no,2612,yes,no,unknown,14,may,414,2,-1,0,unknown,no,2026-04-29 14:00:00
58,services,divorced,secondary,no,183,no,no,cellular,22,aug,167,2,-1,0,unknown,no,2026-04-29 15:00:00
34,blue-collar,single,secondary,yes,-947,yes,no,unknown,8,may,211,3,-1,0,unknown,no,2026-04-29 16:00:00
57,management,divorced,tertiary,no,236,no,no,cellular,18,nov,120,2,-1,0,unknown,no,2026-04-29 17:00:00
52,management,married,tertiary,no,6873,yes,no,cellular,21,nov,235,2,-1,0,unknown,no,2026-04-29 18:00:00
43,blue-collar,married,primary,no,2605,yes,no,unknown,15,may,347,4,-1,0,unknown,no,2026-04-29 19:00:00
59,self-employed,married,unknown,no,59,no,no,cellular,12,aug,171,2,-1,0,unknown,no,2026-04-29 20:00:00
33,management,single,tertiary,no,1410,yes,no,cellular,5,feb,8,1,254,5,failure,no,2026-04-29 21:00:00
39,services,single,secondary,no,-244,yes,no,unknown,8,may,152,2,-1,0,unknown,no,2026-04-29 22:00:00
44,admin.,married,secondary,no,1696,no,no,unknown,16,jun,139,3,-1,0,unknown,no,2026-04-29 23:00:00
53,entrepreneur,married,tertiary,no,54,yes,yes,cellular,6,may,123,1,169,1,failure,no,2026-04-30 00:00:00
38,blue-collar,single,secondary,no,0,yes,no,cellular,21,jul,292,8,-1,0,unknown,no,2026-04-30 01:00:00
29,unemployed,single,secondary,no,670,yes,no,unknown,26,sep,6,1,-1,0,unknown,no,2026-04-30 02:00:00
50,admin.,married,secondary,no,3608,yes,no,cellular,13,nov,176,2,197,2,success,yes,2026-04-30 03:00:00
32,technician,single,tertiary,no,1306,no,no,cellular,20,apr,517,1,-1,0,unknown,no,2026-04-30 04:00:00
49,blue-collar,married,primary,no,364,no,no,cellular,4,aug,134,1,-1,0,unknown,no,2026-04-30 05:00:00
31,management,divorced,tertiary,no,106,yes,no,cellular,5,feb,67,2,202,1,failure,no,2026-04-30 06:00:00
50,blue-collar,single,primary,no,1558,yes,no,cellular,3,feb,294,1,265,1,other,no,2026-04-30 07:00:00
44,entrepreneur,divorced,secondary,no,1,no,no,cellular,31,jul,388,4,-1,0,unknown,no,2026-04-30 08:00:00
47,management,married,tertiary,no,3663,no,no,cellular,29,oct,424,2,213,3,success,yes,2026-04-30 09:00:00
37,blue-collar,single,secondary,no,1120,no,no,unknown,16,jun,187,3,-1,0,unknown,no,2026-04-30 10:00:00
33,technician,single,secondary,no,-325,yes,no,cellular,15,jul,159,6,-1,0,unknown,no,2026-04-30 11:00:00
44,management,married,tertiary,no,5282,yes,no,unknown,30,may,274,1,-1,0,unknown,no,2026-04-30 12:00:00
31,management,married,tertiary,no,2984,no,no,cellular,22,apr,343,5,-1,0,unknown,no,2026-04-30 13:00:00
38,technician,married,primary,no,217,yes,no,unknown,9,jun,491,6,-1,0,unknown,yes,2026-04-30 14:00:00
37,unemployed,single,secondary,no,0,yes,no,cellular,11,may,125,1,-1,0,unknown,no,2026-04-30 15:00:00
47,unknown,divorced,primary,no,0,no,no,cellular,7,jul,240,1,-1,0,unknown,no,2026-04-30 16:00:00
56,technician,married,secondary,no,6619,yes,no,telephone,4,nov,465,1,-1,0,unknown,yes,2026-04-30 17:00:00
61,management,married,tertiary,no,2931,no,no,cellular,6,oct,125,1,-1,0,unknown,no,2026-04-30 18:00:00
36,services,married,secondary,no,33,yes,yes,cellular,22,aug,81,2,-1,0,unknown,no,2026-04-30 19:00:00
37,management,single,secondary,no,793,no,no,cellular,7,oct,130,1,-1,0,unknown,no,2026-04-30 20:00:00
41,admin.,married,secondary,no,0,yes,no,unknown,9,jun,65,3,-1,0,unknown,no,2026-04-30 21:00:00
47,management,married,tertiary,no,19,no,no,cellular,25,jul,186,2,-1,0,unknown,no,2026-04-30 22:00:00
35,admin.,divorced,secondary,no,0,yes,no,cellular,7,may,262,2,-1,0,unknown,no,2026-04-30 23:00:00
27,admin.,married,tertiary,no,174,yes,yes,cellular,11,aug,82,2,-1,0,unknown,no,2026-05-01 00:00:00
47,management,divorced,tertiary,no,0,no,no,cellular,28,apr,186,2,-1,0,unknown,no,2026-05-01 01:00:00
28,admin.,married,secondary,no,172,yes,no,cellular,29,jan,282,1,248,2,other,no,2026-05-01 02:00:00
49,technician,married,secondary,no,25,yes,yes,cellular,19,aug,51,2,-1,0,unknown,no,2026-05-01 03:00:00
54,management,divorced,tertiary,no,-125,no,yes,cellular,8,aug,107,2,-1,0,unknown,no,2026-05-01 04:00:00
31,management,single,tertiary,no,147,no,no,cellular,9,jun,163,2,92,3,success,yes,2026-05-01 05:00:00
37,entrepreneur,married,tertiary,no,836,yes,no,cellular,20,nov,223,1,177,2,failure,no,2026-05-01 06:00:00
55,admin.,married,primary,no,0,yes,no,cellular,19,aug,55,4,-1,0,unknown,no,2026-05-01 07:00:00
49,admin.,married,secondary,no,284,yes,no,cellular,6,aug,131,3,-1,0,unknown,no,2026-05-01 08:00:00
38,blue-collar,married,secondary,no,-367,yes,yes,cellular,12,may,354,1,-1,0,unknown,no,2026-05-01 09:00:00
39,services,married,secondary,no,0,yes,no,unknown,20,may,793,2,-1,0,unknown,no,2026-05-01 10:00:00
32,self-employed,married,secondary,no,610,yes,no,unknown,28,may,75,6,-1,0,unknown,no,2026-05-01 11:00:00
52,blue-collar,married,primary,no,134,yes,no,cellular,15,may,81,2,295,3,failure,no,2026-05-01 12:00:00
51,technician,single,tertiary,no,11222,yes,no,cellular,21,nov,126,2,171,7,failure,no,2026-05-01 13:00:00
55,unemployed,married,secondary,no,1339,no,no,cellular,2,feb,299,2,-1,0,unknown,no,2026-05-01 14:00:00
51,services,married,secondary,no,753,yes,no,cellular,7,may,541,2,-1,0,unknown,no,2026-05-01 15:00:00
33,management,single,tertiary,no,1160,yes,yes,cellular,7,jul,139,1,391,2,failure,no,2026-05-01 16:00:00
55,management,married,secondary,no,5836,no,no,unknown,18,jun,192,1,-1,0,unknown,no,2026-05-01 17:00:00
57,admin.,married,primary,no,1694,yes,no,telephone,17,nov,378,1,-1,0,unknown,no,2026-05-01 18:00:00
57,management,married,tertiary,no,0,yes,yes,unknown,20,may,107,2,-1,0,unknown,no,2026-05-01 19:00:00
35,services,single,secondary,no,7242,no,no,telephone,20,nov,215,3,-1,0,unknown,no,2026-05-01 20:00:00
46,management,divorced,secondary,no,145,yes,no,cellular,24,jul,72,5,-1,0,unknown,no,2026-05-01 21:00:00
38,technician,married,tertiary,no,432,yes,no,cellular,15,may,10,2,373,1,other,no,2026-05-01 22:00:00
41,technician,married,tertiary,no,-210,yes,yes,unknown,23,may,210,1,-1,0,unknown,no,2026-05-01 23:00:00
56,blue-collar,married,secondary,no,475,yes,yes,unknown,20,jun,110,4,-1,0,unknown,no,2026-05-02 00:00:00
37,technician,single,secondary,no,0,no,no,unknown,5,jun,80,2,-1,0,unknown,no,2026-05-02 01:00:00
48,technician,married,tertiary,no,658,yes,no,cellular,17,jul,89,1,-1,0,unknown,no,2026-05-02 02:00:00
52,management,married,tertiary,no,1545,no,no,unknown,20,jun,115,4,-1,0,unknown,no,2026-05-02 03:00:00
28,unemployed,single,secondary,no,3463,no,no,cellular,3,feb,64,1,-1,0,unknown,no,2026-05-02 04:00:00
28,services,single,secondary,no,102,no,no,cellular,15,jun,64,1,89,3,other,no,2026-05-02 05:00:00
34,management,single,primary,no,212,no,no,unknown,27,may,88,1,-1,0,unknown,no,2026-05-02 06:00:00
34,entrepreneur,married,tertiary,no,355,yes,no,unknown,16,may,261,1,-1,0,unknown,no,2026-05-02 07:00:00
34,services,married,secondary,no,254,yes,no,cellular,28,jul,276,2,-1,0,unknown,no,2026-05-02 08:00:00
59,management,married,primary,no,2269,no,yes,unknown,5,jun,158,1,-1,0,unknown,no,2026-05-02 09:00:00
31,student,single,tertiary,no,64,no,no,cellular,2,jun,261,2,-1,0,unknown,yes,2026-05-02 10:00:00
33,management,married,secondary,no,165,yes,no,telephone,5,feb,126,3,258,15,other,no,2026-05-02 11:00:00
51,admin.,divorced,secondary,no,2785,no,no,telephone,9,feb,23,10,-1,0,unknown,no,2026-05-02 12:00:00
46,blue-collar,married,primary,no,2749,yes,no,cellular,17,nov,332,1,-1,0,unknown,no,2026-05-02 13:00:00
55,retired,married,secondary,no,4230,no,yes,cellular,17,nov,163,3,-1,0,unknown,no,2026-05-02 14:00:00
27,technician,single,secondary,no,405,no,no,cellular,26,may,256,1,-1,0,unknown,no,2026-05-02 15:00:00
59,retired,married,secondary,no,1035,yes,yes,cellular,1,apr,126,2,239,1,failure,no,2026-05-02 16:00:00
30,technician,single,secondary,no,-522,yes,yes,cellular,5,may,670,2,286,6,failure,yes,2026-05-02 17:00:00
52,retired,married,secondary,no,49,no,yes,telephone,8,jul,280,5,-1,0,unknown,no,2026-05-02 18:00:00
37,blue-collar,divorced,secondary,no,638,yes,no,cellular,8,may,326,1,326,2,success,no,2026-05-02 19:00:00
31,technician,single,tertiary,no,3194,no,no,cellular,11,aug,140,2,-1,0,unknown,no,2026-05-02 20:00:00
35,blue-collar,divorced,primary,no,-587,yes,no,unknown,26,may,111,1,-1,0,unknown,no,2026-05-02 21:00:00
35,technician,married,tertiary,no,703,no,no,cellular,20,apr,169,1,-1,0,unknown,no,2026-05-02 22:00:00
43,management,married,tertiary,no,13015,yes,no,cellular,21,nov,56,1,-1,0,unknown,no,2026-05-02 23:00:00
27,admin.,single,unknown,no,56,yes,no,unknown,16,may,730,2,-1,0,unknown,no,2026-05-03 00:00:00
39,blue-collar,married,primary,no,519,yes,yes,unknown,26,may,117,1,-1,0,unknown,no,2026-05-03 01:00:00
21,blue-collar,single,primary,no,-42,no,no,unknown,10,oct,5,1,-1,0,unknown,no,2026-05-03 02:00:00
56,management,married,tertiary,no,3172,yes,no,cellular,5,feb,139,1,-1,0,unknown,no,2026-05-03 03:00:00
30,management,single,tertiary,no,234,yes,no,unknown,3,jun,242,2,-1,0,unknown,no,2026-05-03 04:00:00
47,technician,married,secondary,no,1233,yes,no,unknown,11,sep,91,1,100,2,other,yes,2026-05-03 05:00:00
48,blue-collar,married,primary,no,1092,no,yes,cellular,18,nov,79,1,172,8,failure,no,2026-05-03 06:00:00
37,blue-collar,single,secondary,no,2469,yes,no,cellular,7,may,232,1,-1,0,unknown,no,2026-05-03 07:00:00
27,student,single,tertiary,no,311,no,no,telephone,2,mar,187,3,322,1,other,yes,2026-05-03 08:00:00
26,blue-collar,married,secondary,no,-284,yes,no,unknown,28,may,207,3,-1,0,unknown,no,2026-05-03 09:00:00
29,blue-collar,single,secondary,no,28,no,no,cellular,17,jul,360,2,-1,0,unknown,no,2026-05-03 10:00:00
60,retired,married,secondary,no,1420,yes,yes,unknown,6,jun,39,4,-1,0,unknown,no,2026-05-03 11:00:00
33,management,single,tertiary,no,136,yes,yes,unknown,20,may,347,6,-1,0,unknown,no,2026-05-03 12:00:00
66,retired,married,secondary,no,3473,no,no,cellular,14,apr,441,2,-1,0,unknown,no,2026-05-03 13:00:00
40,admin.,single,secondary,no,0,no,no,cellular,6,feb,290,1,-1,0,unknown,no,2026-05-03 14:00:00
33,technician,married,secondary,no,1021,yes,no,unknown,3,jun,361,3,-1,0,unknown,no,2026-05-03 15:00:00
58,admin.,married,primary,no,2232,no,no,unknown,11,jun,219,1,-1,0,unknown,no,2026-05-03 16:00:00
56,housemaid,single,tertiary,no,1947,no,no,unknown,30,mar,110,1,-1,0,unknown,yes,2026-05-03 17:00:00
30,blue-collar,single,secondary,no,-390,yes,no,cellular,5,may,275,1,-1,0,unknown,no,2026-05-03 18:00:00
27,blue-collar,single,secondary,no,1065,yes,yes,unknown,4,jun,313,1,-1,0,unknown,no,2026-05-03 19:00:00
49,services,married,primary,no,0,yes,no,cellular,21,nov,13,2,192,1,other,no,2026-05-03 20:00:00
44,unemployed,married,unknown,no,1309,no,no,telephone,30,jan,262,2,-1,0,unknown,no,2026-05-03 21:00:00
51,blue-collar,married,primary,no,872,no,no,cellular,8,aug,82,2,-1,0,unknown,no,2026-05-03 22:00:00
41,entrepreneur,divorced,tertiary,yes,0,yes,no,cellular,19,nov,21,10,-1,0,unknown,no,2026-05-03 23:00:00
33,blue-collar,married,secondary,no,86,yes,no,unknown,19,may,364,1,-1,0,unknown,no,2026-05-04 00:00:00
45,management,married,tertiary,no,1300,no,no,cellular,30,jul,135,3,-1,0,unknown,no,2026-05-04 01:00:00
43,management,single,tertiary,no,1046,no,no,unknown,9,jun,901,1,-1,0,unknown,yes,2026-05-04 02:00:00
28,services,single,secondary,no,317,yes,no,unknown,16,may,21,3,-1,0,unknown,no,2026-05-04 03:00:00
38,technician,single,tertiary,no,744,yes,no,cellular,14,may,283,1,288,12,other,no,2026-05-04 04:00:00
57,retired,married,primary,no,177,no,yes,cellular,21,jul,91,4,-1,0,unknown,no,2026-05-04 05:00:00
47,services,married,secondary,no,1073,no,no,telephone,11,jul,518,3,-1,0,unknown,no,2026-05-04 06:00:00
30,blue-collar,married,primary,no,307,yes,yes,cellular,8,jul,117,2,-1,0,unknown,no,2026-05-04 07:00:00
28,admin.,married,secondary,no,17,yes,no,cellular,18,jul,269,1,-1,0,unknown,no,2026-05-04 08:00:00
29,management,single,tertiary,no,0,yes,no,unknown,23,may,331,2,-1,0,unknown,no,2026-05-04 09:00:00
32,technician,single,secondary,no,1995,yes,no,cellular,20,apr,121,1,-1,0,unknown,yes,2026-05-04 10:00:00
30,management,married,tertiary,no,2994,yes,no,cellular,26,mar,156,1,137,1,other,no,2026-05-04 11:00:00
35,management,divorced,tertiary,no,473,no,yes,cellular,5,aug,37,2,-1,0,unknown,no,2026-05-04 12:00:00
57,entrepreneur,married,tertiary,no,729,no,no,cellular,18,nov,475,1,-1,0,unknown,no,2026-05-04 13:00:00
51,management,married,tertiary,no,346,no,no,cellular,11,aug,237,1,180,6,success,yes,2026-05-04 14:00:00
58,unemployed,married,primary,no,4967,no,no,telephone,4,feb,176,3,-1,0,unknown,no,2026-05-04 15:00:00
31,management,married,tertiary,no,676,no,no,cellular,7,aug,1182,1,-1,0,unknown,yes,2026-05-04 16:00:00
36,admin.,married,secondary,no,313,yes,no,telephone,4,feb,403,2,-1,0,unknown,no,2026-05-04 17:00:00
57,admin.,married,secondary,no,11,no,no,cellular,2,feb,261,1,265,3,failure,no,2026-05-04 18:00:00
59,retired,married,secondary,no,524,no,no,cellular,28,jan,166,2,-1,0,unknown,no,2026-05-04 19:00:00
47,blue-collar,divorced,secondary,no,1480,yes,no,cellular,15,may,144,1,365,1,failure,no,2026-05-04 20:00:00
33,admin.,divorced,secondary,no,335,yes,no,cellular,21,nov,347,1,184,2,failure,no,2026-05-04 21:00:00
44,admin.,divorced,secondary,no,4353,yes,no,cellular,15,jul,90,1,-1,0,unknown,no,2026-05-04 22:00:00
27,blue-collar,single,primary,no,377,no,no,cellular,19,feb,645,2,-1,0,unknown,yes,2026-05-04 23:00:00
53,services,married,secondary,no,1364,no,no,cellular,25,jul,77,1,-1,0,unknown,no,2026-05-05 00:00:00
26,blue-collar,single,secondary,no,100,yes,no,unknown,9,may,24,1,-1,0,unknown,no,2026-05-05 01:00:00
38,management,married,tertiary,no,1617,yes,no,cellular,16,apr,691,1,-1,0,unknown,no,2026-05-05 02:00:00
31,admin.,married,secondary,no,9911,no,no,cellular,20,nov,604,1,-1,0,unknown,no,2026-05-05 03:00:00
44,management,divorced,tertiary,no,7541,yes,no,telephone,1,jun,55,2,82,1,other,no,2026-05-05 04:00:00
40,admin.,divorced,unknown,no,64,yes,no,cellular,7,may,873,1,293,1,failure,no,2026-05-05 05:00:00
45,blue-collar,divorced,secondary,no,-705,no,yes,unknown,3,jul,111,1,-1,0,unknown,no,2026-05-05 06:00:00
54,blue-collar,married,primary,no,551,yes,no,cellular,17,apr,251,1,263,2,failure,no,2026-05-05 07:00:00
35,self-employed,single,primary,no,181,yes,no,unknown,15,may,19,8,-1,0,unknown,no,2026-05-05 08:00:00
26,blue-collar,single,primary,no,409,yes,no,cellular,21,jul,577,2,-1,0,unknown,yes,2026-05-05 09:00:00
45,services,single,secondary,no,482,yes,yes,unknown,30,may,637,2,-1,0,unknown,no,2026-05-05 10:00:00
58,retired,married,primary,no,1980,no,no,cellular,5,jun,255,1,-1,0,unknown,yes,2026-05-05 11:00:00
36,blue-collar,married,secondary,no,512,yes,no,unknown,16,may,343,1,-1,0,unknown,no,2026-05-05 12:00:00
46,unemployed,single,secondary,no,2052,no,no,cellular,30,jan,428,1,-1,0,unknown,no,2026-05-05 13:00:00
34,management,single,tertiary,no,618,yes,no,unknown,3,jun,119,4,-1,0,unknown,no,2026-05-05 14:00:00
44,blue-collar,married,secondary,no,268,no,no,cellular,26,aug,127,5,-1,0,unknown,no,2026-05-05 15:00:00
38,blue-collar,single,primary,no,1375,yes,no,unknown,23,may,83,3,-1,0,unknown,no,2026-05-05 16:00:00
46,blue-collar,married,primary,no,588,yes,no,cellular,26,aug,260,4,-1,0,unknown,no,2026-05-05 17:00:00
58,admin.,married,secondary,no,6878,no,no,cellular,4,aug,148,1,-1,0,unknown,no,2026-05-05 18:00:00
39,blue-collar,married,primary,no,4,yes,no,cellular,19,nov,206,5,-1,0,unknown,no,2026-05-05 19:00:00
51,technician,married,tertiary,no,825,no,no,cellular,17,nov,977,3,-1,0,unknown,yes,2026-05-05 20:00:00
52,technician,married,secondary,no,2206,yes,no,unknown,20,jun,20,18,-1,0,unknown,no,2026-05-05 21:00:00
33,housemaid,married,primary,no,0,no,no,cellular,11,aug,237,2,-1,0,unknown,no,2026-05-05 22:00:00
41,technician,married,secondary,no,1819,no,no,cellular,22,sep,397,1,371,3,failure,yes,2026-05-05 23:00:00
30,blue-collar,married,primary,no,236,yes,no,cellular,13,may,44,1,364,1,failure,no,2026-05-06 00:00:00
26,technician,single,secondary,no,668,yes,no,unknown,28,may,576,3,-1,0,unknown,yes,2026-05-06 01:00:00
31,management,single,tertiary,no,15,no,no,cellular,11,aug,119,2,-1,0,unknown,no,2026-05-06 02:00:00
43,technician,married,unknown,no,1156,no,no,unknown,16,jun,90,2,-1,0,unknown,no,2026-05-06 03:00:00
30,technician,single,secondary,no,3313,yes,no,telephone,20,apr,534,3,319,3,failure,no,2026-05-06 04:00:00
28,student,single,secondary,no,1925,no,no,cellular,25,may,252,1,88,4,failure,yes,2026-05-06 05:00:00
37,management,single,secondary,no,1572,no,no,cellular,13,may,499,3,-1,0,unknown,no,2026-05-06 06:00:00
46,blue-collar,married,primary,no,580,yes,no,telephone,4,feb,30,2,-1,0,unknown,no,2026-05-06 07:00:00
38,admin.,married,secondary,no,337,no,no,cellular,28,jul,624,4,-1,0,unknown,no,2026-05-06 08:00:00
46,admin.,married,unknown,no,5511,no,no,cellular,26,jul,414,2,389,1,success,yes,2026-05-06 09:00:00
58,retired,married,primary,no,3260,no,no,telephone,27,oct,27,1,-1,0,unknown,no,2026-05-06 10:00:00
41,housemaid,married,secondary,no,304,no,no,cellular,20,aug,132,1,-1,0,unknown,no,2026-05-06 11:00:00
48,technician,married,tertiary,no,150,yes,no,cellular,9,feb,168,2,203,7,failure,no,2026-05-06 12:00:00
51,management,married,secondary,no,335,no,no,cellular,22,apr,234,1,-1,0,unknown,no,2026-05-06 13:00:00
39,admin.,married,tertiary,no,9143,no,no,cellular,29,jul,851,2,-1,0,unknown,no,2026-05-06 14:00:00
31,management,married,tertiary,no,1224,yes,yes,cellular,20,nov,75,2,119,2,success,no,2026-05-06 15:00:00
32,unemployed,married,tertiary,no,1364,no,no,cellular,11,aug,104,4,-1,0,unknown,no,2026-05-06 16:00:00
51,blue-collar,married,primary,no,42,yes,no,cellular,12,may,51,2,342,3,failure,no,2026-05-06 17:00:00
33,self-employed,single,primary,no,4443,no,no,telephone,23,jul,25,6,-1,0,unknown,no,2026-05-06 18:00:00
36,technician,married,secondary,no,632,yes,no,cellular,19,aug,306,2,-1,0,unknown,no,2026-05-06 19:00:00
40,blue-collar,married,secondary,no,2671,yes,yes,unknown,4,jun,423,2,-1,0,unknown,no,2026-05-06 20:00:00
31,blue-collar,single,secondary,no,184,yes,no,cellular,15,may,178,1,-1,0,unknown,no,2026-05-06 21:00:00
53,blue-collar,married,secondary,no,0,no,yes,telephone,15,jul,152,4,-1,0,unknown,no,2026-05-06 22:00:00
57,blue-collar,married,secondary,no,1859,yes,no,cellular,27,aug,72,5,-1,0,unknown,no,2026-05-06 23:00:00
43,services,single,secondary,no,848,no,no,unknown,5,jun,168,2,-1,0,unknown,no,2026-05-07 00:00:00
37,housemaid,married,unknown,no,0,no,no,telephone,30,jul,195,4,-1,0,unknown,no,2026-05-07 01:00:00
34,technician,married,secondary,no,2726,yes,no,cellular,8,apr,67,1,-1,0,unknown,no,2026-05-07 02:00:00
26,management,single,tertiary,no,3,yes,no,cellular,23,jul,106,1,-1,0,unknown,no,2026-05-07 03:00:00
24,student,single,secondary,no,23878,no,no,cellular,26,may,133,1,97,1,success,yes,2026-05-07 04:00:00
50,management,married,secondary,no,0,yes,yes,cellular,7,may,55,1,-1,0,unknown,no,2026-05-07 05:00:00
34,technician,single,secondary,no,4676,no,no,cellular,11,aug,248,3,-1,0,unknown,no,2026-05-07 06:00:00
30,management,single,tertiary,no,398,no,no,cellular,27,oct,102,1,180,3,success,yes,2026-05-07 07:00:00
40,blue-collar,married,primary,no,668,yes,no,unknown,6,may,283,2,-1,0,unknown,no,2026-05-07 08:00:00
37,technician,married,secondary,yes,-886,yes,no,unknown,26,may,224,1,-1,0,unknown,no,2026-05-07 09:00:00
37,management,married,tertiary,no,11265,no,no,unknown,18,jun,417,1,-1,0,unknown,no,2026-05-07 10:00:00
40,technician,single,secondary,no,281,yes,no,cellular,11,may,7,11,360,2,other,no,2026-05-07 11:00:00
30,technician,single,secondary,no,2371,no,no,cellular,14,jun,661,1,384,2,other,yes,2026-05-07 12:00:00
31,blue-collar,single,secondary,no,0,yes,no,unknown,6,may,273,2,-1,0,unknown,no,2026-05-07 13:00:00
40,blue-collar,married,secondary,no,193,yes,yes,unknown,26,may,258,1,-1,0,unknown,no,2026-05-07 14:00:00
51,blue-collar,married,primary,no,-637,yes,yes,cellular,19,nov,233,2,-1,0,unknown,no,2026-05-07 15:00:00
34,entrepreneur,married,secondary,no,183,yes,no,cellular,15,may,339,4,-1,0,unknown,no,2026-05-07 16:00:00
35,blue-collar,married,secondary,no,2688,yes,no,unknown,20,may,281,1,-1,0,unknown,no,2026-05-07 17:00:00
37,unemployed,married,secondary,no,4769,no,no,cellular,29,jan,124,1,-1,0,unknown,no,2026-05-07 18:00:00
48,services,divorced,primary,no,189,yes,no,unknown,13,may,768,1,-1,0,unknown,no,2026-05-07 19:00:00
36,admin.,single,tertiary,no,3819,no,no,unknown,9,jun,398,2,-1,0,unknown,no,2026-05-07 20:00:00
67,retired,married,primary,no,2,no,no,cellular,28,oct,1118,1,-1,0,unknown,no,2026-05-07 21:00:00
40,technician,married,secondary,no,2266,no,no,cellular,26,may,175,3,89,7,other,yes,2026-05-07 22:00:00
47,blue-collar,married,primary,no,0,no,no,cellular,21,aug,494,4,-1,0,unknown,no,2026-05-07 23:00:00
46,blue-collar,married,secondary,no,1045,yes,yes,unknown,7,may,149,1,-1,0,unknown,no,2026-05-08 00:00:00
45,blue-collar,married,primary,no,900,yes,no,telephone,15,may,26,1,340,1,failure,no,2026-05-08 01:00:00
35,blue-collar,married,primary,no,767,yes,no,unknown,16,may,1408,2,-1,0,unknown,no,2026-05-08 02:00:00
37,management,married,tertiary,no,0,yes,no,cellular,6,may,149,1,13,12,success,no,2026-05-08 03:00:00
52,blue-collar,married,primary,no,1271,no,no,cellular,18,aug,131,3,-1,0,unknown,no,2026-05-08 04:00:00
55,blue-collar,married,primary,no,1373,no,no,unknown,9,may,1087,2,-1,0,unknown,no,2026-05-08 05:00:00
39,technician,married,secondary,no,504,yes,no,unknown,12,may,495,1,-1,0,unknown,no,2026-05-08 06:00:00
59,retired,married,secondary,no,1035,yes,yes,cellular,5,aug,223,1,-1,0,unknown,no,2026-05-08 07:00:00
43,management,divorced,tertiary,no,0,no,no,cellular,9,jul,134,1,-1,0,unknown,no,2026-05-08 08:00:00
75,retired,divorced,tertiary,no,3810,yes,no,cellular,16,nov,262,1,183,1,failure,yes,2026-05-08 09:00:00
71,retired,married,secondary,no,29941,no,no,telephone,18,jun,80,1,71,3,other,no,2026-05-08 10:00:00
38,management,single,tertiary,no,1637,yes,no,cellular,20,apr,150,2,-1,0,unknown,no,2026-05-08 11:00:00
38,management,divorced,tertiary,no,714,yes,no,cellular,7,apr,163,2,-1,0,unknown,no,2026-05-08 12:00:00
46,admin.,married,primary,no,595,yes,no,unknown,6,jun,334,3,-1,0,unknown,no,2026-05-08 13:00:00
58,self-employed,married,secondary,no,9994,no,no,cellular,10,jul,400,1,-1,0,unknown,no,2026-05-08 14:00:00
50,entrepreneur,divorced,tertiary,no,816,no,no,cellular,19,nov,630,1,-1,0,unknown,no,2026-05-08 15:00:00
41,admin.,divorced,secondary,no,270,yes,no,cellular,6,apr,143,1,336,1,failure,no,2026-05-08 16:00:00
32,admin.,single,secondary,no,10218,yes,no,cellular,19,nov,149,2,-1,0,unknown,no,2026-05-08 17:00:00
56,admin.,married,secondary,no,5310,no,no,unknown,19,jun,74,1,-1,0,unknown,no,2026-05-08 18:00:00
40,services,married,secondary,no,2346,no,no,unknown,16,jun,182,3,-1,0,unknown,no,2026-05-08 19:00:00
39,blue-collar,married,primary,no,5,yes,no,unknown,21,may,167,1,-1,0,unknown,no,2026-05-08 20:00:00
46,technician,married,secondary,no,1465,yes,no,unknown,14,may,86,2,-1,0,unknown,no,2026-05-08 21:00:00
31,technician,single,secondary,no,1186,yes,no,cellular,19,nov,174,1,180,1,failure,no,2026-05-08 22:00:00
70,retired,married,primary,no,3782,no,no,cellular,22,sep,704,2,190,1,failure,no,2026-05-08 23:00:00
41,admin.,divorced,secondary,no,4,yes,no,cellular,5,feb,232,1,211,1,failure,no,2026-05-09 00:00:00
41,admin.,divorced,secondary,no,348,yes,no,unknown,27,may,233,3,-1,0,unknown,no,2026-05-09 01:00:00
25,services,single,secondary,no,594,no,no,cellular,4,jun,89,2,-1,0,unknown,yes,2026-05-09 02:00:00
35,blue-collar,married,secondary,no,253,yes,no,cellular,15,may,452,1,345,1,other,no,2026-05-09 03:00:00
33,blue-collar,single,tertiary,no,350,yes,no,cellular,6,feb,148,7,227,5,failure,no,2026-05-09 04:00:00
28,technician,married,secondary,no,158,yes,yes,telephone,24,jul,77,1,-1,0,unknown,no,2026-05-09 05:00:00
27,technician,married,secondary,no,806,yes,no,cellular,14,may,304,2,332,21,failure,no,2026-05-09 06:00:00
80,housemaid,married,primary,no,0,no,no,cellular,23,feb,639,1,189,1,failure,yes,2026-05-09 07:00:00
35,technician,married,secondary,no,294,yes,no,cellular,15,jun,238,6,98,5,success,no,2026-05-09 08:00:00
51,admin.,divorced,secondary,no,3029,yes,yes,cellular,31,jul,118,2,-1,0,unknown,no,2026-05-09 09:00:00
44,technician,married,secondary,no,584,no,no,cellular,30,jun,78,1,-1,0,unknown,no,2026-05-09 10:00:00
34,management,single,tertiary,no,1058,yes,no,unknown,28,may,864,2,-1,0,unknown,yes,2026-05-09 11:00:00
44,blue-collar,married,secondary,no,-73,yes,no,unknown,28,may,80,9,-1,0,unknown,no,2026-05-09 12:00:00
40,blue-collar,married,primary,no,46,yes,no,unknown,6,may,119,1,-1,0,unknown,no,2026-05-09 13:00:00
33,admin.,single,secondary,no,92,no,no,cellular,18,jul,157,3,-1,0,unknown,no,2026-05-09 14:00:00
28,blue-collar,single,secondary,no,9,yes,no,unknown,17,oct,115,1,-1,0,unknown,no,2026-05-09 15:00:00
57,technician,married,secondary,no,0,no,no,cellular,7,jul,236,1,-1,0,unknown,no,2026-05-09 16:00:00
32,management,single,tertiary,no,84,no,no,telephone,3,dec,37,1,-1,0,unknown,no,2026-05-09 17:00:00
31,management,single,tertiary,no,0,no,no,cellular,19,aug,155,4,-1,0,unknown,no,2026-05-09 18:00:00
47,housemaid,married,secondary,no,4397,yes,no,cellular,25,jul,110,1,-1,0,unknown,no,2026-05-09 19:00:00
42,management,married,tertiary,no,1093,yes,no,unknown,14,may,260,1,-1,0,unknown,no,2026-05-09 20:00:00
52,management,married,tertiary,no,583,no,no,cellular,18,aug,61,1,84,1,failure,no,2026-05-09 21:00:00
51,entrepreneur,married,tertiary,no,228,yes,no,cellular,7,may,72,1,-1,0,unknown,no,2026-05-09 22:00:00
34,admin.,married,secondary,no,50,yes,no,cellular,2,feb,173,1,258,2,failure,no,2026-05-09 23:00:00
37,technician,married,secondary,no,712,yes,no,cellular,18,nov,291,2,-1,0,unknown,no,2026-05-10 00:00:00
31,admin.,single,secondary,no,1801,yes,no,cellular,12,may,306,1,-1,0,unknown,no,2026-05-10 01:00:00
54,technician,divorced,secondary,no,1705,yes,no,unknown,15,may,367,2,-1,0,unknown,no,2026-05-10 02:00:00
28,technician,single,unknown,no,0,yes,no,cellular,27,oct,96,1,267,1,failure,yes,2026-05-10 03:00:00
33,technician,single,tertiary,no,318,yes,no,cellular,14,apr,401,1,-1,0,unknown,no,2026-05-10 04:00:00
52,management,married,secondary,no,0,yes,yes,unknown,27,may,62,13,-1,0,unknown,no,2026-05-10 05:00:00
40,admin.,single,secondary,no,816,no,no,cellular,31,jul,114,8,-1,0,unknown,no,2026-05-10 06:00:00
36,management,married,tertiary,no,369,no,no,cellular,8,aug,75,2,-1,0,unknown,no,2026-05-10 07:00:00
33,services,married,secondary,no,109,yes,no,unknown,2,jun,54,4,-1,0,unknown,no,2026-05-10 08:00:00
31,blue-collar,married,secondary,no,3364,yes,no,cellular,20,nov,290,1,-1,0,unknown,no,2026-05-10 09:00:00
34,management,married,tertiary,no,76,no,no,unknown,8,may,335,9,-1,0,unknown,no,2026-05-10 10:00:00
37,technician,single,secondary,no,2544,yes,no,unknown,30,may,120,3,-1,0,unknown,no,2026-05-10 11:00:00
36,blue-collar,married,secondary,no,429,yes,no,unknown,30,may,140,2,-1,0,unknown,no,2026-05-10 12:00:00
54,blue-collar,married,secondary,no,844,no,no,telephone,5,feb,8,7,189,18,other,no,2026-05-10 13:00:00
36,management,single,tertiary,no,832,yes,no,cellular,20,apr,237,2,-1,0,unknown,no,2026-05-10 14:00:00
34,blue-collar,single,secondary,no,215,no,no,cellular,5,jun,329,1,94,3,success,no,2026-05-10 15:00:00
32,blue-collar,married,primary,no,400,no,no,cellular,20,oct,76,2,-1,0,unknown,no,2026-05-10 16:00:00
47,technician,married,secondary,no,677,no,no,cellular,20,aug,131,8,-1,0,unknown,no,2026-05-10 17:00:00
41,blue-collar,married,secondary,no,-56,yes,no,cellular,13,apr,137,1,333,2,other,no,2026-05-10 18:00:00
44,blue-collar,married,secondary,no,1025,yes,no,unknown,18,jun,200,1,-1,0,unknown,no,2026-05-10 19:00:00
33,blue-collar,single,secondary,no,123,yes,no,cellular,5,feb,273,3,212,4,failure,no,2026-05-10 20:00:00
33,technician,single,secondary,no,6106,no,no,cellular,5,feb,345,1,-1,0,unknown,no,2026-05-10 21:00:00
46,management,married,primary,no,357,yes,yes,unknown,19,may,221,2,-1,0,unknown,no,2026-05-10 22:00:00
55,self-employed,married,primary,no,2349,no,yes,telephone,30,jul,350,3,-1,0,unknown,no,2026-05-10 23:00:00
30,technician,single,tertiary,no,256,yes,no,unknown,3,jun,276,2,-1,0,unknown,no,2026-05-11 00:00:00
34,admin.,married,secondary,no,-297,yes,no,cellular,15,may,92,4,353,3,failure,no,2026-05-11 01:00:00
34,technician,married,secondary,no,883,yes,no,unknown,21,may,648,1,-1,0,unknown,no,2026-05-11 02:00:00
51,admin.,married,primary,no,658,yes,no,unknown,14,may,369,1,-1,0,unknown,no,2026-05-11 03:00:00
41,unemployed,single,primary,no,216,no,no,cellular,5,jun,577,3,-1,0,unknown,yes,2026-05-11 04:00:00
23,technician,married,secondary,no,4,yes,no,cellular,20,apr,698,1,-1,0,unknown,no,2026-05-11 05:00:00
47,management,single,tertiary,no,255,no,yes,cellular,30,jul,802,4,-1,0,unknown,yes,2026-05-11 06:00:00
42,admin.,married,secondary,no,1133,yes,no,cellular,7,jul,375,3,-1,0,unknown,no,2026-05-11 07:00:00
41,blue-collar,married,secondary,no,213,yes,no,unknown,8,may,10,2,-1,0,unknown,no,2026-05-11 08:00:00
46,admin.,married,secondary,no,3145,yes,no,cellular,5,may,28,1,-1,0,unknown,no,2026-05-11 09:00:00
30,self-employed,married,tertiary,no,1930,no,no,cellular,20,nov,80,1,-1,0,unknown,no,2026-05-11 10:00:00
31,blue-collar,married,secondary,no,1599,yes,no,unknown,21,may,49,1,-1,0,unknown,no,2026-05-11 11:00:00
26,blue-collar,single,secondary,no,428,no,yes,cellular,7,jul,575,1,-1,0,unknown,no,2026-05-11 12:00:00
53,technician,single,tertiary,no,-167,yes,yes,cellular,2,feb,289,1,-1,0,unknown,no,2026-05-11 13:00:00
79,retired,married,secondary,no,2354,no,no,telephone,7,aug,121,2,-1,0,unknown,no,2026-05-11 14:00:00
25,student,single,unknown,no,3,no,no,cellular,26,may,170,1,-1,0,unknown,yes,2026-05-11 15:00:00
35,blue-collar,married,secondary,no,1098,yes,no,unknown,26,may,19,17,-1,0,unknown,no,2026-05-11 16:00:00
28,housemaid,divorced,primary,no,1,yes,no,unknown,8,may,923,1,-1,0,unknown,no,2026-05-11 17:00:00
49,entrepreneur,married,primary,no,10772,no,no,cellular,8,aug,89,2,-1,0,unknown,no,2026-05-11 18:00:00
57,management,married,tertiary,no,1172,yes,no,cellular,20,nov,72,1,-1,0,unknown,no,2026-05-11 19:00:00
39,management,single,secondary,no,1103,no,no,unknown,17,jun,24,1,-1,0,unknown,no,2026-05-11 20:00:00
78,retired,married,primary,no,8556,no,no,telephone,21,apr,137,2,-1,0,unknown,yes,2026-05-11 21:00:00
34,management,married,tertiary,no,0,yes,no,telephone,24,jul,60,1,-1,0,unknown,no,2026-05-11 22:00:00
32,technician,married,secondary,no,-360,yes,no,cellular,6,may,131,2,344,2,failure,no,2026-05-11 23:00:00
52,management,married,secondary,no,3258,no,no,unknown,5,jun,234,3,-1,0,unknown,no,2026-05-12 00:00:00
57,retired,married,unknown,no,316,yes,no,unknown,3,jun,72,8,-1,0,unknown,no,2026-05-12 01:00:00
47,management,married,tertiary,no,2475,yes,no,cellular,20,nov,1476,4,-1,0,unknown,no,2026-05-12 02:00:00
58,housemaid,married,primary,no,4605,no,no,cellular,4,aug,197,1,-1,0,unknown,no,2026-05-12 03:00:00
38,management,single,tertiary,no,3141,no,no,cellular,9,nov,347,4,189,2,success,yes,2026-05-12 04:00:00
62,retired,married,secondary,no,495,no,yes,telephone,9,sep,494,2,-1,0,unknown,no,2026-05-12 05:00:00
35,management,married,tertiary,no,0,no,no,cellular,11,jul,89,1,-1,0,unknown,no,2026-05-12 06:00:00
61,retired,married,secondary,no,243,no,no,cellular,20,apr,194,1,-1,0,unknown,yes,2026-05-12 07:00:00
50,management,married,tertiary,no,383,no,yes,cellular,11,jul,502,2,-1,0,unknown,no,2026-05-12 08:00:00
38,technician,divorced,tertiary,no,82,no,no,cellular,29,aug,38,13,-1,0,unknown,no,2026-05-12 09:00:00
48,blue-collar,married,secondary,no,-19,no,yes,unknown,4,jul,270,1,-1,0,unknown,no,2026-05-12 10:00:00
49,admin.,married,secondary,no,1632,no,no,unknown,6,jun,47,1,-1,0,unknown,no,2026-05-12 11:00:00
46,blue-collar,married,secondary,no,536,yes,no,unknown,15,may,164,2,-1,0,unknown,no,2026-05-12 12:00:00
50,blue-collar,married,primary,no,808,yes,no,cellular,20,nov,302,3,-1,0,unknown,no,2026-05-12 13:00:00
49,management,divorced,tertiary,no,2564,yes,no,cellular,31,jul,744,8,-1,0,unknown,no,2026-05-12 14:00:00
23,technician,single,secondary,no,356,yes,no,cellular,18,may,224,2,356,2,failure,no,2026-05-12 15:00:00
47,technician,married,secondary,no,568,yes,no,telephone,14,jul,256,2,-1,0,unknown,no,2026-05-12 16:00:00
56,management,married,tertiary,no,0,no,no,cellular,19,nov,844,2,-1,0,unknown,no,2026-05-12 17:00:00
34,admin.,married,secondary,no,247,no,no,cellular,8,oct,401,2,-1,0,unknown,yes,2026-05-12 18:00:00
30,technician,single,secondary,no,728,yes,no,cellular,5,feb,393,1,261,1,other,no,2026-05-12 19:00:00
32,technician,single,secondary,no,-122,yes,yes,cellular,31,jul,55,17,-1,0,unknown,no,2026-05-12 20:00:00
36,blue-collar,married,primary,no,1548,yes,yes,cellular,18,may,226,2,-1,0,unknown,no,2026-05-12 21:00:00
42,technician,single,unknown,no,2193,no,no,cellular,29,jul,305,2,-1,0,unknown,no,2026-05-12 22:00:00
33,technician,married,secondary,no,1029,yes,no,cellular,9,feb,345,5,-1,0,unknown,no,2026-05-12 23:00:00
31,blue-collar,married,tertiary,no,2827,yes,no,unknown,8,may,238,3,-1,0,unknown,no,2026-05-13 00:00:00
44,management,single,tertiary,no,3812,no,no,cellular,20,nov,172,2,-1,0,unknown,no,2026-05-13 01:00:00
29,admin.,single,secondary,no,103,no,no,cellular,9,feb,502,5,-1,0,unknown,no,2026-05-13 02:00:00
24,blue-collar,single,secondary,no,167,no,yes,cellular,18,feb,134,2,-1,0,unknown,yes,2026-05-13 03:00:00
36,admin.,single,secondary,no,0,no,no,cellular,4,feb,137,2,-1,0,unknown,no,2026-05-13 04:00:00
34,admin.,married,tertiary,no,79,yes,no,cellular,8,nov,120,2,95,6,success,no,2026-05-13 05:00:00
50,admin.,married,secondary,no,0,no,no,cellular,4,aug,86,4,-1,0,unknown,no,2026-05-13 06:00:00
55,technician,divorced,secondary,no,61,yes,yes,cellular,25,aug,113,3,-1,0,unknown,no,2026-05-13 07:00:00
50,entrepreneur,married,primary,no,300,yes,no,cellular,8,may,99,1,339,2,other,no,2026-05-13 08:00:00
60,retired,married,secondary,no,11,no,no,cellular,29,jun,265,1,586,2,failure,yes,2026-05-13 09:00:00
45,unknown,divorced,unknown,no,0,no,no,cellular,21,apr,278,3,-1,0,unknown,yes,2026-05-13 10:00:00
36,blue-collar,married,secondary,no,-100,yes,no,unknown,3,jun,369,2,-1,0,unknown,no,2026-05-13 11:00:00
24,unemployed,single,secondary,no,2573,no,no,cellular,24,may,375,2,-1,0,unknown,yes,2026-05-13 12:00:00
35,technician,married,tertiary,no,944,no,no,cellular,8,aug,351,2,-1,0,unknown,no,2026-05-13 13:00:00
39,management,married,secondary,no,-810,no,yes,cellular,14,jul,77,2,-1,0,unknown,no,2026-05-13 14:00:00
42,management,married,tertiary,no,3718,yes,no,cellular,5,may,42,1,272,2,failure,no,2026-05-13 15:00:00
45,blue-collar,divorced,secondary,no,1951,yes,no,cellular,4,feb,692,1,-1,0,unknown,no,2026-05-13 16:00:00
43,technician,married,secondary,no,674,yes,yes,unknown,19,may,412,1,-1,0,unknown,no,2026-05-13 17:00:00
33,services,married,secondary,no,386,no,no,cellular,12,nov,253,1,92,4,failure,yes,2026-05-13 18:00:00
60,management,married,tertiary,no,3824,no,no,cellular,1,jun,195,3,-1,0,unknown,no,2026-05-13 19:00:00
40,technician,married,secondary,no,529,no,yes,cellular,28,jan,596,1,-1,0,unknown,no,2026-05-13 20:00:00
34,services,married,secondary,no,-694,yes,no,unknown,26,may,62,1,-1,0,unknown,no,2026-05-13 21:00:00
66,retired,married,primary,no,2173,no,no,cellular,15,jul,178,1,181,5,failure,no,2026-05-13 22:00:00
30,management,single,tertiary,no,264,yes,no,cellular,18,may,36,2,370,2,other,no,2026-05-13 23:00:00
35,blue-collar,married,secondary,no,5417,yes,no,cellular,6,may,303,1,-1,0,unknown,no,2026-05-14 00:00:00
32,management,married,tertiary,no,2102,yes,no,cellular,8,jul,220,1,-1,0,unknown,no,2026-05-14 01:00:00
45,admin.,married,secondary,no,1435,yes,no,cellular,30,apr,257,1,-1,0,unknown,no,2026-05-14 02:00:00
47,blue-collar,married,primary,no,468,no,no,cellular,21,aug,381,7,-1,0,unknown,no,2026-05-14 03:00:00
43,blue-collar,married,primary,no,18,yes,no,cellular,14,may,131,2,370,3,other,no,2026-05-14 04:00:00
45,services,divorced,secondary,no,0,yes,yes,cellular,21,nov,173,1,192,1,failure,no,2026-05-14 05:00:00
47,admin.,married,secondary,no,84,no,no,telephone,29,aug,367,3,-1,0,unknown,no,2026-05-14 06:00:00
30,technician,single,secondary,no,73,no,yes,cellular,26,aug,43,2,-1,0,unknown,no,2026-05-14 07:00:00
35,management,single,tertiary,no,3140,no,no,unknown,12,jun,130,3,-1,0,unknown,no,2026-05-14 08:00:00
35,management,married,secondary,no,97,yes,no,unknown,29,may,135,4,-1,0,unknown,no,2026-05-14 09:00:00
32,admin.,married,secondary,no,1078,yes,no,cellular,16,apr,177,1,-1,0,unknown,no,2026-05-14 10:00:00
49,management,divorced,tertiary,no,557,yes,no,cellular,29,jan,145,1,223,5,failure,no,2026-05-14 11:00:00
27,management,single,tertiary,no,338,no,yes,cellular,7,jul,535,1,-1,0,unknown,no,2026-05-14 12:00:00
28,technician,single,secondary,no,541,yes,no,unknown,26,may,157,3,-1,0,unknown,no,2026-05-14 13:00:00
37,management,married,tertiary,no,393,yes,no,cellular,14,may,567,3,275,4,failure,yes,2026-05-14 14:00:00
75,retired,married,primary,no,1765,no,no,telephone,11,mar,282,2,181,2,success,no,2026-05-14 15:00:00
37,services,divorced,secondary,no,726,yes,no,cellular,5,may,136,2,362,2,other,no,2026-05-14 16:00:00
32,management,married,tertiary,no,101,yes,yes,cellular,20,apr,383,1,-1,0,unknown,no,2026-05-14 17:00:00
36,management,married,tertiary,no,722,yes,no,unknown,30,may,312,1,-1,0,unknown,no,2026-05-14 18:00:00
31,blue-collar,single,secondary,no,770,yes,no,cellular,16,apr,178,1,-1,0,unknown,no,2026-05-14 19:00:00
54,housemaid,married,primary,no,3151,no,no,unknown,18,jun,350,7,-1,0,unknown,no,2026-05-14 20:00:00
43,technician,single,secondary,no,4990,yes,no,cellular,22,aug,88,10,-1,0,unknown,no,2026-05-14 21:00:00
31,management,single,tertiary,no,775,yes,no,cellular,4,may,99,2,14,3,failure,no,2026-05-14 22:00:00
42,management,divorced,tertiary,no,1750,yes,no,unknown,12,may,248,2,-1,0,unknown,no,2026-05-14 23:00:00
27,technician,married,secondary,no,7102,yes,no,unknown,30,may,141,9,-1,0,unknown,no,2026-05-15 00:00:00
55,unknown,married,secondary,no,1785,no,no,cellular,11,aug,339,3,-1,0,unknown,no,2026-05-15 01:00:00
37,services,single,secondary,no,105,no,yes,unknown,17,jun,260,4,-1,0,unknown,no,2026-05-15 02:00:00
33,entrepreneur,married,tertiary,no,4465,yes,no,cellular,20,nov,161,1,183,2,failure,no,2026-05-15 03:00:00
31,admin.,married,secondary,no,1246,yes,no,cellular,17,nov,111,2,-1,0,unknown,no,2026-05-15 04:00:00
42,blue-collar,married,unknown,no,57,yes,no,unknown,5,may,425,2,-1,0,unknown,no,2026-05-15 05:00:00
43,blue-collar,married,secondary,no,620,yes,no,cellular,13,may,46,4,-1,0,unknown,no,2026-05-15 06:00:00
47,admin.,single,primary,no,683,no,no,cellular,17,apr,73,1,148,1,failure,no,2026-05-15 07:00:00
28,blue-collar,single,secondary,no,-46,yes,no,cellular,1,sep,199,1,92,14,success,yes,2026-05-15 08:00:00
43,management,married,tertiary,no,445,no,yes,unknown,20,jun,196,4,-1,0,unknown,no,2026-05-15 09:00:00
31,student,married,secondary,no,147,yes,no,cellular,15,may,456,1,-1,0,unknown,no,2026-05-15 10:00:00
37,blue-collar,married,secondary,no,132,no,no,unknown,27,may,336,2,-1,0,unknown,no,2026-05-15 11:00:00
29,services,single,secondary,no,0,no,no,unknown,1,jul,12,1,514,3,failure,no,2026-05-15 12:00:00
27,technician,single,tertiary,no,3064,no,yes,cellular,28,jan,389,1,-1,0,unknown,no,2026-05-15 13:00:00
27,blue-collar,single,secondary,no,551,no,no,cellular,3,feb,565,2,-1,0,unknown,no,2026-05-15 14:00:00
58,admin.,divorced,secondary,no,1713,no,no,unknown,15,may,544,2,-1,0,unknown,no,2026-05-15 15:00:00
31,services,single,secondary,no,183,yes,no,cellular,11,jul,60,2,-1,0,unknown,no,2026-05-15 16:00:00
52,blue-collar,married,primary,no,58,yes,no,unknown,6,may,213,3,-1,0,unknown,no,2026-05-15 17:00:00
31,blue-collar,married,secondary,no,557,yes,yes,unknown,27,may,185,1,-1,0,unknown,no,2026-05-15 18:00:00
28,blue-collar,single,secondary,no,1285,no,no,telephone,22,jul,29,16,-1,0,unknown,no,2026-05-15 19:00:00
33,technician,single,tertiary,no,68,no,no,cellular,14,aug,96,2,-1,0,unknown,no,2026-05-15 20:00:00
30,admin.,single,tertiary,no,536,yes,no,cellular,23,jul,81,1,-1,0,unknown,no,2026-05-15 21:00:00
26,student,single,tertiary,no,641,yes,no,cellular,15,may,55,1,368,1,failure,no,2026-05-15 22:00:00
34,blue-collar,single,tertiary,no,1168,no,no,cellular,6,feb,163,2,-1,0,unknown,no,2026-05-15 23:00:00
32,management,divorced,tertiary,no,874,no,no,cellular,21,nov,366,3,101,6,success,no,2026-05-16 00:00:00
30,self-employed,divorced,secondary,no,92,yes,no,unknown,17,jun,78,10,-1,0,unknown,no,2026-05-16 01:00:00
32,blue-collar,single,primary,no,7,yes,no,cellular,13,may,109,1,-1,0,unknown,no,2026-05-16 02:00:00
43,services,married,primary,no,-2122,yes,yes,cellular,18,nov,141,3,-1,0,unknown,no,2026-05-16 03:00:00
40,blue-collar,divorced,primary,no,0,yes,no,unknown,5,may,962,1,-1,0,unknown,no,2026-05-16 04:00:00
50,management,divorced,tertiary,no,810,no,no,cellular,4,jun,510,3,-1,0,unknown,yes,2026-05-16 05:00:00
52,management,married,tertiary,no,0,yes,no,telephone,13,may,179,3,257,6,other,no,2026-05-16 06:00:00
50,blue-collar,married,primary,no,2142,yes,no,cellular,29,jan,309,2,224,1,other,no,2026-05-16 07:00:00
43,services,divorced,secondary,no,0,no,no,cellular,31,jul,106,4,-1,0,unknown,no,2026-05-16 08:00:00
35,technician,single,secondary,no,2151,yes,no,unknown,8,may,294,1,-1,0,unknown,no,2026-05-16 09:00:00
38,blue-collar,married,secondary,no,924,yes,no,unknown,21,may,108,2,-1,0,unknown,no,2026-05-16 10:00:00
28,management,single,tertiary,no,-56,no,yes,cellular,23,jul,884,1,-1,0,unknown,no,2026-05-16 11:00:00
35,technician,married,secondary,no,-259,yes,no,cellular,29,jan,381,1,247,2,failure,no,2026-05-16 12:00:00
33,technician,married,secondary,no,177,yes,yes,cellular,12,may,22,8,-1,0,unknown,no,2026-05-16 13:00:00
30,blue-collar,married,primary,no,179,yes,no,unknown,29,may,764,2,-1,0,unknown,no,2026-05-16 14:00:00
27,student,single,tertiary,no,13107,yes,no,cellular,6,apr,661,1,314,2,failure,yes,2026-05-16 15:00:00
50,technician,divorced,secondary,no,0,no,no,cellular,1,apr,280,1,184,3,success,yes,2026-05-16 16:00:00
30,entrepreneur,married,secondary,no,12737,no,yes,cellular,19,nov,589,2,-1,0,unknown,yes,2026-05-16 17:00:00
54,services,married,secondary,no,214,yes,no,unknown,5,may,458,2,-1,0,unknown,no,2026-05-16 18:00:00
35,blue-collar,married,secondary,no,120,yes,no,unknown,28,may,245,2,-1,0,unknown,no,2026-05-16 19:00:00
38,management,divorced,tertiary,no,219,yes,no,cellular,10,jul,478,1,-1,0,unknown,no,2026-05-16 20:00:00
40,technician,married,secondary,yes,32,yes,no,cellular,11,aug,55,4,-1,0,unknown,no,2026-05-16 21:00:00
37,management,married,tertiary,no,216,yes,no,cellular,23,jul,408,3,-1,0,unknown,no,2026-05-16 22:00:00
35,management,married,unknown,no,2326,yes,yes,cellular,16,sep,319,1,-1,0,unknown,yes,2026-05-16 23:00:00
59,housemaid,married,primary,no,88,yes,no,cellular,28,jul,63,5,-1,0,unknown,no,2026-05-17 00:00:00
33,technician,married,secondary,no,23,no,no,cellular,29,aug,53,4,-1,0,unknown,no,2026-05-17 01:00:00
27,management,married,tertiary,no,5262,no,yes,cellular,8,jul,201,9,-1,0,unknown,no,2026-05-17 02:00:00
47,self-employed,married,secondary,no,2830,yes,no,telephone,20,nov,713,6,-1,0,unknown,no,2026-05-17 03:00:00
31,blue-collar,married,secondary,no,401,no,no,cellular,14,aug,96,3,-1,0,unknown,no,2026-05-17 04:00:00
27,technician,single,secondary,no,489,yes,no,cellular,30,jul,356,4,-1,0,unknown,yes,2026-05-17 05:00:00
51,technician,married,secondary,no,58,yes,no,cellular,17,nov,79,1,129,2,failure,no,2026-05-17 06:00:00
55,unemployed,married,secondary,yes,1108,yes,yes,unknown,2,jun,75,4,-1,0,unknown,no,2026-05-17 07:00:00
33,management,single,tertiary,no,4176,no,no,cellular,26,mar,288,3,-1,0,unknown,yes,2026-05-17 08:00:00
41,services,married,secondary,no,121,yes,no,cellular,17,apr,41,1,324,1,other,no,2026-05-17 09:00:00
41,technician,married,secondary,no,-804,yes,yes,unknown,27,may,269,11,-1,0,unknown,no,2026-05-17 10:00:00
67,admin.,married,primary,no,1093,no,no,telephone,8,jul,64,3,-1,0,unknown,no,2026-05-17 11:00:00
30,management,married,tertiary,no,646,no,no,cellular,12,aug,99,2,-1,0,unknown,no,2026-05-17 12:00:00
35,technician,married,tertiary,no,6,yes,no,cellular,18,nov,47,1,-1,0,unknown,no,2026-05-17 13:00:00
36,technician,single,secondary,no,376,no,no,cellular,13,nov,193,1,92,1,success,yes,2026-05-17 14:00:00
57,admin.,divorced,primary,no,179,yes,no,cellular,15,may,67,1,368,2,failure,no,2026-05-17 15:00:00
57,technician,married,secondary,no,1078,yes,no,unknown,5,may,10,4,-1,0,unknown,no,2026-05-17 16:00:00
47,entrepreneur,married,tertiary,no,0,no,no,telephone,18,nov,103,2,-1,0,unknown,no,2026-05-17 17:00:00
30,self-employed,single,secondary,no,299,yes,no,unknown,16,may,679,17,-1,0,unknown,no,2026-05-17 18:00:00
24,blue-collar,single,primary,no,111,yes,yes,unknown,27,may,42,4,-1,0,unknown,no,2026-05-17 19:00:00
53,entrepreneur,married,tertiary,no,49,no,yes,cellular,23,jul,419,5,-1,0,unknown,no,2026-05-17 20:00:00
39,blue-collar,single,primary,no,-100,yes,no,cellular,14,may,159,1,358,2,failure,no,2026-05-17 21:00:00
37,technician,single,tertiary,no,1894,yes,no,cellular,12,may,1925,1,351,7,other,no,2026-05-17 22:00:00
31,admin.,married,secondary,no,89,no,no,unknown,7,may,297,3,-1,0,unknown,no,2026-05-17 23:00:00
64,retired,married,primary,no,440,no,no,cellular,6,feb,495,1,-1,0,unknown,yes,2026-05-18 00:00:00
39,management,married,tertiary,yes,47,no,no,cellular,21,nov,28,3,158,3,failure,no,2026-05-18 01:00:00
31,admin.,single,secondary,no,144,yes,no,cellular,21,nov,51,2,140,11,failure,no,2026-05-18 02:00:00
26,student,single,tertiary,no,1804,no,no,cellular,6,apr,156,2,-1,0,unknown,no,2026-05-18 03:00:00
38,entrepreneur,married,primary,no,21,yes,no,cellular,25,jul,65,4,-1,0,unknown,no,2026-05-18 04:00:00
30,technician,single,tertiary,no,2325,no,no,cellular,10,nov,134,1,92,8,success,no,2026-05-18 05:00:00
46,technician,married,tertiary,no,529,yes,yes,cellular,29,jul,208,2,-1,0,unknown,no,2026-05-18 06:00:00
55,retired,divorced,secondary,no,282,yes,no,unknown,5,jun,99,2,-1,0,unknown,no,2026-05-18 07:00:00
46,services,married,secondary,no,-522,yes,no,cellular,31,jul,61,2,-1,0,unknown,no,2026-05-18 08:00:00
32,services,single,secondary,yes,687,yes,no,cellular,18,may,154,1,-1,0,unknown,no,2026-05-18 09:00:00
32,blue-collar,married,primary,no,159,yes,no,unknown,21,may,207,3,-1,0,unknown,no,2026-05-18 10:00:00
37,housemaid,married,secondary,no,12939,yes,yes,cellular,16,jul,39,9,-1,0,unknown,no,2026-05-18 11:00:00
34,blue-collar,single,primary,no,279,yes,no,cellular,7,may,208,1,357,1,failure,no,2026-05-18 12:00:00
32,services,married,secondary,no,1066,yes,no,cellular,5,feb,150,1,262,9,failure,no,2026-05-18 13:00:00
52,services,married,secondary,no,497,yes,no,telephone,15,jul,265,5,-1,0,unknown,no,2026-05-18 14:00:00
44,management,divorced,unknown,no,1784,no,yes,cellular,21,nov,279,1,-1,0,unknown,no,2026-05-18 15:00:00
30,blue-collar,single,primary,no,105,yes,no,cellular,5,feb,131,1,265,1,failure,no,2026-05-18 16:00:00
28,management,single,tertiary,no,882,no,yes,cellular,29,jan,94,1,205,2,failure,no,2026-05-18 17:00:00
60,retired,married,primary,no,172,no,no,cellular,11,aug,247,4,-1,0,unknown,no,2026-05-18 18:00:00
37,admin.,married,secondary,no,597,no,no,cellular,2,jun,395,1,-1,0,unknown,yes,2026-05-18 19:00:00
40,blue-collar,married,primary,no,-388,yes,no,cellular,4,may,195,3,340,1,failure,no,2026-05-18 20:00:00
56,services,divorced,tertiary,no,2272,yes,no,unknown,9,may,263,5,-1,0,unknown,no,2026-05-18 21:00:00
25,admin.,married,secondary,no,541,yes,no,cellular,15,may,607,1,344,4,failure,no,2026-05-18 22:00:00
38,management,married,tertiary,no,655,no,no,cellular,3,feb,389,3,-1,0,unknown,no,2026-05-18 23:00:00
38,technician,single,tertiary,no,2350,no,no,cellular,30,jul,101,2,-1,0,unknown,no,2026-05-19 00:00:00
31,unemployed,married,secondary,no,57,yes,yes,unknown,23,may,104,5,-1,0,unknown,no,2026-05-19 01:00:00
47,services,married,secondary,no,1474,yes,no,cellular,15,may,77,1,368,3,failure,no,2026-05-19 02:00:00
31,services,single,secondary,no,-779,yes,no,unknown,28,may,198,2,-1,0,unknown,no,2026-05-19 03:00:00
34,technician,married,secondary,no,-136,yes,yes,cellular,12,aug,131,2,-1,0,unknown,no,2026-05-19 04:00:00
40,blue-collar,single,secondary,yes,61,no,no,cellular,23,jul,68,2,-1,0,unknown,no,2026-05-19 05:00:00
53,admin.,married,secondary,no,1796,no,no,telephone,5,jun,145,1,-1,0,unknown,no,2026-05-19 06:00:00
33,management,married,tertiary,no,0,yes,yes,cellular,14,may,83,2,-1,0,unknown,no,2026-05-19 07:00:00
32,technician,married,secondary,no,3271,no,no,cellular,12,feb,375,1,374,1,other,yes,2026-05-19 08:00:00
40,management,married,tertiary,no,4675,no,no,cellular,9,sep,263,1,-1,0,unknown,no,2026-05-19 09:00:00
39,services,married,unknown,no,10189,yes,no,cellular,18,nov,186,2,123,2,failure,no,2026-05-19 10:00:00
36,management,married,tertiary,no,203,no,no,cellular,29,oct,139,1,-1,0,unknown,yes,2026-05-19 11:00:00
66,management,married,tertiary,no,1048,yes,no,cellular,23,jun,971,2,-1,0,unknown,no,2026-05-19 12:00:00
33,admin.,married,secondary,no,56,no,no,cellular,5,feb,74,2,-1,0,unknown,no,2026-05-19 13:00:00
35,technician,single,tertiary,no,0,no,no,cellular,11,aug,176,3,-1,0,unknown,no,2026-05-19 14:00:00
59,technician,divorced,secondary,no,0,no,no,cellular,5,aug,54,1,-1,0,unknown,no,2026-05-19 15:00:00
59,technician,married,secondary,no,478,no,no,cellular,11,aug,108,5,-1,0,unknown,no,2026-05-19 16:00:00
60,technician,married,tertiary,no,0,no,no,unknown,6,jun,320,1,-1,0,unknown,no,2026-05-19 17:00:00
39,management,married,tertiary,no,272,yes,no,cellular,9,apr,85,1,325,1,other,no,2026-05-19 18:00:00
56,blue-collar,divorced,primary,no,596,no,no,unknown,12,jun,123,1,-1,0,unknown,no,2026-05-19 19:00:00
44,entrepreneur,married,tertiary,no,1080,no,yes,unknown,4,jul,566,3,-1,0,unknown,no,2026-05-19 20:00:00
39,blue-collar,married,primary,no,12848,yes,no,unknown,5,jun,337,2,-1,0,unknown,no,2026-05-19 21:00:00
39,services,married,secondary,no,304,yes,yes,unknown,9,may,323,1,-1,0,unknown,no,2026-05-19 22:00:00
35,technician,married,secondary,no,198,no,no,cellular,27,aug,282,13,-1,0,unknown,no,2026-05-19 23:00:00
32,management,married,tertiary,no,3107,yes,yes,cellular,18,nov,165,2,116,1,failure,no,2026-05-20 00:00:00
32,technician,married,secondary,no,1389,yes,no,unknown,21,may,189,2,-1,0,unknown,no,2026-05-20 01:00:00
37,admin.,married,tertiary,no,1995,yes,no,cellular,11,aug,48,2,-1,0,unknown,no,2026-05-20 02:00:00
35,management,single,tertiary,no,644,yes,no,unknown,30,may,120,2,-1,0,unknown,no,2026-05-20 03:00:00
57,technician,married,secondary,no,0,no,no,cellular,29,jul,109,2,-1,0,unknown,no,2026-05-20 04:00:00
51,management,single,unknown,no,1277,no,no,cellular,22,feb,143,5,294,1,failure,no,2026-05-20 05:00:00
44,technician,married,secondary,yes,16486,yes,yes,cellular,19,nov,275,3,-1,0,unknown,no,2026-05-20 06:00:00
33,entrepreneur,divorced,tertiary,no,37,no,yes,cellular,8,jul,1082,1,-1,0,unknown,yes,2026-05-20 07:00:00
50,services,married,secondary,no,2362,yes,yes,cellular,23,jul,59,4,-1,0,unknown,no,2026-05-20 08:00:00
37,services,divorced,primary,no,0,yes,no,unknown,18,jun,77,2,-1,0,unknown,no,2026-05-20 09:00:00
47,blue-collar,married,secondary,no,581,yes,no,cellular,26,aug,79,6,-1,0,unknown,no,2026-05-20 10:00:00
48,blue-collar,married,primary,no,574,no,no,cellular,5,aug,348,1,-1,0,unknown,no,2026-05-20 11:00:00
34,management,married,tertiary,no,2374,yes,yes,cellular,18,jun,270,2,314,2,failure,yes,2026-05-20 12:00:00
54,management,married,tertiary,no,1146,yes,no,cellular,12,aug,205,2,-1,0,unknown,no,2026-05-20 13:00:00
29,self-employed,single,secondary,no,0,no,no,cellular,28,jan,132,2,-1,0,unknown,no,2026-05-20 14:00:00
47,admin.,married,secondary,no,3434,yes,yes,telephone,9,jul,337,1,-1,0,unknown,no,2026-05-20 15:00:00
50,management,married,secondary,no,0,yes,no,unknown,14,may,214,1,-1,0,unknown,no,2026-05-20 16:00:00
37,technician,married,tertiary,no,183,yes,no,cellular,29,jan,51,1,258,1,failure,no,2026-05-20 17:00:00
45,unemployed,single,primary,no,8725,no,no,cellular,8,jul,286,2,-1,0,unknown,no,2026-05-20 18:00:00
55,retired,divorced,secondary,no,-268,no,yes,cellular,24,jul,1417,1,-1,0,unknown,yes,2026-05-20 19:00:00
53,technician,married,tertiary,no,673,yes,no,cellular,9,jul,182,1,-1,0,unknown,no,2026-05-20 20:00:00
46,management,married,tertiary,no,1217,yes,no,unknown,15,may,236,1,-1,0,unknown,no,2026-05-20 21:00:00
54,admin.,married,unknown,no,140,no,no,telephone,27,oct,521,2,-1,0,unknown,no,2026-05-20 22:00:00
58,management,divorced,secondary,no,44,yes,no,cellular,29,jan,147,1,195,1,other,no,2026-05-20 23:00:00
27,blue-collar,single,secondary,no,228,yes,yes,unknown,15,may,186,5,-1,0,unknown,no,2026-05-21 00:00:00
33,admin.,married,tertiary,no,568,no,no,cellular,7,jul,219,1,-1,0,unknown,no,2026-05-21 01:00:00
49,blue-collar,married,primary,no,98,no,yes,unknown,19,jun,534,1,-1,0,unknown,no,2026-05-21 02:00:00
20,student,single,primary,no,0,no,no,cellular,1,feb,143,5,91,8,failure,no,2026-05-21 03:00:00
70,retired,married,secondary,no,2384,no,no,cellular,30,oct,196,2,-1,0,unknown,yes,2026-05-21 04:00:00
41,blue-collar,married,secondary,no,449,yes,yes,cellular,12,may,313,2,-1,0,unknown,no,2026-05-21 05:00:00
31,technician,single,secondary,no,201,no,no,cellular,28,aug,100,9,-1,0,unknown,no,2026-05-21 06:00:00
45,admin.,married,secondary,no,358,yes,no,cellular,13,may,134,2,-1,0,unknown,no,2026-05-21 07:00:00
55,blue-collar,married,secondary,no,93,no,yes,cellular,28,jan,111,1,-1,0,unknown,no,2026-05-21 08:00:00
33,technician,single,secondary,no,12177,no,no,cellular,18,aug,76,5,-1,0,unknown,no,2026-05-21 09:00:00
58,blue-collar,married,secondary,no,1025,yes,no,unknown,30,may,199,3,-1,0,unknown,no,2026-05-21 10:00:00
46,blue-collar,married,secondary,no,1144,yes,no,cellular,8,feb,376,2,129,3,other,yes,2026-05-21 11:00:00
26,technician,single,secondary,no,2087,no,no,unknown,8,may,151,1,-1,0,unknown,no,2026-05-21 12:00:00
35,admin.,single,secondary,no,111,yes,no,cellular,29,jan,55,1,195,3,failure,no,2026-05-21 13:00:00
34,blue-collar,single,secondary,no,39,no,no,cellular,13,may,254,2,299,3,failure,no,2026-05-21 14:00:00
28,blue-collar,divorced,primary,no,410,yes,no,unknown,30,may,867,3,-1,0,unknown,no,2026-05-21 15:00:00
25,management,single,tertiary,no,1650,yes,no,unknown,12,oct,5,1,-1,0,unknown,no,2026-05-21 16:00:00
33,blue-collar,single,secondary,no,687,yes,no,cellular,6,feb,178,2,273,1,failure,no,2026-05-21 17:00:00
67,retired,divorced,primary,no,2027,no,no,cellular,15,mar,161,2,-1,0,unknown,yes,2026-05-21 18:00:00
41,management,married,primary,no,243,yes,no,cellular,2,feb,199,1,-1,0,unknown,no,2026-05-21 19:00:00
29,services,married,secondary,no,249,yes,no,cellular,16,jul,346,2,-1,0,unknown,no,2026-05-21 20:00:00
34,admin.,single,secondary,no,88,yes,no,unknown,27,may,169,2,-1,0,unknown,no,2026-05-21 21:00:00
33,technician,married,secondary,no,0,yes,no,unknown,7,may,432,1,-1,0,unknown,no,2026-05-21 22:00:00
37,blue-collar,married,secondary,no,1165,yes,no,cellular,19,nov,62,3,190,4,success,no,2026-05-21 23:00:00
52,unemployed,married,secondary,no,49,no,no,cellular,30,apr,117,1,-1,0,unknown,no,2026-05-22 00:00:00
47,technician,married,primary,no,12531,yes,no,unknown,30,may,888,3,-1,0,unknown,no,2026-05-22 01:00:00
37,blue-collar,married,secondary,no,3420,yes,no,cellular,12,may,77,1,301,2,failure,no,2026-05-22 02:00:00
42,unemployed,married,tertiary,no,576,no,no,cellular,3,jun,447,2,96,1,success,yes,2026-05-22 03:00:00
52,blue-collar,single,primary,no,3421,no,no,unknown,20,jun,212,8,-1,0,unknown,no,2026-05-22 04:00:00
31,management,single,tertiary,no,2296,yes,no,unknown,6,jun,49,8,-1,0,unknown,no,2026-05-22 05:00:00
22,student,single,unknown,no,1,no,no,telephone,15,jun,263,4,-1,0,unknown,no,2026-05-22 06:00:00
43,management,married,tertiary,no,1188,no,no,cellular,13,oct,1573,2,139,2,failure,no,2026-05-22 07:00:00
33,admin.,married,secondary,no,1521,yes,no,cellular,14,may,222,1,-1,0,unknown,no,2026-05-22 08:00:00
36,services,divorced,secondary,no,3,yes,no,cellular,18,may,15,8,-1,0,unknown,no,2026-05-22 09:00:00
35,blue-collar,married,secondary,no,305,yes,no,cellular,18,may,7,7,367,25,failure,no,2026-05-22 10:00:00
40,unemployed,single,secondary,no,11,yes,no,unknown,6,may,43,1,-1,0,unknown,no,2026-05-22 11:00:00
49,technician,married,secondary,no,1811,yes,yes,cellular,2,feb,168,2,245,1,other,no,2026-05-22 12:00:00
38,technician,married,unknown,no,90,yes,yes,unknown,8,may,20,2,-1,0,unknown,no,2026-05-22 13:00:00
35,management,single,tertiary,no,66,no,no,cellular,31,jul,213,3,-1,0,unknown,no,2026-05-22 14:00:00
52,management,married,tertiary,no,488,yes,no,cellular,19,nov,60,3,-1,0,unknown,no,2026-05-22 15:00:00
60,blue-collar,married,secondary,no,576,no,no,cellular,22,may,190,1,-1,0,unknown,no,2026-05-22 16:00:00
58,admin.,single,secondary,no,2223,no,no,cellular,4,dec,1139,2,114,1,success,no,2026-05-22 17:00:00
43,admin.,divorced,secondary,no,3350,yes,yes,unknown,29,may,488,1,-1,0,unknown,no,2026-05-22 18:00:00
35,services,married,secondary,no,1053,yes,no,unknown,16,may,25,1,-1,0,unknown,no,2026-05-22 19:00:00
32,unemployed,single,secondary,no,0,no,no,cellular,27,may,123,2,-1,0,unknown,no,2026-05-22 20:00:00
35,technician,married,secondary,no,712,yes,yes,cellular,22,aug,97,5,-1,0,unknown,no,2026-05-22 21:00:00
32,blue-collar,single,primary,no,18,yes,yes,cellular,6,may,305,1,-1,0,unknown,no,2026-05-22 22:00:00
31,management,married,tertiary,yes,-253,no,no,cellular,12,aug,220,4,-1,0,unknown,no,2026-05-22 23:00:00
46,technician,married,tertiary,no,31630,no,no,cellular,30,nov,448,2,214,1,failure,no,2026-05-23 00:00:00
52,services,divorced,secondary,no,220,yes,no,unknown,7,may,143,3,-1,0,unknown,no,2026-05-23 01:00:00
25,blue-collar,married,secondary,no,51,yes,no,unknown,23,may,76,2,-1,0,unknown,no,2026-05-23 02:00:00
47,management,single,tertiary,no,0,yes,no,cellular,19,nov,50,2,-1,0,unknown,no,2026-05-23 03:00:00
45,technician,divorced,secondary,no,12,no,no,cellular,28,aug,88,3,-1,0,unknown,no,2026-05-23 04:00:00
40,entrepreneur,married,tertiary,no,2644,yes,no,cellular,21,nov,110,2,185,1,failure,no,2026-05-23 05:00:00
41,technician,married,tertiary,no,354,no,no,cellular,29,jul,95,5,-1,0,unknown,no,2026-05-23 06:00:00
34,blue-collar,married,primary,no,1255,yes,yes,unknown,26,may,188,7,-1,0,unknown,no,2026-05-23 07:00:00
42,blue-collar,married,secondary,no,3052,yes,no,unknown,27,may,32,1,-1,0,unknown,no,2026-05-23 08:00:00
41,management,single,tertiary,no,120,no,yes,cellular,24,mar,81,1,49,3,other,no,2026-05-23 09:00:00
59,management,divorced,tertiary,no,866,no,no,cellular,28,aug,46,3,-1,0,unknown,no,2026-05-23 10:00:00
56,management,married,tertiary,no,586,no,no,telephone,10,jul,123,1,-1,0,unknown,no,2026-05-23 11:00:00
47,technician,married,secondary,no,644,no,no,telephone,21,aug,169,13,-1,0,unknown,no,2026-05-23 12:00:00
35,services,married,secondary,no,372,yes,no,cellular,17,apr,202,2,280,1,failure,no,2026-05-23 13:00:00
59,management,married,secondary,no,1321,no,no,unknown,9,jun,3881,3,-1,0,unknown,yes,2026-05-23 14:00:00
37,technician,married,tertiary,yes,0,yes,no,unknown,14,may,93,14,-1,0,unknown,no,2026-05-23 15:00:00
44,retired,divorced,primary,no,2083,yes,no,unknown,28,may,124,1,-1,0,unknown,no,2026-05-23 16:00:00
45,services,single,secondary,no,141,yes,no,unknown,12,may,111,4,-1,0,unknown,no,2026-05-23 17:00:00
60,retired,married,unknown,no,3875,yes,no,cellular,29,jan,55,1,-1,0,unknown,no,2026-05-23 18:00:00
42,admin.,married,secondary,no,12,yes,no,cellular,16,apr,466,4,-1,0,unknown,no,2026-05-23 19:00:00
40,technician,single,secondary,no,1411,yes,yes,cellular,18,nov,93,3,-1,0,unknown,no,2026-05-23 20:00:00
59,technician,married,unknown,no,0,no,no,cellular,5,feb,214,1,-1,0,unknown,no,2026-05-23 21:00:00
53,unemployed,divorced,tertiary,no,0,yes,yes,cellular,8,aug,140,2,-1,0,unknown,no,2026-05-23 22:00:00
56,housemaid,married,unknown,no,1780,no,no,cellular,11,aug,111,2,-1,0,unknown,no,2026-05-23 23:00:00
41,blue-collar,married,primary,no,620,no,no,cellular,28,jan,314,1,-1,0,unknown,no,2026-05-24 00:00:00
30,student,single,secondary,no,25,no,no,telephone,30,apr,44,1,-1,0,unknown,no,2026-05-24 01:00:00
84,retired,married,tertiary,no,4761,no,no,telephone,9,sep,1405,1,92,3,failure,yes,2026-05-24 02:00:00
39,management,married,tertiary,no,1362,yes,no,cellular,11,may,447,2,-1,0,unknown,no,2026-05-24 03:00:00
46,blue-collar,married,secondary,no,961,yes,no,telephone,17,apr,48,2,-1,0,unknown,no,2026-05-24 04:00:00
24,student,single,secondary,no,1684,no,no,cellular,6,apr,112,4,-1,0,unknown,no,2026-05-24 05:00:00
70,retired,married,primary,no,3230,no,no,cellular,24,nov,112,1,-1,0,unknown,no,2026-05-24 06:00:00
45,housemaid,married,secondary,no,360,no,no,cellular,4,may,113,1,182,1,success,no,2026-05-24 07:00:00
46,blue-collar,married,primary,no,174,yes,yes,unknown,8,may,108,3,-1,0,unknown,no,2026-05-24 08:00:00
36,unemployed,married,secondary,no,1466,yes,no,unknown,19,feb,124,1,-1,0,unknown,no,2026-05-24 09:00:00
38,technician,single,tertiary,no,0,no,no,cellular,6,aug,89,2,-1,0,unknown,no,2026-05-24 10:00:00
49,self-employed,married,secondary,no,358,yes,yes,unknown,13,may,176,3,-1,0,unknown,no,2026-05-24 11:00:00
60,retired,divorced,tertiary,no,979,yes,no,cellular,15,jan,295,3,347,1,failure,yes,2026-05-24 12:00:00
49,retired,married,secondary,no,329,yes,no,unknown,14,may,264,2,-1,0,unknown,no,2026-05-24 13:00:00
43,admin.,married,secondary,no,3215,yes,no,cellular,21,jul,228,3,-1,0,unknown,no,2026-05-24 14:00:00
54,housemaid,married,primary,no,3304,no,yes,cellular,25,jul,90,7,-1,0,unknown,no,2026-05-24 15:00:00
33,services,single,secondary,no,239,yes,no,cellular,15,may,101,2,-1,0,unknown,no,2026-05-24 16:00:00
29,blue-collar,single,secondary,no,2891,yes,no,cellular,7,may,293,1,-1,0,unknown,no,2026-05-24 17:00:00
32,unemployed,single,secondary,no,331,yes,no,unknown,9,may,211,2,-1,0,unknown,no,2026-05-24 18:00:00
44,services,married,secondary,no,1872,yes,no,cellular,6,may,175,1,322,3,failure,no,2026-05-24 19:00:00
38,technician,single,tertiary,no,1077,yes,yes,cellular,29,jan,87,1,-1,0,unknown,no,2026-05-24 20:00:00
43,admin.,single,secondary,no,2527,yes,no,unknown,7,may,276,4,-1,0,unknown,no,2026-05-24 21:00:00
46,technician,divorced,secondary,no,-154,yes,no,cellular,17,jul,158,1,-1,0,unknown,no,2026-05-24 22:00:00
47,admin.,married,secondary,no,70,yes,no,cellular,5,apr,144,4,374,2,success,yes,2026-05-24 23:00:00
31,blue-collar,single,primary,no,-443,yes,no,unknown,28,may,507,1,-1,0,unknown,no,2026-05-25 00:00:00
37,self-employed,divorced,secondary,no,1082,no,no,cellular,2,feb,127,3,5,5,other,no,2026-05-25 01:00:00
29,blue-collar,married,secondary,no,47,yes,yes,cellular,15,may,245,1,-1,0,unknown,no,2026-05-25 02:00:00
38,entrepreneur,married,secondary,no,197,no,no,unknown,17,jun,979,9,-1,0,unknown,no,2026-05-25 03:00:00
52,entrepreneur,divorced,tertiary,no,199,yes,yes,cellular,3,feb,373,1,236,2,failure,no,2026-05-25 04:00:00
61,retired,married,secondary,no,86,no,no,cellular,23,oct,149,1,-1,0,unknown,yes,2026-05-25 05:00:00
30,student,single,secondary,no,685,no,no,telephone,10,mar,230,2,-1,0,unknown,no,2026-05-25 06:00:00
46,self-employed,single,secondary,no,2899,no,no,unknown,6,jun,40,1,-1,0,unknown,no,2026-05-25 07:00:00
42,technician,divorced,secondary,no,248,no,no,cellular,19,aug,163,4,-1,0,unknown,no,2026-05-25 08:00:00
32,technician,married,secondary,no,557,yes,no,cellular,6,may,91,2,-1,0,unknown,no,2026-05-25 09:00:00
43,admin.,divorced,secondary,no,146,yes,no,cellular,7,may,274,3,358,2,failure,no,2026-05-25 10:00:00
34,services,married,secondary,no,-118,yes,no,cellular,12,may,230,1,-1,0,unknown,no,2026-05-25 11:00:00
36,blue-collar,married,secondary,no,708,yes,no,telephone,21,nov,43,1,-1,0,unknown,no,2026-05-25 12:00:00
57,management,married,tertiary,no,334,yes,no,cellular,15,may,169,2,365,2,failure,no,2026-05-25 13:00:00
31,blue-collar,married,primary,no,42,yes,no,cellular,14,may,185,3,-1,0,unknown,no,2026-05-25 14:00:00
52,blue-collar,married,secondary,no,167,no,no,unknown,16,jun,163,1,-1,0,unknown,no,2026-05-25 15:00:00
34,housemaid,married,tertiary,no,0,no,no,cellular,26,may,141,1,188,1,failure,no,2026-05-25 16:00:00
47,management,married,secondary,no,490,yes,no,unknown,28,may,227,1,-1,0,unknown,no,2026-05-25 17:00:00
37,blue-collar,married,secondary,no,-510,yes,no,unknown,30,may,461,1,-1,0,unknown,no,2026-05-25 18:00:00
39,unemployed,married,primary,no,7005,yes,no,cellular,28,jul,429,2,184,3,success,yes,2026-05-25 19:00:00
47,management,married,primary,no,1797,no,no,cellular,7,jul,62,4,-1,0,unknown,no,2026-05-25 20:00:00
31,technician,single,secondary,no,53,yes,yes,cellular,6,may,530,1,-1,0,unknown,yes,2026-05-25 21:00:00
29,management,married,tertiary,no,137,yes,yes,unknown,15,may,1088,2,-1,0,unknown,no,2026-05-25 22:00:00
28,management,married,tertiary,no,3694,no,yes,cellular,8,jul,70,2,-1,0,unknown,no,2026-05-25 23:00:00
43,blue-collar,married,primary,yes,0,no,yes,cellular,22,jul,431,8,-1,0,unknown,no,2026-05-26 00:00:00
26,student,single,secondary,no,85,yes,no,unknown,8,may,278,2,-1,0,unknown,no,2026-05-26 01:00:00
40,admin.,married,secondary,no,419,yes,yes,cellular,12,may,92,1,369,1,failure,no,2026-05-26 02:00:00
39,blue-collar,married,secondary,no,263,yes,no,cellular,18,nov,365,1,-1,0,unknown,no,2026-05-26 03:00:00
37,blue-collar,married,secondary,no,125,no,no,unknown,26,may,679,2,-1,0,unknown,yes,2026-05-26 04:00:00
39,services,married,secondary,no,87,no,no,cellular,8,jul,114,1,-1,0,unknown,no,2026-05-26 05:00:00
73,retired,married,tertiary,no,2575,no,no,cellular,17,aug,152,1,-1,0,unknown,no,2026-05-26 06:00:00
33,technician,single,secondary,no,827,yes,no,cellular,12,aug,58,4,-1,0,unknown,no,2026-05-26 07:00:00
59,management,married,tertiary,no,1889,no,no,cellular,21,jul,256,1,-1,0,unknown,no,2026-05-26 08:00:00
43,self-employed,married,primary,no,9304,no,no,cellular,8,aug,362,4,-1,0,unknown,no,2026-05-26 09:00:00
43,management,divorced,tertiary,no,3163,yes,no,cellular,22,jul,211,3,-1,0,unknown,no,2026-05-26 10:00:00
54,blue-collar,married,secondary,no,548,no,no,cellular,18,aug,520,7,-1,0,unknown,yes,2026-05-26 11:00:00
34,management,married,tertiary,no,926,no,yes,cellular,2,feb,655,2,-1,0,unknown,no,2026-05-26 12:00:00
31,self-employed,single,tertiary,yes,-282,yes,no,cellular,20,nov,131,3,-1,0,unknown,no,2026-05-26 13:00:00
29,admin.,single,secondary,no,543,yes,yes,cellular,18,may,166,1,349,5,other,no,2026-05-26 14:00:00
32,blue-collar,married,secondary,no,-249,yes,yes,cellular,21,jul,189,3,-1,0,unknown,no,2026-05-26 15:00:00
35,technician,married,secondary,no,-499,yes,no,cellular,28,jul,488,4,-1,0,unknown,no,2026-05-26 16:00:00
45,blue-collar,married,secondary,no,-302,yes,no,unknown,27,may,78,1,-1,0,unknown,no,2026-05-26 17:00:00
42,technician,married,secondary,no,1013,no,yes,cellular,28,aug,117,8,-1,0,unknown,no,2026-05-26 18:00:00
39,technician,single,tertiary,no,1190,no,no,cellular,8,aug,136,1,-1,0,unknown,no,2026-05-26 19:00:00
39,entrepreneur,married,tertiary,no,628,yes,no,cellular,9,jul,97,1,-1,0,unknown,no,2026-05-26 20:00:00
34,blue-collar,married,unknown,no,11,yes,no,cellular,8,apr,233,1,-1,0,unknown,no,2026-05-26 21:00:00
34,management,single,tertiary,no,318,yes,no,unknown,9,may,133,2,-1,0,unknown,no,2026-05-26 22:00:00
29,management,single,tertiary,no,11968,yes,no,cellular,20,apr,241,2,-1,0,unknown,no,2026-05-26 23:00:00
25,admin.,single,secondary,no,-7,no,yes,cellular,31,jul,30,36,-1,0,unknown,no,2026-05-27 00:00:00
48,blue-collar,married,secondary,no,1730,yes,no,cellular,4,feb,489,1,178,2,failure,yes,2026-05-27 01:00:00
57,technician,married,secondary,no,254,no,no,cellular,27,oct,207,1,-1,0,unknown,yes,2026-05-27 02:00:00
34,blue-collar,married,secondary,no,277,no,yes,unknown,3,jul,225,2,-1,0,unknown,no,2026-05-27 03:00:00
33,management,single,tertiary,no,62,yes,no,cellular,18,may,473,3,-1,0,unknown,yes,2026-05-27 04:00:00
38,blue-collar,married,primary,no,7944,no,no,unknown,17,jun,116,3,-1,0,unknown,no,2026-05-27 05:00:00
27,student,single,secondary,no,106,yes,no,telephone,10,jul,127,1,-1,0,unknown,no,2026-05-27 06:00:00
46,admin.,married,secondary,no,-236,yes,no,telephone,14,may,217,2,-1,0,unknown,no,2026-05-27 07:00:00
38,blue-collar,married,secondary,no,526,yes,no,unknown,20,may,919,2,-1,0,unknown,no,2026-05-27 08:00:00
36,technician,married,tertiary,no,60,no,no,cellular,19,aug,209,2,-1,0,unknown,no,2026-05-27 09:00:00
40,admin.,married,secondary,no,367,yes,no,telephone,5,feb,89,1,274,1,failure,no,2026-05-27 10:00:00
44,blue-collar,married,primary,no,10,yes,no,cellular,17,jul,196,1,-1,0,unknown,no,2026-05-27 11:00:00
24,student,single,unknown,no,839,no,no,cellular,1,jun,65,1,-1,0,unknown,no,2026-05-27 12:00:00
31,self-employed,married,tertiary,no,229,no,no,cellular,29,jan,184,1,-1,0,unknown,no,2026-05-27 13:00:00
55,management,married,tertiary,no,171,yes,no,cellular,8,aug,73,6,-1,0,unknown,no,2026-05-27 14:00:00
49,admin.,married,primary,no,305,yes,yes,unknown,26,may,232,1,-1,0,unknown,no,2026-05-27 15:00:00
43,management,divorced,tertiary,no,1819,no,yes,cellular,14,aug,41,2,-1,0,unknown,no,2026-05-27 16:00:00
53,blue-collar,married,unknown,no,111,no,no,unknown,20,jun,39,3,-1,0,unknown,no,2026-05-27 17:00:00
28,admin.,single,secondary,no,377,no,no,cellular,30,apr,571,1,-1,0,unknown,yes,2026-05-27 18:00:00
37,blue-collar,married,primary,no,0,yes,no,cellular,6,may,226,1,363,3,other,no,2026-05-27 19:00:00
58,retired,married,secondary,no,624,yes,no,cellular,12,may,393,1,-1,0,unknown,no,2026-05-27 20:00:00
57,admin.,single,secondary,no,2223,no,no,cellular,12,aug,1064,1,-1,0,unknown,yes,2026-05-27 21:00:00
40,admin.,married,secondary,yes,-279,yes,no,unknown,28,may,143,2,-1,0,unknown,no,2026-05-27 22:00:00
49,blue-collar,married,secondary,no,298,yes,no,cellular,30,apr,264,2,86,3,failure,no,2026-05-27 23:00:00
36,technician,married,tertiary,no,0,no,no,cellular,22,aug,147,2,-1,0,unknown,no,2026-05-28 00:00:00
34,technician,married,tertiary,no,8077,yes,no,cellular,20,nov,278,2,-1,0,unknown,no,2026-05-28 01:00:00
56,admin.,divorced,primary,no,0,no,yes,cellular,10,jul,542,1,-1,0,unknown,no,2026-05-28 02:00:00
44,management,married,unknown,no,21,no,no,cellular,24,aug,323,2,-1,0,unknown,no,2026-05-28 03:00:00
51,management,married,tertiary,no,4,yes,no,cellular,21,nov,58,2,-1,0,unknown,no,2026-05-28 04:00:00
43,blue-collar,married,secondary,no,1927,yes,no,cellular,19,nov,63,1,-1,0,unknown,no,2026-05-28 05:00:00
40,management,married,tertiary,no,270,no,no,unknown,16,jun,362,3,-1,0,unknown,no,2026-05-28 06:00:00
33,self-employed,married,primary,no,1862,yes,no,unknown,12,may,65,1,-1,0,unknown,no,2026-05-28 07:00:00
39,technician,married,secondary,no,0,no,no,cellular,4,aug,281,3,-1,0,unknown,no,2026-05-28 08:00:00
42,management,divorced,secondary,no,284,no,no,cellular,25,jul,1173,4,-1,0,unknown,no,2026-05-28 09:00:00
26,admin.,single,tertiary,no,2170,yes,no,cellular,26,may,81,1,29,1,failure,no,2026-05-28 10:00:00
44,admin.,married,secondary,no,0,yes,no,unknown,23,may,82,2,-1,0,unknown,no,2026-05-28 11:00:00
57,admin.,married,unknown,no,1401,no,no,cellular,21,aug,91,22,-1,0,unknown,no,2026-05-28 12:00:00
27,blue-collar,married,tertiary,no,335,yes,no,unknown,26,jun,519,3,-1,0,unknown,yes,2026-05-28 13:00:00
38,unemployed,married,secondary,no,1906,no,yes,cellular,20,nov,210,2,-1,0,unknown,no,2026-05-28 14:00:00
36,technician,single,secondary,no,265,yes,yes,cellular,2,feb,88,1,273,1,failure,no,2026-05-28 15:00:00
28,admin.,single,secondary,no,20,yes,no,cellular,14,may,17,5,370,4,other,no,2026-05-28 16:00:00
27,services,single,secondary,no,3791,yes,no,unknown,28,may,231,1,-1,0,unknown,no,2026-05-28 17:00:00
25,management,married,tertiary,no,127,yes,no,cellular,18,may,695,2,-1,0,unknown,no,2026-05-28 18:00:00
40,admin.,married,tertiary,no,0,yes,no,cellular,15,jul,125,3,-1,0,unknown,no,2026-05-28 19:00:00
56,blue-collar,married,primary,no,826,yes,no,cellular,21,jul,853,1,-1,0,unknown,no,2026-05-28 20:00:00
40,management,married,secondary,no,2596,no,no,unknown,12,jun,236,1,-1,0,unknown,no,2026-05-28 21:00:00
33,technician,single,secondary,no,-409,yes,no,unknown,28,may,96,1,-1,0,unknown,no,2026-05-28 22:00:00
60,admin.,divorced,secondary,no,663,no,yes,cellular,30,jan,385,3,197,1,other,no,2026-05-28 23:00:00
55,blue-collar,married,secondary,no,5443,no,yes,cellular,5,aug,264,2,-1,0,unknown,no,2026-05-29 00:00:00
49,blue-collar,married,primary,no,4140,no,no,cellular,7,jul,205,4,-1,0,unknown,no,2026-05-29 01:00:00
54,self-employed,married,tertiary,no,990,no,no,cellular,3,jun,244,2,-1,0,unknown,yes,2026-05-29 02:00:00
57,technician,divorced,primary,no,13,yes,no,cellular,8,may,323,2,368,2,failure,no,2026-05-29 03:00:00
48,blue-collar,single,unknown,no,2961,no,no,unknown,19,jun,361,1,-1,0,unknown,no,2026-05-29 04:00:00
20,student,single,secondary,no,53,no,no,cellular,11,aug,203,1,-1,0,unknown,no,2026-05-29 05:00:00
28,management,single,tertiary,no,1107,yes,no,unknown,26,may,144,1,-1,0,unknown,no,2026-05-29 06:00:00
34,blue-collar,single,primary,no,359,yes,no,unknown,9,may,154,3,-1,0,unknown,no,2026-05-29 07:00:00
44,unemployed,married,secondary,no,0,no,no,cellular,21,nov,175,4,-1,0,unknown,no,2026-05-29 08:00:00
48,services,married,secondary,no,4300,yes,yes,cellular,25,aug,99,6,-1,0,unknown,no,2026-05-29 09:00:00
30,blue-collar,single,secondary,no,567,yes,no,cellular,28,jul,317,5,-1,0,unknown,no,2026-05-29 10:00:00
32,blue-collar,divorced,secondary,no,86,no,yes,unknown,19,may,703,1,-1,0,unknown,no,2026-05-29 11:00:00
44,management,married,unknown,no,282,no,no,cellular,6,oct,296,3,-1,0,unknown,yes,2026-05-29 12:00:00
31,blue-collar,single,secondary,no,1000,yes,yes,unknown,27,may,191,1,-1,0,unknown,no,2026-05-29 13:00:00
36,management,single,tertiary,no,0,no,no,unknown,11,jun,33,1,-1,0,unknown,no,2026-05-29 14:00:00
37,management,divorced,secondary,no,1655,yes,no,cellular,12,may,178,1,175,2,failure,no,2026-05-29 15:00:00
39,blue-collar,married,secondary,no,366,yes,no,cellular,28,jul,551,5,-1,0,unknown,no,2026-05-29 16:00:00
49,management,married,tertiary,no,395,no,no,cellular,10,dec,336,5,-1,0,unknown,yes,2026-05-29 17:00:00
32,blue-collar,married,secondary,no,1484,yes,no,unknown,30,may,363,7,-1,0,unknown,no,2026-05-29 18:00:00
49,technician,married,tertiary,no,2950,yes,no,cellular,22,aug,91,16,-1,0,unknown,no,2026-05-29 19:00:00
70,retired,married,secondary,no,1853,no,no,telephone,26,aug,314,1,-1,0,unknown,yes,2026-05-29 20:00:00
39,technician,married,tertiary,no,794,no,no,telephone,2,feb,182,1,-1,0,unknown,no,2026-05-29 21:00:00
42,blue-collar,married,secondary,no,156,no,no,cellular,21,jul,455,4,-1,0,unknown,no,2026-05-29 22:00:00
42,services,divorced,primary,no,0,yes,no,cellular,9,feb,216,2,-1,0,unknown,no,2026-05-29 23:00:00
47,technician,married,secondary,no,-9,no,no,cellular,14,aug,457,2,-1,0,unknown,no,2026-05-30 00:00:00
73,management,married,secondary,no,683,no,no,telephone,11,aug,181,1,-1,0,unknown,no,2026-05-30 01:00:00
50,unemployed,married,secondary,no,49,yes,no,cellular,21,jul,237,1,-1,0,unknown,no,2026-05-30 02:00:00
30,management,single,tertiary,no,140,no,no,cellular,28,jan,186,1,-1,0,unknown,no,2026-05-30 03:00:00
57,technician,married,secondary,no,272,no,yes,telephone,22,jul,563,1,-1,0,unknown,no,2026-05-30 04:00:00
61,blue-collar,married,primary,no,5,no,no,cellular,6,aug,562,2,94,3,success,yes,2026-05-30 05:00:00
29,admin.,married,secondary,no,-150,yes,no,unknown,6,may,328,1,-1,0,unknown,no,2026-05-30 06:00:00
36,technician,married,secondary,no,23,yes,no,cellular,8,may,152,2,347,1,failure,no,2026-05-30 07:00:00
31,blue-collar,married,secondary,no,1981,yes,no,cellular,22,jul,437,2,-1,0,unknown,no,2026-05-30 08:00:00
48,entrepreneur,married,secondary,no,86,yes,no,unknown,13,may,98,1,-1,0,unknown,no,2026-05-30 09:00:00
36,services,married,secondary,no,3064,yes,no,telephone,11,may,1143,4,-1,0,unknown,no,2026-05-30 10:00:00
32,blue-collar,married,primary,no,1138,yes,yes,unknown,6,jun,164,4,-1,0,unknown,no,2026-05-30 11:00:00
48,retired,single,primary,no,119,no,yes,cellular,16,jul,177,1,-1,0,unknown,no,2026-05-30 12:00:00
27,management,single,tertiary,no,438,yes,no,cellular,18,may,10,5,-1,0,unknown,no,2026-05-30 13:00:00
34,admin.,divorced,secondary,no,1085,no,no,cellular,11,mar,101,7,-1,0,unknown,yes,2026-05-30 14:00:00
42,blue-collar,divorced,primary,no,28,yes,no,cellular,8,may,213,5,-1,0,unknown,no,2026-05-30 15:00:00
46,management,married,tertiary,no,523,yes,no,cellular,6,may,105,4,366,2,failure,no,2026-05-30 16:00:00
43,technician,single,tertiary,no,16,yes,no,unknown,12,may,282,4,-1,0,unknown,no,2026-05-30 17:00:00
53,housemaid,married,secondary,no,559,yes,no,telephone,25,jul,182,1,-1,0,unknown,no,2026-05-30 18:00:00
48,management,married,tertiary,no,1348,no,no,cellular,20,nov,124,1,-1,0,unknown,no,2026-05-30 19:00:00
40,services,married,secondary,no,87,yes,yes,cellular,31,jul,247,4,-1,0,unknown,no,2026-05-30 20:00:00
42,technician,divorced,tertiary,no,147,yes,no,unknown,3,jun,254,21,-1,0,unknown,no,2026-05-30 21:00:00
36,unemployed,married,secondary,yes,-318,yes,no,unknown,15,may,133,2,-1,0,unknown,no,2026-05-30 22:00:00
29,services,married,secondary,no,182,yes,no,telephone,13,may,38,3,-1,0,unknown,no,2026-05-30 23:00:00
