age,job,marital,education,default,balance,housing,loan,contact,day,month,duration,campaign,pdays,previous,poutcome,y,event_time
42,self-employed,divorced,tertiary,no,0,no,no,unknown,11,jun,694,2,-1,0,unknown,no,2025-09-22 00:00:00
31,technician,single,secondary,no,13,no,no,cellular,21,nov,208,1,-1,0,unknown,no,2025-09-22 01:00:00
27,self-employed,single,tertiary,no,1,yes,no,cellular,23,jul,171,4,-1,0,unknown,no,2025-09-22 02:00:00
47,blue-collar,married,primary,no,328,yes,no,cellular,7,may,58,1,-1,0,unknown,no,2025-09-22 03:00:00
37,management,married,tertiary,no,655,no,no,unknown,28,may,244,3,-1,0,unknown,no,2025-09-22 04:00:00
60,retired,married,tertiary,no,2868,no,no,unknown,20,jun,42,7,-1,0,unknown,no,2025-09-22 05:00:00
53,management,married,primary,no,351,yes,no,unknown,27,may,0,4,-1,0,unknown,no,2025-09-22 06:00:00
37,blue-collar,married,primary,no,0,no,no,telephone,11,may,108,2,306,1,failure,no,2025-09-22 07:00:00
54,management,married,tertiary,no,1623,no,no,cellular,31,jul,25,8,-1,0,unknown,no,2025-09-22 08:00:00
37,management,married,tertiary,no,489,yes,no,cellular,7,aug,205,5,-1,0,unknown,no,2025-09-22 09:00:00
28,unemployed,married,secondary,no,687,no,no,cellular,13,jan,113,3,33,2,other,no,2025-09-22 10:00:00
41,management,single,tertiary,no,0,no,no,cellular,7,aug,91,2,-1,0,unknown,no,2025-09-22 11:00:00
47,services,single,secondary,no,897,yes,no,telephone,13,may,48,4,176,2,failure,no,2025-09-22 12:00:00
58,blue-collar,married,secondary,no,2592,yes,no,unknown,25,jun,249,1,-1,0,unknown,no,2025-09-22 13:00:00
42,admin.,single,primary,no,629,yes,no,unknown,29,may,164,3,-1,0,unknown,no,2025-09-22 14:00:00
29,technician,married,secondary,no,444,yes,no,cellular,21,jul,130,4,-1,0,unknown,no,2025-09-22 15:00:00
54,self-employed,married,secondary,no,9,yes,no,cellular,22,jul,113,2,-1,0,unknown,no,2025-09-22 16:00:00
57,retired,divorced,secondary,no,-663,yes,no,cellular,13,may,210,1,351,2,failure,no,2025-09-22 17:00:00
48,housemaid,single,secondary,no,71,no,no,cellular,28,aug,97,3,-1,0,unknown,no,2025-09-22 18:00:00
39,admin.,single,secondary,no,1242,yes,no,unknown,12,may,303,3,-1,0,unknown,no,2025-09-22 19:00:00
30,student,single,secondary,no,2046,no,no,telephone,10,aug,133,1,-1,0,unknown,no,2025-09-22 20:00:00
33,technician,married,secondary,no,-74,yes,no,cellular,25,jul,198,4,-1,0,unknown,no,2025-09-22 21:00:00
51,unknown,divorced,unknown,no,1649,no,no,unknown,5,jun,93,1,-1,0,unknown,no,2025-09-22 22:00:00
35,unemployed,single,tertiary,no,154,no,no,cellular,29,jan,105,2,-1,0,unknown,no,2025-09-22 23:00:00
32,management,single,secondary,no,416,yes,no,cellular,13,may,290,1,176,2,failure,no,2025-09-23 00:00:00
35,blue-collar,married,secondary,no,306,no,no,unknown,20,jun,12,8,-1,0,unknown,no,2025-09-23 01:00:00
35,admin.,married,secondary,no,614,yes,no,cellular,12,may,242,2,-1,0,unknown,no,2025-09-23 02:00:00
29,admin.,married,secondary,no,0,yes,no,unknown,9,may,121,1,-1,0,unknown,no,2025-09-23 03:00:00
49,unemployed,married,tertiary,no,377,no,no,cellular,24,mar,74,2,-1,0,unknown,no,2025-09-23 04:00:00
32,technician,single,secondary,no,648,no,yes,cellular,21,jul,166,1,-1,0,unknown,no,2025-09-23 05:00:00
37,admin.,married,tertiary,no,1988,no,no,cellular,17,nov,397,2,-1,0,unknown,no,2025-09-23 06:00:00
37,blue-collar,single,primary,no,914,no,no,unknown,11,jun,72,1,-1,0,unknown,no,2025-09-23 07:00:00
58,retired,married,secondary,no,1172,no,no,cellular,31,jul,86,1,-1,0,unknown,no,2025-09-23 08:00:00
46,technician,married,secondary,no,488,no,no,unknown,5,jun,92,1,-1,0,unknown,no,2025-09-23 09:00:00
46,blue-collar,married,secondary,no,456,no,yes,cellular,18,aug,618,6,-1,0,unknown,yes,2025-09-23 10:00:00
48,admin.,divorced,secondary,no,295,yes,no,cellular,17,nov,123,1,164,2,success,no,2025-09-23 11:00:00
48,management,married,unknown,no,0,yes,no,cellular,8,may,612,1,344,1,other,no,2025-09-23 12:00:00
35,management,single,tertiary,no,3,yes,yes,cellular,6,feb,217,1,-1,0,unknown,no,2025-09-23 13:00:00
35,blue-collar,married,secondary,no,527,yes,yes,unknown,7,may,143,1,-1,0,unknown,no,2025-09-23 14:00:00
41,technician,divorced,secondary,no,348,yes,no,cellular,7,may,225,2,275,2,failure,no,2025-09-23 15:00:00
60,housemaid,married,primary,no,0,no,yes,telephone,22,jul,124,1,-1,0,unknown,no,2025-09-23 16:00:00
35,management,married,secondary,no,724,yes,no,cellular,18,oct,102,3,96,3,success,no,2025-09-23 17:00:00
30,services,married,primary,no,-224,yes,no,cellular,24,jul,79,3,-1,0,unknown,no,2025-09-23 18:00:00
33,housemaid,married,primary,no,451,yes,no,cellular,11,may,327,1,-1,0,unknown,no,2025-09-23 19:00:00
44,admin.,married,secondary,no,61,no,yes,telephone,4,feb,1261,3,-1,0,unknown,no,2025-09-23 20:00:00
53,unemployed,divorced,secondary,no,4512,no,no,unknown,19,jun,203,2,-1,0,unknown,no,2025-09-23 21:00:00
53,management,single,primary,no,208,yes,no,unknown,19,may,179,9,-1,0,unknown,no,2025-09-23 22:00:00
30,management,single,tertiary,no,232,no,no,cellular,15,apr,141,1,-1,0,unknown,yes,2025-09-23 23:00:00
31,admin.,single,tertiary,no,98,no,yes,cellular,18,jul,85,2,-1,0,unknown,no,2025-09-24 00:00:00
60,admin.,divorced,secondary,no,162,no,no,unknown,27,may,74,1,-1,0,unknown,no,2025-09-24 01:00:00
30,management,single,tertiary,no,78,yes,no,unknown,15,may,73,2,-1,0,unknown,no,2025-09-24 02:00:00
47,admin.,married,secondary,no,3676,no,no,cellular,15,jul,415,2,342,1,other,yes,2025-09-24 03:00:00
35,admin.,married,secondary,no,1345,yes,no,cellular,20,apr,163,1,271,1,failure,no,2025-09-24 04:00:00
53,management,married,secondary,no,478,yes,no,cellular,2,feb,66,1,264,2,failure,no,2025-09-24 05:00:00
36,admin.,single,secondary,no,3457,no,no,unknown,19,may,103,4,-1,0,unknown,no,2025-09-24 06:00:00
52,services,divorced,secondary,no,765,yes,no,unknown,20,jun,27,3,-1,0,unknown,no,2025-09-24 07:00:00
40,management,married,tertiary,no,158,no,no,telephone,30,apr,712,2,-1,0,unknown,yes,2025-09-24 08:00:00
32,technician,single,secondary,no,55,yes,no,cellular,18,may,185,1,-1,0,unknown,no,2025-09-24 09:00:00
47,housemaid,divorced,primary,no,61,no,no,cellular,29,jul,69,5,-1,0,unknown,no,2025-09-24 10:00:00
26,blue-collar,single,secondary,no,4751,no,no,cellular,3,feb,231,3,-1,0,unknown,no,2025-09-24 11:00:00
26,technician,married,tertiary,no,-385,yes,no,cellular,28,jul,163,3,-1,0,unknown,no,2025-09-24 12:00:00
34,services,single,secondary,no,66,no,yes,unknown,30,jun,450,2,-1,0,unknown,no,2025-09-24 13:00:00
58,management,married,tertiary,no,5680,no,no,unknown,18,jun,114,1,-1,0,unknown,no,2025-09-24 14:00:00
33,management,single,tertiary,no,283,yes,no,cellular,14,may,40,1,-1,0,unknown,no,2025-09-24 15:00:00
52,technician,married,secondary,no,989,no,no,cellular,11,aug,356,1,-1,0,unknown,no,2025-09-24 16:00:00
63,retired,married,secondary,no,1486,no,no,cellular,14,may,698,5,316,3,other,no,2025-09-24 17:00:00
58,admin.,married,secondary,no,749,yes,no,unknown,14,may,151,2,-1,0,unknown,no,2025-09-24 18:00:00
37,housemaid,divorced,secondary,no,1040,yes,no,cellular,13,may,199,1,173,2,failure,no,2025-09-24 19:00:00
59,housemaid,married,primary,no,352,no,no,telephone,21,jul,132,10,-1,0,unknown,no,2025-09-24 20:00:00
37,self-employed,married,secondary,no,487,no,yes,cellular,27,aug,155,15,-1,0,unknown,no,2025-09-24 21:00:00
40,management,married,tertiary,no,1548,yes,no,cellular,13,apr,101,3,-1,0,unknown,no,2025-09-24 22:00:00
37,management,married,tertiary,no,3556,no,no,cellular,9,nov,268,1,-1,0,unknown,yes,2025-09-24 23:00:00
42,admin.,single,secondary,no,664,yes,no,cellular,13,may,113,1,-1,0,unknown,no,2025-09-25 00:00:00
42,blue-collar,single,secondary,no,7547,no,no,cellular,29,jul,1569,2,-1,0,unknown,no,2025-09-25 01:00:00
32,management,married,tertiary,no,4945,no,no,cellular,4,jun,160,1,119,2,other,yes,2025-09-25 02:00:00
45,technician,single,secondary,no,1171,yes,no,cellular,17,nov,34,1,-1,0,unknown,no,2025-09-25 03:00:00
48,technician,married,secondary,no,98,no,no,cellular,27,aug,146,4,-1,0,unknown,no,2025-09-25 04:00:00
41,management,married,tertiary,no,0,no,yes,unknown,16,may,330,4,-1,0,unknown,no,2025-09-25 05:00:00
37,entrepreneur,married,tertiary,no,7944,no,no,cellular,21,nov,102,1,-1,0,unknown,no,2025-09-25 06:00:00
35,admin.,single,secondary,no,303,no,no,cellular,24,sep,173,2,190,10,other,yes,2025-09-25 07:00:00
39,management,married,tertiary,no,224,no,no,cellular,20,aug,414,2,-1,0,unknown,no,2025-09-25 08:00:00
33,blue-collar,single,secondary,no,15341,no,no,cellular,20,apr,335,1,334,3,failure,no,2025-09-25 09:00:00
43,blue-collar,married,secondary,no,0,no,no,unknown,6,may,187,1,-1,0,unknown,no,2025-09-25 10:00:00
44,blue-collar,married,primary,no,1766,yes,no,cellular,20,nov,100,1,-1,0,unknown,no,2025-09-25 11:00:00
40,technician,divorced,secondary,no,0,no,no,cellular,26,aug,67,2,-1,0,unknown,no,2025-09-25 12:00:00
29,management,single,tertiary,no,15459,no,no,cellular,26,may,245,3,97,7,success,no,2025-09-25 13:00:00
37,retired,divorced,secondary,no,79,no,no,cellular,15,jul,110,2,-1,0,unknown,no,2025-09-25 14:00:00
35,blue-collar,single,secondary,no,507,no,no,unknown,17,jun,43,6,-1,0,unknown,no,2025-09-25 15:00:00
56,admin.,married,secondary,no,3784,no,no,unknown,21,may,672,6,-1,0,unknown,no,2025-09-25 16:00:00
30,admin.,married,secondary,no,521,yes,no,cellular,19,nov,648,1,-1,0,unknown,no,2025-09-25 17:00:00
37,self-employed,divorced,tertiary,no,60,no,yes,unknown,4,jul,426,3,-1,0,unknown,no,2025-09-25 18:00:00
46,blue-collar,married,secondary,no,-396,no,yes,cellular,4,aug,115,1,-1,0,unknown,no,2025-09-25 19:00:00
37,blue-collar,single,secondary,no,1184,yes,no,cellular,20,nov,149,2,-1,0,unknown,no,2025-09-25 20:00:00
60,self-employed,married,tertiary,no,3,no,no,cellular,18,aug,80,2,-1,0,unknown,no,2025-09-25 21:00:00
33,admin.,divorced,tertiary,no,891,no,no,cellular,8,may,398,2,-1,0,unknown,yes,2025-09-25 22:00:00
26,student,single,secondary,no,119,no,no,cellular,3,feb,247,3,-1,0,unknown,no,2025-09-25 23:00:00
53,technician,married,unknown,no,6859,yes,no,unknown,20,jun,32,27,-1,0,unknown,no,2025-09-26 00:00:00
43,admin.,single,secondary,no,309,yes,no,telephone,6,feb,24,5,276,1,other,no,2025-09-26 01:00:00
36,admin.,single,secondary,no,133,no,no,cellular,30,jan,632,3,228,14,other,no,2025-09-26 02:00:00
38,technician,married,secondary,no,0,no,no,cellular,25,aug,431,5,-1,0,unknown,no,2025-09-26 03:00:00
42,admin.,divorced,secondary,no,490,yes,no,cellular,8,feb,203,2,188,1,failure,no,2025-09-26 04:00:00
53,blue-collar,married,primary,no,225,no,no,cellular,18,jul,171,7,-1,0,unknown,no,2025-09-26 05:00:00
40,blue-collar,married,secondary,no,1039,yes,no,cellular,20,nov,57,2,-1,0,unknown,no,2025-09-26 06:00:00
44,unemployed,divorced,primary,no,757,no,no,unknown,30,may,498,4,-1,0,unknown,no,2025-09-26 07:00:00
33,admin.,married,secondary,no,7,yes,no,cellular,17,apr,612,1,148,1,failure,no,2025-09-26 08:00:00
55,technician,married,secondary,no,57,yes,no,unknown,12,jun,331,12,-1,0,unknown,no,2025-09-26 09:00:00
31,blue-collar,divorced,secondary,no,-209,yes,no,cellular,8,may,154,3,367,2,failure,no,2025-09-26 10:00:00
31,entrepreneur,married,tertiary,no,312,no,no,cellular,29,jan,468,2,-1,0,unknown,no,2025-09-26 11:00:00
35,blue-collar,married,primary,no,0,yes,no,cellular,24,jul,90,6,-1,0,unknown,no,2025-09-26 12:00:00
29,technician,married,tertiary,no,975,no,no,unknown,1,jul,56,1,-1,0,unknown,no,2025-09-26 13:00:00
41,management,divorced,tertiary,no,4329,yes,no,cellular,13,aug,559,4,-1,0,unknown,no,2025-09-26 14:00:00
34,management,single,tertiary,no,1228,no,no,cellular,13,aug,99,2,105,10,success,no,2025-09-26 15:00:00
26,services,single,secondary,no,8206,yes,no,unknown,13,may,213,2,-1,0,unknown,no,2025-09-26 16:00:00
39,housemaid,married,primary,no,0,yes,no,cellular,19,aug,92,4,-1,0,unknown,no,2025-09-26 17:00:00
29,management,married,tertiary,no,202,yes,no,cellular,7,may,378,1,-1,0,unknown,no,2025-09-26 18:00:00
56,management,married,tertiary,no,3610,yes,no,cellular,19,nov,162,4,-1,0,unknown,no,2025-09-26 19:00:00
26,technician,single,tertiary,no,291,no,yes,cellular,8,jul,393,1,-1,0,unknown,no,2025-09-26 20:00:00
31,technician,married,tertiary,no,-502,yes,yes,unknown,26,may,523,2,-1,0,unknown,no,2025-09-26 21:00:00
22,student,single,secondary,no,3982,no,no,cellular,20,apr,206,1,-1,0,unknown,yes,2025-09-26 22:00:00
48,services,divorced,secondary,no,0,no,no,unknown,5,jun,428,1,-1,0,unknown,no,2025-09-26 23:00:00
38,technician,married,secondary,no,581,yes,no,unknown,6,may,79,1,-1,0,unknown,no,2025-09-27 00:00:00
45,services,single,primary,no,1893,yes,no,unknown,3,jun,1259,6,-1,0,unknown,yes,2025-09-27 01:00:00
48,admin.,single,secondary,no,0,yes,yes,cellular,8,jul,72,1,-1,0,unknown,no,2025-09-27 02:00:00
45,technician,married,secondary,no,999,yes,no,cellular,20,nov,215,6,188,2,failure,no,2025-09-27 03:00:00
31,management,married,unknown,no,4123,no,no,cellular,21,nov,584,2,-1,0,unknown,no,2025-09-27 04:00:00
52,management,married,primary,no,324,no,no,cellular,9,jul,81,1,-1,0,unknown,no,2025-09-27 05:00:00
29,self-employed,married,secondary,no,425,yes,no,unknown,5,jun,562,15,-1,0,unknown,yes,2025-09-27 06:00:00
49,services,divorced,secondary,no,0,no,no,cellular,28,jul,412,2,-1,0,unknown,yes,2025-09-27 07:00:00
36,management,single,primary,no,51,no,no,telephone,14,jul,179,3,-1,0,unknown,no,2025-09-27 08:00:00
62,retired,married,secondary,no,2917,no,no,cellular,11,oct,123,2,182,2,failure,no,2025-09-27 09:00:00
46,self-employed,married,secondary,no,942,no,no,cellular,11,aug,53,4,-1,0,unknown,no,2025-09-27 10:00:00
31,blue-collar,married,tertiary,no,-35,no,no,cellular,20,nov,952,2,-1,0,unknown,yes,2025-09-27 11:00:00
41,technician,married,secondary,no,1043,yes,yes,unknown,14,may,225,1,-1,0,unknown,no,2025-09-27 12:00:00
62,entrepreneur,married,secondary,no,3904,no,no,telephone,29,jan,403,2,-1,0,unknown,yes,2025-09-27 13:00:00
47,blue-collar,married,primary,no,673,yes,yes,unknown,6,jun,118,4,-1,0,unknown,no,2025-09-27 14:00:00
40,admin.,married,tertiary,no,10035,no,no,unknown,9,jun,29,1,-1,0,unknown,no,2025-09-27 15:00:00
29,student,single,tertiary,no,795,no,no,cellular,26,may,258,1,-1,0,unknown,no,2025-09-27 16:00:00
49,services,married,secondary,no,220,yes,no,cellular,28,jul,93,11,-1,0,unknown,no,2025-09-27 17:00:00
38,blue-collar,married,primary,no,0,no,no,unknown,13,may,209,2,-1,0,unknown,no,2025-09-27 18:00:00
32,management,single,tertiary,no,223,no,no,cellular,29,jan,365,1,-1,0,unknown,no,2025-09-27 19:00:00
59,technician,married,secondary,no,0,yes,yes,unknown,28,may,109,1,-1,0,unknown,no,2025-09-27 20:00:00
49,blue-collar,married,secondary,no,298,yes,no,cellular,3,feb,392,3,-1,0,unknown,no,2025-09-27 21:00:00
43,blue-collar,divorced,primary,no,515,yes,no,cellular,13,apr,199,2,146,1,failure,no,2025-09-27 22:00:00
55,management,married,tertiary,no,561,no,yes,cellular,11,jul,318,2,-1,0,unknown,no,2025-09-27 23:00:00
46,services,married,secondary,no,2381,yes,no,telephone,12,may,220,3,363,1,other,no,2025-09-28 00:00:00
39,technician,married,tertiary,no,93,no,no,cellular,20,aug,162,2,-1,0,unknown,no,2025-09-28 01:00:00
49,technician,divorced,secondary,no,-96,no,yes,cellular,12,aug,252,3,-1,0,unknown,no,2025-09-28 02:00:00
33,services,married,secondary,no,184,yes,no,unknown,13,may,109,4,-1,0,unknown,no,2025-09-28 03:00:00
36,services,divorced,secondary,no,54,yes,no,cellular,20,nov,355,6,-1,0,unknown,no,2025-09-28 04:00:00
39,admin.,single,secondary,no,163,yes,no,cellular,30,jan,107,2,-1,0,unknown,no,2025-09-28 05:00:00
40,retired,married,secondary,no,1842,no,no,unknown,15,may,56,1,-1,0,unknown,no,2025-09-28 06:00:00
53,services,married,tertiary,no,-3,no,no,cellular,8,aug,133,2,-1,0,unknown,no,2025-09-28 07:00:00
43,management,married,tertiary,no,28,yes,no,cellular,20,nov,73,1,-1,0,unknown,no,2025-09-28 08:00:00
41,technician,married,unknown,no,254,yes,no,unknown,8,may,690,1,-1,0,unknown,no,2025-09-28 09:00:00
33,admin.,married,tertiary,no,88,yes,yes,cellular,18,nov,86,1,-1,0,unknown,no,2025-09-28 10:00:00
51,unknown,married,secondary,no,0,no,no,cellular,13,aug,88,2,-1,0,unknown,no,2025-09-28 11:00:00
37,services,married,secondary,no,0,no,no,unknown,20,jun,12,14,-1,0,unknown,no,2025-09-28 12:00:00
32,admin.,married,secondary,no,0,yes,yes,unknown,1,jul,122,1,-1,0,unknown,no,2025-09-28 13:00:00
28,unemployed,single,tertiary,no,497,yes,no,cellular,24,jul,1602,6,-1,0,unknown,yes,2025-09-28 14:00:00
47,blue-collar,married,secondary,no,-337,yes,yes,cellular,12,may,366,1,-1,0,unknown,no,2025-09-28 15:00:00
54,admin.,single,secondary,no,2423,no,no,unknown,3,jun,75,4,-1,0,unknown,no,2025-09-28 16:00:00
30,technician,single,secondary,no,316,yes,yes,cellular,30,jan,130,2,2,2,other,no,2025-09-28 17:00:00
38,services,single,primary,no,471,yes,no,unknown,21,may,180,1,-1,0,unknown,no,2025-09-28 18:00:00
39,technician,married,tertiary,no,508,no,no,cellular,2,nov,154,3,-1,0,unknown,no,2025-09-28 19:00:00
57,management,married,tertiary,no,297,no,no,cellular,5,feb,633,1,-1,0,unknown,no,2025-09-28 20:00:00
27,admin.,single,secondary,no,-215,yes,no,unknown,20,may,89,3,-1,0,unknown,no,2025-09-28 21:00:00
25,technician,single,secondary,no,945,yes,no,cellular,24,jul,561,4,-1,0,unknown,no,2025-09-28 22:00:00
27,technician,single,tertiary,no,1075,no,no,cellular,2,sep,529,2,184,1,success,yes,2025-09-28 23:00:00
31,technician,single,secondary,no,674,yes,yes,unknown,3,jun,150,3,-1,0,unknown,no,2025-09-29 00:00:00
32,management,single,tertiary,no,752,yes,no,cellular,15,jul,256,5,-1,0,unknown,no,2025-09-29 01:00:00
35,management,married,secondary,no,724,yes,no,cellular,14,jul,287,2,415,1,failure,yes,2025-09-29 02:00:00
30,technician,married,secondary,no,-306,yes,yes,cellular,18,nov,372,1,186,1,failure,no,2025-09-29 03:00:00
45,self-employed,married,secondary,no,1113,yes,no,unknown,16,may,67,2,-1,0,unknown,no,2025-09-29 04:00:00
40,blue-collar,divorced,secondary,no,-90,yes,no,unknown,28,may,130,1,-1,0,unknown,no,2025-09-29 05:00:00
36,technician,single,tertiary,no,3241,yes,yes,cellular,17,apr,1184,2,-1,0,unknown,no,2025-09-29 06:00:00
39,blue-collar,divorced,secondary,no,0,yes,no,cellular,11,may,275,2,307,1,other,no,2025-09-29 07:00:00
30,admin.,single,secondary,no,914,yes,no,cellular,28,oct,524,3,272,1,failure,yes,2025-09-29 08:00:00
57,retired,married,primary,no,592,no,yes,cellular,28,jul,87,5,-1,0,unknown,no,2025-09-29 09:00:00
26,blue-collar,married,secondary,no,0,yes,no,cellular,6,may,320,3,-1,0,unknown,no,2025-09-29 10:00:00
36,blue-collar,married,secondary,no,-318,yes,no,cellular,14,jul,135,2,-1,0,unknown,no,2025-09-29 11:00:00
47,unemployed,married,tertiary,no,1725,yes,yes,cellular,30,oct,183,2,-1,0,unknown,no,2025-09-29 12:00:00
50,technician,single,secondary,no,-97,yes,no,cellular,8,apr,425,1,306,2,failure,no,2025-09-29 13:00:00
29,self-employed,single,tertiary,no,805,no,no,cellular,1,jul,302,2,128,8,success,no,2025-09-29 14:00:00
47,blue-collar,married,secondary,no,668,yes,no,cellular,4,may,230,6,354,2,success,no,2025-09-29 15:00:00
30,services,single,secondary,no,-174,yes,no,unknown,7,may,113,1,-1,0,unknown,no,2025-09-29 16:00:00
62,blue-collar,married,primary,no,1381,no,no,cellular,19,oct,1020,1,-1,0,unknown,no,2025-09-29 17:00:00
39,technician,married,secondary,no,24,yes,no,cellular,28,jan,79,4,-1,0,unknown,no,2025-09-29 18:00:00
31,housemaid,single,secondary,no,540,no,no,unknown,21,may,227,3,-1,0,unknown,no,2025-09-29 19:00:00
36,services,divorced,secondary,no,82,yes,no,cellular,10,jul,226,1,-1,0,unknown,no,2025-09-29 20:00:00
57,retired,married,primary,no,2961,no,no,cellular,20,apr,128,2,-1,0,unknown,no,2025-09-29 21:00:00
36,blue-collar,married,unknown,no,722,yes,no,unknown,20,may,268,2,-1,0,unknown,no,2025-09-29 22:00:00
32,management,single,tertiary,yes,-3,yes,no,unknown,13,may,500,2,-1,0,unknown,no,2025-09-29 23:00:00
58,retired,single,primary,no,6570,no,no,cellular,21,jul,106,3,-1,0,unknown,no,2025-09-30 00:00:00
51,services,married,secondary,no,0,no,yes,unknown,26,jun,565,3,-1,0,unknown,no,2025-09-30 01:00:00
36,management,married,primary,no,1506,no,no,cellular,14,aug,326,3,-1,0,unknown,yes,2025-09-30 02:00:00
40,blue-collar,married,primary,no,540,yes,no,unknown,2,jun,21,1,-1,0,unknown,no,2025-09-30 03:00:00
31,management,single,tertiary,no,9421,no,no,cellular,25,nov,372,1,-1,0,unknown,yes,2025-09-30 04:00:00
46,housemaid,married,primary,no,1676,no,no,unknown,6,jun,56,2,-1,0,unknown,no,2025-09-30 05:00:00
33,blue-collar,married,primary,no,198,yes,no,unknown,7,may,121,2,-1,0,unknown,no,2025-09-30 06:00:00
37,management,married,tertiary,no,596,yes,no,cellular,13,may,281,1,345,2,failure,no,2025-09-30 07:00:00
46,blue-collar,married,primary,no,-169,no,yes,unknown,29,may,336,3,-1,0,unknown,no,2025-09-30 08:00:00
51,technician,married,secondary,no,-1042,yes,no,unknown,27,may,272,2,-1,0,unknown,no,2025-09-30 09:00:00
48,self-employed,married,secondary,no,252,no,no,cellular,7,jul,261,5,-1,0,unknown,no,2025-09-30 10:00:00
53,blue-collar,married,primary,no,901,no,yes,telephone,30,jan,1431,2,-1,0,unknown,no,2025-09-30 11:00:00
32,admin.,married,secondary,no,552,yes,no,cellular,6,may,98,2,-1,0,unknown,no,2025-09-30 12:00:00
32,blue-collar,married,secondary,no,889,yes,no,cellular,3,jun,1076,2,85,3,other,yes,2025-09-30 13:00:00
52,services,married,secondary,no,2081,yes,no,unknown,29,may,150,1,-1,0,unknown,no,2025-09-30 14:00:00
50,blue-collar,single,primary,no,496,yes,no,cellular,8,may,108,1,-1,0,unknown,no,2025-09-30 15:00:00
58,housemaid,married,secondary,no,2705,no,no,telephone,14,aug,137,1,-1,0,unknown,no,2025-09-30 16:00:00
32,admin.,single,secondary,no,217,yes,no,unknown,5,may,345,1,-1,0,unknown,no,2025-09-30 17:00:00
38,admin.,divorced,secondary,no,382,yes,no,cellular,17,apr,397,1,-1,0,unknown,no,2025-09-30 18:00:00
53,blue-collar,married,secondary,no,314,yes,no,unknown,28,may,184,2,-1,0,unknown,no,2025-09-30 19:00:00
22,student,single,secondary,no,144,no,no,cellular,21,aug,116,1,-1,0,unknown,yes,2025-09-30 20:00:00
31,entrepreneur,single,unknown,no,301,yes,no,cellular,4,feb,371,1,-1,0,unknown,no,2025-09-30 21:00:00
32,blue-collar,single,primary,no,405,yes,no,unknown,26,may,200,1,-1,0,unknown,no,2025-09-30 22:00:00
35,blue-collar,married,secondary,no,496,yes,no,cellular,18,nov,135,3,-1,0,unknown,no,2025-09-30 23:00:00
41,admin.,divorced,primary,no,4070,yes,no,unknown,6,may,140,2,-1,0,unknown,no,2025-10-01 00:00:00
49,blue-collar,married,secondary,no,825,yes,no,cellular,17,jul,22,1,-1,0,unknown,no,2025-10-01 01:00:00
39,self-employed,married,tertiary,no,3201,no,no,unknown,6,jun,197,2,-1,0,unknown,no,2025-10-01 02:00:00
42,unemployed,divorced,secondary,no,325,yes,no,unknown,28,may,97,4,-1,0,unknown,no,2025-10-01 03:00:00
56,blue-collar,married,primary,no,-85,yes,yes,unknown,26,may,118,1,-1,0,unknown,no,2025-10-01 04:00:00
53,admin.,married,secondary,no,8892,yes,no,cellular,13,may,177,1,174,1,failure,no,2025-10-01 05:00:00
38,housemaid,divorced,primary,no,359,no,no,unknown,9,jun,242,4,-1,0,unknown,no,2025-10-01 06:00:00
51,self-employed,married,secondary,no,-201,no,yes,cellular,9,jul,153,2,-1,0,unknown,no,2025-10-01 07:00:00
34,services,divorced,secondary,no,107,no,yes,cellular,18,nov,110,2,-1,0,unknown,no,2025-10-01 08:00:00
56,management,divorced,tertiary,no,66,no,yes,cellular,30,jul,72,4,-1,0,unknown,no,2025-10-01 09:00:00
37,blue-collar,divorced,secondary,no,0,yes,yes,cellular,4,feb,131,1,-1,0,unknown,no,2025-10-01 10:00:00
44,technician,married,secondary,no,682,no,no,cellular,27,aug,85,3,-1,0,unknown,no,2025-10-01 11:00:00
30,management,single,tertiary,no,2,no,no,cellular,27,aug,19,21,-1,0,unknown,no,2025-10-01 12:00:00
38,management,married,tertiary,no,0,yes,no,cellular,4,feb,138,1,-1,0,unknown,no,2025-10-01 13:00:00
35,management,married,tertiary,no,1942,yes,no,unknown,8,may,249,1,-1,0,unknown,no,2025-10-01 14:00:00
41,technician,married,secondary,no,1226,no,no,cellular,18,nov,261,1,-1,0,unknown,no,2025-10-01 15:00:00
34,admin.,single,secondary,no,69,yes,no,telephone,6,may,92,3,362,4,other,no,2025-10-01 16:00:00
54,blue-collar,married,secondary,no,5372,yes,no,telephone,3,feb,221,2,-1,0,unknown,no,2025-10-01 17:00:00
33,entrepreneur,married,secondary,no,1996,yes,no,cellular,15,may,72,2,178,1,failure,no,2025-10-01 18:00:00
26,admin.,single,unknown,no,677,no,no,cellular,4,may,399,1,-1,0,unknown,no,2025-10-01 19:00:00
33,services,married,secondary,no,0,no,yes,cellular,8,jul,285,1,-1,0,unknown,no,2025-10-01 20:00:00
57,blue-collar,married,primary,no,403,yes,no,telephone,17,feb,63,2,-1,0,unknown,no,2025-10-01 21:00:00
40,blue-collar,married,secondary,no,-605,yes,yes,unknown,3,jun,143,1,-1,0,unknown,no,2025-10-01 22:00:00
30,housemaid,single,secondary,no,1924,no,no,cellular,6,feb,170,1,-1,0,unknown,no,2025-10-01 23:00:00
40,management,married,tertiary,no,1584,yes,no,telephone,21,nov,661,1,-1,0,unknown,no,2025-10-02 00:00:00
45,management,married,tertiary,no,2022,no,no,unknown,30,may,340,1,-1,0,unknown,no,2025-10-02 01:00:00
43,blue-collar,divorced,secondary,no,370,yes,no,unknown,7,may,216,1,-1,0,unknown,no,2025-10-02 02:00:00
32,blue-collar,married,primary,no,9750,yes,no,cellular,21,nov,51,2,-1,0,unknown,no,2025-10-02 03:00:00
30,technician,married,secondary,no,1534,yes,yes,unknown,15,may,243,1,-1,0,unknown,no,2025-10-02 04:00:00
46,blue-collar,married,secondary,no,312,yes,no,cellular,14,may,20,2,-1,0,unknown,no,2025-10-02 05:00:00
40,blue-collar,married,secondary,no,1808,yes,no,cellular,12,may,560,1,-1,0,unknown,yes,2025-10-02 06:00:00
34,unknown,married,secondary,no,1434,no,no,cellular,21,nov,50,2,-1,0,unknown,no,2025-10-02 07:00:00
50,retired,married,secondary,no,6998,yes,no,unknown,29,may,1196,1,-1,0,unknown,no,2025-10-02 08:00:00
37,unemployed,single,secondary,no,381,yes,no,unknown,8,may,985,2,-1,0,unknown,yes,2025-10-02 09:00:00
67,retired,married,primary,no,585,no,no,cellular,12,jan,164,1,148,1,failure,no,2025-10-02 10:00:00
27,management,married,tertiary,no,9630,yes,no,cellular,25,jul,190,4,-1,0,unknown,no,2025-10-02 11:00:00
27,technician,single,secondary,no,155,yes,no,cellular,18,may,26,4,-1,0,unknown,no,2025-10-02 12:00:00
26,blue-collar,single,secondary,no,494,no,no,cellular,2,feb,237,1,-1,0,unknown,no,2025-10-02 13:00:00
37,services,married,secondary,no,1372,yes,no,unknown,6,jun,129,2,-1,0,unknown,no,2025-10-02 14:00:00
36,housemaid,single,tertiary,no,561,no,no,unknown,6,jun,274,2,-1,0,unknown,no,2025-10-02 15:00:00
34,blue-collar,married,secondary,no,2447,yes,no,cellular,14,may,330,2,-1,0,unknown,no,2025-10-02 16:00:00
52,technician,married,tertiary,no,646,yes,no,cellular,20,apr,220,1,-1,0,unknown,no,2025-10-02 17:00:00
37,management,married,tertiary,no,308,yes,no,unknown,7,may,96,3,-1,0,unknown,no,2025-10-02 18:00:00
38,housemaid,married,tertiary,no,1437,yes,no,telephone,21,jul,100,11,-1,0,unknown,no,2025-10-02 19:00:00
46,technician,single,secondary,no,1758,yes,no,cellular,18,nov,109,1,-1,0,unknown,no,2025-10-02 20:00:00
40,blue-collar,married,primary,no,3090,yes,no,cellular,13,apr,664,1,-1,0,unknown,no,2025-10-02 21:00:00
35,management,divorced,tertiary,no,153,no,no,cellular,9,jul,593,2,-1,0,unknown,no,2025-10-02 22:00:00
45,blue-collar,married,unknown,no,458,yes,yes,cellular,11,jul,145,2,-1,0,unknown,no,2025-10-02 23:00:00
35,blue-collar,married,primary,no,1749,yes,no,cellular,18,may,63,5,363,11,other,no,2025-10-03 00:00:00
33,services,married,secondary,no,114,no,yes,unknown,3,jul,676,1,-1,0,unknown,yes,2025-10-03 01:00:00
37,management,married,tertiary,no,5355,no,no,telephone,17,feb,466,4,-1,0,unknown,yes,2025-10-03 02:00:00
32,self-employed,married,tertiary,no,518,no,no,cellular,27,aug,462,5,-1,0,unknown,no,2025-10-03 03:00:00
39,blue-collar,married,unknown,no,295,yes,no,cellular,3,feb,254,1,-1,0,unknown,no,2025-10-03 04:00:00
36,blue-collar,married,primary,no,223,yes,no,unknown,14,jul,12,3,-1,0,unknown,no,2025-10-03 05:00:00
36,management,married,tertiary,no,396,no,no,cellular,13,aug,67,5,-1,0,unknown,no,2025-10-03 06:00:00
28,admin.,married,secondary,no,84,yes,yes,cellular,14,may,287,1,-1,0,unknown,no,2025-10-03 07:00:00
41,blue-collar,married,primary,no,3722,yes,no,unknown,19,may,590,2,-1,0,unknown,no,2025-10-03 08:00:00
47,self-employed,married,tertiary,no,-80,yes,no,cellular,6,feb,150,3,270,2,failure,no,2025-10-03 09:00:00
58,entrepreneur,married,secondary,no,2429,no,yes,unknown,20,may,446,7,-1,0,unknown,no,2025-10-03 10:00:00
32,technician,single,tertiary,no,539,yes,yes,unknown,23,may,281,2,-1,0,unknown,no,2025-10-03 11:00:00
52,management,divorced,tertiary,no,2104,no,no,cellular,3,jun,210,2,-1,0,unknown,yes,2025-10-03 12:00:00
28,blue-collar,single,secondary,no,56,yes,no,unknown,23,may,66,1,-1,0,unknown,no,2025-10-03 13:00:00
27,admin.,divorced,secondary,no,451,yes,no,cellular,16,jul,652,1,-1,0,unknown,yes,2025-10-03 14:00:00
45,blue-collar,married,secondary,no,146,yes,yes,unknown,5,jun,22,15,-1,0,unknown,no,2025-10-03 15:00:00
38,technician,single,tertiary,no,1113,no,no,unknown,20,jun,34,4,-1,0,unknown,no,2025-10-03 16:00:00
34,services,married,secondary,no,70,yes,yes,unknown,23,may,138,4,-1,0,unknown,no,2025-10-03 17:00:00
37,blue-collar,married,secondary,no,934,no,no,unknown,9,may,258,2,-1,0,unknown,no,2025-10-03 18:00:00
24,blue-collar,married,secondary,no,-220,yes,no,cellular,2,apr,90,1,-1,0,unknown,no,2025-10-03 19:00:00
41,management,married,tertiary,no,8902,yes,no,cellular,20,apr,16,3,249,5,failure,no,2025-10-03 20:00:00
47,services,divorced,primary,no,91,yes,no,cellular,17,apr,473,2,339,1,failure,no,2025-10-03 21:00:00
33,blue-collar,married,secondary,no,24,yes,no,cellular,18,nov,184,1,-1,0,unknown,no,2025-10-03 22:00:00
56,retired,married,secondary,no,343,no,yes,cellular,9,jul,77,1,-1,0,unknown,no,2025-10-03 23:00:00
29,admin.,single,secondary,no,3986,yes,no,unknown,9,may,488,2,-1,0,unknown,no,2025-10-04 00:00:00
39,blue-collar,married,primary,no,1433,yes,no,cellular,8,may,182,2,366,1,other,no,2025-10-04 01:00:00
36,management,married,tertiary,no,-1629,yes,yes,cellular,28,jul,337,2,-1,0,unknown,no,2025-10-04 02:00:00
29,services,married,tertiary,no,6,yes,no,unknown,28,may,143,2,-1,0,unknown,no,2025-10-04 03:00:00
28,admin.,single,secondary,no,-126,no,yes,cellular,8,jul,360,4,-1,0,unknown,no,2025-10-04 04:00:00
39,blue-collar,married,secondary,no,660,yes,yes,cellular,7,may,93,4,168,3,failure,no,2025-10-04 05:00:00
36,blue-collar,single,primary,no,20,yes,no,unknown,21,may,87,14,-1,0,unknown,no,2025-10-04 06:00:00
61,retired,divorced,secondary,no,1761,no,no,cellular,7,dec,334,3,-1,0,unknown,no,2025-10-04 07:00:00
82,retired,divorced,primary,no,1419,no,no,telephone,26,mar,139,1,-1,0,unknown,no,2025-10-04 08:00:00
32,blue-collar,single,secondary,no,138,yes,no,cellular,15,may,215,2,-1,0,unknown,no,2025-10-04 09:00:00
31,housemaid,married,secondary,no,0,yes,no,cellular,21,jul,171,1,-1,0,unknown,no,2025-10-04 10:00:00
40,admin.,single,secondary,no,877,yes,no,cellular,21,nov,12,3,177,6,failure,no,2025-10-04 11:00:00
57,technician,single,secondary,no,104,no,no,cellular,21,aug,297,2,-1,0,unknown,no,2025-10-04 12:00:00
33,technician,single,tertiary,no,127,yes,no,cellular,6,apr,583,2,222,17,failure,yes,2025-10-04 13:00:00
60,technician,married,secondary,no,294,no,no,telephone,18,dec,104,5,198,4,success,no,2025-10-04 14:00:00
53,blue-collar,married,secondary,no,2,yes,no,unknown,16,may,851,2,-1,0,unknown,no,2025-10-04 15:00:00
56,retired,married,primary,no,1947,no,no,cellular,30,apr,441,2,-1,0,unknown,no,2025-10-04 16:00:00
36,blue-collar,divorced,secondary,no,3102,yes,no,cellular,16,apr,188,1,147,1,failure,no,2025-10-04 17:00:00
52,technician,married,secondary,no,5006,yes,no,unknown,15,may,112,1,-1,0,unknown,no,2025-10-04 18:00:00
52,management,married,tertiary,no,-1112,yes,no,cellular,9,jul,94,1,-1,0,unknown,no,2025-10-04 19:00:00
29,self-employed,married,secondary,no,-76,yes,no,unknown,27,may,305,2,-1,0,unknown,no,2025-10-04 20:00:00
39,management,divorced,tertiary,no,5988,yes,yes,cellular,6,aug,225,2,-1,0,unknown,no,2025-10-04 21:00:00
32,technician,married,unknown,no,14533,no,no,cellular,31,dec,646,3,198,2,success,no,2025-10-04 22:00:00
32,technician,divorced,secondary,no,3717,no,yes,cellular,24,jul,91,1,-1,0,unknown,no,2025-10-04 23:00:00
50,admin.,married,secondary,no,106,no,yes,cellular,7,aug,59,2,-1,0,unknown,no,2025-10-05 00:00:00
33,technician,divorced,secondary,no,9,no,no,cellular,21,aug,91,2,-1,0,unknown,no,2025-10-05 01:00:00
25,unemployed,married,secondary,no,157,yes,no,cellular,28,jul,33,31,-1,0,unknown,no,2025-10-05 02:00:00
32,services,married,secondary,no,1076,no,no,cellular,15,jul,353,3,-1,0,unknown,no,2025-10-05 03:00:00
39,blue-collar,married,secondary,no,0,yes,no,cellular,15,jul,103,4,-1,0,unknown,no,2025-10-05 04:00:00
47,blue-collar,married,primary,no,209,no,no,cellular,27,aug,77,6,-1,0,unknown,no,2025-10-05 05:00:00
50,technician,married,secondary,no,1130,yes,no,cellular,23,jul,119,2,-1,0,unknown,no,2025-10-05 06:00:00
46,technician,married,secondary,no,159,no,yes,cellular,11,aug,139,4,-1,0,unknown,no,2025-10-05 07:00:00
40,technician,married,secondary,no,96,yes,yes,unknown,26,may,29,2,-1,0,unknown,no,2025-10-05 08:00:00
59,retired,single,secondary,no,1150,no,no,unknown,11,jun,91,1,-1,0,unknown,no,2025-10-05 09:00:00
41,blue-collar,single,primary,no,1618,yes,no,unknown,14,may,1553,1,-1,0,unknown,yes,2025-10-05 10:00:00
29,management,single,tertiary,no,428,no,no,cellular,22,may,293,2,-1,0,unknown,yes,2025-10-05 11:00:00
32,management,married,tertiary,no,3154,no,no,cellular,20,apr,96,2,150,2,failure,no,2025-10-05 12:00:00
26,admin.,single,tertiary,no,3672,yes,no,unknown,29,may,360,5,-1,0,unknown,no,2025-10-05 13:00:00
37,blue-collar,divorced,secondary,no,277,no,yes,cellular,8,jul,338,2,-1,0,unknown,no,2025-10-05 14:00:00
60,housemaid,divorced,secondary,no,2063,no,no,cellular,17,feb,73,2,-1,0,unknown,no,2025-10-05 15:00:00
36,blue-collar,married,secondary,no,0,yes,no,cellular,7,may,332,1,-1,0,unknown,no,2025-10-05 16:00:00
45,blue-collar,married,primary,no,0,no,no,cellular,26,aug,454,2,-1,0,unknown,no,2025-10-05 17:00:00
24,admin.,single,tertiary,no,454,yes,no,cellular,15,jun,139,1,-1,0,unknown,no,2025-10-05 18:00:00
36,self-employed,married,secondary,no,44,yes,no,cellular,18,nov,199,1,-1,0,unknown,no,2025-10-05 19:00:00
51,technician,divorced,secondary,no,0,no,no,cellular,11,aug,177,2,-1,0,unknown,no,2025-10-05 20:00:00
32,self-employed,single,tertiary,no,12269,no,no,unknown,16,may,141,1,-1,0,unknown,no,2025-10-05 21:00:00
19,student,single,unknown,no,5368,no,no,cellular,4,may,77,6,-1,0,unknown,no,2025-10-05 22:00:00
36,management,married,tertiary,no,1988,yes,yes,cellular,25,jul,102,2,-1,0,unknown,no,2025-10-05 23:00:00
31,management,single,tertiary,no,2915,no,no,cellular,3,feb,211,1,-1,0,unknown,no,2025-10-06 00:00:00
62,unemployed,married,primary,no,532,no,no,cellular,31,aug,298,2,300,1,other,no,2025-10-06 01:00:00
39,technician,single,secondary,no,4646,yes,no,cellular,18,nov,486,1,-1,0,unknown,yes,2025-10-06 02:00:00
44,admin.,single,secondary,no,10386,yes,no,cellular,20,nov,95,1,-1,0,unknown,no,2025-10-06 03:00:00
35,management,married,tertiary,no,1100,no,yes,cellular,29,jan,127,2,-1,0,unknown,no,2025-10-06 04:00:00
36,management,married,tertiary,no,0,yes,no,telephone,23,oct,140,1,143,3,failure,yes,2025-10-06 05:00:00
24,technician,single,secondary,no,3843,no,no,cellular,15,jul,561,2,-1,0,unknown,no,2025-10-06 06:00:00
36,admin.,married,secondary,no,606,yes,no,cellular,2,feb,102,2,-1,0,unknown,no,2025-10-06 07:00:00
59,technician,married,secondary,no,1139,no,no,cellular,14,jul,607,2,-1,0,unknown,no,2025-10-06 08:00:00
52,management,married,tertiary,no,-542,no,no,cellular,28,aug,80,2,-1,0,unknown,no,2025-10-06 09:00:00
31,management,single,tertiary,no,1675,no,no,cellular,2,sep,114,2,363,1,failure,no,2025-10-06 10:00:00
30,management,married,tertiary,no,11,no,no,cellular,15,jul,84,5,-1,0,unknown,no,2025-10-06 11:00:00
38,unemployed,married,primary,no,7005,yes,no,cellular,25,jan,696,1,202,2,success,yes,2025-10-06 12:00:00
41,admin.,divorced,secondary,no,2970,no,yes,unknown,27,jun,169,2,-1,0,unknown,no,2025-10-06 13:00:00
27,technician,single,tertiary,no,667,no,no,cellular,29,jan,866,2,-1,0,unknown,yes,2025-10-06 14:00:00
59,blue-collar,married,secondary,no,16869,no,no,cellular,19,nov,107,1,-1,0,unknown,no,2025-10-06 15:00:00
32,housemaid,married,primary,no,-184,yes,no,cellular,6,feb,129,2,197,1,failure,no,2025-10-06 16:00:00
58,blue-collar,married,secondary,no,3027,yes,no,cellular,27,oct,120,1,186,1,success,no,2025-10-06 17:00:00
45,technician,divorced,secondary,no,441,yes,no,cellular,2,feb,535,1,-1,0,unknown,no,2025-10-06 18:00:00
40,technician,married,tertiary,no,253,yes,no,cellular,14,may,377,4,280,2,other,no,2025-10-06 19:00:00
51,blue-collar,married,primary,no,1126,yes,no,cellular,17,apr,326,3,-1,0,unknown,no,2025-10-06 20:00:00
44,technician,married,secondary,no,7863,no,no,cellular,26,aug,59,6,-1,0,unknown,no,2025-10-06 21:00:00
30,management,single,tertiary,no,59,yes,yes,unknown,8,may,202,1,-1,0,unknown,no,2025-10-06 22:00:00
52,self-employed,married,tertiary,no,730,yes,no,cellular,30,oct,180,2,-1,0,unknown,no,2025-10-06 23:00:00
32,management,single,tertiary,no,-252,yes,no,cellular,15,may,250,1,-1,0,unknown,no,2025-10-07 00:00:00
29,blue-collar,married,secondary,no,247,no,yes,cellular,7,jul,199,1,-1,0,unknown,no,2025-10-07 01:00:00
43,management,divorced,tertiary,no,3257,yes,no,unknown,27,may,120,2,-1,0,unknown,no,2025-10-07 02:00:00
41,admin.,single,secondary,no,812,no,yes,unknown,11,jun,583,4,-1,0,unknown,yes,2025-10-07 03:00:00
53,blue-collar,married,secondary,yes,20,yes,no,cellular,8,may,273,1,-1,0,unknown,no,2025-10-07 04:00:00
31,management,married,tertiary,no,69,no,no,cellular,20,aug,195,2,-1,0,unknown,no,2025-10-07 05:00:00
33,management,married,secondary,no,588,yes,no,cellular,18,may,11,5,-1,0,unknown,no,2025-10-07 06:00:00
46,management,single,tertiary,no,2154,yes,no,cellular,21,jul,87,4,-1,0,unknown,no,2025-10-07 07:00:00
45,admin.,married,secondary,no,194,no,no,cellular,31,jul,517,4,-1,0,unknown,no,2025-10-07 08:00:00
31,management,married,tertiary,no,0,yes,yes,cellular,28,jul,664,8,-1,0,unknown,yes,2025-10-07 09:00:00
40,housemaid,single,primary,no,109,yes,no,cellular,8,may,308,1,367,3,failure,no,2025-10-07 10:00:00
35,blue-collar,divorced,secondary,no,105,yes,yes,unknown,28,may,118,1,-1,0,unknown,no,2025-10-07 11:00:00
35,blue-collar,married,primary,no,0,no,no,cellular,31,jul,57,4,-1,0,unknown,no,2025-10-07 12:00:00
44,management,single,secondary,no,421,no,yes,cellular,5,aug,307,1,-1,0,unknown,no,2025-10-07 13:00:00
28,technician,single,secondary,no,6551,no,no,cellular,26,may,362,1,77,1,failure,no,2025-10-07 14:00:00
30,admin.,married,secondary,no,-44,yes,no,cellular,17,jul,97,1,-1,0,unknown,no,2025-10-07 15:00:00
29,admin.,single,secondary,no,11,no,no,unknown,27,jun,326,1,-1,0,unknown,no,2025-10-07 16:00:00
34,technician,married,tertiary,no,2656,yes,no,cellular,24,jul,302,1,-1,0,unknown,no,2025-10-07 17:00:00
46,management,single,secondary,no,1605,no,no,cellular,31,jul,126,6,-1,0,unknown,no,2025-10-07 18:00:00
38,admin.,married,secondary,no,545,no,no,unknown,12,jun,436,1,-1,0,unknown,no,2025-10-07 19:00:00
54,housemaid,married,tertiary,no,440,no,no,cellular,19,nov,89,1,-1,0,unknown,no,2025-10-07 20:00:00
41,admin.,single,unknown,no,350,yes,no,cellular,29,jan,103,1,-1,0,unknown,no,2025-10-07 21:00:00
45,admin.,married,tertiary,no,2552,no,no,cellular,12,aug,149,7,-1,0,unknown,no,2025-10-07 22:00:00
53,technician,divorced,secondary,no,2156,yes,no,cellular,23,jul,671,4,-1,0,unknown,no,2025-10-07 23:00:00
47,blue-collar,married,primary,no,699,no,no,cellular,5,aug,203,1,-1,0,unknown,no,2025-10-08 00:00:00
42,technician,married,secondary,no,2030,yes,yes,cellular,9,jul,196,1,-1,0,unknown,no,2025-10-08 01:00:00
51,technician,married,tertiary,no,5059,yes,no,cellular,31,jul,189,2,-1,0,unknown,no,2025-10-08 02:00:00
40,blue-collar,married,primary,no,451,yes,no,cellular,6,feb,356,3,262,1,failure,no,2025-10-08 03:00:00
40,blue-collar,single,primary,no,118,no,no,unknown,23,feb,16,1,-1,0,unknown,no,2025-10-08 04:00:00
44,admin.,married,secondary,no,-314,no,no,cellular,18,may,144,3,-1,0,unknown,no,2025-10-08 05:00:00
28,student,single,secondary,no,24,yes,no,cellular,29,jan,284,2,196,2,failure,no,2025-10-08 06:00:00
34,technician,married,tertiary,no,7050,no,no,cellular,7,aug,130,1,-1,0,unknown,yes,2025-10-08 07:00:00
56,technician,married,secondary,no,0,yes,no,cellular,20,apr,249,1,-1,0,unknown,no,2025-10-08 08:00:00
57,technician,married,secondary,no,0,yes,yes,unknown,30,may,200,2,-1,0,unknown,no,2025-10-08 09:00:00
25,services,single,secondary,no,54,yes,no,unknown,13,may,318,2,-1,0,unknown,no,2025-10-08 10:00:00
56,retired,married,secondary,no,393,no,yes,cellular,26,jul,183,1,221,2,failure,yes,2025-10-08 11:00:00
44,management,married,tertiary,no,1451,yes,no,cellular,5,feb,80,7,80,15,failure,no,2025-10-08 12:00:00
57,unknown,married,primary,no,8,no,no,telephone,19,oct,270,2,-1,0,unknown,no,2025-10-08 13:00:00
35,housemaid,married,secondary,no,14000,no,no,unknown,9,jun,121,2,-1,0,unknown,no,2025-10-08 14:00:00
34,management,married,tertiary,no,5399,no,no,cellular,19,aug,227,4,-1,0,unknown,no,2025-10-08 15:00:00
27,blue-collar,single,secondary,no,535,yes,no,unknown,2,jun,360,2,-1,0,unknown,no,2025-10-08 16:00:00
45,technician,single,tertiary,no,2100,yes,no,cellular,23,jul,285,2,-1,0,unknown,no,2025-10-08 17:00:00
30,technician,single,tertiary,no,3,yes,no,cellular,6,may,45,2,169,2,failure,no,2025-10-08 18:00:00
29,housemaid,married,primary,no,132,no,no,cellular,5,feb,559,5,-1,0,unknown,no,2025-10-08 19:00:00
45,services,married,secondary,no,0,yes,yes,unknown,23,may,268,1,-1,0,unknown,no,2025-10-08 20:00:00
41,technician,married,secondary,no,-378,yes,no,cellular,5,feb,361,1,253,2,failure,no,2025-10-08 21:00:00
35,services,single,secondary,no,568,yes,no,unknown,16,may,469,2,-1,0,unknown,no,2025-10-08 22:00:00
59,entrepreneur,married,tertiary,no,631,yes,no,unknown,12,jun,167,1,-1,0,unknown,no,2025-10-08 23:00:00
54,blue-collar,married,secondary,no,688,yes,no,cellular,4,feb,379,2,-1,0,unknown,no,2025-10-09 00:00:00
43,management,married,tertiary,no,1429,yes,no,cellular,7,may,1030,1,169,3,success,yes,2025-10-09 01:00:00
32,management,married,tertiary,no,250,yes,no,cellular,1,apr,247,2,-1,0,unknown,no,2025-10-09 02:00:00
55,management,divorced,tertiary,no,0,no,no,cellular,18,aug,309,4,-1,0,unknown,yes,2025-10-09 03:00:00
28,blue-collar,single,secondary,no,0,no,yes,cellular,31,jul,11,21,-1,0,unknown,no,2025-10-09 04:00:00
26,self-employed,married,tertiary,no,174,yes,no,cellular,3,feb,222,3,-1,0,unknown,no,2025-10-09 05:00:00
54,admin.,single,secondary,no,1178,yes,no,telephone,3,feb,41,6,264,2,failure,no,2025-10-09 06:00:00
49,technician,married,tertiary,no,2568,yes,no,cellular,10,jul,192,1,-1,0,unknown,no,2025-10-09 07:00:00
32,management,single,tertiary,no,1134,no,no,cellular,28,aug,85,4,-1,0,unknown,no,2025-10-09 08:00:00
42,blue-collar,married,primary,no,-407,yes,yes,cellular,12,may,829,7,-1,0,unknown,yes,2025-10-09 09:00:00
26,student,single,unknown,no,2020,no,no,telephone,28,jan,42,3,-1,0,unknown,no,2025-10-09 10:00:00
31,unemployed,married,secondary,no,24,yes,no,cellular,19,nov,631,1,-1,0,unknown,no,2025-10-09 11:00:00
30,management,married,tertiary,no,1119,no,no,cellular,6,aug,199,7,-1,0,unknown,no,2025-10-09 12:00:00
57,technician,married,secondary,no,0,no,no,unknown,20,jun,45,4,-1,0,unknown,no,2025-10-09 13:00:00
24,student,single,secondary,no,1847,no,no,cellular,9,dec,390,1,-1,0,unknown,no,2025-10-09 14:00:00
23,services,single,secondary,no,105,yes,yes,unknown,9,may,305,2,-1,0,unknown,no,2025-10-09 15:00:00
48,blue-collar,divorced,secondary,yes,296,no,yes,unknown,16,jun,144,4,-1,0,unknown,no,2025-10-09 16:00:00
39,admin.,married,secondary,no,2783,yes,no,cellular,12,may,131,2,-1,0,unknown,no,2025-10-09 17:00:00
42,management,divorced,tertiary,no,1116,yes,no,unknown,19,may,88,6,-1,0,unknown,no,2025-10-09 18:00:00
44,self-employed,single,tertiary,no,2734,yes,no,cellular,12,may,897,4,-1,0,unknown,yes,2025-10-09 19:00:00
38,management,married,tertiary,no,-239,yes,no,unknown,2,jun,221,2,-1,0,unknown,no,2025-10-09 20:00:00
32,admin.,single,secondary,no,146,no,no,unknown,27,may,111,10,-1,0,unknown,no,2025-10-09 21:00:00
46,entrepreneur,married,tertiary,no,25204,yes,yes,cellular,6,may,72,1,-1,0,unknown,no,2025-10-09 22:00:00
32,management,married,tertiary,no,553,yes,no,cellular,22,jul,72,1,-1,0,unknown,no,2025-10-09 23:00:00
38,blue-collar,married,secondary,no,2299,yes,no,cellular,23,jul,240,1,-1,0,unknown,no,2025-10-10 00:00:00
32,management,single,tertiary,no,1131,yes,no,unknown,20,may,267,2,-1,0,unknown,no,2025-10-10 01:00:00
30,unemployed,single,secondary,no,8304,no,no,cellular,20,apr,245,1,-1,0,unknown,no,2025-10-10 02:00:00
46,housemaid,married,primary,no,965,no,no,unknown,5,may,177,1,-1,0,unknown,no,2025-10-10 03:00:00
38,unknown,married,unknown,no,124,yes,no,unknown,20,may,37,13,-1,0,unknown,no,2025-10-10 04:00:00
49,technician,single,secondary,no,571,yes,no,cellular,6,may,321,1,-1,0,unknown,no,2025-10-10 05:00:00
32,services,married,secondary,no,3181,yes,no,cellular,21,nov,118,2,176,7,failure,no,2025-10-10 06:00:00
43,blue-collar,married,primary,no,0,no,no,cellular,22,jun,570,3,-1,0,unknown,no,2025-10-10 07:00:00
29,admin.,divorced,secondary,no,589,yes,no,telephone,16,apr,262,6,316,1,other,no,2025-10-10 08:00:00
57,housemaid,divorced,secondary,no,4969,no,no,cellular,21,nov,655,2,-1,0,unknown,no,2025-10-10 09:00:00
41,services,single,secondary,no,197,yes,no,unknown,19,may,112,1,-1,0,unknown,no,2025-10-10 10:00:00
42,admin.,divorced,secondary,no,24,yes,no,cellular,6,may,219,2,-1,0,unknown,no,2025-10-10 11:00:00
34,admin.,married,secondary,no,220,yes,no,unknown,3,jun,65,13,-1,0,unknown,no,2025-10-10 12:00:00
35,blue-collar,single,primary,no,3751,no,no,unknown,16,jun,193,1,-1,0,unknown,no,2025-10-10 13:00:00
24,student,single,secondary,no,597,yes,no,cellular,20,apr,943,3,-1,0,unknown,yes,2025-10-10 14:00:00
59,blue-collar,married,primary,no,162,no,no,telephone,18,nov,140,1,-1,0,unknown,no,2025-10-10 15:00:00
28,admin.,married,tertiary,no,654,no,no,cellular,28,jan,198,1,-1,0,unknown,no,2025-10-10 16:00:00
29,admin.,single,secondary,no,613,yes,no,unknown,19,jun,779,1,-1,0,unknown,no,2025-10-10 17:00:00
57,blue-collar,married,primary,no,60,no,no,unknown,5,jun,90,1,-1,0,unknown,no,2025-10-10 18:00:00
43,technician,single,unknown,no,11115,no,no,cellular,23,oct,476,1,74,2,success,yes,2025-10-10 19:00:00
41,admin.,married,secondary,no,239,yes,no,cellular,28,jul,76,12,-1,0,unknown,no,2025-10-10 20:00:00
66,retired,married,unknown,no,2540,no,no,telephone,10,dec,441,2,156,1,other,yes,2025-10-10 21:00:00
30,technician,married,secondary,no,3123,yes,no,cellular,15,may,49,2,333,5,other,no,2025-10-10 22:00:00
46,management,single,tertiary,no,2987,yes,no,cellular,16,jul,318,1,-1,0,unknown,no,2025-10-10 23:00:00
25,management,single,tertiary,no,2506,no,no,cellular,17,feb,485,1,-1,0,unknown,yes,2025-10-11 00:00:00
37,blue-collar,married,secondary,no,11953,yes,yes,unknown,29,may,208,1,-1,0,unknown,no,2025-10-11 01:00:00
33,technician,married,secondary,no,0,no,no,cellular,13,aug,78,2,-1,0,unknown,no,2025-10-11 02:00:00
47,blue-collar,divorced,secondary,no,380,yes,no,unknown,16,may,268,6,-1,0,unknown,no,2025-10-11 03:00:00
39,technician,single,secondary,no,-529,yes,no,cellular,15,may,22,8,175,5,failure,no,2025-10-11 04:00:00
53,blue-collar,married,secondary,no,-31,no,no,cellular,21,aug,82,8,-1,0,unknown,no,2025-10-11 05:00:00
41,services,divorced,secondary,no,0,yes,no,cellular,2,feb,20,1,-1,0,unknown,no,2025-10-11 06:00:00
37,blue-collar,married,secondary,no,426,yes,no,unknown,20,may,300,3,-1,0,unknown,no,2025-10-11 07:00:00
33,technician,married,tertiary,no,8023,no,no,cellular,30,nov,107,1,105,3,failure,no,2025-10-11 08:00:00
31,blue-collar,married,primary,no,81,yes,no,unknown,13,may,245,4,-1,0,unknown,no,2025-10-11 09:00:00
38,technician,married,tertiary,no,216,no,no,cellular,19,aug,141,4,-1,0,unknown,no,2025-10-11 10:00:00
44,blue-collar,married,secondary,yes,-617,yes,no,unknown,8,may,172,1,-1,0,unknown,no,2025-10-11 11:00:00
40,management,divorced,tertiary,no,492,no,yes,cellular,7,jul,125,2,-1,0,unknown,no,2025-10-11 12:00:00
37,technician,divorced,secondary,no,2686,no,no,cellular,14,aug,144,4,-1,0,unknown,no,2025-10-11 13:00:00
49,technician,married,tertiary,no,279,yes,no,unknown,19,may,168,4,-1,0,unknown,no,2025-10-11 14:00:00
43,management,single,tertiary,no,1806,yes,no,cellular,12,aug,161,2,-1,0,unknown,no,2025-10-11 15:00:00
37,blue-collar,single,secondary,no,197,yes,no,unknown,16,may,251,3,-1,0,unknown,no,2025-10-11 16:00:00
55,blue-collar,married,primary,no,680,yes,no,unknown,14,may,321,1,-1,0,unknown,no,2025-10-11 17:00:00
50,admin.,married,secondary,no,1917,yes,no,unknown,14,may,200,2,-1,0,unknown,no,2025-10-11 18:00:00
60,housemaid,married,primary,no,2580,no,no,telephone,4,may,15,5,-1,0,unknown,no,2025-10-11 19:00:00
40,blue-collar,married,primary,no,1061,yes,no,unknown,15,may,191,4,-1,0,unknown,no,2025-10-11 20:00:00
50,management,married,primary,no,0,no,no,unknown,16,jun,264,4,-1,0,unknown,no,2025-10-11 21:00:00
42,blue-collar,married,secondary,no,139,yes,no,unknown,23,may,166,1,-1,0,unknown,no,2025-10-11 22:00:00
59,management,married,tertiary,no,315,no,no,cellular,2,mar,591,1,176,2,failure,yes,2025-10-11 23:00:00
32,management,single,tertiary,no,334,no,no,cellular,22,aug,944,14,-1,0,unknown,no,2025-10-12 00:00:00
28,technician,single,secondary,no,1532,no,no,cellular,22,may,253,1,107,5,failure,no,2025-10-12 01:00:00
44,technician,married,secondary,no,1901,no,no,cellular,18,nov,143,3,104,2,failure,no,2025-10-12 02:00:00
26,services,single,secondary,no,0,no,no,cellular,29,jul,165,23,-1,0,unknown,no,2025-10-12 03:00:00
42,self-employed,divorced,secondary,no,35,yes,yes,cellular,18,may,163,1,-1,0,unknown,no,2025-10-12 04:00:00
40,technician,married,secondary,no,96,yes,yes,cellular,17,apr,276,2,326,2,failure,no,2025-10-12 05:00:00
50,blue-collar,married,primary,no,-219,no,yes,cellular,20,aug,177,2,-1,0,unknown,no,2025-10-12 06:00:00
38,management,married,tertiary,no,3995,no,no,cellular,21,aug,1111,6,-1,0,unknown,no,2025-10-12 07:00:00
30,blue-collar,married,secondary,no,364,yes,yes,cellular,4,feb,331,1,-1,0,unknown,no,2025-10-12 08:00:00
32,technician,married,secondary,no,580,yes,no,cellular,18,may,8,4,279,2,other,no,2025-10-12 09:00:00
31,blue-collar,single,secondary,no,1291,yes,no,cellular,18,jul,72,1,-1,0,unknown,no,2025-10-12 10:00:00
49,technician,single,secondary,no,0,yes,no,unknown,20,may,484,2,-1,0,unknown,no,2025-10-12 11:00:00
56,entrepreneur,married,tertiary,no,-124,yes,no,unknown,15,may,374,5,-1,0,unknown,no,2025-10-12 12:00:00
57,technician,divorced,secondary,no,-305,yes,no,cellular,14,jul,43,4,-1,0,unknown,no,2025-10-12 13:00:00
40,admin.,single,tertiary,no,1248,no,no,unknown,11,jun,1290,2,-1,0,unknown,yes,2025-10-12 14:00:00
40,services,married,secondary,no,664,yes,yes,cellular,18,may,29,5,-1,0,unknown,no,2025-10-12 15:00:00
81,retired,divorced,primary,no,4321,no,no,cellular,11,aug,163,3,-1,0,unknown,no,2025-10-12 16:00:00
29,student,single,unknown,no,7585,no,no,telephone,17,aug,123,1,-1,0,unknown,no,2025-10-12 17:00:00
52,blue-collar,married,secondary,no,691,yes,no,unknown,29,may,158,1,-1,0,unknown,no,2025-10-12 18:00:00
45,technician,married,secondary,no,3944,yes,no,cellular,18,nov,141,1,-1,0,unknown,no,2025-10-12 19:00:00
32,admin.,single,secondary,no,5,yes,yes,cellular,13,aug,200,1,127,1,failure,no,2025-10-12 20:00:00
26,blue-collar,married,secondary,no,1028,yes,yes,unknown,19,jun,431,1,-1,0,unknown,no,2025-10-12 21:00:00
30,student,single,unknown,no,4468,no,no,cellular,2,feb,204,1,-1,0,unknown,yes,2025-10-12 22:00:00
35,technician,single,secondary,no,144,no,no,cellular,22,jul,163,2,-1,0,unknown,no,2025-10-12 23:00:00
57,unknown,married,primary,no,900,no,no,cellular,8,aug,169,4,-1,0,unknown,no,2025-10-13 00:00:00
33,management,single,tertiary,no,1021,no,no,cellular,2,feb,734,1,-1,0,unknown,no,2025-10-13 01:00:00
36,admin.,married,secondary,no,165,yes,no,unknown,23,may,456,4,-1,0,unknown,no,2025-10-13 02:00:00
35,technician,married,secondary,no,353,no,no,cellular,28,aug,17,9,-1,0,unknown,no,2025-10-13 03:00:00
56,blue-collar,married,secondary,no,2190,no,yes,unknown,12,jun,270,1,-1,0,unknown,no,2025-10-13 04:00:00
30,blue-collar,married,secondary,no,913,yes,yes,cellular,19,nov,433,2,-1,0,unknown,no,2025-10-13 05:00:00
56,management,divorced,tertiary,no,177,yes,no,unknown,8,may,1040,1,-1,0,unknown,no,2025-10-13 06:00:00
46,management,married,secondary,no,1306,yes,no,telephone,17,nov,155,1,-1,0,unknown,no,2025-10-13 07:00:00
41,blue-collar,married,secondary,no,0,no,no,cellular,13,may,104,4,-1,0,unknown,no,2025-10-13 08:00:00
44,blue-collar,single,secondary,no,0,yes,no,cellular,15,apr,442,1,-1,0,unknown,no,2025-10-13 09:00:00
29,unemployed,married,tertiary,no,111,yes,no,cellular,14,may,216,1,-1,0,unknown,no,2025-10-13 10:00:00
46,admin.,single,secondary,no,751,yes,no,unknown,13,may,104,2,-1,0,unknown,no,2025-10-13 11:00:00
38,entrepreneur,married,primary,no,0,yes,no,cellular,30,jul,172,4,-1,0,unknown,no,2025-10-13 12:00:00
48,technician,married,unknown,no,5543,no,no,unknown,16,jun,143,5,-1,0,unknown,no,2025-10-13 13:00:00
35,blue-collar,married,primary,no,445,yes,no,cellular,13,may,237,2,363,2,other,no,2025-10-13 14:00:00
57,housemaid,married,primary,no,2,no,no,telephone,9,jul,138,3,-1,0,unknown,no,2025-10-13 15:00:00
33,management,single,tertiary,no,336,no,no,cellular,14,aug,220,2,-1,0,unknown,no,2025-10-13 16:00:00
52,management,divorced,primary,no,92,no,yes,cellular,16,jul,469,7,-1,0,unknown,no,2025-10-13 17:00:00
33,technician,married,tertiary,no,44,yes,no,cellular,21,nov,88,2,-1,0,unknown,no,2025-10-13 18:00:00
51,blue-collar,married,primary,no,14,yes,yes,cellular,20,apr,233,2,329,1,failure,no,2025-10-13 19:00:00
48,management,divorced,tertiary,no,757,yes,no,cellular,17,nov,90,1,-1,0,unknown,no,2025-10-13 20:00:00
55,retired,married,primary,no,4424,no,no,cellular,5,aug,67,4,-1,0,unknown,no,2025-10-13 21:00:00
43,blue-collar,married,secondary,no,117,yes,no,cellular,14,may,73,1,370,1,failure,no,2025-10-13 22:00:00
36,management,single,tertiary,no,0,no,no,cellular,22,aug,136,2,-1,0,unknown,no,2025-10-13 23:00:00
36,services,single,secondary,no,62,yes,no,unknown,5,may,215,2,-1,0,unknown,no,2025-10-14 00:00:00
57,management,married,tertiary,no,-871,no,no,unknown,20,may,214,10,-1,0,unknown,no,2025-10-14 01:00:00
34,management,single,secondary,no,1360,yes,no,cellular,17,jul,506,1,-1,0,unknown,no,2025-10-14 02:00:00
24,management,single,secondary,no,653,yes,no,unknown,27,jun,247,3,-1,0,unknown,no,2025-10-14 03:00:00
42,blue-collar,married,secondary,no,490,yes,no,unknown,5,may,386,2,-1,0,unknown,no,2025-10-14 04:00:00
34,technician,married,secondary,no,484,no,no,unknown,9,may,84,4,-1,0,unknown,no,2025-10-14 05:00:00
33,admin.,single,tertiary,no,3379,no,no,cellular,20,nov,290,3,-1,0,unknown,no,2025-10-14 06:00:00
53,management,single,tertiary,no,1074,yes,no,unknown,15,may,523,2,-1,0,unknown,no,2025-10-14 07:00:00
34,unemployed,married,secondary,no,-16,yes,no,cellular,15,may,212,3,364,2,other,no,2025-10-14 08:00:00
52,technician,divorced,secondary,no,152,no,no,cellular,13,aug,404,6,-1,0,unknown,yes,2025-10-14 09:00:00
37,admin.,married,primary,no,7208,no,no,unknown,16,jun,117,1,-1,0,unknown,no,2025-10-14 10:00:00
44,admin.,married,primary,no,127,yes,no,cellular,28,jan,273,1,-1,0,unknown,no,2025-10-14 11:00:00
33,management,married,unknown,no,117,no,yes,cellular,9,jul,133,2,-1,0,unknown,no,2025-10-14 12:00:00
35,blue-collar,married,primary,no,1177,no,no,cellular,8,jun,243,4,-1,0,unknown,yes,2025-10-14 13:00:00
46,blue-collar,married,secondary,no,1004,yes,no,unknown,15,may,34,1,-1,0,unknown,no,2025-10-14 14:00:00
39,unknown,single,unknown,no,0,no,no,telephone,28,jan,28,1,-1,0,unknown,no,2025-10-14 15:00:00
30,student,single,tertiary,no,2539,no,no,telephone,5,mar,199,5,-1,0,unknown,yes,2025-10-14 16:00:00
36,blue-collar,married,secondary,no,1969,yes,yes,cellular,13,may,87,1,-1,0,unknown,no,2025-10-14 17:00:00
31,services,married,secondary,no,500,yes,no,unknown,6,jun,19,18,-1,0,unknown,no,2025-10-14 18:00:00
71,technician,married,tertiary,no,383,no,no,cellular,27,oct,327,2,183,3,success,no,2025-10-14 19:00:00
47,management,single,tertiary,no,0,no,no,cellular,12,aug,138,2,-1,0,unknown,no,2025-10-14 20:00:00
39,retired,married,tertiary,no,855,yes,no,unknown,21,may,786,2,-1,0,unknown,no,2025-10-14 21:00:00
39,admin.,married,secondary,no,-982,yes,yes,cellular,19,nov,287,3,117,2,other,no,2025-10-14 22:00:00
40,blue-collar,single,primary,no,1780,no,yes,unknown,11,jun,114,1,-1,0,unknown,no,2025-10-14 23:00:00
46,admin.,married,unknown,no,0,yes,no,cellular,25,jul,49,1,-1,0,unknown,no,2025-10-15 00:00:00
34,management,married,tertiary,no,4170,yes,no,unknown,21,may,935,1,-1,0,unknown,no,2025-10-15 01:00:00
29,technician,single,secondary,no,156,yes,no,cellular,8,may,111,4,347,3,other,no,2025-10-15 02:00:00
60,management,married,tertiary,no,21088,yes,no,cellular,26,may,187,1,-1,0,unknown,no,2025-10-15 03:00:00
51,entrepreneur,married,secondary,no,2156,yes,no,cellular,25,jul,84,3,-1,0,unknown,no,2025-10-15 04:00:00
39,blue-collar,married,secondary,no,804,yes,no,unknown,21,may,166,1,-1,0,unknown,no,2025-10-15 05:00:00
32,management,single,tertiary,no,499,yes,no,cellular,14,may,182,1,339,2,failure,no,2025-10-15 06:00:00
50,management,married,tertiary,no,311,no,no,cellular,4,may,124,5,-1,0,unknown,no,2025-10-15 07:00:00
32,admin.,single,secondary,no,554,yes,no,cellular,28,may,101,2,368,5,failure,no,2025-10-15 08:00:00
28,admin.,married,secondary,no,1595,no,no,unknown,9,sep,1,1,254,4,success,no,2025-10-15 09:00:00
60,retired,married,secondary,no,597,no,no,cellular,15,jul,981,1,-1,0,unknown,yes,2025-10-15 10:00:00
44,technician,married,tertiary,no,184,yes,yes,cellular,5,feb,653,3,8,2,other,no,2025-10-15 11:00:00
44,services,divorced,secondary,no,206,yes,no,cellular,14,may,78,1,365,1,failure,no,2025-10-15 12:00:00
24,blue-collar,single,secondary,yes,-203,yes,no,unknown,12,jun,465,3,-1,0,unknown,yes,2025-10-15 13:00:00
49,technician,married,secondary,no,662,no,no,unknown,18,jun,47,2,-1,0,unknown,no,2025-10-15 14:00:00
50,technician,married,tertiary,no,267,yes,no,cellular,21,nov,30,1,-1,0,unknown,no,2025-10-15 15:00:00
27,blue-collar,married,secondary,no,72,yes,no,unknown,19,may,105,1,-1,0,unknown,no,2025-10-15 16:00:00
32,blue-collar,single,secondary,no,2093,no,no,cellular,24,sep,224,2,444,1,failure,yes,2025-10-15 17:00:00
22,blue-collar,single,primary,no,-168,yes,no,unknown,13,may,160,3,-1,0,unknown,no,2025-10-15 18:00:00
43,retired,married,primary,no,400,yes,no,telephone,28,jul,282,3,-1,0,unknown,no,2025-10-15 19:00:00
42,unemployed,married,secondary,no,8131,yes,no,unknown,30,may,69,1,-1,0,unknown,no,2025-10-15 20:00:00
29,blue-collar,divorced,primary,no,2597,yes,no,unknown,27,may,112,3,-1,0,unknown,no,2025-10-15 21:00:00
28,blue-collar,married,secondary,no,751,yes,no,cellular,22,jul,598,5,-1,0,unknown,yes,2025-10-15 22:00:00
34,management,married,tertiary,no,1790,yes,no,cellular,22,jul,681,1,-1,0,unknown,no,2025-10-15 23:00:00
32,blue-collar,married,secondary,no,489,yes,no,unknown,20,may,212,1,-1,0,unknown,no,2025-10-16 00:00:00
67,unknown,married,tertiary,no,7687,no,no,telephone,30,oct,70,3,-1,0,unknown,no,2025-10-16 01:00:00
44,technician,married,unknown,yes,-375,yes,yes,telephone,6,may,149,4,-1,0,unknown,no,2025-10-16 02:00:00
24,admin.,single,secondary,no,1055,no,no,cellular,21,jul,338,1,-1,0,unknown,no,2025-10-16 03:00:00
31,technician,single,tertiary,no,882,no,no,cellular,3,jun,411,1,-1,0,unknown,yes,2025-10-16 04:00:00
55,admin.,married,secondary,no,994,no,no,unknown,11,jun,490,2,-1,0,unknown,no,2025-10-16 05:00:00
46,management,married,unknown,no,638,yes,no,cellular,28,jan,68,1,-1,0,unknown,no,2025-10-16 06:00:00
58,retired,married,tertiary,no,1326,no,no,cellular,28,aug,201,1,-1,0,unknown,no,2025-10-16 07:00:00
35,blue-collar,single,secondary,no,-257,yes,no,unknown,30,may,312,7,-1,0,unknown,no,2025-10-16 08:00:00
38,management,married,secondary,no,336,yes,no,cellular,20,apr,259,3,-1,0,unknown,no,2025-10-16 09:00:00
40,management,married,tertiary,no,-63,no,yes,cellular,2,jul,196,1,-1,0,unknown,no,2025-10-16 10:00:00
50,admin.,divorced,secondary,no,363,yes,no,unknown,16,may,1340,1,-1,0,unknown,yes,2025-10-16 11:00:00
28,student,married,tertiary,no,327,yes,no,cellular,15,may,104,3,-1,0,unknown,no,2025-10-16 12:00:00
51,retired,married,secondary,no,806,no,no,unknown,20,jun,32,1,-1,0,unknown,no,2025-10-16 13:00:00
43,management,married,tertiary,no,2616,yes,no,cellular,14,aug,301,5,-1,0,unknown,no,2025-10-16 14:00:00
79,retired,divorced,primary,no,20,no,no,cellular,29,apr,165,2,182,1,other,no,2025-10-16 15:00:00
34,technician,married,secondary,no,545,yes,no,cellular,25,aug,96,4,-1,0,unknown,no,2025-10-16 16:00:00
48,technician,divorced,secondary,no,145,yes,no,cellular,13,aug,106,5,-1,0,unknown,no,2025-10-16 17:00:00
45,entrepreneur,married,tertiary,no,369,yes,no,unknown,19,may,182,2,-1,0,unknown,no,2025-10-16 18:00:00
50,admin.,married,secondary,no,3636,no,no,unknown,28,may,290,1,-1,0,unknown,no,2025-10-16 19:00:00
36,services,divorced,secondary,no,1594,no,no,unknown,6,jun,250,3,-1,0,unknown,no,2025-10-16 20:00:00
34,services,married,secondary,no,29,yes,no,cellular,15,jul,387,5,-1,0,unknown,no,2025-10-16 21:00:00
41,admin.,married,primary,no,1314,yes,no,cellular,20,apr,159,1,326,1,failure,no,2025-10-16 22:00:00
34,management,single,tertiary,no,9,no,no,cellular,11,jul,439,2,-1,0,unknown,no,2025-10-16 23:00:00
57,blue-collar,married,secondary,no,8195,yes,no,unknown,19,may,160,2,-1,0,unknown,no,2025-10-17 00:00:00
29,management,single,tertiary,no,1514,yes,no,telephone,5,may,363,1,333,7,other,no,2025-10-17 01:00:00
42,technician,single,tertiary,no,171,no,no,cellular,14,aug,143,2,-1,0,unknown,no,2025-10-17 02:00:00
46,self-employed,divorced,tertiary,no,21,no,no,cellular,30,jul,566,2,-1,0,unknown,yes,2025-10-17 03:00:00
45,housemaid,married,tertiary,no,460,no,no,cellular,21,nov,312,3,157,1,failure,no,2025-10-17 04:00:00
60,management,married,tertiary,no,0,no,no,cellular,7,aug,401,3,-1,0,unknown,yes,2025-10-17 05:00:00
25,student,single,secondary,no,963,yes,no,cellular,17,jul,28,1,-1,0,unknown,no,2025-10-17 06:00:00
43,management,married,tertiary,no,703,yes,no,cellular,12,may,67,1,-1,0,unknown,no,2025-10-17 07:00:00
48,management,married,tertiary,no,717,no,no,telephone,29,jul,139,2,-1,0,unknown,no,2025-10-17 08:00:00
58,management,married,tertiary,no,246,yes,no,cellular,7,may,245,2,288,2,failure,no,2025-10-17 09:00:00
41,admin.,married,secondary,no,1327,yes,yes,cellular,18,nov,425,2,176,2,failure,no,2025-10-17 10:00:00
57,blue-collar,married,primary,no,1352,yes,no,unknown,13,may,104,2,-1,0,unknown,no,2025-10-17 11:00:00
38,technician,married,tertiary,no,1161,yes,no,unknown,8,may,665,1,-1,0,unknown,no,2025-10-17 12:00:00
36,blue-collar,married,primary,no,0,yes,no,unknown,6,jun,246,4,-1,0,unknown,no,2025-10-17 13:00:00
48,management,married,tertiary,no,263,yes,no,unknown,5,may,350,2,-1,0,unknown,no,2025-10-17 14:00:00
33,technician,married,tertiary,no,-370,yes,no,cellular,26,aug,108,7,-1,0,unknown,no,2025-10-17 15:00:00
46,management,married,tertiary,no,37,yes,no,cellular,30,jul,239,4,-1,0,unknown,no,2025-10-17 16:00:00
33,technician,single,secondary,no,0,yes,no,cellular,28,jan,191,2,-1,0,unknown,no,2025-10-17 17:00:00
38,services,single,secondary,no,7695,yes,no,unknown,14,may,193,2,-1,0,unknown,no,2025-10-17 18:00:00
34,technician,single,secondary,no,440,yes,no,cellular,6,may,445,2,345,2,failure,no,2025-10-17 19:00:00
30,entrepreneur,single,tertiary,no,303,yes,no,cellular,14,may,176,2,365,4,failure,no,2025-10-17 20:00:00
36,management,single,secondary,no,278,no,no,cellular,8,may,1243,2,-1,0,unknown,no,2025-10-17 21:00:00
36,management,married,tertiary,no,1133,yes,no,cellular,4,aug,293,1,181,2,other,yes,2025-10-17 22:00:00
26,admin.,married,secondary,no,1641,yes,no,unknown,27,may,118,1,-1,0,unknown,no,2025-10-17 23:00:00
42,services,divorced,secondary,no,1043,yes,no,cellular,21,jul,97,3,-1,0,unknown,no,2025-10-18 00:00:00
43,technician,divorced,secondary,no,-414,no,no,cellular,27,aug,590,4,-1,0,unknown,no,2025-10-18 01:00:00
41,self-employed,married,primary,no,340,no,no,unknown,6,jun,37,3,-1,0,unknown,no,2025-10-18 02:00:00
64,retired,divorced,secondary,no,4833,no,no,cellular,20,oct,621,1,181,3,failure,yes,2025-10-18 03:00:00
59,retired,married,unknown,no,575,no,no,cellular,22,aug,146,3,-1,0,unknown,no,2025-10-18 04:00:00
40,management,married,tertiary,no,1308,no,no,telephone,3,feb,1776,2,-1,0,unknown,yes,2025-10-18 05:00:00
33,student,single,tertiary,no,3404,yes,no,cellular,20,nov,105,2,171,3,failure,no,2025-10-18 06:00:00
38,blue-collar,married,secondary,no,861,yes,no,cellular,11,may,565,2,-1,0,unknown,no,2025-10-18 07:00:00
24,admin.,single,secondary,no,-346,yes,no,unknown,4,jul,164,2,-1,0,unknown,no,2025-10-18 08:00:00
28,management,single,tertiary,no,0,yes,no,unknown,30,may,224,4,-1,0,unknown,no,2025-10-18 09:00:00
35,blue-collar,married,primary,no,102,yes,no,unknown,20,may,1334,1,-1,0,unknown,yes,2025-10-18 10:00:00
35,technician,married,unknown,no,86,yes,no,unknown,12,may,33,4,-1,0,unknown,no,2025-10-18 11:00:00
32,technician,married,secondary,no,106,no,no,cellular,9,feb,12,8,174,9,other,no,2025-10-18 12:00:00
32,management,married,tertiary,no,71,yes,no,cellular,21,jul,221,8,-1,0,unknown,no,2025-10-18 13:00:00
47,management,divorced,tertiary,no,-478,yes,no,unknown,3,jun,27,6,-1,0,unknown,no,2025-10-18 14:00:00
33,technician,single,tertiary,no,34,no,no,cellular,28,aug,13,30,-1,0,unknown,no,2025-10-18 15:00:00
35,blue-collar,married,primary,no,298,yes,no,cellular,13,may,135,2,370,2,failure,no,2025-10-18 16:00:00
42,management,married,tertiary,no,603,yes,no,cellular,5,nov,298,5,-1,0,unknown,no,2025-10-18 17:00:00
31,management,married,tertiary,no,156,no,no,cellular,13,aug,657,7,-1,0,unknown,yes,2025-10-18 18:00:00
34,blue-collar,married,primary,no,-398,yes,no,cellular,27,feb,47,8,-1,0,unknown,no,2025-10-18 19:00:00
53,entrepreneur,married,unknown,no,19850,no,no,unknown,6,jun,86,1,-1,0,unknown,no,2025-10-18 20:00:00
39,management,single,tertiary,no,3202,yes,no,cellular,14,may,14,8,-1,0,unknown,no,2025-10-18 21:00:00
33,management,single,secondary,no,219,yes,no,cellular,18,may,19,4,-1,0,unknown,no,2025-10-18 22:00:00
37,blue-collar,single,unknown,no,871,yes,no,cellular,2,aug,209,1,542,4,failure,no,2025-10-18 23:00:00
51,self-employed,married,secondary,no,1377,no,no,unknown,20,jun,9,2,-1,0,unknown,no,2025-10-19 00:00:00
25,student,single,tertiary,no,20,no,no,cellular,8,sep,127,2,-1,0,unknown,no,2025-10-19 01:00:00
31,blue-collar,single,secondary,no,3,yes,no,unknown,5,may,200,2,-1,0,unknown,no,2025-10-19 02:00:00
49,services,married,secondary,no,0,no,no,cellular,26,aug,189,4,-1,0,unknown,no,2025-10-19 03:00:00
48,admin.,married,primary,no,4459,yes,no,cellular,6,aug,536,1,-1,0,unknown,no,2025-10-19 04:00:00
46,blue-collar,married,secondary,no,1568,yes,no,cellular,2,jun,310,1,55,6,other,yes,2025-10-19 05:00:00
27,blue-collar,married,tertiary,no,417,yes,yes,unknown,8,may,237,2,-1,0,unknown,no,2025-10-19 06:00:00
35,management,divorced,tertiary,no,434,yes,no,cellular,11,may,277,1,271,2,success,no,2025-10-19 07:00:00
57,retired,married,primary,no,9367,no,no,cellular,11,feb,981,1,90,6,success,yes,2025-10-19 08:00:00
32,blue-collar,married,primary,no,1287,yes,no,cellular,14,apr,297,2,-1,0,unknown,no,2025-10-19 09:00:00
52,admin.,married,secondary,no,423,yes,yes,cellular,20,oct,139,2,96,7,failure,no,2025-10-19 10:00:00
56,retired,married,secondary,no,0,no,no,cellular,2,jun,71,3,-1,0,unknown,no,2025-10-19 11:00:00
35,management,married,tertiary,no,-4,no,no,cellular,8,aug,129,2,-1,0,unknown,no,2025-10-19 12:00:00
57,unknown,married,unknown,no,106,no,no,unknown,12,may,836,4,-1,0,unknown,no,2025-10-19 13:00:00
26,admin.,single,tertiary,no,313,no,yes,cellular,26,feb,210,2,-1,0,unknown,yes,2025-10-19 14:00:00
45,technician,single,tertiary,no,2099,no,yes,unknown,1,jul,333,1,-1,0,unknown,no,2025-10-19 15:00:00
29,services,married,secondary,no,1002,yes,no,cellular,14,may,50,2,-1,0,unknown,no,2025-10-19 16:00:00
46,blue-collar,married,secondary,no,66,yes,no,cellular,12,may,211,1,364,3,failure,no,2025-10-19 17:00:00
38,admin.,single,secondary,no,626,no,no,cellular,2,jun,132,4,-1,0,unknown,no,2025-10-19 18:00:00
32,admin.,married,secondary,no,752,yes,no,cellular,6,may,519,2,166,5,failure,yes,2025-10-19 19:00:00
32,housemaid,married,secondary,no,30,yes,no,cellular,17,apr,245,5,-1,0,unknown,no,2025-10-19 20:00:00
48,blue-collar,married,secondary,no,-6,yes,no,unknown,3,jun,161,1,-1,0,unknown,no,2025-10-19 21:00:00
61,retired,married,secondary,no,173,no,no,unknown,9,jun,182,2,-1,0,unknown,no,2025-10-19 22:00:00
31,technician,single,secondary,no,538,yes,no,cellular,17,apr,660,3,-1,0,unknown,no,2025-10-19 23:00:00
30,management,single,secondary,no,161,yes,no,cellular,20,apr,397,3,-1,0,unknown,no,2025-10-20 00:00:00
36,unemployed,single,tertiary,no,1316,yes,no,unknown,30,may,265,2,-1,0,unknown,no,2025-10-20 01:00:00
44,management,married,tertiary,no,6203,yes,yes,unknown,13,may,129,1,-1,0,unknown,no,2025-10-20 02:00:00
47,housemaid,divorced,secondary,no,26,no,no,cellular,22,aug,48,4,-1,0,unknown,no,2025-10-20 03:00:00
53,technician,divorced,secondary,no,1252,yes,no,unknown,26,may,149,1,-1,0,unknown,no,2025-10-20 04:00:00
39,services,married,secondary,no,323,no,no,cellular,9,jun,874,2,188,6,failure,yes,2025-10-20 05:00:00
28,management,single,tertiary,no,416,yes,yes,cellular,17,jul,345,1,-1,0,unknown,no,2025-10-20 06:00:00
48,blue-collar,married,secondary,no,0,no,no,cellular,19,aug,112,7,-1,0,unknown,no,2025-10-20 07:00:00
35,technician,married,secondary,no,2468,yes,no,cellular,6,may,187,8,-1,0,unknown,no,2025-10-20 08:00:00
47,admin.,married,unknown,no,66,no,no,cellular,26,feb,297,1,203,1,success,no,2025-10-20 09:00:00
59,technician,divorced,secondary,no,2595,yes,no,cellular,29,aug,398,2,-1,0,unknown,no,2025-10-20 10:00:00
45,technician,divorced,secondary,no,-357,yes,yes,cellular,18,may,618,1,355,2,failure,yes,2025-10-20 11:00:00
51,management,married,primary,no,98,yes,no,unknown,7,may,114,2,-1,0,unknown,no,2025-10-20 12:00:00
31,management,single,tertiary,no,3625,yes,no,cellular,19,nov,112,1,180,2,failure,no,2025-10-20 13:00:00
28,blue-collar,single,secondary,no,2700,no,no,cellular,3,feb,337,4,-1,0,unknown,no,2025-10-20 14:00:00
35,blue-collar,married,primary,no,602,yes,no,cellular,14,may,467,6,-1,0,unknown,no,2025-10-20 15:00:00
33,technician,single,secondary,no,635,no,no,cellular,22,aug,124,1,-1,0,unknown,no,2025-10-20 16:00:00
30,technician,single,secondary,no,853,no,no,cellular,29,oct,279,1,148,1,failure,yes,2025-10-20 17:00:00
32,entrepreneur,divorced,secondary,no,-934,yes,no,cellular,18,nov,50,1,-1,0,unknown,no,2025-10-20 18:00:00
45,admin.,single,secondary,no,0,yes,no,cellular,8,may,38,1,-1,0,unknown,no,2025-10-20 19:00:00
51,blue-collar,married,secondary,no,1329,yes,yes,telephone,17,apr,150,2,287,2,failure,no,2025-10-20 20:00:00
30,self-employed,single,tertiary,no,166,no,no,cellular,26,may,136,1,-1,0,unknown,no,2025-10-20 21:00:00
54,technician,married,secondary,no,2225,no,yes,cellular,13,aug,73,2,-1,0,unknown,no,2025-10-20 22:00:00
49,self-employed,married,tertiary,no,99,yes,yes,cellular,31,aug,83,1,-1,0,unknown,no,2025-10-20 23:00:00
35,blue-collar,married,primary,no,234,no,no,unknown,11,jun,88,5,-1,0,unknown,no,2025-10-21 00:00:00
44,blue-collar,married,unknown,no,1149,yes,no,cellular,21,nov,67,5,-1,0,unknown,no,2025-10-21 01:00:00
35,management,married,tertiary,no,1906,yes,no,cellular,16,apr,102,1,148,5,other,no,2025-10-21 02:00:00
36,blue-collar,married,secondary,no,-308,yes,no,cellular,7,jul,279,11,-1,0,unknown,no,2025-10-21 03:00:00
54,admin.,divorced,secondary,no,200,no,no,cellular,3,jun,170,1,-1,0,unknown,yes,2025-10-21 04:00:00
43,management,divorced,tertiary,no,2367,no,no,cellular,22,mar,173,2,181,4,success,yes,2025-10-21 05:00:00
51,technician,single,secondary,no,1153,yes,no,cellular,20,apr,76,5,-1,0,unknown,no,2025-10-21 06:00:00
35,technician,divorced,secondary,no,0,no,no,unknown,21,may,162,1,-1,0,unknown,no,2025-10-21 07:00:00
26,admin.,married,secondary,no,5231,no,yes,cellular,17,jul,222,2,-1,0,unknown,no,2025-10-21 08:00:00
53,management,divorced,secondary,no,28,yes,no,cellular,21,jul,142,1,-1,0,unknown,no,2025-10-21 09:00:00
35,management,married,tertiary,no,175,yes,no,cellular,7,aug,257,2,-1,0,unknown,no,2025-10-21 10:00:00
47,management,married,tertiary,no,3681,no,no,cellular,14,aug,101,2,-1,0,unknown,no,2025-10-21 11:00:00
45,admin.,married,secondary,no,1097,yes,yes,cellular,9,jul,180,1,-1,0,unknown,no,2025-10-21 12:00:00
46,blue-collar,married,primary,no,5164,yes,no,unknown,5,jun,267,11,-1,0,unknown,no,2025-10-21 13:00:00
32,admin.,single,secondary,no,678,yes,no,cellular,4,feb,1579,1,246,4,failure,yes,2025-10-21 14:00:00
34,technician,divorced,secondary,no,705,yes,yes,cellular,2,apr,249,1,-1,0,unknown,no,2025-10-21 15:00:00
50,management,divorced,primary,no,-6,yes,no,unknown,19,may,92,2,-1,0,unknown,no,2025-10-21 16:00:00
31,technician,single,tertiary,no,-1,no,no,cellular,21,aug,117,4,-1,0,unknown,no,2025-10-21 17:00:00
45,management,married,tertiary,no,786,no,no,cellular,10,sep,84,3,-1,0,unknown,yes,2025-10-21 18:00:00
43,management,divorced,tertiary,no,2367,no,no,cellular,22,sep,83,1,113,3,success,yes,2025-10-21 19:00:00
42,unknown,married,secondary,no,703,yes,no,cellular,10,jul,210,1,-1,0,unknown,no,2025-10-21 20:00:00
28,services,single,secondary,no,899,no,no,unknown,11,aug,61,1,-1,0,unknown,no,2025-10-21 21:00:00
43,blue-collar,married,secondary,no,95,yes,no,cellular,18,may,296,1,-1,0,unknown,no,2025-10-21 22:00:00
51,admin.,married,secondary,no,113,yes,no,cellular,17,nov,84,1,-1,0,unknown,no,2025-10-21 23:00:00
46,admin.,married,secondary,no,171,yes,yes,cellular,11,oct,251,1,430,1,failure,no,2025-10-22 00:00:00
47,technician,divorced,tertiary,no,8422,no,no,cellular,8,aug,200,4,-1,0,unknown,no,2025-10-22 01:00:00
24,blue-collar,single,secondary,no,6837,yes,no,cellular,7,may,345,1,-1,0,unknown,no,2025-10-22 02:00:00
34,blue-collar,married,secondary,no,1226,yes,no,cellular,17,apr,86,1,-1,0,unknown,no,2025-10-22 03:00:00
58,retired,married,tertiary,no,0,no,no,unknown,6,may,393,1,-1,0,unknown,no,2025-10-22 04:00:00
38,technician,married,secondary,yes,0,no,yes,cellular,31,jul,44,28,-1,0,unknown,no,2025-10-22 05:00:00
40,management,married,tertiary,no,-117,yes,no,cellular,17,jul,770,2,-1,0,unknown,no,2025-10-22 06:00:00
49,technician,divorced,tertiary,no,1807,yes,no,cellular,2,jun,225,1,82,1,success,no,2025-10-22 07:00:00
44,management,married,tertiary,no,22,yes,no,cellular,6,aug,265,2,-1,0,unknown,no,2025-10-22 08:00:00
35,management,single,tertiary,no,244,yes,no,unknown,12,may,225,1,-1,0,unknown,no,2025-10-22 09:00:00
50,admin.,married,secondary,no,2955,no,no,cellular,14,jan,166,1,-1,0,unknown,no,2025-10-22 10:00:00
60,blue-collar,married,primary,no,703,no,no,unknown,20,jun,24,7,-1,0,unknown,no,2025-10-22 11:00:00
39,blue-collar,married,primary,no,622,yes,no,unknown,20,may,169,1,-1,0,unknown,no,2025-10-22 12:00:00
26,admin.,single,secondary,no,-12,yes,no,unknown,4,jun,98,1,-1,0,unknown,no,2025-10-22 13:00:00
48,blue-collar,married,secondary,no,3776,no,no,telephone,4,may,254,4,-1,0,unknown,no,2025-10-22 14:00:00
34,management,single,tertiary,no,1,no,no,cellular,31,jul,36,6,-1,0,unknown,no,2025-10-22 15:00:00
44,technician,married,secondary,no,1210,no,no,unknown,5,jun,690,2,-1,0,unknown,no,2025-10-22 16:00:00
32,student,married,secondary,no,833,yes,no,telephone,2,nov,227,5,164,3,other,no,2025-10-22 17:00:00
58,management,married,tertiary,no,657,no,no,cellular,25,aug,378,3,-1,0,unknown,no,2025-10-22 18:00:00
37,services,married,secondary,no,217,yes,no,cellular,11,may,152,1,-1,0,unknown,no,2025-10-22 19:00:00
31,management,single,tertiary,no,1120,yes,no,cellular,29,jan,217,2,239,1,other,no,2025-10-22 20:00:00
32,unemployed,single,secondary,no,1249,yes,no,cellular,20,nov,160,1,171,4,other,no,2025-10-22 21:00:00
39,blue-collar,married,secondary,no,1969,no,no,cellular,21,nov,63,2,-1,0,unknown,no,2025-10-22 22:00:00
28,blue-collar,married,secondary,no,339,yes,no,unknown,26,may,100,2,-1,0,unknown,no,2025-10-22 23:00:00
34,technician,married,tertiary,no,8463,no,no,cellular,13,aug,80,2,-1,0,unknown,no,2025-10-23 00:00:00
32,technician,married,tertiary,no,4089,no,no,cellular,26,may,114,7,287,3,failure,no,2025-10-23 01:00:00
36,technician,divorced,secondary,no,1451,yes,no,cellular,23,jul,192,4,93,17,other,yes,2025-10-23 02:00:00
30,blue-collar,married,secondary,no,313,yes,yes,cellular,6,may,311,3,364,1,failure,no,2025-10-23 03:00:00
33,technician,married,tertiary,no,104,no,no,unknown,23,jul,115,1,-1,0,unknown,no,2025-10-23 04:00:00
41,admin.,single,secondary,no,734,yes,no,unknown,3,jun,332,3,-1,0,unknown,no,2025-10-23 05:00:00
40,blue-collar,married,secondary,no,4795,yes,no,cellular,17,apr,57,1,-1,0,unknown,no,2025-10-23 06:00:00
60,admin.,married,secondary,no,106,no,no,cellular,21,aug,216,3,91,1,success,yes,2025-10-23 07:00:00
39,services,divorced,secondary,no,687,yes,no,cellular,9,jul,869,1,-1,0,unknown,yes,2025-10-23 08:00:00
32,admin.,single,secondary,no,1,no,no,cellular,2,feb,75,1,208,1,failure,no,2025-10-23 09:00:00
40,technician,divorced,secondary,no,0,no,no,cellular,29,aug,299,3,-1,0,unknown,no,2025-10-23 10:00:00
51,blue-collar,married,primary,no,216,yes,no,cellular,17,apr,666,3,274,3,failure,no,2025-10-23 11:00:00
31,blue-collar,single,primary,no,2369,yes,no,cellular,18,may,87,1,-1,0,unknown,no,2025-10-23 12:00:00
38,blue-collar,married,primary,no,0,yes,no,cellular,8,may,583,2,-1,0,unknown,no,2025-10-23 13:00:00
31,admin.,single,secondary,no,78,yes,no,cellular,11,may,360,1,370,1,other,no,2025-10-23 14:00:00
31,blue-collar,married,secondary,no,0,yes,no,unknown,9,may,133,1,-1,0,unknown,no,2025-10-23 15:00:00
35,admin.,single,secondary,no,2830,no,no,unknown,20,jun,22,12,-1,0,unknown,no,2025-10-23 16:00:00
51,housemaid,married,primary,no,13292,no,no,unknown,16,jun,1238,2,-1,0,unknown,no,2025-10-23 17:00:00
45,blue-collar,married,secondary,no,607,yes,no,unknown,26,may,398,7,-1,0,unknown,no,2025-10-23 18:00:00
42,admin.,married,tertiary,no,1536,no,no,cellular,6,aug,140,1,182,4,failure,no,2025-10-23 19:00:00
34,blue-collar,married,secondary,no,45,yes,yes,cellular,18,jul,127,3,-1,0,unknown,no,2025-10-23 20:00:00
30,housemaid,married,primary,no,462,no,yes,cellular,30,jul,274,3,-1,0,unknown,no,2025-10-23 21:00:00
40,blue-collar,married,primary,no,303,no,no,unknown,30,may,104,6,-1,0,unknown,no,2025-10-23 22:00:00
58,blue-collar,married,primary,no,76,yes,no,unknown,5,may,156,2,-1,0,unknown,no,2025-10-23 23:00:00
37,blue-collar,married,secondary,yes,-399,yes,yes,unknown,3,jun,21,3,-1,0,unknown,no,2025-10-24 00:00:00
48,services,married,primary,no,337,no,no,cellular,25,aug,770,12,-1,0,unknown,no,2025-10-24 01:00:00
31,blue-collar,single,secondary,no,397,yes,no,telephone,13,may,134,1,350,7,failure,no,2025-10-24 02:00:00
57,retired,married,secondary,no,168,no,no,cellular,7,aug,342,1,-1,0,unknown,yes,2025-10-24 03:00:00
38,management,married,tertiary,yes,327,yes,yes,cellular,9,jul,556,5,-1,0,unknown,yes,2025-10-24 04:00:00
37,technician,married,secondary,no,5287,yes,yes,cellular,19,nov,599,4,100,2,failure,no,2025-10-24 05:00:00
51,housemaid,married,primary,no,30,yes,no,cellular,14,jul,333,2,-1,0,unknown,no,2025-10-24 06:00:00
41,admin.,divorced,secondary,no,-140,yes,no,unknown,26,may,472,3,-1,0,unknown,no,2025-10-24 07:00:00
49,admin.,married,secondary,yes,15,no,no,unknown,12,may,290,5,-1,0,unknown,no,2025-10-24 08:00:00
36,blue-collar,married,tertiary,no,9,yes,no,unknown,18,jun,112,3,-1,0,unknown,no,2025-10-24 09:00:00
53,unemployed,married,secondary,no,582,yes,no,unknown,8,may,96,2,-1,0,unknown,no,2025-10-24 10:00:00
48,technician,married,secondary,no,5,no,no,unknown,9,jun,65,6,-1,0,unknown,no,2025-10-24 11:00:00
38,housemaid,married,secondary,no,110,no,no,cellular,25,may,167,1,-1,0,unknown,no,2025-10-24 12:00:00
36,blue-collar,single,primary,no,3214,yes,no,unknown,16,jun,124,2,-1,0,unknown,no,2025-10-24 13:00:00
43,admin.,married,primary,no,392,yes,yes,cellular,11,jul,87,2,-1,0,unknown,no,2025-10-24 14:00:00
48,services,married,secondary,no,11516,no,no,unknown,11,jun,399,8,-1,0,unknown,no,2025-10-24 15:00:00
42,admin.,married,secondary,no,16517,no,no,cellular,24,aug,497,2,279,2,failure,no,2025-10-24 16:00:00
60,management,single,tertiary,no,0,no,yes,cellular,23,jul,151,1,-1,0,unknown,no,2025-10-24 17:00:00
56,technician,divorced,secondary,no,77,yes,yes,unknown,28,may,25,2,-1,0,unknown,no,2025-10-24 18:00:00
60,self-employed,married,secondary,no,0,no,no,unknown,6,jun,97,1,-1,0,unknown,no,2025-10-24 19:00:00
30,services,single,secondary,no,326,yes,no,cellular,14,may,197,4,-1,0,unknown,no,2025-10-24 20:00:00
40,management,married,tertiary,no,572,no,no,cellular,2,feb,133,3,5,2,other,no,2025-10-24 21:00:00
48,technician,married,tertiary,no,9207,no,no,cellular,18,aug,445,3,-1,0,unknown,no,2025-10-24 22:00:00
34,management,divorced,tertiary,no,13204,yes,yes,cellular,20,nov,197,2,-1,0,unknown,no,2025-10-24 23:00:00
40,management,divorced,unknown,no,4095,yes,no,cellular,20,apr,281,1,-1,0,unknown,no,2025-10-25 00:00:00
35,technician,married,secondary,no,374,yes,yes,telephone,7,aug,72,5,-1,0,unknown,no,2025-10-25 01:00:00
43,management,married,tertiary,no,870,yes,yes,unknown,8,may,528,1,-1,0,unknown,no,2025-10-25 02:00:00
42,blue-collar,divorced,secondary,no,1037,no,no,unknown,5,jun,271,1,-1,0,unknown,no,2025-10-25 03:00:00
34,unemployed,divorced,tertiary,yes,75,yes,no,unknown,2,jun,31,3,-1,0,unknown,no,2025-10-25 04:00:00
39,blue-collar,married,secondary,no,1403,no,no,cellular,11,may,214,8,326,2,failure,no,2025-10-25 05:00:00
34,management,married,tertiary,no,123,no,no,cellular,3,feb,301,3,-1,0,unknown,yes,2025-10-25 06:00:00
37,services,married,secondary,no,616,yes,no,cellular,17,apr,18,1,-1,0,unknown,no,2025-10-25 07:00:00
41,services,married,unknown,no,394,yes,no,cellular,5,may,52,3,-1,0,unknown,no,2025-10-25 08:00:00
39,management,single,secondary,no,835,yes,no,unknown,29,may,587,4,-1,0,unknown,no,2025-10-25 09:00:00
23,technician,single,tertiary,no,1502,no,no,cellular,12,aug,96,1,-1,0,unknown,no,2025-10-25 10:00:00
31,management,single,tertiary,no,12607,no,no,cellular,22,may,150,1,-1,0,unknown,no,2025-10-25 11:00:00
32,services,divorced,secondary,no,4612,yes,no,cellular,24,jul,937,4,-1,0,unknown,no,2025-10-25 12:00:00
47,housemaid,married,secondary,no,2524,no,no,cellular,12,oct,105,1,-1,0,unknown,yes,2025-10-25 13:00:00
33,management,single,tertiary,no,973,no,no,cellular,29,jan,762,1,-1,0,unknown,no,2025-10-25 14:00:00
57,technician,divorced,secondary,no,63,yes,no,unknown,5,may,242,1,-1,0,unknown,no,2025-10-25 15:00:00
30,blue-collar,divorced,primary,no,2597,yes,no,cellular,11,may,49,1,349,3,failure,no,2025-10-25 16:00:00
34,management,married,tertiary,no,11,yes,no,cellular,17,jul,654,1,-1,0,unknown,no,2025-10-25 17:00:00
44,technician,married,secondary,no,858,no,no,unknown,30,may,567,2,-1,0,unknown,no,2025-10-25 18:00:00
29,self-employed,single,tertiary,no,1579,no,no,cellular,13,oct,190,1,92,5,success,yes,2025-10-25 19:00:00
55,services,married,secondary,no,151,yes,no,unknown,15,may,88,2,-1,0,unknown,no,2025-10-25 20:00:00
27,blue-collar,single,secondary,no,185,yes,no,cellular,7,may,212,1,-1,0,unknown,no,2025-10-25 21:00:00
50,blue-collar,divorced,primary,no,-232,yes,no,unknown,19,jun,168,1,-1,0,unknown,no,2025-10-25 22:00:00
55,technician,married,secondary,no,891,no,no,unknown,19,jun,268,1,-1,0,unknown,no,2025-10-25 23:00:00
36,admin.,single,tertiary,no,3954,yes,no,unknown,21,may,432,1,-1,0,unknown,no,2025-10-26 00:00:00
31,technician,single,secondary,no,4105,no,no,cellular,30,apr,264,1,-1,0,unknown,no,2025-10-26 01:00:00
31,admin.,married,secondary,no,88,yes,yes,cellular,8,aug,189,2,-1,0,unknown,no,2025-10-26 02:00:00
31,admin.,married,secondary,no,223,no,no,cellular,6,may,297,1,-1,0,unknown,no,2025-10-26 03:00:00
36,management,married,tertiary,no,9,no,no,cellular,11,aug,386,4,-1,0,unknown,yes,2025-10-26 04:00:00
26,blue-collar,married,secondary,no,128,no,no,unknown,4,jul,355,1,-1,0,unknown,no,2025-10-26 05:00:00
25,technician,single,tertiary,no,468,yes,no,unknown,15,may,147,1,-1,0,unknown,no,2025-10-26 06:00:00
33,blue-collar,married,primary,no,195,no,no,cellular,16,nov,984,5,-1,0,unknown,yes,2025-10-26 07:00:00
35,blue-collar,married,secondary,no,4723,yes,no,unknown,16,jun,57,8,-1,0,unknown,no,2025-10-26 08:00:00
53,self-employed,married,tertiary,no,687,no,no,cellular,4,feb,319,5,-1,0,unknown,no,2025-10-26 09:00:00
38,technician,married,primary,no,-1038,no,yes,cellular,23,jul,222,1,-1,0,unknown,no,2025-10-26 10:00:00
32,technician,single,tertiary,no,47,yes,no,cellular,3,feb,693,7,204,3,failure,no,2025-10-26 11:00:00
39,blue-collar,married,primary,no,1966,yes,no,unknown,21,may,181,1,-1,0,unknown,no,2025-10-26 12:00:00
36,technician,single,secondary,no,1044,yes,no,cellular,20,aug,15,19,-1,0,unknown,no,2025-10-26 13:00:00
42,unemployed,married,secondary,no,1990,yes,yes,unknown,19,may,13,1,-1,0,unknown,no,2025-10-26 14:00:00
57,services,married,secondary,no,2745,yes,no,unknown,17,jun,167,2,-1,0,unknown,no,2025-10-26 15:00:00
30,technician,single,tertiary,no,2832,no,no,cellular,18,aug,350,6,-1,0,unknown,no,2025-10-26 16:00:00
29,admin.,single,secondary,no,265,yes,no,cellular,25,may,304,1,-1,0,unknown,no,2025-10-26 17:00:00
40,self-employed,single,unknown,no,109,yes,no,cellular,4,feb,258,1,-1,0,unknown,no,2025-10-26 18:00:00
31,technician,single,secondary,no,2484,yes,no,cellular,7,apr,562,1,-1,0,unknown,no,2025-10-26 19:00:00
34,management,married,tertiary,no,606,no,no,cellular,20,apr,97,1,-1,0,unknown,yes,2025-10-26 20:00:00
20,student,single,secondary,no,88,no,no,telephone,21,oct,621,1,181,4,other,no,2025-10-26 21:00:00
62,retired,married,primary,no,1515,yes,no,cellular,15,apr,98,4,178,3,failure,no,2025-10-26 22:00:00
46,retired,married,primary,no,270,yes,yes,cellular,29,jan,133,1,-1,0,unknown,no,2025-10-26 23:00:00
43,self-employed,married,secondary,no,5704,yes,no,cellular,6,aug,139,2,-1,0,unknown,no,2025-10-27 00:00:00
50,technician,single,secondary,no,3897,no,no,cellular,26,oct,298,1,-1,0,unknown,no,2025-10-27 01:00:00
37,admin.,married,secondary,no,190,yes,no,unknown,5,may,92,2,-1,0,unknown,no,2025-10-27 02:00:00
57,admin.,married,primary,no,202,yes,no,cellular,20,apr,207,1,346,2,failure,no,2025-10-27 03:00:00
45,unemployed,married,primary,no,0,yes,no,cellular,2,feb,570,2,-1,0,unknown,no,2025-10-27 04:00:00
33,housemaid,single,primary,no,39,yes,no,cellular,16,jul,332,3,-1,0,unknown,no,2025-10-27 05:00:00
58,housemaid,divorced,primary,no,3858,no,no,telephone,29,jul,53,6,-1,0,unknown,no,2025-10-27 06:00:00
30,management,single,tertiary,no,179,no,no,cellular,3,feb,8,4,-1,0,unknown,no,2025-10-27 07:00:00
43,blue-collar,married,primary,no,0,yes,no,unknown,3,jun,215,3,-1,0,unknown,no,2025-10-27 08:00:00
39,blue-collar,married,secondary,no,2612,yes,no,unknown,28,may,363,4,-1,0,unknown,no,2025-10-27 09:00:00
29,services,single,secondary,no,-32,no,yes,cellular,8,jul,510,1,-1,0,unknown,no,2025-10-27 10:00:00
34,technician,married,secondary,no,0,yes,no,cellular,29,aug,116,4,-1,0,unknown,no,2025-10-27 11:00:00
32,services,married,unknown,no,1016,no,no,cellular,30,jul,141,2,-1,0,unknown,no,2025-10-27 12:00:00
42,technician,married,secondary,no,370,no,no,unknown,19,jun,302,5,-1,0,unknown,no,2025-10-27 13:00:00
41,management,married,tertiary,no,-456,no,no,cellular,21,nov,190,1,-1,0,unknown,no,2025-10-27 14:00:00
31,management,single,tertiary,no,2480,no,no,cellular,4,may,107,4,-1,0,unknown,no,2025-10-27 15:00:00
46,technician,married,secondary,no,138,yes,no,cellular,7,apr,226,2,-1,0,unknown,no,2025-10-27 16:00:00
30,blue-collar,divorced,secondary,no,4591,yes,no,cellular,19,nov,89,1,175,1,other,no,2025-10-27 17:00:00
43,blue-collar,single,secondary,no,318,yes,no,unknown,5,jun,736,2,-1,0,unknown,yes,2025-10-27 18:00:00
54,blue-collar,single,primary,no,-119,yes,no,cellular,13,may,261,1,-1,0,unknown,no,2025-10-27 19:00:00
45,services,married,primary,no,-79,yes,no,cellular,20,apr,59,4,348,2,failure,no,2025-10-27 20:00:00
57,retired,married,primary,no,3401,yes,no,unknown,14,may,271,2,-1,0,unknown,no,2025-10-27 21:00:00
39,management,married,secondary,no,643,yes,no,cellular,4,aug,295,1,-1,0,unknown,no,2025-10-27 22:00:00
49,blue-collar,married,secondary,no,171,no,no,telephone,5,feb,260,6,-1,0,unknown,no,2025-10-27 23:00:00
51,technician,married,secondary,no,0,yes,no,cellular,17,nov,70,1,-1,0,unknown,no,2025-10-28 00:00:00
38,services,married,secondary,no,-768,yes,yes,cellular,16,jul,57,2,-1,0,unknown,no,2025-10-28 01:00:00
49,unemployed,married,secondary,no,207,no,no,telephone,4,may,181,2,-1,0,unknown,no,2025-10-28 02:00:00
37,blue-collar,married,primary,no,-29,yes,yes,cellular,15,may,25,1,350,5,other,no,2025-10-28 03:00:00
39,blue-collar,married,primary,no,477,yes,yes,cellular,21,nov,229,2,-1,0,unknown,no,2025-10-28 04:00:00
44,unemployed,married,secondary,no,0,yes,no,cellular,2,feb,699,1,272,1,failure,yes,2025-10-28 05:00:00
45,management,divorced,secondary,no,0,no,no,cellular,17,jul,395,3,-1,0,unknown,no,2025-10-28 06:00:00
26,unemployed,single,secondary,no,4,no,no,unknown,7,sep,8,1,-1,0,unknown,no,2025-10-28 07:00:00
29,student,single,unknown,no,10332,no,no,cellular,2,nov,46,3,-1,0,unknown,yes,2025-10-28 08:00:00
52,management,married,primary,no,48,no,no,unknown,9,jun,135,2,-1,0,unknown,no,2025-10-28 09:00:00
34,technician,divorced,secondary,no,-324,no,no,cellular,14,aug,166,4,-1,0,unknown,no,2025-10-28 10:00:00
31,blue-collar,married,secondary,no,80,yes,yes,cellular,22,jul,271,1,-1,0,unknown,no,2025-10-28 11:00:00
40,admin.,married,secondary,no,1313,yes,no,cellular,4,may,171,4,-1,0,unknown,no,2025-10-28 12:00:00
35,services,divorced,secondary,no,394,yes,no,unknown,23,may,154,1,-1,0,unknown,no,2025-10-28 13:00:00
26,technician,single,secondary,no,544,yes,yes,unknown,3,jun,56,5,-1,0,unknown,no,2025-10-28 14:00:00
29,admin.,single,secondary,yes,-95,yes,no,unknown,17,jun,269,3,-1,0,unknown,no,2025-10-28 15:00:00
30,student,married,tertiary,no,324,no,no,cellular,25,aug,585,4,-1,0,unknown,no,2025-10-28 16:00:00
58,blue-collar,married,primary,no,3501,yes,no,unknown,15,may,544,3,-1,0,unknown,no,2025-10-28 17:00:00
49,blue-collar,single,primary,no,2623,yes,no,unknown,15,may,291,2,-1,0,unknown,no,2025-10-28 18:00:00
38,management,single,tertiary,no,-974,yes,no,unknown,30,may,120,3,-1,0,unknown,no,2025-10-28 19:00:00
56,technician,single,primary,no,145,yes,no,telephone,6,feb,124,2,9,2,other,no,2025-10-28 20:00:00
53,entrepreneur,divorced,unknown,no,4736,yes,no,unknown,3,jun,676,5,-1,0,unknown,no,2025-10-28 21:00:00
56,blue-collar,divorced,primary,no,-216,yes,no,unknown,26,may,336,1,-1,0,unknown,no,2025-10-28 22:00:00
36,blue-collar,divorced,secondary,no,-158,yes,no,cellular,21,jul,42,6,-1,0,unknown,no,2025-10-28 23:00:00
42,blue-collar,divorced,secondary,no,47,yes,yes,unknown,8,may,141,1,-1,0,unknown,no,2025-10-29 00:00:00
50,unemployed,single,tertiary,no,0,yes,no,cellular,6,aug,102,2,-1,0,unknown,no,2025-10-29 01:00:00
59,management,divorced,tertiary,no,3368,no,no,cellular,14,aug,260,1,-1,0,unknown,no,2025-10-29 02:00:00
50,technician,divorced,secondary,no,376,no,no,cellular,27,aug,142,3,-1,0,unknown,no,2025-10-29 03:00:00
60,technician,married,secondary,no,0,no,no,cellular,25,may,641,4,-1,0,unknown,yes,2025-10-29 04:00:00
33,blue-collar,divorced,primary,no,60,no,no,unknown,9,may,131,1,-1,0,unknown,no,2025-10-29 05:00:00
42,blue-collar,married,secondary,no,525,yes,no,unknown,20,jun,10,6,-1,0,unknown,no,2025-10-29 06:00:00
35,technician,single,tertiary,no,174,yes,no,cellular,5,may,105,1,-1,0,unknown,no,2025-10-29 07:00:00
47,management,married,unknown,no,4189,yes,no,cellular,19,nov,489,3,-1,0,unknown,yes,2025-10-29 08:00:00
34,admin.,divorced,secondary,no,0,yes,yes,cellular,14,jul,194,3,-1,0,unknown,no,2025-10-29 09:00:00
48,blue-collar,married,primary,no,6489,yes,no,unknown,19,may,263,1,-1,0,unknown,no,2025-10-29 10:00:00
58,unknown,divorced,secondary,no,3111,yes,no,cellular,17,nov,111,1,188,2,failure,no,2025-10-29 11:00:00
20,student,single,unknown,no,801,no,no,cellular,11,nov,244,2,-1,0,unknown,yes,2025-10-29 12:00:00
28,admin.,single,secondary,no,25,yes,no,unknown,5,jun,109,2,-1,0,unknown,no,2025-10-29 13:00:00
35,technician,single,tertiary,no,2043,yes,yes,unknown,23,may,159,2,-1,0,unknown,no,2025-10-29 14:00:00
33,management,married,tertiary,no,431,yes,no,telephone,27,oct,51,1,-1,0,unknown,no,2025-10-29 15:00:00
26,services,married,secondary,no,-236,yes,yes,cellular,7,jul,459,1,-1,0,unknown,no,2025-10-29 16:00:00
33,entrepreneur,married,secondary,no,-627,yes,yes,cellular,8,jul,740,1,-1,0,unknown,yes,2025-10-29 17:00:00
48,admin.,divorced,unknown,no,244,yes,no,unknown,9,may,280,1,-1,0,unknown,no,2025-10-29 18:00:00
33,blue-collar,married,tertiary,no,1465,no,no,cellular,19,aug,98,4,-1,0,unknown,no,2025-10-29 19:00:00
39,management,married,tertiary,no,894,yes,no,cellular,20,apr,491,1,326,1,other,no,2025-10-29 20:00:00
27,technician,single,secondary,no,1842,yes,yes,cellular,18,may,687,2,300,1,failure,no,2025-10-29 21:00:00
24,services,married,secondary,no,4500,yes,no,cellular,11,may,733,2,-1,0,unknown,yes,2025-10-29 22:00:00
55,entrepreneur,married,tertiary,no,41923,no,no,cellular,6,aug,69,3,-1,0,unknown,no,2025-10-29 23:00:00
34,admin.,married,secondary,no,580,yes,yes,cellular,11,may,228,1,-1,0,unknown,no,2025-10-30 00:00:00
55,retired,married,secondary,no,143,yes,no,unknown,6,may,42,3,-1,0,unknown,no,2025-10-30 01:00:00
53,blue-collar,divorced,secondary,no,640,yes,no,cellular,11,may,321,2,-1,0,unknown,no,2025-10-30 02:00:00
44,management,married,secondary,no,238,no,no,cellular,19,aug,147,3,-1,0,unknown,no,2025-10-30 03:00:00
31,technician,single,secondary,no,223,no,no,unknown,4,jul,49,1,-1,0,unknown,no,2025-10-30 04:00:00
85,retired,married,primary,no,1255,no,no,cellular,15,jan,233,3,-1,0,unknown,yes,2025-10-30 05:00:00
32,technician,single,secondary,no,43,no,no,cellular,5,aug,159,1,-1,0,unknown,no,2025-10-30 06:00:00
34,admin.,married,secondary,no,3814,yes,no,cellular,11,jul,286,2,-1,0,unknown,no,2025-10-30 07:00:00
45,technician,married,tertiary,no,3168,no,no,cellular,8,aug,109,2,-1,0,unknown,no,2025-10-30 08:00:00
46,admin.,single,secondary,no,148,yes,no,cellular,5,may,85,4,-1,0,unknown,no,2025-10-30 09:00:00
57,management,married,tertiary,no,337,no,no,cellular,5,feb,59,2,-1,0,unknown,no,2025-10-30 10:00:00
39,blue-collar,married,secondary,no,483,yes,no,unknown,5,may,282,1,-1,0,unknown,no,2025-10-30 11:00:00
55,management,divorced,tertiary,no,407,yes,yes,cellular,25,aug,65,8,-1,0,unknown,no,2025-10-30 12:00:00
31,blue-collar,married,secondary,no,631,yes,no,unknown,23,may,248,4,-1,0,unknown,no,2025-10-30 13:00:00
58,retired,married,tertiary,no,-607,no,yes,cellular,28,jan,145,1,-1,0,unknown,no,2025-10-30 14:00:00
39,entrepreneur,married,secondary,no,1261,yes,no,unknown,9,may,129,2,-1,0,unknown,no,2025-10-30 15:00:00
29,housemaid,married,secondary,no,85,yes,no,cellular,14,jul,76,2,-1,0,unknown,no,2025-10-30 16:00:00
30,blue-collar,single,secondary,no,49,no,no,cellular,30,jan,808,2,-1,0,unknown,yes,2025-10-30 17:00:00
31,management,married,tertiary,no,395,yes,no,cellular,9,feb,155,3,-1,0,unknown,no,2025-10-30 18:00:00
47,blue-collar,married,primary,no,362,yes,no,cellular,18,aug,111,8,-1,0,unknown,no,2025-10-30 19:00:00
54,management,married,tertiary,no,446,no,no,cellular,3,mar,133,4,102,4,other,no,2025-10-30 20:00:00
54,self-employed,married,secondary,no,12159,yes,no,unknown,30,may,183,2,-1,0,unknown,no,2025-10-30 21:00:00
41,blue-collar,divorced,primary,no,169,yes,no,cellular,5,may,71,1,-1,0,unknown,no,2025-10-30 22:00:00
42,unemployed,married,primary,no,11,no,no,cellular,7,jul,111,3,-1,0,unknown,no,2025-10-30 23:00:00
52,blue-collar,married,secondary,no,26,yes,no,cellular,8,may,191,2,368,1,failure,no,2025-10-31 00:00:00
51,management,married,tertiary,no,974,no,no,cellular,18,nov,58,1,-1,0,unknown,no,2025-10-31 01:00:00
42,self-employed,single,tertiary,no,580,no,no,cellular,5,feb,393,1,-1,0,unknown,no,2025-10-31 02:00:00
37,technician,married,tertiary,no,127,yes,no,cellular,13,feb,71,1,-1,0,unknown,yes,2025-10-31 03:00:00
41,technician,married,secondary,no,563,yes,no,cellular,13,aug,69,4,-1,0,unknown,no,2025-10-31 04:00:00
58,retired,divorced,tertiary,no,3237,no,no,telephone,31,oct,615,1,-1,0,unknown,yes,2025-10-31 05:00:00
53,blue-collar,divorced,primary,no,2477,yes,no,unknown,13,may,175,2,-1,0,unknown,no,2025-10-31 06:00:00
30,management,single,tertiary,no,565,yes,no,cellular,26,oct,104,1,-1,0,unknown,no,2025-10-31 07:00:00
55,admin.,single,secondary,no,802,yes,yes,unknown,5,may,100,2,-1,0,unknown,no,2025-10-31 08:00:00
28,services,single,secondary,no,281,yes,no,unknown,28,may,201,1,-1,0,unknown,no,2025-10-31 09:00:00
55,entrepreneur,divorced,tertiary,no,1730,no,no,cellular,22,jul,156,3,-1,0,unknown,no,2025-10-31 10:00:00
41,management,married,tertiary,no,-29,no,no,cellular,29,jan,41,2,266,2,failure,no,2025-10-31 11:00:00
46,housemaid,single,tertiary,no,3232,no,no,telephone,15,jun,94,2,-1,0,unknown,no,2025-10-31 12:00:00
35,technician,married,secondary,no,0,no,no,cellular,11,jul,271,2,-1,0,unknown,no,2025-10-31 13:00:00
46,blue-collar,married,primary,no,-768,yes,no,unknown,8,may,194,3,-1,0,unknown,no,2025-10-31 14:00:00
43,blue-collar,married,primary,no,-111,yes,no,cellular,5,may,75,7,-1,0,unknown,no,2025-10-31 15:00:00
33,technician,single,secondary,no,261,yes,no,unknown,14,may,622,1,-1,0,unknown,no,2025-10-31 16:00:00
37,entrepreneur,married,secondary,no,5064,yes,no,unknown,20,may,79,1,-1,0,unknown,no,2025-10-31 17:00:00
36,technician,married,primary,no,4585,yes,no,unknown,29,may,311,3,-1,0,unknown,no,2025-10-31 18:00:00
39,admin.,single,secondary,no,496,yes,no,unknown,12,may,788,2,-1,0,unknown,no,2025-10-31 19:00:00
29,blue-collar,married,primary,no,630,yes,no,cellular,30,jul,219,5,-1,0,unknown,no,2025-10-31 20:00:00
32,technician,single,tertiary,no,360,no,no,cellular,19,nov,164,2,-1,0,unknown,no,2025-10-31 21:00:00
50,management,divorced,tertiary,no,83,yes,no,cellular,21,aug,40,2,-1,0,unknown,no,2025-10-31 22:00:00
33,blue-collar,single,primary,no,447,yes,no,unknown,9,may,180,2,-1,0,unknown,no,2025-10-31 23:00:00
25,unemployed,single,secondary,no,34,no,yes,unknown,4,jul,316,1,-1,0,unknown,no,2025-11-01 00:00:00
35,entrepreneur,single,primary,no,5,no,no,cellular,21,nov,140,3,-1,0,unknown,no,2025-11-01 01:00:00
30,management,single,tertiary,no,3110,yes,no,unknown,20,may,133,1,-1,0,unknown,no,2025-11-01 02:00:00
32,technician,married,secondary,no,348,yes,no,cellular,17,jul,926,1,-1,0,unknown,yes,2025-11-01 03:00:00
26,student,single,secondary,no,611,no,no,cellular,13,aug,138,2,69,3,failure,no,2025-11-01 04:00:00
40,management,married,tertiary,no,198,yes,no,cellular,18,may,214,5,364,8,failure,no,2025-11-01 05:00:00
43,services,married,secondary,no,122,yes,no,cellular,5,may,355,2,-1,0,unknown,no,2025-11-01 06:00:00
39,admin.,married,secondary,no,0,no,no,telephone,12,may,256,4,-1,0,unknown,no,2025-11-01 07:00:00
49,housemaid,married,primary,no,935,no,yes,unknown,1,jul,150,1,-1,0,unknown,no,2025-11-01 08:00:00
40,services,married,secondary,no,-38,yes,yes,cellular,5,feb,121,1,-1,0,unknown,no,2025-11-01 09:00:00
39,blue-collar,divorced,unknown,no,170,yes,no,unknown,6,may,268,2,-1,0,unknown,no,2025-11-01 10:00:00
33,management,single,tertiary,no,206,no,no,cellular,21,aug,231,3,-1,0,unknown,no,2025-11-01 11:00:00
32,blue-collar,married,primary,no,474,yes,no,cellular,20,apr,198,1,-1,0,unknown,no,2025-11-01 12:00:00
41,technician,married,secondary,no,0,no,no,cellular,11,mar,101,1,-1,0,unknown,no,2025-11-01 13:00:00
53,admin.,married,secondary,no,459,no,no,cellular,14,oct,317,6,192,1,success,no,2025-11-01 14:00:00
29,unemployed,single,secondary,no,486,no,no,telephone,30,apr,95,1,-1,0,unknown,no,2025-11-01 15:00:00
51,blue-collar,divorced,primary,no,5,no,no,cellular,29,jul,600,2,-1,0,unknown,yes,2025-11-01 16:00:00
39,technician,married,tertiary,no,2869,no,no,cellular,3,apr,115,1,-1,0,unknown,no,2025-11-01 17:00:00
36,technician,single,secondary,no,380,yes,no,unknown,20,may,134,1,-1,0,unknown,no,2025-11-01 18:00:00
38,management,divorced,tertiary,no,6368,yes,no,cellular,4,may,922,4,-1,0,unknown,yes,2025-11-01 19:00:00
40,admin.,married,secondary,no,538,no,no,unknown,16,jun,167,2,-1,0,unknown,no,2025-11-01 20:00:00
52,housemaid,married,primary,no,310,no,yes,unknown,12,jun,100,4,-1,0,unknown,no,2025-11-01 21:00:00
37,technician,married,secondary,no,64,yes,no,cellular,12,may,239,4,278,2,other,no,2025-11-01 22:00:00
51,management,divorced,tertiary,no,45,no,no,cellular,19,aug,95,4,-1,0,unknown,no,2025-11-01 23:00:00
33,admin.,married,secondary,no,1114,yes,no,cellular,14,jul,250,3,-1,0,unknown,no,2025-11-02 00:00:00
44,management,married,tertiary,no,-68,no,yes,cellular,25,aug,121,4,-1,0,unknown,no,2025-11-02 01:00:00
57,management,divorced,unknown,no,0,no,no,unknown,13,may,95,1,-1,0,unknown,no,2025-11-02 02:00:00
32,admin.,single,secondary,no,2817,yes,no,cellular,21,nov,195,1,-1,0,unknown,no,2025-11-02 03:00:00
47,technician,married,secondary,no,11,no,no,cellular,21,aug,184,3,-1,0,unknown,no,2025-11-02 04:00:00
40,management,married,tertiary,no,24450,no,no,cellular,25,aug,73,2,-1,0,unknown,no,2025-11-02 05:00:00
30,admin.,single,tertiary,no,8,no,yes,cellular,30,jul,76,2,150,1,failure,no,2025-11-02 06:00:00
34,admin.,single,secondary,no,1,no,no,unknown,25,jun,247,1,-1,0,unknown,no,2025-11-02 07:00:00
56,retired,married,primary,no,0,no,no,unknown,11,jun,188,2,-1,0,unknown,no,2025-11-02 08:00:00
61,housemaid,married,primary,no,368,no,no,cellular,8,aug,62,3,-1,0,unknown,no,2025-11-02 09:00:00
41,self-employed,married,secondary,no,305,yes,no,cellular,13,may,174,2,-1,0,unknown,no,2025-11-02 10:00:00
53,management,married,primary,no,3544,no,no,unknown,19,may,195,4,-1,0,unknown,no,2025-11-02 11:00:00
52,admin.,single,secondary,no,726,yes,no,cellular,24,may,699,1,378,9,failure,yes,2025-11-02 12:00:00
44,management,married,secondary,no,4425,no,no,cellular,30,jul,477,2,-1,0,unknown,no,2025-11-02 13:00:00
59,blue-collar,divorced,secondary,no,3573,no,no,cellular,15,may,44,1,-1,0,unknown,no,2025-11-02 14:00:00
26,self-employed,single,tertiary,no,657,no,yes,cellular,17,mar,159,2,-1,0,unknown,no,2025-11-02 15:00:00
48,technician,married,secondary,no,0,yes,yes,unknown,15,may,964,2,-1,0,unknown,no,2025-11-02 16:00:00
32,admin.,single,secondary,no,540,yes,no,cellular,21,nov,379,2,-1,0,unknown,no,2025-11-02 17:00:00
44,technician,single,secondary,no,293,yes,no,cellular,8,may,345,2,358,1,failure,no,2025-11-02 18:00:00
44,blue-collar,married,secondary,no,3610,yes,no,unknown,29,may,23,15,-1,0,unknown,no,2025-11-02 19:00:00
34,technician,single,tertiary,no,783,no,no,cellular,8,jul,281,1,-1,0,unknown,no,2025-11-02 20:00:00
45,management,single,tertiary,no,1411,no,no,cellular,28,may,142,3,-1,0,unknown,no,2025-11-02 21:00:00
56,management,married,tertiary,no,1390,yes,no,cellular,18,nov,543,1,-1,0,unknown,yes,2025-11-02 22:00:00
37,management,married,tertiary,no,4842,yes,no,cellular,25,nov,170,1,-1,0,unknown,no,2025-11-02 23:00:00
35,management,single,tertiary,no,1,yes,no,cellular,5,may,80,1,285,1,failure,no,2025-11-03 00:00:00
31,services,single,unknown,no,347,yes,no,cellular,5,feb,254,3,260,1,failure,no,2025-11-03 01:00:00
37,management,single,secondary,no,45,no,no,cellular,29,aug,99,3,-1,0,unknown,no,2025-11-03 02:00:00
46,blue-collar,married,secondary,no,521,yes,no,cellular,29,jan,246,1,226,3,failure,no,2025-11-03 03:00:00
31,services,single,secondary,no,365,no,no,cellular,9,jun,337,3,-1,0,unknown,no,2025-11-03 04:00:00
34,blue-collar,married,secondary,no,577,no,no,unknown,14,may,337,1,-1,0,unknown,no,2025-11-03 05:00:00
30,services,single,secondary,no,193,yes,no,cellular,29,jan,326,1,244,2,failure,no,2025-11-03 06:00:00
52,blue-collar,divorced,primary,yes,-183,yes,no,unknown,6,may,145,1,-1,0,unknown,no,2025-11-03 07:00:00
47,blue-collar,married,secondary,no,-423,no,no,unknown,9,jun,127,2,-1,0,unknown,no,2025-11-03 08:00:00
28,admin.,single,secondary,no,-625,yes,no,unknown,4,jun,102,1,-1,0,unknown,no,2025-11-03 09:00:00
49,housemaid,married,secondary,no,3,no,no,cellular,20,aug,118,2,-1,0,unknown,no,2025-11-03 10:00:00
29,blue-collar,married,primary,no,25,yes,no,unknown,4,jun,188,2,-1,0,unknown,no,2025-11-03 11:00:00
44,services,married,secondary,no,179,yes,no,unknown,20,jun,75,3,-1,0,unknown,no,2025-11-03 12:00:00
48,blue-collar,divorced,primary,no,0,no,no,unknown,6,jun,248,2,-1,0,unknown,no,2025-11-03 13:00:00
26,management,married,tertiary,no,243,no,no,cellular,26,may,482,1,-1,0,unknown,yes,2025-11-03 14:00:00
28,student,single,tertiary,no,61,yes,no,cellular,16,jul,401,8,-1,0,unknown,no,2025-11-03 15:00:00
59,retired,married,secondary,no,0,no,no,cellular,20,nov,363,2,100,6,other,no,2025-11-03 16:00:00
57,blue-collar,married,secondary,no,2192,no,no,unknown,15,may,208,2,-1,0,unknown,no,2025-11-03 17:00:00
49,services,single,secondary,no,5028,yes,no,unknown,12,may,891,1,-1,0,unknown,no,2025-11-03 18:00:00
56,blue-collar,divorced,primary,no,-9,yes,yes,cellular,8,may,728,1,-1,0,unknown,yes,2025-11-03 19:00:00
47,management,single,tertiary,no,4402,no,no,telephone,10,dec,805,1,190,1,other,yes,2025-11-03 20:00:00
38,blue-collar,married,secondary,no,730,yes,no,cellular,20,apr,19,5,328,8,other,no,2025-11-03 21:00:00
29,services,single,secondary,no,887,no,no,cellular,4,feb,343,1,-1,0,unknown,no,2025-11-03 22:00:00
42,blue-collar,married,secondary,no,9359,yes,no,unknown,15,may,197,1,-1,0,unknown,no,2025-11-03 23:00:00
49,technician,married,secondary,no,788,no,no,unknown,17,jun,162,7,-1,0,unknown,no,2025-11-04 00:00:00
55,retired,married,secondary,no,708,yes,no,unknown,13,may,901,2,-1,0,unknown,no,2025-11-04 01:00:00
84,retired,divorced,primary,no,2619,no,no,telephone,8,feb,145,2,115,2,failure,no,2025-11-04 02:00:00
35,self-employed,married,tertiary,no,1178,yes,yes,cellular,14,oct,727,3,182,2,other,no,2025-11-04 03:00:00
34,technician,married,tertiary,no,691,yes,yes,unknown,2,jun,70,1,-1,0,unknown,no,2025-11-04 04:00:00
43,entrepreneur,single,tertiary,no,42,no,no,cellular,7,jul,285,1,-1,0,unknown,no,2025-11-04 05:00:00
43,technician,single,secondary,no,214,yes,no,cellular,14,may,335,1,-1,0,unknown,no,2025-11-04 06:00:00
33,management,married,tertiary,no,373,no,no,cellular,28,jan,384,1,-1,0,unknown,no,2025-11-04 07:00:00
53,admin.,single,secondary,no,393,no,no,cellular,29,jan,69,1,-1,0,unknown,no,2025-11-04 08:00:00
36,blue-collar,married,secondary,no,324,yes,yes,cellular,16,jul,830,1,-1,0,unknown,yes,2025-11-04 09:00:00
38,blue-collar,married,secondary,no,360,yes,no,unknown,14,may,220,2,-1,0,unknown,no,2025-11-04 10:00:00
42,technician,married,secondary,no,314,no,no,cellular,27,aug,11,22,-1,0,unknown,no,2025-11-04 11:00:00
43,blue-collar,single,secondary,no,592,yes,no,cellular,14,may,260,1,-1,0,unknown,no,2025-11-04 12:00:00
56,technician,married,tertiary,no,1476,no,no,telephone,31,jul,40,3,-1,0,unknown,no,2025-11-04 13:00:00
58,blue-collar,married,secondary,no,6004,yes,no,cellular,13,may,133,1,274,6,failure,no,2025-11-04 14:00:00
76,retired,married,secondary,no,242,no,no,telephone,16,sep,994,3,-1,0,unknown,no,2025-11-04 15:00:00
42,management,married,tertiary,no,-700,yes,no,unknown,14,may,110,1,-1,0,unknown,no,2025-11-04 16:00:00
55,management,married,tertiary,no,73,yes,no,unknown,5,may,142,2,-1,0,unknown,no,2025-11-04 17:00:00
21,student,single,secondary,no,130,no,no,cellular,11,may,113,2,273,4,failure,no,2025-11-04 18:00:00
46,management,married,tertiary,no,99,yes,no,cellular,23,jul,569,1,-1,0,unknown,no,2025-11-04 19:00:00
46,self-employed,married,primary,no,5442,yes,no,cellular,18,jul,115,4,-1,0,unknown,no,2025-11-04 20:00:00
41,management,single,tertiary,no,203,no,no,cellular,5,mar,90,2,-1,0,unknown,no,2025-11-04 21:00:00
26,services,single,secondary,no,136,no,no,cellular,20,apr,120,1,-1,0,unknown,yes,2025-11-04 22:00:00
32,technician,married,secondary,no,3333,no,no,cellular,8,aug,50,4,-1,0,unknown,no,2025-11-04 23:00:00
35,management,single,tertiary,no,474,yes,yes,cellular,29,jan,372,1,-1,0,unknown,no,2025-11-05 00:00:00
40,admin.,divorced,secondary,no,952,yes,no,cellular,15,may,126,2,333,1,failure,no,2025-11-05 01:00:00
47,technician,married,secondary,no,80,no,yes,cellular,17,nov,74,1,145,1,failure,no,2025-11-05 02:00:00
25,blue-collar,divorced,secondary,no,720,yes,no,unknown,4,jun,156,1,-1,0,unknown,no,2025-11-05 03:00:00
51,blue-collar,married,primary,no,91,no,yes,unknown,19,jun,368,2,-1,0,unknown,no,2025-11-05 04:00:00
30,blue-collar,single,secondary,no,144,yes,no,cellular,5,feb,259,1,260,3,failure,no,2025-11-05 05:00:00
27,self-employed,divorced,secondary,no,165,yes,no,cellular,6,feb,1160,2,192,4,failure,no,2025-11-05 06:00:00
33,blue-collar,single,primary,no,863,yes,no,telephone,13,may,622,3,-1,0,unknown,yes,2025-11-05 07:00:00
55,blue-collar,married,secondary,no,-157,no,no,cellular,6,feb,354,5,-1,0,unknown,no,2025-11-05 08:00:00
55,blue-collar,married,secondary,no,1358,no,no,cellular,8,apr,149,1,-1,0,unknown,no,2025-11-05 09:00:00
42,management,divorced,tertiary,no,826,no,no,telephone,29,jul,316,3,-1,0,unknown,no,2025-11-05 10:00:00
37,blue-collar,divorced,secondary,no,614,yes,no,unknown,20,may,185,1,-1,0,unknown,no,2025-11-05 11:00:00
41,self-employed,married,secondary,no,634,yes,no,cellular,16,jul,239,2,-1,0,unknown,no,2025-11-05 12:00:00
30,admin.,married,secondary,no,-366,yes,yes,unknown,3,jun,102,1,-1,0,unknown,no,2025-11-05 13:00:00
25,management,single,tertiary,no,145,no,no,cellular,7,aug,121,1,-1,0,unknown,no,2025-11-05 14:00:00
43,management,single,secondary,no,109,yes,no,unknown,27,may,64,3,-1,0,unknown,no,2025-11-05 15:00:00
55,entrepreneur,married,primary,no,298,yes,no,unknown,8,may,144,3,-1,0,unknown,no,2025-11-05 16:00:00
46,admin.,single,tertiary,no,2889,yes,no,cellular,5,may,494,1,-1,0,unknown,yes,2025-11-05 17:00:00
42,technician,married,secondary,no,-350,yes,yes,unknown,30,may,149,1,-1,0,unknown,no,2025-11-05 18:00:00
29,technician,single,secondary,no,0,no,no,cellular,28,jan,296,1,-1,0,unknown,no,2025-11-05 19:00:00
47,blue-collar,married,primary,no,145,no,no,unknown,17,jun,255,1,-1,0,unknown,no,2025-11-05 20:00:00
57,technician,married,secondary,no,295,no,no,cellular,19,aug,151,11,-1,0,unknown,no,2025-11-05 21:00:00
59,retired,married,unknown,no,7586,no,no,cellular,12,aug,632,6,-1,0,unknown,no,2025-11-05 22:00:00
31,admin.,single,secondary,no,410,no,no,cellular,23,apr,342,1,-1,0,unknown,yes,2025-11-05 23:00:00
52,blue-collar,married,secondary,no,331,no,no,cellular,8,aug,84,4,-1,0,unknown,no,2025-11-06 00:00:00
50,technician,married,tertiary,no,0,no,yes,cellular,12,apr,337,1,258,6,failure,no,2025-11-06 01:00:00
48,unemployed,divorced,secondary,no,583,yes,no,cellular,11,may,68,1,-1,0,unknown,no,2025-11-06 02:00:00
28,services,married,secondary,no,0,yes,no,cellular,5,may,335,2,281,8,failure,no,2025-11-06 03:00:00
42,admin.,married,secondary,no,71,yes,yes,cellular,28,apr,165,3,-1,0,unknown,no,2025-11-06 04:00:00
55,admin.,married,secondary,no,1105,yes,yes,unknown,15,may,94,1,-1,0,unknown,no,2025-11-06 05:00:00
30,technician,single,secondary,no,1626,no,no,cellular,25,jul,566,3,-1,0,unknown,no,2025-11-06 06:00:00
21,student,single,primary,no,3472,no,no,cellular,20,apr,66,3,-1,0,unknown,no,2025-11-06 07:00:00
26,admin.,single,secondary,no,236,yes,yes,cellular,18,may,8,2,-1,0,unknown,no,2025-11-06 08:00:00
42,management,married,secondary,no,1607,yes,no,unknown,30,may,108,1,-1,0,unknown,no,2025-11-06 09:00:00
36,blue-collar,divorced,secondary,no,313,yes,yes,cellular,17,apr,264,2,-1,0,unknown,no,2025-11-06 10:00:00
28,blue-collar,married,secondary,no,59,yes,yes,unknown,23,may,293,2,-1,0,unknown,no,2025-11-06 11:00:00
26,technician,single,secondary,no,276,yes,no,cellular,15,may,106,1,368,4,failure,no,2025-11-06 12:00:00
29,blue-collar,married,primary,yes,-43,yes,no,unknown,9,may,484,1,-1,0,unknown,no,2025-11-06 13:00:00
49,admin.,divorced,secondary,no,1180,no,no,cellular,27,jul,139,2,181,4,success,no,2025-11-06 14:00:00
31,blue-collar,married,primary,no,33,yes,no,cellular,24,jul,901,2,-1,0,unknown,yes,2025-11-06 15:00:00
45,technician,married,secondary,no,280,yes,no,cellular,4,may,562,3,168,2,other,no,2025-11-06 16:00:00
45,blue-collar,single,secondary,no,0,yes,no,cellular,26,apr,1472,1,192,4,failure,yes,2025-11-06 17:00:00
64,retired,married,unknown,no,2923,no,no,cellular,12,mar,120,1,-1,0,unknown,no,2025-11-06 18:00:00
58,blue-collar,married,primary,no,0,yes,no,cellular,31,jul,5,25,-1,0,unknown,no,2025-11-06 19:00:00
30,management,married,tertiary,no,69,yes,no,unknown,6,jul,42,1,-1,0,unknown,no,2025-11-06 20:00:00
33,technician,single,secondary,no,181,yes,no,cellular,13,may,25,7,-1,0,unknown,no,2025-11-06 21:00:00
60,blue-collar,married,unknown,no,54,yes,no,unknown,5,may,221,1,-1,0,unknown,no,2025-11-06 22:00:00
35,technician,single,tertiary,no,172,yes,yes,cellular,18,nov,52,1,-1,0,unknown,no,2025-11-06 23:00:00
47,blue-collar,married,secondary,no,4840,no,no,unknown,16,jun,53,1,-1,0,unknown,no,2025-11-07 00:00:00
50,housemaid,married,secondary,no,388,no,no,cellular,15,sep,173,2,99,4,failure,yes,2025-11-07 01:00:00
57,blue-collar,married,primary,no,3109,no,no,cellular,2,jun,482,2,-1,0,unknown,yes,2025-11-07 02:00:00
43,entrepreneur,married,secondary,no,1109,yes,no,cellular,6,aug,64,4,-1,0,unknown,no,2025-11-07 03:00:00
31,management,married,tertiary,no,5889,yes,no,unknown,23,may,237,1,-1,0,unknown,no,2025-11-07 04:00:00
35,blue-collar,single,secondary,no,74,yes,no,cellular,17,apr,360,1,-1,0,unknown,no,2025-11-07 05:00:00
44,blue-collar,married,primary,no,2135,no,no,unknown,9,jun,61,1,-1,0,unknown,no,2025-11-07 06:00:00
46,technician,married,secondary,no,1029,yes,no,unknown,14,may,142,1,-1,0,unknown,no,2025-11-07 07:00:00
41,blue-collar,single,tertiary,no,6025,no,no,unknown,19,jun,559,1,-1,0,unknown,no,2025-11-07 08:00:00
48,admin.,single,secondary,no,0,no,yes,telephone,21,nov,47,2,-1,0,unknown,no,2025-11-07 09:00:00
43,management,divorced,tertiary,no,36,no,no,cellular,13,feb,61,1,193,1,failure,no,2025-11-07 10:00:00
40,admin.,single,secondary,no,2854,yes,no,cellular,18,nov,354,2,169,1,failure,no,2025-11-07 11:00:00
60,blue-collar,married,secondary,no,0,no,no,cellular,21,aug,111,2,-1,0,unknown,no,2025-11-07 12:00:00
40,blue-collar,married,primary,no,2171,yes,no,unknown,9,may,97,1,-1,0,unknown,no,2025-11-07 13:00:00
52,entrepreneur,divorced,secondary,no,302,no,no,unknown,19,jun,169,2,-1,0,unknown,no,2025-11-07 14:00:00
35,admin.,single,primary,no,8,yes,no,unknown,16,may,148,18,-1,0,unknown,no,2025-11-07 15:00:00
44,blue-collar,married,secondary,no,837,yes,no,cellular,6,feb,218,1,-1,0,unknown,no,2025-11-07 16:00:00
31,management,single,tertiary,no,83,no,no,cellular,4,aug,144,2,-1,0,unknown,no,2025-11-07 17:00:00
70,retired,married,primary,no,3230,no,no,cellular,11,jan,300,2,48,1,failure,no,2025-11-07 18:00:00
28,admin.,single,secondary,no,2,no,no,cellular,15,jun,60,1,-1,0,unknown,no,2025-11-07 19:00:00
42,technician,single,secondary,no,631,no,no,telephone,22,jul,171,2,413,3,failure,no,2025-11-07 20:00:00
55,technician,married,secondary,no,150,yes,yes,unknown,27,may,285,1,-1,0,unknown,no,2025-11-07 21:00:00
34,technician,divorced,secondary,no,17,yes,no,cellular,18,may,375,3,-1,0,unknown,no,2025-11-07 22:00:00
33,admin.,divorced,secondary,no,961,no,no,cellular,30,jan,308,2,-1,0,unknown,no,2025-11-07 23:00:00
46,entrepreneur,married,secondary,no,3317,no,no,cellular,19,nov,231,2,-1,0,unknown,no,2025-11-08 00:00:00
55,blue-collar,married,secondary,no,471,yes,no,unknown,30,may,58,2,-1,0,unknown,no,2025-11-08 01:00:00
32,blue-collar,married,primary,no,391,yes,no,cellular,17,apr,728,1,-1,0,unknown,no,2025-11-08 02:00:00
34,entrepreneur,married,secondary,no,3994,no,yes,cellular,28,jul,188,3,-1,0,unknown,no,2025-11-08 03:00:00
31,technician,single,tertiary,no,13711,yes,no,cellular,20,nov,1532,3,-1,0,unknown,yes,2025-11-08 04:00:00
39,management,married,secondary,no,2445,no,no,unknown,16,jun,303,5,-1,0,unknown,no,2025-11-08 05:00:00
34,entrepreneur,divorced,tertiary,no,262,no,no,cellular,20,nov,371,1,-1,0,unknown,no,2025-11-08 06:00:00
26,technician,single,secondary,no,44,no,no,cellular,30,oct,217,1,-1,0,unknown,yes,2025-11-08 07:00:00
43,services,married,primary,no,574,yes,no,cellular,8,may,140,1,-1,0,unknown,no,2025-11-08 08:00:00
49,technician,married,secondary,no,633,no,no,cellular,5,aug,201,2,-1,0,unknown,no,2025-11-08 09:00:00
51,housemaid,divorced,primary,no,127,no,no,unknown,13,sep,69,1,-1,0,unknown,no,2025-11-08 10:00:00
35,admin.,divorced,secondary,no,869,yes,no,unknown,29,may,173,1,-1,0,unknown,no,2025-11-08 11:00:00
48,services,married,secondary,no,0,no,no,cellular,7,aug,163,5,-1,0,unknown,no,2025-11-08 12:00:00
41,management,married,tertiary,no,27696,no,no,cellular,12,aug,147,2,104,1,failure,yes,2025-11-08 13:00:00
33,services,single,secondary,no,6531,yes,no,unknown,3,jun,495,3,-1,0,unknown,no,2025-11-08 14:00:00
58,admin.,married,unknown,no,903,no,no,cellular,28,jan,56,1,-1,0,unknown,no,2025-11-08 15:00:00
42,blue-collar,married,primary,no,3,no,no,unknown,18,jun,45,3,-1,0,unknown,no,2025-11-08 16:00:00
58,technician,married,secondary,no,5618,yes,no,cellular,20,nov,361,2,189,1,failure,no,2025-11-08 17:00:00
56,housemaid,married,primary,no,954,no,no,unknown,20,jun,81,10,-1,0,unknown,no,2025-11-08 18:00:00
32,admin.,married,secondary,no,497,yes,no,unknown,23,may,92,3,-1,0,unknown,no,2025-11-08 19:00:00
34,blue-collar,single,secondary,no,1156,yes,no,unknown,23,may,234,2,-1,0,unknown,no,2025-11-08 20:00:00
41,blue-collar,married,secondary,no,281,yes,no,cellular,14,may,123,4,-1,0,unknown,no,2025-11-08 21:00:00
40,services,married,unknown,no,-516,yes,no,cellular,8,may,272,1,364,2,failure,no,2025-11-08 22:00:00
35,housemaid,married,tertiary,no,3831,no,no,cellular,20,nov,59,2,-1,0,unknown,no,2025-11-08 23:00:00
31,unemployed,single,primary,no,3652,no,no,cellular,1,jun,285,1,-1,0,unknown,no,2025-11-09 00:00:00
45,unemployed,married,secondary,no,2040,no,no,telephone,2,feb,803,1,-1,0,unknown,yes,2025-11-09 01:00:00
51,technician,married,tertiary,no,4455,no,no,telephone,14,aug,85,4,-1,0,unknown,no,2025-11-09 02:00:00
36,blue-collar,single,primary,no,263,yes,no,unknown,15,may,172,2,-1,0,unknown,no,2025-11-09 03:00:00
50,admin.,married,secondary,no,326,yes,no,cellular,11,may,124,1,369,2,failure,no,2025-11-09 04:00:00
25,blue-collar,single,secondary,no,76,no,yes,cellular,28,jul,50,4,-1,0,unknown,no,2025-11-09 05:00:00
37,admin.,married,secondary,no,0,yes,no,cellular,22,jul,185,1,-1,0,unknown,no,2025-11-09 06:00:00
48,blue-collar,single,unknown,no,428,yes,no,cellular,18,may,127,1,-1,0,unknown,no,2025-11-09 07:00:00
46,blue-collar,married,secondary,no,2348,no,no,cellular,17,nov,182,1,-1,0,unknown,no,2025-11-09 08:00:00
37,admin.,married,secondary,no,96,no,no,cellular,5,feb,102,1,182,3,success,no,2025-11-09 09:00:00
43,blue-collar,divorced,primary,no,-57,yes,no,unknown,16,may,221,2,-1,0,unknown,no,2025-11-09 10:00:00
34,management,married,tertiary,no,2657,yes,no,cellular,11,aug,159,3,-1,0,unknown,no,2025-11-09 11:00:00
42,blue-collar,married,secondary,no,375,yes,no,unknown,6,jun,99,5,-1,0,unknown,no,2025-11-09 12:00:00
32,technician,married,secondary,no,1,no,yes,cellular,29,jul,123,6,-1,0,unknown,no,2025-11-09 13:00:00
44,blue-collar,married,primary,no,77,yes,no,unknown,29,may,23,1,-1,0,unknown,no,2025-11-09 14:00:00
59,management,married,tertiary,no,1585,no,no,telephone,28,aug,91,5,-1,0,unknown,no,2025-11-09 15:00:00
57,technician,divorced,secondary,no,3043,no,no,cellular,14,aug,707,2,-1,0,unknown,yes,2025-11-09 16:00:00
33,admin.,married,secondary,no,252,yes,no,cellular,22,jul,270,2,-1,0,unknown,no,2025-11-09 17:00:00
33,technician,single,tertiary,no,119,no,yes,cellular,21,jul,202,3,-1,0,unknown,no,2025-11-09 18:00:00
60,retired,married,primary,no,174,yes,yes,cellular,2,feb,157,2,252,1,failure,no,2025-11-09 19:00:00
59,management,single,secondary,no,671,yes,yes,unknown,15,may,157,5,-1,0,unknown,no,2025-11-09 20:00:00
31,unemployed,married,secondary,no,314,yes,no,unknown,26,may,149,7,-1,0,unknown,no,2025-11-09 21:00:00
52,technician,married,secondary,no,470,no,no,cellular,27,aug,60,8,-1,0,unknown,no,2025-11-09 22:00:00
43,unemployed,married,secondary,no,1630,no,no,cellular,29,jul,153,3,-1,0,unknown,no,2025-11-09 23:00:00
31,blue-collar,single,secondary,no,42,no,no,cellular,9,feb,473,3,12,2,other,no,2025-11-10 00:00:00
49,management,married,tertiary,no,68,yes,yes,unknown,19,may,163,3,-1,0,unknown,no,2025-11-10 01:00:00
31,admin.,single,secondary,no,40,no,no,cellular,4,aug,158,1,104,2,failure,no,2025-11-10 02:00:00
43,blue-collar,married,primary,no,108,yes,yes,unknown,15,may,420,4,-1,0,unknown,no,2025-11-10 03:00:00
40,technician,divorced,secondary,no,0,no,no,cellular,19,aug,60,2,-1,0,unknown,no,2025-11-10 04:00:00
31,services,single,primary,yes,-357,yes,yes,cellular,11,jul,215,2,-1,0,unknown,no,2025-11-10 05:00:00
26,admin.,single,secondary,no,787,yes,no,cellular,15,may,68,2,371,1,failure,no,2025-11-10 06:00:00
52,services,married,primary,no,911,no,no,unknown,20,jun,29,2,-1,0,unknown,no,2025-11-10 07:00:00
31,services,single,secondary,no,-341,no,no,unknown,4,jun,171,3,-1,0,unknown,no,2025-11-10 08:00:00
36,housemaid,single,primary,no,207,no,no,unknown,20,jun,1478,5,-1,0,unknown,no,2025-11-10 09:00:00
52,blue-collar,married,primary,no,649,yes,yes,unknown,20,jun,7,20,-1,0,unknown,no,2025-11-10 10:00:00
53,services,married,secondary,no,1364,no,no,cellular,17,nov,508,1,115,1,failure,no,2025-11-10 11:00:00
40,self-employed,married,primary,no,771,yes,no,unknown,14,may,166,1,-1,0,unknown,no,2025-11-10 12:00:00
54,self-employed,married,primary,no,1463,no,no,unknown,20,jun,60,1,-1,0,unknown,no,2025-11-10 13:00:00
47,blue-collar,married,primary,no,683,yes,no,cellular,15,jul,106,12,-1,0,unknown,no,2025-11-10 14:00:00
59,blue-collar,married,unknown,no,139,no,no,unknown,5,jun,153,1,-1,0,unknown,no,2025-11-10 15:00:00
57,management,married,secondary,no,7162,no,no,cellular,17,nov,83,1,-1,0,unknown,no,2025-11-10 16:00:00
38,technician,single,tertiary,no,2443,no,no,cellular,4,may,9,8,-1,0,unknown,no,2025-11-10 17:00:00
46,blue-collar,single,tertiary,no,460,yes,no,unknown,7,may,1102,2,-1,0,unknown,yes,2025-11-10 18:00:00
43,services,single,tertiary,no,126,yes,no,unknown,20,jun,351,2,-1,0,unknown,no,2025-11-10 19:00:00
43,services,married,primary,no,448,yes,no,unknown,26,may,118,6,-1,0,unknown,no,2025-11-10 20:00:00
60,retired,married,secondary,no,78,yes,no,unknown,12,may,113,3,-1,0,unknown,no,2025-11-10 21:00:00
36,management,married,tertiary,no,1,yes,yes,cellular,13,apr,84,2,-1,0,unknown,no,2025-11-10 22:00:00
31,technician,married,secondary,no,318,no,no,cellular,2,dec,310,1,-1,0,unknown,yes,2025-11-10 23:00:00
24,blue-collar,married,secondary,no,142,yes,yes,unknown,16,may,300,1,-1,0,unknown,no,2025-11-11 00:00:00
59,management,divorced,tertiary,no,262,no,no,unknown,5,may,178,1,-1,0,unknown,no,2025-11-11 01:00:00
41,technician,married,secondary,no,55,yes,no,cellular,6,aug,185,4,-1,0,unknown,no,2025-11-11 02:00:00
40,services,married,secondary,no,105,yes,no,cellular,9,jul,161,1,-1,0,unknown,no,2025-11-11 03:00:00
46,admin.,divorced,primary,no,509,no,no,cellular,17,jul,272,1,-1,0,unknown,no,2025-11-11 04:00:00
38,unemployed,married,secondary,no,0,no,no,cellular,24,jul,168,2,-1,0,unknown,no,2025-11-11 05:00:00
29,management,married,tertiary,no,361,yes,yes,cellular,28,jul,819,3,-1,0,unknown,no,2025-11-11 06:00:00
34,technician,married,tertiary,no,482,no,no,cellular,5,aug,56,2,-1,0,unknown,no,2025-11-11 07:00:00
48,blue-collar,married,secondary,no,578,yes,no,cellular,2,feb,70,1,250,1,failure,no,2025-11-11 08:00:00
25,admin.,single,secondary,no,768,yes,no,unknown,13,may,203,1,-1,0,unknown,no,2025-11-11 09:00:00
29,admin.,married,secondary,no,-211,yes,no,cellular,18,may,58,1,-1,0,unknown,no,2025-11-11 10:00:00
45,management,married,tertiary,no,474,yes,yes,cellular,2,feb,190,4,264,4,failure,no,2025-11-11 11:00:00
47,technician,married,secondary,no,503,yes,no,unknown,6,may,109,2,-1,0,unknown,no,2025-11-11 12:00:00
30,unemployed,single,tertiary,no,1159,no,no,cellular,12,aug,95,1,68,1,success,no,2025-11-11 13:00:00
45,blue-collar,married,unknown,no,248,yes,no,unknown,6,may,88,5,-1,0,unknown,no,2025-11-11 14:00:00
34,blue-collar,married,secondary,no,467,yes,no,cellular,13,may,195,2,357,2,failure,no,2025-11-11 15:00:00
34,student,single,tertiary,no,1322,no,no,cellular,26,aug,170,3,-1,0,unknown,no,2025-11-11 16:00:00
50,blue-collar,divorced,primary,no,608,yes,no,unknown,17,jun,107,4,-1,0,unknown,no,2025-11-11 17:00:00
40,technician,married,tertiary,no,5152,yes,yes,cellular,18,jul,121,2,-1,0,unknown,no,2025-11-11 18:00:00
33,management,married,primary,no,262,yes,no,cellular,14,may,386,3,-1,0,unknown,no,2025-11-11 19:00:00
50,blue-collar,married,primary,no,216,yes,no,telephone,13,may,137,1,369,2,failure,no,2025-11-11 20:00:00
38,management,divorced,tertiary,no,4425,yes,no,unknown,30,may,162,1,-1,0,unknown,no,2025-11-11 21:00:00
32,technician,single,tertiary,no,392,yes,no,cellular,21,nov,148,2,-1,0,unknown,no,2025-11-11 22:00:00
27,technician,married,secondary,no,639,yes,no,unknown,26,may,633,1,-1,0,unknown,no,2025-11-11 23:00:00
40,blue-collar,married,primary,no,0,yes,no,cellular,21,jul,1080,4,-1,0,unknown,yes,2025-11-12 00:00:00
50,admin.,married,tertiary,no,6574,no,no,cellular,8,sep,495,1,92,3,success,yes,2025-11-12 01:00:00
60,retired,divorced,secondary,no,0,no,no,cellular,18,jul,91,10,-1,0,unknown,no,2025-11-12 02:00:00
38,technician,married,secondary,no,4030,yes,no,cellular,19,nov,75,2,177,5,failure,no,2025-11-12 03:00:00
35,technician,single,secondary,no,16,yes,no,cellular,8,apr,903,1,-1,0,unknown,yes,2025-11-12 04:00:00
44,blue-collar,married,primary,no,-171,yes,no,unknown,7,may,441,2,-1,0,unknown,no,2025-11-12 05:00:00
30,self-employed,married,primary,no,1380,yes,no,cellular,24,jul,259,9,-1,0,unknown,no,2025-11-12 06:00:00
24,blue-collar,single,secondary,no,3,yes,no,cellular,15,may,311,1,-1,0,unknown,no,2025-11-12 07:00:00
34,blue-collar,married,primary,no,277,no,no,cellular,4,feb,68,2,-1,0,unknown,no,2025-11-12 08:00:00
48,management,single,secondary,no,290,yes,no,cellular,21,jul,257,2,-1,0,unknown,no,2025-11-12 09:00:00
29,management,single,tertiary,no,1026,no,no,cellular,12,feb,138,2,92,2,success,yes,2025-11-12 10:00:00
50,unemployed,married,primary,no,705,no,no,unknown,5,jun,504,1,-1,0,unknown,yes,2025-11-12 11:00:00
40,blue-collar,married,unknown,no,247,yes,no,cellular,18,may,77,3,-1,0,unknown,no,2025-11-12 12:00:00
58,retired,married,primary,no,358,no,no,cellular,21,aug,396,2,-1,0,unknown,no,2025-11-12 13:00:00
38,technician,single,tertiary,no,69,yes,no,cellular,13,may,253,3,-1,0,unknown,no,2025-11-12 14:00:00
58,admin.,married,secondary,no,580,no,yes,telephone,2,feb,161,3,5,3,other,no,2025-11-12 15:00:00
38,management,married,tertiary,no,1952,no,yes,cellular,23,jul,237,1,-1,0,unknown,no,2025-11-12 16:00:00
34,blue-collar,married,primary,no,336,yes,no,unknown,21,may,713,4,-1,0,unknown,no,2025-11-12 17:00:00
34,blue-collar,married,secondary,no,199,yes,no,unknown,8,may,627,3,-1,0,unknown,no,2025-11-12 18:00:00
37,management,married,tertiary,no,1330,yes,no,cellular,29,jan,41,2,261,1,failure,no,2025-11-12 19:00:00
50,blue-collar,married,primary,no,0,no,no,unknown,9,jun,199,4,-1,0,unknown,no,2025-11-12 20:00:00
36,management,single,tertiary,no,891,yes,no,unknown,29,may,233,5,-1,0,unknown,no,2025-11-12 21:00:00
48,management,married,secondary,no,4415,yes,no,cellular,8,apr,1032,3,141,7,failure,yes,2025-11-12 22:00:00
31,technician,single,unknown,no,694,yes,no,unknown,6,jun,431,2,-1,0,unknown,no,2025-11-12 23:00:00
45,entrepreneur,married,tertiary,no,770,no,no,cellular,7,aug,65,2,-1,0,unknown,no,2025-11-13 00:00:00
36,blue-collar,divorced,secondary,no,52,yes,no,cellular,13,may,152,1,348,1,failure,no,2025-11-13 01:00:00
69,technician,married,secondary,no,2661,no,no,cellular,1,sep,925,1,187,3,other,no,2025-11-13 02:00:00
51,blue-collar,married,primary,no,51,no,no,unknown,27,may,121,2,-1,0,unknown,no,2025-11-13 03:00:00
43,entrepreneur,single,tertiary,no,0,yes,no,unknown,26,may,142,3,-1,0,unknown,no,2025-11-13 04:00:00
37,blue-collar,married,secondary,no,105,yes,no,unknown,8,may,69,2,-1,0,unknown,no,2025-11-13 05:00:00
33,blue-collar,married,secondary,no,17,no,no,cellular,10,jul,489,1,-1,0,unknown,no,2025-11-13 06:00:00
51,technician,married,tertiary,no,1347,yes,yes,cellular,30,apr,116,1,79,2,success,no,2025-11-13 07:00:00
31,blue-collar,married,tertiary,no,982,yes,yes,cellular,2,mar,142,2,-1,0,unknown,no,2025-11-13 08:00:00
25,blue-collar,single,secondary,no,389,no,no,cellular,3,jun,837,1,-1,0,unknown,yes,2025-11-13 09:00:00
43,technician,single,unknown,no,572,no,no,cellular,17,nov,80,2,-1,0,unknown,no,2025-11-13 10:00:00
33,services,married,secondary,no,4402,yes,no,cellular,21,nov,380,2,-1,0,unknown,no,2025-11-13 11:00:00
40,unemployed,married,secondary,no,1960,yes,no,unknown,2,jun,605,6,-1,0,unknown,yes,2025-11-13 12:00:00
36,technician,single,secondary,no,0,no,no,cellular,28,aug,8,13,-1,0,unknown,no,2025-11-13 13:00:00
44,management,married,primary,no,5418,yes,yes,cellular,28,jul,58,5,-1,0,unknown,no,2025-11-13 14:00:00
41,technician,married,secondary,no,-366,yes,yes,unknown,6,may,29,3,-1,0,unknown,no,2025-11-13 15:00:00
40,admin.,married,secondary,no,0,yes,no,cellular,15,may,13,8,366,7,other,no,2025-11-13 16:00:00
50,entrepreneur,divorced,tertiary,no,541,no,no,cellular,18,nov,204,1,-1,0,unknown,no,2025-11-13 17:00:00
57,management,married,tertiary,no,1602,no,no,cellular,29,jul,339,3,-1,0,unknown,no,2025-11-13 18:00:00
34,technician,divorced,secondary,no,0,yes,yes,cellular,18,aug,374,16,-1,0,unknown,no,2025-11-13 19:00:00
46,admin.,married,secondary,no,4958,yes,no,cellular,17,nov,64,3,150,5,other,no,2025-11-13 20:00:00
31,admin.,single,secondary,no,862,yes,no,cellular,15,may,47,2,-1,0,unknown,no,2025-11-13 21:00:00
48,services,single,secondary,yes,-470,yes,no,cellular,23,jul,544,11,-1,0,unknown,no,2025-11-13 22:00:00
27,management,divorced,tertiary,no,148,no,no,cellular,22,jul,174,9,-1,0,unknown,no,2025-11-13 23:00:00
59,blue-collar,married,secondary,no,410,yes,no,cellular,2,feb,136,1,-1,0,unknown,no,2025-11-14 00:00:00
46,entrepreneur,married,tertiary,no,0,yes,yes,cellular,6,may,37,1,-1,0,unknown,no,2025-11-14 01:00:00
41,management,single,tertiary,no,195,no,no,cellular,20,nov,125,1,167,2,failure,no,2025-11-14 02:00:00
48,blue-collar,married,primary,no,556,yes,no,telephone,12,may,22,1,-1,0,unknown,no,2025-11-14 03:00:00
27,student,single,tertiary,no,5291,no,no,cellular,11,feb,293,1,91,4,success,yes,2025-11-14 04:00:00
33,technician,married,tertiary,yes,56,no,no,cellular,20,aug,75,2,-1,0,unknown,no,2025-11-14 05:00:00
33,admin.,single,secondary,no,-300,yes,yes,cellular,25,jul,184,1,-1,0,unknown,no,2025-11-14 06:00:00
50,blue-collar,married,unknown,no,1389,yes,no,cellular,17,apr,300,3,302,3,failure,no,2025-11-14 07:00:00
27,technician,single,tertiary,no,4003,no,no,cellular,30,apr,584,1,-1,0,unknown,no,2025-11-14 08:00:00
42,technician,married,secondary,no,1865,yes,no,unknown,15,may,164,1,-1,0,unknown,no,2025-11-14 09:00:00
77,retired,married,secondary,no,2123,no,no,telephone,4,feb,141,4,-1,0,unknown,no,2025-11-14 10:00:00
49,entrepreneur,married,tertiary,no,893,no,no,cellular,20,nov,74,1,-1,0,unknown,no,2025-11-14 11:00:00
35,blue-collar,married,secondary,no,667,yes,no,cellular,14,may,10,5,324,27,other,no,2025-11-14 12:00:00
28,blue-collar,single,secondary,no,1025,yes,no,unknown,27,may,168,1,-1,0,unknown,no,2025-11-14 13:00:00
38,management,divorced,tertiary,no,151,yes,no,cellular,17,jul,50,1,-1,0,unknown,no,2025-11-14 14:00:00
28,unemployed,single,tertiary,no,1010,yes,no,cellular,6,may,911,1,336,2,failure,no,2025-11-14 15:00:00
58,retired,married,primary,no,701,no,no,cellular,22,aug,137,4,-1,0,unknown,no,2025-11-14 16:00:00
26,management,single,tertiary,no,141,no,no,cellular,12,aug,74,2,-1,0,unknown,no,2025-11-14 17:00:00
40,management,married,tertiary,no,324,no,no,cellular,20,aug,208,2,-1,0,unknown,no,2025-11-14 18:00:00
41,management,married,tertiary,no,3831,yes,no,cellular,7,aug,243,7,-1,0,unknown,no,2025-11-14 19:00:00
53,technician,single,primary,no,481,no,no,cellular,18,nov,399,1,-1,0,unknown,no,2025-11-14 20:00:00
39,blue-collar,married,primary,no,579,yes,yes,cellular,5,may,98,4,-1,0,unknown,no,2025-11-14 21:00:00
36,technician,married,tertiary,no,6,yes,no,cellular,27,jan,100,1,435,1,failure,no,2025-11-14 22:00:00
46,services,married,tertiary,no,474,no,no,unknown,9,jun,445,2,-1,0,unknown,no,2025-11-14 23:00:00
40,blue-collar,married,secondary,no,3131,yes,no,cellular,24,jul,401,1,-1,0,unknown,no,2025-11-15 00:00:00
28,services,single,unknown,no,-70,yes,yes,unknown,21,may,244,1,-1,0,unknown,no,2025-11-15 01:00:00
49,management,married,tertiary,no,87,no,no,cellular,29,jan,165,1,-1,0,unknown,no,2025-11-15 02:00:00
46,admin.,single,tertiary,no,377,yes,no,unknown,5,may,98,2,-1,0,unknown,no,2025-11-15 03:00:00
32,technician,single,secondary,no,0,no,no,cellular,22,aug,114,2,-1,0,unknown,no,2025-11-15 04:00:00
32,technician,single,tertiary,no,723,no,no,cellular,28,aug,68,27,-1,0,unknown,no,2025-11-15 05:00:00
59,retired,married,secondary,no,263,no,no,cellular,6,aug,601,2,-1,0,unknown,no,2025-11-15 06:00:00
37,management,single,tertiary,no,1339,yes,no,cellular,13,may,96,6,173,4,other,no,2025-11-15 07:00:00
32,self-employed,single,tertiary,no,1249,yes,no,cellular,19,nov,472,1,-1,0,unknown,yes,2025-11-15 08:00:00
31,self-employed,married,secondary,no,157,yes,no,unknown,19,may,285,1,-1,0,unknown,no,2025-11-15 09:00:00
38,admin.,single,secondary,no,18,no,no,cellular,13,may,296,1,366,6,failure,no,2025-11-15 10:00:00
29,technician,single,secondary,no,740,yes,no,unknown,28,may,194,3,-1,0,unknown,no,2025-11-15 11:00:00
26,housemaid,single,secondary,no,229,yes,no,unknown,30,may,60,16,-1,0,unknown,no,2025-11-15 12:00:00
50,management,married,tertiary,no,400,yes,no,cellular,8,may,41,1,360,1,failure,no,2025-11-15 13:00:00
45,services,married,secondary,no,1381,yes,no,unknown,8,may,269,1,-1,0,unknown,no,2025-11-15 14:00:00
28,management,single,tertiary,no,2080,no,no,telephone,30,jan,399,2,2,1,other,no,2025-11-15 15:00:00
52,technician,married,unknown,no,7,no,no,unknown,6,may,203,2,-1,0,unknown,no,2025-11-15 16:00:00
52,services,married,primary,no,1625,no,no,cellular,8,aug,459,2,-1,0,unknown,yes,2025-11-15 17:00:00
48,management,married,tertiary,yes,-13,yes,no,cellular,15,may,20,6,291,2,other,no,2025-11-15 18:00:00
41,management,married,secondary,no,3018,yes,no,cellular,17,nov,536,2,-1,0,unknown,no,2025-11-15 19:00:00
32,services,single,secondary,no,48,yes,yes,cellular,18,nov,132,1,-1,0,unknown,no,2025-11-15 20:00:00
35,technician,single,secondary,no,362,yes,no,cellular,17,apr,54,2,-1,0,unknown,no,2025-11-15 21:00:00
29,blue-collar,single,secondary,no,0,yes,no,cellular,5,feb,16,9,253,1,failure,no,2025-11-15 22:00:00
52,services,divorced,primary,no,146,yes,no,unknown,9,may,93,1,-1,0,unknown,no,2025-11-15 23:00:00
52,admin.,married,secondary,no,0,no,no,unknown,18,jun,161,1,-1,0,unknown,no,2025-11-16 00:00:00
26,management,single,tertiary,no,-630,yes,yes,unknown,3,jun,192,2,-1,0,unknown,no,2025-11-16 01:00:00
41,technician,divorced,tertiary,no,2611,yes,no,cellular,1,jun,129,1,314,2,failure,no,2025-11-16 02:00:00
47,blue-collar,married,primary,no,1294,yes,no,unknown,14,may,164,2,-1,0,unknown,no,2025-11-16 03:00:00
56,admin.,married,secondary,no,2087,yes,no,unknown,12,may,146,1,-1,0,unknown,no,2025-11-16 04:00:00
41,technician,married,secondary,no,0,no,no,cellular,22,aug,209,2,-1,0,unknown,no,2025-11-16 05:00:00
35,technician,single,secondary,no,1855,yes,no,unknown,7,may,138,1,-1,0,unknown,no,2025-11-16 06:00:00
32,blue-collar,married,primary,no,-376,yes,no,unknown,26,may,188,1,-1,0,unknown,no,2025-11-16 07:00:00
47,admin.,single,secondary,no,3957,yes,no,telephone,11,may,58,3,334,3,other,no,2025-11-16 08:00:00
41,management,married,tertiary,no,97,no,no,cellular,18,nov,130,1,-1,0,unknown,no,2025-11-16 09:00:00
32,management,married,tertiary,no,937,no,no,cellular,28,aug,90,1,94,2,failure,no,2025-11-16 10:00:00
46,technician,married,secondary,no,218,no,no,cellular,10,jul,41,1,-1,0,unknown,no,2025-11-16 11:00:00
27,management,single,tertiary,no,20585,no,no,cellular,23,sep,299,1,100,1,success,yes,2025-11-16 12:00:00
29,entrepreneur,married,tertiary,no,0,yes,no,cellular,24,jul,36,1,-1,0,unknown,no,2025-11-16 13:00:00
35,admin.,married,secondary,no,-312,no,no,cellular,30,apr,116,1,21,1,failure,no,2025-11-16 14:00:00
45,admin.,married,secondary,no,171,yes,no,unknown,12,may,539,1,-1,0,unknown,no,2025-11-16 15:00:00
42,technician,married,tertiary,no,1619,no,no,cellular,4,aug,148,1,-1,0,unknown,no,2025-11-16 16:00:00
42,admin.,married,secondary,no,1133,yes,no,cellular,4,feb,161,4,212,3,failure,no,2025-11-16 17:00:00
55,entrepreneur,married,tertiary,no,625,no,no,unknown,26,jun,48,4,-1,0,unknown,no,2025-11-16 18:00:00
29,blue-collar,single,secondary,no,1232,yes,no,cellular,16,apr,258,1,316,2,failure,no,2025-11-16 19:00:00
31,management,married,tertiary,no,2603,yes,no,cellular,11,feb,280,4,-1,0,unknown,yes,2025-11-16 20:00:00
52,management,married,tertiary,no,-2712,yes,yes,cellular,2,apr,253,1,-1,0,unknown,no,2025-11-16 21:00:00
48,management,married,tertiary,no,408,yes,no,cellular,17,apr,132,1,-1,0,unknown,no,2025-11-16 22:00:00
36,blue-collar,married,primary,no,650,yes,no,unknown,12,may,170,2,-1,0,unknown,no,2025-11-16 23:00:00
25,management,married,secondary,no,2228,yes,no,cellular,23,jul,754,1,-1,0,unknown,yes,2025-11-17 00:00:00
51,management,married,primary,no,108,no,no,cellular,18,nov,169,2,-1,0,unknown,no,2025-11-17 01:00:00
27,management,single,unknown,no,1029,yes,no,unknown,6,jun,71,2,-1,0,unknown,no,2025-11-17 02:00:00
46,blue-collar,married,primary,no,0,no,no,cellular,22,aug,65,2,-1,0,unknown,no,2025-11-17 03:00:00
61,management,married,tertiary,no,3371,no,no,cellular,28,sep,299,2,-1,0,unknown,yes,2025-11-17 04:00:00
37,blue-collar,married,secondary,no,56,yes,no,cellular,20,apr,46,2,285,1,failure,no,2025-11-17 05:00:00
41,management,single,tertiary,no,275,yes,no,cellular,18,nov,82,2,-1,0,unknown,no,2025-11-17 06:00:00
33,blue-collar,single,secondary,no,-84,no,no,cellular,10,jul,506,3,-1,0,unknown,no,2025-11-17 07:00:00
50,technician,married,primary,no,-315,no,yes,cellular,21,nov,61,7,136,1,failure,no,2025-11-17 08:00:00
46,management,divorced,secondary,no,145,yes,no,cellular,20,apr,113,2,270,5,failure,no,2025-11-17 09:00:00
60,retired,divorced,secondary,no,496,yes,no,cellular,15,may,655,2,-1,0,unknown,yes,2025-11-17 10:00:00
55,unemployed,married,secondary,no,377,no,no,cellular,8,oct,403,1,183,1,success,no,2025-11-17 11:00:00
41,housemaid,married,primary,no,1529,no,no,cellular,7,jul,61,6,-1,0,unknown,no,2025-11-17 12:00:00
58,management,divorced,secondary,no,3161,no,no,telephone,30,jul,542,2,-1,0,unknown,yes,2025-11-17 13:00:00
74,housemaid,married,unknown,no,161,no,no,telephone,2,apr,240,1,-1,0,unknown,no,2025-11-17 14:00:00
78,retired,divorced,secondary,no,631,no,no,telephone,11,aug,95,1,-1,0,unknown,no,2025-11-17 15:00:00
39,management,married,secondary,no,1034,yes,no,unknown,30,may,306,1,-1,0,unknown,no,2025-11-17 16:00:00
26,entrepreneur,married,tertiary,no,37,yes,yes,cellular,6,may,207,1,363,2,failure,no,2025-11-17 17:00:00
20,student,single,unknown,no,179,no,no,cellular,25,mar,196,3,182,3,failure,no,2025-11-17 18:00:00
59,blue-collar,divorced,primary,no,1228,no,yes,cellular,16,jul,57,3,-1,0,unknown,no,2025-11-17 19:00:00
35,technician,married,tertiary,no,25,no,no,cellular,27,aug,219,2,-1,0,unknown,no,2025-11-17 20:00:00
36,blue-collar,married,secondary,no,3463,yes,no,telephone,21,nov,29,4,-1,0,unknown,no,2025-11-17 21:00:00
41,blue-collar,married,primary,no,0,yes,yes,unknown,6,may,238,1,-1,0,unknown,no,2025-11-17 22:00:00
52,technician,married,secondary,no,2001,yes,no,unknown,27,may,95,4,-1,0,unknown,no,2025-11-17 23:00:00
24,management,single,tertiary,no,393,no,no,cellular,27,sep,1298,1,-1,0,unknown,yes,2025-11-18 00:00:00
54,technician,married,secondary,no,1670,no,no,cellular,29,aug,207,7,-1,0,unknown,no,2025-11-18 01:00:00
39,admin.,divorced,secondary,no,223,yes,yes,cellular,12,may,115,2,-1,0,unknown,no,2025-11-18 02:00:00
59,housemaid,married,primary,no,100,no,no,cellular,5,aug,1134,1,-1,0,unknown,yes,2025-11-18 03:00:00
31,blue-collar,married,secondary,no,-112,no,yes,cellular,15,jul,128,1,-1,0,unknown,no,2025-11-18 04:00:00
30,entrepreneur,married,secondary,no,2926,yes,no,unknown,28,may,238,8,-1,0,unknown,no,2025-11-18 05:00:00
39,blue-collar,single,primary,no,581,yes,no,cellular,7,apr,620,1,39,2,success,no,2025-11-18 06:00:00
60,technician,married,secondary,no,294,no,no,telephone,3,jun,206,4,-1,0,unknown,yes,2025-11-18 07:00:00
36,admin.,single,secondary,no,135,yes,no,cellular,29,jan,263,2,192,3,other,no,2025-11-18 08:00:00
30,blue-collar,single,secondary,no,5909,yes,no,cellular,18,may,420,2,-1,0,unknown,yes,2025-11-18 09:00:00
33,admin.,married,secondary,no,4902,yes,no,cellular,20,nov,110,1,-1,0,unknown,no,2025-11-18 10:00:00
60,technician,single,secondary,no,12,no,no,cellular,24,jul,205,1,-1,0,unknown,no,2025-11-18 11:00:00
35,admin.,single,secondary,no,-413,yes,no,unknown,23,may,178,1,-1,0,unknown,no,2025-11-18 12:00:00
48,services,married,secondary,no,328,no,no,unknown,6,jun,189,1,-1,0,unknown,no,2025-11-18 13:00:00
33,admin.,single,tertiary,no,146,no,no,cellular,22,oct,380,1,91,3,success,yes,2025-11-18 14:00:00
26,technician,single,tertiary,no,1274,no,no,telephone,29,jan,475,2,-1,0,unknown,no,2025-11-18 15:00:00
29,technician,single,tertiary,no,1221,yes,no,cellular,21,jul,72,2,-1,0,unknown,no,2025-11-18 16:00:00
54,admin.,married,secondary,no,1342,yes,no,cellular,2,apr,80,1,-1,0,unknown,no,2025-11-18 17:00:00
38,management,married,secondary,no,10357,no,no,cellular,15,may,103,3,-1,0,unknown,no,2025-11-18 18:00:00
51,blue-collar,married,secondary,no,1797,yes,no,cellular,20,aug,168,1,-1,0,unknown,no,2025-11-18 19:00:00
51,blue-collar,married,primary,no,-1,no,no,unknown,28,may,110,8,-1,0,unknown,no,2025-11-18 20:00:00
41,admin.,married,secondary,no,1309,yes,no,unknown,14,may,568,1,-1,0,unknown,no,2025-11-18 21:00:00
30,services,single,secondary,no,581,yes,no,cellular,15,may,267,1,354,1,other,no,2025-11-18 22:00:00
59,admin.,married,secondary,no,3735,no,no,cellular,17,jun,243,3,91,6,success,yes,2025-11-18 23:00:00
36,blue-collar,married,secondary,no,2103,no,yes,unknown,26,jun,71,1,-1,0,unknown,no,2025-11-19 00:00:00
57,blue-collar,married,primary,no,4073,no,no,unknown,17,jun,193,3,-1,0,unknown,no,2025-11-19 01:00:00
29,admin.,single,secondary,no,596,yes,no,cellular,18,may,172,2,346,6,failure,no,2025-11-19 02:00:00
45,management,single,tertiary,no,1088,no,no,unknown,14,may,132,1,-1,0,unknown,no,2025-11-19 03:00:00
31,management,single,tertiary,no,4247,no,no,cellular,18,aug,131,3,-1,0,unknown,no,2025-11-19 04:00:00
34,blue-collar,married,secondary,no,518,yes,no,cellular,11,may,206,1,-1,0,unknown,no,2025-11-19 05:00:00
35,management,married,tertiary,no,24,yes,no,unknown,26,jun,243,2,-1,0,unknown,no,2025-11-19 06:00:00
86,retired,single,secondary,no,614,no,no,telephone,9,dec,595,1,-1,0,unknown,yes,2025-11-19 07:00:00
36,blue-collar,married,primary,no,123,yes,no,cellular,18,may,9,1,-1,0,unknown,no,2025-11-19 08:00:00
43,management,married,secondary,no,17555,no,no,cellular,26,aug,14,14,-1,0,unknown,no,2025-11-19 09:00:00
47,admin.,married,secondary,no,5401,no,no,cellular,19,aug,824,2,-1,0,unknown,no,2025-11-19 10:00:00
52,admin.,married,secondary,no,4233,no,no,unknown,11,jun,158,2,-1,0,unknown,no,2025-11-19 11:00:00
31,unemployed,married,primary,no,-63,yes,no,unknown,20,may,657,1,-1,0,unknown,no,2025-11-19 12:00:00
30,services,single,secondary,no,1881,no,yes,unknown,26,jun,29,1,-1,0,unknown,no,2025-11-19 13:00:00
36,management,single,tertiary,no,2239,yes,yes,unknown,30,jun,93,3,-1,0,unknown,no,2025-11-19 14:00:00
33,blue-collar,single,secondary,no,-320,no,no,cellular,18,may,268,2,-1,0,unknown,no,2025-11-19 15:00:00
41,blue-collar,married,primary,no,168,yes,no,cellular,18,nov,187,3,-1,0,unknown,no,2025-11-19 16:00:00
37,blue-collar,married,secondary,no,0,no,yes,unknown,5,jun,1302,13,-1,0,unknown,no,2025-11-19 17:00:00
52,retired,married,tertiary,no,1452,no,yes,cellular,29,jul,194,3,-1,0,unknown,no,2025-11-19 18:00:00
38,management,married,tertiary,no,536,yes,no,cellular,22,jul,248,1,-1,0,unknown,yes,2025-11-19 19:00:00
42,management,married,tertiary,no,1680,yes,no,unknown,6,may,765,1,-1,0,unknown,no,2025-11-19 20:00:00
33,management,married,tertiary,no,10,yes,no,unknown,23,may,72,5,-1,0,unknown,no,2025-11-19 21:00:00
58,retired,divorced,tertiary,no,499,yes,yes,cellular,29,jan,181,1,-1,0,unknown,no,2025-11-19 22:00:00
28,blue-collar,married,secondary,no,922,yes,no,cellular,7,may,226,1,339,1,other,no,2025-11-19 23:00:00
47,housemaid,married,secondary,no,1765,no,no,cellular,8,aug,59,3,-1,0,unknown,no,2025-11-20 00:00:00
47,unemployed,married,secondary,no,955,yes,no,unknown,13,may,47,1,-1,0,unknown,no,2025-11-20 01:00:00
35,management,married,tertiary,no,2123,yes,no,cellular,21,jul,249,3,-1,0,unknown,no,2025-11-20 02:00:00
48,management,single,tertiary,no,159,no,no,telephone,7,jul,229,1,251,6,success,yes,2025-11-20 03:00:00
39,self-employed,married,secondary,no,266,no,no,cellular,11,may,102,2,-1,0,unknown,no,2025-11-20 04:00:00
25,student,single,secondary,no,2354,no,no,cellular,5,feb,226,7,-1,0,unknown,yes,2025-11-20 05:00:00
44,blue-collar,single,secondary,no,-292,yes,no,unknown,2,jun,179,7,-1,0,unknown,no,2025-11-20 06:00:00
61,retired,married,tertiary,no,1257,no,no,cellular,10,feb,503,1,-1,0,unknown,yes,2025-11-20 07:00:00
32,technician,married,secondary,no,1547,no,no,cellular,26,oct,289,1,805,4,other,yes,2025-11-20 08:00:00
40,management,single,tertiary,no,0,no,no,cellular,31,jul,162,5,-1,0,unknown,no,2025-11-20 09:00:00
52,blue-collar,married,secondary,no,5828,yes,no,telephone,13,may,276,2,-1,0,unknown,no,2025-11-20 10:00:00
35,blue-collar,married,secondary,no,474,yes,no,unknown,19,may,55,3,-1,0,unknown,no,2025-11-20 11:00:00
36,services,single,secondary,no,328,yes,no,cellular,13,may,194,3,-1,0,unknown,no,2025-11-20 12:00:00
34,technician,single,secondary,no,194,yes,yes,cellular,15,may,1015,1,-1,0,unknown,yes,2025-11-20 13:00:00
84,retired,married,secondary,no,81204,no,no,telephone,1,apr,390,1,94,3,success,yes,2025-11-20 14:00:00
37,self-employed,single,secondary,no,4894,no,no,cellular,20,nov,240,1,-1,0,unknown,no,2025-11-20 15:00:00
77,retired,divorced,primary,no,2693,no,no,cellular,25,oct,83,2,94,12,other,no,2025-11-20 16:00:00
34,admin.,single,tertiary,no,4254,yes,no,cellular,21,nov,714,1,-1,0,unknown,yes,2025-11-20 17:00:00
59,retired,married,secondary,no,1080,no,no,cellular,21,apr,645,2,-1,0,unknown,no,2025-11-20 18:00:00
38,technician,single,secondary,no,207,no,no,unknown,19,jun,76,2,-1,0,unknown,no,2025-11-20 19:00:00
46,blue-collar,married,secondary,no,781,no,no,unknown,13,may,152,1,-1,0,unknown,no,2025-11-20 20:00:00
29,housemaid,single,tertiary,no,19,no,no,cellular,3,dec,274,1,230,1,success,yes,2025-11-20 21:00:00
40,technician,divorced,secondary,no,669,yes,no,cellular,28,jul,367,2,-1,0,unknown,no,2025-11-20 22:00:00
33,entrepreneur,married,secondary,no,2,yes,yes,cellular,19,nov,17,5,198,1,failure,no,2025-11-20 23:00:00
54,management,married,tertiary,no,11563,yes,no,cellular,12,aug,143,2,-1,0,unknown,no,2025-11-21 00:00:00
28,admin.,married,secondary,no,1595,no,no,cellular,9,sep,268,1,254,4,success,yes,2025-11-21 01:00:00
49,management,married,tertiary,no,64,no,no,cellular,17,nov,208,1,159,1,success,no,2025-11-21 02:00:00
31,management,married,tertiary,no,1230,yes,no,unknown,27,may,290,4,-1,0,unknown,no,2025-11-21 03:00:00
42,admin.,single,secondary,no,684,no,no,cellular,7,dec,163,1,186,1,success,no,2025-11-21 04:00:00
56,blue-collar,married,primary,no,2442,no,yes,cellular,18,aug,111,7,-1,0,unknown,no,2025-11-21 05:00:00
47,housemaid,married,tertiary,no,1985,no,no,unknown,12,jun,320,2,-1,0,unknown,no,2025-11-21 06:00:00
28,technician,single,secondary,no,-16,yes,no,cellular,18,may,251,3,-1,0,unknown,no,2025-11-21 07:00:00
30,student,single,unknown,no,809,no,no,cellular,20,nov,26,5,171,2,failure,no,2025-11-21 08:00:00
47,blue-collar,married,primary,no,85,no,no,cellular,25,aug,454,4,-1,0,unknown,no,2025-11-21 09:00:00
28,services,married,secondary,no,511,yes,no,cellular,15,may,274,1,319,5,failure,no,2025-11-21 10:00:00
51,management,married,unknown,no,712,no,no,cellular,13,aug,287,2,-1,0,unknown,no,2025-11-21 11:00:00
55,admin.,married,secondary,no,1102,yes,no,cellular,20,nov,195,1,189,2,failure,no,2025-11-21 12:00:00
44,self-employed,divorced,tertiary,no,2938,no,no,cellular,6,feb,107,2,-1,0,unknown,no,2025-11-21 13:00:00
29,management,single,tertiary,no,2531,no,no,cellular,19,aug,634,1,-1,0,unknown,yes,2025-11-21 14:00:00
42,blue-collar,married,secondary,no,1307,yes,no,unknown,30,may,135,3,-1,0,unknown,no,2025-11-21 15:00:00
27,student,single,tertiary,no,24025,no,no,cellular,21,oct,99,1,-1,0,unknown,no,2025-11-21 16:00:00
53,services,married,unknown,no,257,yes,no,unknown,5,may,209,2,-1,0,unknown,no,2025-11-21 17:00:00
47,retired,married,secondary,no,-71,yes,no,cellular,11,aug,293,5,-1,0,unknown,no,2025-11-21 18:00:00
27,admin.,single,tertiary,no,662,no,no,cellular,30,apr,47,1,-1,0,unknown,no,2025-11-21 19:00:00
33,admin.,married,secondary,no,95,yes,no,cellular,10,aug,155,1,102,1,success,no,2025-11-21 20:00:00
53,technician,divorced,secondary,no,447,yes,yes,cellular,11,jul,108,1,-1,0,unknown,no,2025-11-21 21:00:00
31,admin.,married,unknown,yes,-310,yes,no,unknown,28,may,433,3,-1,0,unknown,no,2025-11-21 22:00:00
32,management,married,tertiary,no,26,no,no,cellular,22,aug,222,6,-1,0,unknown,no,2025-11-21 23:00:00
42,blue-collar,married,secondary,no,0,yes,no,unknown,9,jul,137,16,-1,0,unknown,no,2025-11-22 00:00:00
39,student,single,tertiary,no,1107,yes,no,telephone,20,apr,407,4,-1,0,unknown,no,2025-11-22 01:00:00
33,management,married,tertiary,no,2907,no,no,cellular,8,aug,116,1,-1,0,unknown,no,2025-11-22 02:00:00
30,technician,single,tertiary,no,3,yes,no,unknown,7,may,174,1,-1,0,unknown,no,2025-11-22 03:00:00
35,blue-collar,married,secondary,no,87,no,no,cellular,18,nov,60,2,-1,0,unknown,no,2025-11-22 04:00:00
41,blue-collar,married,primary,no,143,yes,yes,unknown,2,jun,659,2,-1,0,unknown,yes,2025-11-22 05:00:00
33,services,divorced,secondary,no,-297,yes,no,unknown,26,may,162,2,-1,0,unknown,no,2025-11-22 06:00:00
35,student,single,unknown,no,298,yes,no,unknown,5,may,611,2,-1,0,unknown,no,2025-11-22 07:00:00
49,management,married,tertiary,no,942,no,no,cellular,21,nov,8,5,-1,0,unknown,no,2025-11-22 08:00:00
58,blue-collar,married,secondary,no,371,no,no,cellular,22,aug,73,2,-1,0,unknown,no,2025-11-22 09:00:00
60,admin.,married,unknown,no,2667,yes,no,unknown,15,may,140,1,-1,0,unknown,no,2025-11-22 10:00:00
29,blue-collar,married,secondary,no,5903,yes,no,unknown,8,may,194,1,-1,0,unknown,no,2025-11-22 11:00:00
58,blue-collar,married,primary,no,494,no,no,cellular,14,aug,171,10,-1,0,unknown,no,2025-11-22 12:00:00
50,blue-collar,married,secondary,no,724,no,no,cellular,28,jul,139,2,-1,0,unknown,no,2025-11-22 13:00:00
32,technician,married,secondary,no,381,yes,no,unknown,2,jun,347,2,-1,0,unknown,no,2025-11-22 14:00:00
38,technician,married,tertiary,no,1092,yes,no,unknown,21,may,317,1,-1,0,unknown,no,2025-11-22 15:00:00
54,management,divorced,tertiary,no,496,no,no,cellular,13,jan,452,3,-1,0,unknown,yes,2025-11-22 16:00:00
34,blue-collar,single,secondary,no,0,yes,no,cellular,9,jul,130,1,-1,0,unknown,no,2025-11-22 17:00:00
30,blue-collar,married,primary,no,0,yes,no,cellular,6,may,239,2,-1,0,unknown,no,2025-11-22 18:00:00
37,admin.,married,secondary,no,11303,no,no,cellular,26,may,500,2,-1,0,unknown,no,2025-11-22 19:00:00
40,blue-collar,married,primary,no,637,yes,no,cellular,14,may,200,1,-1,0,unknown,no,2025-11-22 20:00:00
27,self-employed,single,tertiary,no,1237,yes,yes,unknown,2,jun,535,4,-1,0,unknown,no,2025-11-22 21:00:00
45,blue-collar,married,secondary,no,0,no,no,cellular,30,jul,25,2,-1,0,unknown,no,2025-11-22 22:00:00
33,blue-collar,married,secondary,no,0,yes,no,unknown,27,may,190,1,-1,0,unknown,no,2025-11-22 23:00:00
34,management,married,tertiary,no,101,yes,no,cellular,13,aug,209,5,-1,0,unknown,no,2025-11-23 00:00:00
58,admin.,married,secondary,no,2747,no,no,cellular,17,nov,907,2,-1,0,unknown,no,2025-11-23 01:00:00
46,blue-collar,married,primary,no,494,yes,no,cellular,15,may,131,3,365,1,other,no,2025-11-23 02:00:00
34,services,divorced,secondary,no,202,yes,no,unknown,15,may,318,1,-1,0,unknown,no,2025-11-23 03:00:00
49,entrepreneur,married,primary,no,563,no,no,unknown,19,jun,84,1,-1,0,unknown,no,2025-11-23 04:00:00
32,blue-collar,married,secondary,no,1780,yes,yes,unknown,3,jun,238,6,-1,0,unknown,no,2025-11-23 05:00:00
40,housemaid,married,tertiary,no,0,no,no,unknown,6,oct,6,1,-1,0,unknown,no,2025-11-23 06:00:00
41,entrepreneur,married,secondary,no,2959,yes,no,telephone,25,jul,110,1,-1,0,unknown,no,2025-11-23 07:00:00
33,management,married,tertiary,no,5289,yes,no,cellular,6,may,487,2,-1,0,unknown,no,2025-11-23 08:00:00
45,technician,divorced,tertiary,no,10768,yes,no,cellular,2,jun,147,3,78,2,failure,no,2025-11-23 09:00:00
39,technician,single,tertiary,no,393,no,no,cellular,28,jun,325,1,94,1,success,yes,2025-11-23 10:00:00
31,blue-collar,married,secondary,no,439,yes,no,cellular,12,may,232,2,-1,0,unknown,no,2025-11-23 11:00:00
49,self-employed,married,secondary,no,0,yes,no,unknown,3,jun,51,9,-1,0,unknown,no,2025-11-23 12:00:00
26,management,single,tertiary,no,1592,no,no,cellular,6,oct,604,2,485,5,other,no,2025-11-23 13:00:00
22,admin.,single,secondary,no,61,no,no,cellular,23,apr,117,1,-1,0,unknown,no,2025-11-23 14:00:00
42,entrepreneur,married,unknown,no,206,yes,no,cellular,30,jul,695,2,-1,0,unknown,yes,2025-11-23 15:00:00
53,admin.,divorced,secondary,no,223,yes,yes,cellular,22,jul,534,1,-1,0,unknown,no,2025-11-23 16:00:00
29,student,married,tertiary,no,149,yes,no,unknown,26,may,367,4,-1,0,unknown,no,2025-11-23 17:00:00
26,management,single,tertiary,no,3178,no,no,cellular,2,jun,64,1,-1,0,unknown,no,2025-11-23 18:00:00
40,unemployed,single,tertiary,no,7968,no,no,cellular,2,mar,263,2,180,2,success,yes,2025-11-23 19:00:00
55,technician,married,secondary,no,2313,yes,no,unknown,9,may,551,2,-1,0,unknown,no,2025-11-23 20:00:00
50,management,married,tertiary,no,776,yes,yes,cellular,21,jul,200,2,-1,0,unknown,no,2025-11-23 21:00:00
32,management,married,tertiary,no,124,no,no,unknown,27,may,193,1,-1,0,unknown,no,2025-11-23 22:00:00
61,retired,married,secondary,no,3114,no,no,cellular,13,nov,381,1,-1,0,unknown,yes,2025-11-23 23:00:00
52,management,married,tertiary,no,1158,no,no,cellular,27,aug,57,4,-1,0,unknown,no,2025-11-24 00:00:00
40,technician,married,secondary,no,351,no,yes,cellular,7,jul,139,1,-1,0,unknown,no,2025-11-24 01:00:00
39,technician,single,tertiary,no,54,yes,no,cellular,3,apr,204,2,248,12,failure,no,2025-11-24 02:00:00
34,management,divorced,tertiary,no,140,no,no,cellular,22,aug,80,4,-1,0,unknown,no,2025-11-24 03:00:00
43,admin.,single,tertiary,no,329,yes,no,unknown,16,may,218,2,-1,0,unknown,no,2025-11-24 04:00:00
47,technician,single,secondary,no,736,no,no,cellular,29,jul,212,2,-1,0,unknown,no,2025-11-24 05:00:00
51,technician,married,secondary,no,337,yes,no,cellular,20,aug,687,4,-1,0,unknown,no,2025-11-24 06:00:00
50,blue-collar,married,secondary,no,-54,yes,no,cellular,7,aug,46,2,-1,0,unknown,no,2025-11-24 07:00:00
43,blue-collar,married,secondary,no,-312,yes,no,unknown,20,jun,26,11,-1,0,unknown,no,2025-11-24 08:00:00
54,services,married,secondary,no,-626,yes,yes,cellular,31,jul,294,5,-1,0,unknown,no,2025-11-24 09:00:00
40,blue-collar,married,primary,no,409,yes,no,unknown,15,may,191,1,-1,0,unknown,no,2025-11-24 10:00:00
42,management,married,tertiary,no,976,no,no,cellular,19,aug,164,1,-1,0,unknown,yes,2025-11-24 11:00:00
27,student,single,tertiary,no,39,no,no,cellular,17,may,379,1,258,10,other,yes,2025-11-24 12:00:00
55,blue-collar,married,primary,no,9997,no,no,cellular,8,aug,118,2,-1,0,unknown,no,2025-11-24 13:00:00
40,management,divorced,tertiary,no,99,no,no,cellular,11,aug,275,2,-1,0,unknown,no,2025-11-24 14:00:00
54,technician,married,secondary,no,827,no,yes,unknown,20,jun,294,2,-1,0,unknown,no,2025-11-24 15:00:00
33,blue-collar,single,secondary,no,329,no,no,cellular,6,sep,224,1,145,2,other,yes,2025-11-24 16:00:00
37,student,single,unknown,no,444,no,no,cellular,4,may,1063,5,-1,0,unknown,yes,2025-11-24 17:00:00
51,blue-collar,married,secondary,no,0,yes,no,unknown,5,may,173,2,-1,0,unknown,no,2025-11-24 18:00:00
49,management,divorced,tertiary,no,178,no,no,cellular,6,aug,174,2,-1,0,unknown,no,2025-11-24 19:00:00
33,technician,married,secondary,no,180,no,no,cellular,4,aug,561,1,435,3,failure,yes,2025-11-24 20:00:00
35,unemployed,divorced,primary,no,118,no,no,unknown,20,jun,12,4,-1,0,unknown,no,2025-11-24 21:00:00
35,services,married,secondary,no,437,yes,no,unknown,26,may,240,1,-1,0,unknown,no,2025-11-24 22:00:00
76,retired,married,primary,no,3324,no,no,cellular,11,feb,309,1,90,4,success,yes,2025-11-24 23:00:00
52,technician,married,secondary,no,98,yes,no,cellular,28,jan,103,1,245,2,failure,no,2025-11-25 00:00:00
45,housemaid,married,tertiary,no,40,yes,no,cellular,3,sep,81,1,213,1,failure,no,2025-11-25 01:00:00
51,admin.,married,secondary,no,771,no,yes,cellular,12,aug,143,3,-1,0,unknown,no,2025-11-25 02:00:00
36,management,married,tertiary,no,926,no,no,cellular,14,apr,216,1,-1,0,unknown,yes,2025-11-25 03:00:00
43,management,divorced,tertiary,no,497,no,no,cellular,13,may,66,1,363,22,failure,no,2025-11-25 04:00:00
44,admin.,single,secondary,no,-497,yes,no,cellular,11,may,115,2,370,2,failure,no,2025-11-25 05:00:00
63,self-employed,married,tertiary,no,661,no,no,cellular,2,mar,56,2,-1,0,unknown,no,2025-11-25 06:00:00
49,entrepreneur,married,secondary,no,1916,no,yes,telephone,14,jul,281,3,-1,0,unknown,no,2025-11-25 07:00:00
46,technician,divorced,secondary,no,225,no,no,cellular,6,aug,530,5,-1,0,unknown,no,2025-11-25 08:00:00
26,student,single,secondary,no,108,no,no,cellular,21,oct,235,1,175,3,success,no,2025-11-25 09:00:00
58,technician,married,secondary,no,7429,no,no,cellular,20,nov,199,1,-1,0,unknown,no,2025-11-25 10:00:00
28,services,married,secondary,no,72,no,yes,cellular,10,jul,418,4,-1,0,unknown,no,2025-11-25 11:00:00
59,retired,divorced,primary,no,81,yes,no,unknown,5,may,107,1,-1,0,unknown,no,2025-11-25 12:00:00
29,blue-collar,married,secondary,no,177,yes,no,unknown,12,may,146,3,-1,0,unknown,no,2025-11-25 13:00:00
30,blue-collar,married,primary,no,35,yes,no,cellular,11,jul,366,2,-1,0,unknown,no,2025-11-25 14:00:00
34,technician,married,secondary,no,256,yes,no,cellular,12,aug,201,2,267,1,failure,no,2025-11-25 15:00:00
31,self-employed,married,tertiary,no,1194,yes,no,cellular,15,may,50,1,-1,0,unknown,no,2025-11-25 16:00:00
31,technician,single,secondary,no,31868,no,no,telephone,14,aug,34,6,-1,0,unknown,no,2025-11-25 17:00:00
32,admin.,divorced,secondary,no,1611,yes,yes,unknown,13,may,93,1,-1,0,unknown,no,2025-11-25 18:00:00
47,technician,single,tertiary,no,31,no,yes,cellular,24,jul,63,4,-1,0,unknown,no,2025-11-25 19:00:00
30,blue-collar,married,secondary,no,450,no,no,unknown,6,may,526,2,-1,0,unknown,no,2025-11-25 20:00:00
49,blue-collar,divorced,primary,no,73,no,yes,cellular,28,jul,106,11,-1,0,unknown,no,2025-11-25 21:00:00
35,management,married,tertiary,no,24,yes,no,cellular,20,aug,174,2,-1,0,unknown,no,2025-11-25 22:00:00
46,entrepreneur,married,secondary,no,1375,yes,no,unknown,30,may,170,7,-1,0,unknown,no,2025-11-25 23:00:00
34,management,married,tertiary,no,2611,no,no,cellular,7,aug,235,8,-1,0,unknown,no,2025-11-26 00:00:00
33,blue-collar,married,secondary,no,7063,yes,no,unknown,28,may,116,9,-1,0,unknown,no,2025-11-26 01:00:00
34,management,single,tertiary,no,575,no,no,cellular,9,mar,116,1,-1,0,unknown,yes,2025-11-26 02:00:00
37,services,single,secondary,no,2571,no,no,unknown,6,jun,40,2,-1,0,unknown,no,2025-11-26 03:00:00
32,management,single,tertiary,no,5167,no,no,cellular,26,aug,10,18,-1,0,unknown,no,2025-11-26 04:00:00
48,housemaid,married,secondary,no,0,no,no,cellular,28,may,270,5,-1,0,unknown,yes,2025-11-26 05:00:00
40,blue-collar,married,secondary,no,0,yes,no,unknown,16,may,167,2,-1,0,unknown,no,2025-11-26 06:00:00
42,admin.,divorced,secondary,no,63,no,no,unknown,16,may,88,6,-1,0,unknown,no,2025-11-26 07:00:00
31,blue-collar,single,secondary,no,183,yes,no,cellular,14,may,258,1,300,1,success,no,2025-11-26 08:00:00
36,management,single,tertiary,no,0,yes,no,unknown,3,jun,174,1,-1,0,unknown,no,2025-11-26 09:00:00
51,management,divorced,tertiary,no,6,no,no,unknown,2,jun,193,4,-1,0,unknown,no,2025-11-26 10:00:00
44,admin.,married,secondary,no,1206,no,no,cellular,19,nov,180,3,-1,0,unknown,no,2025-11-26 11:00:00
39,blue-collar,single,secondary,no,631,yes,no,cellular,12,may,57,2,344,8,other,no,2025-11-26 12:00:00
36,self-employed,married,tertiary,no,943,no,no,cellular,20,nov,115,3,-1,0,unknown,no,2025-11-26 13:00:00
43,technician,married,secondary,no,-754,yes,yes,cellular,9,jul,727,3,-1,0,unknown,yes,2025-11-26 14:00:00
50,self-employed,married,secondary,no,358,yes,yes,cellular,15,may,315,3,367,3,failure,no,2025-11-26 15:00:00
32,blue-collar,married,secondary,no,95,yes,no,unknown,5,jun,77,2,-1,0,unknown,no,2025-11-26 16:00:00
39,management,married,tertiary,no,378,yes,yes,unknown,5,may,127,2,-1,0,unknown,no,2025-11-26 17:00:00
48,housemaid,married,primary,no,7195,no,no,cellular,21,nov,609,2,-1,0,unknown,yes,2025-11-26 18:00:00
55,retired,married,primary,no,2,no,no,unknown,27,jun,392,4,-1,0,unknown,no,2025-11-26 19:00:00
38,services,divorced,secondary,no,-10,yes,no,unknown,17,jun,61,2,-1,0,unknown,no,2025-11-26 20:00:00
56,retired,married,secondary,no,102,yes,no,telephone,11,may,267,1,369,1,failure,no,2025-11-26 21:00:00
52,admin.,married,secondary,no,422,no,no,unknown,19,jun,559,1,-1,0,unknown,no,2025-11-26 22:00:00
22,student,single,secondary,no,381,no,no,cellular,12,feb,227,1,-1,0,unknown,yes,2025-11-26 23:00:00
55,blue-collar,married,primary,no,0,no,no,unknown,17,jun,285,1,-1,0,unknown,no,2025-11-27 00:00:00
33,technician,single,secondary,no,5214,yes,no,cellular,7,may,293,2,-1,0,unknown,no,2025-11-27 01:00:00
35,services,married,secondary,yes,-182,yes,no,cellular,8,may,270,2,-1,0,unknown,no,2025-11-27 02:00:00
48,blue-collar,married,secondary,no,741,yes,no,cellular,16,apr,227,1,-1,0,unknown,no,2025-11-27 03:00:00
33,blue-collar,single,secondary,no,179,no,no,cellular,14,jul,244,7,-1,0,unknown,no,2025-11-27 04:00:00
53,unemployed,married,primary,no,845,no,no,cellular,29,jul,123,2,-1,0,unknown,no,2025-11-27 05:00:00
37,management,single,tertiary,no,10269,yes,no,cellular,18,may,28,2,-1,0,unknown,no,2025-11-27 06:00:00
48,technician,divorced,secondary,no,40,no,no,unknown,12,may,300,3,-1,0,unknown,no,2025-11-27 07:00:00
55,management,divorced,tertiary,no,3092,yes,no,cellular,22,jul,165,2,-1,0,unknown,no,2025-11-27 08:00:00
27,admin.,single,unknown,no,5,yes,no,cellular,17,jul,225,2,-1,0,unknown,no,2025-11-27 09:00:00
57,technician,married,secondary,no,6164,no,no,cellular,19,nov,161,2,-1,0,unknown,no,2025-11-27 10:00:00
71,retired,married,tertiary,no,653,no,no,telephone,26,feb,367,1,-1,0,unknown,yes,2025-11-27 11:00:00
28,technician,single,tertiary,no,1080,yes,no,cellular,18,may,192,1,-1,0,unknown,no,2025-11-27 12:00:00
33,unknown,single,unknown,no,1,no,no,unknown,5,may,198,1,-1,0,unknown,no,2025-11-27 13:00:00
26,blue-collar,divorced,secondary,no,241,yes,no,unknown,16,may,136,1,-1,0,unknown,no,2025-11-27 14:00:00
51,technician,married,secondary,yes,61,no,yes,telephone,30,jul,27,20,-1,0,unknown,no,2025-11-27 15:00:00
38,admin.,single,tertiary,no,-898,yes,no,cellular,9,apr,345,2,323,1,failure,no,2025-11-27 16:00:00
30,management,single,tertiary,no,4213,no,no,cellular,25,aug,142,4,-1,0,unknown,no,2025-11-27 17:00:00
29,admin.,single,secondary,no,260,yes,no,cellular,4,feb,453,2,273,2,failure,no,2025-11-27 18:00:00
37,technician,married,secondary,no,318,no,no,cellular,2,feb,167,1,187,2,failure,no,2025-11-27 19:00:00
36,blue-collar,married,secondary,no,2357,yes,no,unknown,17,jun,228,2,-1,0,unknown,no,2025-11-27 20:00:00
47,blue-collar,married,primary,no,6150,yes,no,cellular,13,may,444,2,174,2,failure,no,2025-11-27 21:00:00
39,services,married,secondary,no,3165,yes,no,cellular,15,may,56,1,368,2,failure,no,2025-11-27 22:00:00
46,entrepreneur,married,secondary,no,0,no,no,cellular,29,jul,100,12,-1,0,unknown,no,2025-11-27 23:00:00
54,management,married,tertiary,no,5927,no,no,cellular,6,feb,256,2,-1,0,unknown,no,2025-11-28 00:00:00
31,management,single,tertiary,no,96,no,no,cellular,29,aug,63,2,-1,0,unknown,no,2025-11-28 01:00:00
30,management,single,secondary,no,460,yes,no,cellular,18,nov,86,1,-1,0,unknown,no,2025-11-28 02:00:00
36,entrepreneur,married,secondary,no,-280,no,no,unknown,17,aug,6,1,-1,0,unknown,no,2025-11-28 03:00:00
41,entrepreneur,divorced,tertiary,no,958,no,no,cellular,10,jul,72,1,-1,0,unknown,no,2025-11-28 04:00:00
69,retired,married,primary,no,579,no,no,cellular,14,aug,230,1,-1,0,unknown,no,2025-11-28 05:00:00
51,blue-collar,married,primary,no,541,no,no,cellular,11,aug,663,3,-1,0,unknown,yes,2025-11-28 06:00:00
38,blue-collar,single,unknown,no,1146,yes,no,unknown,16,may,84,1,-1,0,unknown,no,2025-11-28 07:00:00
41,services,married,primary,no,4903,yes,no,cellular,18,may,155,1,180,2,failure,no,2025-11-28 08:00:00
55,housemaid,married,primary,no,16,no,no,unknown,20,jun,64,1,-1,0,unknown,no,2025-11-28 09:00:00
48,blue-collar,married,secondary,no,194,yes,no,cellular,5,feb,62,1,-1,0,unknown,no,2025-11-28 10:00:00
42,unemployed,married,unknown,no,190,no,no,cellular,11,aug,704,2,-1,0,unknown,yes,2025-11-28 11:00:00
32,self-employed,married,primary,no,1074,yes,no,cellular,17,apr,38,1,329,2,failure,no,2025-11-28 12:00:00
27,admin.,married,secondary,no,436,yes,no,cellular,21,jul,410,1,-1,0,unknown,no,2025-11-28 13:00:00
35,management,married,tertiary,no,1212,yes,no,cellular,14,may,235,1,352,1,other,no,2025-11-28 14:00:00
55,management,married,unknown,no,1504,yes,no,cellular,31,aug,186,3,101,2,success,yes,2025-11-28 15:00:00
28,admin.,single,secondary,no,-215,yes,no,cellular,15,may,188,1,360,3,failure,no,2025-11-28 16:00:00
41,services,married,secondary,no,523,yes,yes,telephone,4,nov,5,1,-1,0,unknown,no,2025-11-28 17:00:00
48,blue-collar,married,primary,no,719,no,yes,cellular,11,aug,418,5,-1,0,unknown,yes,2025-11-28 18:00:00
30,management,single,secondary,no,222,yes,no,cellular,13,may,254,3,-1,0,unknown,no,2025-11-28 19:00:00
40,blue-collar,married,secondary,no,30,yes,no,unknown,14,may,168,3,-1,0,unknown,no,2025-11-28 20:00:00
24,student,single,secondary,no,822,no,no,cellular,28,jul,106,2,-1,0,unknown,no,2025-11-28 21:00:00
33,unemployed,single,tertiary,no,0,yes,no,cellular,6,may,124,1,-1,0,unknown,no,2025-11-28 22:00:00
42,management,married,tertiary,no,4,yes,no,cellular,8,may,579,2,295,1,success,yes,2025-11-28 23:00:00
31,technician,single,secondary,no,102,yes,no,telephone,17,apr,460,2,345,2,failure,no,2025-11-29 00:00:00
28,blue-collar,married,primary,no,0,yes,yes,unknown,17,jun,273,27,-1,0,unknown,no,2025-11-29 01:00:00
32,services,single,unknown,no,6145,yes,no,cellular,14,may,362,1,287,13,failure,no,2025-11-29 02:00:00
32,services,married,secondary,no,289,yes,no,cellular,2,feb,63,1,257,2,failure,no,2025-11-29 03:00:00
54,retired,divorced,primary,no,22,no,no,unknown,20,jun,23,4,-1,0,unknown,no,2025-11-29 04:00:00
60,retired,married,primary,no,17413,no,no,unknown,9,jun,200,1,-1,0,unknown,no,2025-11-29 05:00:00
47,blue-collar,married,secondary,no,1612,yes,no,cellular,2,apr,1164,1,-1,0,unknown,yes,2025-11-29 06:00:00
74,retired,divorced,primary,no,166,no,no,cellular,13,aug,99,1,-1,0,unknown,no,2025-11-29 07:00:00
48,self-employed,divorced,tertiary,no,41,yes,no,cellular,16,jul,198,2,-1,0,unknown,no,2025-11-29 08:00:00
33,blue-collar,married,secondary,no,931,yes,no,cellular,5,may,272,2,336,1,failure,no,2025-11-29 09:00:00
33,admin.,married,secondary,no,17,yes,no,cellular,13,may,74,1,351,1,failure,no,2025-11-29 10:00:00
38,management,married,tertiary,no,484,yes,no,cellular,8,aug,173,8,-1,0,unknown,no,2025-11-29 11:00:00
61,management,married,tertiary,no,175,no,no,telephone,5,aug,270,2,-1,0,unknown,yes,2025-11-29 12:00:00
57,technician,married,secondary,no,109,no,no,cellular,25,aug,124,4,-1,0,unknown,no,2025-11-29 13:00:00
38,management,married,tertiary,no,0,no,no,cellular,28,aug,77,18,-1,0,unknown,no,2025-11-29 14:00:00
44,entrepreneur,married,tertiary,no,31,no,no,unknown,9,jun,467,1,-1,0,unknown,no,2025-11-29 15:00:00
40,blue-collar,married,secondary,no,72,yes,no,unknown,26,jun,110,3,-1,0,unknown,no,2025-11-29 16:00:00
32,blue-collar,single,secondary,no,15341,no,no,unknown,21,may,738,3,-1,0,unknown,no,2025-11-29 17:00:00
53,technician,married,secondary,no,100,no,no,cellular,13,aug,205,4,-1,0,unknown,no,2025-11-29 18:00:00
27,admin.,single,secondary,no,298,no,no,cellular,4,feb,207,3,-1,0,unknown,no,2025-11-29 19:00:00
28,services,single,secondary,no,651,no,yes,cellular,23,jul,158,2,-1,0,unknown,no,2025-11-29 20:00:00
30,management,married,tertiary,no,740,yes,yes,cellular,11,may,242,3,341,1,other,no,2025-11-29 21:00:00
39,management,divorced,tertiary,no,-999,yes,no,unknown,27,may,313,1,-1,0,unknown,no,2025-11-29 22:00:00
51,admin.,single,secondary,no,2130,yes,no,telephone,28,jul,126,8,-1,0,unknown,no,2025-11-29 23:00:00
38,admin.,married,primary,no,0,yes,no,unknown,2,jun,29,32,-1,0,unknown,no,2025-11-30 00:00:00
42,technician,married,secondary,no,4791,yes,no,unknown,30,may,88,2,-1,0,unknown,no,2025-11-30 01:00:00
31,services,married,secondary,no,203,no,no,cellular,9,jul,359,1,-1,0,unknown,no,2025-11-30 02:00:00
52,management,married,tertiary,no,1295,yes,no,cellular,18,nov,121,1,123,1,other,no,2025-11-30 03:00:00
28,blue-collar,single,primary,no,-232,yes,no,unknown,30,may,557,2,-1,0,unknown,no,2025-11-30 04:00:00
40,management,divorced,tertiary,no,96,yes,no,cellular,25,jul,188,14,-1,0,unknown,no,2025-11-30 05:00:00
40,technician,married,secondary,no,697,yes,no,unknown,8,may,111,1,-1,0,unknown,no,2025-11-30 06:00:00
50,blue-collar,married,unknown,no,2065,no,no,cellular,12,aug,161,2,-1,0,unknown,no,2025-11-30 07:00:00
55,management,married,primary,no,621,no,yes,cellular,2,feb,114,1,208,1,failure,no,2025-11-30 08:00:00
52,technician,divorced,secondary,no,0,no,no,telephone,17,nov,215,3,-1,0,unknown,no,2025-11-30 09:00:00
56,management,divorced,unknown,no,854,no,no,cellular,27,may,121,1,-1,0,unknown,no,2025-11-30 10:00:00
47,management,married,tertiary,no,682,no,no,cellular,18,aug,638,6,-1,0,unknown,yes,2025-11-30 11:00:00
42,admin.,divorced,secondary,no,146,yes,no,unknown,14,may,148,2,-1,0,unknown,no,2025-11-30 12:00:00
40,technician,married,tertiary,no,483,yes,no,unknown,5,may,168,1,-1,0,unknown,no,2025-11-30 13:00:00
46,technician,married,secondary,no,0,no,no,unknown,20,jun,625,1,-1,0,unknown,no,2025-11-30 14:00:00
44,admin.,married,secondary,no,1042,yes,no,cellular,18,may,136,1,-1,0,unknown,no,2025-11-30 15:00:00
37,management,married,tertiary,no,630,no,no,cellular,30,apr,315,1,87,1,success,yes,2025-11-30 16:00:00
42,technician,divorced,secondary,no,112,no,no,cellular,29,aug,69,4,-1,0,unknown,no,2025-11-30 17:00:00
37,management,single,secondary,no,655,no,yes,cellular,4,feb,258,6,-1,0,unknown,no,2025-11-30 18:00:00
31,management,married,tertiary,no,81,yes,no,cellular,29,oct,164,2,-1,0,unknown,yes,2025-11-30 19:00:00
42,blue-collar,married,primary,no,718,no,no,cellular,2,feb,556,2,-1,0,unknown,no,2025-11-30 20:00:00
47,blue-collar,married,primary,no,1480,no,no,cellular,28,aug,460,5,-1,0,unknown,no,2025-11-30 21:00:00
70,technician,married,tertiary,no,6797,no,no,cellular,12,aug,298,1,-1,0,unknown,no,2025-11-30 22:00:00
26,technician,single,secondary,no,2002,no,no,cellular,29,jan,146,1,-1,0,unknown,yes,2025-11-30 23:00:00
42,technician,divorced,secondary,no,12584,no,no,cellular,19,aug,21,25,-1,0,unknown,no,2025-12-01 00:00:00
31,blue-collar,single,secondary,no,823,no,no,unknown,26,may,174,3,-1,0,unknown,no,2025-12-01 01:00:00
50,housemaid,married,secondary,no,3016,yes,no,telephone,13,may,65,5,-1,0,unknown,no,2025-12-01 02:00:00
28,management,single,secondary,no,1633,no,no,cellular,5,jun,275,1,-1,0,unknown,yes,2025-12-01 03:00:00
32,management,single,secondary,no,6,yes,no,unknown,15,may,228,1,-1,0,unknown,no,2025-12-01 04:00:00
41,services,married,secondary,no,428,no,no,cellular,31,jul,38,2,-1,0,unknown,no,2025-12-01 05:00:00
47,blue-collar,married,primary,no,206,yes,yes,cellular,7,may,118,1,-1,0,unknown,no,2025-12-01 06:00:00
51,admin.,divorced,secondary,no,74,yes,no,cellular,8,may,74,2,287,2,failure,no,2025-12-01 07:00:00
29,admin.,married,tertiary,no,167,yes,yes,cellular,13,oct,357,2,237,2,failure,no,2025-12-01 08:00:00
29,services,married,secondary,no,68,no,no,unknown,20,may,119,3,-1,0,unknown,no,2025-12-01 09:00:00
54,technician,single,tertiary,no,118,no,no,cellular,5,apr,280,1,-1,0,unknown,yes,2025-12-01 10:00:00
58,unemployed,married,tertiary,no,183,no,no,cellular,21,nov,167,5,-1,0,unknown,no,2025-12-01 11:00:00
34,management,married,secondary,no,857,yes,no,cellular,22,aug,238,6,-1,0,unknown,no,2025-12-01 12:00:00
48,blue-collar,married,primary,no,-298,yes,no,cellular,18,nov,77,1,-1,0,unknown,no,2025-12-01 13:00:00
55,technician,divorced,secondary,no,3450,no,no,cellular,10,feb,169,1,183,1,failure,yes,2025-12-01 14:00:00
40,admin.,married,secondary,no,1412,no,no,cellular,31,jul,48,3,-1,0,unknown,no,2025-12-01 15:00:00
57,technician,married,secondary,no,1469,yes,no,cellular,17,nov,364,1,-1,0,unknown,no,2025-12-01 16:00:00
38,blue-collar,single,secondary,no,10,no,no,cellular,8,jul,84,3,-1,0,unknown,no,2025-12-01 17:00:00
33,management,married,tertiary,no,188,yes,no,unknown,21,may,136,1,-1,0,unknown,no,2025-12-01 18:00:00
32,services,single,secondary,no,124,yes,no,cellular,6,feb,202,3,9,5,other,no,2025-12-01 19:00:00
34,management,married,tertiary,no,3064,yes,no,cellular,17,jul,324,1,-1,0,unknown,no,2025-12-01 20:00:00
34,admin.,married,secondary,no,244,yes,no,cellular,31,jul,56,4,-1,0,unknown,no,2025-12-01 21:00:00
31,unemployed,single,tertiary,no,140,yes,no,telephone,7,may,11,2,-1,0,unknown,no,2025-12-01 22:00:00
51,housemaid,married,secondary,no,260,no,no,cellular,27,aug,316,5,-1,0,unknown,no,2025-12-01 23:00:00
27,admin.,single,tertiary,no,2068,no,no,cellular,7,apr,49,2,-1,0,unknown,no,2025-12-02 00:00:00
49,blue-collar,married,primary,no,474,yes,yes,telephone,9,feb,152,3,221,1,failure,no,2025-12-02 01:00:00
31,technician,married,secondary,no,180,no,no,cellular,17,mar,299,2,-1,0,unknown,yes,2025-12-02 02:00:00
38,services,married,secondary,no,434,yes,no,unknown,20,may,411,1,-1,0,unknown,no,2025-12-02 03:00:00
34,management,married,tertiary,no,1240,yes,no,cellular,21,nov,102,1,-1,0,unknown,no,2025-12-02 04:00:00
38,technician,single,secondary,no,211,yes,no,cellular,29,jan,236,2,-1,0,unknown,no,2025-12-02 05:00:00
33,entrepreneur,married,primary,no,2339,yes,yes,cellular,20,nov,220,1,-1,0,unknown,no,2025-12-02 06:00:00
59,unknown,single,secondary,no,3237,no,no,unknown,6,jun,100,3,-1,0,unknown,no,2025-12-02 07:00:00
31,technician,single,tertiary,no,1625,no,no,cellular,2,feb,158,1,-1,0,unknown,no,2025-12-02 08:00:00
43,entrepreneur,married,tertiary,no,13342,yes,no,cellular,18,nov,465,1,-1,0,unknown,no,2025-12-02 09:00:00
59,entrepreneur,married,tertiary,no,712,yes,no,unknown,11,jun,109,1,-1,0,unknown,no,2025-12-02 10:00:00
27,student,single,tertiary,no,3733,yes,no,cellular,22,may,198,1,98,6,success,yes,2025-12-02 11:00:00
65,unemployed,divorced,secondary,no,588,no,no,cellular,10,sep,110,4,186,1,success,no,2025-12-02 12:00:00
49,management,married,tertiary,no,734,yes,no,cellular,7,may,42,2,324,3,failure,no,2025-12-02 13:00:00
45,blue-collar,single,secondary,no,615,yes,no,cellular,15,may,133,1,-1,0,unknown,no,2025-12-02 14:00:00
28,unemployed,married,secondary,no,655,yes,no,unknown,4,jun,606,2,-1,0,unknown,no,2025-12-02 15:00:00
25,student,single,tertiary,no,1433,yes,no,cellular,15,may,520,1,-1,0,unknown,no,2025-12-02 16:00:00
40,technician,single,secondary,no,134,yes,yes,cellular,28,jul,126,2,-1,0,unknown,no,2025-12-02 17:00:00
32,management,single,tertiary,no,4638,no,no,cellular,29,jan,180,1,-1,0,unknown,no,2025-12-02 18:00:00
30,management,married,tertiary,no,319,yes,yes,cellular,16,jul,91,2,-1,0,unknown,no,2025-12-02 19:00:00
28,self-employed,single,tertiary,no,160,no,no,unknown,11,nov,158,1,-1,0,unknown,yes,2025-12-02 20:00:00
27,technician,single,secondary,no,297,no,no,cellular,11,may,273,5,-1,0,unknown,no,2025-12-02 21:00:00
27,technician,single,tertiary,no,4661,no,no,cellular,8,apr,114,1,-1,0,unknown,yes,2025-12-02 22:00:00
37,unemployed,single,primary,no,3777,no,no,cellular,5,feb,206,3,-1,0,unknown,no,2025-12-02 23:00:00
44,entrepreneur,married,tertiary,no,468,yes,yes,telephone,15,jul,289,2,-1,0,unknown,no,2025-12-03 00:00:00
36,management,married,tertiary,no,3537,yes,no,cellular,21,nov,115,2,-1,0,unknown,no,2025-12-03 01:00:00
40,services,single,secondary,no,-278,yes,no,unknown,12,may,400,3,-1,0,unknown,no,2025-12-03 02:00:00
54,retired,divorced,tertiary,no,349,yes,no,cellular,18,nov,257,1,-1,0,unknown,no,2025-12-03 03:00:00
51,blue-collar,married,primary,no,-272,no,yes,cellular,28,aug,121,5,-1,0,unknown,no,2025-12-03 04:00:00
26,blue-collar,single,secondary,no,177,no,yes,unknown,4,jul,235,1,-1,0,unknown,no,2025-12-03 05:00:00
41,blue-collar,divorced,primary,no,1498,no,no,unknown,20,jun,10,2,-1,0,unknown,no,2025-12-03 06:00:00
28,management,single,secondary,no,171,no,no,cellular,10,mar,93,1,-1,0,unknown,yes,2025-12-03 07:00:00
37,admin.,single,tertiary,no,1000,yes,no,cellular,15,jun,322,1,90,1,success,yes,2025-12-03 08:00:00
34,self-employed,married,tertiary,no,-236,yes,no,cellular,7,jul,118,4,-1,0,unknown,no,2025-12-03 09:00:00
34,blue-collar,married,secondary,no,270,yes,yes,unknown,6,may,159,1,-1,0,unknown,no,2025-12-03 10:00:00
43,entrepreneur,married,secondary,no,59,no,no,unknown,13,may,437,2,-1,0,unknown,no,2025-12-03 11:00:00
35,admin.,married,secondary,no,214,yes,yes,unknown,5,jun,247,1,-1,0,unknown,no,2025-12-03 12:00:00
36,management,divorced,tertiary,no,1057,no,no,cellular,5,feb,383,2,-1,0,unknown,no,2025-12-03 13:00:00
57,technician,married,tertiary,no,3082,yes,yes,cellular,20,apr,267,2,294,3,failure,no,2025-12-03 14:00:00
40,blue-collar,single,primary,no,2226,yes,no,telephone,14,may,7,7,-1,0,unknown,no,2025-12-03 15:00:00
39,technician,married,secondary,no,3643,yes,no,unknown,23,may,160,3,-1,0,unknown,no,2025-12-03 16:00:00
23,services,single,secondary,no,1393,yes,yes,cellular,18,may,42,8,-1,0,unknown,no,2025-12-03 17:00:00
39,blue-collar,married,primary,no,143,yes,no,cellular,20,apr,6,2,348,1,other,no,2025-12-03 18:00:00
44,services,married,secondary,no,1872,yes,no,unknown,18,jun,146,3,-1,0,unknown,no,2025-12-03 19:00:00
29,entrepreneur,married,secondary,no,714,yes,yes,cellular,13,may,482,2,-1,0,unknown,yes,2025-12-03 20:00:00
42,management,married,tertiary,no,1323,yes,yes,unknown,15,may,193,5,-1,0,unknown,no,2025-12-03 21:00:00
55,self-employed,divorced,secondary,no,0,no,no,cellular,29,jul,94,2,-1,0,unknown,no,2025-12-03 22:00:00
32,housemaid,single,tertiary,no,93,no,no,cellular,23,jul,495,2,-1,0,unknown,no,2025-12-03 23:00:00
58,retired,married,primary,no,747,yes,yes,telephone,13,may,104,1,-1,0,unknown,no,2025-12-04 00:00:00
52,blue-collar,married,primary,no,17,yes,no,unknown,29,may,30,2,-1,0,unknown,no,2025-12-04 01:00:00
28,services,single,secondary,no,1136,no,no,cellular,28,jul,89,3,-1,0,unknown,no,2025-12-04 02:00:00
55,services,divorced,secondary,no,1735,no,no,unknown,20,jun,375,2,-1,0,unknown,no,2025-12-04 03:00:00
33,entrepreneur,single,tertiary,no,138,no,no,cellular,4,feb,141,2,-1,0,unknown,no,2025-12-04 04:00:00
36,technician,single,secondary,no,300,yes,no,unknown,6,jun,358,1,-1,0,unknown,no,2025-12-04 05:00:00
42,technician,married,secondary,no,3472,yes,no,unknown,2,jun,61,2,-1,0,unknown,no,2025-12-04 06:00:00
31,entrepreneur,divorced,tertiary,no,0,yes,no,cellular,18,nov,164,1,-1,0,unknown,no,2025-12-04 07:00:00
32,services,married,secondary,no,1844,yes,yes,cellular,3,feb,158,4,201,6,failure,no,2025-12-04 08:00:00
27,blue-collar,married,secondary,no,77,yes,no,cellular,4,feb,253,1,-1,0,unknown,no,2025-12-04 09:00:00
38,management,married,tertiary,no,425,yes,no,cellular,17,nov,240,1,181,1,failure,no,2025-12-04 10:00:00
52,housemaid,married,primary,no,5137,no,no,unknown,9,jun,199,1,-1,0,unknown,no,2025-12-04 11:00:00
39,management,divorced,tertiary,no,373,no,no,cellular,26,aug,148,4,-1,0,unknown,no,2025-12-04 12:00:00
59,retired,married,primary,no,6955,no,yes,unknown,20,jun,179,10,-1,0,unknown,no,2025-12-04 13:00:00
35,blue-collar,married,secondary,no,1397,yes,no,cellular,28,jul,114,4,-1,0,unknown,no,2025-12-04 14:00:00
36,blue-collar,divorced,secondary,no,2843,no,no,cellular,14,aug,186,1,-1,0,unknown,yes,2025-12-04 15:00:00
57,housemaid,married,primary,no,625,no,yes,unknown,11,jun,867,1,-1,0,unknown,yes,2025-12-04 16:00:00
47,entrepreneur,married,secondary,no,404,no,no,telephone,31,jul,125,7,-1,0,unknown,no,2025-12-04 17:00:00
47,technician,single,secondary,no,1710,no,yes,cellular,16,jul,525,2,-1,0,unknown,no,2025-12-04 18:00:00
57,blue-collar,married,secondary,no,0,yes,no,cellular,14,may,125,5,-1,0,unknown,no,2025-12-04 19:00:00
34,technician,married,unknown,no,863,no,no,cellular,21,nov,360,2,-1,0,unknown,no,2025-12-04 20:00:00
46,management,married,secondary,no,36,yes,no,unknown,16,may,250,1,-1,0,unknown,no,2025-12-04 21:00:00
36,blue-collar,married,primary,no,828,no,no,cellular,13,may,1512,1,345,8,failure,yes,2025-12-04 22:00:00
30,services,single,tertiary,no,717,yes,yes,cellular,15,may,116,1,-1,0,unknown,no,2025-12-04 23:00:00
41,blue-collar,single,secondary,yes,-386,no,yes,cellular,20,nov,477,1,-1,0,unknown,yes,2025-12-05 00:00:00
47,services,divorced,secondary,no,0,no,no,cellular,28,jan,216,1,-1,0,unknown,no,2025-12-05 01:00:00
29,services,single,secondary,no,1274,no,no,cellular,8,jul,136,1,-1,0,unknown,no,2025-12-05 02:00:00
35,entrepreneur,single,tertiary,no,-880,no,yes,cellular,24,jul,77,3,-1,0,unknown,no,2025-12-05 03:00:00
29,management,married,tertiary,no,16232,no,no,unknown,28,may,39,4,-1,0,unknown,no,2025-12-05 04:00:00
43,management,single,tertiary,no,1304,no,no,cellular,6,aug,501,2,-1,0,unknown,yes,2025-12-05 05:00:00
46,admin.,married,secondary,no,3028,yes,yes,unknown,14,may,116,1,-1,0,unknown,no,2025-12-05 06:00:00
57,retired,married,secondary,no,1230,no,no,cellular,22,feb,200,1,-1,0,unknown,no,2025-12-05 07:00:00
48,unemployed,married,secondary,no,0,no,no,cellular,18,aug,195,3,-1,0,unknown,no,2025-12-05 08:00:00
25,blue-collar,single,secondary,no,-392,yes,no,cellular,7,may,346,1,-1,0,unknown,no,2025-12-05 09:00:00
43,technician,divorced,primary,no,13,no,yes,cellular,9,jul,977,4,-1,0,unknown,no,2025-12-05 10:00:00
59,technician,married,primary,no,3163,yes,no,unknown,29,may,240,2,-1,0,unknown,no,2025-12-05 11:00:00
37,blue-collar,married,primary,no,445,yes,no,unknown,26,may,159,2,-1,0,unknown,no,2025-12-05 12:00:00
32,self-employed,single,tertiary,no,519,yes,no,cellular,16,apr,317,2,149,1,failure,no,2025-12-05 13:00:00
41,blue-collar,married,primary,no,381,no,no,unknown,25,jun,305,4,-1,0,unknown,no,2025-12-05 14:00:00
31,technician,married,tertiary,no,2166,no,no,cellular,13,jul,577,6,182,2,success,yes,2025-12-05 15:00:00
49,services,married,unknown,no,1499,yes,no,cellular,8,may,87,1,-1,0,unknown,no,2025-12-05 16:00:00
55,technician,married,tertiary,no,639,yes,no,telephone,13,may,992,5,370,3,other,no,2025-12-05 17:00:00
55,technician,married,tertiary,no,4359,no,no,unknown,16,jun,394,2,-1,0,unknown,no,2025-12-05 18:00:00
24,blue-collar,divorced,secondary,no,513,yes,no,cellular,15,may,61,3,-1,0,unknown,no,2025-12-05 19:00:00
46,management,married,tertiary,no,2817,no,no,cellular,17,sep,543,1,-1,0,unknown,yes,2025-12-05 20:00:00
30,technician,single,secondary,no,298,yes,no,unknown,16,may,164,2,-1,0,unknown,no,2025-12-05 21:00:00
38,technician,single,secondary,no,373,yes,no,cellular,11,jul,404,1,-1,0,unknown,no,2025-12-05 22:00:00
53,admin.,single,secondary,no,2398,yes,no,cellular,3,feb,108,1,92,1,success,no,2025-12-05 23:00:00
39,technician,married,secondary,no,328,no,no,unknown,6,jun,188,7,-1,0,unknown,no,2025-12-06 00:00:00
41,technician,married,secondary,no,2490,yes,no,unknown,21,may,115,2,-1,0,unknown,no,2025-12-06 01:00:00
32,blue-collar,married,primary,no,66,no,no,cellular,19,nov,244,1,-1,0,unknown,no,2025-12-06 02:00:00
35,admin.,divorced,secondary,no,627,yes,no,cellular,6,feb,298,6,275,2,failure,no,2025-12-06 03:00:00
31,admin.,married,secondary,no,468,yes,no,unknown,16,may,159,1,-1,0,unknown,no,2025-12-06 04:00:00
38,admin.,married,secondary,no,0,no,no,telephone,17,nov,599,2,158,8,other,no,2025-12-06 05:00:00
35,admin.,single,tertiary,no,-162,yes,yes,unknown,6,jun,119,1,-1,0,unknown,no,2025-12-06 06:00:00
45,blue-collar,married,secondary,no,554,yes,no,unknown,28,may,179,2,-1,0,unknown,no,2025-12-06 07:00:00
39,services,married,primary,no,1951,yes,no,unknown,23,may,208,2,-1,0,unknown,no,2025-12-06 08:00:00
39,blue-collar,married,primary,no,1397,yes,no,unknown,12,jun,10,1,-1,0,unknown,no,2025-12-06 09:00:00
56,admin.,married,secondary,no,105,no,no,telephone,15,jul,80,2,-1,0,unknown,no,2025-12-06 10:00:00
32,technician,single,tertiary,no,2626,yes,yes,cellular,7,may,217,2,351,2,other,no,2025-12-06 11:00:00
54,retired,married,secondary,no,1154,yes,no,telephone,3,feb,125,3,-1,0,unknown,no,2025-12-06 12:00:00
29,management,married,tertiary,no,125,no,no,cellular,30,apr,130,2,-1,0,unknown,no,2025-12-06 13:00:00
30,services,single,tertiary,no,0,no,no,unknown,4,jul,71,1,-1,0,unknown,no,2025-12-06 14:00:00
42,technician,married,secondary,no,29,no,no,cellular,28,aug,53,11,-1,0,unknown,no,2025-12-06 15:00:00
30,blue-collar,married,secondary,no,-202,no,no,unknown,27,may,166,2,-1,0,unknown,no,2025-12-06 16:00:00
42,technician,divorced,secondary,no,-593,no,no,cellular,28,jan,69,1,-1,0,unknown,no,2025-12-06 17:00:00
46,management,married,tertiary,no,1103,yes,no,cellular,13,may,185,2,278,3,failure,no,2025-12-06 18:00:00
40,blue-collar,married,unknown,no,1181,yes,no,cellular,4,feb,718,2,189,2,success,yes,2025-12-06 19:00:00
43,admin.,single,tertiary,no,664,yes,no,cellular,17,apr,119,1,-1,0,unknown,no,2025-12-06 20:00:00
36,technician,divorced,tertiary,no,119,no,no,cellular,23,jul,127,8,-1,0,unknown,no,2025-12-06 21:00:00
45,admin.,married,secondary,no,67,no,no,cellular,5,feb,326,2,-1,0,unknown,no,2025-12-06 22:00:00
38,admin.,divorced,secondary,no,407,yes,yes,cellular,18,feb,146,1,183,1,failure,no,2025-12-06 23:00:00
51,admin.,married,primary,no,173,no,no,cellular,20,aug,65,2,-1,0,unknown,no,2025-12-07 00:00:00
29,blue-collar,married,primary,no,6,yes,no,cellular,5,may,39,5,349,2,other,no,2025-12-07 01:00:00
33,management,married,tertiary,no,0,yes,no,telephone,4,may,33,7,-1,0,unknown,no,2025-12-07 02:00:00
41,technician,married,tertiary,no,532,yes,no,cellular,20,apr,414,2,285,1,failure,no,2025-12-07 03:00:00
71,retired,single,tertiary,no,1285,no,no,telephone,27,jul,195,2,-1,0,unknown,no,2025-12-07 04:00:00
40,admin.,divorced,secondary,no,4,yes,no,cellular,9,jul,189,1,-1,0,unknown,no,2025-12-07 05:00:00
37,management,married,tertiary,no,34,yes,no,unknown,2,jun,100,2,-1,0,unknown,no,2025-12-07 06:00:00
42,services,married,secondary,no,96,yes,no,cellular,5,may,238,3,340,2,failure,no,2025-12-07 07:00:00
43,admin.,single,secondary,no,140,yes,no,unknown,7,may,127,1,-1,0,unknown,no,2025-12-07 08:00:00
38,management,single,tertiary,no,427,yes,no,cellular,6,may,17,3,169,2,failure,no,2025-12-07 09:00:00
44,blue-collar,married,secondary,no,1343,yes,yes,cellular,8,may,414,2,287,2,failure,no,2025-12-07 10:00:00
37,technician,married,tertiary,no,1561,no,no,cellular,29,aug,88,7,-1,0,unknown,no,2025-12-07 11:00:00
60,retired,married,unknown,no,209,no,no,cellular,14,aug,391,3,106,1,failure,yes,2025-12-07 12:00:00
60,retired,married,tertiary,no,2557,yes,no,cellular,2,feb,415,1,-1,0,unknown,yes,2025-12-07 13:00:00
36,technician,married,tertiary,no,1327,no,no,cellular,29,oct,174,2,-1,0,unknown,no,2025-12-07 14:00:00
37,blue-collar,single,secondary,no,263,no,no,cellular,11,jul,143,2,-1,0,unknown,no,2025-12-07 15:00:00
57,management,married,primary,no,0,no,no,cellular,19,nov,97,1,-1,0,unknown,no,2025-12-07 16:00:00
38,blue-collar,married,primary,no,635,yes,no,unknown,3,jun,157,2,-1,0,unknown,no,2025-12-07 17:00:00
40,management,married,tertiary,no,0,no,no,cellular,7,jul,111,1,-1,0,unknown,no,2025-12-07 18:00:00
45,blue-collar,married,primary,no,19,yes,no,unknown,29,may,33,2,-1,0,unknown,no,2025-12-07 19:00:00
27,management,single,tertiary,no,7944,yes,no,cellular,15,may,99,3,346,1,other,no,2025-12-07 20:00:00
23,blue-collar,single,secondary,no,537,yes,no,cellular,7,may,172,1,353,2,other,no,2025-12-07 21:00:00
34,entrepreneur,single,tertiary,no,714,yes,no,cellular,21,nov,122,3,193,4,failure,no,2025-12-07 22:00:00
25,technician,single,secondary,no,-80,yes,yes,unknown,3,jun,89,1,-1,0,unknown,no,2025-12-07 23:00:00
44,self-employed,single,tertiary,no,18558,yes,no,cellular,20,nov,51,1,190,4,other,no,2025-12-08 00:00:00
44,technician,married,secondary,no,56,no,no,cellular,22,aug,148,8,-1,0,unknown,no,2025-12-08 01:00:00
32,admin.,single,secondary,no,13,yes,no,unknown,27,may,88,2,-1,0,unknown,no,2025-12-08 02:00:00
42,management,married,unknown,no,6573,yes,no,cellular,7,jul,56,4,-1,0,unknown,no,2025-12-08 03:00:00
42,blue-collar,divorced,primary,no,145,no,yes,unknown,30,jun,27,3,-1,0,unknown,no,2025-12-08 04:00:00
38,technician,divorced,secondary,no,902,yes,no,cellular,3,feb,650,1,-1,0,unknown,yes,2025-12-08 05:00:00
40,management,married,unknown,no,419,yes,no,cellular,10,jul,347,1,-1,0,unknown,no,2025-12-08 06:00:00
36,technician,married,tertiary,no,1473,yes,yes,cellular,11,may,206,2,-1,0,unknown,no,2025-12-08 07:00:00
37,admin.,married,secondary,no,439,no,no,unknown,9,jun,321,1,-1,0,unknown,no,2025-12-08 08:00:00
36,management,married,tertiary,no,0,yes,no,cellular,20,apr,142,3,150,3,failure,no,2025-12-08 09:00:00
31,self-employed,single,tertiary,no,1815,no,no,telephone,9,feb,1541,1,-1,0,unknown,yes,2025-12-08 10:00:00
36,unemployed,married,primary,no,2347,yes,no,cellular,21,nov,5,3,-1,0,unknown,no,2025-12-08 11:00:00
54,blue-collar,divorced,secondary,no,0,yes,yes,unknown,29,may,273,2,-1,0,unknown,no,2025-12-08 12:00:00
31,blue-collar,married,secondary,no,2,yes,no,cellular,10,jul,371,1,-1,0,unknown,no,2025-12-08 13:00:00
38,services,married,secondary,no,433,no,no,unknown,11,jun,148,1,-1,0,unknown,no,2025-12-08 14:00:00
48,services,married,secondary,no,124,no,yes,cellular,9,jul,294,1,-1,0,unknown,no,2025-12-08 15:00:00
47,blue-collar,married,primary,no,17,no,no,cellular,8,aug,121,2,-1,0,unknown,no,2025-12-08 16:00:00
38,technician,single,tertiary,no,11,no,no,unknown,18,jun,78,3,-1,0,unknown,no,2025-12-08 17:00:00
37,technician,single,secondary,no,3,yes,no,cellular,8,aug,90,5,-1,0,unknown,no,2025-12-08 18:00:00
47,blue-collar,married,secondary,no,737,no,yes,cellular,31,jul,120,3,-1,0,unknown,no,2025-12-08 19:00:00
40,admin.,married,secondary,no,3126,yes,no,cellular,30,mar,186,2,90,5,failure,no,2025-12-08 20:00:00
46,management,divorced,tertiary,no,4917,yes,yes,cellular,31,jul,5,2,-1,0,unknown,no,2025-12-08 21:00:00
51,blue-collar,married,primary,no,48,no,yes,unknown,17,jun,130,1,-1,0,unknown,no,2025-12-08 22:00:00
38,management,married,tertiary,no,4293,yes,no,cellular,6,may,92,2,250,2,failure,no,2025-12-08 23:00:00
33,housemaid,single,tertiary,no,1107,yes,no,cellular,18,mar,201,1,-1,0,unknown,yes,2025-12-09 00:00:00
58,retired,married,primary,no,3,no,no,cellular,14,aug,158,2,-1,0,unknown,no,2025-12-09 01:00:00
42,blue-collar,married,primary,no,321,yes,no,unknown,14,may,147,3,-1,0,unknown,no,2025-12-09 02:00:00
46,technician,married,secondary,no,329,yes,no,cellular,20,apr,78,1,-1,0,unknown,no,2025-12-09 03:00:00
32,blue-collar,single,unknown,no,258,yes,no,cellular,18,may,291,2,-1,0,unknown,no,2025-12-09 04:00:00
44,unemployed,married,primary,no,1,no,no,cellular,29,jan,229,1,-1,0,unknown,no,2025-12-09 05:00:00
45,blue-collar,divorced,primary,no,-207,no,no,cellular,15,jul,878,2,-1,0,unknown,yes,2025-12-09 06:00:00
31,entrepreneur,single,tertiary,no,206,no,no,cellular,15,jun,88,2,-1,0,unknown,no,2025-12-09 07:00:00
47,technician,married,secondary,no,201,yes,no,unknown,15,may,254,1,-1,0,unknown,no,2025-12-09 08:00:00
31,admin.,single,tertiary,no,2004,no,no,cellular,19,nov,117,1,-1,0,unknown,no,2025-12-09 09:00:00
57,technician,married,secondary,no,29207,yes,no,telephone,21,nov,232,2,-1,0,unknown,no,2025-12-09 10:00:00
42,blue-collar,married,secondary,no,108,yes,no,telephone,31,jul,51,21,-1,0,unknown,no,2025-12-09 11:00:00
29,services,single,secondary,no,-158,yes,no,unknown,7,may,128,2,-1,0,unknown,no,2025-12-09 12:00:00
56,unemployed,divorced,tertiary,no,0,yes,no,cellular,30,jul,1259,6,-1,0,unknown,no,2025-12-09 13:00:00
43,blue-collar,married,secondary,no,699,yes,yes,cellular,20,nov,1258,2,122,2,other,yes,2025-12-09 14:00:00
37,admin.,single,secondary,no,328,no,no,cellular,29,jan,79,1,-1,0,unknown,no,2025-12-09 15:00:00
37,housemaid,married,secondary,no,1863,no,no,cellular,6,aug,163,2,-1,0,unknown,no,2025-12-09 16:00:00
42,management,married,tertiary,no,-100,yes,no,cellular,15,jul,87,5,-1,0,unknown,no,2025-12-09 17:00:00
32,admin.,single,secondary,no,620,yes,no,unknown,26,may,1234,3,-1,0,unknown,yes,2025-12-09 18:00:00
31,management,single,tertiary,no,177,yes,no,cellular,15,may,124,1,-1,0,unknown,no,2025-12-09 19:00:00
35,services,divorced,secondary,no,221,yes,no,cellular,14,may,150,1,360,1,failure,no,2025-12-09 20:00:00
56,blue-collar,divorced,secondary,no,9898,yes,no,cellular,21,nov,147,3,-1,0,unknown,no,2025-12-09 21:00:00
48,retired,married,tertiary,no,4,no,yes,cellular,23,jul,70,5,-1,0,unknown,no,2025-12-09 22:00:00
40,management,married,tertiary,no,0,yes,yes,cellular,24,jul,53,1,-1,0,unknown,no,2025-12-09 23:00:00
57,housemaid,married,primary,no,571,no,no,cellular,26,mar,181,2,-1,0,unknown,no,2025-12-10 00:00:00
46,services,married,secondary,no,417,no,no,cellular,20,aug,81,2,-1,0,unknown,no,2025-12-10 01:00:00
39,technician,divorced,secondary,no,902,yes,no,cellular,10,feb,691,2,180,5,failure,yes,2025-12-10 02:00:00
39,technician,married,tertiary,no,437,no,no,telephone,27,may,186,2,-1,0,unknown,no,2025-12-10 03:00:00
35,admin.,single,secondary,no,-67,no,yes,cellular,21,jul,84,1,-1,0,unknown,no,2025-12-10 04:00:00
59,retired,divorced,primary,no,606,no,no,unknown,12,oct,54,1,526,2,failure,no,2025-12-10 05:00:00
40,management,married,tertiary,no,3352,yes,no,telephone,23,oct,138,1,-1,0,unknown,yes,2025-12-10 06:00:00
28,services,married,secondary,no,-494,yes,no,unknown,20,jun,232,2,-1,0,unknown,no,2025-12-10 07:00:00
48,housemaid,married,primary,no,380,yes,no,cellular,22,jul,188,5,-1,0,unknown,no,2025-12-10 08:00:00
34,management,married,tertiary,no,13,yes,no,cellular,21,jul,47,1,-1,0,unknown,no,2025-12-10 09:00:00
33,management,married,tertiary,no,52,no,no,cellular,22,aug,311,1,-1,0,unknown,no,2025-12-10 10:00:00
35,unemployed,married,secondary,no,2080,yes,no,telephone,14,apr,266,3,-1,0,unknown,no,2025-12-10 11:00:00
40,blue-collar,married,secondary,no,598,yes,no,unknown,13,may,69,11,-1,0,unknown,no,2025-12-10 12:00:00
43,services,married,secondary,no,205,yes,no,cellular,15,apr,226,2,-1,0,unknown,no,2025-12-10 13:00:00
38,technician,divorced,secondary,no,-478,yes,no,unknown,28,may,154,1,-1,0,unknown,no,2025-12-10 14:00:00
31,management,married,tertiary,no,11,yes,yes,cellular,20,aug,155,2,-1,0,unknown,no,2025-12-10 15:00:00
30,blue-collar,married,secondary,no,282,yes,yes,unknown,23,may,148,2,-1,0,unknown,no,2025-12-10 16:00:00
37,management,divorced,tertiary,yes,26,no,yes,cellular,21,nov,22,1,-1,0,unknown,no,2025-12-10 17:00:00
36,self-employed,married,primary,no,2022,no,no,unknown,19,jun,71,2,-1,0,unknown,no,2025-12-10 18:00:00
26,management,single,tertiary,no,47,yes,no,cellular,18,may,63,1,-1,0,unknown,no,2025-12-10 19:00:00
29,blue-collar,married,secondary,no,100,yes,yes,cellular,6,may,152,4,344,2,failure,no,2025-12-10 20:00:00
54,retired,divorced,secondary,no,1483,yes,yes,cellular,8,may,53,2,-1,0,unknown,no,2025-12-10 21:00:00
30,technician,single,tertiary,no,106,yes,no,cellular,13,may,119,3,-1,0,unknown,no,2025-12-10 22:00:00
45,management,married,tertiary,no,1529,no,no,cellular,30,jun,160,1,-1,0,unknown,no,2025-12-10 23:00:00
33,blue-collar,married,secondary,no,269,yes,no,unknown,9,may,365,1,-1,0,unknown,no,2025-12-11 00:00:00
53,management,married,secondary,no,2895,yes,no,unknown,29,may,74,1,-1,0,unknown,no,2025-12-11 01:00:00
45,services,married,secondary,no,1064,no,no,cellular,22,aug,210,6,-1,0,unknown,no,2025-12-11 02:00:00
30,admin.,married,secondary,no,1165,no,no,cellular,20,apr,98,2,-1,0,unknown,no,2025-12-11 03:00:00
33,unemployed,married,secondary,no,2,yes,no,cellular,16,jul,132,1,-1,0,unknown,no,2025-12-11 04:00:00
28,services,married,unknown,no,-134,yes,no,unknown,19,may,8,2,-1,0,unknown,no,2025-12-11 05:00:00
59,management,married,tertiary,no,10114,no,no,cellular,19,nov,596,3,-1,0,unknown,no,2025-12-11 06:00:00
40,blue-collar,married,secondary,no,6536,no,no,unknown,5,jun,647,1,-1,0,unknown,no,2025-12-11 07:00:00
35,management,single,tertiary,no,0,no,no,cellular,25,aug,81,6,-1,0,unknown,no,2025-12-11 08:00:00
54,management,married,tertiary,no,1331,no,no,cellular,25,aug,240,9,-1,0,unknown,no,2025-12-11 09:00:00
57,blue-collar,married,secondary,no,1521,yes,yes,cellular,18,may,102,2,178,5,failure,no,2025-12-11 10:00:00
23,management,single,tertiary,no,1807,no,no,cellular,27,jul,606,1,-1,0,unknown,yes,2025-12-11 11:00:00
34,technician,married,secondary,no,978,yes,no,unknown,16,may,370,2,-1,0,unknown,no,2025-12-11 12:00:00
52,housemaid,married,unknown,no,2337,yes,no,cellular,24,nov,190,3,91,11,failure,no,2025-12-11 13:00:00
39,management,divorced,secondary,no,4314,yes,no,cellular,20,nov,141,4,-1,0,unknown,no,2025-12-11 14:00:00
53,admin.,married,tertiary,no,944,yes,no,cellular,24,feb,128,1,-1,0,unknown,no,2025-12-11 15:00:00
50,unemployed,married,secondary,no,525,yes,no,telephone,18,nov,177,2,-1,0,unknown,no,2025-12-11 16:00:00
39,management,married,tertiary,no,1425,yes,no,cellular,12,may,775,3,-1,0,unknown,yes,2025-12-11 17:00:00
46,management,divorced,tertiary,no,-154,yes,yes,unknown,27,may,107,2,-1,0,unknown,no,2025-12-11 18:00:00
43,blue-collar,married,unknown,no,245,yes,yes,cellular,12,may,112,4,369,2,other,no,2025-12-11 19:00:00
49,technician,married,secondary,no,3033,no,no,unknown,15,may,125,5,-1,0,unknown,no,2025-12-11 20:00:00
34,admin.,married,tertiary,no,788,yes,no,cellular,5,feb,269,1,-1,0,unknown,no,2025-12-11 21:00:00
30,services,single,secondary,no,209,yes,no,unknown,6,may,30,2,-1,0,unknown,no,2025-12-11 22:00:00
37,management,married,tertiary,no,21,no,no,cellular,21,aug,50,12,-1,0,unknown,no,2025-12-11 23:00:00
43,entrepreneur,married,tertiary,yes,0,no,yes,telephone,29,jul,184,4,-1,0,unknown,no,2025-12-12 00:00:00
52,admin.,married,secondary,no,722,no,no,cellular,24,apr,60,3,-1,0,unknown,no,2025-12-12 01:00:00
25,technician,married,tertiary,no,400,no,no,cellular,30,apr,352,1,-1,0,unknown,no,2025-12-12 02:00:00
50,management,married,tertiary,no,3191,no,no,unknown,16,jun,535,2,-1,0,unknown,no,2025-12-12 03:00:00
37,entrepreneur,married,secondary,no,2055,yes,yes,cellular,10,jul,241,4,-1,0,unknown,no,2025-12-12 04:00:00
45,management,married,tertiary,no,4877,yes,no,cellular,8,aug,172,2,-1,0,unknown,no,2025-12-12 05:00:00
69,retired,married,primary,no,324,no,no,cellular,12,aug,875,1,189,4,success,no,2025-12-12 06:00:00
30,blue-collar,married,primary,no,554,yes,no,unknown,27,may,89,5,-1,0,unknown,no,2025-12-12 07:00:00
38,technician,single,tertiary,no,1314,yes,yes,cellular,16,jul,378,2,-1,0,unknown,no,2025-12-12 08:00:00
34,management,married,tertiary,no,73,no,no,cellular,4,feb,426,2,-1,0,unknown,yes,2025-12-12 09:00:00
60,technician,married,secondary,no,2041,no,no,telephone,28,jul,108,7,-1,0,unknown,no,2025-12-12 10:00:00
34,technician,married,secondary,no,96,no,no,cellular,18,aug,113,4,-1,0,unknown,no,2025-12-12 11:00:00
42,management,married,secondary,no,1042,yes,no,cellular,11,may,465,1,364,3,other,no,2025-12-12 12:00:00
37,services,single,secondary,no,887,no,no,cellular,14,may,553,2,-1,0,unknown,no,2025-12-12 13:00:00
35,services,single,secondary,no,1239,yes,no,cellular,5,may,60,2,347,1,failure,no,2025-12-12 14:00:00
31,services,single,tertiary,no,1025,no,no,cellular,29,jan,93,1,254,3,failure,no,2025-12-12 15:00:00
30,technician,single,secondary,no,-754,yes,yes,unknown,26,may,974,1,-1,0,unknown,no,2025-12-12 16:00:00
48,management,married,tertiary,no,-1080,yes,yes,cellular,18,nov,76,3,-1,0,unknown,no,2025-12-12 17:00:00
36,blue-collar,married,primary,no,2040,yes,no,cellular,13,may,125,2,-1,0,unknown,no,2025-12-12 18:00:00
49,services,single,primary,no,114,yes,no,unknown,7,may,99,2,-1,0,unknown,no,2025-12-12 19:00:00
39,management,married,tertiary,no,285,yes,no,cellular,15,jul,838,3,-1,0,unknown,yes,2025-12-12 20:00:00
30,admin.,single,secondary,no,585,no,yes,cellular,2,feb,7,6,-1,0,unknown,no,2025-12-12 21:00:00
48,unknown,single,unknown,no,1819,no,no,cellular,2,sep,1440,1,458,1,failure,yes,2025-12-12 22:00:00
36,management,married,tertiary,no,0,yes,no,cellular,29,jan,86,1,237,17,other,no,2025-12-12 23:00:00
55,blue-collar,married,secondary,no,12401,no,no,telephone,5,nov,111,9,511,4,other,no,2025-12-13 00:00:00
61,housemaid,married,primary,no,848,no,no,cellular,27,apr,605,1,187,1,other,no,2025-12-13 01:00:00
53,entrepreneur,married,primary,no,1034,yes,no,cellular,19,nov,854,2,170,3,other,no,2025-12-13 02:00:00
30,technician,single,secondary,no,513,yes,no,cellular,20,apr,241,1,-1,0,unknown,no,2025-12-13 03:00:00
50,entrepreneur,married,primary,no,431,yes,no,cellular,20,apr,12,5,-1,0,unknown,no,2025-12-13 04:00:00
56,management,married,tertiary,no,830,yes,yes,unknown,6,may,1201,1,-1,0,unknown,yes,2025-12-13 05:00:00
35,technician,single,secondary,no,204,yes,no,cellular,30,nov,110,3,189,1,success,no,2025-12-13 06:00:00
52,self-employed,married,secondary,no,213,yes,no,cellular,14,may,164,2,-1,0,unknown,no,2025-12-13 07:00:00
52,management,married,primary,no,0,no,no,unknown,5,jun,85,3,-1,0,unknown,no,2025-12-13 08:00:00
57,retired,married,primary,no,0,yes,no,cellular,6,may,62,2,273,2,failure,no,2025-12-13 09:00:00
32,blue-collar,single,secondary,no,8859,yes,no,cellular,20,nov,252,1,-1,0,unknown,no,2025-12-13 10:00:00
51,management,married,tertiary,no,21574,no,no,unknown,6,jun,197,3,-1,0,unknown,no,2025-12-13 11:00:00
63,retired,married,secondary,no,2716,no,no,cellular,25,jan,205,1,-1,0,unknown,no,2025-12-13 12:00:00
28,admin.,single,secondary,no,460,yes,no,unknown,26,may,741,6,-1,0,unknown,yes,2025-12-13 13:00:00
30,services,married,secondary,no,249,yes,no,cellular,17,apr,294,1,275,2,failure,no,2025-12-13 14:00:00
52,blue-collar,married,primary,no,4793,yes,no,telephone,21,nov,61,3,168,2,failure,no,2025-12-13 15:00:00
35,admin.,married,secondary,no,165,yes,no,unknown,18,jun,272,1,-1,0,unknown,no,2025-12-13 16:00:00
33,services,married,secondary,no,-384,yes,no,unknown,28,may,513,2,-1,0,unknown,no,2025-12-13 17:00:00
55,retired,married,secondary,no,-180,no,yes,unknown,1,jul,307,2,-1,0,unknown,no,2025-12-13 18:00:00
33,management,single,tertiary,no,0,no,no,cellular,11,aug,699,7,-1,0,unknown,yes,2025-12-13 19:00:00
25,self-employed,single,tertiary,no,453,yes,no,cellular,17,jul,134,1,-1,0,unknown,no,2025-12-13 20:00:00
39,admin.,divorced,secondary,no,728,yes,yes,cellular,18,oct,222,1,-1,0,unknown,yes,2025-12-13 21:00:00
32,entrepreneur,married,tertiary,no,28,no,no,cellular,5,aug,287,1,-1,0,unknown,no,2025-12-13 22:00:00
38,blue-collar,married,secondary,no,22,yes,yes,unknown,7,may,353,4,-1,0,unknown,no,2025-12-13 23:00:00
36,admin.,married,secondary,no,110,yes,no,telephone,4,feb,185,1,-1,0,unknown,no,2025-12-14 00:00:00
61,unknown,single,primary,no,50,no,no,telephone,21,jul,465,6,-1,0,unknown,no,2025-12-14 01:00:00
57,retired,married,primary,no,3549,no,no,cellular,31,jul,51,36,-1,0,unknown,no,2025-12-14 02:00:00
35,blue-collar,single,unknown,no,2298,no,no,cellular,31,jul,92,4,-1,0,unknown,no,2025-12-14 03:00:00
50,services,married,secondary,no,5,no,yes,cellular,11,jul,196,2,-1,0,unknown,no,2025-12-14 04:00:00
44,admin.,single,secondary,no,2524,no,no,unknown,19,jun,82,1,-1,0,unknown,no,2025-12-14 05:00:00
32,management,single,tertiary,no,2619,yes,no,unknown,26,may,123,14,-1,0,unknown,no,2025-12-14 06:00:00
46,technician,married,secondary,no,78,no,no,cellular,20,aug,172,2,-1,0,unknown,no,2025-12-14 07:00:00
40,services,married,secondary,no,0,yes,no,cellular,21,nov,43,1,185,2,failure,no,2025-12-14 08:00:00
26,technician,single,secondary,no,7,yes,no,cellular,22,jul,188,2,-1,0,unknown,no,2025-12-14 09:00:00
31,unemployed,married,secondary,no,31,yes,no,cellular,15,jul,211,6,-1,0,unknown,no,2025-12-14 10:00:00
30,services,single,secondary,no,-143,yes,no,cellular,15,may,85,1,-1,0,unknown,no,2025-12-14 11:00:00
28,technician,married,tertiary,no,107,yes,no,cellular,29,jul,122,13,-1,0,unknown,no,2025-12-14 12:00:00
37,management,married,tertiary,no,900,yes,no,cellular,7,may,155,1,357,2,failure,no,2025-12-14 13:00:00
32,services,single,secondary,no,951,no,no,cellular,28,jan,77,1,-1,0,unknown,no,2025-12-14 14:00:00
52,technician,married,secondary,no,0,yes,no,unknown,18,jun,636,12,-1,0,unknown,no,2025-12-14 15:00:00
42,management,married,unknown,no,1333,yes,no,unknown,14,may,468,2,-1,0,unknown,no,2025-12-14 16:00:00
56,unemployed,divorced,primary,no,802,no,no,telephone,3,feb,258,2,-1,0,unknown,no,2025-12-14 17:00:00
46,blue-collar,single,primary,no,87,no,no,unknown,15,may,78,1,-1,0,unknown,no,2025-12-14 18:00:00
50,blue-collar,divorced,primary,no,-677,no,no,cellular,10,jul,387,1,-1,0,unknown,no,2025-12-14 19:00:00
43,housemaid,single,primary,no,1354,no,no,unknown,17,jun,183,2,-1,0,unknown,no,2025-12-14 20:00:00
24,unemployed,single,secondary,no,572,no,no,cellular,4,jun,442,3,-1,0,unknown,no,2025-12-14 21:00:00
33,blue-collar,married,secondary,no,2366,yes,no,cellular,11,may,249,1,356,2,failure,no,2025-12-14 22:00:00
45,self-employed,married,secondary,no,976,yes,no,unknown,2,jun,176,4,-1,0,unknown,no,2025-12-14 23:00:00
39,technician,single,tertiary,no,139,no,no,telephone,19,aug,328,1,79,1,failure,no,2025-12-15 00:00:00
49,self-employed,married,tertiary,no,503,yes,no,cellular,21,jul,507,1,-1,0,unknown,no,2025-12-15 01:00:00
44,services,divorced,secondary,no,12,yes,yes,cellular,31,jul,5,3,-1,0,unknown,no,2025-12-15 02:00:00
44,blue-collar,married,secondary,no,466,yes,yes,cellular,14,may,158,5,350,1,other,no,2025-12-15 03:00:00
34,technician,single,tertiary,no,0,no,no,cellular,21,aug,121,2,-1,0,unknown,no,2025-12-15 04:00:00
34,blue-collar,single,primary,no,1702,no,no,cellular,9,feb,22,4,-1,0,unknown,no,2025-12-15 05:00:00
43,admin.,single,secondary,no,733,yes,no,cellular,19,nov,1102,3,-1,0,unknown,yes,2025-12-15 06:00:00
47,technician,married,secondary,no,321,yes,yes,unknown,4,jul,111,1,-1,0,unknown,no,2025-12-15 07:00:00
42,technician,married,secondary,no,219,yes,yes,cellular,7,aug,186,3,-1,0,unknown,no,2025-12-15 08:00:00
44,technician,divorced,secondary,no,2340,no,no,cellular,29,jul,637,3,-1,0,unknown,no,2025-12-15 09:00:00
42,blue-collar,single,primary,no,134,yes,yes,unknown,8,may,82,1,-1,0,unknown,no,2025-12-15 10:00:00
35,technician,married,secondary,no,222,yes,no,cellular,18,nov,233,1,190,6,failure,no,2025-12-15 11:00:00
42,retired,married,primary,no,127,no,yes,cellular,17,jul,199,2,-1,0,unknown,no,2025-12-15 12:00:00
46,blue-collar,married,secondary,no,1660,yes,no,unknown,6,may,259,1,-1,0,unknown,no,2025-12-15 13:00:00
32,management,married,tertiary,no,2204,no,no,cellular,27,aug,123,4,-1,0,unknown,no,2025-12-15 14:00:00
32,admin.,married,tertiary,no,227,no,no,cellular,21,aug,148,2,-1,0,unknown,no,2025-12-15 15:00:00
38,admin.,married,secondary,no,1280,yes,no,cellular,6,apr,916,1,-1,0,unknown,no,2025-12-15 16:00:00
36,management,married,tertiary,no,3949,no,no,cellular,28,jan,130,2,-1,0,unknown,yes,2025-12-15 17:00:00
53,admin.,married,secondary,no,1228,yes,yes,cellular,8,feb,116,2,188,1,success,no,2025-12-15 18:00:00
39,blue-collar,married,unknown,no,157,yes,no,unknown,30,may,99,6,-1,0,unknown,no,2025-12-15 19:00:00
26,services,single,secondary,no,901,yes,no,unknown,26,may,764,2,-1,0,unknown,yes,2025-12-15 20:00:00
55,technician,married,primary,no,284,no,no,cellular,22,jul,70,9,-1,0,unknown,no,2025-12-15 21:00:00
33,self-employed,married,secondary,no,409,no,no,cellular,8,sep,165,1,97,4,success,yes,2025-12-15 22:00:00
33,management,single,tertiary,no,318,yes,no,cellular,8,apr,1190,1,141,3,other,yes,2025-12-15 23:00:00
31,blue-collar,married,primary,no,2929,yes,no,cellular,20,apr,237,3,150,3,failure,no,2025-12-16 00:00:00
43,services,married,secondary,no,43,yes,no,cellular,18,may,199,1,-1,0,unknown,no,2025-12-16 01:00:00
31,management,married,tertiary,no,6138,no,no,cellular,16,oct,154,2,119,5,failure,yes,2025-12-16 02:00:00
39,blue-collar,married,primary,no,292,no,no,unknown,12,jun,394,1,-1,0,unknown,no,2025-12-16 03:00:00
41,blue-collar,married,secondary,no,1362,yes,no,cellular,18,nov,25,1,-1,0,unknown,no,2025-12-16 04:00:00
31,entrepreneur,married,secondary,no,7518,yes,no,cellular,20,nov,332,3,-1,0,unknown,no,2025-12-16 05:00:00
54,management,married,tertiary,no,511,no,no,cellular,22,may,264,2,94,3,failure,no,2025-12-16 06:00:00
32,admin.,married,secondary,no,51,yes,yes,cellular,7,jul,297,1,-1,0,unknown,yes,2025-12-16 07:00:00
28,admin.,single,secondary,no,251,yes,no,unknown,6,may,178,2,-1,0,unknown,no,2025-12-16 08:00:00
24,student,single,secondary,no,1234,no,no,telephone,26,oct,280,2,97,3,success,no,2025-12-16 09:00:00
38,services,married,secondary,no,0,yes,yes,cellular,11,jul,184,2,-1,0,unknown,no,2025-12-16 10:00:00
26,technician,single,tertiary,no,14054,no,no,cellular,23,jul,178,1,-1,0,unknown,no,2025-12-16 11:00:00
48,blue-collar,married,primary,no,430,no,no,cellular,14,may,340,3,371,8,failure,no,2025-12-16 12:00:00
61,self-employed,married,tertiary,no,4162,no,no,cellular,10,nov,185,1,-1,0,unknown,no,2025-12-16 13:00:00
39,blue-collar,married,primary,no,264,yes,yes,cellular,28,jan,32,1,-1,0,unknown,no,2025-12-16 14:00:00
60,admin.,single,secondary,no,3916,no,no,unknown,18,jun,18,5,-1,0,unknown,no,2025-12-16 15:00:00
36,technician,divorced,secondary,no,3158,yes,no,cellular,3,jun,144,2,-1,0,unknown,yes,2025-12-16 16:00:00
48,management,married,tertiary,no,0,yes,no,unknown,6,jun,300,5,-1,0,unknown,no,2025-12-16 17:00:00
38,admin.,divorced,secondary,no,156,yes,no,unknown,17,jun,544,3,-1,0,unknown,no,2025-12-16 18:00:00
40,technician,married,secondary,no,770,yes,no,unknown,14,may,200,1,-1,0,unknown,no,2025-12-16 19:00:00
69,retired,divorced,tertiary,no,247,no,no,cellular,22,apr,138,2,-1,0,unknown,yes,2025-12-16 20:00:00
32,services,single,secondary,no,310,yes,no,unknown,6,may,144,1,-1,0,unknown,no,2025-12-16 21:00:00
32,services,married,secondary,yes,-790,yes,no,unknown,3,jun,159,1,-1,0,unknown,no,2025-12-16 22:00:00
54,blue-collar,married,secondary,no,466,no,no,cellular,29,aug,436,4,-1,0,unknown,no,2025-12-16 23:00:00
40,services,married,secondary,no,1836,yes,no,cellular,12,may,750,2,-1,0,unknown,yes,2025-12-17 00:00:00
33,entrepreneur,married,secondary,no,135,yes,no,cellular,17,apr,114,1,345,2,failure,no,2025-12-17 01:00:00
42,housemaid,married,secondary,no,808,yes,no,cellular,9,jul,121,1,-1,0,unknown,no,2025-12-17 02:00:00
43,blue-collar,single,secondary,no,24,no,no,cellular,12,may,68,1,363,1,failure,no,2025-12-17 03:00:00
33,blue-collar,married,secondary,no,463,yes,no,unknown,23,may,76,4,-1,0,unknown,no,2025-12-17 04:00:00
38,technician,married,secondary,no,557,yes,no,cellular,16,nov,1556,4,-1,0,unknown,yes,2025-12-17 05:00:00
51,management,married,tertiary,no,642,no,no,unknown,19,may,183,2,-1,0,unknown,no,2025-12-17 06:00:00
32,management,married,tertiary,no,5910,no,no,cellular,26,aug,75,3,-1,0,unknown,no,2025-12-17 07:00:00
39,management,single,tertiary,no,3281,no,no,unknown,9,jun,90,4,-1,0,unknown,no,2025-12-17 08:00:00
34,management,married,tertiary,no,1906,yes,no,cellular,14,jul,68,3,-1,0,unknown,no,2025-12-17 09:00:00
26,blue-collar,single,secondary,no,-204,yes,no,unknown,13,may,609,2,-1,0,unknown,no,2025-12-17 10:00:00
46,blue-collar,married,secondary,no,4646,yes,no,cellular,7,may,33,3,359,1,failure,no,2025-12-17 11:00:00
59,technician,married,secondary,no,-247,yes,no,unknown,26,may,131,1,-1,0,unknown,no,2025-12-17 12:00:00
28,blue-collar,married,secondary,no,379,no,yes,cellular,17,jul,164,1,-1,0,unknown,no,2025-12-17 13:00:00
48,admin.,married,secondary,no,476,no,no,unknown,5,jun,489,3,-1,0,unknown,no,2025-12-17 14:00:00
32,admin.,single,secondary,no,1411,no,no,cellular,2,jul,124,1,-1,0,unknown,no,2025-12-17 15:00:00
37,unemployed,single,tertiary,no,1316,yes,no,cellular,18,nov,389,1,172,2,failure,no,2025-12-17 16:00:00
46,management,married,tertiary,no,0,no,no,cellular,19,aug,328,1,-1,0,unknown,no,2025-12-17 17:00:00
39,blue-collar,single,primary,no,24277,no,no,cellular,28,aug,261,1,-1,0,unknown,yes,2025-12-17 18:00:00
33,technician,married,tertiary,no,503,no,no,cellular,29,aug,91,2,-1,0,unknown,no,2025-12-17 19:00:00
43,technician,divorced,secondary,no,64,yes,no,cellular,14,aug,55,2,-1,0,unknown,no,2025-12-17 20:00:00
56,retired,married,secondary,no,1044,no,no,telephone,3,jul,353,2,-1,0,unknown,yes,2025-12-17 21:00:00
30,blue-collar,married,secondary,no,246,yes,no,cellular,18,nov,166,2,113,5,failure,no,2025-12-17 22:00:00
38,blue-collar,married,primary,no,476,yes,no,unknown,28,may,212,4,-1,0,unknown,no,2025-12-17 23:00:00
49,housemaid,divorced,primary,no,198,yes,no,unknown,13,may,205,3,-1,0,unknown,no,2025-12-18 00:00:00
40,admin.,divorced,secondary,no,212,no,no,unknown,7,jan,176,1,-1,0,unknown,no,2025-12-18 01:00:00
36,management,married,tertiary,no,928,yes,no,cellular,20,apr,239,1,-1,0,unknown,no,2025-12-18 02:00:00
32,management,single,tertiary,no,3886,yes,yes,unknown,29,may,151,7,-1,0,unknown,no,2025-12-18 03:00:00
55,self-employed,married,primary,no,0,no,no,cellular,8,aug,138,2,-1,0,unknown,no,2025-12-18 04:00:00
29,services,married,secondary,no,-753,yes,yes,unknown,23,may,98,1,-1,0,unknown,no,2025-12-18 05:00:00
24,student,single,secondary,no,1919,yes,no,unknown,29,may,127,4,-1,0,unknown,no,2025-12-18 06:00:00
31,admin.,married,secondary,no,297,yes,no,cellular,16,apr,357,2,-1,0,unknown,no,2025-12-18 07:00:00
27,blue-collar,single,primary,no,3955,yes,no,unknown,28,may,205,3,-1,0,unknown,no,2025-12-18 08:00:00
36,blue-collar,married,secondary,no,325,no,no,cellular,14,apr,119,2,337,2,failure,no,2025-12-18 09:00:00
45,technician,married,tertiary,no,121,no,no,cellular,18,aug,835,4,-1,0,unknown,no,2025-12-18 10:00:00
29,admin.,married,secondary,no,1634,yes,no,unknown,4,jun,402,2,-1,0,unknown,no,2025-12-18 11:00:00
46,technician,married,secondary,no,416,yes,yes,cellular,23,jul,361,3,-1,0,unknown,no,2025-12-18 12:00:00
34,technician,married,secondary,no,1795,yes,no,cellular,29,aug,201,2,-1,0,unknown,no,2025-12-18 13:00:00
56,services,divorced,secondary,no,140,no,no,cellular,10,jul,173,1,-1,0,unknown,no,2025-12-18 14:00:00
32,blue-collar,married,secondary,no,10287,yes,no,cellular,27,may,281,4,188,1,failure,yes,2025-12-18 15:00:00
49,technician,married,secondary,no,905,no,no,cellular,12,aug,90,1,68,1,success,no,2025-12-18 16:00:00
36,management,married,tertiary,no,322,yes,no,cellular,22,jul,485,1,-1,0,unknown,no,2025-12-18 17:00:00
31,management,single,tertiary,no,725,yes,no,cellular,27,apr,345,1,452,1,other,no,2025-12-18 18:00:00
53,self-employed,married,tertiary,no,451,yes,no,cellular,2,feb,125,1,249,2,failure,no,2025-12-18 19:00:00
47,admin.,married,secondary,no,0,no,no,cellular,10,nov,213,1,190,1,other,yes,2025-12-18 20:00:00
33,services,married,secondary,no,312,yes,yes,cellular,3,feb,7,8,-1,0,unknown,no,2025-12-18 21:00:00
34,management,married,tertiary,no,630,no,no,cellular,28,aug,54,8,-1,0,unknown,no,2025-12-18 22:00:00
56,technician,divorced,secondary,no,146,yes,no,cellular,5,aug,419,3,-1,0,unknown,yes,2025-12-18 23:00:00
31,technician,single,secondary,no,3588,no,no,telephone,28,aug,64,27,-1,0,unknown,no,2025-12-19 00:00:00
34,technician,married,secondary,no,563,yes,yes,cellular,29,aug,32,15,-1,0,unknown,no,2025-12-19 01:00:00
39,management,single,tertiary,no,93,yes,yes,cellular,13,may,196,2,331,3,failure,no,2025-12-19 02:00:00
58,retired,married,tertiary,no,324,no,no,unknown,20,jun,13,4,-1,0,unknown,no,2025-12-19 03:00:00
53,blue-collar,married,secondary,no,3079,no,no,cellular,5,apr,759,1,-1,0,unknown,no,2025-12-19 04:00:00
55,blue-collar,married,secondary,no,2059,yes,no,cellular,11,may,149,1,259,4,failure,no,2025-12-19 05:00:00
49,blue-collar,married,secondary,no,395,no,yes,cellular,30,jul,188,3,-1,0,unknown,no,2025-12-19 06:00:00
45,management,married,tertiary,no,1788,no,no,cellular,2,jun,177,2,301,2,failure,no,2025-12-19 07:00:00
55,technician,married,secondary,no,3207,no,no,cellular,28,aug,85,12,-1,0,unknown,no,2025-12-19 08:00:00
45,services,married,secondary,no,38,yes,no,cellular,6,aug,307,3,-1,0,unknown,no,2025-12-19 09:00:00
42,blue-collar,married,secondary,no,1,no,no,cellular,15,jul,462,1,-1,0,unknown,no,2025-12-19 10:00:00
69,admin.,married,secondary,no,813,no,no,telephone,28,sep,237,2,-1,0,unknown,no,2025-12-19 11:00:00
31,services,single,secondary,no,0,no,no,cellular,28,jul,243,2,-1,0,unknown,no,2025-12-19 12:00:00
36,services,married,primary,no,92,yes,no,cellular,5,jun,244,7,-1,0,unknown,yes,2025-12-19 13:00:00
38,admin.,single,secondary,no,10,no,no,cellular,1,apr,117,1,-1,0,unknown,no,2025-12-19 14:00:00
47,blue-collar,married,secondary,no,1484,no,no,cellular,21,jul,274,3,-1,0,unknown,no,2025-12-19 15:00:00
48,admin.,single,secondary,no,-58,no,no,unknown,17,jun,123,1,-1,0,unknown,no,2025-12-19 16:00:00
37,services,married,secondary,no,42,yes,no,cellular,12,may,107,3,369,4,failure,no,2025-12-19 17:00:00
30,technician,married,tertiary,no,-256,yes,no,unknown,15,may,51,5,-1,0,unknown,no,2025-12-19 18:00:00
31,services,married,secondary,yes,-455,no,yes,cellular,16,jul,168,2,-1,0,unknown,no,2025-12-19 19:00:00
36,entrepreneur,single,secondary,no,475,no,no,cellular,25,jul,141,3,-1,0,unknown,no,2025-12-19 20:00:00
33,technician,single,secondary,no,3059,no,yes,cellular,6,aug,482,2,-1,0,unknown,yes,2025-12-19 21:00:00
50,technician,married,secondary,no,2242,no,no,cellular,17,nov,170,2,-1,0,unknown,no,2025-12-19 22:00:00
38,entrepreneur,married,tertiary,no,227,yes,no,cellular,4,feb,89,1,209,1,failure,no,2025-12-19 23:00:00
30,blue-collar,married,secondary,no,319,no,no,cellular,27,jan,210,2,-1,0,unknown,no,2025-12-20 00:00:00
37,admin.,single,tertiary,no,3954,yes,no,cellular,12,aug,87,1,117,2,failure,no,2025-12-20 01:00:00
40,management,single,secondary,no,900,yes,no,cellular,30,jul,84,2,-1,0,unknown,no,2025-12-20 02:00:00
39,management,married,tertiary,no,1301,no,no,cellular,8,feb,185,2,179,1,failure,no,2025-12-20 03:00:00
39,blue-collar,married,secondary,no,161,yes,no,cellular,18,may,98,2,-1,0,unknown,no,2025-12-20 04:00:00
46,services,divorced,secondary,no,0,no,no,cellular,17,nov,407,1,150,3,success,no,2025-12-20 05:00:00
32,technician,single,tertiary,no,471,no,no,cellular,14,jan,67,1,-1,0,unknown,no,2025-12-20 06:00:00
31,blue-collar,married,secondary,no,43,yes,no,unknown,19,may,405,3,-1,0,unknown,no,2025-12-20 07:00:00
49,services,single,secondary,no,178,yes,yes,cellular,29,jan,197,1,-1,0,unknown,no,2025-12-20 08:00:00
34,admin.,married,secondary,no,2,yes,no,cellular,25,jul,137,11,-1,0,unknown,no,2025-12-20 09:00:00
49,management,married,tertiary,no,1167,yes,yes,cellular,24,sep,249,1,91,14,success,yes,2025-12-20 10:00:00
54,management,divorced,tertiary,no,3777,no,no,cellular,25,aug,56,2,-1,0,unknown,no,2025-12-20 11:00:00
35,services,single,secondary,no,719,yes,no,cellular,18,may,1359,3,368,3,failure,yes,2025-12-20 12:00:00
24,technician,single,secondary,no,-73,yes,no,cellular,18,may,7,2,-1,0,unknown,no,2025-12-20 13:00:00
29,blue-collar,married,primary,no,1280,yes,no,unknown,28,may,629,2,-1,0,unknown,no,2025-12-20 14:00:00
37,entrepreneur,married,tertiary,no,555,no,no,cellular,7,jul,104,2,-1,0,unknown,no,2025-12-20 15:00:00
74,retired,married,primary,no,0,no,no,telephone,13,aug,562,2,-1,0,unknown,yes,2025-12-20 16:00:00
32,blue-collar,single,primary,no,557,yes,no,unknown,21,may,112,2,-1,0,unknown,no,2025-12-20 17:00:00
34,admin.,married,secondary,no,2378,yes,yes,telephone,10,jul,92,1,-1,0,unknown,no,2025-12-20 18:00:00
50,services,married,secondary,no,1683,no,no,telephone,9,jul,56,1,-1,0,unknown,no,2025-12-20 19:00:00
50,management,married,tertiary,no,230,no,yes,cellular,21,jul,149,2,-1,0,unknown,no,2025-12-20 20:00:00
30,blue-collar,single,secondary,no,855,yes,no,unknown,3,jun,235,2,-1,0,unknown,no,2025-12-20 21:00:00
26,unemployed,married,primary,no,70,yes,no,unknown,28,may,99,2,-1,0,unknown,no,2025-12-20 22:00:00
42,technician,single,tertiary,no,35,yes,yes,cellular,17,nov,38,1,115,5,other,no,2025-12-20 23:00:00
44,blue-collar,married,secondary,no,1,yes,no,unknown,7,may,281,2,-1,0,unknown,no,2025-12-21 00:00:00
35,management,single,tertiary,no,-324,no,yes,cellular,21,jul,985,11,-1,0,unknown,yes,2025-12-21 01:00:00
70,retired,married,secondary,no,2575,no,no,telephone,20,apr,216,2,-1,0,unknown,yes,2025-12-21 02:00:00
31,services,single,tertiary,no,620,no,no,cellular,11,aug,153,1,103,2,failure,no,2025-12-21 03:00:00
80,retired,married,primary,no,1468,no,no,cellular,13,jul,256,2,181,3,success,no,2025-12-21 04:00:00
48,management,married,tertiary,no,1733,no,no,unknown,5,jun,318,3,-1,0,unknown,no,2025-12-21 05:00:00
35,management,married,secondary,no,53,yes,no,cellular,18,nov,378,1,-1,0,unknown,no,2025-12-21 06:00:00
28,blue-collar,single,secondary,no,1,no,no,unknown,28,may,181,1,-1,0,unknown,no,2025-12-21 07:00:00
59,blue-collar,married,secondary,no,10054,no,no,telephone,13,aug,79,6,-1,0,unknown,no,2025-12-21 08:00:00
43,blue-collar,married,primary,no,377,no,yes,unknown,20,jun,11,5,-1,0,unknown,no,2025-12-21 09:00:00
31,management,married,secondary,no,8629,yes,no,cellular,21,nov,957,1,184,2,failure,yes,2025-12-21 10:00:00
35,services,single,secondary,no,5551,yes,no,cellular,20,nov,258,1,-1,0,unknown,no,2025-12-21 11:00:00
45,blue-collar,married,secondary,no,115,no,no,cellular,11,aug,209,4,-1,0,unknown,no,2025-12-21 12:00:00
80,management,married,primary,no,6483,no,no,telephone,19,oct,123,1,-1,0,unknown,no,2025-12-21 13:00:00
44,blue-collar,married,primary,no,-312,yes,no,unknown,20,jun,22,3,-1,0,unknown,no,2025-12-21 14:00:00
35,blue-collar,married,secondary,no,876,yes,no,cellular,20,apr,318,1,-1,0,unknown,no,2025-12-21 15:00:00
58,admin.,married,primary,no,1119,no,no,cellular,6,apr,122,4,341,2,failure,no,2025-12-21 16:00:00
32,management,married,tertiary,no,4307,yes,no,unknown,28,may,91,3,-1,0,unknown,no,2025-12-21 17:00:00
38,management,married,unknown,no,3053,no,no,unknown,19,jun,178,1,-1,0,unknown,no,2025-12-21 18:00:00
47,blue-collar,married,secondary,no,846,yes,no,cellular,31,jul,437,2,-1,0,unknown,no,2025-12-21 19:00:00
54,management,married,tertiary,no,7249,yes,yes,cellular,4,feb,102,2,77,1,failure,no,2025-12-21 20:00:00
60,retired,married,tertiary,no,872,no,no,telephone,28,aug,37,5,-1,0,unknown,no,2025-12-21 21:00:00
34,technician,single,secondary,yes,-2,no,yes,cellular,8,jul,283,1,-1,0,unknown,no,2025-12-21 22:00:00
34,services,married,secondary,no,0,yes,no,cellular,21,apr,95,1,-1,0,unknown,no,2025-12-21 23:00:00
47,management,married,tertiary,no,600,no,no,cellular,19,aug,290,15,-1,0,unknown,yes,2025-12-22 00:00:00
72,retired,single,tertiary,no,1285,no,no,telephone,2,nov,179,5,98,2,failure,no,2025-12-22 01:00:00
40,blue-collar,married,secondary,no,1313,no,no,unknown,14,may,87,1,-1,0,unknown,no,2025-12-22 02:00:00
31,admin.,married,primary,no,355,yes,yes,unknown,4,jun,61,6,-1,0,unknown,no,2025-12-22 03:00:00
60,blue-collar,married,primary,no,686,yes,no,unknown,17,jun,147,2,-1,0,unknown,no,2025-12-22 04:00:00
42,technician,married,primary,no,275,no,no,cellular,17,nov,295,2,109,9,failure,no,2025-12-22 05:00:00
27,services,married,secondary,no,221,no,yes,cellular,7,jul,554,1,-1,0,unknown,no,2025-12-22 06:00:00
37,management,married,tertiary,no,11,no,no,cellular,21,nov,326,1,-1,0,unknown,no,2025-12-22 07:00:00
34,blue-collar,married,secondary,no,223,yes,no,unknown,21,may,91,3,-1,0,unknown,no,2025-12-22 08:00:00
30,technician,single,secondary,no,317,yes,no,unknown,12,may,246,6,-1,0,unknown,no,2025-12-22 09:00:00
39,blue-collar,married,secondary,no,481,no,no,cellular,4,feb,38,8,-1,0,unknown,no,2025-12-22 10:00:00
50,management,married,tertiary,no,3327,no,no,cellular,25,aug,74,7,-1,0,unknown,no,2025-12-22 11:00:00
38,blue-collar,married,primary,no,489,yes,no,cellular,2,feb,218,1,-1,0,unknown,no,2025-12-22 12:00:00
31,blue-collar,single,unknown,no,461,yes,no,cellular,7,may,462,1,-1,0,unknown,no,2025-12-22 13:00:00
28,student,single,secondary,no,4793,no,no,unknown,27,may,151,1,-1,0,unknown,no,2025-12-22 14:00:00
28,blue-collar,married,secondary,no,224,yes,no,unknown,19,may,571,5,-1,0,unknown,no,2025-12-22 15:00:00
30,entrepreneur,divorced,tertiary,no,1192,no,no,cellular,29,jan,83,2,-1,0,unknown,no,2025-12-22 16:00:00
36,admin.,single,secondary,no,119,no,no,cellular,2,jun,93,2,-1,0,unknown,no,2025-12-22 17:00:00
38,technician,married,secondary,no,1409,yes,no,unknown,20,jun,9,14,-1,0,unknown,no,2025-12-22 18:00:00
38,services,single,unknown,no,1610,yes,no,unknown,17,jun,76,6,-1,0,unknown,no,2025-12-22 19:00:00
53,blue-collar,married,unknown,no,1230,no,no,cellular,5,aug,155,3,-1,0,unknown,no,2025-12-22 20:00:00
24,student,single,unknown,no,358,no,no,cellular,14,sep,407,2,92,2,success,no,2025-12-22 21:00:00
30,technician,single,secondary,no,10152,yes,no,cellular,6,apr,1108,2,270,1,failure,no,2025-12-22 22:00:00
30,technician,married,secondary,no,776,no,no,cellular,7,aug,72,1,99,2,success,no,2025-12-22 23:00:00
42,technician,married,unknown,no,906,yes,no,cellular,5,feb,434,2,-1,0,unknown,no,2025-12-23 00:00:00
33,blue-collar,married,primary,no,415,yes,no,cellular,5,may,316,1,337,4,success,no,2025-12-23 01:00:00
26,management,single,tertiary,no,962,yes,no,cellular,8,may,132,1,-1,0,unknown,no,2025-12-23 02:00:00
51,services,married,secondary,no,0,no,no,cellular,18,jul,439,3,-1,0,unknown,no,2025-12-23 03:00:00
34,blue-collar,married,secondary,yes,-7,yes,no,cellular,22,jul,143,5,-1,0,unknown,no,2025-12-23 04:00:00
49,management,married,tertiary,no,276,no,no,cellular,27,aug,62,5,-1,0,unknown,no,2025-12-23 05:00:00
37,self-employed,single,secondary,no,133,yes,no,cellular,18,nov,207,1,-1,0,unknown,no,2025-12-23 06:00:00
32,management,single,tertiary,no,2551,yes,no,cellular,21,jul,638,3,-1,0,unknown,yes,2025-12-23 07:00:00
28,admin.,single,secondary,no,710,yes,yes,unknown,4,jun,341,2,-1,0,unknown,no,2025-12-23 08:00:00
44,entrepreneur,married,tertiary,no,-1,no,yes,cellular,21,nov,63,2,-1,0,unknown,no,2025-12-23 09:00:00
57,admin.,married,unknown,no,596,no,no,cellular,29,jan,90,1,-1,0,unknown,no,2025-12-23 10:00:00
47,technician,married,secondary,no,1167,yes,no,cellular,30,apr,968,1,87,5,failure,yes,2025-12-23 11:00:00
29,services,single,secondary,no,84,no,yes,unknown,3,jul,587,3,-1,0,unknown,yes,2025-12-23 12:00:00
34,admin.,single,tertiary,no,18,yes,no,cellular,6,may,285,1,288,17,other,no,2025-12-23 13:00:00
47,blue-collar,married,secondary,no,5306,yes,no,unknown,15,may,322,1,-1,0,unknown,no,2025-12-23 14:00:00
60,admin.,married,secondary,no,1880,yes,no,unknown,15,may,196,4,-1,0,unknown,no,2025-12-23 15:00:00
40,blue-collar,married,primary,no,254,yes,no,cellular,7,jul,107,3,-1,0,unknown,no,2025-12-23 16:00:00
58,entrepreneur,married,tertiary,no,364,yes,no,cellular,30,jan,168,1,-1,0,unknown,no,2025-12-23 17:00:00
33,management,married,tertiary,no,377,yes,no,unknown,5,may,217,1,-1,0,unknown,no,2025-12-23 18:00:00
52,management,divorced,primary,no,11,no,no,cellular,6,feb,365,1,9,1,other,no,2025-12-23 19:00:00
36,services,married,secondary,no,0,no,no,cellular,30,jul,843,2,-1,0,unknown,yes,2025-12-23 20:00:00
26,technician,single,tertiary,no,-67,yes,no,cellular,15,may,637,1,-1,0,unknown,yes,2025-12-23 21:00:00
56,blue-collar,married,secondary,no,659,yes,no,cellular,2,feb,148,1,188,3,failure,no,2025-12-23 22:00:00
52,technician,divorced,secondary,no,2816,no,no,unknown,20,jun,492,3,-1,0,unknown,no,2025-12-23 23:00:00
31,technician,divorced,secondary,no,-174,no,yes,cellular,30,jul,113,10,-1,0,unknown,no,2025-12-24 00:00:00
35,management,single,tertiary,no,-289,yes,no,unknown,21,may,490,1,-1,0,unknown,no,2025-12-24 01:00:00
40,student,married,secondary,no,260,no,no,unknown,20,jun,197,6,-1,0,unknown,no,2025-12-24 02:00:00
26,technician,single,secondary,yes,-454,no,yes,cellular,18,jul,652,2,-1,0,unknown,no,2025-12-24 03:00:00
28,technician,single,secondary,no,113,no,no,cellular,30,apr,108,1,-1,0,unknown,no,2025-12-24 04:00:00
31,management,married,tertiary,no,-513,no,yes,cellular,7,jul,124,1,-1,0,unknown,no,2025-12-24 05:00:00
77,retired,married,tertiary,no,1047,no,no,cellular,30,jun,108,5,-1,0,unknown,no,2025-12-24 06:00:00
40,services,married,secondary,no,-345,yes,no,cellular,24,jul,39,2,-1,0,unknown,no,2025-12-24 07:00:00
38,admin.,married,secondary,no,1949,yes,no,cellular,15,may,157,3,-1,0,unknown,no,2025-12-24 08:00:00
32,blue-collar,married,secondary,no,139,yes,yes,cellular,31,jul,70,5,-1,0,unknown,no,2025-12-24 09:00:00
45,services,married,secondary,no,-406,yes,yes,cellular,21,jul,276,2,-1,0,unknown,no,2025-12-24 10:00:00
53,retired,married,secondary,no,1296,yes,no,unknown,17,jun,115,1,-1,0,unknown,no,2025-12-24 11:00:00
46,technician,married,secondary,no,536,yes,no,unknown,16,jun,750,2,-1,0,unknown,yes,2025-12-24 12:00:00
29,services,married,secondary,no,191,yes,no,cellular,17,apr,87,1,-1,0,unknown,no,2025-12-24 13:00:00
32,management,single,tertiary,no,435,yes,yes,cellular,15,may,676,3,-1,0,unknown,no,2025-12-24 14:00:00
37,services,single,primary,no,3715,yes,no,unknown,20,jun,6,17,-1,0,unknown,no,2025-12-24 15:00:00
35,technician,single,tertiary,no,1455,yes,no,unknown,15,may,70,6,-1,0,unknown,no,2025-12-24 16:00:00
29,management,married,tertiary,no,5698,no,no,cellular,15,apr,437,1,264,1,failure,no,2025-12-24 17:00:00
44,management,married,unknown,no,415,yes,no,telephone,14,may,7,7,-1,0,unknown,no,2025-12-24 18:00:00
42,management,married,tertiary,no,3718,yes,no,cellular,6,aug,50,2,-1,0,unknown,no,2025-12-24 19:00:00
33,housemaid,single,secondary,no,118,no,no,cellular,29,jan,159,1,-1,0,unknown,no,2025-12-24 20:00:00
33,management,single,tertiary,no,215,yes,no,cellular,13,apr,1058,1,17,1,failure,no,2025-12-24 21:00:00
33,services,single,tertiary,no,1595,yes,no,unknown,26,may,296,1,-1,0,unknown,no,2025-12-24 22:00:00
56,admin.,married,primary,no,3562,no,no,cellular,2,jul,229,1,-1,0,unknown,no,2025-12-24 23:00:00
64,retired,married,secondary,no,1612,no,no,cellular,18,feb,362,1,183,4,failure,no,2025-12-25 00:00:00
28,unemployed,married,secondary,no,293,yes,no,cellular,20,apr,230,1,329,3,failure,no,2025-12-25 01:00:00
40,admin.,single,secondary,no,985,yes,no,cellular,4,jun,592,3,50,8,failure,yes,2025-12-25 02:00:00
55,blue-collar,married,unknown,no,-361,yes,no,telephone,11,may,82,2,350,1,failure,no,2025-12-25 03:00:00
51,technician,divorced,secondary,no,1,yes,no,unknown,5,jun,290,1,-1,0,unknown,no,2025-12-25 04:00:00
47,services,divorced,secondary,no,829,no,yes,unknown,18,jun,466,2,-1,0,unknown,no,2025-12-25 05:00:00
29,management,married,secondary,no,-559,yes,yes,unknown,21,may,485,1,-1,0,unknown,no,2025-12-25 06:00:00
33,management,single,tertiary,no,-75,yes,yes,cellular,31,jul,22,8,-1,0,unknown,no,2025-12-25 07:00:00
31,blue-collar,single,secondary,no,530,no,yes,cellular,18,nov,251,2,-1,0,unknown,no,2025-12-25 08:00:00
48,management,married,primary,no,2803,yes,no,unknown,6,jun,30,24,-1,0,unknown,no,2025-12-25 09:00:00
43,management,married,tertiary,no,244,no,no,cellular,14,aug,167,2,-1,0,unknown,no,2025-12-25 10:00:00
30,blue-collar,married,primary,no,-5,yes,no,cellular,18,may,518,2,-1,0,unknown,no,2025-12-25 11:00:00
43,technician,married,secondary,no,78,yes,no,unknown,15,may,80,1,-1,0,unknown,no,2025-12-25 12:00:00
50,housemaid,single,primary,no,1158,yes,no,cellular,3,feb,116,3,265,3,failure,no,2025-12-25 13:00:00
59,management,single,tertiary,no,911,no,yes,unknown,5,jun,172,2,-1,0,unknown,no,2025-12-25 14:00:00
40,blue-collar,married,secondary,no,59,yes,no,unknown,13,may,420,1,-1,0,unknown,no,2025-12-25 15:00:00
44,housemaid,married,secondary,no,122,no,no,cellular,28,jan,68,2,-1,0,unknown,no,2025-12-25 16:00:00
32,self-employed,married,secondary,no,514,yes,no,cellular,11,jul,812,1,-1,0,unknown,yes,2025-12-25 17:00:00
33,admin.,single,secondary,no,13,yes,no,cellular,29,jan,111,1,247,2,failure,no,2025-12-25 18:00:00
31,blue-collar,married,secondary,no,286,yes,yes,unknown,12,may,260,2,-1,0,unknown,no,2025-12-25 19:00:00
40,services,married,secondary,no,1438,yes,no,cellular,6,may,207,1,351,2,failure,no,2025-12-25 20:00:00
39,technician,married,secondary,no,22,no,no,cellular,21,aug,76,2,-1,0,unknown,no,2025-12-25 21:00:00
25,technician,single,secondary,no,1298,no,no,cellular,2,sep,206,7,94,2,other,no,2025-12-25 22:00:00
57,admin.,married,primary,no,1119,no,no,cellular,30,apr,176,2,-1,0,unknown,no,2025-12-25 23:00:00
47,services,married,secondary,no,1764,no,yes,cellular,26,aug,119,6,-1,0,unknown,no,2025-12-26 00:00:00
56,management,married,primary,no,-24,yes,no,unknown,7,may,305,3,-1,0,unknown,no,2025-12-26 01:00:00
30,technician,single,tertiary,no,196,no,no,cellular,21,aug,210,2,-1,0,unknown,no,2025-12-26 02:00:00
40,management,married,tertiary,no,285,yes,no,cellular,6,apr,322,1,265,3,success,no,2025-12-26 03:00:00
48,blue-collar,married,primary,no,551,yes,yes,cellular,17,apr,1064,3,303,5,failure,no,2025-12-26 04:00:00
32,technician,married,secondary,no,0,no,no,cellular,6,aug,254,2,-1,0,unknown,no,2025-12-26 05:00:00
40,management,single,tertiary,no,1361,no,no,cellular,29,jan,1473,1,-1,0,unknown,yes,2025-12-26 06:00:00
38,admin.,divorced,secondary,no,0,no,no,unknown,5,jun,56,1,-1,0,unknown,no,2025-12-26 07:00:00
37,services,divorced,secondary,no,490,yes,no,cellular,2,feb,73,1,-1,0,unknown,no,2025-12-26 08:00:00
26,self-employed,married,secondary,yes,254,yes,yes,cellular,25,jul,335,1,-1,0,unknown,no,2025-12-26 09:00:00
46,unemployed,divorced,secondary,no,3354,yes,no,cellular,19,nov,522,1,174,1,success,yes,2025-12-26 10:00:00
60,blue-collar,married,primary,no,674,yes,no,unknown,20,may,273,4,-1,0,unknown,no,2025-12-26 11:00:00
36,admin.,married,secondary,no,1031,no,no,cellular,17,jun,282,4,-1,0,unknown,yes,2025-12-26 12:00:00
55,self-employed,married,secondary,no,39,no,no,unknown,17,jun,20,1,-1,0,unknown,no,2025-12-26 13:00:00
45,management,married,tertiary,no,0,no,no,cellular,22,aug,112,3,-1,0,unknown,no,2025-12-26 14:00:00
28,blue-collar,married,secondary,no,4287,no,no,cellular,30,apr,171,1,-1,0,unknown,no,2025-12-26 15:00:00
48,unemployed,married,primary,no,1849,yes,no,unknown,2,jun,345,3,-1,0,unknown,no,2025-12-26 16:00:00
54,blue-collar,divorced,primary,no,2227,yes,no,unknown,2,jun,45,3,-1,0,unknown,no,2025-12-26 17:00:00
53,entrepreneur,married,primary,no,694,yes,no,unknown,14,may,157,1,-1,0,unknown,no,2025-12-26 18:00:00
31,blue-collar,married,primary,no,3283,yes,no,unknown,29,may,100,5,-1,0,unknown,no,2025-12-26 19:00:00
51,management,divorced,tertiary,no,3926,yes,no,cellular,21,jul,208,2,-1,0,unknown,no,2025-12-26 20:00:00
59,services,divorced,secondary,no,136,no,yes,telephone,8,jul,176,1,-1,0,unknown,no,2025-12-26 21:00:00
46,blue-collar,married,primary,no,174,no,yes,cellular,15,jul,90,1,-1,0,unknown,no,2025-12-26 22:00:00
84,entrepreneur,married,secondary,no,0,no,no,telephone,30,sep,992,2,-1,0,unknown,yes,2025-12-26 23:00:00
44,management,married,tertiary,no,6945,no,no,cellular,14,aug,114,3,-1,0,unknown,no,2025-12-27 00:00:00
57,retired,divorced,secondary,no,1486,no,no,cellular,23,jul,64,3,-1,0,unknown,no,2025-12-27 01:00:00
54,unknown,married,tertiary,no,10,no,no,cellular,7,aug,150,2,-1,0,unknown,no,2025-12-27 02:00:00
30,entrepreneur,single,tertiary,no,734,yes,no,unknown,5,jun,113,3,-1,0,unknown,no,2025-12-27 03:00:00
33,management,married,tertiary,no,32,no,no,cellular,29,aug,27,7,-1,0,unknown,no,2025-12-27 04:00:00
31,management,married,tertiary,no,623,yes,no,cellular,13,may,96,2,349,5,failure,no,2025-12-27 05:00:00
47,housemaid,married,secondary,yes,-1531,yes,no,cellular,31,jul,156,8,-1,0,unknown,no,2025-12-27 06:00:00
59,retired,married,primary,no,1427,no,no,unknown,18,jun,140,2,-1,0,unknown,no,2025-12-27 07:00:00
54,blue-collar,married,secondary,no,887,yes,no,unknown,19,may,133,1,-1,0,unknown,no,2025-12-27 08:00:00
33,management,single,tertiary,no,5437,no,no,cellular,7,oct,201,1,58,3,failure,yes,2025-12-27 09:00:00
41,management,single,tertiary,no,1373,no,no,cellular,30,jul,81,2,-1,0,unknown,no,2025-12-27 10:00:00
35,blue-collar,married,secondary,no,325,no,no,unknown,12,may,592,2,-1,0,unknown,no,2025-12-27 11:00:00
49,admin.,married,secondary,no,0,no,no,cellular,30,apr,551,1,-1,0,unknown,yes,2025-12-27 12:00:00
29,technician,single,secondary,no,247,yes,no,unknown,8,may,134,1,-1,0,unknown,no,2025-12-27 13:00:00
35,blue-collar,married,secondary,no,233,yes,no,cellular,13,may,66,1,176,1,failure,no,2025-12-27 14:00:00
38,blue-collar,single,secondary,no,3054,no,no,unknown,20,jun,24,11,-1,0,unknown,no,2025-12-27 15:00:00
63,retired,married,secondary,no,3579,no,no,telephone,11,nov,93,2,-1,0,unknown,no,2025-12-27 16:00:00
39,admin.,married,secondary,no,20,yes,no,unknown,7,may,124,2,-1,0,unknown,no,2025-12-27 17:00:00
32,admin.,single,secondary,no,725,yes,no,unknown,3,jun,303,1,-1,0,unknown,no,2025-12-27 18:00:00
39,technician,single,secondary,no,1104,no,no,cellular,20,nov,333,2,105,2,success,no,2025-12-27 19:00:00
33,management,married,tertiary,no,1195,yes,no,telephone,13,may,355,4,-1,0,unknown,no,2025-12-27 20:00:00
28,blue-collar,single,secondary,no,2528,yes,no,cellular,18,may,190,8,-1,0,unknown,no,2025-12-27 21:00:00
26,technician,married,tertiary,no,2026,no,no,cellular,22,may,43,1,-1,0,unknown,no,2025-12-27 22:00:00
55,management,married,tertiary,no,568,no,no,cellular,12,aug,940,10,-1,0,unknown,yes,2025-12-27 23:00:00
33,blue-collar,single,secondary,no,687,yes,no,unknown,9,may,174,1,-1,0,unknown,no,2025-12-28 00:00:00
44,technician,single,secondary,no,1679,no,no,telephone,20,oct,718,1,-1,0,unknown,yes,2025-12-28 01:00:00
40,technician,single,tertiary,no,825,yes,no,cellular,20,apr,38,1,335,1,other,no,2025-12-28 02:00:00
35,management,single,tertiary,no,1228,no,no,cellular,9,nov,696,2,88,12,failure,yes,2025-12-28 03:00:00
28,blue-collar,single,tertiary,no,1984,yes,no,cellular,4,may,32,2,14,1,failure,no,2025-12-28 04:00:00
36,technician,married,secondary,no,-8,yes,no,unknown,26,may,180,2,-1,0,unknown,no,2025-12-28 05:00:00
42,services,single,tertiary,no,94,yes,no,cellular,10,feb,151,1,183,6,success,no,2025-12-28 06:00:00
41,technician,single,secondary,no,32,yes,no,cellular,7,may,162,1,-1,0,unknown,no,2025-12-28 07:00:00
38,blue-collar,married,primary,no,83,yes,no,unknown,7,may,140,2,-1,0,unknown,no,2025-12-28 08:00:00
33,services,single,secondary,no,170,no,no,cellular,7,jul,782,1,-1,0,unknown,yes,2025-12-28 09:00:00
52,blue-collar,married,primary,no,4660,no,no,cellular,18,aug,82,3,-1,0,unknown,no,2025-12-28 10:00:00
45,admin.,married,secondary,no,0,yes,no,cellular,8,jul,376,1,-1,0,unknown,no,2025-12-28 11:00:00
60,management,married,tertiary,no,73,no,no,telephone,8,aug,243,2,-1,0,unknown,yes,2025-12-28 12:00:00
75,retired,married,secondary,no,1470,no,no,telephone,27,feb,49,1,-1,0,unknown,no,2025-12-28 13:00:00
29,blue-collar,single,tertiary,no,11310,yes,no,cellular,30,jul,436,3,-1,0,unknown,no,2025-12-28 14:00:00
37,management,married,tertiary,yes,0,no,no,cellular,17,jul,91,2,-1,0,unknown,no,2025-12-28 15:00:00
33,services,single,secondary,no,-198,yes,no,cellular,15,may,256,1,359,3,success,no,2025-12-28 16:00:00
47,housemaid,married,secondary,no,0,no,no,cellular,20,aug,97,3,-1,0,unknown,no,2025-12-28 17:00:00
57,self-employed,married,tertiary,no,894,yes,no,cellular,18,nov,79,1,-1,0,unknown,no,2025-12-28 18:00:00
37,admin.,single,secondary,no,862,no,no,cellular,21,jul,152,2,-1,0,unknown,no,2025-12-28 19:00:00
27,technician,single,unknown,no,59,no,no,cellular,15,jul,792,4,-1,0,unknown,no,2025-12-28 20:00:00
28,admin.,married,secondary,no,423,yes,no,cellular,23,jul,245,1,-1,0,unknown,no,2025-12-28 21:00:00
32,blue-collar,single,secondary,no,1475,yes,no,cellular,21,nov,209,5,-1,0,unknown,no,2025-12-28 22:00:00
48,services,single,primary,no,848,yes,no,unknown,15,may,98,1,-1,0,unknown,no,2025-12-28 23:00:00
57,technician,married,secondary,no,3284,yes,no,unknown,26,may,63,1,-1,0,unknown,no,2025-12-29 00:00:00
29,admin.,married,tertiary,no,332,no,no,cellular,9,apr,179,1,-1,0,unknown,yes,2025-12-29 01:00:00
37,self-employed,married,secondary,no,8230,yes,no,cellular,17,nov,51,1,-1,0,unknown,no,2025-12-29 02:00:00
58,admin.,married,secondary,no,3496,yes,no,unknown,2,jun,111,4,-1,0,unknown,no,2025-12-29 03:00:00
55,blue-collar,married,primary,no,0,yes,yes,unknown,12,may,467,5,-1,0,unknown,no,2025-12-29 04:00:00
36,management,married,tertiary,no,530,no,no,unknown,20,jun,221,3,-1,0,unknown,no,2025-12-29 05:00:00
60,technician,divorced,tertiary,no,-317,yes,no,unknown,27,may,498,1,-1,0,unknown,no,2025-12-29 06:00:00
34,blue-collar,married,secondary,no,0,yes,no,unknown,12,may,111,2,-1,0,unknown,no,2025-12-29 07:00:00
35,blue-collar,single,secondary,no,68,yes,no,cellular,12,may,334,1,347,6,failure,no,2025-12-29 08:00:00
34,technician,married,secondary,no,357,yes,no,cellular,28,jul,25,20,-1,0,unknown,no,2025-12-29 09:00:00
30,management,single,secondary,no,2785,no,yes,cellular,17,nov,548,1,-1,0,unknown,no,2025-12-29 10:00:00
58,unknown,married,unknown,no,0,no,no,unknown,11,jun,464,2,-1,0,unknown,no,2025-12-29 11:00:00
53,technician,married,secondary,no,5797,yes,no,cellular,3,feb,267,4,-1,0,unknown,no,2025-12-29 12:00:00
49,management,married,tertiary,no,5795,yes,no,cellular,17,apr,75,1,-1,0,unknown,no,2025-12-29 13:00:00
41,services,divorced,secondary,no,83,no,no,unknown,20,may,834,6,-1,0,unknown,no,2025-12-29 14:00:00
26,blue-collar,single,secondary,no,381,yes,no,unknown,26,may,504,2,-1,0,unknown,no,2025-12-29 15:00:00
34,management,single,unknown,no,1534,yes,no,cellular,16,apr,156,1,147,7,other,no,2025-12-29 16:00:00
39,blue-collar,married,secondary,no,334,yes,no,telephone,24,jul,575,4,-1,0,unknown,no,2025-12-29 17:00:00
29,blue-collar,married,secondary,no,-478,no,yes,cellular,8,jul,528,2,-1,0,unknown,no,2025-12-29 18:00:00
30,unemployed,married,secondary,no,1566,no,no,cellular,19,nov,73,1,-1,0,unknown,no,2025-12-29 19:00:00
56,self-employed,married,tertiary,no,871,yes,no,unknown,14,may,381,1,-1,0,unknown,no,2025-12-29 20:00:00
52,admin.,married,secondary,no,692,yes,no,cellular,12,aug,129,9,-1,0,unknown,no,2025-12-29 21:00:00
40,admin.,married,secondary,no,7711,yes,no,cellular,20,nov,190,5,135,1,failure,no,2025-12-29 22:00:00
45,management,married,secondary,no,1098,no,no,cellular,4,aug,75,1,-1,0,unknown,no,2025-12-29 23:00:00
37,blue-collar,married,secondary,no,16,yes,no,unknown,7,may,250,1,-1,0,unknown,no,2025-12-30 00:00:00
46,management,married,tertiary,no,5261,no,no,cellular,2,feb,215,1,-1,0,unknown,no,2025-12-30 01:00:00
59,self-employed,married,tertiary,no,1059,no,no,cellular,29,aug,103,2,-1,0,unknown,no,2025-12-30 02:00:00
48,technician,divorced,tertiary,no,113,no,yes,cellular,22,jul,38,1,-1,0,unknown,no,2025-12-30 03:00:00
31,admin.,single,primary,no,-263,yes,no,unknown,3,jun,208,1,-1,0,unknown,no,2025-12-30 04:00:00
36,technician,single,secondary,no,98,no,no,cellular,30,jan,771,1,-1,0,unknown,yes,2025-12-30 05:00:00
36,admin.,divorced,primary,no,1127,yes,no,cellular,17,apr,625,3,-1,0,unknown,no,2025-12-30 06:00:00
36,admin.,divorced,secondary,no,131,yes,no,unknown,6,may,153,1,-1,0,unknown,no,2025-12-30 07:00:00
36,blue-collar,married,secondary,no,1193,no,no,cellular,30,oct,640,1,-1,0,unknown,yes,2025-12-30 08:00:00
36,services,single,secondary,no,80,no,yes,cellular,17,jul,258,1,-1,0,unknown,no,2025-12-30 09:00:00
40,management,married,tertiary,no,-83,yes,yes,cellular,11,jul,131,2,-1,0,unknown,no,2025-12-30 10:00:00
44,technician,married,secondary,no,-199,no,no,cellular,28,jan,692,2,247,3,failure,no,2025-12-30 11:00:00
59,technician,single,secondary,no,571,no,yes,unknown,2,aug,25,1,-1,0,unknown,no,2025-12-30 12:00:00
48,admin.,married,secondary,no,387,no,yes,telephone,20,nov,761,3,-1,0,unknown,no,2025-12-30 13:00:00
77,retired,married,primary,no,2590,no,no,telephone,15,feb,112,5,94,15,success,no,2025-12-30 14:00:00
51,entrepreneur,married,tertiary,no,-267,yes,no,cellular,9,jul,42,1,-1,0,unknown,no,2025-12-30 15:00:00
72,retired,married,secondary,no,6253,no,no,telephone,7,sep,456,1,-1,0,unknown,no,2025-12-30 16:00:00
50,management,single,secondary,no,431,no,no,telephone,4,jun,180,2,-1,0,unknown,no,2025-12-30 17:00:00
27,technician,married,secondary,no,241,no,yes,unknown,26,feb,889,1,-1,0,unknown,no,2025-12-30 18:00:00
30,admin.,married,secondary,no,15,yes,no,unknown,9,may,257,1,-1,0,unknown,no,2025-12-30 19:00:00
82,housemaid,divorced,primary,no,1381,no,no,cellular,28,jan,86,3,93,1,failure,no,2025-12-30 20:00:00
29,student,single,secondary,no,949,yes,no,cellular,15,may,109,2,352,1,success,no,2025-12-30 21:00:00
55,retired,divorced,tertiary,no,816,no,no,cellular,18,nov,113,3,-1,0,unknown,no,2025-12-30 22:00:00
40,management,married,tertiary,no,0,no,no,cellular,6,aug,131,2,98,6,success,yes,2025-12-30 23:00:00
41,technician,married,secondary,no,665,yes,no,unknown,15,may,74,1,-1,0,unknown,no,2025-12-31 00:00:00
35,blue-collar,married,secondary,no,884,yes,no,unknown,9,aug,6,1,-1,0,unknown,no,2025-12-31 01:00:00
31,blue-collar,divorced,primary,no,1,yes,no,cellular,8,may,36,5,336,9,failure,no,2025-12-31 02:00:00
44,admin.,married,secondary,no,469,yes,no,unknown,9,may,88,4,-1,0,unknown,no,2025-12-31 03:00:00
19,student,single,secondary,no,96,no,no,cellular,23,apr,106,3,-1,0,unknown,no,2025-12-31 04:00:00
36,technician,single,secondary,no,5436,yes,no,unknown,20,may,443,1,-1,0,unknown,no,2025-12-31 05:00:00
45,management,single,tertiary,no,871,no,no,cellular,17,jul,230,5,-1,0,unknown,no,2025-12-31 06:00:00
36,self-employed,single,secondary,no,1295,no,no,cellular,20,nov,1192,1,-1,0,unknown,yes,2025-12-31 07:00:00
44,services,married,tertiary,no,510,yes,no,unknown,5,may,421,4,-1,0,unknown,no,2025-12-31 08:00:00
46,technician,married,secondary,no,-337,yes,no,unknown,27,may,112,1,-1,0,unknown,no,2025-12-31 09:00:00
41,services,divorced,secondary,no,-376,yes,no,cellular,2,feb,421,3,238,9,other,no,2025-12-31 10:00:00
37,management,single,tertiary,no,808,no,no,cellular,5,may,29,4,349,1,failure,no,2025-12-31 11:00:00
51,blue-collar,divorced,primary,no,837,no,no,telephone,30,jul,41,2,-1,0,unknown,no,2025-12-31 12:00:00
30,management,single,tertiary,no,20261,yes,no,cellular,28,aug,81,10,-1,0,unknown,no,2025-12-31 13:00:00
27,blue-collar,single,secondary,no,148,no,no,cellular,22,jul,203,1,-1,0,unknown,no,2025-12-31 14:00:00
43,unemployed,single,primary,no,698,yes,no,unknown,14,may,322,1,-1,0,unknown,no,2025-12-31 15:00:00
30,management,married,tertiary,no,4874,yes,no,cellular,25,aug,134,10,-1,0,unknown,no,2025-12-31 16:00:00
29,management,married,tertiary,no,250,yes,no,cellular,31,mar,371,2,257,1,other,no,2025-12-31 17:00:00
44,services,married,primary,no,764,no,no,cellular,3,feb,224,1,-1,0,unknown,no,2025-12-31 18:00:00
45,retired,married,primary,no,25,no,yes,cellular,25,jul,115,3,-1,0,unknown,no,2025-12-31 19:00:00
39,technician,married,secondary,no,694,yes,no,cellular,23,jul,413,5,-1,0,unknown,no,2025-12-31 20:00:00
46,unknown,married,unknown,no,300,yes,no,unknown,16,may,323,3,-1,0,unknown,no,2025-12-31 21:00:00
33,management,single,tertiary,no,171,yes,no,cellular,17,jul,71,1,-1,0,unknown,no,2025-12-31 22:00:00
42,blue-collar,married,secondary,no,366,yes,no,cellular,5,feb,150,1,-1,0,unknown,no,2025-12-31 23:00:00
42,blue-collar,married,secondary,no,103,no,no,unknown,11,jun,95,2,-1,0,unknown,no,2026-01-01 00:00:00
46,blue-collar,married,secondary,no,425,yes,no,unknown,6,jun,168,3,-1,0,unknown,no,2026-01-01 01:00:00
51,admin.,married,secondary,no,-895,yes,no,cellular,20,apr,104,5,-1,0,unknown,no,2026-01-01 02:00:00
32,blue-collar,married,primary,no,3314,yes,no,cellular,21,nov,330,2,-1,0,unknown,no,2026-01-01 03:00:00
49,blue-collar,married,primary,no,0,yes,no,cellular,2,feb,210,1,-1,0,unknown,no,2026-01-01 04:00:00
53,retired,married,tertiary,no,-22,yes,no,cellular,31,jul,20,3,-1,0,unknown,no,2026-01-01 05:00:00
50,management,married,tertiary,no,4904,yes,no,unknown,15,may,438,2,-1,0,unknown,no,2026-01-01 06:00:00
52,technician,married,unknown,no,0,yes,no,cellular,17,nov,136,1,-1,0,unknown,no,2026-01-01 07:00:00
56,management,married,tertiary,no,-1493,no,yes,cellular,28,jul,119,4,-1,0,unknown,no,2026-01-01 08:00:00
30,management,married,tertiary,no,155,yes,no,cellular,1,jun,353,1,-1,0,unknown,no,2026-01-01 09:00:00
47,self-employed,married,tertiary,no,1917,no,no,unknown,20,jun,39,2,-1,0,unknown,no,2026-01-01 10:00:00
30,admin.,single,secondary,no,186,yes,no,cellular,13,may,390,1,-1,0,unknown,no,2026-01-01 11:00:00
50,management,divorced,tertiary,no,-5,yes,no,cellular,5,feb,1118,1,8,1,other,no,2026-01-01 12:00:00
31,blue-collar,married,primary,no,-464,yes,yes,unknown,12,may,256,4,-1,0,unknown,no,2026-01-01 13:00:00
35,services,married,secondary,no,372,yes,no,cellular,11,jul,230,1,-1,0,unknown,no,2026-01-01 14:00:00
34,blue-collar,married,primary,no,-20,yes,no,unknown,2,jun,920,2,-1,0,unknown,no,2026-01-01 15:00:00
28,technician,single,tertiary,no,0,yes,no,unknown,4,jun,205,6,-1,0,unknown,no,2026-01-01 16:00:00
63,retired,married,secondary,no,1495,no,no,cellular,25,oct,389,1,195,4,other,yes,2026-01-01 17:00:00
42,admin.,single,secondary,no,61,yes,no,unknown,23,may,65,1,-1,0,unknown,no,2026-01-01 18:00:00
35,technician,married,secondary,no,128,no,yes,cellular,29,jan,456,1,205,2,other,no,2026-01-01 19:00:00
44,blue-collar,married,secondary,no,788,yes,no,cellular,17,apr,392,1,-1,0,unknown,no,2026-01-01 20:00:00
48,services,married,secondary,no,400,yes,yes,cellular,13,aug,158,1,-1,0,unknown,no,2026-01-01 21:00:00
41,blue-collar,married,primary,no,-692,yes,no,cellular,8,jul,125,2,-1,0,unknown,no,2026-01-01 22:00:00
27,technician,single,secondary,no,769,yes,no,unknown,9,may,317,2,-1,0,unknown,no,2026-01-01 23:00:00
22,student,single,secondary,no,364,yes,no,unknown,15,may,282,1,-1,0,unknown,no,2026-01-02 00:00:00
49,entrepreneur,married,primary,no,6188,no,no,cellular,18,nov,453,1,-1,0,unknown,yes,2026-01-02 01:00:00
58,unemployed,single,primary,no,278,no,no,unknown,16,jun,1009,5,-1,0,unknown,no,2026-01-02 02:00:00
22,student,single,secondary,no,107,no,no,cellular,14,apr,125,1,-1,0,unknown,yes,2026-01-02 03:00:00
50,management,divorced,tertiary,no,1270,yes,no,cellular,4,may,24,3,-1,0,unknown,no,2026-01-02 04:00:00
49,retired,married,primary,no,18,no,no,unknown,30,jul,9,1,-1,0,unknown,no,2026-01-02 05:00:00
53,services,divorced,secondary,no,0,no,no,cellular,12,mar,80,2,-1,0,unknown,yes,2026-01-02 06:00:00
69,retired,married,unknown,no,647,no,no,telephone,27,mar,199,1,-1,0,unknown,no,2026-01-02 07:00:00
76,retired,married,secondary,no,2302,no,no,telephone,10,nov,345,2,-1,0,unknown,no,2026-01-02 08:00:00
54,blue-collar,married,secondary,no,1777,yes,no,cellular,18,may,13,5,178,6,success,no,2026-01-02 09:00:00
40,services,divorced,secondary,no,687,yes,no,cellular,2,feb,531,1,208,1,success,yes,2026-01-02 10:00:00
36,housemaid,married,tertiary,no,147,yes,yes,cellular,25,jul,1269,1,-1,0,unknown,no,2026-01-02 11:00:00
36,management,single,tertiary,no,-74,yes,yes,cellular,8,jul,476,2,-1,0,unknown,no,2026-01-02 12:00:00
31,self-employed,married,secondary,no,0,yes,no,cellular,20,nov,23,1,-1,0,unknown,no,2026-01-02 13:00:00
57,unemployed,married,secondary,no,4588,no,no,cellular,5,feb,485,3,-1,0,unknown,no,2026-01-02 14:00:00
50,admin.,married,secondary,no,311,yes,yes,unknown,18,jun,417,3,-1,0,unknown,no,2026-01-02 15:00:00
42,blue-collar,married,unknown,no,149,yes,no,telephone,23,jul,329,3,-1,0,unknown,no,2026-01-02 16:00:00
52,management,married,tertiary,no,163,no,no,cellular,28,aug,638,6,-1,0,unknown,no,2026-01-02 17:00:00
30,management,single,tertiary,no,55,no,no,cellular,21,aug,132,1,-1,0,unknown,no,2026-01-02 18:00:00
29,admin.,single,tertiary,no,422,yes,no,cellular,7,may,103,1,363,1,failure,no,2026-01-02 19:00:00
33,management,single,secondary,no,-85,yes,no,cellular,18,jul,96,1,-1,0,unknown,no,2026-01-02 20:00:00
37,technician,married,secondary,no,5287,yes,yes,cellular,11,aug,209,2,-1,0,unknown,no,2026-01-02 21:00:00
32,blue-collar,single,secondary,no,338,yes,no,unknown,13,may,73,3,-1,0,unknown,no,2026-01-02 22:00:00
39,management,single,tertiary,no,5073,yes,no,cellular,12,may,1182,1,286,4,failure,yes,2026-01-02 23:00:00
27,services,single,secondary,no,331,yes,no,unknown,13,may,203,2,-1,0,unknown,no,2026-01-03 00:00:00
28,student,single,secondary,no,69,no,no,cellular,30,jan,532,2,-1,0,unknown,yes,2026-01-03 01:00:00
31,admin.,single,secondary,no,78,no,no,unknown,20,may,572,1,-1,0,unknown,no,2026-01-03 02:00:00
44,technician,divorced,secondary,no,0,yes,no,cellular,7,jul,835,4,-1,0,unknown,no,2026-01-03 03:00:00
40,management,married,secondary,no,752,no,yes,unknown,17,jun,717,1,-1,0,unknown,no,2026-01-03 04:00:00
27,services,single,secondary,no,814,yes,no,cellular,7,may,62,2,-1,0,unknown,no,2026-01-03 05:00:00
47,blue-collar,married,primary,no,0,yes,no,unknown,15,may,30,1,-1,0,unknown,no,2026-01-03 06:00:00
36,management,divorced,tertiary,no,3611,yes,no,unknown,4,jun,347,3,-1,0,unknown,no,2026-01-03 07:00:00
46,technician,divorced,secondary,no,256,no,no,cellular,11,aug,105,2,-1,0,unknown,no,2026-01-03 08:00:00
27,blue-collar,single,secondary,no,-247,no,yes,cellular,22,jul,264,1,-1,0,unknown,no,2026-01-03 09:00:00
33,blue-collar,single,primary,no,279,yes,no,unknown,15,may,113,1,-1,0,unknown,no,2026-01-03 10:00:00
41,blue-collar,married,primary,no,509,yes,no,unknown,30,jun,146,3,-1,0,unknown,no,2026-01-03 11:00:00
31,student,single,tertiary,no,4951,no,no,cellular,28,jun,150,3,-1,0,unknown,no,2026-01-03 12:00:00
69,technician,married,tertiary,no,482,no,no,cellular,4,nov,101,1,-1,0,unknown,no,2026-01-03 13:00:00
31,management,married,tertiary,no,91,no,no,unknown,27,may,145,2,-1,0,unknown,no,2026-01-03 14:00:00
26,services,single,secondary,no,-90,no,yes,cellular,8,jul,240,1,-1,0,unknown,no,2026-01-03 15:00:00
34,management,single,tertiary,no,0,yes,yes,cellular,26,may,197,2,98,1,other,no,2026-01-03 16:00:00
30,management,married,tertiary,no,101,yes,no,cellular,17,nov,348,1,123,1,failure,no,2026-01-03 17:00:00
44,technician,divorced,secondary,no,0,yes,yes,cellular,14,aug,388,2,-1,0,unknown,no,2026-01-03 18:00:00
49,blue-collar,married,unknown,no,403,yes,no,unknown,5,may,241,2,-1,0,unknown,no,2026-01-03 19:00:00
39,management,single,tertiary,no,375,yes,no,unknown,8,may,66,2,-1,0,unknown,no,2026-01-03 20:00:00
40,admin.,married,secondary,no,0,yes,yes,cellular,9,jul,145,1,-1,0,unknown,no,2026-01-03 21:00:00
48,admin.,married,secondary,no,2235,yes,yes,unknown,15,may,755,2,-1,0,unknown,no,2026-01-03 22:00:00
58,retired,divorced,secondary,no,19,no,no,cellular,29,jul,271,2,-1,0,unknown,no,2026-01-03 23:00:00
30,unemployed,single,secondary,no,2424,no,no,cellular,15,feb,337,1,95,2,success,yes,2026-01-04 00:00:00
52,unknown,married,unknown,no,1317,no,no,unknown,12,jun,58,1,-1,0,unknown,no,2026-01-04 01:00:00
46,technician,married,secondary,no,1,no,yes,cellular,20,nov,200,1,-1,0,unknown,no,2026-01-04 02:00:00
39,admin.,single,secondary,no,0,no,yes,unknown,19,jun,142,1,-1,0,unknown,no,2026-01-04 03:00:00
33,blue-collar,married,primary,no,0,yes,no,cellular,20,nov,173,1,-1,0,unknown,no,2026-01-04 04:00:00
33,blue-collar,married,secondary,no,2254,yes,no,cellular,17,apr,130,1,148,1,failure,no,2026-01-04 05:00:00
30,services,married,secondary,no,-108,yes,no,unknown,23,may,216,1,-1,0,unknown,no,2026-01-04 06:00:00
29,technician,married,secondary,no,95,no,yes,cellular,3,feb,172,3,-1,0,unknown,yes,2026-01-04 07:00:00
33,admin.,married,secondary,no,353,yes,no,cellular,19,nov,107,2,-1,0,unknown,no,2026-01-04 08:00:00
35,management,married,tertiary,no,0,yes,no,cellular,20,nov,197,4,30,1,failure,no,2026-01-04 09:00:00
45,self-employed,married,tertiary,no,125,no,no,cellular,29,jan,304,2,-1,0,unknown,no,2026-01-04 10:00:00
57,self-employed,single,secondary,no,3277,no,no,unknown,5,jun,127,4,-1,0,unknown,no,2026-01-04 11:00:00
54,management,married,tertiary,no,1258,no,no,cellular,28,aug,153,14,-1,0,unknown,no,2026-01-04 12:00:00
32,technician,single,secondary,no,39,no,no,cellular,26,aug,175,11,-1,0,unknown,no,2026-01-04 13:00:00
59,management,married,tertiary,no,3998,yes,no,cellular,16,jul,60,1,-1,0,unknown,no,2026-01-04 14:00:00
43,unemployed,married,primary,no,9,yes,yes,cellular,6,may,472,1,-1,0,unknown,no,2026-01-04 15:00:00
39,management,married,tertiary,no,297,yes,no,cellular,13,may,734,2,-1,0,unknown,yes,2026-01-04 16:00:00
46,management,married,tertiary,no,0,yes,no,cellular,17,dec,155,1,199,2,failure,no,2026-01-04 17:00:00
38,unemployed,married,secondary,no,5177,no,no,cellular,8,aug,102,2,-1,0,unknown,no,2026-01-04 18:00:00
44,management,married,tertiary,no,332,yes,no,cellular,23,jul,497,5,-1,0,unknown,no,2026-01-04 19:00:00
45,management,divorced,tertiary,no,2096,no,no,cellular,13,aug,317,2,-1,0,unknown,no,2026-01-04 20:00:00
36,management,married,tertiary,no,909,yes,yes,cellular,25,jul,250,3,-1,0,unknown,no,2026-01-04 21:00:00
29,blue-collar,married,secondary,no,321,yes,yes,cellular,2,feb,102,2,-1,0,unknown,no,2026-01-04 22:00:00
32,management,married,tertiary,no,62,yes,no,telephone,13,nov,45,1,-1,0,unknown,no,2026-01-04 23:00:00
27,services,single,secondary,no,5850,yes,no,cellular,31,jul,164,3,-1,0,unknown,no,2026-01-05 00:00:00
34,services,married,secondary,no,-16,yes,yes,unknown,5,may,78,1,-1,0,unknown,no,2026-01-05 01:00:00
57,technician,married,secondary,no,16063,yes,no,unknown,30,may,352,3,-1,0,unknown,no,2026-01-05 02:00:00
35,admin.,married,secondary,no,3187,yes,no,cellular,3,apr,445,1,135,3,failure,no,2026-01-05 03:00:00
43,self-employed,married,tertiary,no,64,no,no,unknown,6,jun,230,2,-1,0,unknown,no,2026-01-05 04:00:00
32,services,married,secondary,no,-538,no,yes,cellular,15,may,233,1,353,1,failure,no,2026-01-05 05:00:00
59,management,divorced,primary,no,133,yes,no,cellular,9,jul,206,1,-1,0,unknown,no,2026-01-05 06:00:00
31,admin.,married,secondary,no,0,yes,no,cellular,21,jul,366,3,-1,0,unknown,no,2026-01-05 07:00:00
43,management,married,tertiary,no,254,yes,yes,cellular,15,jul,104,3,-1,0,unknown,no,2026-01-05 08:00:00
38,admin.,single,secondary,no,3239,no,no,unknown,5,jun,817,2,-1,0,unknown,yes,2026-01-05 09:00:00
33,technician,married,secondary,no,804,no,yes,telephone,18,aug,212,2,-1,0,unknown,no,2026-01-05 10:00:00
35,self-employed,married,secondary,no,573,yes,yes,cellular,22,aug,140,8,-1,0,unknown,no,2026-01-05 11:00:00
58,entrepreneur,married,unknown,no,2445,no,no,unknown,19,jun,1403,3,-1,0,unknown,no,2026-01-05 12:00:00
76,retired,married,unknown,no,8919,no,no,cellular,28,jan,231,1,-1,0,unknown,no,2026-01-05 13:00:00
44,management,married,tertiary,no,3091,yes,no,unknown,17,jun,331,4,-1,0,unknown,no,2026-01-05 14:00:00
59,retired,married,primary,no,1085,no,no,unknown,16,jun,191,1,-1,0,unknown,no,2026-01-05 15:00:00
43,technician,divorced,secondary,no,1532,no,no,cellular,11,aug,61,2,-1,0,unknown,no,2026-01-05 16:00:00
46,blue-collar,married,primary,no,0,no,no,cellular,24,jul,92,1,-1,0,unknown,no,2026-01-05 17:00:00
46,housemaid,married,secondary,no,271,yes,no,cellular,30,jul,1013,29,-1,0,unknown,yes,2026-01-05 18:00:00
51,unemployed,married,secondary,no,425,yes,no,unknown,14,may,286,14,-1,0,unknown,no,2026-01-05 19:00:00
33,management,married,tertiary,no,1148,no,no,cellular,19,nov,299,1,-1,0,unknown,no,2026-01-05 20:00:00
86,retired,divorced,primary,no,0,no,no,telephone,26,aug,189,1,-1,0,unknown,yes,2026-01-05 21:00:00
26,blue-collar,married,secondary,no,288,yes,no,unknown,12,may,49,2,-1,0,unknown,no,2026-01-05 22:00:00
51,management,divorced,tertiary,no,986,no,no,unknown,30,may,143,2,-1,0,unknown,no,2026-01-05 23:00:00
51,blue-collar,married,secondary,no,0,no,yes,unknown,3,jul,109,1,-1,0,unknown,no,2026-01-06 00:00:00
31,technician,single,secondary,no,137,no,no,cellular,27,aug,27,14,-1,0,unknown,no,2026-01-06 01:00:00
45,admin.,married,secondary,no,-261,yes,no,unknown,29,may,144,1,-1,0,unknown,no,2026-01-06 02:00:00
50,management,married,tertiary,no,1597,no,no,cellular,19,nov,374,2,-1,0,unknown,no,2026-01-06 03:00:00
42,admin.,married,secondary,no,208,yes,no,unknown,27,may,75,2,-1,0,unknown,no,2026-01-06 04:00:00
57,management,married,secondary,no,0,no,no,cellular,28,jan,132,1,-1,0,unknown,no,2026-01-06 05:00:00
42,blue-collar,married,secondary,no,0,yes,no,cellular,24,jul,149,2,-1,0,unknown,no,2026-01-06 06:00:00
60,housemaid,married,primary,no,182,no,no,cellular,9,aug,182,2,95,11,failure,no,2026-01-06 07:00:00
34,technician,married,tertiary,no,3160,yes,no,cellular,13,aug,726,1,-1,0,unknown,no,2026-01-06 08:00:00
29,services,married,secondary,no,340,yes,yes,unknown,26,may,297,1,-1,0,unknown,no,2026-01-06 09:00:00
30,blue-collar,married,primary,no,1023,yes,no,unknown,21,may,168,3,-1,0,unknown,no,2026-01-06 10:00:00
39,blue-collar,single,primary,no,1522,no,no,unknown,17,jun,164,4,-1,0,unknown,no,2026-01-06 11:00:00
43,management,divorced,tertiary,no,-496,yes,yes,cellular,22,jul,420,3,-1,0,unknown,no,2026-01-06 12:00:00
29,services,married,secondary,no,1057,yes,no,unknown,27,may,179,1,-1,0,unknown,no,2026-01-06 13:00:00
30,blue-collar,single,unknown,no,194,yes,no,unknown,16,may,410,1,-1,0,unknown,no,2026-01-06 14:00:00
33,blue-collar,single,primary,no,60,yes,no,cellular,14,may,74,1,290,2,failure,no,2026-01-06 15:00:00
24,student,single,secondary,no,493,yes,no,cellular,13,may,85,4,358,1,other,no,2026-01-06 16:00:00
27,admin.,single,tertiary,no,4738,no,no,cellular,13,jul,752,1,-1,0,unknown,no,2026-01-06 17:00:00
57,blue-collar,divorced,primary,no,1299,no,no,cellular,27,nov,142,2,-1,0,unknown,no,2026-01-06 18:00:00
40,technician,married,unknown,no,698,yes,no,unknown,8,may,223,2,-1,0,unknown,no,2026-01-06 19:00:00
42,blue-collar,married,primary,no,704,yes,yes,telephone,31,jul,88,10,-1,0,unknown,no,2026-01-06 20:00:00
52,technician,married,secondary,no,1373,no,no,cellular,27,oct,157,1,-1,0,unknown,no,2026-01-06 21:00:00
67,retired,single,tertiary,no,3377,no,no,telephone,23,apr,77,2,-1,0,unknown,no,2026-01-06 22:00:00
55,blue-collar,single,secondary,no,923,no,no,cellular,31,jul,841,4,-1,0,unknown,no,2026-01-06 23:00:00
55,management,married,tertiary,no,505,yes,yes,unknown,29,may,135,2,-1,0,unknown,no,2026-01-07 00:00:00
32,management,married,tertiary,no,477,yes,no,telephone,18,may,87,6,178,5,failure,no,2026-01-07 01:00:00
48,services,divorced,primary,no,-110,no,yes,unknown,19,jun,164,2,-1,0,unknown,no,2026-01-07 02:00:00
34,management,married,tertiary,no,105,yes,no,unknown,6,may,314,3,-1,0,unknown,no,2026-01-07 03:00:00
27,student,single,secondary,no,760,no,no,cellular,28,jan,177,2,-1,0,unknown,no,2026-01-07 04:00:00
31,technician,single,tertiary,no,2530,yes,no,cellular,16,apr,60,1,342,1,failure,no,2026-01-07 05:00:00
48,housemaid,married,tertiary,no,468,yes,no,unknown,14,may,220,1,-1,0,unknown,no,2026-01-07 06:00:00
29,self-employed,married,secondary,no,542,no,no,unknown,28,may,104,3,-1,0,unknown,no,2026-01-07 07:00:00
34,admin.,divorced,secondary,no,0,no,no,cellular,10,jul,268,1,-1,0,unknown,no,2026-01-07 08:00:00
37,technician,married,secondary,no,523,yes,no,cellular,8,apr,171,2,139,4,failure,no,2026-01-07 09:00:00
38,management,divorced,secondary,no,257,yes,no,cellular,30,apr,435,1,-1,0,unknown,yes,2026-01-07 10:00:00
56,entrepreneur,married,tertiary,no,40,no,yes,cellular,11,jul,123,2,-1,0,unknown,no,2026-01-07 11:00:00
31,unemployed,married,secondary,no,20,no,no,cellular,28,jan,304,1,71,1,failure,no,2026-01-07 12:00:00
33,management,married,tertiary,no,1388,yes,no,cellular,31,may,158,1,202,3,failure,no,2026-01-07 13:00:00
30,blue-collar,married,primary,no,99,yes,no,telephone,14,may,93,1,-1,0,unknown,no,2026-01-07 14:00:00
40,admin.,single,primary,no,1970,no,no,cellular,8,may,579,1,-1,0,unknown,no,2026-01-07 15:00:00
33,management,divorced,tertiary,no,-255,yes,yes,cellular,11,may,82,9,306,1,other,no,2026-01-07 16:00:00
43,technician,divorced,secondary,no,1648,no,no,cellular,17,nov,80,1,-1,0,unknown,no,2026-01-07 17:00:00
36,housemaid,married,secondary,no,2880,no,no,unknown,12,jun,283,1,-1,0,unknown,no,2026-01-07 18:00:00
28,services,single,secondary,no,-116,no,yes,cellular,4,jul,276,1,-1,0,unknown,no,2026-01-07 19:00:00
46,management,divorced,tertiary,no,25,no,no,unknown,17,jun,564,2,-1,0,unknown,no,2026-01-07 20:00:00
66,retired,married,primary,no,12767,no,no,telephone,4,aug,117,2,-1,0,unknown,no,2026-01-07 21:00:00
48,retired,married,primary,yes,-285,no,yes,cellular,19,nov,157,1,-1,0,unknown,no,2026-01-07 22:00:00
37,blue-collar,married,primary,no,1779,yes,no,unknown,20,jun,34,3,-1,0,unknown,no,2026-01-07 23:00:00
31,technician,married,secondary,no,3322,yes,no,cellular,14,aug,421,2,-1,0,unknown,no,2026-01-08 00:00:00
46,blue-collar,married,primary,no,588,yes,no,cellular,20,apr,249,3,237,4,failure,no,2026-01-08 01:00:00
32,blue-collar,married,secondary,no,0,yes,no,cellular,19,nov,188,2,-1,0,unknown,no,2026-01-08 02:00:00
35,management,married,tertiary,no,22569,yes,no,cellular,21,nov,72,4,-1,0,unknown,no,2026-01-08 03:00:00
38,services,married,secondary,no,-224,yes,yes,unknown,21,may,222,1,-1,0,unknown,no,2026-01-08 04:00:00
30,technician,single,secondary,no,359,yes,no,cellular,7,may,362,1,303,1,failure,no,2026-01-08 05:00:00
44,self-employed,married,tertiary,no,4411,yes,no,cellular,19,nov,85,1,-1,0,unknown,no,2026-01-08 06:00:00
46,blue-collar,married,primary,no,642,no,no,unknown,12,jun,110,4,-1,0,unknown,no,2026-01-08 07:00:00
37,technician,married,secondary,no,54,yes,yes,cellular,22,jul,106,2,-1,0,unknown,no,2026-01-08 08:00:00
44,management,married,tertiary,no,1764,no,no,cellular,18,aug,70,2,-1,0,unknown,no,2026-01-08 09:00:00
45,blue-collar,married,secondary,no,2,no,no,cellular,26,aug,105,10,-1,0,unknown,no,2026-01-08 10:00:00
43,blue-collar,married,secondary,no,960,yes,no,unknown,15,may,436,1,-1,0,unknown,no,2026-01-08 11:00:00
33,self-employed,divorced,secondary,no,892,yes,no,unknown,21,may,316,1,-1,0,unknown,no,2026-01-08 12:00:00
23,student,single,secondary,no,165,yes,no,cellular,2,apr,148,1,-1,0,unknown,no,2026-01-08 13:00:00
23,blue-collar,single,secondary,no,668,yes,no,cellular,18,may,857,3,-1,0,unknown,no,2026-01-08 14:00:00
46,services,divorced,secondary,no,2044,no,yes,unknown,16,jun,75,3,-1,0,unknown,no,2026-01-08 15:00:00
46,blue-collar,married,secondary,no,-3,yes,no,unknown,9,may,92,2,-1,0,unknown,no,2026-01-08 16:00:00
23,services,single,unknown,no,15,yes,no,cellular,15,may,76,2,364,2,other,no,2026-01-08 17:00:00
29,blue-collar,single,primary,no,105,yes,no,unknown,16,may,326,1,-1,0,unknown,no,2026-01-08 18:00:00
33,student,single,tertiary,no,2904,no,no,cellular,20,nov,42,1,-1,0,unknown,no,2026-01-08 19:00:00
37,management,married,tertiary,no,1276,no,no,cellular,16,nov,146,1,94,2,success,yes,2026-01-08 20:00:00
40,entrepreneur,married,primary,no,4674,no,no,unknown,5,jun,160,2,-1,0,unknown,no,2026-01-08 21:00:00
52,management,married,tertiary,no,502,no,no,unknown,17,jun,637,3,-1,0,unknown,no,2026-01-08 22:00:00
49,housemaid,married,primary,no,3376,no,no,unknown,9,jun,119,3,-1,0,unknown,no,2026-01-08 23:00:00
37,management,single,tertiary,no,600,yes,no,cellular,17,nov,116,2,196,1,failure,no,2026-01-09 00:00:00
53,management,divorced,tertiary,no,2245,no,no,cellular,24,mar,125,2,-1,0,unknown,no,2026-01-09 01:00:00
54,blue-collar,married,primary,no,10662,no,no,unknown,19,jun,256,1,-1,0,unknown,no,2026-01-09 02:00:00
48,management,married,tertiary,no,567,no,no,cellular,27,aug,20,34,-1,0,unknown,no,2026-01-09 03:00:00
40,blue-collar,married,primary,no,570,yes,no,unknown,12,may,109,3,-1,0,unknown,no,2026-01-09 04:00:00
33,technician,single,tertiary,no,989,yes,yes,unknown,13,may,232,3,-1,0,unknown,no,2026-01-09 05:00:00
43,blue-collar,married,primary,no,17,yes,no,unknown,13,may,119,10,-1,0,unknown,no,2026-01-09 06:00:00
32,admin.,divorced,secondary,no,2294,yes,no,cellular,5,feb,342,2,260,2,failure,no,2026-01-09 07:00:00
52,entrepreneur,married,tertiary,no,0,no,no,unknown,19,jun,163,3,-1,0,unknown,no,2026-01-09 08:00:00
56,management,married,tertiary,no,21664,no,no,unknown,17,jun,214,8,-1,0,unknown,no,2026-01-09 09:00:00
55,services,married,unknown,no,1210,yes,no,unknown,30,may,868,1,-1,0,unknown,no,2026-01-09 10:00:00
54,housemaid,married,secondary,no,167,yes,no,unknown,20,may,547,7,-1,0,unknown,no,2026-01-09 11:00:00
45,admin.,divorced,secondary,no,-121,yes,no,unknown,3,jun,197,5,-1,0,unknown,no,2026-01-09 12:00:00
46,admin.,married,secondary,no,126,no,no,unknown,18,jun,1255,1,-1,0,unknown,yes,2026-01-09 13:00:00
26,admin.,single,secondary,no,0,yes,no,cellular,8,may,339,1,66,3,other,no,2026-01-09 14:00:00
34,admin.,single,secondary,no,1504,yes,no,unknown,12,may,395,3,-1,0,unknown,no,2026-01-09 15:00:00
48,technician,married,secondary,no,93,no,no,cellular,24,jul,537,2,-1,0,unknown,no,2026-01-09 16:00:00
35,services,married,secondary,no,63,no,yes,cellular,10,jul,480,4,-1,0,unknown,no,2026-01-09 17:00:00
37,admin.,single,secondary,no,0,no,no,unknown,28,may,17,13,-1,0,unknown,no,2026-01-09 18:00:00
37,unemployed,married,unknown,no,4565,no,no,cellular,4,sep,369,1,-1,0,unknown,no,2026-01-09 19:00:00
45,management,divorced,secondary,no,644,yes,no,cellular,19,nov,418,1,168,1,success,yes,2026-01-09 20:00:00
28,blue-collar,married,primary,no,46,yes,no,unknown,27,may,205,3,-1,0,unknown,no,2026-01-09 21:00:00
33,blue-collar,single,secondary,no,56,yes,no,cellular,29,jan,290,4,-1,0,unknown,no,2026-01-09 22:00:00
40,admin.,married,secondary,no,2199,no,no,unknown,6,jun,38,3,-1,0,unknown,no,2026-01-09 23:00:00
69,housemaid,married,primary,no,1080,no,no,cellular,18,aug,197,2,118,2,failure,no,2026-01-10 00:00:00
33,blue-collar,single,secondary,no,-366,yes,no,unknown,28,may,81,4,-1,0,unknown,no,2026-01-10 01:00:00
50,management,married,tertiary,no,938,no,no,cellular,30,apr,780,1,-1,0,unknown,yes,2026-01-10 02:00:00
43,entrepreneur,married,tertiary,no,396,no,no,unknown,11,jun,105,3,-1,0,unknown,no,2026-01-10 03:00:00
59,services,married,primary,no,196,yes,no,telephone,20,apr,205,1,-1,0,unknown,no,2026-01-10 04:00:00
24,student,married,unknown,no,146,no,no,cellular,16,apr,176,1,-1,0,unknown,no,2026-01-10 05:00:00
52,blue-collar,married,primary,no,128,yes,no,unknown,5,may,229,1,-1,0,unknown,no,2026-01-10 06:00:00
34,blue-collar,married,secondary,no,649,yes,no,cellular,6,may,224,1,363,1,other,no,2026-01-10 07:00:00
42,blue-collar,married,secondary,no,171,yes,no,unknown,14,may,55,1,-1,0,unknown,no,2026-01-10 08:00:00
37,technician,married,tertiary,no,-86,yes,no,cellular,21,jul,91,4,-1,0,unknown,no,2026-01-10 09:00:00
40,housemaid,divorced,secondary,no,1194,yes,no,cellular,12,may,517,1,173,2,failure,no,2026-01-10 10:00:00
34,blue-collar,married,primary,no,0,no,no,unknown,3,jul,746,4,-1,0,unknown,no,2026-01-10 11:00:00
48,management,married,tertiary,no,1533,no,no,unknown,29,may,358,1,-1,0,unknown,no,2026-01-10 12:00:00
34,management,single,tertiary,no,1049,yes,no,cellular,11,jul,55,1,-1,0,unknown,no,2026-01-10 13:00:00
45,technician,married,tertiary,no,0,no,no,cellular,21,aug,103,2,-1,0,unknown,no,2026-01-10 14:00:00
44,blue-collar,married,primary,no,362,yes,no,cellular,15,may,180,1,-1,0,unknown,no,2026-01-10 15:00:00
44,management,divorced,tertiary,no,0,no,no,cellular,22,aug,54,2,-1,0,unknown,no,2026-01-10 16:00:00
47,admin.,married,unknown,no,989,no,no,unknown,19,jun,116,1,-1,0,unknown,no,2026-01-10 17:00:00
39,technician,single,tertiary,no,21,yes,no,unknown,23,may,58,1,-1,0,unknown,no,2026-01-10 18:00:00
45,entrepreneur,married,secondary,yes,624,no,yes,unknown,30,jun,50,1,-1,0,unknown,no,2026-01-10 19:00:00
42,blue-collar,married,primary,no,244,yes,no,cellular,16,apr,403,1,-1,0,unknown,no,2026-01-10 20:00:00
31,technician,married,tertiary,no,120,no,no,cellular,8,aug,1000,1,-1,0,unknown,yes,2026-01-10 21:00:00
32,unemployed,single,tertiary,no,507,no,no,cellular,3,feb,362,1,-1,0,unknown,no,2026-01-10 22:00:00
29,self-employed,married,tertiary,no,3931,yes,no,unknown,3,jun,73,4,-1,0,unknown,no,2026-01-10 23:00:00
57,management,divorced,tertiary,no,408,yes,no,cellular,13,may,402,2,351,1,failure,no,2026-01-11 00:00:00
37,blue-collar,married,secondary,no,2697,yes,no,cellular,20,apr,430,1,-1,0,unknown,no,2026-01-11 01:00:00
24,services,married,secondary,no,45,yes,yes,unknown,23,may,465,1,-1,0,unknown,no,2026-01-11 02:00:00
39,entrepreneur,married,tertiary,no,0,no,no,cellular,25,aug,422,10,-1,0,unknown,no,2026-01-11 03:00:00
52,management,married,tertiary,no,4675,no,no,cellular,12,feb,181,3,-1,0,unknown,yes,2026-01-11 04:00:00
58,blue-collar,married,primary,no,3109,no,no,cellular,29,jun,295,1,287,4,success,yes,2026-01-11 05:00:00
52,management,married,tertiary,no,601,yes,no,unknown,14,may,249,2,-1,0,unknown,no,2026-01-11 06:00:00
33,self-employed,married,tertiary,no,416,yes,yes,unknown,23,may,290,1,-1,0,unknown,no,2026-01-11 07:00:00
37,blue-collar,married,primary,no,-212,yes,no,cellular,15,may,189,3,352,1,other,no,2026-01-11 08:00:00
48,entrepreneur,single,secondary,no,315,no,no,unknown,11,feb,271,1,-1,0,unknown,yes,2026-01-11 09:00:00
29,blue-collar,single,secondary,no,322,no,no,unknown,14,jun,434,1,96,6,other,yes,2026-01-11 10:00:00
35,blue-collar,married,secondary,no,209,yes,yes,telephone,28,jul,66,2,-1,0,unknown,no,2026-01-11 11:00:00
39,technician,married,secondary,no,3050,yes,no,unknown,6,jun,236,7,-1,0,unknown,no,2026-01-11 12:00:00
41,technician,married,secondary,no,1278,no,no,unknown,19,jun,532,1,-1,0,unknown,no,2026-01-11 13:00:00
54,management,single,tertiary,no,1439,yes,no,unknown,15,may,809,3,-1,0,unknown,no,2026-01-11 14:00:00
36,blue-collar,married,secondary,no,136,yes,no,unknown,4,jun,38,2,-1,0,unknown,no,2026-01-11 15:00:00
49,blue-collar,married,secondary,no,553,no,no,cellular,12,aug,645,8,-1,0,unknown,yes,2026-01-11 16:00:00
40,management,married,tertiary,yes,-1036,yes,yes,unknown,23,jun,41,2,-1,0,unknown,no,2026-01-11 17:00:00
30,blue-collar,single,primary,no,17,yes,no,cellular,13,may,125,3,-1,0,unknown,no,2026-01-11 18:00:00
33,technician,married,secondary,no,74,no,no,cellular,29,aug,94,2,-1,0,unknown,no,2026-01-11 19:00:00
43,management,single,tertiary,no,47,yes,no,cellular,7,jul,316,5,-1,0,unknown,no,2026-01-11 20:00:00
49,services,married,secondary,no,494,no,no,unknown,17,jun,196,4,-1,0,unknown,no,2026-01-11 21:00:00
39,management,married,tertiary,no,613,no,no,cellular,26,may,211,2,391,2,success,no,2026-01-11 22:00:00
41,blue-collar,married,primary,no,200,no,yes,cellular,31,jul,309,2,-1,0,unknown,no,2026-01-11 23:00:00
35,blue-collar,single,unknown,no,217,yes,no,cellular,30,jul,107,11,-1,0,unknown,no,2026-01-12 00:00:00
31,management,married,tertiary,no,1224,yes,yes,cellular,24,jul,1441,2,-1,0,unknown,yes,2026-01-12 01:00:00
56,retired,single,primary,no,223,yes,no,unknown,7,may,97,1,-1,0,unknown,no,2026-01-12 02:00:00
43,management,married,tertiary,no,430,no,no,cellular,17,nov,44,2,-1,0,unknown,no,2026-01-12 03:00:00
29,blue-collar,married,secondary,no,975,yes,no,unknown,27,may,265,2,-1,0,unknown,no,2026-01-12 04:00:00
43,blue-collar,married,unknown,no,-633,yes,yes,unknown,13,may,277,1,-1,0,unknown,no,2026-01-12 05:00:00
61,retired,married,secondary,no,938,no,no,cellular,15,oct,212,2,92,5,success,no,2026-01-12 06:00:00
27,admin.,married,secondary,no,1293,yes,no,cellular,8,apr,1665,3,-1,0,unknown,yes,2026-01-12 07:00:00
39,management,married,tertiary,no,184,no,no,cellular,15,oct,206,1,168,5,unknown,no,2026-01-12 08:00:00
46,technician,single,tertiary,no,568,no,no,telephone,28,aug,51,4,-1,0,unknown,no,2026-01-12 09:00:00
31,self-employed,single,tertiary,no,253,yes,no,cellular,7,may,157,1,349,4,failure,no,2026-01-12 10:00:00
34,management,married,tertiary,no,912,yes,no,unknown,3,jun,372,1,-1,0,unknown,no,2026-01-12 11:00:00
35,management,single,tertiary,no,1635,no,no,cellular,18,aug,90,6,-1,0,unknown,no,2026-01-12 12:00:00
26,admin.,single,secondary,no,1375,yes,no,cellular,17,apr,238,2,-1,0,unknown,no,2026-01-12 13:00:00
34,management,single,tertiary,no,556,yes,no,cellular,20,apr,143,2,-1,0,unknown,no,2026-01-12 14:00:00
31,housemaid,married,primary,no,46,no,no,unknown,4,jul,126,4,-1,0,unknown,no,2026-01-12 15:00:00
36,blue-collar,married,secondary,no,82,yes,no,cellular,12,may,137,2,-1,0,unknown,no,2026-01-12 16:00:00
50,admin.,married,secondary,no,176,no,no,cellular,29,jul,155,2,-1,0,unknown,no,2026-01-12 17:00:00
43,blue-collar,married,unknown,no,117,yes,no,telephone,28,jan,170,2,240,1,other,no,2026-01-12 18:00:00
26,unemployed,married,primary,no,205,no,no,cellular,29,jan,239,1,-1,0,unknown,no,2026-01-12 19:00:00
38,services,married,secondary,no,773,yes,no,cellular,15,may,198,1,359,1,other,no,2026-01-12 20:00:00
34,management,married,tertiary,no,1047,no,no,cellular,3,jun,342,1,90,7,other,no,2026-01-12 21:00:00
32,self-employed,divorced,tertiary,no,745,yes,yes,cellular,31,jul,11,20,-1,0,unknown,no,2026-01-12 22:00:00
31,services,married,secondary,no,238,yes,yes,unknown,9,may,156,2,-1,0,unknown,no,2026-01-12 23:00:00
46,management,single,secondary,no,295,yes,no,unknown,23,may,141,6,-1,0,unknown,no,2026-01-13 00:00:00
43,management,single,tertiary,no,778,yes,no,cellular,25,aug,230,5,-1,0,unknown,no,2026-01-13 01:00:00
35,blue-collar,married,secondary,yes,-198,yes,no,unknown,9,may,72,2,-1,0,unknown,no,2026-01-13 02:00:00
31,technician,married,tertiary,no,81,yes,no,cellular,29,jan,189,1,-1,0,unknown,no,2026-01-13 03:00:00
32,blue-collar,single,secondary,no,4339,yes,yes,cellular,27,may,76,2,-1,0,unknown,no,2026-01-13 04:00:00
31,management,married,tertiary,no,1331,no,no,cellular,3,feb,182,2,90,1,success,yes,2026-01-13 05:00:00
32,technician,single,secondary,no,792,no,no,cellular,29,aug,193,2,-1,0,unknown,no,2026-01-13 06:00:00
30,housemaid,single,tertiary,no,3362,no,no,cellular,12,aug,101,2,-1,0,unknown,no,2026-01-13 07:00:00
45,self-employed,married,secondary,no,1051,no,no,cellular,4,aug,96,1,-1,0,unknown,no,2026-01-13 08:00:00
34,services,married,secondary,no,4962,yes,yes,cellular,4,feb,83,1,-1,0,unknown,no,2026-01-13 09:00:00
57,unemployed,divorced,secondary,no,1088,no,no,cellular,29,jul,1697,1,-1,0,unknown,no,2026-01-13 10:00:00
50,management,married,tertiary,no,5108,yes,no,cellular,19,jun,140,2,-1,0,unknown,no,2026-01-13 11:00:00
52,blue-collar,married,primary,no,2488,no,no,cellular,13,aug,176,2,-1,0,unknown,no,2026-01-13 12:00:00
45,blue-collar,divorced,primary,no,6,yes,no,unknown,2,jun,159,6,-1,0,unknown,no,2026-01-13 13:00:00
40,technician,single,tertiary,no,39,no,no,cellular,5,aug,130,2,-1,0,unknown,no,2026-01-13 14:00:00
38,technician,married,secondary,no,201,yes,no,cellular,2,feb,43,1,-1,0,unknown,no,2026-01-13 15:00:00
29,entrepreneur,single,tertiary,no,430,no,yes,cellular,29,jan,624,2,-1,0,unknown,no,2026-01-13 16:00:00
48,admin.,married,secondary,no,719,yes,no,cellular,9,jul,205,1,-1,0,unknown,no,2026-01-13 17:00:00
57,retired,married,secondary,no,486,yes,no,unknown,5,may,180,2,-1,0,unknown,no,2026-01-13 18:00:00
26,blue-collar,married,secondary,no,647,yes,no,cellular,17,apr,357,2,331,1,other,no,2026-01-13 19:00:00
31,student,single,unknown,no,643,no,no,cellular,5,feb,82,4,-1,0,unknown,no,2026-01-13 20:00:00
32,management,single,tertiary,no,1,no,no,cellular,20,aug,108,5,-1,0,unknown,no,2026-01-13 21:00:00
50,unemployed,married,secondary,no,3478,yes,no,unknown,13,may,342,3,-1,0,unknown,no,2026-01-13 22:00:00
37,self-employed,divorced,secondary,no,231,no,no,unknown,6,jun,250,1,-1,0,unknown,no,2026-01-13 23:00:00
26,blue-collar,single,secondary,no,309,yes,no,unknown,13,may,210,1,-1,0,unknown,no,2026-01-14 00:00:00
46,technician,single,tertiary,no,2739,no,no,cellular,8,aug,117,4,-1,0,unknown,no,2026-01-14 01:00:00
25,services,single,secondary,no,192,yes,no,unknown,14,may,232,1,-1,0,unknown,no,2026-01-14 02:00:00
36,services,married,secondary,no,-27,yes,yes,cellular,7,jul,151,4,-1,0,unknown,no,2026-01-14 03:00:00
46,management,married,tertiary,no,197,no,no,cellular,20,nov,118,4,-1,0,unknown,no,2026-01-14 04:00:00
28,admin.,single,tertiary,no,373,yes,no,cellular,14,aug,78,1,79,4,other,no,2026-01-14 05:00:00
26,services,married,secondary,no,-285,yes,yes,unknown,4,jun,279,1,-1,0,unknown,no,2026-01-14 06:00:00
40,technician,married,tertiary,no,2627,yes,no,cellular,3,sep,240,3,-1,0,unknown,no,2026-01-14 07:00:00
69,retired,married,unknown,no,426,no,no,telephone,9,mar,225,1,90,1,success,yes,2026-01-14 08:00:00
42,services,married,secondary,no,0,yes,no,cellular,9,jul,431,1,-1,0,unknown,no,2026-01-14 09:00:00
46,blue-collar,married,primary,no,1429,yes,no,unknown,14,may,91,1,-1,0,unknown,no,2026-01-14 10:00:00
32,blue-collar,married,secondary,no,-667,yes,no,cellular,18,may,152,7,349,1,other,no,2026-01-14 11:00:00
81,retired,married,primary,no,122,no,no,telephone,23,apr,201,1,-1,0,unknown,no,2026-01-14 12:00:00
28,technician,single,tertiary,no,415,no,no,unknown,1,jul,86,1,-1,0,unknown,no,2026-01-14 13:00:00
36,management,married,tertiary,no,-85,yes,no,unknown,12,jun,85,2,-1,0,unknown,no,2026-01-14 14:00:00
29,technician,divorced,secondary,no,-95,yes,no,cellular,2,feb,42,7,228,1,other,no,2026-01-14 15:00:00
42,blue-collar,married,primary,no,205,yes,no,cellular,17,apr,582,1,-1,0,unknown,no,2026-01-14 16:00:00
31,blue-collar,divorced,secondary,no,0,yes,yes,cellular,18,jul,913,4,-1,0,unknown,yes,2026-01-14 17:00:00
27,self-employed,married,tertiary,no,10005,yes,no,cellular,14,apr,163,3,271,2,failure,no,2026-01-14 18:00:00
36,entrepreneur,married,primary,no,3352,no,no,cellular,10,jul,503,1,-1,0,unknown,no,2026-01-14 19:00:00
27,management,single,tertiary,yes,0,no,yes,cellular,8,jul,46,1,-1,0,unknown,no,2026-01-14 20:00:00
36,admin.,single,secondary,no,1414,yes,no,cellular,16,apr,244,1,-1,0,unknown,no,2026-01-14 21:00:00
45,services,married,secondary,no,925,yes,no,cellular,5,feb,118,2,232,4,other,no,2026-01-14 22:00:00
40,admin.,divorced,secondary,no,6,no,no,unknown,11,jun,140,1,-1,0,unknown,no,2026-01-14 23:00:00
34,admin.,married,secondary,no,1651,no,no,cellular,4,feb,246,1,-1,0,unknown,no,2026-01-15 00:00:00
45,blue-collar,married,secondary,no,392,yes,no,cellular,21,nov,391,2,127,2,failure,no,2026-01-15 01:00:00
43,blue-collar,married,secondary,no,1559,yes,no,unknown,30,may,123,1,-1,0,unknown,no,2026-01-15 02:00:00
22,services,married,secondary,no,817,yes,no,cellular,18,may,128,3,-1,0,unknown,no,2026-01-15 03:00:00
41,self-employed,married,tertiary,no,355,yes,no,cellular,11,may,573,1,28,4,other,no,2026-01-15 04:00:00
30,services,married,secondary,no,7032,no,no,cellular,17,jul,102,1,-1,0,unknown,no,2026-01-15 05:00:00
30,management,single,tertiary,no,3473,no,no,cellular,12,mar,1209,2,-1,0,unknown,yes,2026-01-15 06:00:00
22,technician,single,secondary,no,0,yes,no,unknown,27,may,394,1,-1,0,unknown,no,2026-01-15 07:00:00
33,management,single,tertiary,no,289,yes,no,cellular,17,apr,388,1,-1,0,unknown,no,2026-01-15 08:00:00
60,housemaid,married,primary,no,182,no,no,cellular,6,may,141,1,10,10,failure,no,2026-01-15 09:00:00
34,technician,single,secondary,no,18777,yes,no,cellular,18,nov,535,1,-1,0,unknown,no,2026-01-15 10:00:00
52,management,married,tertiary,no,2920,yes,no,cellular,17,nov,131,2,-1,0,unknown,no,2026-01-15 11:00:00
30,services,married,secondary,no,1808,yes,no,cellular,18,may,83,2,-1,0,unknown,no,2026-01-15 12:00:00
27,blue-collar,single,secondary,yes,-717,yes,yes,cellular,7,may,202,2,349,1,other,no,2026-01-15 13:00:00
32,technician,married,tertiary,no,3538,yes,no,unknown,28,may,95,5,-1,0,unknown,no,2026-01-15 14:00:00
32,admin.,married,secondary,yes,-166,yes,no,cellular,6,may,129,3,-1,0,unknown,no,2026-01-15 15:00:00
38,housemaid,divorced,secondary,no,70,no,no,cellular,1,jun,263,1,-1,0,unknown,yes,2026-01-15 16:00:00
35,management,single,tertiary,no,48,yes,yes,cellular,25,jul,226,1,-1,0,unknown,no,2026-01-15 17:00:00
42,unemployed,married,secondary,no,0,yes,no,unknown,20,jun,158,1,-1,0,unknown,no,2026-01-15 18:00:00
47,management,married,tertiary,no,649,yes,no,cellular,27,mar,78,2,-1,0,unknown,no,2026-01-15 19:00:00
32,housemaid,married,primary,no,2678,no,no,cellular,18,aug,779,9,-1,0,unknown,no,2026-01-15 20:00:00
28,blue-collar,single,primary,no,551,no,no,cellular,4,may,264,3,-1,0,unknown,no,2026-01-15 21:00:00
58,management,married,secondary,no,139,no,no,cellular,27,may,188,1,161,2,other,no,2026-01-15 22:00:00
32,blue-collar,married,secondary,no,43,yes,no,unknown,21,may,173,2,-1,0,unknown,no,2026-01-15 23:00:00
36,management,married,tertiary,no,502,yes,no,unknown,21,may,509,1,-1,0,unknown,no,2026-01-16 00:00:00
54,services,divorced,secondary,no,0,no,no,cellular,1,jun,174,1,81,2,success,yes,2026-01-16 01:00:00
33,management,married,secondary,no,0,yes,no,cellular,17,nov,407,1,-1,0,unknown,no,2026-01-16 02:00:00
53,retired,divorced,secondary,yes,-200,no,yes,unknown,6,jun,161,1,-1,0,unknown,no,2026-01-16 03:00:00
31,blue-collar,single,primary,no,-495,yes,no,unknown,29,may,334,2,-1,0,unknown,no,2026-01-16 04:00:00
33,management,single,tertiary,no,191,no,yes,telephone,9,jul,25,1,-1,0,unknown,no,2026-01-16 05:00:00
39,entrepreneur,married,secondary,no,580,yes,no,unknown,14,may,323,4,-1,0,unknown,no,2026-01-16 06:00:00
40,admin.,divorced,secondary,no,399,no,no,cellular,28,jan,246,2,-1,0,unknown,no,2026-01-16 07:00:00
57,housemaid,married,primary,no,1969,no,no,cellular,14,aug,286,3,-1,0,unknown,no,2026-01-16 08:00:00
60,blue-collar,married,primary,no,228,yes,no,unknown,28,may,249,11,-1,0,unknown,no,2026-01-16 09:00:00
58,management,divorced,tertiary,no,5701,no,no,cellular,14,aug,92,3,106,2,success,no,2026-01-16 10:00:00
35,management,married,secondary,no,4135,yes,no,cellular,12,may,106,4,-1,0,unknown,no,2026-01-16 11:00:00
59,blue-collar,married,primary,no,748,no,no,unknown,29,may,184,1,-1,0,unknown,no,2026-01-16 12:00:00
33,unemployed,single,secondary,no,0,yes,yes,cellular,25,aug,159,2,-1,0,unknown,no,2026-01-16 13:00:00
36,management,married,tertiary,no,532,yes,no,cellular,14,may,603,1,-1,0,unknown,no,2026-01-16 14:00:00
32,technician,single,secondary,no,337,yes,no,cellular,29,jan,213,2,261,1,other,no,2026-01-16 15:00:00
46,unknown,married,tertiary,no,5837,no,no,unknown,17,jun,71,1,-1,0,unknown,no,2026-01-16 16:00:00
30,technician,single,tertiary,no,411,no,no,cellular,21,apr,142,1,-1,0,unknown,no,2026-01-16 17:00:00
60,retired,married,secondary,yes,879,yes,yes,cellular,29,jul,62,8,-1,0,unknown,no,2026-01-16 18:00:00
47,admin.,married,secondary,no,1156,no,yes,unknown,3,jul,74,5,-1,0,unknown,no,2026-01-16 19:00:00
28,management,single,tertiary,no,1837,yes,no,telephone,31,jul,49,3,-1,0,unknown,no,2026-01-16 20:00:00
30,technician,married,secondary,yes,-1019,yes,no,unknown,5,jun,955,4,-1,0,unknown,no,2026-01-16 21:00:00
60,retired,married,secondary,no,7,no,yes,cellular,18,aug,87,5,-1,0,unknown,no,2026-01-16 22:00:00
38,management,married,tertiary,no,1066,yes,no,cellular,28,jan,86,1,189,1,failure,no,2026-01-16 23:00:00
50,services,married,secondary,no,1134,no,no,unknown,18,jun,53,2,-1,0,unknown,no,2026-01-17 00:00:00
36,admin.,married,secondary,no,953,yes,no,cellular,17,feb,38,1,-1,0,unknown,no,2026-01-17 01:00:00
35,housemaid,married,primary,no,113,yes,no,cellular,17,jul,923,2,-1,0,unknown,yes,2026-01-17 02:00:00
34,blue-collar,single,tertiary,no,97,no,no,cellular,14,may,67,3,-1,0,unknown,no,2026-01-17 03:00:00
31,services,married,secondary,no,395,no,no,telephone,19,nov,196,3,117,3,failure,no,2026-01-17 04:00:00
36,management,single,tertiary,no,223,yes,no,cellular,8,apr,281,3,-1,0,unknown,no,2026-01-17 05:00:00
52,blue-collar,single,secondary,no,359,yes,no,cellular,30,jul,444,2,-1,0,unknown,no,2026-01-17 06:00:00
30,admin.,married,primary,no,40,yes,yes,cellular,7,jul,174,1,-1,0,unknown,no,2026-01-17 07:00:00
55,blue-collar,married,primary,no,663,yes,no,cellular,6,may,230,1,-1,0,unknown,no,2026-01-17 08:00:00
79,retired,married,primary,no,3025,no,no,cellular,11,dec,166,3,126,3,other,yes,2026-01-17 09:00:00
42,technician,single,secondary,no,146,no,no,cellular,8,aug,229,2,-1,0,unknown,no,2026-01-17 10:00:00
41,entrepreneur,married,primary,no,39,yes,no,cellular,21,nov,549,2,-1,0,unknown,yes,2026-01-17 11:00:00
29,student,single,secondary,no,1925,no,no,cellular,21,oct,150,3,149,5,success,yes,2026-01-17 12:00:00
61,blue-collar,married,secondary,no,681,yes,no,telephone,19,aug,173,6,492,2,failure,no,2026-01-17 13:00:00
50,technician,married,secondary,no,3263,yes,no,cellular,23,jul,115,1,-1,0,unknown,no,2026-01-17 14:00:00
38,blue-collar,married,primary,no,668,no,no,unknown,8,may,238,1,-1,0,unknown,no,2026-01-17 15:00:00
45,technician,single,secondary,no,-55,no,no,cellular,16,jul,124,1,-1,0,unknown,no,2026-01-17 16:00:00
37,management,married,tertiary,no,0,no,no,cellular,24,nov,187,2,-1,0,unknown,no,2026-01-17 17:00:00
45,blue-collar,single,secondary,no,636,yes,no,unknown,16,may,287,4,-1,0,unknown,no,2026-01-17 18:00:00
32,technician,single,secondary,no,145,no,no,cellular,6,aug,135,2,-1,0,unknown,no,2026-01-17 19:00:00
42,management,divorced,tertiary,no,0,no,no,telephone,19,aug,225,4,-1,0,unknown,no,2026-01-17 20:00:00
38,blue-collar,married,primary,no,14,yes,yes,cellular,12,may,317,2,-1,0,unknown,no,2026-01-17 21:00:00
27,management,single,tertiary,no,154,no,yes,cellular,9,jul,75,1,-1,0,unknown,no,2026-01-17 22:00:00
34,technician,married,secondary,no,553,no,no,cellular,28,aug,45,12,-1,0,unknown,no,2026-01-17 23:00:00
30,services,single,secondary,no,862,yes,yes,unknown,20,may,550,2,-1,0,unknown,no,2026-01-18 00:00:00
53,technician,married,secondary,no,230,no,yes,cellular,13,aug,112,2,-1,0,unknown,no,2026-01-18 01:00:00
28,admin.,single,secondary,no,404,no,yes,cellular,9,jul,188,1,-1,0,unknown,no,2026-01-18 02:00:00
30,admin.,single,secondary,no,154,yes,no,cellular,21,nov,24,2,-1,0,unknown,no,2026-01-18 03:00:00
29,unemployed,married,secondary,no,39,no,yes,cellular,18,jul,184,3,-1,0,unknown,no,2026-01-18 04:00:00
42,blue-collar,divorced,secondary,no,-580,yes,yes,cellular,13,may,172,1,-1,0,unknown,no,2026-01-18 05:00:00
56,retired,married,primary,no,-1,no,no,cellular,27,aug,89,23,-1,0,unknown,no,2026-01-18 06:00:00
39,blue-collar,married,secondary,no,356,yes,yes,unknown,7,may,607,1,-1,0,unknown,no,2026-01-18 07:00:00
39,technician,married,secondary,no,133,yes,no,cellular,14,may,84,4,352,4,other,no,2026-01-18 08:00:00
58,admin.,married,secondary,no,0,yes,no,cellular,11,jul,116,2,-1,0,unknown,no,2026-01-18 09:00:00
40,admin.,married,tertiary,no,0,yes,no,unknown,20,may,88,2,-1,0,unknown,no,2026-01-18 10:00:00
56,retired,married,primary,no,3149,no,no,cellular,7,aug,142,3,-1,0,unknown,no,2026-01-18 11:00:00
37,management,married,tertiary,no,0,yes,no,cellular,6,may,84,2,169,3,failure,no,2026-01-18 12:00:00
53,management,divorced,tertiary,no,269,no,no,cellular,6,aug,347,2,-1,0,unknown,no,2026-01-18 13:00:00
33,services,single,secondary,no,1940,yes,no,cellular,17,apr,239,3,329,2,failure,no,2026-01-18 14:00:00
53,retired,married,primary,no,3975,no,no,unknown,20,jun,23,2,-1,0,unknown,no,2026-01-18 15:00:00
34,technician,married,secondary,no,650,yes,no,unknown,30,may,184,2,-1,0,unknown,no,2026-01-18 16:00:00
34,unemployed,married,primary,no,309,no,no,cellular,5,feb,578,1,-1,0,unknown,yes,2026-01-18 17:00:00
33,management,single,tertiary,no,4835,no,no,cellular,6,may,362,2,-1,0,unknown,no,2026-01-18 18:00:00
34,management,single,tertiary,no,621,yes,no,cellular,17,nov,97,1,-1,0,unknown,no,2026-01-18 19:00:00
54,retired,divorced,tertiary,no,2682,yes,no,cellular,14,may,334,1,-1,0,unknown,no,2026-01-18 20:00:00
54,management,married,primary,no,5787,no,no,telephone,21,nov,240,2,-1,0,unknown,no,2026-01-18 21:00:00
33,technician,single,secondary,no,3806,yes,no,cellular,8,may,95,3,-1,0,unknown,no,2026-01-18 22:00:00
59,housemaid,married,primary,no,182,no,no,cellular,12,aug,90,1,104,2,failure,no,2026-01-18 23:00:00
33,management,married,tertiary,no,287,yes,no,cellular,15,may,199,2,274,3,other,no,2026-01-19 00:00:00
43,technician,married,tertiary,no,788,no,yes,cellular,22,jul,168,3,-1,0,unknown,no,2026-01-19 01:00:00
39,technician,divorced,secondary,no,1270,yes,no,unknown,29,may,245,4,-1,0,unknown,no,2026-01-19 02:00:00
32,management,single,tertiary,no,0,no,no,unknown,16,may,91,1,-1,0,unknown,no,2026-01-19 03:00:00
22,student,single,unknown,no,47,no,no,cellular,3,jul,69,3,-1,0,unknown,no,2026-01-19 04:00:00
55,management,married,tertiary,no,154,no,no,telephone,11,may,70,2,367,3,failure,no,2026-01-19 05:00:00
35,management,married,tertiary,yes,-10,yes,no,cellular,15,may,168,2,364,1,other,no,2026-01-19 06:00:00
44,blue-collar,married,secondary,no,130,yes,yes,cellular,11,may,528,1,-1,0,unknown,no,2026-01-19 07:00:00
60,blue-collar,married,primary,no,1472,no,no,unknown,20,jun,36,4,-1,0,unknown,no,2026-01-19 08:00:00
95,retired,married,secondary,no,0,no,no,telephone,1,oct,215,1,-1,0,unknown,no,2026-01-19 09:00:00
46,technician,single,unknown,no,578,no,no,cellular,28,jan,404,3,-1,0,unknown,no,2026-01-19 10:00:00
40,self-employed,married,secondary,yes,-754,yes,yes,unknown,3,jun,941,3,-1,0,unknown,yes,2026-01-19 11:00:00
33,technician,married,secondary,no,832,yes,yes,unknown,8,may,246,3,-1,0,unknown,no,2026-01-19 12:00:00
55,technician,married,secondary,no,-14,yes,no,cellular,12,may,82,4,-1,0,unknown,no,2026-01-19 13:00:00
44,blue-collar,married,secondary,no,560,yes,no,unknown,15,may,80,1,-1,0,unknown,no,2026-01-19 14:00:00
36,management,single,tertiary,no,548,yes,yes,unknown,30,may,618,3,-1,0,unknown,no,2026-01-19 15:00:00
41,self-employed,divorced,tertiary,no,4418,yes,no,cellular,21,nov,855,3,-1,0,unknown,no,2026-01-19 16:00:00
41,blue-collar,married,primary,no,6596,yes,no,cellular,20,nov,88,1,-1,0,unknown,no,2026-01-19 17:00:00
49,management,married,secondary,no,0,no,no,cellular,12,aug,138,2,-1,0,unknown,no,2026-01-19 18:00:00
46,management,married,tertiary,no,0,no,no,cellular,3,mar,305,13,-1,0,unknown,yes,2026-01-19 19:00:00
58,self-employed,married,secondary,no,0,yes,no,unknown,15,may,272,9,-1,0,unknown,no,2026-01-19 20:00:00
56,blue-collar,divorced,secondary,no,1346,no,yes,cellular,28,jul,240,3,-1,0,unknown,no,2026-01-19 21:00:00
29,blue-collar,married,secondary,no,940,yes,yes,cellular,15,may,382,1,-1,0,unknown,yes,2026-01-19 22:00:00
55,technician,married,secondary,no,1938,no,yes,cellular,18,aug,193,1,386,3,success,yes,2026-01-19 23:00:00
35,services,divorced,secondary,no,-504,no,no,cellular,10,jul,228,1,-1,0,unknown,no,2026-01-20 00:00:00
30,student,single,tertiary,no,7529,no,no,cellular,20,apr,175,6,183,1,success,yes,2026-01-20 01:00:00
33,admin.,married,secondary,no,347,yes,no,cellular,9,feb,7,7,193,13,failure,no,2026-01-20 02:00:00
49,admin.,married,tertiary,no,255,yes,no,cellular,30,mar,96,6,-1,0,unknown,no,2026-01-20 03:00:00
54,retired,married,primary,no,2243,no,no,unknown,12,jun,281,1,-1,0,unknown,no,2026-01-20 04:00:00
33,management,single,tertiary,no,54,no,no,unknown,7,may,262,2,-1,0,unknown,no,2026-01-20 05:00:00
39,blue-collar,married,secondary,no,785,yes,no,cellular,11,may,1232,2,-1,0,unknown,yes,2026-01-20 06:00:00
47,technician,single,unknown,no,77,yes,no,unknown,9,may,83,4,-1,0,unknown,no,2026-01-20 07:00:00
47,blue-collar,married,secondary,no,235,yes,no,cellular,6,may,121,1,-1,0,unknown,no,2026-01-20 08:00:00
45,self-employed,married,secondary,no,-30,yes,yes,unknown,6,jun,165,2,-1,0,unknown,no,2026-01-20 09:00:00
37,technician,married,secondary,no,1580,no,no,cellular,22,aug,92,12,-1,0,unknown,no,2026-01-20 10:00:00
37,blue-collar,married,secondary,no,2870,yes,no,unknown,6,jun,94,2,-1,0,unknown,no,2026-01-20 11:00:00
30,services,married,secondary,no,2191,yes,no,cellular,13,may,157,4,-1,0,unknown,no,2026-01-20 12:00:00
42,unemployed,married,primary,yes,-581,yes,no,cellular,13,may,224,1,370,2,failure,no,2026-01-20 13:00:00
63,retired,divorced,primary,no,109,no,no,cellular,10,nov,406,2,-1,0,unknown,yes,2026-01-20 14:00:00
61,retired,married,secondary,no,1058,no,no,cellular,27,jul,218,2,91,3,success,yes,2026-01-20 15:00:00
43,services,married,secondary,no,2478,yes,no,cellular,28,jan,347,1,230,1,failure,no,2026-01-20 16:00:00
35,management,single,tertiary,no,-292,yes,no,cellular,18,may,166,2,272,6,failure,no,2026-01-20 17:00:00
46,admin.,married,secondary,no,1934,no,yes,unknown,15,may,240,1,-1,0,unknown,no,2026-01-20 18:00:00
52,management,married,tertiary,no,0,no,no,cellular,22,aug,232,2,-1,0,unknown,no,2026-01-20 19:00:00
72,self-employed,married,tertiary,no,132,no,no,cellular,27,apr,444,1,-1,0,unknown,yes,2026-01-20 20:00:00
31,services,single,secondary,no,695,yes,no,cellular,3,apr,314,1,318,1,failure,no,2026-01-20 21:00:00
47,housemaid,married,secondary,no,3940,yes,no,cellular,9,nov,171,2,96,5,success,no,2026-01-20 22:00:00
35,technician,married,tertiary,no,1473,yes,no,unknown,12,may,84,3,-1,0,unknown,no,2026-01-20 23:00:00
31,management,married,tertiary,no,315,no,no,cellular,29,aug,109,4,-1,0,unknown,no,2026-01-21 00:00:00
54,admin.,married,unknown,no,140,no,no,telephone,27,apr,473,2,182,2,failure,yes,2026-01-21 01:00:00
31,unemployed,single,secondary,no,199,yes,no,unknown,16,may,86,1,-1,0,unknown,no,2026-01-21 02:00:00
60,blue-collar,married,unknown,no,231,yes,no,unknown,12,may,57,2,-1,0,unknown,no,2026-01-21 03:00:00
48,entrepreneur,married,primary,no,2675,no,no,cellular,20,nov,123,1,-1,0,unknown,no,2026-01-21 04:00:00
26,housemaid,single,primary,yes,-1006,yes,yes,cellular,21,jul,222,1,-1,0,unknown,no,2026-01-21 05:00:00
45,blue-collar,married,secondary,no,247,yes,no,cellular,8,may,157,1,-1,0,unknown,no,2026-01-21 06:00:00
43,technician,married,secondary,no,253,no,no,cellular,21,aug,111,5,-1,0,unknown,no,2026-01-21 07:00:00
33,management,married,tertiary,no,3696,no,no,cellular,19,nov,305,1,182,3,failure,no,2026-01-21 08:00:00
35,blue-collar,married,secondary,no,1312,yes,no,cellular,18,may,224,1,-1,0,unknown,no,2026-01-21 09:00:00
33,management,married,tertiary,no,0,no,no,cellular,13,apr,244,2,-1,0,unknown,no,2026-01-21 10:00:00
50,blue-collar,married,primary,no,280,yes,no,unknown,18,jun,61,23,-1,0,unknown,no,2026-01-21 11:00:00
39,technician,married,secondary,no,7137,yes,no,unknown,27,may,151,7,-1,0,unknown,no,2026-01-21 12:00:00
37,services,married,secondary,no,144,yes,no,cellular,20,apr,724,2,-1,0,unknown,no,2026-01-21 13:00:00
50,admin.,married,secondary,no,219,yes,no,cellular,15,jul,419,7,-1,0,unknown,no,2026-01-21 14:00:00
37,blue-collar,married,secondary,no,427,yes,yes,unknown,9,jun,371,3,-1,0,unknown,no,2026-01-21 15:00:00
38,admin.,married,secondary,no,1852,yes,no,cellular,15,may,298,2,-1,0,unknown,no,2026-01-21 16:00:00
32,services,single,secondary,no,1153,no,no,cellular,12,aug,340,2,-1,0,unknown,no,2026-01-21 17:00:00
34,blue-collar,married,secondary,no,123,yes,no,cellular,8,jul,218,3,-1,0,unknown,no,2026-01-21 18:00:00
56,management,divorced,tertiary,no,1263,yes,no,cellular,13,may,155,1,-1,0,unknown,no,2026-01-21 19:00:00
42,technician,married,tertiary,no,3777,yes,no,cellular,4,feb,139,4,-1,0,unknown,no,2026-01-21 20:00:00
38,services,married,secondary,no,507,yes,no,cellular,17,apr,55,1,344,1,failure,no,2026-01-21 21:00:00
41,management,single,unknown,no,1604,no,no,unknown,16,jun,287,2,-1,0,unknown,no,2026-01-21 22:00:00
25,blue-collar,single,primary,no,6100,yes,no,unknown,26,jun,45,2,-1,0,unknown,no,2026-01-21 23:00:00
46,technician,married,secondary,no,1307,yes,no,unknown,29,may,404,1,-1,0,unknown,no,2026-01-22 00:00:00
45,blue-collar,married,secondary,no,-73,yes,no,cellular,6,apr,551,3,313,9,failure,no,2026-01-22 01:00:00
34,admin.,single,tertiary,no,4254,yes,no,cellular,18,may,104,3,178,1,success,no,2026-01-22 02:00:00
58,services,divorced,secondary,no,739,yes,no,cellular,20,apr,304,7,335,5,failure,no,2026-01-22 03:00:00
35,management,single,tertiary,no,550,yes,no,unknown,6,may,55,2,-1,0,unknown,no,2026-01-22 04:00:00
31,admin.,single,tertiary,no,4041,no,no,cellular,30,apr,1034,2,-1,0,unknown,yes,2026-01-22 05:00:00
43,management,married,primary,no,62,yes,no,cellular,14,may,133,1,300,3,failure,no,2026-01-22 06:00:00
32,management,single,tertiary,no,0,yes,no,unknown,15,may,86,4,-1,0,unknown,no,2026-01-22 07:00:00
32,blue-collar,married,primary,no,329,yes,no,cellular,3,feb,321,1,-1,0,unknown,no,2026-01-22 08:00:00
36,blue-collar,divorced,secondary,no,2278,yes,no,unknown,23,may,152,2,-1,0,unknown,no,2026-01-22 09:00:00
41,services,married,secondary,no,1319,yes,no,cellular,11,may,305,1,-1,0,unknown,no,2026-01-22 10:00:00
47,services,married,secondary,no,382,yes,no,unknown,23,may,57,4,-1,0,unknown,no,2026-01-22 11:00:00
35,self-employed,married,primary,no,712,yes,no,cellular,15,may,192,1,347,3,failure,no,2026-01-22 12:00:00
38,technician,married,secondary,no,497,no,no,unknown,14,apr,173,1,-1,0,unknown,yes,2026-01-22 13:00:00
38,blue-collar,married,primary,no,447,yes,no,cellular,13,may,699,1,-1,0,unknown,no,2026-01-22 14:00:00
33,blue-collar,single,primary,no,611,no,no,telephone,16,sep,390,2,-1,0,unknown,yes,2026-01-22 15:00:00
55,housemaid,married,secondary,no,167,yes,no,cellular,12,may,178,3,357,7,failure,no,2026-01-22 16:00:00
33,technician,married,secondary,no,-534,yes,yes,cellular,8,aug,16,7,-1,0,unknown,no,2026-01-22 17:00:00
39,blue-collar,married,primary,no,0,yes,no,unknown,6,may,262,2,-1,0,unknown,no,2026-01-22 18:00:00
59,retired,married,tertiary,no,148,yes,yes,cellular,8,may,685,2,366,1,other,yes,2026-01-22 19:00:00
34,management,married,tertiary,no,0,yes,no,cellular,18,nov,244,1,-1,0,unknown,no,2026-01-22 20:00:00
37,self-employed,single,tertiary,no,281,yes,no,unknown,5,jun,869,2,-1,0,unknown,no,2026-01-22 21:00:00
43,unknown,married,unknown,no,1517,no,no,unknown,20,jun,45,1,-1,0,unknown,no,2026-01-22 22:00:00
38,management,married,tertiary,no,-34,yes,no,cellular,7,aug,131,2,-1,0,unknown,no,2026-01-22 23:00:00
55,housemaid,married,primary,no,4,no,no,cellular,21,nov,85,3,-1,0,unknown,no,2026-01-23 00:00:00
57,management,divorced,tertiary,no,8897,yes,no,cellular,12,aug,865,2,-1,0,unknown,yes,2026-01-23 01:00:00
33,technician,single,secondary,no,1746,yes,no,unknown,26,may,152,2,-1,0,unknown,no,2026-01-23 02:00:00
34,blue-collar,divorced,secondary,no,164,yes,no,unknown,19,may,102,13,-1,0,unknown,no,2026-01-23 03:00:00
40,services,divorced,secondary,no,209,yes,no,cellular,12,may,302,2,344,3,other,no,2026-01-23 04:00:00
32,technician,single,tertiary,no,-311,no,no,cellular,18,nov,218,2,-1,0,unknown,no,2026-01-23 05:00:00
24,technician,single,secondary,yes,-1329,yes,no,cellular,18,may,50,1,356,2,other,no,2026-01-23 06:00:00
39,admin.,divorced,secondary,no,19,yes,no,cellular,2,jul,503,2,147,5,success,yes,2026-01-23 07:00:00
49,technician,married,secondary,no,6312,yes,no,unknown,2,jun,93,2,-1,0,unknown,no,2026-01-23 08:00:00
39,entrepreneur,married,tertiary,no,0,yes,no,cellular,14,jul,111,2,-1,0,unknown,no,2026-01-23 09:00:00
36,management,single,secondary,no,159,no,no,cellular,5,feb,443,1,-1,0,unknown,no,2026-01-23 10:00:00
44,admin.,married,secondary,no,399,yes,yes,unknown,3,jun,271,2,-1,0,unknown,no,2026-01-23 11:00:00
41,technician,single,tertiary,no,5389,no,no,cellular,13,aug,209,5,-1,0,unknown,no,2026-01-23 12:00:00
32,technician,married,secondary,no,950,yes,no,cellular,21,nov,82,3,-1,0,unknown,no,2026-01-23 13:00:00
52,admin.,married,primary,no,576,yes,no,cellular,5,may,139,1,286,1,failure,no,2026-01-23 14:00:00
35,management,single,secondary,no,81,yes,no,cellular,29,jan,79,1,-1,0,unknown,no,2026-01-23 15:00:00
59,management,married,secondary,no,771,no,no,telephone,13,may,125,2,370,3,failure,no,2026-01-23 16:00:00
34,services,single,secondary,no,183,yes,no,cellular,14,may,259,4,-1,0,unknown,no,2026-01-23 17:00:00
27,services,married,secondary,no,94,yes,no,unknown,15,may,352,2,-1,0,unknown,no,2026-01-23 18:00:00
54,management,married,primary,no,630,yes,no,cellular,17,apr,99,2,-1,0,unknown,no,2026-01-23 19:00:00
36,management,married,tertiary,no,0,no,no,cellular,27,aug,558,11,-1,0,unknown,no,2026-01-23 20:00:00
60,blue-collar,married,primary,no,11,no,no,telephone,26,aug,15,10,-1,0,unknown,no,2026-01-23 21:00:00
35,management,married,tertiary,no,641,yes,no,cellular,12,may,41,1,-1,0,unknown,no,2026-01-23 22:00:00
34,technician,married,tertiary,no,5060,yes,no,cellular,21,aug,12,21,-1,0,unknown,no,2026-01-23 23:00:00
43,self-employed,married,tertiary,no,3003,no,no,cellular,8,aug,358,3,-1,0,unknown,no,2026-01-24 00:00:00
36,blue-collar,married,secondary,no,-185,yes,no,unknown,27,may,163,2,-1,0,unknown,no,2026-01-24 01:00:00
25,student,single,unknown,no,480,no,no,cellular,8,sep,140,1,-1,0,unknown,yes,2026-01-24 02:00:00
41,self-employed,married,unknown,no,1377,yes,no,cellular,15,may,111,4,371,2,other,no,2026-01-24 03:00:00
33,blue-collar,married,secondary,no,0,yes,no,telephone,14,jul,305,3,-1,0,unknown,no,2026-01-24 04:00:00
28,blue-collar,single,secondary,no,759,yes,no,unknown,9,may,710,1,-1,0,unknown,yes,2026-01-24 05:00:00
45,self-employed,married,tertiary,no,510,no,no,unknown,6,jun,639,2,-1,0,unknown,no,2026-01-24 06:00:00
33,admin.,single,secondary,no,-15,no,no,telephone,12,may,326,3,350,2,failure,no,2026-01-24 07:00:00
50,management,married,tertiary,no,1612,no,no,cellular,15,sep,188,1,92,4,success,no,2026-01-24 08:00:00
35,services,married,secondary,no,341,yes,no,cellular,14,may,345,1,-1,0,unknown,yes,2026-01-24 09:00:00
33,admin.,single,tertiary,no,280,no,no,cellular,12,nov,189,2,-1,0,unknown,no,2026-01-24 10:00:00
31,technician,single,secondary,no,90,no,yes,unknown,4,jun,35,1,-1,0,unknown,no,2026-01-24 11:00:00
30,blue-collar,married,primary,no,70,yes,yes,unknown,8,may,461,3,-1,0,unknown,no,2026-01-24 12:00:00
31,student,single,secondary,no,1776,no,no,cellular,15,jun,220,1,207,1,other,yes,2026-01-24 13:00:00
35,entrepreneur,married,secondary,no,2971,no,no,cellular,21,nov,112,2,-1,0,unknown,no,2026-01-24 14:00:00
37,management,married,secondary,no,5447,yes,yes,cellular,17,nov,1789,1,-1,0,unknown,yes,2026-01-24 15:00:00
30,management,married,tertiary,no,1221,yes,no,telephone,25,jul,279,4,-1,0,unknown,yes,2026-01-24 16:00:00
39,blue-collar,married,secondary,no,123,yes,no,unknown,30,may,81,3,-1,0,unknown,no,2026-01-24 17:00:00
32,blue-collar,married,secondary,no,-64,yes,no,cellular,13,may,641,1,-1,0,unknown,no,2026-01-24 18:00:00
52,management,married,secondary,no,4873,no,no,telephone,6,feb,381,6,213,9,failure,no,2026-01-24 19:00:00
58,retired,married,tertiary,no,1425,no,no,cellular,30,apr,224,1,-1,0,unknown,yes,2026-01-24 20:00:00
53,services,married,secondary,no,2774,no,yes,unknown,19,jun,193,1,-1,0,unknown,no,2026-01-24 21:00:00
31,blue-collar,single,secondary,no,324,yes,no,cellular,21,jul,167,4,-1,0,unknown,no,2026-01-24 22:00:00
31,technician,married,secondary,no,344,yes,no,unknown,7,may,123,1,-1,0,unknown,no,2026-01-24 23:00:00
