age,job,marital,education,default,balance,housing,loan,contact,day,month,duration,campaign,pdays,previous,poutcome,y,event_time
33,blue-collar,married,secondary,no,1134,yes,no,unknown,23,may,304,2,-1,0,unknown,no,2024-09-09 00:00:00
37,services,married,secondary,no,1325,no,no,unknown,3,jun,72,3,-1,0,unknown,no,2024-09-09 01:00:00
50,admin.,divorced,secondary,no,3240,no,no,cellular,21,nov,144,2,-1,0,unknown,no,2024-09-09 02:00:00
30,admin.,single,secondary,no,3068,yes,no,cellular,18,may,227,2,-1,0,unknown,no,2024-09-09 03:00:00
57,blue-collar,married,primary,no,12048,yes,no,cellular,15,apr,103,2,-1,0,unknown,no,2024-09-09 04:00:00
27,unemployed,single,secondary,no,259,yes,no,cellular,18,may,12,2,-1,0,unknown,no,2024-09-09 05:00:00
47,technician,divorced,secondary,no,1013,no,no,cellular,15,sep,170,1,92,3,failure,yes,2024-09-09 06:00:00
36,technician,married,secondary,no,129,yes,no,cellular,6,aug,64,2,-1,0,unknown,no,2024-09-09 07:00:00
48,blue-collar,married,secondary,no,-404,yes,no,cellular,31,jul,130,3,-1,0,unknown,no,2024-09-09 08:00:00
36,technician,married,secondary,no,186,yes,no,cellular,12,may,187,3,-1,0,unknown,no,2024-09-09 09:00:00
30,management,single,secondary,no,1913,no,no,cellular,12,aug,250,2,-1,0,unknown,no,2024-09-09 10:00:00
25,student,single,secondary,no,1116,yes,no,cellular,1,jun,119,1,20,5,failure,no,2024-09-09 11:00:00
43,management,married,tertiary,no,938,yes,no,cellular,9,feb,71,2,-1,0,unknown,no,2024-09-09 12:00:00
46,services,married,secondary,no,111,no,no,cellular,13,aug,78,2,-1,0,unknown,no,2024-09-09 13:00:00
38,blue-collar,married,secondary,no,84,no,yes,telephone,11,jul,328,2,-1,0,unknown,no,2024-09-09 14:00:00
55,blue-collar,married,primary,no,396,no,no,cellular,22,aug,74,2,-1,0,unknown,no,2024-09-09 15:00:00
35,blue-collar,married,secondary,no,0,yes,no,unknown,5,may,1056,1,-1,0,unknown,no,2024-09-09 16:00:00
50,unemployed,married,secondary,no,306,yes,no,unknown,4,jun,117,1,-1,0,unknown,no,2024-09-09 17:00:00
59,housemaid,married,tertiary,no,0,no,no,telephone,13,nov,494,1,-1,0,unknown,yes,2024-09-09 18:00:00
33,self-employed,single,secondary,no,238,yes,yes,cellular,5,feb,45,5,-1,0,unknown,no,2024-09-09 19:00:00
31,management,married,tertiary,no,1260,no,yes,unknown,21,may,93,1,-1,0,unknown,no,2024-09-09 20:00:00
34,services,single,tertiary,no,88,no,no,cellular,26,feb,180,1,-1,0,unknown,no,2024-09-09 21:00:00
74,retired,married,primary,no,5539,no,no,cellular,3,feb,253,2,181,1,success,no,2024-09-09 22:00:00
27,technician,married,tertiary,no,10451,yes,no,cellular,2,feb,45,1,-1,0,unknown,no,2024-09-09 23:00:00
59,admin.,married,secondary,no,1089,no,no,telephone,3,feb,264,2,-1,0,unknown,no,2024-09-10 00:00:00
31,self-employed,married,tertiary,no,1015,no,no,cellular,8,aug,112,2,-1,0,unknown,no,2024-09-10 01:00:00
36,technician,married,tertiary,no,543,yes,no,cellular,15,apr,225,2,-1,0,unknown,no,2024-09-10 02:00:00
48,management,married,tertiary,no,0,yes,no,cellular,10,jul,108,1,-1,0,unknown,no,2024-09-10 03:00:00
56,entrepreneur,married,secondary,no,339,yes,no,cellular,26,may,251,1,98,3,other,no,2024-09-10 04:00:00
32,self-employed,married,tertiary,no,189,yes,no,unknown,6,jun,106,2,-1,0,unknown,no,2024-09-10 05:00:00
45,unemployed,divorced,secondary,no,728,yes,yes,cellular,18,nov,107,1,-1,0,unknown,no,2024-09-10 06:00:00
52,technician,divorced,tertiary,no,0,no,no,cellular,18,jul,454,1,-1,0,unknown,no,2024-09-10 07:00:00
29,blue-collar,married,secondary,no,-49,yes,yes,cellular,21,jul,210,1,-1,0,unknown,no,2024-09-10 08:00:00
35,blue-collar,single,unknown,yes,-532,yes,no,unknown,7,may,149,1,-1,0,unknown,no,2024-09-10 09:00:00
46,technician,married,secondary,no,317,yes,yes,cellular,2,feb,24,7,250,1,failure,no,2024-09-10 10:00:00
50,blue-collar,married,secondary,no,5,no,no,unknown,19,jun,170,7,-1,0,unknown,no,2024-09-10 11:00:00
32,technician,single,secondary,no,129,yes,no,cellular,7,may,213,1,-1,0,unknown,no,2024-09-10 12:00:00
38,blue-collar,married,secondary,no,825,yes,no,cellular,17,apr,235,1,-1,0,unknown,no,2024-09-10 13:00:00
38,management,married,tertiary,no,0,yes,no,cellular,13,may,537,5,303,2,failure,no,2024-09-10 14:00:00
31,management,divorced,tertiary,yes,10,yes,yes,cellular,5,may,167,1,-1,0,unknown,no,2024-09-10 15:00:00
42,blue-collar,married,primary,no,560,yes,yes,cellular,18,nov,139,2,-1,0,unknown,no,2024-09-10 16:00:00
32,blue-collar,married,secondary,no,1,yes,no,cellular,18,nov,77,3,-1,0,unknown,no,2024-09-10 17:00:00
40,technician,married,secondary,no,372,yes,no,cellular,21,nov,365,1,100,2,failure,no,2024-09-10 18:00:00
30,technician,single,tertiary,no,69,no,no,cellular,21,aug,300,1,-1,0,unknown,no,2024-09-10 19:00:00
58,retired,married,primary,no,121,yes,no,unknown,5,may,50,1,-1,0,unknown,no,2024-09-10 20:00:00
73,retired,married,unknown,no,3443,no,no,telephone,4,sep,770,3,-1,0,unknown,yes,2024-09-10 21:00:00
57,management,married,tertiary,no,10583,no,no,cellular,22,jun,295,3,-1,0,unknown,yes,2024-09-10 22:00:00
30,blue-collar,married,secondary,no,1131,yes,yes,unknown,27,jun,148,5,-1,0,unknown,no,2024-09-10 23:00:00
35,unemployed,single,tertiary,no,415,no,no,cellular,4,may,164,2,89,2,success,yes,2024-09-11 00:00:00
59,retired,married,secondary,no,5744,no,no,unknown,18,jun,632,1,-1,0,unknown,no,2024-09-11 01:00:00
42,management,single,tertiary,no,1156,yes,no,unknown,4,jul,62,1,-1,0,unknown,no,2024-09-11 02:00:00
42,services,married,secondary,no,774,no,no,cellular,28,jan,997,1,-1,0,unknown,yes,2024-09-11 03:00:00
50,blue-collar,married,tertiary,no,676,no,no,unknown,11,jun,159,1,-1,0,unknown,no,2024-09-11 04:00:00
60,management,married,tertiary,no,13546,no,no,cellular,17,apr,452,3,-1,0,unknown,yes,2024-09-11 05:00:00
35,self-employed,single,tertiary,no,398,no,no,cellular,5,jul,101,3,-1,0,unknown,no,2024-09-11 06:00:00
39,management,married,tertiary,no,1795,no,no,cellular,8,aug,922,7,-1,0,unknown,yes,2024-09-11 07:00:00
50,blue-collar,married,secondary,no,2641,yes,no,unknown,30,may,97,3,-1,0,unknown,no,2024-09-11 08:00:00
27,blue-collar,married,primary,no,52,no,yes,cellular,7,jul,185,1,-1,0,unknown,no,2024-09-11 09:00:00
83,retired,divorced,primary,no,2619,no,no,telephone,16,oct,181,2,-1,0,unknown,no,2024-09-11 10:00:00
39,management,single,tertiary,no,1340,yes,no,cellular,20,apr,287,3,-1,0,unknown,no,2024-09-11 11:00:00
47,management,married,tertiary,no,60,no,no,unknown,2,jun,282,7,-1,0,unknown,no,2024-09-11 12:00:00
33,admin.,single,tertiary,no,193,no,no,unknown,5,may,132,2,-1,0,unknown,no,2024-09-11 13:00:00
43,self-employed,divorced,secondary,no,484,yes,no,cellular,13,may,180,2,173,6,failure,no,2024-09-11 14:00:00
35,unemployed,single,tertiary,no,4959,no,no,cellular,29,jan,91,2,-1,0,unknown,no,2024-09-11 15:00:00
54,management,married,tertiary,no,397,yes,no,cellular,11,may,102,1,-1,0,unknown,no,2024-09-11 16:00:00
42,blue-collar,married,secondary,yes,-29,no,yes,cellular,8,jul,294,2,-1,0,unknown,no,2024-09-11 17:00:00
32,technician,single,tertiary,no,696,no,yes,cellular,30,apr,270,2,293,2,failure,no,2024-09-11 18:00:00
32,self-employed,married,tertiary,no,9,yes,no,unknown,23,may,98,2,-1,0,unknown,no,2024-09-11 19:00:00
58,retired,single,primary,no,999,no,no,cellular,25,jul,188,6,-1,0,unknown,no,2024-09-11 20:00:00
42,admin.,divorced,secondary,no,23,no,yes,unknown,27,jun,397,1,-1,0,unknown,no,2024-09-11 21:00:00
42,technician,married,secondary,no,827,no,no,cellular,25,aug,153,3,-1,0,unknown,no,2024-09-11 22:00:00
41,services,married,secondary,no,2399,yes,no,unknown,29,may,607,2,-1,0,unknown,no,2024-09-11 23:00:00
43,management,married,secondary,no,445,no,no,cellular,22,aug,108,18,-1,0,unknown,no,2024-09-12 00:00:00
51,housemaid,married,unknown,no,174,no,no,telephone,29,jul,308,3,-1,0,unknown,no,2024-09-12 01:00:00
72,retired,married,secondary,no,5715,no,no,cellular,17,nov,1127,5,184,3,success,yes,2024-09-12 02:00:00
38,services,married,secondary,no,-314,yes,no,unknown,28,may,66,2,-1,0,unknown,no,2024-09-12 03:00:00
31,technician,married,secondary,no,-576,yes,no,unknown,26,may,93,2,-1,0,unknown,no,2024-09-12 04:00:00
40,blue-collar,married,primary,no,98,yes,no,cellular,11,may,240,2,343,5,failure,no,2024-09-12 05:00:00
40,technician,married,secondary,no,694,yes,no,cellular,4,feb,97,4,196,5,failure,no,2024-09-12 06:00:00
42,technician,single,secondary,no,568,yes,no,cellular,6,may,311,2,341,2,failure,no,2024-09-12 07:00:00
39,admin.,divorced,secondary,no,22,no,no,unknown,28,may,121,3,-1,0,unknown,no,2024-09-12 08:00:00
28,admin.,single,secondary,no,7,yes,no,cellular,15,may,87,1,-1,0,unknown,no,2024-09-12 09:00:00
30,admin.,married,secondary,no,312,yes,no,cellular,20,apr,476,3,-1,0,unknown,no,2024-09-12 10:00:00
50,entrepreneur,married,primary,yes,537,yes,no,unknown,20,jun,11,15,-1,0,unknown,no,2024-09-12 11:00:00
48,management,married,tertiary,no,586,yes,yes,cellular,6,may,179,2,-1,0,unknown,no,2024-09-12 12:00:00
50,technician,single,tertiary,no,2,no,no,unknown,10,jun,2389,1,-1,0,unknown,no,2024-09-12 13:00:00
27,technician,married,tertiary,no,8,yes,yes,cellular,18,may,398,1,370,2,failure,no,2024-09-12 14:00:00
51,retired,married,tertiary,no,580,no,no,cellular,19,nov,694,2,-1,0,unknown,yes,2024-09-12 15:00:00
42,admin.,married,secondary,no,3104,no,no,cellular,8,may,144,2,-1,0,unknown,no,2024-09-12 16:00:00
33,management,divorced,tertiary,no,893,yes,no,unknown,15,may,279,9,-1,0,unknown,no,2024-09-12 17:00:00
46,services,married,secondary,no,1516,no,no,cellular,14,aug,133,4,-1,0,unknown,no,2024-09-12 18:00:00
42,services,married,secondary,no,146,yes,yes,cellular,15,may,670,4,346,1,failure,yes,2024-09-12 19:00:00
32,blue-collar,married,secondary,no,333,yes,no,cellular,8,may,501,2,-1,0,unknown,yes,2024-09-12 20:00:00
33,management,single,secondary,no,239,yes,yes,cellular,18,jul,47,1,-1,0,unknown,no,2024-09-12 21:00:00
87,retired,married,primary,no,230,no,no,cellular,30,oct,144,1,-1,0,unknown,yes,2024-09-12 22:00:00
54,technician,married,secondary,no,230,no,yes,cellular,21,nov,401,1,100,2,failure,no,2024-09-12 23:00:00
40,management,married,tertiary,no,3,yes,yes,unknown,19,may,151,1,-1,0,unknown,no,2024-09-13 00:00:00
28,services,single,primary,no,307,no,no,cellular,30,apr,132,1,-1,0,unknown,no,2024-09-13 01:00:00
31,management,single,secondary,yes,0,no,no,cellular,18,nov,129,2,-1,0,unknown,no,2024-09-13 02:00:00
31,housemaid,single,tertiary,no,399,yes,no,cellular,6,may,333,1,-1,0,unknown,no,2024-09-13 03:00:00
30,technician,married,secondary,no,2326,no,no,cellular,22,jun,67,1,108,1,success,no,2024-09-13 04:00:00
39,admin.,married,secondary,no,3655,no,no,cellular,20,nov,422,1,-1,0,unknown,no,2024-09-13 05:00:00
44,management,married,tertiary,no,13893,no,no,unknown,11,jun,29,2,-1,0,unknown,no,2024-09-13 06:00:00
52,blue-collar,single,secondary,no,-477,no,no,cellular,31,jul,37,4,-1,0,unknown,no,2024-09-13 07:00:00
39,blue-collar,married,primary,no,1802,yes,no,unknown,2,jun,490,1,-1,0,unknown,no,2024-09-13 08:00:00
35,admin.,divorced,secondary,no,-101,yes,yes,cellular,6,may,128,1,-1,0,unknown,no,2024-09-13 09:00:00
53,technician,divorced,secondary,no,281,yes,no,cellular,17,apr,171,2,337,9,other,no,2024-09-13 10:00:00
33,management,single,tertiary,no,321,no,no,cellular,22,aug,227,2,-1,0,unknown,no,2024-09-13 11:00:00
35,technician,married,secondary,no,-180,no,yes,cellular,13,aug,823,2,-1,0,unknown,yes,2024-09-13 12:00:00
34,management,married,tertiary,no,828,no,yes,cellular,11,aug,1080,3,-1,0,unknown,yes,2024-09-13 13:00:00
28,blue-collar,married,secondary,no,134,yes,no,unknown,8,may,262,1,-1,0,unknown,no,2024-09-13 14:00:00
51,blue-collar,married,primary,no,21,no,no,unknown,26,may,153,1,-1,0,unknown,no,2024-09-13 15:00:00
35,housemaid,single,tertiary,no,608,yes,yes,unknown,2,jun,227,1,-1,0,unknown,no,2024-09-13 16:00:00
31,management,single,tertiary,no,319,yes,no,cellular,16,apr,302,2,248,2,failure,no,2024-09-13 17:00:00
49,technician,divorced,secondary,no,181,yes,no,unknown,28,may,230,8,-1,0,unknown,no,2024-09-13 18:00:00
34,technician,single,secondary,no,229,no,no,cellular,22,aug,154,2,-1,0,unknown,no,2024-09-13 19:00:00
41,technician,single,secondary,no,143,no,no,cellular,20,aug,744,7,-1,0,unknown,no,2024-09-13 20:00:00
28,entrepreneur,married,secondary,no,422,yes,no,unknown,19,may,394,2,-1,0,unknown,no,2024-09-13 21:00:00
28,admin.,married,secondary,no,12,yes,no,cellular,30,jan,73,3,256,3,other,no,2024-09-13 22:00:00
55,management,married,primary,no,2587,no,no,cellular,4,sep,328,2,94,2,success,yes,2024-09-13 23:00:00
43,management,divorced,tertiary,no,0,yes,no,cellular,21,jul,111,1,-1,0,unknown,no,2024-09-14 00:00:00
52,services,married,secondary,no,660,no,no,unknown,6,may,201,2,-1,0,unknown,no,2024-09-14 01:00:00
35,retired,single,primary,no,434,no,no,unknown,5,may,138,1,-1,0,unknown,no,2024-09-14 02:00:00
47,unemployed,married,secondary,no,1108,no,no,cellular,8,aug,169,2,-1,0,unknown,no,2024-09-14 03:00:00
39,admin.,single,secondary,no,1965,yes,no,cellular,8,may,247,1,-1,0,unknown,no,2024-09-14 04:00:00
38,management,married,secondary,no,16236,yes,no,cellular,21,nov,139,3,-1,0,unknown,no,2024-09-14 05:00:00
37,management,married,secondary,no,510,yes,no,cellular,19,nov,67,2,90,6,failure,no,2024-09-14 06:00:00
39,management,married,tertiary,no,-1212,yes,no,unknown,16,jun,26,18,-1,0,unknown,no,2024-09-14 07:00:00
39,blue-collar,married,secondary,no,1360,yes,no,cellular,13,may,247,1,-1,0,unknown,no,2024-09-14 08:00:00
51,management,married,tertiary,no,371,no,no,telephone,4,feb,52,1,-1,0,unknown,no,2024-09-14 09:00:00
32,technician,married,secondary,no,367,yes,no,cellular,11,may,214,2,276,3,failure,no,2024-09-14 10:00:00
45,blue-collar,single,secondary,no,3727,no,no,cellular,6,oct,572,1,-1,0,unknown,no,2024-09-14 11:00:00
36,management,married,tertiary,no,35,no,no,cellular,21,aug,246,4,-1,0,unknown,no,2024-09-14 12:00:00
51,management,married,secondary,no,614,yes,yes,unknown,30,may,91,2,-1,0,unknown,no,2024-09-14 13:00:00
38,technician,single,secondary,no,367,no,no,cellular,20,aug,128,2,-1,0,unknown,no,2024-09-14 14:00:00
27,unemployed,single,secondary,no,268,yes,no,cellular,5,may,188,1,-1,0,unknown,no,2024-09-14 15:00:00
48,blue-collar,married,primary,no,2227,no,no,cellular,18,aug,98,12,-1,0,unknown,no,2024-09-14 16:00:00
40,housemaid,married,secondary,no,0,no,no,cellular,19,nov,107,3,-1,0,unknown,no,2024-09-14 17:00:00
47,technician,married,tertiary,no,150,yes,no,cellular,21,jul,212,7,-1,0,unknown,no,2024-09-14 18:00:00
31,technician,single,secondary,no,388,no,no,cellular,21,aug,115,2,-1,0,unknown,no,2024-09-14 19:00:00
56,unknown,married,unknown,no,1032,no,no,telephone,29,jul,225,4,-1,0,unknown,no,2024-09-14 20:00:00
46,services,married,secondary,no,1381,yes,no,cellular,22,may,115,3,379,1,failure,no,2024-09-14 21:00:00
39,management,married,tertiary,no,246,yes,no,cellular,25,may,217,1,306,8,failure,no,2024-09-14 22:00:00
39,technician,divorced,secondary,no,115,no,no,cellular,25,aug,116,9,-1,0,unknown,no,2024-09-14 23:00:00
46,management,single,unknown,no,312,yes,no,unknown,19,jun,108,4,-1,0,unknown,no,2024-09-15 00:00:00
37,blue-collar,married,secondary,no,5334,no,no,unknown,6,jun,58,1,-1,0,unknown,no,2024-09-15 01:00:00
43,blue-collar,married,primary,no,0,yes,no,unknown,20,may,592,1,-1,0,unknown,no,2024-09-15 02:00:00
47,entrepreneur,married,unknown,no,676,yes,yes,cellular,14,may,204,2,364,3,failure,no,2024-09-15 03:00:00
54,management,divorced,tertiary,no,2625,yes,no,cellular,26,aug,67,3,-1,0,unknown,no,2024-09-15 04:00:00
38,blue-collar,married,primary,no,433,no,no,cellular,20,nov,81,2,136,3,failure,no,2024-09-15 05:00:00
45,housemaid,married,secondary,no,4068,no,no,cellular,30,sep,314,1,41,1,success,no,2024-09-15 06:00:00
39,technician,married,secondary,no,381,yes,no,cellular,11,may,758,1,347,2,failure,no,2024-09-15 07:00:00
32,management,single,tertiary,no,474,yes,no,cellular,7,aug,90,3,-1,0,unknown,no,2024-09-15 08:00:00
32,admin.,single,secondary,no,562,yes,no,unknown,28,may,116,6,-1,0,unknown,no,2024-09-15 09:00:00
41,admin.,divorced,secondary,no,261,yes,no,cellular,29,jul,797,15,-1,0,unknown,no,2024-09-15 10:00:00
34,technician,married,secondary,no,0,yes,no,cellular,15,jul,144,1,-1,0,unknown,no,2024-09-15 11:00:00
44,management,married,secondary,no,491,yes,yes,cellular,11,may,40,4,-1,0,unknown,no,2024-09-15 12:00:00
28,services,single,secondary,no,60,no,yes,cellular,29,jan,248,1,-1,0,unknown,no,2024-09-15 13:00:00
42,technician,married,secondary,no,27,no,no,cellular,14,aug,259,4,-1,0,unknown,no,2024-09-15 14:00:00
47,management,married,tertiary,no,-1379,yes,no,unknown,27,may,114,3,-1,0,unknown,no,2024-09-15 15:00:00
61,retired,married,primary,no,-156,yes,yes,unknown,2,jun,283,5,-1,0,unknown,no,2024-09-15 16:00:00
37,blue-collar,married,primary,no,-88,yes,no,unknown,26,may,225,1,-1,0,unknown,no,2024-09-15 17:00:00
49,blue-collar,married,primary,no,128,no,no,cellular,12,aug,696,2,-1,0,unknown,yes,2024-09-15 18:00:00
59,self-employed,married,tertiary,no,2013,no,no,cellular,17,nov,409,2,-1,0,unknown,yes,2024-09-15 19:00:00
52,blue-collar,married,primary,no,2396,yes,no,cellular,15,may,48,7,-1,0,unknown,no,2024-09-15 20:00:00
55,management,single,tertiary,no,7025,no,no,unknown,5,jun,139,3,-1,0,unknown,no,2024-09-15 21:00:00
53,technician,divorced,secondary,no,4856,yes,no,cellular,18,nov,151,1,-1,0,unknown,no,2024-09-15 22:00:00
45,blue-collar,married,secondary,no,-149,yes,no,unknown,15,may,644,2,-1,0,unknown,no,2024-09-15 23:00:00
39,technician,single,unknown,no,45248,yes,no,unknown,6,may,1623,1,-1,0,unknown,yes,2024-09-16 00:00:00
33,technician,married,tertiary,no,67,yes,no,cellular,16,apr,137,2,-1,0,unknown,no,2024-09-16 01:00:00
35,unemployed,married,tertiary,no,816,yes,no,cellular,19,nov,547,7,-1,0,unknown,no,2024-09-16 02:00:00
25,services,single,secondary,no,642,yes,yes,cellular,4,may,364,2,-1,0,unknown,no,2024-09-16 03:00:00
35,blue-collar,single,secondary,no,885,yes,no,cellular,15,jul,632,6,-1,0,unknown,yes,2024-09-16 04:00:00
61,retired,married,primary,no,8729,no,no,cellular,30,oct,480,1,-1,0,unknown,yes,2024-09-16 05:00:00
37,admin.,married,secondary,no,5132,no,no,cellular,31,jul,536,8,-1,0,unknown,no,2024-09-16 06:00:00
35,self-employed,married,secondary,no,5613,yes,no,cellular,28,jul,699,3,-1,0,unknown,yes,2024-09-16 07:00:00
39,technician,married,secondary,yes,-183,yes,no,unknown,14,may,202,2,-1,0,unknown,no,2024-09-16 08:00:00
46,admin.,married,secondary,no,250,no,no,unknown,13,may,85,2,-1,0,unknown,no,2024-09-16 09:00:00
32,admin.,single,secondary,no,127,yes,no,unknown,23,may,189,2,-1,0,unknown,no,2024-09-16 10:00:00
38,services,single,primary,no,556,yes,no,unknown,12,jun,113,1,-1,0,unknown,no,2024-09-16 11:00:00
32,blue-collar,single,primary,no,181,yes,no,cellular,6,may,90,1,-1,0,unknown,no,2024-09-16 12:00:00
34,technician,single,secondary,no,0,no,no,cellular,7,aug,181,3,-1,0,unknown,no,2024-09-16 13:00:00
36,services,married,secondary,no,30,no,yes,cellular,8,jul,716,5,-1,0,unknown,yes,2024-09-16 14:00:00
52,blue-collar,married,primary,no,66653,no,no,cellular,14,aug,109,3,-1,0,unknown,no,2024-09-16 15:00:00
39,admin.,married,secondary,no,401,yes,no,cellular,17,nov,396,1,129,2,failure,no,2024-09-16 16:00:00
54,retired,married,tertiary,no,1778,no,no,cellular,14,aug,319,1,268,2,failure,no,2024-09-16 17:00:00
33,blue-collar,divorced,secondary,no,1,no,no,unknown,16,jun,66,5,-1,0,unknown,no,2024-09-16 18:00:00
32,entrepreneur,married,tertiary,no,3192,no,no,cellular,20,nov,44,1,-1,0,unknown,no,2024-09-16 19:00:00
48,self-employed,single,unknown,no,0,no,no,unknown,18,jun,453,1,-1,0,unknown,no,2024-09-16 20:00:00
47,services,married,secondary,no,216,yes,no,cellular,12,may,104,3,371,2,failure,no,2024-09-16 21:00:00
54,retired,married,tertiary,no,4104,no,no,cellular,15,jul,68,8,-1,0,unknown,no,2024-09-16 22:00:00
59,management,married,tertiary,no,1729,no,no,cellular,30,apr,119,1,-1,0,unknown,no,2024-09-16 23:00:00
27,self-employed,single,tertiary,no,147,no,no,cellular,22,jun,111,5,-1,0,unknown,no,2024-09-17 00:00:00
54,admin.,married,secondary,yes,-1089,no,yes,cellular,28,jan,105,2,-1,0,unknown,no,2024-09-17 01:00:00
44,admin.,divorced,secondary,no,-43,yes,yes,cellular,20,apr,206,1,-1,0,unknown,no,2024-09-17 02:00:00
50,admin.,single,secondary,no,1318,no,yes,unknown,24,jun,146,3,-1,0,unknown,no,2024-09-17 03:00:00
38,services,married,secondary,no,4017,no,no,cellular,4,aug,470,1,96,3,success,yes,2024-09-17 04:00:00
32,technician,single,secondary,no,-569,yes,no,cellular,6,may,107,1,-1,0,unknown,no,2024-09-17 05:00:00
30,admin.,single,secondary,no,-36,no,no,cellular,16,jul,561,9,-1,0,unknown,yes,2024-09-17 06:00:00
36,admin.,single,tertiary,no,364,no,yes,cellular,31,aug,185,1,123,1,failure,yes,2024-09-17 07:00:00
35,blue-collar,married,secondary,no,1602,yes,yes,unknown,20,may,171,1,-1,0,unknown,no,2024-09-17 08:00:00
52,blue-collar,single,secondary,no,510,yes,no,unknown,4,jun,324,1,-1,0,unknown,no,2024-09-17 09:00:00
62,blue-collar,married,secondary,no,180,no,no,cellular,14,jan,183,1,90,4,other,yes,2024-09-17 10:00:00
28,blue-collar,married,secondary,no,1590,no,no,cellular,5,may,78,4,-1,0,unknown,no,2024-09-17 11:00:00
33,unemployed,divorced,secondary,no,1005,yes,no,unknown,20,may,229,2,-1,0,unknown,no,2024-09-17 12:00:00
33,management,single,tertiary,no,112,no,no,cellular,22,aug,112,4,-1,0,unknown,no,2024-09-17 13:00:00
49,housemaid,divorced,secondary,no,267,no,no,telephone,9,feb,23,5,-1,0,unknown,no,2024-09-17 14:00:00
38,blue-collar,single,secondary,no,5891,yes,no,unknown,27,may,160,3,-1,0,unknown,no,2024-09-17 15:00:00
39,housemaid,married,unknown,no,0,no,no,cellular,26,aug,92,2,-1,0,unknown,no,2024-09-17 16:00:00
39,services,married,secondary,no,52,no,no,telephone,2,feb,1420,3,-1,0,unknown,yes,2024-09-17 17:00:00
31,management,single,tertiary,no,1,no,no,cellular,26,aug,107,5,-1,0,unknown,no,2024-09-17 18:00:00
83,retired,married,unknown,no,4216,no,no,cellular,12,oct,92,1,-1,0,unknown,no,2024-09-17 19:00:00
36,entrepreneur,married,secondary,no,2971,no,no,cellular,12,nov,247,1,97,8,failure,yes,2024-09-17 20:00:00
49,management,married,tertiary,no,-151,yes,no,unknown,29,may,119,2,-1,0,unknown,no,2024-09-17 21:00:00
37,technician,single,secondary,no,-272,no,yes,cellular,20,nov,104,3,139,6,failure,no,2024-09-17 22:00:00
35,management,single,tertiary,no,1902,no,no,cellular,19,nov,188,5,-1,0,unknown,no,2024-09-17 23:00:00
56,blue-collar,married,primary,no,420,yes,no,cellular,29,jan,129,1,265,1,failure,no,2024-09-18 00:00:00
47,blue-collar,married,secondary,no,4709,no,no,cellular,22,aug,78,4,-1,0,unknown,no,2024-09-18 01:00:00
30,blue-collar,married,secondary,no,5903,yes,no,cellular,6,may,231,1,363,1,failure,no,2024-09-18 02:00:00
44,technician,single,secondary,no,285,yes,no,cellular,12,may,373,3,-1,0,unknown,no,2024-09-18 03:00:00
57,retired,married,tertiary,no,478,no,no,cellular,30,apr,70,1,84,1,failure,no,2024-09-18 04:00:00
53,blue-collar,married,primary,no,53,yes,no,cellular,18,nov,198,1,-1,0,unknown,no,2024-09-18 05:00:00
50,management,married,tertiary,no,4315,yes,no,cellular,22,jul,181,11,-1,0,unknown,no,2024-09-18 06:00:00
46,blue-collar,married,primary,no,14,no,no,cellular,7,jul,407,1,-1,0,unknown,no,2024-09-18 07:00:00
36,blue-collar,married,primary,no,347,no,no,cellular,4,feb,167,2,-1,0,unknown,no,2024-09-18 08:00:00
38,management,single,tertiary,no,667,yes,no,cellular,17,apr,479,2,-1,0,unknown,no,2024-09-18 09:00:00
33,technician,single,secondary,no,77,yes,yes,unknown,2,jun,354,1,-1,0,unknown,no,2024-09-18 10:00:00
32,management,married,tertiary,no,514,yes,no,unknown,28,may,497,2,-1,0,unknown,no,2024-09-18 11:00:00
28,admin.,single,secondary,no,242,yes,yes,cellular,12,may,256,1,349,1,failure,no,2024-09-18 12:00:00
47,technician,divorced,secondary,no,598,no,no,cellular,27,aug,120,8,-1,0,unknown,no,2024-09-18 13:00:00
48,blue-collar,married,primary,no,323,no,no,cellular,28,aug,158,10,-1,0,unknown,no,2024-09-18 14:00:00
24,student,single,secondary,no,2726,yes,no,unknown,4,jun,283,1,-1,0,unknown,no,2024-09-18 15:00:00
28,student,single,secondary,no,404,yes,no,cellular,18,may,33,2,367,4,other,no,2024-09-18 16:00:00
37,admin.,married,secondary,no,1110,yes,no,telephone,22,jul,802,11,-1,0,unknown,yes,2024-09-18 17:00:00
40,admin.,single,secondary,no,-186,yes,yes,cellular,11,jul,154,2,-1,0,unknown,no,2024-09-18 18:00:00
35,blue-collar,married,secondary,no,485,yes,no,cellular,16,apr,49,1,-1,0,unknown,no,2024-09-18 19:00:00
41,blue-collar,married,secondary,no,235,yes,no,unknown,14,may,181,1,-1,0,unknown,no,2024-09-18 20:00:00
57,blue-collar,married,primary,no,1592,no,yes,unknown,20,jun,78,4,-1,0,unknown,no,2024-09-18 21:00:00
45,entrepreneur,married,secondary,no,245,yes,no,unknown,14,may,126,3,-1,0,unknown,no,2024-09-18 22:00:00
24,student,single,secondary,no,1809,no,no,cellular,11,oct,165,1,95,2,success,yes,2024-09-18 23:00:00
46,technician,married,secondary,no,-220,yes,no,cellular,25,jul,203,1,-1,0,unknown,no,2024-09-19 00:00:00
53,self-employed,married,primary,no,2639,no,no,cellular,11,aug,304,4,-1,0,unknown,no,2024-09-19 01:00:00
39,blue-collar,married,secondary,no,20,yes,no,cellular,9,feb,686,5,279,1,failure,no,2024-09-19 02:00:00
40,management,married,tertiary,no,194,no,yes,cellular,29,aug,189,2,-1,0,unknown,no,2024-09-19 03:00:00
41,technician,married,secondary,no,225,yes,yes,unknown,8,may,63,2,-1,0,unknown,no,2024-09-19 04:00:00
40,technician,married,secondary,no,7313,yes,no,cellular,18,nov,241,2,182,1,failure,no,2024-09-19 05:00:00
53,admin.,divorced,secondary,no,315,yes,no,unknown,5,may,181,2,-1,0,unknown,no,2024-09-19 06:00:00
53,services,married,secondary,no,660,no,no,cellular,2,feb,210,1,272,2,failure,no,2024-09-19 07:00:00
36,admin.,divorced,secondary,no,1089,yes,no,telephone,13,may,83,5,175,4,other,no,2024-09-19 08:00:00
49,management,divorced,tertiary,no,108,yes,no,cellular,12,may,288,2,350,2,failure,no,2024-09-19 09:00:00
60,management,married,tertiary,no,6,yes,no,cellular,6,may,787,3,-1,0,unknown,no,2024-09-19 10:00:00
26,self-employed,single,tertiary,no,16563,yes,no,cellular,18,may,245,1,-1,0,unknown,no,2024-09-19 11:00:00
29,services,married,secondary,no,3220,no,no,cellular,17,jul,172,3,-1,0,unknown,no,2024-09-19 12:00:00
44,retired,married,primary,no,779,yes,no,unknown,21,may,233,3,-1,0,unknown,no,2024-09-19 13:00:00
51,retired,married,secondary,no,35,no,yes,cellular,8,jul,123,4,-1,0,unknown,no,2024-09-19 14:00:00
33,unemployed,single,secondary,no,177,no,no,unknown,8,may,75,4,-1,0,unknown,no,2024-09-19 15:00:00
39,management,married,tertiary,no,266,yes,yes,cellular,12,may,251,1,-1,0,unknown,no,2024-09-19 16:00:00
30,management,married,tertiary,no,248,no,no,cellular,17,jul,692,1,-1,0,unknown,no,2024-09-19 17:00:00
60,retired,married,tertiary,no,0,no,no,telephone,14,jul,363,3,-1,0,unknown,no,2024-09-19 18:00:00
35,blue-collar,married,primary,no,373,no,no,cellular,17,apr,335,2,-1,0,unknown,no,2024-09-19 19:00:00
46,self-employed,married,secondary,no,-30,yes,yes,cellular,2,apr,164,1,300,2,failure,no,2024-09-19 20:00:00
30,services,married,secondary,no,10667,no,no,cellular,20,nov,140,1,-1,0,unknown,no,2024-09-19 21:00:00
42,housemaid,married,primary,no,145,no,no,cellular,20,aug,252,2,-1,0,unknown,no,2024-09-19 22:00:00
51,management,divorced,tertiary,no,0,no,no,cellular,13,aug,60,2,-1,0,unknown,no,2024-09-19 23:00:00
81,retired,divorced,unknown,no,9224,no,no,telephone,9,nov,235,2,-1,0,unknown,no,2024-09-20 00:00:00
52,management,married,secondary,no,189,no,no,cellular,22,aug,90,2,-1,0,unknown,no,2024-09-20 01:00:00
33,management,single,tertiary,no,1097,no,yes,cellular,6,aug,308,4,-1,0,unknown,no,2024-09-20 02:00:00
57,self-employed,married,primary,no,-34,yes,yes,cellular,11,may,108,6,371,2,failure,no,2024-09-20 03:00:00
53,technician,married,primary,no,44,no,no,unknown,6,jun,256,1,-1,0,unknown,no,2024-09-20 04:00:00
37,admin.,married,primary,no,188,yes,no,cellular,17,apr,153,1,-1,0,unknown,no,2024-09-20 05:00:00
34,retired,married,primary,no,4499,no,no,unknown,21,may,1681,1,-1,0,unknown,yes,2024-09-20 06:00:00
51,management,married,secondary,no,2216,yes,yes,unknown,16,jun,95,8,-1,0,unknown,no,2024-09-20 07:00:00
33,student,single,tertiary,no,254,yes,no,unknown,29,may,558,13,-1,0,unknown,no,2024-09-20 08:00:00
34,blue-collar,married,secondary,no,152,no,no,cellular,25,oct,275,1,-1,0,unknown,no,2024-09-20 09:00:00
35,blue-collar,married,secondary,no,698,yes,yes,unknown,30,may,1343,3,-1,0,unknown,yes,2024-09-20 10:00:00
37,technician,married,secondary,no,427,yes,yes,unknown,27,may,335,3,-1,0,unknown,no,2024-09-20 11:00:00
39,technician,married,tertiary,no,1524,no,no,cellular,20,apr,567,1,-1,0,unknown,yes,2024-09-20 12:00:00
46,management,divorced,tertiary,no,-154,yes,yes,cellular,29,jan,150,2,247,2,failure,no,2024-09-20 13:00:00
36,admin.,married,secondary,no,194,yes,yes,cellular,7,sep,120,3,-1,0,unknown,no,2024-09-20 14:00:00
41,blue-collar,married,secondary,no,1020,yes,no,unknown,29,may,276,1,-1,0,unknown,no,2024-09-20 15:00:00
30,self-employed,married,secondary,no,8563,yes,no,cellular,12,may,109,1,351,4,other,no,2024-09-20 16:00:00
63,housemaid,married,primary,no,333,no,no,telephone,1,oct,321,1,-1,0,unknown,no,2024-09-20 17:00:00
72,retired,married,primary,no,3232,no,no,cellular,12,nov,771,2,-1,0,unknown,no,2024-09-20 18:00:00
50,services,married,unknown,no,1688,no,no,telephone,29,jul,156,2,-1,0,unknown,no,2024-09-20 19:00:00
31,services,single,tertiary,no,620,no,no,cellular,2,feb,189,1,-1,0,unknown,no,2024-09-20 20:00:00
37,technician,married,secondary,no,432,yes,no,cellular,6,jul,386,3,776,55,failure,yes,2024-09-20 21:00:00
58,management,married,tertiary,no,138,yes,yes,cellular,6,aug,107,4,-1,0,unknown,no,2024-09-20 22:00:00
54,housemaid,married,primary,no,774,no,no,unknown,19,jun,290,1,-1,0,unknown,no,2024-09-20 23:00:00
41,management,married,tertiary,no,2031,yes,no,unknown,20,jun,7,3,-1,0,unknown,no,2024-09-21 00:00:00
53,blue-collar,single,primary,no,7724,no,no,cellular,20,nov,196,2,-1,0,unknown,no,2024-09-21 01:00:00
33,admin.,married,primary,no,499,no,no,cellular,17,apr,95,3,-1,0,unknown,no,2024-09-21 02:00:00
45,services,divorced,secondary,no,5758,yes,no,telephone,9,jul,16,1,-1,0,unknown,no,2024-09-21 03:00:00
35,services,married,secondary,no,1694,no,yes,cellular,31,jul,55,6,-1,0,unknown,no,2024-09-21 04:00:00
34,admin.,married,tertiary,no,3520,no,no,cellular,18,nov,95,1,-1,0,unknown,no,2024-09-21 05:00:00
31,self-employed,single,tertiary,no,17924,yes,no,cellular,14,may,745,1,174,3,failure,yes,2024-09-21 06:00:00
55,management,single,secondary,no,220,yes,no,unknown,6,may,328,2,-1,0,unknown,no,2024-09-21 07:00:00
48,technician,married,secondary,no,-280,yes,yes,cellular,18,jul,300,1,-1,0,unknown,no,2024-09-21 08:00:00
33,technician,married,secondary,no,-1040,yes,yes,unknown,27,may,130,1,-1,0,unknown,no,2024-09-21 09:00:00
34,blue-collar,married,secondary,no,470,yes,yes,cellular,20,apr,217,1,-1,0,unknown,no,2024-09-21 10:00:00
57,admin.,married,secondary,no,3927,no,no,cellular,13,oct,61,1,-1,0,unknown,no,2024-09-21 11:00:00
42,entrepreneur,married,secondary,no,215,yes,yes,cellular,21,nov,158,1,-1,0,unknown,no,2024-09-21 12:00:00
38,admin.,single,secondary,no,100,yes,no,unknown,7,may,786,1,-1,0,unknown,yes,2024-09-21 13:00:00
37,management,married,tertiary,no,887,no,no,cellular,13,aug,257,5,-1,0,unknown,no,2024-09-21 14:00:00
31,entrepreneur,single,secondary,no,37,no,no,cellular,8,aug,73,2,-1,0,unknown,no,2024-09-21 15:00:00
34,management,married,tertiary,no,0,no,no,cellular,6,feb,787,3,9,1,other,yes,2024-09-21 16:00:00
46,admin.,married,secondary,no,979,yes,no,cellular,20,aug,80,5,-1,0,unknown,no,2024-09-21 17:00:00
52,self-employed,married,secondary,no,248,no,yes,cellular,14,jul,245,3,-1,0,unknown,no,2024-09-21 18:00:00
24,technician,single,primary,no,126,yes,no,unknown,20,jun,10,58,-1,0,unknown,no,2024-09-21 19:00:00
35,management,married,secondary,no,339,yes,no,unknown,23,may,317,1,-1,0,unknown,no,2024-09-21 20:00:00
47,services,married,primary,no,222,yes,no,unknown,7,may,68,1,-1,0,unknown,no,2024-09-21 21:00:00
52,admin.,divorced,secondary,no,725,yes,no,cellular,20,apr,57,3,325,1,other,no,2024-09-21 22:00:00
49,entrepreneur,married,tertiary,no,4976,yes,no,cellular,13,may,36,9,173,1,failure,no,2024-09-21 23:00:00
30,blue-collar,single,secondary,no,363,no,no,cellular,28,jul,171,3,-1,0,unknown,no,2024-09-22 00:00:00
30,blue-collar,single,secondary,no,332,no,no,cellular,14,jul,465,3,-1,0,unknown,no,2024-09-22 01:00:00
35,management,divorced,tertiary,no,808,no,no,cellular,19,nov,89,1,-1,0,unknown,no,2024-09-22 02:00:00
38,retired,single,secondary,no,44,no,no,unknown,29,may,148,1,-1,0,unknown,no,2024-09-22 03:00:00
29,blue-collar,married,secondary,no,339,yes,no,cellular,15,may,63,3,354,2,failure,no,2024-09-22 04:00:00
32,admin.,divorced,secondary,no,410,yes,no,cellular,14,apr,129,1,-1,0,unknown,no,2024-09-22 05:00:00
46,unemployed,married,secondary,no,2551,no,no,cellular,12,aug,645,2,-1,0,unknown,yes,2024-09-22 06:00:00
30,technician,married,secondary,no,436,yes,no,cellular,5,feb,138,3,206,8,other,no,2024-09-22 07:00:00
49,services,divorced,primary,no,90,no,no,cellular,23,jul,126,4,-1,0,unknown,no,2024-09-22 08:00:00
33,blue-collar,single,primary,yes,-15,no,yes,cellular,7,jul,326,2,-1,0,unknown,no,2024-09-22 09:00:00
59,blue-collar,divorced,secondary,no,0,no,yes,cellular,15,jul,237,4,-1,0,unknown,no,2024-09-22 10:00:00
37,technician,single,tertiary,no,0,yes,no,cellular,23,jul,366,6,-1,0,unknown,yes,2024-09-22 11:00:00
50,services,divorced,secondary,no,330,yes,yes,cellular,18,nov,281,1,-1,0,unknown,no,2024-09-22 12:00:00
30,admin.,married,tertiary,no,591,yes,no,cellular,17,aug,115,1,-1,0,unknown,no,2024-09-22 13:00:00
55,retired,married,secondary,no,1279,yes,no,cellular,13,may,446,3,357,8,other,no,2024-09-22 14:00:00
34,technician,married,secondary,no,800,yes,no,cellular,14,jul,103,3,-1,0,unknown,no,2024-09-22 15:00:00
27,blue-collar,single,secondary,no,4,yes,no,cellular,7,may,153,2,-1,0,unknown,no,2024-09-22 16:00:00
66,retired,married,tertiary,no,2262,no,no,cellular,22,apr,155,1,-1,0,unknown,no,2024-09-22 17:00:00
30,management,single,secondary,no,1299,no,no,cellular,14,aug,515,2,-1,0,unknown,no,2024-09-22 18:00:00
49,blue-collar,married,secondary,no,913,yes,yes,unknown,21,may,178,3,-1,0,unknown,no,2024-09-22 19:00:00
53,blue-collar,married,primary,no,421,yes,no,cellular,20,nov,677,1,-1,0,unknown,yes,2024-09-22 20:00:00
47,management,married,tertiary,no,2351,no,no,cellular,10,mar,80,1,-1,0,unknown,yes,2024-09-22 21:00:00
35,technician,married,secondary,no,451,yes,yes,cellular,12,may,247,1,-1,0,unknown,no,2024-09-22 22:00:00
33,blue-collar,single,secondary,no,5739,yes,yes,cellular,21,nov,374,1,-1,0,unknown,no,2024-09-22 23:00:00
50,management,married,tertiary,no,3296,no,no,unknown,18,jun,255,2,-1,0,unknown,no,2024-09-23 00:00:00
47,blue-collar,married,primary,no,0,yes,yes,telephone,28,jul,107,3,-1,0,unknown,no,2024-09-23 01:00:00
47,management,single,tertiary,no,6651,no,no,cellular,8,jul,229,1,412,2,failure,yes,2024-09-23 02:00:00
29,blue-collar,married,unknown,no,559,yes,no,unknown,29,may,182,2,-1,0,unknown,no,2024-09-23 03:00:00
27,blue-collar,single,primary,no,-79,yes,no,unknown,30,may,385,5,-1,0,unknown,no,2024-09-23 04:00:00
30,technician,married,secondary,no,-280,yes,no,cellular,17,apr,609,2,266,2,failure,no,2024-09-23 05:00:00
25,management,single,tertiary,no,528,no,no,cellular,14,aug,201,1,-1,0,unknown,yes,2024-09-23 06:00:00
56,management,married,tertiary,no,-6,no,no,telephone,31,jul,29,16,-1,0,unknown,no,2024-09-23 07:00:00
60,technician,married,secondary,no,1740,no,no,cellular,13,mar,296,2,-1,0,unknown,yes,2024-09-23 08:00:00
32,technician,single,tertiary,no,190,yes,yes,unknown,9,may,352,1,-1,0,unknown,no,2024-09-23 09:00:00
35,blue-collar,married,secondary,no,1287,yes,no,cellular,14,may,251,3,-1,0,unknown,no,2024-09-23 10:00:00
39,technician,single,secondary,no,18508,no,no,cellular,20,nov,1598,4,-1,0,unknown,yes,2024-09-23 11:00:00
45,management,married,tertiary,no,212,no,no,cellular,21,apr,65,2,-1,0,unknown,yes,2024-09-23 12:00:00
55,blue-collar,married,primary,no,1649,yes,no,cellular,12,may,52,3,-1,0,unknown,no,2024-09-23 13:00:00
34,self-employed,single,tertiary,no,5462,no,no,cellular,30,apr,430,1,-1,0,unknown,yes,2024-09-23 14:00:00
42,services,married,unknown,no,8,yes,no,unknown,15,may,299,1,-1,0,unknown,no,2024-09-23 15:00:00
53,services,married,secondary,no,76,yes,no,unknown,19,jun,237,2,-1,0,unknown,no,2024-09-23 16:00:00
36,admin.,married,tertiary,no,75,no,yes,cellular,20,nov,97,2,-1,0,unknown,no,2024-09-23 17:00:00
30,management,single,tertiary,no,938,no,no,cellular,26,may,172,2,105,1,other,no,2024-09-23 18:00:00
30,technician,married,secondary,no,-910,yes,no,cellular,15,may,124,2,298,1,failure,no,2024-09-23 19:00:00
35,technician,married,secondary,no,-1041,yes,yes,cellular,18,aug,105,4,-1,0,unknown,no,2024-09-23 20:00:00
36,self-employed,married,secondary,no,189,yes,no,cellular,19,nov,136,1,120,1,failure,no,2024-09-23 21:00:00
51,management,married,tertiary,no,1421,yes,no,cellular,7,jul,152,5,-1,0,unknown,no,2024-09-23 22:00:00
23,student,single,secondary,no,794,no,no,cellular,26,jul,607,3,171,3,other,yes,2024-09-23 23:00:00
26,blue-collar,single,secondary,no,-29,yes,no,cellular,10,jul,998,4,-1,0,unknown,yes,2024-09-24 00:00:00
30,technician,single,secondary,no,249,no,no,cellular,12,may,406,1,-1,0,unknown,no,2024-09-24 01:00:00
44,blue-collar,married,primary,no,3113,no,no,cellular,14,jul,331,2,-1,0,unknown,no,2024-09-24 02:00:00
30,admin.,single,tertiary,no,305,no,no,cellular,13,aug,75,1,105,3,success,no,2024-09-24 03:00:00
58,admin.,married,secondary,no,1455,yes,no,cellular,21,jul,119,1,-1,0,unknown,no,2024-09-24 04:00:00
50,blue-collar,married,primary,no,1203,yes,yes,unknown,28,may,66,7,-1,0,unknown,no,2024-09-24 05:00:00
32,management,married,tertiary,no,302,yes,yes,unknown,23,feb,61,1,384,2,failure,yes,2024-09-24 06:00:00
51,admin.,married,secondary,no,0,yes,yes,cellular,30,jan,150,1,252,1,failure,no,2024-09-24 07:00:00
34,admin.,married,tertiary,no,0,no,no,cellular,30,jul,292,1,183,2,success,yes,2024-09-24 08:00:00
39,technician,single,tertiary,no,1646,yes,no,unknown,5,jun,474,2,-1,0,unknown,no,2024-09-24 09:00:00
29,management,married,tertiary,no,6586,no,no,cellular,10,jul,176,1,-1,0,unknown,no,2024-09-24 10:00:00
33,entrepreneur,married,tertiary,no,87,yes,yes,cellular,21,nov,141,4,-1,0,unknown,no,2024-09-24 11:00:00
44,services,divorced,secondary,no,2586,yes,no,unknown,5,may,160,1,-1,0,unknown,no,2024-09-24 12:00:00
31,management,married,tertiary,no,5238,yes,yes,cellular,19,nov,156,2,-1,0,unknown,no,2024-09-24 13:00:00
37,technician,single,tertiary,no,6101,no,no,cellular,6,feb,141,1,-1,0,unknown,yes,2024-09-24 14:00:00
31,management,married,tertiary,no,0,no,no,unknown,14,may,298,1,-1,0,unknown,no,2024-09-24 15:00:00
48,services,married,secondary,no,3726,yes,no,cellular,29,jul,369,2,-1,0,unknown,no,2024-09-24 16:00:00
30,management,single,tertiary,no,162,yes,no,unknown,20,may,186,4,-1,0,unknown,no,2024-09-24 17:00:00
37,technician,single,tertiary,no,197,no,no,cellular,16,nov,175,1,200,1,success,yes,2024-09-24 18:00:00
58,management,married,tertiary,no,3228,no,no,cellular,19,aug,58,2,-1,0,unknown,no,2024-09-24 19:00:00
51,retired,married,secondary,no,1017,no,no,cellular,30,jul,353,6,-1,0,unknown,no,2024-09-24 20:00:00
38,student,single,tertiary,no,1523,yes,no,unknown,5,jun,17,16,-1,0,unknown,no,2024-09-24 21:00:00
42,blue-collar,married,secondary,no,3068,yes,yes,cellular,11,may,429,2,-1,0,unknown,no,2024-09-24 22:00:00
41,blue-collar,married,primary,no,-45,yes,yes,unknown,9,may,121,4,-1,0,unknown,no,2024-09-24 23:00:00
27,services,single,secondary,no,139,no,no,cellular,25,jul,165,3,-1,0,unknown,no,2024-09-25 00:00:00
49,blue-collar,married,primary,no,0,yes,no,cellular,7,aug,76,3,-1,0,unknown,no,2024-09-25 01:00:00
31,management,divorced,tertiary,no,0,yes,no,unknown,7,may,953,3,-1,0,unknown,no,2024-09-25 02:00:00
54,housemaid,divorced,tertiary,no,1241,no,no,unknown,20,jun,17,5,-1,0,unknown,no,2024-09-25 03:00:00
51,blue-collar,married,secondary,no,8180,yes,no,cellular,20,nov,86,1,-1,0,unknown,no,2024-09-25 04:00:00
48,services,married,secondary,no,35,no,no,cellular,6,aug,232,4,-1,0,unknown,no,2024-09-25 05:00:00
29,blue-collar,single,secondary,no,-167,yes,no,unknown,4,jun,361,1,-1,0,unknown,no,2024-09-25 06:00:00
34,management,divorced,secondary,no,291,no,no,cellular,7,aug,91,2,-1,0,unknown,no,2024-09-25 07:00:00
34,admin.,married,primary,no,239,yes,no,unknown,2,jun,107,2,-1,0,unknown,no,2024-09-25 08:00:00
35,technician,married,tertiary,no,0,yes,yes,cellular,26,apr,135,3,363,2,failure,no,2024-09-25 09:00:00
24,admin.,single,secondary,no,845,yes,no,unknown,13,may,105,1,-1,0,unknown,no,2024-09-25 10:00:00
50,blue-collar,married,primary,no,749,no,no,unknown,8,may,297,2,-1,0,unknown,no,2024-09-25 11:00:00
27,student,single,secondary,no,3754,no,no,cellular,15,mar,106,3,98,1,other,no,2024-09-25 12:00:00
42,management,married,secondary,no,0,no,no,cellular,30,jul,458,3,-1,0,unknown,no,2024-09-25 13:00:00
60,blue-collar,married,secondary,no,1407,yes,no,cellular,14,may,112,1,370,1,failure,no,2024-09-25 14:00:00
45,admin.,divorced,secondary,no,2519,no,no,cellular,21,nov,470,1,-1,0,unknown,no,2024-09-25 15:00:00
35,management,single,tertiary,no,304,yes,no,cellular,19,nov,274,2,-1,0,unknown,no,2024-09-25 16:00:00
43,retired,single,secondary,no,53,no,no,telephone,5,feb,305,4,-1,0,unknown,no,2024-09-25 17:00:00
36,admin.,single,secondary,no,0,yes,yes,cellular,21,nov,109,1,189,1,failure,no,2024-09-25 18:00:00
61,housemaid,married,primary,no,175,no,no,telephone,3,dec,237,1,-1,0,unknown,no,2024-09-25 19:00:00
50,management,married,tertiary,no,3284,yes,no,unknown,9,may,51,3,-1,0,unknown,no,2024-09-25 20:00:00
58,technician,married,tertiary,no,289,no,no,telephone,21,nov,182,2,-1,0,unknown,no,2024-09-25 21:00:00
37,entrepreneur,divorced,secondary,no,1190,yes,no,unknown,9,may,268,3,-1,0,unknown,no,2024-09-25 22:00:00
25,student,single,secondary,no,358,no,no,cellular,16,nov,330,1,-1,0,unknown,yes,2024-09-25 23:00:00
34,blue-collar,married,secondary,no,2076,yes,no,cellular,20,apr,257,1,-1,0,unknown,no,2024-09-26 00:00:00
37,technician,married,secondary,no,1613,yes,no,cellular,8,may,266,1,281,11,other,no,2024-09-26 01:00:00
55,blue-collar,married,secondary,no,467,no,no,cellular,25,aug,129,5,-1,0,unknown,no,2024-09-26 02:00:00
33,entrepreneur,single,tertiary,no,3017,no,no,cellular,21,nov,240,3,-1,0,unknown,no,2024-09-26 03:00:00
70,retired,married,primary,no,8897,no,no,cellular,6,oct,692,2,-1,0,unknown,no,2024-09-26 04:00:00
53,housemaid,married,primary,no,0,no,no,cellular,8,oct,148,1,-1,0,unknown,no,2024-09-26 05:00:00
50,management,divorced,tertiary,no,2564,yes,no,cellular,21,nov,124,4,113,8,failure,no,2024-09-26 06:00:00
45,management,single,secondary,no,142,no,yes,cellular,19,nov,258,1,105,4,failure,no,2024-09-26 07:00:00
36,technician,single,secondary,no,279,yes,no,cellular,21,jul,171,1,-1,0,unknown,no,2024-09-26 08:00:00
37,admin.,married,tertiary,no,0,yes,no,cellular,21,jul,115,1,-1,0,unknown,no,2024-09-26 09:00:00
55,blue-collar,married,primary,no,3485,no,no,cellular,18,aug,625,4,-1,0,unknown,yes,2024-09-26 10:00:00
36,admin.,married,secondary,no,251,no,no,cellular,30,jul,180,7,-1,0,unknown,no,2024-09-26 11:00:00
33,technician,single,secondary,no,31,no,yes,cellular,25,aug,131,3,-1,0,unknown,no,2024-09-26 12:00:00
43,blue-collar,married,primary,no,437,yes,no,cellular,21,nov,142,1,-1,0,unknown,no,2024-09-26 13:00:00
33,technician,married,secondary,no,0,no,no,cellular,19,aug,78,3,-1,0,unknown,no,2024-09-26 14:00:00
40,management,single,tertiary,no,326,yes,no,unknown,28,may,64,1,-1,0,unknown,no,2024-09-26 15:00:00
34,services,divorced,secondary,no,991,yes,no,cellular,6,may,89,1,344,1,failure,no,2024-09-26 16:00:00
27,management,single,tertiary,no,625,no,no,cellular,30,jan,554,2,-1,0,unknown,no,2024-09-26 17:00:00
33,admin.,single,secondary,no,0,no,no,cellular,20,aug,201,2,204,2,other,no,2024-09-26 18:00:00
28,admin.,single,secondary,no,1823,no,no,cellular,29,jan,237,1,-1,0,unknown,no,2024-09-26 19:00:00
44,management,married,tertiary,no,217,yes,no,cellular,28,aug,203,4,-1,0,unknown,no,2024-09-26 20:00:00
29,services,single,secondary,no,441,yes,no,cellular,17,apr,69,1,-1,0,unknown,no,2024-09-26 21:00:00
27,technician,single,secondary,no,285,no,no,cellular,22,jul,139,1,-1,0,unknown,no,2024-09-26 22:00:00
36,blue-collar,married,primary,no,1010,yes,no,cellular,17,apr,372,1,-1,0,unknown,no,2024-09-26 23:00:00
53,management,married,primary,no,995,no,no,cellular,4,feb,200,3,-1,0,unknown,no,2024-09-27 00:00:00
47,unemployed,married,secondary,no,312,no,no,cellular,29,jul,884,1,-1,0,unknown,yes,2024-09-27 01:00:00
50,admin.,single,primary,no,181,yes,no,cellular,15,may,119,4,372,3,failure,no,2024-09-27 02:00:00
32,management,divorced,tertiary,no,12,no,no,cellular,17,jul,321,1,-1,0,unknown,no,2024-09-27 03:00:00
28,unemployed,single,secondary,no,434,yes,no,cellular,30,apr,257,1,-1,0,unknown,no,2024-09-27 04:00:00
29,technician,single,tertiary,no,370,yes,no,cellular,29,jan,119,2,251,5,failure,no,2024-09-27 05:00:00
80,housemaid,married,secondary,no,499,no,no,telephone,13,apr,224,2,393,4,failure,no,2024-09-27 06:00:00
39,blue-collar,married,secondary,no,854,yes,yes,cellular,6,may,181,1,-1,0,unknown,no,2024-09-27 07:00:00
45,blue-collar,divorced,primary,no,749,yes,no,unknown,15,may,242,6,-1,0,unknown,no,2024-09-27 08:00:00
49,management,married,tertiary,no,3237,yes,no,unknown,5,may,232,3,-1,0,unknown,no,2024-09-27 09:00:00
29,admin.,single,tertiary,no,261,no,no,cellular,17,mar,136,19,-1,0,unknown,no,2024-09-27 10:00:00
26,admin.,single,secondary,no,338,no,no,cellular,29,oct,209,1,188,2,unknown,yes,2024-09-27 11:00:00
63,retired,married,tertiary,no,937,no,no,cellular,28,oct,219,2,-1,0,unknown,no,2024-09-27 12:00:00
47,housemaid,married,primary,no,32,no,no,cellular,5,aug,231,2,-1,0,unknown,no,2024-09-27 13:00:00
44,entrepreneur,married,tertiary,no,121,no,no,cellular,10,aug,412,1,-1,0,unknown,yes,2024-09-27 14:00:00
46,technician,single,secondary,no,0,no,no,cellular,19,aug,42,1,-1,0,unknown,no,2024-09-27 15:00:00
36,blue-collar,married,secondary,no,-190,yes,no,unknown,27,may,348,2,-1,0,unknown,no,2024-09-27 16:00:00
34,blue-collar,married,primary,no,161,yes,yes,unknown,20,may,177,1,-1,0,unknown,no,2024-09-27 17:00:00
46,blue-collar,married,primary,no,2093,no,no,unknown,5,jun,128,2,-1,0,unknown,no,2024-09-27 18:00:00
40,services,married,secondary,no,879,yes,yes,cellular,2,apr,349,3,-1,0,unknown,no,2024-09-27 19:00:00
33,management,single,tertiary,no,48,yes,no,cellular,11,may,400,1,173,5,failure,no,2024-09-27 20:00:00
40,management,married,tertiary,no,42,no,yes,cellular,18,aug,215,6,-1,0,unknown,no,2024-09-27 21:00:00
41,blue-collar,married,secondary,no,2157,yes,no,unknown,14,may,154,2,-1,0,unknown,no,2024-09-27 22:00:00
41,technician,married,secondary,no,476,yes,yes,cellular,18,nov,132,1,-1,0,unknown,no,2024-09-27 23:00:00
42,admin.,single,secondary,no,1453,yes,no,cellular,11,may,264,1,-1,0,unknown,no,2024-09-28 00:00:00
36,blue-collar,married,secondary,no,4,yes,no,cellular,6,may,544,4,-1,0,unknown,no,2024-09-28 01:00:00
43,management,divorced,tertiary,no,187,no,no,cellular,5,aug,175,1,-1,0,unknown,no,2024-09-28 02:00:00
48,management,married,unknown,no,7861,no,no,cellular,20,nov,380,1,-1,0,unknown,no,2024-09-28 03:00:00
57,blue-collar,divorced,secondary,no,311,yes,no,cellular,11,may,200,2,-1,0,unknown,no,2024-09-28 04:00:00
39,admin.,single,secondary,no,238,yes,no,cellular,15,apr,417,1,-1,0,unknown,no,2024-09-28 05:00:00
44,admin.,married,primary,no,248,yes,no,unknown,14,may,234,1,-1,0,unknown,no,2024-09-28 06:00:00
58,management,married,tertiary,no,889,no,no,cellular,11,aug,121,2,-1,0,unknown,no,2024-09-28 07:00:00
54,technician,married,secondary,no,-939,yes,no,unknown,29,may,202,1,-1,0,unknown,no,2024-09-28 08:00:00
30,management,single,tertiary,no,0,no,no,cellular,6,feb,108,4,-1,0,unknown,no,2024-09-28 09:00:00
24,blue-collar,single,secondary,no,578,yes,no,cellular,17,apr,385,5,-1,0,unknown,no,2024-09-28 10:00:00
49,unemployed,married,primary,no,126,yes,no,cellular,19,nov,184,2,-1,0,unknown,no,2024-09-28 11:00:00
38,technician,married,secondary,no,2767,yes,no,cellular,21,nov,711,2,-1,0,unknown,no,2024-09-28 12:00:00
36,self-employed,married,tertiary,no,16430,yes,no,unknown,6,jun,197,3,-1,0,unknown,no,2024-09-28 13:00:00
45,management,single,secondary,no,451,yes,no,cellular,19,aug,142,2,-1,0,unknown,no,2024-09-28 14:00:00
38,management,married,tertiary,no,441,yes,yes,cellular,22,aug,82,7,-1,0,unknown,no,2024-09-28 15:00:00
25,management,single,tertiary,no,2305,no,no,cellular,3,feb,207,1,-1,0,unknown,no,2024-09-28 16:00:00
27,services,single,secondary,no,261,yes,yes,cellular,18,may,113,1,-1,0,unknown,no,2024-09-28 17:00:00
32,admin.,single,secondary,no,-45,yes,no,cellular,20,apr,68,1,325,2,other,no,2024-09-28 18:00:00
38,blue-collar,married,primary,no,3057,yes,no,unknown,11,jun,133,1,-1,0,unknown,no,2024-09-28 19:00:00
46,management,married,tertiary,no,51,no,no,cellular,6,aug,39,9,-1,0,unknown,no,2024-09-28 20:00:00
40,management,married,primary,no,733,yes,no,unknown,6,jun,94,7,-1,0,unknown,no,2024-09-28 21:00:00
33,management,single,tertiary,no,541,yes,yes,cellular,19,nov,140,1,182,1,failure,no,2024-09-28 22:00:00
52,admin.,married,secondary,no,350,no,yes,cellular,8,jul,460,2,-1,0,unknown,no,2024-09-28 23:00:00
29,services,single,secondary,no,27,yes,no,cellular,21,jul,554,2,-1,0,unknown,no,2024-09-29 00:00:00
32,technician,single,secondary,no,13565,no,no,cellular,3,feb,613,2,-1,0,unknown,no,2024-09-29 01:00:00
30,technician,single,secondary,no,0,no,no,cellular,22,aug,79,5,-1,0,unknown,no,2024-09-29 02:00:00
30,student,single,tertiary,no,3094,no,no,cellular,2,jun,116,2,-1,0,unknown,no,2024-09-29 03:00:00
32,management,married,secondary,no,2858,yes,yes,cellular,18,jul,247,5,-1,0,unknown,no,2024-09-29 04:00:00
34,blue-collar,married,secondary,no,-76,yes,no,unknown,27,may,170,1,-1,0,unknown,no,2024-09-29 05:00:00
32,self-employed,single,tertiary,no,-98,no,yes,cellular,21,nov,157,2,-1,0,unknown,no,2024-09-29 06:00:00
60,admin.,married,secondary,no,221,no,no,cellular,29,aug,92,4,-1,0,unknown,no,2024-09-29 07:00:00
44,management,married,tertiary,no,349,no,no,unknown,9,jun,58,1,-1,0,unknown,no,2024-09-29 08:00:00
27,blue-collar,single,secondary,no,2364,yes,no,unknown,28,may,221,1,-1,0,unknown,no,2024-09-29 09:00:00
30,self-employed,married,secondary,no,131,yes,no,unknown,8,may,306,1,-1,0,unknown,no,2024-09-29 10:00:00
24,student,single,secondary,no,1123,no,no,cellular,13,jul,475,1,412,1,other,yes,2024-09-29 11:00:00
38,blue-collar,divorced,secondary,no,593,yes,no,cellular,17,apr,182,2,-1,0,unknown,no,2024-09-29 12:00:00
25,self-employed,single,secondary,no,933,yes,no,cellular,7,may,463,2,-1,0,unknown,no,2024-09-29 13:00:00
52,blue-collar,married,primary,no,2439,yes,no,unknown,30,may,212,3,-1,0,unknown,no,2024-09-29 14:00:00
49,self-employed,married,secondary,no,1878,yes,yes,unknown,23,may,283,11,-1,0,unknown,no,2024-09-29 15:00:00
43,management,divorced,tertiary,no,-410,no,yes,cellular,9,jul,189,1,-1,0,unknown,no,2024-09-29 16:00:00
58,housemaid,married,primary,no,422,no,no,unknown,9,jun,183,1,-1,0,unknown,no,2024-09-29 17:00:00
45,blue-collar,married,secondary,no,640,yes,no,cellular,4,may,447,1,-1,0,unknown,yes,2024-09-29 18:00:00
57,management,married,tertiary,no,2845,yes,no,telephone,19,apr,1143,5,-1,0,unknown,yes,2024-09-29 19:00:00
35,management,married,tertiary,no,94,no,no,cellular,22,aug,239,3,-1,0,unknown,no,2024-09-29 20:00:00
30,management,married,tertiary,no,350,no,no,cellular,29,jan,328,2,-1,0,unknown,no,2024-09-29 21:00:00
44,blue-collar,single,secondary,no,641,no,no,unknown,15,may,257,1,-1,0,unknown,no,2024-09-29 22:00:00
45,blue-collar,divorced,primary,no,102,yes,no,cellular,11,may,282,1,-1,0,unknown,no,2024-09-29 23:00:00
57,retired,married,primary,yes,-1480,yes,no,unknown,2,jun,319,5,-1,0,unknown,no,2024-09-30 00:00:00
26,services,single,tertiary,no,1140,yes,no,cellular,6,feb,984,2,-1,0,unknown,yes,2024-09-30 01:00:00
38,management,single,tertiary,no,35,yes,no,cellular,17,apr,156,1,273,3,failure,no,2024-09-30 02:00:00
33,management,married,tertiary,no,1109,no,no,cellular,22,aug,306,2,-1,0,unknown,no,2024-09-30 03:00:00
48,technician,married,secondary,yes,295,no,yes,cellular,17,nov,190,2,-1,0,unknown,no,2024-09-30 04:00:00
42,admin.,single,tertiary,no,519,yes,no,unknown,2,jun,150,3,-1,0,unknown,no,2024-09-30 05:00:00
41,blue-collar,married,primary,no,4,no,no,cellular,23,jul,74,5,-1,0,unknown,no,2024-09-30 06:00:00
70,retired,married,primary,no,2795,no,no,cellular,8,jul,480,1,181,2,success,yes,2024-09-30 07:00:00
37,management,divorced,tertiary,no,443,yes,no,cellular,9,apr,240,3,-1,0,unknown,no,2024-09-30 08:00:00
38,technician,married,secondary,no,-228,yes,no,cellular,7,jul,162,4,-1,0,unknown,no,2024-09-30 09:00:00
35,management,married,primary,no,-326,yes,yes,cellular,20,nov,518,2,-1,0,unknown,no,2024-09-30 10:00:00
59,management,married,tertiary,no,3969,no,no,cellular,18,nov,464,3,-1,0,unknown,no,2024-09-30 11:00:00
51,blue-collar,married,secondary,no,1414,yes,no,unknown,17,nov,422,3,186,2,failure,no,2024-09-30 12:00:00
44,housemaid,married,primary,no,1037,yes,no,cellular,21,jul,319,1,-1,0,unknown,no,2024-09-30 13:00:00
27,admin.,married,secondary,no,16,yes,no,cellular,3,feb,54,3,-1,0,unknown,no,2024-09-30 14:00:00
33,management,single,tertiary,no,12,no,no,cellular,20,aug,471,5,-1,0,unknown,no,2024-09-30 15:00:00
38,management,married,secondary,no,124,no,no,cellular,20,aug,202,2,-1,0,unknown,no,2024-09-30 16:00:00
45,management,married,tertiary,no,2363,no,no,cellular,30,jan,125,1,2,1,other,no,2024-09-30 17:00:00
30,technician,single,secondary,yes,1,no,no,cellular,7,aug,407,4,-1,0,unknown,no,2024-09-30 18:00:00
57,management,married,tertiary,no,8141,no,no,cellular,2,feb,37,1,-1,0,unknown,no,2024-09-30 19:00:00
56,blue-collar,married,secondary,no,1521,yes,yes,cellular,21,nov,19,2,179,3,other,no,2024-09-30 20:00:00
56,entrepreneur,married,secondary,no,1272,no,no,cellular,6,feb,290,2,-1,0,unknown,no,2024-09-30 21:00:00
33,management,single,tertiary,no,3552,no,no,cellular,13,feb,158,2,85,3,failure,yes,2024-09-30 22:00:00
46,admin.,divorced,secondary,no,3280,no,no,cellular,1,jun,110,1,-1,0,unknown,no,2024-09-30 23:00:00
61,retired,divorced,secondary,no,0,no,no,cellular,5,may,272,3,-1,0,unknown,no,2024-10-01 00:00:00
41,management,married,secondary,no,3096,yes,no,cellular,24,jul,273,6,-1,0,unknown,no,2024-10-01 01:00:00
37,blue-collar,married,secondary,no,4321,no,no,cellular,8,sep,421,2,95,1,success,no,2024-10-01 02:00:00
36,blue-collar,married,primary,no,994,yes,no,cellular,14,may,154,2,356,8,success,no,2024-10-01 03:00:00
34,entrepreneur,married,primary,no,1188,yes,no,cellular,18,jul,1503,11,-1,0,unknown,no,2024-10-01 04:00:00
48,blue-collar,married,primary,no,0,no,yes,cellular,5,aug,67,1,-1,0,unknown,no,2024-10-01 05:00:00
38,blue-collar,divorced,secondary,no,0,yes,no,cellular,19,nov,230,1,-1,0,unknown,no,2024-10-01 06:00:00
25,services,single,secondary,no,216,yes,no,cellular,14,may,175,3,-1,0,unknown,no,2024-10-01 07:00:00
37,unemployed,married,tertiary,no,1851,no,no,cellular,30,apr,166,1,-1,0,unknown,no,2024-10-01 08:00:00
32,admin.,divorced,secondary,no,335,yes,no,unknown,21,may,501,2,-1,0,unknown,no,2024-10-01 09:00:00
50,housemaid,single,secondary,no,799,no,no,telephone,28,jan,63,1,-1,0,unknown,no,2024-10-01 10:00:00
60,retired,married,primary,no,415,no,no,unknown,18,jun,49,2,-1,0,unknown,no,2024-10-01 11:00:00
46,self-employed,married,tertiary,no,1148,no,no,telephone,29,jul,104,2,-1,0,unknown,no,2024-10-01 12:00:00
33,services,married,secondary,no,804,yes,yes,unknown,8,may,266,1,-1,0,unknown,no,2024-10-01 13:00:00
47,blue-collar,married,primary,no,673,no,yes,cellular,14,aug,106,6,-1,0,unknown,no,2024-10-01 14:00:00
44,self-employed,married,secondary,no,6553,no,no,unknown,16,jun,195,2,-1,0,unknown,no,2024-10-01 15:00:00
49,admin.,single,secondary,no,4509,no,no,unknown,6,jun,42,2,-1,0,unknown,no,2024-10-01 16:00:00
38,blue-collar,married,primary,no,0,yes,no,unknown,3,jun,179,2,-1,0,unknown,no,2024-10-01 17:00:00
46,technician,divorced,secondary,no,0,yes,yes,cellular,8,may,306,1,262,1,other,no,2024-10-01 18:00:00
37,technician,divorced,secondary,yes,325,yes,yes,unknown,5,jun,487,1,-1,0,unknown,no,2024-10-01 19:00:00
28,admin.,married,secondary,no,576,yes,yes,cellular,18,may,20,6,-1,0,unknown,no,2024-10-01 20:00:00
38,admin.,married,tertiary,no,1209,no,no,cellular,31,jul,98,5,-1,0,unknown,no,2024-10-01 21:00:00
49,entrepreneur,married,primary,no,282,yes,yes,cellular,13,may,99,1,-1,0,unknown,no,2024-10-01 22:00:00
36,management,married,tertiary,no,635,yes,no,cellular,18,jul,359,1,-1,0,unknown,no,2024-10-01 23:00:00
43,admin.,single,secondary,no,1022,yes,no,cellular,5,feb,163,3,276,2,failure,no,2024-10-02 00:00:00
26,admin.,single,secondary,no,581,yes,yes,unknown,4,jun,444,3,-1,0,unknown,no,2024-10-02 01:00:00
25,unemployed,married,tertiary,no,118,no,yes,telephone,10,jul,45,1,-1,0,unknown,no,2024-10-02 02:00:00
54,blue-collar,married,secondary,no,254,yes,no,unknown,6,may,66,2,-1,0,unknown,no,2024-10-02 03:00:00
31,services,single,secondary,no,6374,yes,no,unknown,23,may,922,2,-1,0,unknown,no,2024-10-02 04:00:00
41,blue-collar,married,secondary,no,140,yes,no,cellular,3,jun,96,1,125,2,failure,no,2024-10-02 05:00:00
59,blue-collar,married,primary,no,2814,no,no,unknown,20,jun,81,3,-1,0,unknown,no,2024-10-02 06:00:00
52,management,divorced,tertiary,no,95,no,no,cellular,13,aug,91,2,-1,0,unknown,no,2024-10-02 07:00:00
50,blue-collar,married,primary,no,9202,no,no,cellular,18,aug,204,7,-1,0,unknown,no,2024-10-02 08:00:00
32,technician,single,secondary,no,224,no,no,cellular,29,aug,451,4,-1,0,unknown,no,2024-10-02 09:00:00
49,technician,divorced,secondary,yes,-757,yes,yes,unknown,2,jun,68,1,-1,0,unknown,no,2024-10-02 10:00:00
25,admin.,married,secondary,no,7,yes,yes,cellular,22,jul,209,3,-1,0,unknown,no,2024-10-02 11:00:00
40,blue-collar,married,primary,no,3658,yes,no,unknown,14,may,977,1,-1,0,unknown,no,2024-10-02 12:00:00
43,technician,divorced,unknown,no,4389,no,no,telephone,2,jul,632,2,85,1,success,yes,2024-10-02 13:00:00
33,self-employed,divorced,secondary,no,969,yes,no,unknown,17,jun,166,2,-1,0,unknown,no,2024-10-02 14:00:00
41,technician,married,secondary,no,417,no,no,cellular,27,aug,77,3,-1,0,unknown,no,2024-10-02 15:00:00
54,blue-collar,married,primary,no,209,no,yes,unknown,17,nov,206,1,-1,0,unknown,no,2024-10-02 16:00:00
54,services,married,unknown,no,7864,yes,no,unknown,15,may,145,4,-1,0,unknown,no,2024-10-02 17:00:00
70,retired,married,secondary,no,0,no,no,cellular,27,oct,258,1,92,5,success,yes,2024-10-02 18:00:00
32,technician,married,secondary,no,14,no,no,cellular,22,aug,313,6,-1,0,unknown,no,2024-10-02 19:00:00
45,management,married,tertiary,no,6945,no,no,cellular,5,aug,131,5,356,3,failure,no,2024-10-02 20:00:00
35,technician,married,secondary,no,840,yes,no,cellular,29,jul,281,4,-1,0,unknown,no,2024-10-02 21:00:00
42,blue-collar,married,primary,no,402,no,no,cellular,13,may,31,7,330,17,failure,no,2024-10-02 22:00:00
49,technician,married,secondary,no,148,no,no,unknown,19,jun,13,1,-1,0,unknown,no,2024-10-02 23:00:00
47,management,married,tertiary,no,4879,no,no,cellular,6,jul,96,3,340,3,failure,no,2024-10-03 00:00:00
53,technician,divorced,secondary,no,320,no,no,cellular,9,jul,175,1,-1,0,unknown,no,2024-10-03 01:00:00
32,management,single,tertiary,no,12569,no,no,cellular,1,jul,561,2,295,2,success,yes,2024-10-03 02:00:00
46,housemaid,divorced,primary,no,2084,yes,no,cellular,18,jul,1081,2,-1,0,unknown,yes,2024-10-03 03:00:00
46,self-employed,divorced,tertiary,no,926,yes,no,cellular,19,nov,168,2,153,1,other,no,2024-10-03 04:00:00
28,admin.,married,secondary,no,9779,yes,yes,unknown,28,may,480,2,-1,0,unknown,no,2024-10-03 05:00:00
40,services,divorced,secondary,no,-81,no,yes,cellular,23,jul,186,1,-1,0,unknown,no,2024-10-03 06:00:00
45,blue-collar,married,secondary,no,3092,yes,yes,cellular,12,may,180,2,-1,0,unknown,no,2024-10-03 07:00:00
42,unemployed,married,secondary,no,-523,yes,no,cellular,11,may,327,2,-1,0,unknown,no,2024-10-03 08:00:00
35,technician,married,secondary,no,2189,no,no,cellular,19,nov,256,3,-1,0,unknown,no,2024-10-03 09:00:00
32,technician,single,secondary,no,801,yes,no,cellular,17,apr,637,1,-1,0,unknown,no,2024-10-03 10:00:00
51,entrepreneur,married,tertiary,no,5254,yes,no,unknown,23,oct,134,1,-1,0,unknown,yes,2024-10-03 11:00:00
54,entrepreneur,divorced,secondary,no,104,yes,no,unknown,12,may,391,1,-1,0,unknown,no,2024-10-03 12:00:00
37,admin.,married,secondary,no,1207,yes,no,telephone,6,apr,1353,2,138,2,success,yes,2024-10-03 13:00:00
34,admin.,married,tertiary,no,0,no,no,cellular,28,jan,155,2,-1,0,unknown,yes,2024-10-03 14:00:00
32,blue-collar,single,secondary,no,232,no,no,unknown,13,dec,232,1,-1,0,unknown,no,2024-10-03 15:00:00
36,technician,married,tertiary,no,0,no,no,cellular,20,aug,245,1,-1,0,unknown,no,2024-10-03 16:00:00
54,housemaid,married,secondary,no,991,no,no,telephone,31,jul,11,6,-1,0,unknown,no,2024-10-03 17:00:00
55,technician,divorced,secondary,no,3450,no,no,cellular,11,aug,110,1,-1,0,unknown,no,2024-10-03 18:00:00
26,services,single,secondary,no,1347,no,no,telephone,18,jun,280,6,92,5,other,yes,2024-10-03 19:00:00
50,management,married,tertiary,no,0,no,no,cellular,10,aug,232,3,130,3,other,no,2024-10-03 20:00:00
36,admin.,married,secondary,no,-294,yes,no,cellular,18,may,148,1,-1,0,unknown,no,2024-10-03 21:00:00
29,technician,single,secondary,no,-166,yes,no,unknown,16,may,323,2,-1,0,unknown,no,2024-10-03 22:00:00
80,retired,married,secondary,no,173,no,no,cellular,2,aug,87,3,-1,0,unknown,no,2024-10-03 23:00:00
41,management,married,tertiary,no,5,yes,no,cellular,7,apr,542,3,140,3,failure,no,2024-10-04 00:00:00
41,self-employed,single,tertiary,no,1081,no,no,cellular,27,may,229,3,-1,0,unknown,yes,2024-10-04 01:00:00
54,technician,single,unknown,no,1695,no,no,unknown,16,jun,168,1,-1,0,unknown,no,2024-10-04 02:00:00
43,admin.,divorced,secondary,no,738,yes,no,cellular,21,nov,585,4,191,4,failure,no,2024-10-04 03:00:00
36,management,married,tertiary,no,293,yes,no,unknown,27,may,287,4,-1,0,unknown,no,2024-10-04 04:00:00
58,entrepreneur,married,tertiary,no,925,yes,no,cellular,21,nov,65,1,-1,0,unknown,no,2024-10-04 05:00:00
49,management,married,tertiary,no,5711,yes,no,cellular,21,nov,382,3,-1,0,unknown,no,2024-10-04 06:00:00
51,management,married,tertiary,no,1392,no,no,cellular,7,jul,511,3,-1,0,unknown,no,2024-10-04 07:00:00
35,unemployed,married,primary,no,859,no,no,unknown,9,jun,330,3,-1,0,unknown,no,2024-10-04 08:00:00
39,technician,single,secondary,no,1685,yes,no,cellular,8,may,319,1,368,1,failure,no,2024-10-04 09:00:00
57,retired,divorced,secondary,no,1029,yes,no,cellular,8,may,165,1,-1,0,unknown,no,2024-10-04 10:00:00
36,technician,married,secondary,no,377,yes,yes,cellular,19,nov,135,1,-1,0,unknown,no,2024-10-04 11:00:00
37,services,married,tertiary,no,0,yes,no,unknown,30,may,55,1,-1,0,unknown,no,2024-10-04 12:00:00
59,retired,married,unknown,no,613,no,no,cellular,19,aug,75,2,-1,0,unknown,no,2024-10-04 13:00:00
39,entrepreneur,married,secondary,no,3471,yes,no,cellular,27,may,113,1,-1,0,unknown,no,2024-10-04 14:00:00
40,management,married,tertiary,no,413,yes,no,unknown,14,may,150,1,-1,0,unknown,no,2024-10-04 15:00:00
35,blue-collar,married,secondary,no,229,no,no,unknown,26,may,435,3,-1,0,unknown,no,2024-10-04 16:00:00
38,admin.,single,secondary,no,883,yes,no,cellular,12,may,95,1,327,9,other,no,2024-10-04 17:00:00
32,blue-collar,single,secondary,yes,130,no,no,unknown,26,jun,406,2,-1,0,unknown,no,2024-10-04 18:00:00
42,blue-collar,married,primary,no,560,yes,yes,cellular,16,apr,122,4,149,2,failure,no,2024-10-04 19:00:00
49,management,married,tertiary,no,2809,yes,no,cellular,27,aug,152,9,-1,0,unknown,no,2024-10-04 20:00:00
45,blue-collar,married,primary,no,1691,yes,no,unknown,14,may,57,1,-1,0,unknown,no,2024-10-04 21:00:00
47,technician,married,secondary,no,-54,yes,no,cellular,16,apr,172,2,-1,0,unknown,no,2024-10-04 22:00:00
57,housemaid,married,primary,no,1183,no,no,cellular,19,aug,111,4,-1,0,unknown,no,2024-10-04 23:00:00
59,housemaid,single,unknown,no,4639,no,no,unknown,20,jun,24,5,-1,0,unknown,no,2024-10-05 00:00:00
31,blue-collar,married,primary,no,605,yes,no,unknown,15,may,334,10,-1,0,unknown,no,2024-10-05 01:00:00
31,services,single,secondary,no,181,no,no,cellular,13,nov,239,2,93,2,success,yes,2024-10-05 02:00:00
31,management,single,tertiary,no,444,yes,no,unknown,19,may,114,2,-1,0,unknown,no,2024-10-05 03:00:00
51,technician,married,secondary,no,3899,yes,yes,telephone,18,nov,82,6,-1,0,unknown,no,2024-10-05 04:00:00
43,services,married,secondary,no,774,no,no,cellular,25,mar,101,1,421,1,success,yes,2024-10-05 05:00:00
41,admin.,divorced,secondary,no,762,yes,no,unknown,6,jun,319,4,-1,0,unknown,no,2024-10-05 06:00:00
40,management,single,unknown,no,838,yes,no,unknown,12,may,619,3,-1,0,unknown,no,2024-10-05 07:00:00
45,admin.,single,secondary,no,-342,no,yes,unknown,30,jun,158,1,-1,0,unknown,no,2024-10-05 08:00:00
23,blue-collar,single,secondary,no,780,yes,no,cellular,15,may,416,1,-1,0,unknown,yes,2024-10-05 09:00:00
63,retired,divorced,secondary,no,4833,no,no,cellular,14,aug,415,1,-1,0,unknown,no,2024-10-05 10:00:00
42,technician,married,secondary,no,315,yes,no,unknown,6,may,259,2,-1,0,unknown,no,2024-10-05 11:00:00
25,technician,single,secondary,no,7103,yes,no,cellular,28,may,188,3,10,1,failure,yes,2024-10-05 12:00:00
41,blue-collar,married,secondary,yes,720,no,yes,cellular,24,jul,651,1,-1,0,unknown,yes,2024-10-05 13:00:00
26,services,single,secondary,no,-72,yes,no,unknown,30,jun,82,9,-1,0,unknown,no,2024-10-05 14:00:00
38,blue-collar,married,primary,no,8637,yes,no,unknown,11,jun,119,1,-1,0,unknown,no,2024-10-05 15:00:00
31,technician,single,tertiary,no,948,yes,no,unknown,8,may,91,2,-1,0,unknown,no,2024-10-05 16:00:00
56,services,married,secondary,no,4309,yes,no,unknown,9,jun,465,6,-1,0,unknown,no,2024-10-05 17:00:00
28,technician,single,secondary,no,205,yes,no,unknown,12,may,92,3,-1,0,unknown,no,2024-10-05 18:00:00
40,blue-collar,married,secondary,no,327,yes,no,unknown,29,may,134,1,-1,0,unknown,no,2024-10-05 19:00:00
46,technician,married,tertiary,no,217,yes,no,cellular,14,may,141,1,346,2,other,no,2024-10-05 20:00:00
57,retired,married,secondary,no,283,no,no,cellular,7,aug,123,2,-1,0,unknown,no,2024-10-05 21:00:00
57,retired,married,tertiary,no,1180,yes,yes,unknown,14,may,191,2,-1,0,unknown,no,2024-10-05 22:00:00
38,management,divorced,tertiary,no,1149,yes,no,cellular,14,may,91,4,-1,0,unknown,no,2024-10-05 23:00:00
29,management,single,tertiary,no,5359,no,no,cellular,18,feb,147,1,-1,0,unknown,yes,2024-10-06 00:00:00
57,admin.,married,secondary,no,1509,yes,no,cellular,18,nov,509,1,-1,0,unknown,no,2024-10-06 01:00:00
24,admin.,single,secondary,no,5,no,no,cellular,7,apr,66,1,330,1,failure,no,2024-10-06 02:00:00
31,blue-collar,single,primary,no,864,yes,no,telephone,14,may,113,2,-1,0,unknown,no,2024-10-06 03:00:00
33,technician,divorced,primary,no,20,yes,no,unknown,15,may,172,4,-1,0,unknown,no,2024-10-06 04:00:00
28,blue-collar,married,secondary,no,1020,yes,no,unknown,28,may,251,1,-1,0,unknown,no,2024-10-06 05:00:00
32,management,single,secondary,no,160,yes,no,unknown,14,may,48,1,-1,0,unknown,no,2024-10-06 06:00:00
42,blue-collar,married,primary,no,2273,yes,no,cellular,29,jul,98,2,-1,0,unknown,no,2024-10-06 07:00:00
59,retired,married,tertiary,no,2512,no,no,cellular,29,jul,167,4,-1,0,unknown,no,2024-10-06 08:00:00
37,admin.,single,primary,no,912,yes,no,cellular,12,may,637,3,328,22,other,yes,2024-10-06 09:00:00
30,blue-collar,single,secondary,no,522,no,no,cellular,6,feb,197,3,-1,0,unknown,no,2024-10-06 10:00:00
40,management,married,secondary,no,830,no,no,cellular,22,aug,155,6,-1,0,unknown,no,2024-10-06 11:00:00
46,technician,married,tertiary,no,0,no,no,unknown,6,jun,159,1,-1,0,unknown,no,2024-10-06 12:00:00
47,management,divorced,tertiary,no,428,yes,no,cellular,18,nov,116,1,167,1,other,no,2024-10-06 13:00:00
31,management,single,tertiary,no,-446,no,no,cellular,19,aug,156,4,-1,0,unknown,no,2024-10-06 14:00:00
47,retired,divorced,secondary,no,47,no,no,cellular,29,jan,489,1,-1,0,unknown,no,2024-10-06 15:00:00
45,admin.,married,secondary,no,25,yes,no,unknown,28,may,82,4,-1,0,unknown,no,2024-10-06 16:00:00
38,services,married,secondary,no,369,yes,no,telephone,7,may,224,1,-1,0,unknown,no,2024-10-06 17:00:00
46,technician,divorced,secondary,no,-90,no,yes,telephone,17,oct,270,1,-1,0,unknown,yes,2024-10-06 18:00:00
45,services,married,secondary,no,1259,yes,no,unknown,6,may,507,1,-1,0,unknown,no,2024-10-06 19:00:00
34,technician,married,secondary,no,351,yes,no,cellular,18,jul,467,1,-1,0,unknown,no,2024-10-06 20:00:00
30,management,single,tertiary,no,2017,yes,no,cellular,18,may,213,4,-1,0,unknown,no,2024-10-06 21:00:00
33,services,married,tertiary,no,546,yes,yes,unknown,9,may,253,1,-1,0,unknown,no,2024-10-06 22:00:00
33,technician,married,secondary,no,2044,yes,no,cellular,4,may,532,3,-1,0,unknown,yes,2024-10-06 23:00:00
40,self-employed,married,tertiary,no,2977,yes,no,cellular,19,nov,375,1,125,1,failure,no,2024-10-07 00:00:00
28,student,single,tertiary,no,471,yes,no,cellular,6,may,209,1,-1,0,unknown,no,2024-10-07 01:00:00
36,management,single,tertiary,no,3669,no,no,cellular,20,apr,166,1,376,1,other,no,2024-10-07 02:00:00
45,housemaid,married,primary,no,3,yes,yes,unknown,17,jun,128,1,-1,0,unknown,no,2024-10-07 03:00:00
44,entrepreneur,married,secondary,no,242,no,yes,cellular,21,jul,100,4,-1,0,unknown,no,2024-10-07 04:00:00
49,blue-collar,married,secondary,no,233,yes,no,cellular,25,jul,179,2,-1,0,unknown,no,2024-10-07 05:00:00
36,entrepreneur,single,tertiary,no,658,yes,no,unknown,16,jun,61,3,-1,0,unknown,no,2024-10-07 06:00:00
32,technician,married,tertiary,no,1868,no,no,cellular,27,aug,186,16,-1,0,unknown,no,2024-10-07 07:00:00
56,retired,married,primary,no,855,no,no,unknown,5,jun,140,2,-1,0,unknown,no,2024-10-07 08:00:00
33,blue-collar,married,primary,no,211,yes,no,unknown,12,may,172,2,-1,0,unknown,no,2024-10-07 09:00:00
31,technician,single,primary,no,449,yes,no,unknown,28,may,174,1,-1,0,unknown,no,2024-10-07 10:00:00
75,retired,divorced,primary,no,852,no,no,cellular,16,sep,228,1,185,1,failure,no,2024-10-07 11:00:00
27,unemployed,single,secondary,no,1301,no,no,cellular,9,feb,817,5,-1,0,unknown,no,2024-10-07 12:00:00
33,technician,single,tertiary,no,461,yes,no,cellular,4,feb,189,1,-1,0,unknown,no,2024-10-07 13:00:00
40,management,married,tertiary,no,2935,yes,no,cellular,18,aug,192,2,-1,0,unknown,no,2024-10-07 14:00:00
51,services,single,secondary,no,5610,yes,no,cellular,19,nov,69,2,-1,0,unknown,no,2024-10-07 15:00:00
38,admin.,divorced,secondary,no,19,yes,no,cellular,5,feb,1130,3,251,2,success,yes,2024-10-07 16:00:00
61,housemaid,married,primary,no,2580,no,no,cellular,16,sep,270,3,202,7,other,yes,2024-10-07 17:00:00
33,management,married,tertiary,no,299,no,no,cellular,11,aug,378,4,-1,0,unknown,no,2024-10-07 18:00:00
29,management,married,secondary,no,231,no,no,cellular,30,apr,80,1,-1,0,unknown,no,2024-10-07 19:00:00
43,management,single,tertiary,no,946,no,no,telephone,28,aug,40,1,-1,0,unknown,no,2024-10-07 20:00:00
33,technician,married,secondary,no,241,yes,no,cellular,13,may,1108,3,-1,0,unknown,no,2024-10-07 21:00:00
54,management,married,tertiary,no,1090,no,no,cellular,21,aug,160,7,-1,0,unknown,no,2024-10-07 22:00:00
49,management,divorced,tertiary,no,1253,yes,no,cellular,14,may,83,2,-1,0,unknown,no,2024-10-07 23:00:00
42,blue-collar,married,secondary,no,0,yes,no,cellular,21,nov,328,6,-1,0,unknown,no,2024-10-08 00:00:00
33,unemployed,married,secondary,no,1211,no,no,cellular,7,aug,456,1,-1,0,unknown,yes,2024-10-08 01:00:00
38,blue-collar,single,primary,no,378,yes,no,cellular,18,may,169,1,-1,0,unknown,no,2024-10-08 02:00:00
33,management,divorced,tertiary,no,2885,no,no,cellular,5,aug,1051,2,-1,0,unknown,yes,2024-10-08 03:00:00
40,technician,divorced,secondary,no,-375,yes,no,cellular,13,may,60,5,-1,0,unknown,no,2024-10-08 04:00:00
40,technician,single,tertiary,no,431,no,no,cellular,7,jul,180,2,-1,0,unknown,yes,2024-10-08 05:00:00
53,blue-collar,divorced,primary,no,559,no,no,telephone,9,feb,16,5,-1,0,unknown,no,2024-10-08 06:00:00
44,management,divorced,tertiary,no,3932,yes,no,unknown,8,may,40,2,-1,0,unknown,no,2024-10-08 07:00:00
38,technician,married,secondary,no,1696,no,no,cellular,20,nov,267,2,-1,0,unknown,no,2024-10-08 08:00:00
52,self-employed,married,secondary,no,1066,yes,no,unknown,16,may,65,3,-1,0,unknown,no,2024-10-08 09:00:00
36,management,married,tertiary,no,673,yes,no,cellular,16,jul,689,1,-1,0,unknown,yes,2024-10-08 10:00:00
38,entrepreneur,married,tertiary,no,7752,yes,no,cellular,15,jul,138,4,-1,0,unknown,no,2024-10-08 11:00:00
34,admin.,married,secondary,no,3185,yes,no,cellular,20,nov,93,1,191,1,failure,no,2024-10-08 12:00:00
56,management,married,tertiary,no,0,no,yes,unknown,20,jun,422,1,-1,0,unknown,yes,2024-10-08 13:00:00
32,blue-collar,married,secondary,no,4996,yes,no,unknown,20,may,205,2,-1,0,unknown,no,2024-10-08 14:00:00
59,blue-collar,divorced,primary,no,1265,no,yes,cellular,7,jul,849,1,-1,0,unknown,yes,2024-10-08 15:00:00
36,management,single,tertiary,no,8,no,no,cellular,29,jul,858,7,-1,0,unknown,no,2024-10-08 16:00:00
41,management,married,tertiary,no,1408,no,no,cellular,23,jul,403,3,-1,0,unknown,no,2024-10-08 17:00:00
36,technician,married,secondary,no,2474,yes,no,cellular,12,aug,107,1,-1,0,unknown,no,2024-10-08 18:00:00
32,management,married,tertiary,no,91,no,no,cellular,18,may,126,2,356,2,failure,no,2024-10-08 19:00:00
32,management,single,tertiary,no,776,no,no,cellular,25,aug,361,8,-1,0,unknown,no,2024-10-08 20:00:00
43,services,divorced,secondary,no,-287,yes,no,cellular,20,apr,580,4,-1,0,unknown,no,2024-10-08 21:00:00
34,blue-collar,married,primary,no,197,yes,no,cellular,22,jul,181,1,-1,0,unknown,no,2024-10-08 22:00:00
39,blue-collar,married,secondary,no,648,yes,no,cellular,29,jan,85,2,240,1,failure,no,2024-10-08 23:00:00
58,management,divorced,tertiary,no,0,no,no,cellular,22,aug,73,3,-1,0,unknown,no,2024-10-09 00:00:00
36,technician,single,secondary,no,1615,yes,no,cellular,11,may,622,1,-1,0,unknown,no,2024-10-09 01:00:00
58,unknown,married,primary,no,7369,no,no,telephone,4,jun,247,2,-1,0,unknown,no,2024-10-09 02:00:00
32,technician,married,secondary,no,-410,yes,yes,cellular,12,may,179,3,-1,0,unknown,no,2024-10-09 03:00:00
40,management,single,tertiary,no,1845,yes,no,unknown,3,jun,134,3,-1,0,unknown,no,2024-10-09 04:00:00
26,management,single,tertiary,no,948,yes,no,cellular,17,aug,125,1,-1,0,unknown,no,2024-10-09 05:00:00
38,self-employed,married,secondary,no,-10,no,no,unknown,2,jun,137,7,-1,0,unknown,no,2024-10-09 06:00:00
47,blue-collar,married,primary,no,-187,no,no,unknown,3,jul,652,1,-1,0,unknown,no,2024-10-09 07:00:00
51,management,married,tertiary,no,7631,no,no,cellular,20,aug,896,8,-1,0,unknown,no,2024-10-09 08:00:00
37,admin.,divorced,secondary,no,246,yes,no,cellular,11,may,288,1,360,2,failure,no,2024-10-09 09:00:00
28,admin.,single,secondary,no,1143,yes,yes,unknown,4,jul,260,3,-1,0,unknown,no,2024-10-09 10:00:00
43,services,divorced,secondary,no,0,yes,no,unknown,6,may,125,2,-1,0,unknown,no,2024-10-09 11:00:00
47,management,married,tertiary,no,0,no,no,cellular,4,aug,491,1,-1,0,unknown,no,2024-10-09 12:00:00
38,technician,divorced,secondary,no,0,yes,no,cellular,16,apr,867,1,-1,0,unknown,no,2024-10-09 13:00:00
58,management,married,tertiary,no,44,yes,no,unknown,15,may,288,2,-1,0,unknown,no,2024-10-09 14:00:00
41,blue-collar,single,unknown,no,2835,yes,no,unknown,28,may,53,1,-1,0,unknown,no,2024-10-09 15:00:00
49,management,married,tertiary,no,391,no,no,unknown,17,jun,128,1,-1,0,unknown,no,2024-10-09 16:00:00
61,retired,divorced,secondary,no,4243,no,no,cellular,30,apr,315,1,182,2,success,yes,2024-10-09 17:00:00
52,admin.,married,secondary,no,0,no,yes,telephone,9,jul,60,1,-1,0,unknown,no,2024-10-09 18:00:00
42,technician,single,tertiary,no,-411,yes,no,cellular,24,jul,212,3,-1,0,unknown,no,2024-10-09 19:00:00
56,management,married,tertiary,no,5282,no,no,cellular,17,nov,113,1,-1,0,unknown,no,2024-10-09 20:00:00
60,technician,married,secondary,no,0,yes,no,telephone,24,jul,101,14,-1,0,unknown,no,2024-10-09 21:00:00
50,services,divorced,secondary,no,81,no,no,cellular,8,may,746,2,-1,0,unknown,no,2024-10-09 22:00:00
29,management,married,tertiary,no,451,no,no,cellular,4,may,54,1,96,1,failure,no,2024-10-09 23:00:00
51,admin.,divorced,tertiary,no,178,yes,no,cellular,4,feb,184,2,-1,0,unknown,no,2024-10-10 00:00:00
36,management,married,tertiary,no,2957,yes,yes,cellular,30,apr,193,2,265,3,success,no,2024-10-10 01:00:00
47,admin.,married,secondary,no,707,yes,no,cellular,29,apr,152,3,-1,0,unknown,no,2024-10-10 02:00:00
34,services,divorced,secondary,no,797,yes,no,cellular,20,nov,88,1,126,1,failure,no,2024-10-10 03:00:00
48,blue-collar,married,secondary,no,1730,yes,no,cellular,4,may,361,1,89,3,success,yes,2024-10-10 04:00:00
51,admin.,married,secondary,no,924,yes,no,unknown,16,jun,215,3,-1,0,unknown,no,2024-10-10 05:00:00
78,retired,married,tertiary,no,1204,no,no,telephone,17,nov,135,1,-1,0,unknown,yes,2024-10-10 06:00:00
36,management,married,secondary,no,1898,yes,yes,unknown,30,may,233,1,-1,0,unknown,no,2024-10-10 07:00:00
60,retired,divorced,secondary,no,1,no,no,cellular,19,feb,302,1,184,1,success,yes,2024-10-10 08:00:00
40,technician,married,secondary,no,2338,no,no,cellular,16,oct,717,2,-1,0,unknown,yes,2024-10-10 09:00:00
55,technician,married,secondary,no,477,no,no,cellular,8,jul,138,1,-1,0,unknown,no,2024-10-10 10:00:00
29,blue-collar,single,secondary,no,1550,yes,yes,cellular,13,may,228,3,-1,0,unknown,no,2024-10-10 11:00:00
44,blue-collar,married,secondary,no,476,no,no,cellular,14,jul,173,6,-1,0,unknown,no,2024-10-10 12:00:00
22,blue-collar,single,secondary,no,-189,yes,no,unknown,30,may,59,3,-1,0,unknown,no,2024-10-10 13:00:00
49,technician,married,secondary,no,702,no,no,telephone,22,aug,145,7,-1,0,unknown,no,2024-10-10 14:00:00
37,technician,single,tertiary,no,487,no,yes,unknown,4,jul,30,2,-1,0,unknown,no,2024-10-10 15:00:00
37,admin.,single,secondary,no,22,yes,no,cellular,7,may,28,2,289,5,failure,no,2024-10-10 16:00:00
49,blue-collar,married,secondary,no,8545,yes,yes,cellular,6,may,199,7,167,1,failure,no,2024-10-10 17:00:00
34,self-employed,single,tertiary,no,90,no,no,cellular,2,jun,84,1,-1,0,unknown,no,2024-10-10 18:00:00
28,admin.,married,secondary,no,-247,yes,yes,cellular,30,jan,121,1,240,2,failure,no,2024-10-10 19:00:00
39,housemaid,married,secondary,no,953,no,no,cellular,30,jan,23,6,232,3,other,no,2024-10-10 20:00:00
43,blue-collar,married,secondary,no,3060,yes,no,unknown,15,may,253,2,-1,0,unknown,no,2024-10-10 21:00:00
36,blue-collar,married,primary,no,403,yes,no,unknown,4,jun,920,1,-1,0,unknown,yes,2024-10-10 22:00:00
25,services,single,secondary,no,-41,no,yes,cellular,14,jul,114,2,-1,0,unknown,no,2024-10-10 23:00:00
40,admin.,single,secondary,no,178,yes,no,cellular,7,may,83,1,-1,0,unknown,no,2024-10-11 00:00:00
47,retired,married,primary,no,1464,no,no,unknown,11,jun,180,4,-1,0,unknown,no,2024-10-11 01:00:00
39,entrepreneur,divorced,tertiary,no,0,no,no,cellular,16,apr,561,3,-1,0,unknown,no,2024-10-11 02:00:00
29,entrepreneur,single,tertiary,no,402,yes,yes,cellular,29,jul,345,5,-1,0,unknown,no,2024-10-11 03:00:00
30,services,single,secondary,no,1599,no,no,cellular,11,feb,152,2,-1,0,unknown,yes,2024-10-11 04:00:00
44,admin.,single,unknown,yes,-612,yes,no,cellular,31,jul,297,1,-1,0,unknown,no,2024-10-11 05:00:00
56,unemployed,married,secondary,no,660,yes,no,unknown,6,jun,72,3,-1,0,unknown,no,2024-10-11 06:00:00
32,technician,married,secondary,no,5626,yes,no,cellular,21,nov,131,1,-1,0,unknown,no,2024-10-11 07:00:00
55,retired,divorced,secondary,no,2204,no,no,cellular,22,feb,261,1,264,1,failure,yes,2024-10-11 08:00:00
73,retired,married,tertiary,no,1641,yes,no,cellular,27,feb,49,2,-1,0,unknown,yes,2024-10-11 09:00:00
41,management,divorced,tertiary,no,5037,no,no,cellular,23,apr,252,9,185,5,other,yes,2024-10-11 10:00:00
51,entrepreneur,married,tertiary,no,3921,yes,no,cellular,5,may,168,1,-1,0,unknown,no,2024-10-11 11:00:00
30,admin.,divorced,secondary,no,83,yes,yes,unknown,6,may,310,1,-1,0,unknown,no,2024-10-11 12:00:00
48,unemployed,married,tertiary,no,-471,yes,no,unknown,19,may,668,7,-1,0,unknown,no,2024-10-11 13:00:00
42,blue-collar,married,primary,no,170,yes,no,unknown,19,may,51,41,-1,0,unknown,no,2024-10-11 14:00:00
37,services,married,primary,yes,-483,yes,yes,cellular,6,may,222,2,168,3,failure,no,2024-10-11 15:00:00
34,services,single,tertiary,no,49,yes,no,cellular,4,feb,250,1,-1,0,unknown,no,2024-10-11 16:00:00
25,admin.,married,secondary,no,894,yes,no,unknown,28,may,328,1,-1,0,unknown,no,2024-10-11 17:00:00
37,blue-collar,married,secondary,no,287,yes,no,unknown,6,jun,191,2,-1,0,unknown,no,2024-10-11 18:00:00
56,housemaid,married,secondary,no,594,yes,yes,unknown,25,jun,151,1,-1,0,unknown,no,2024-10-11 19:00:00
40,management,married,tertiary,no,51,no,no,cellular,19,aug,164,2,-1,0,unknown,no,2024-10-11 20:00:00
30,management,single,tertiary,no,536,no,no,cellular,14,jan,362,2,91,2,success,yes,2024-10-11 21:00:00
37,admin.,single,secondary,no,-261,no,yes,cellular,10,jul,259,1,-1,0,unknown,no,2024-10-11 22:00:00
40,blue-collar,married,primary,no,1411,yes,no,cellular,12,may,224,2,357,2,failure,no,2024-10-11 23:00:00
29,management,married,tertiary,no,340,yes,no,cellular,11,may,21,6,-1,0,unknown,no,2024-10-12 00:00:00
34,blue-collar,divorced,unknown,no,172,no,no,cellular,15,jun,177,1,-1,0,unknown,yes,2024-10-12 01:00:00
31,services,married,primary,no,-732,yes,no,unknown,8,may,6,2,-1,0,unknown,no,2024-10-12 02:00:00
59,blue-collar,married,secondary,no,1376,no,yes,unknown,9,may,61,4,-1,0,unknown,no,2024-10-12 03:00:00
27,management,single,tertiary,no,1840,no,no,cellular,1,jun,220,1,28,8,other,yes,2024-10-12 04:00:00
25,management,single,tertiary,no,1098,yes,yes,cellular,8,jul,425,1,-1,0,unknown,no,2024-10-12 05:00:00
32,blue-collar,married,secondary,no,0,yes,no,unknown,28,may,386,3,-1,0,unknown,no,2024-10-12 06:00:00
39,blue-collar,married,primary,no,111,no,no,cellular,18,nov,201,2,-1,0,unknown,no,2024-10-12 07:00:00
39,management,married,tertiary,no,218,no,no,cellular,19,aug,97,9,-1,0,unknown,no,2024-10-12 08:00:00
42,services,married,secondary,no,2219,yes,no,cellular,31,jul,548,2,-1,0,unknown,no,2024-10-12 09:00:00
26,admin.,divorced,secondary,yes,-3,yes,no,unknown,13,may,181,5,-1,0,unknown,no,2024-10-12 10:00:00
38,entrepreneur,married,secondary,no,-272,no,yes,unknown,17,jun,143,2,-1,0,unknown,no,2024-10-12 11:00:00
57,retired,divorced,tertiary,no,241,no,yes,cellular,5,aug,146,1,-1,0,unknown,no,2024-10-12 12:00:00
33,self-employed,married,tertiary,no,263,no,no,cellular,14,aug,257,1,102,2,failure,no,2024-10-12 13:00:00
32,housemaid,married,tertiary,no,357,yes,no,cellular,18,nov,175,2,-1,0,unknown,no,2024-10-12 14:00:00
42,blue-collar,married,secondary,no,1598,yes,yes,cellular,16,apr,1463,2,-1,0,unknown,yes,2024-10-12 15:00:00
42,entrepreneur,married,tertiary,no,2476,yes,no,cellular,8,jul,251,1,-1,0,unknown,no,2024-10-12 16:00:00
34,admin.,married,secondary,no,0,yes,yes,cellular,9,jul,127,1,-1,0,unknown,no,2024-10-12 17:00:00
41,technician,married,secondary,no,-329,no,no,telephone,5,feb,13,8,238,9,other,no,2024-10-12 18:00:00
36,management,married,tertiary,no,287,no,yes,cellular,5,aug,156,1,-1,0,unknown,no,2024-10-12 19:00:00
37,services,single,secondary,no,99,yes,yes,cellular,20,apr,617,1,-1,0,unknown,no,2024-10-12 20:00:00
50,blue-collar,married,secondary,no,372,yes,no,telephone,11,may,21,1,-1,0,unknown,no,2024-10-12 21:00:00
32,housemaid,divorced,secondary,no,-613,yes,no,cellular,15,apr,266,2,-1,0,unknown,no,2024-10-12 22:00:00
63,retired,married,tertiary,no,133,yes,no,cellular,13,feb,104,2,-1,0,unknown,no,2024-10-12 23:00:00
46,unemployed,married,secondary,no,931,no,no,cellular,29,jul,156,5,-1,0,unknown,no,2024-10-13 00:00:00
22,blue-collar,single,secondary,no,-7,yes,no,cellular,17,apr,84,1,343,1,other,no,2024-10-13 01:00:00
46,management,divorced,secondary,no,558,no,no,cellular,19,aug,126,6,-1,0,unknown,no,2024-10-13 02:00:00
32,management,married,tertiary,no,3809,yes,no,unknown,27,may,50,5,-1,0,unknown,no,2024-10-13 03:00:00
51,management,married,secondary,no,1573,no,no,cellular,28,aug,72,18,-1,0,unknown,no,2024-10-13 04:00:00
44,technician,married,secondary,no,945,yes,no,cellular,4,aug,190,1,-1,0,unknown,no,2024-10-13 05:00:00
59,management,divorced,tertiary,no,51,no,no,cellular,28,aug,129,2,-1,0,unknown,no,2024-10-13 06:00:00
39,management,married,tertiary,no,183,yes,no,unknown,9,may,324,2,-1,0,unknown,no,2024-10-13 07:00:00
39,technician,married,secondary,no,484,no,yes,cellular,18,nov,61,1,113,3,other,no,2024-10-13 08:00:00
45,management,married,secondary,no,25,no,no,cellular,29,jan,62,3,-1,0,unknown,no,2024-10-13 09:00:00
50,blue-collar,married,primary,no,-98,no,yes,cellular,8,aug,550,2,-1,0,unknown,no,2024-10-13 10:00:00
34,blue-collar,married,secondary,no,2595,yes,yes,cellular,17,apr,126,1,336,2,other,no,2024-10-13 11:00:00
64,retired,married,primary,no,445,no,no,cellular,26,oct,338,3,186,1,other,no,2024-10-13 12:00:00
53,admin.,single,secondary,no,545,yes,no,cellular,12,may,305,1,370,1,failure,no,2024-10-13 13:00:00
49,retired,married,unknown,no,247,no,no,unknown,15,may,213,2,-1,0,unknown,no,2024-10-13 14:00:00
54,technician,married,secondary,no,473,no,yes,cellular,13,aug,112,1,-1,0,unknown,no,2024-10-13 15:00:00
39,blue-collar,married,primary,no,1411,yes,no,unknown,20,may,625,2,-1,0,unknown,no,2024-10-13 16:00:00
44,management,single,tertiary,no,0,no,yes,cellular,14,jul,289,3,-1,0,unknown,no,2024-10-13 17:00:00
51,housemaid,married,primary,no,1337,no,no,telephone,30,jul,74,6,-1,0,unknown,no,2024-10-13 18:00:00
36,technician,married,unknown,no,88,yes,yes,unknown,4,jul,124,2,-1,0,unknown,no,2024-10-13 19:00:00
30,technician,single,secondary,no,1282,no,no,cellular,6,feb,156,2,-1,0,unknown,no,2024-10-13 20:00:00
33,services,married,secondary,no,386,no,no,cellular,12,may,317,1,181,5,success,yes,2024-10-13 21:00:00
42,management,married,tertiary,no,981,yes,no,cellular,17,nov,276,1,-1,0,unknown,no,2024-10-13 22:00:00
30,technician,single,tertiary,no,849,no,no,cellular,28,aug,81,4,-1,0,unknown,no,2024-10-13 23:00:00
36,technician,single,secondary,no,103,yes,no,cellular,5,may,122,2,344,2,failure,no,2024-10-14 00:00:00
48,housemaid,single,secondary,no,1385,no,no,telephone,21,nov,270,1,-1,0,unknown,no,2024-10-14 01:00:00
52,entrepreneur,single,unknown,no,0,no,no,unknown,20,jun,9,2,-1,0,unknown,no,2024-10-14 02:00:00
56,blue-collar,married,secondary,no,249,yes,no,unknown,29,may,791,2,-1,0,unknown,yes,2024-10-14 03:00:00
60,technician,married,secondary,no,478,no,no,cellular,29,jan,139,1,171,5,failure,no,2024-10-14 04:00:00
32,management,married,tertiary,no,376,yes,no,cellular,23,mar,248,4,-1,0,unknown,yes,2024-10-14 05:00:00
55,retired,married,secondary,no,39,no,no,cellular,27,aug,281,5,-1,0,unknown,no,2024-10-14 06:00:00
33,blue-collar,married,unknown,no,695,yes,yes,cellular,21,nov,148,1,-1,0,unknown,no,2024-10-14 07:00:00
77,retired,married,secondary,no,9601,no,no,telephone,27,mar,515,1,-1,0,unknown,yes,2024-10-14 08:00:00
48,blue-collar,married,primary,no,363,yes,no,unknown,18,jun,257,6,-1,0,unknown,no,2024-10-14 09:00:00
32,technician,single,unknown,no,10600,no,no,unknown,14,may,485,2,-1,0,unknown,no,2024-10-14 10:00:00
36,admin.,single,secondary,no,-301,no,yes,cellular,22,jul,312,3,-1,0,unknown,no,2024-10-14 11:00:00
31,admin.,single,tertiary,no,253,yes,no,cellular,13,may,82,5,355,4,failure,no,2024-10-14 12:00:00
22,admin.,single,secondary,no,118,yes,no,unknown,16,may,270,1,-1,0,unknown,no,2024-10-14 13:00:00
69,retired,married,primary,no,324,no,no,cellular,4,feb,136,4,-1,0,unknown,yes,2024-10-14 14:00:00
40,blue-collar,married,secondary,yes,-94,yes,yes,unknown,7,may,227,1,-1,0,unknown,no,2024-10-14 15:00:00
32,blue-collar,married,secondary,no,113,yes,yes,unknown,20,may,235,2,-1,0,unknown,no,2024-10-14 16:00:00
50,blue-collar,married,primary,no,180,yes,no,cellular,16,apr,105,2,-1,0,unknown,no,2024-10-14 17:00:00
44,blue-collar,married,primary,no,4031,yes,no,cellular,7,may,983,4,-1,0,unknown,yes,2024-10-14 18:00:00
37,admin.,married,secondary,no,281,yes,no,unknown,16,may,279,2,-1,0,unknown,no,2024-10-14 19:00:00
25,services,married,secondary,no,50,yes,no,unknown,5,may,342,1,-1,0,unknown,no,2024-10-14 20:00:00
32,admin.,single,secondary,no,620,no,no,cellular,17,apr,211,2,343,3,failure,no,2024-10-14 21:00:00
28,blue-collar,married,secondary,no,255,yes,no,cellular,29,jan,602,2,-1,0,unknown,no,2024-10-14 22:00:00
53,management,married,tertiary,no,3754,no,no,cellular,22,apr,307,1,278,2,failure,yes,2024-10-14 23:00:00
39,blue-collar,married,secondary,yes,-16,no,no,unknown,29,may,285,2,-1,0,unknown,no,2024-10-15 00:00:00
42,technician,married,secondary,no,0,yes,yes,cellular,15,jul,257,5,-1,0,unknown,no,2024-10-15 01:00:00
48,technician,divorced,secondary,no,-154,no,no,unknown,3,jun,342,3,-1,0,unknown,no,2024-10-15 02:00:00
36,admin.,married,secondary,no,2278,yes,no,cellular,15,may,200,3,298,1,failure,no,2024-10-15 03:00:00
22,student,single,unknown,no,1232,no,no,cellular,30,jul,283,1,430,2,other,yes,2024-10-15 04:00:00
55,technician,married,secondary,no,361,yes,yes,cellular,20,nov,292,2,-1,0,unknown,no,2024-10-15 05:00:00
50,blue-collar,married,primary,no,370,yes,no,telephone,26,aug,39,6,-1,0,unknown,no,2024-10-15 06:00:00
40,admin.,single,secondary,no,1670,yes,no,unknown,18,jun,161,2,-1,0,unknown,no,2024-10-15 07:00:00
31,blue-collar,married,primary,no,1601,no,no,cellular,21,nov,521,3,-1,0,unknown,no,2024-10-15 08:00:00
26,management,single,tertiary,no,1643,no,no,cellular,12,aug,243,1,-1,0,unknown,no,2024-10-15 09:00:00
26,services,married,secondary,no,0,yes,no,unknown,7,may,180,2,-1,0,unknown,no,2024-10-15 10:00:00
40,blue-collar,married,primary,no,2562,yes,no,unknown,15,may,487,4,-1,0,unknown,no,2024-10-15 11:00:00
33,entrepreneur,single,tertiary,no,1068,yes,no,unknown,5,may,396,2,-1,0,unknown,no,2024-10-15 12:00:00
38,blue-collar,married,primary,no,362,yes,no,unknown,8,may,100,5,-1,0,unknown,no,2024-10-15 13:00:00
36,management,single,tertiary,no,7606,yes,no,unknown,30,may,917,1,-1,0,unknown,yes,2024-10-15 14:00:00
36,blue-collar,married,secondary,no,412,yes,no,unknown,15,may,244,2,-1,0,unknown,no,2024-10-15 15:00:00
25,unemployed,single,tertiary,no,2783,no,no,cellular,21,jul,137,3,-1,0,unknown,no,2024-10-15 16:00:00
54,technician,divorced,secondary,no,1663,yes,no,telephone,20,apr,41,1,150,9,other,no,2024-10-15 17:00:00
54,blue-collar,married,secondary,no,0,no,no,telephone,16,apr,1366,1,150,1,failure,no,2024-10-15 18:00:00
52,admin.,married,secondary,no,786,yes,no,cellular,6,may,164,5,-1,0,unknown,no,2024-10-15 19:00:00
32,services,single,secondary,no,481,yes,no,cellular,13,may,150,3,174,4,failure,no,2024-10-15 20:00:00
35,admin.,single,secondary,no,0,no,yes,cellular,7,jul,480,1,-1,0,unknown,no,2024-10-15 21:00:00
52,services,married,secondary,no,381,no,yes,cellular,25,aug,288,12,-1,0,unknown,no,2024-10-15 22:00:00
40,services,single,secondary,no,1547,yes,no,cellular,20,nov,405,1,-1,0,unknown,yes,2024-10-15 23:00:00
49,admin.,single,secondary,no,-412,yes,no,cellular,21,jul,31,1,-1,0,unknown,no,2024-10-16 00:00:00
25,services,single,secondary,no,156,yes,yes,cellular,25,jul,602,5,-1,0,unknown,no,2024-10-16 01:00:00
34,technician,single,tertiary,no,759,no,no,unknown,20,may,265,1,-1,0,unknown,no,2024-10-16 02:00:00
30,management,married,tertiary,no,5204,yes,no,cellular,19,nov,117,1,-1,0,unknown,no,2024-10-16 03:00:00
49,blue-collar,married,primary,no,-347,yes,yes,unknown,4,jun,213,3,-1,0,unknown,no,2024-10-16 04:00:00
31,blue-collar,single,secondary,no,2597,yes,no,unknown,12,may,189,1,-1,0,unknown,no,2024-10-16 05:00:00
55,services,married,primary,no,269,no,no,cellular,25,aug,89,4,-1,0,unknown,no,2024-10-16 06:00:00
30,management,single,tertiary,no,358,yes,no,unknown,19,may,88,51,-1,0,unknown,no,2024-10-16 07:00:00
40,admin.,married,secondary,no,260,yes,no,cellular,13,may,306,1,181,5,success,yes,2024-10-16 08:00:00
34,housemaid,married,tertiary,no,72,no,no,cellular,19,aug,113,2,-1,0,unknown,no,2024-10-16 09:00:00
49,services,married,primary,no,4713,yes,no,telephone,21,nov,33,1,-1,0,unknown,no,2024-10-16 10:00:00
35,blue-collar,single,tertiary,no,0,yes,no,cellular,21,jul,262,4,-1,0,unknown,no,2024-10-16 11:00:00
26,blue-collar,married,secondary,no,242,yes,no,cellular,24,jul,117,2,-1,0,unknown,no,2024-10-16 12:00:00
51,management,single,tertiary,no,417,yes,no,unknown,9,may,18,1,-1,0,unknown,no,2024-10-16 13:00:00
46,blue-collar,divorced,primary,no,2870,no,no,unknown,18,jun,52,6,-1,0,unknown,no,2024-10-16 14:00:00
42,services,married,secondary,no,1263,yes,no,unknown,6,may,114,2,-1,0,unknown,no,2024-10-16 15:00:00
37,blue-collar,married,secondary,no,2066,yes,yes,cellular,31,jul,34,5,-1,0,unknown,no,2024-10-16 16:00:00
59,admin.,single,secondary,no,4744,no,no,cellular,4,sep,879,1,-1,0,unknown,yes,2024-10-16 17:00:00
59,retired,divorced,tertiary,no,439,no,yes,cellular,8,jul,136,1,-1,0,unknown,no,2024-10-16 18:00:00
56,technician,single,tertiary,no,12539,no,no,cellular,18,nov,259,1,-1,0,unknown,no,2024-10-16 19:00:00
30,blue-collar,married,secondary,no,0,no,yes,cellular,21,nov,718,1,-1,0,unknown,no,2024-10-16 20:00:00
30,admin.,single,secondary,no,10735,no,no,cellular,20,nov,63,1,-1,0,unknown,no,2024-10-16 21:00:00
32,blue-collar,married,secondary,no,130,yes,no,cellular,6,may,302,2,-1,0,unknown,no,2024-10-16 22:00:00
39,admin.,married,secondary,no,260,yes,no,cellular,13,nov,226,1,94,4,success,yes,2024-10-16 23:00:00
50,technician,married,secondary,no,684,yes,no,cellular,7,aug,1834,2,-1,0,unknown,no,2024-10-17 00:00:00
32,technician,divorced,secondary,no,202,yes,no,cellular,4,feb,429,1,201,1,failure,no,2024-10-17 01:00:00
71,retired,married,secondary,no,1651,no,no,cellular,13,aug,791,2,-1,0,unknown,no,2024-10-17 02:00:00
29,blue-collar,single,secondary,no,2553,yes,no,cellular,16,apr,250,1,-1,0,unknown,no,2024-10-17 03:00:00
28,admin.,married,secondary,no,-156,yes,no,unknown,6,jun,161,5,-1,0,unknown,no,2024-10-17 04:00:00
24,technician,single,secondary,no,2019,yes,no,unknown,4,jun,1045,1,-1,0,unknown,no,2024-10-17 05:00:00
37,services,single,secondary,no,1169,no,no,cellular,4,feb,311,4,-1,0,unknown,no,2024-10-17 06:00:00
42,management,married,tertiary,no,9,yes,no,unknown,15,may,98,3,-1,0,unknown,no,2024-10-17 07:00:00
51,entrepreneur,married,unknown,no,29,yes,no,cellular,24,jul,162,1,-1,0,unknown,no,2024-10-17 08:00:00
40,technician,married,tertiary,no,602,yes,no,cellular,15,may,145,4,360,7,failure,no,2024-10-17 09:00:00
33,services,single,secondary,no,1038,no,yes,unknown,3,jul,108,1,-1,0,unknown,no,2024-10-17 10:00:00
51,management,married,tertiary,no,2635,no,no,cellular,8,mar,209,2,188,3,success,no,2024-10-17 11:00:00
30,admin.,single,secondary,no,523,no,yes,cellular,12,jun,136,3,101,1,success,no,2024-10-17 12:00:00
41,management,single,tertiary,no,598,yes,no,cellular,17,apr,155,1,-1,0,unknown,no,2024-10-17 13:00:00
54,technician,divorced,secondary,no,7449,yes,no,unknown,19,may,235,7,-1,0,unknown,no,2024-10-17 14:00:00
34,technician,single,secondary,no,2178,yes,no,cellular,26,may,41,1,-1,0,unknown,no,2024-10-17 15:00:00
39,blue-collar,married,secondary,no,1508,no,no,cellular,23,jul,281,1,-1,0,unknown,no,2024-10-17 16:00:00
27,entrepreneur,married,secondary,no,-36,no,yes,cellular,11,jul,120,10,-1,0,unknown,no,2024-10-17 17:00:00
33,management,single,tertiary,no,1431,no,no,cellular,30,apr,94,1,85,2,failure,no,2024-10-17 18:00:00
26,self-employed,single,tertiary,no,553,no,no,cellular,30,apr,347,3,-1,0,unknown,no,2024-10-17 19:00:00
43,blue-collar,married,primary,no,250,yes,no,cellular,12,may,144,5,342,16,failure,no,2024-10-17 20:00:00
51,blue-collar,divorced,secondary,yes,56,yes,yes,cellular,20,nov,71,2,-1,0,unknown,no,2024-10-17 21:00:00
28,management,single,secondary,no,1609,yes,no,cellular,18,may,98,2,315,3,failure,no,2024-10-17 22:00:00
31,services,married,secondary,no,0,yes,no,cellular,8,may,274,2,-1,0,unknown,no,2024-10-17 23:00:00
38,management,single,tertiary,no,0,no,no,cellular,29,aug,95,2,-1,0,unknown,no,2024-10-18 00:00:00
49,management,married,secondary,no,48,no,no,cellular,6,feb,526,4,-1,0,unknown,no,2024-10-18 01:00:00
26,student,single,tertiary,no,97,no,no,cellular,27,aug,382,1,-1,0,unknown,no,2024-10-18 02:00:00
23,student,single,secondary,no,922,no,no,cellular,28,may,538,2,184,9,failure,yes,2024-10-18 03:00:00
47,services,married,secondary,no,2597,yes,no,unknown,16,may,323,1,-1,0,unknown,no,2024-10-18 04:00:00
41,admin.,married,secondary,no,67,no,no,cellular,20,apr,185,2,150,2,failure,no,2024-10-18 05:00:00
28,blue-collar,single,secondary,no,-46,yes,no,cellular,2,mar,525,1,89,11,failure,yes,2024-10-18 06:00:00
59,management,married,tertiary,no,5956,no,no,cellular,3,feb,541,1,-1,0,unknown,no,2024-10-18 07:00:00
32,management,single,tertiary,no,29,yes,no,cellular,31,jul,49,24,-1,0,unknown,no,2024-10-18 08:00:00
45,admin.,married,secondary,no,5021,no,no,cellular,14,jan,233,1,-1,0,unknown,yes,2024-10-18 09:00:00
32,admin.,single,secondary,no,396,yes,no,cellular,18,may,88,1,364,1,failure,no,2024-10-18 10:00:00
51,admin.,married,unknown,yes,-12,no,no,cellular,20,aug,18,7,-1,0,unknown,no,2024-10-18 11:00:00
60,housemaid,divorced,secondary,no,387,yes,no,unknown,4,jun,235,1,-1,0,unknown,no,2024-10-18 12:00:00
37,unemployed,single,tertiary,no,1316,yes,no,cellular,10,mar,350,2,112,3,failure,yes,2024-10-18 13:00:00
30,management,married,tertiary,no,49,yes,yes,unknown,1,jul,359,1,-1,0,unknown,no,2024-10-18 14:00:00
40,services,married,secondary,no,193,yes,yes,cellular,7,jul,190,1,-1,0,unknown,no,2024-10-18 15:00:00
32,admin.,married,secondary,no,393,yes,no,cellular,9,apr,236,1,330,1,failure,no,2024-10-18 16:00:00
52,blue-collar,divorced,primary,no,98,no,yes,telephone,9,jul,271,1,-1,0,unknown,no,2024-10-18 17:00:00
32,technician,married,unknown,no,712,no,no,cellular,26,may,112,1,-1,0,unknown,no,2024-10-18 18:00:00
45,blue-collar,married,unknown,no,1529,yes,no,cellular,13,nov,181,1,197,1,success,yes,2024-10-18 19:00:00
32,blue-collar,married,primary,no,4,yes,no,unknown,26,may,76,5,-1,0,unknown,no,2024-10-18 20:00:00
46,admin.,divorced,secondary,no,2087,no,no,cellular,20,nov,768,3,-1,0,unknown,yes,2024-10-18 21:00:00
42,services,married,secondary,no,798,no,no,cellular,17,apr,80,1,338,1,other,no,2024-10-18 22:00:00
32,management,divorced,tertiary,no,1145,yes,no,cellular,11,may,580,1,350,4,success,no,2024-10-18 23:00:00
58,management,married,tertiary,no,4606,no,no,telephone,24,feb,601,2,-1,0,unknown,no,2024-10-19 00:00:00
54,management,married,tertiary,no,3395,no,no,cellular,7,aug,199,2,-1,0,unknown,no,2024-10-19 01:00:00
32,admin.,single,secondary,no,1291,yes,no,cellular,23,jul,110,2,-1,0,unknown,no,2024-10-19 02:00:00
35,entrepreneur,married,tertiary,no,355,yes,no,cellular,6,may,183,2,355,1,failure,no,2024-10-19 03:00:00
50,services,married,secondary,no,57435,yes,no,cellular,21,nov,319,3,-1,0,unknown,no,2024-10-19 04:00:00
34,admin.,single,secondary,no,557,no,no,cellular,17,nov,224,1,-1,0,unknown,yes,2024-10-19 05:00:00
55,blue-collar,divorced,primary,no,410,no,yes,cellular,11,jul,221,2,-1,0,unknown,no,2024-10-19 06:00:00
58,blue-collar,married,secondary,no,8195,yes,no,cellular,16,apr,104,1,332,2,failure,no,2024-10-19 07:00:00
32,blue-collar,divorced,secondary,no,-289,yes,no,unknown,12,jun,161,2,-1,0,unknown,no,2024-10-19 08:00:00
33,blue-collar,divorced,primary,no,176,yes,no,unknown,8,may,622,1,-1,0,unknown,no,2024-10-19 09:00:00
57,management,married,tertiary,no,-92,yes,yes,unknown,20,jun,1617,1,-1,0,unknown,yes,2024-10-19 10:00:00
31,blue-collar,married,primary,no,347,no,no,telephone,20,nov,21,1,-1,0,unknown,no,2024-10-19 11:00:00
35,management,married,tertiary,no,358,no,no,unknown,27,jun,18,1,-1,0,unknown,no,2024-10-19 12:00:00
49,management,married,tertiary,no,1,no,no,telephone,4,may,1076,3,175,1,success,yes,2024-10-19 13:00:00
44,blue-collar,married,primary,no,417,yes,no,unknown,2,jun,322,5,-1,0,unknown,no,2024-10-19 14:00:00
25,admin.,single,secondary,no,0,yes,no,unknown,6,jun,172,2,-1,0,unknown,no,2024-10-19 15:00:00
28,blue-collar,married,primary,no,237,yes,no,unknown,19,jun,498,7,-1,0,unknown,no,2024-10-19 16:00:00
36,blue-collar,married,primary,no,8135,yes,no,unknown,20,may,522,1,-1,0,unknown,no,2024-10-19 17:00:00
43,management,married,tertiary,no,704,no,no,cellular,18,jul,116,1,-1,0,unknown,no,2024-10-19 18:00:00
34,self-employed,single,tertiary,no,36,no,no,telephone,28,jan,55,1,-1,0,unknown,no,2024-10-19 19:00:00
33,blue-collar,married,secondary,no,1219,yes,no,cellular,18,may,51,3,367,4,other,no,2024-10-19 20:00:00
38,admin.,single,secondary,no,262,no,no,cellular,3,feb,315,2,180,6,failure,yes,2024-10-19 21:00:00
39,blue-collar,married,primary,no,394,yes,no,cellular,17,apr,981,2,-1,0,unknown,no,2024-10-19 22:00:00
40,admin.,married,secondary,no,-666,yes,no,unknown,27,may,107,2,-1,0,unknown,no,2024-10-19 23:00:00
44,housemaid,married,primary,yes,-972,yes,yes,unknown,16,may,114,2,-1,0,unknown,no,2024-10-20 00:00:00
36,admin.,married,secondary,no,854,yes,no,cellular,2,feb,130,1,-1,0,unknown,no,2024-10-20 01:00:00
27,blue-collar,married,secondary,no,1600,yes,no,cellular,4,feb,603,2,259,1,failure,no,2024-10-20 02:00:00
46,blue-collar,single,primary,no,96,yes,no,cellular,19,nov,217,1,-1,0,unknown,no,2024-10-20 03:00:00
32,management,married,secondary,no,251,no,no,cellular,25,aug,272,6,-1,0,unknown,no,2024-10-20 04:00:00
36,technician,married,secondary,no,25,no,no,cellular,27,aug,127,4,-1,0,unknown,no,2024-10-20 05:00:00
30,technician,married,tertiary,no,179,yes,no,cellular,25,jul,111,2,-1,0,unknown,no,2024-10-20 06:00:00
37,blue-collar,married,secondary,no,195,yes,no,unknown,1,jul,10,1,-1,0,unknown,no,2024-10-20 07:00:00
37,self-employed,divorced,tertiary,no,601,yes,no,unknown,30,may,422,1,-1,0,unknown,no,2024-10-20 08:00:00
28,management,married,tertiary,no,9664,yes,no,cellular,24,jul,497,2,-1,0,unknown,no,2024-10-20 09:00:00
26,unemployed,married,secondary,no,285,yes,no,cellular,6,may,265,2,342,2,failure,no,2024-10-20 10:00:00
48,entrepreneur,single,tertiary,no,318,yes,no,cellular,5,feb,1017,4,-1,0,unknown,yes,2024-10-20 11:00:00
35,management,married,tertiary,no,3889,yes,no,cellular,19,nov,265,2,-1,0,unknown,no,2024-10-20 12:00:00
35,blue-collar,married,primary,no,793,yes,no,cellular,17,apr,106,1,-1,0,unknown,no,2024-10-20 13:00:00
36,admin.,married,secondary,no,540,no,yes,cellular,7,aug,95,2,-1,0,unknown,no,2024-10-20 14:00:00
36,technician,divorced,secondary,no,5957,yes,no,cellular,18,nov,138,2,-1,0,unknown,no,2024-10-20 15:00:00
23,student,single,secondary,no,486,no,no,cellular,3,mar,87,1,-1,0,unknown,no,2024-10-20 16:00:00
34,blue-collar,single,secondary,no,13683,yes,no,unknown,3,jun,115,3,-1,0,unknown,no,2024-10-20 17:00:00
38,technician,married,secondary,no,922,yes,yes,cellular,17,jul,388,2,-1,0,unknown,no,2024-10-20 18:00:00
30,management,single,tertiary,no,536,no,no,cellular,2,jul,309,1,-1,0,unknown,yes,2024-10-20 19:00:00
51,technician,married,secondary,no,8758,no,no,telephone,31,jul,92,2,-1,0,unknown,no,2024-10-20 20:00:00
21,student,single,secondary,no,794,no,no,cellular,5,jun,191,1,-1,0,unknown,yes,2024-10-20 21:00:00
28,student,married,secondary,no,0,no,no,unknown,25,may,201,1,-1,0,unknown,no,2024-10-20 22:00:00
46,technician,divorced,secondary,no,-824,yes,no,cellular,7,aug,429,3,-1,0,unknown,yes,2024-10-20 23:00:00
37,technician,married,secondary,no,987,yes,yes,cellular,14,may,306,2,-1,0,unknown,no,2024-10-21 00:00:00
35,services,married,secondary,no,0,yes,no,cellular,6,may,343,3,351,1,failure,no,2024-10-21 01:00:00
25,management,single,tertiary,no,530,no,no,cellular,26,may,88,1,-1,0,unknown,no,2024-10-21 02:00:00
41,management,married,tertiary,no,72,yes,no,unknown,7,may,764,3,-1,0,unknown,no,2024-10-21 03:00:00
46,management,married,tertiary,no,326,no,no,cellular,26,aug,182,7,-1,0,unknown,no,2024-10-21 04:00:00
47,management,married,unknown,no,12245,no,no,cellular,7,jul,1103,3,-1,0,unknown,no,2024-10-21 05:00:00
51,technician,married,secondary,no,12061,yes,no,cellular,17,nov,150,1,188,1,failure,no,2024-10-21 06:00:00
42,self-employed,married,tertiary,no,52,yes,no,cellular,16,apr,432,1,-1,0,unknown,no,2024-10-21 07:00:00
31,management,single,unknown,no,1023,no,yes,cellular,9,jul,219,1,-1,0,unknown,no,2024-10-21 08:00:00
56,blue-collar,married,primary,no,175,no,yes,cellular,8,jul,188,1,-1,0,unknown,no,2024-10-21 09:00:00
29,admin.,married,secondary,no,445,yes,no,unknown,28,may,489,2,-1,0,unknown,no,2024-10-21 10:00:00
31,blue-collar,divorced,secondary,no,6,yes,no,cellular,29,jan,821,1,-1,0,unknown,no,2024-10-21 11:00:00
29,blue-collar,married,primary,no,1016,yes,no,unknown,27,may,33,1,-1,0,unknown,no,2024-10-21 12:00:00
33,self-employed,single,tertiary,no,658,yes,no,cellular,21,oct,307,1,208,1,success,yes,2024-10-21 13:00:00
54,admin.,divorced,secondary,no,1383,yes,yes,cellular,30,jul,622,4,-1,0,unknown,no,2024-10-21 14:00:00
53,management,married,secondary,no,90,yes,no,telephone,20,apr,67,5,-1,0,unknown,no,2024-10-21 15:00:00
29,student,single,secondary,no,200,yes,no,unknown,4,jun,87,2,-1,0,unknown,no,2024-10-21 16:00:00
54,blue-collar,married,secondary,no,1765,yes,no,unknown,14,may,188,1,-1,0,unknown,no,2024-10-21 17:00:00
56,management,married,primary,no,31,yes,no,cellular,12,may,215,2,-1,0,unknown,no,2024-10-21 18:00:00
35,management,married,tertiary,no,1511,yes,no,cellular,12,aug,226,4,-1,0,unknown,no,2024-10-21 19:00:00
45,retired,divorced,primary,no,261,no,no,unknown,9,jun,123,1,-1,0,unknown,no,2024-10-21 20:00:00
42,management,divorced,tertiary,no,245,no,no,cellular,14,aug,103,2,-1,0,unknown,no,2024-10-21 21:00:00
42,technician,divorced,tertiary,no,343,no,no,cellular,25,aug,87,4,-1,0,unknown,no,2024-10-21 22:00:00
40,technician,single,unknown,no,-5,yes,no,unknown,6,may,78,2,-1,0,unknown,no,2024-10-21 23:00:00
34,management,single,tertiary,no,3282,yes,no,cellular,24,jul,143,4,-1,0,unknown,no,2024-10-22 00:00:00
63,blue-collar,married,secondary,no,180,no,no,cellular,15,jul,390,2,182,5,success,yes,2024-10-22 01:00:00
44,technician,divorced,secondary,no,106,yes,no,unknown,17,nov,17,1,175,1,failure,no,2024-10-22 02:00:00
49,management,divorced,primary,no,49,no,no,unknown,9,jun,232,1,-1,0,unknown,no,2024-10-22 03:00:00
32,technician,single,secondary,no,2979,no,no,cellular,25,may,156,1,-1,0,unknown,no,2024-10-22 04:00:00
32,blue-collar,married,secondary,no,-1500,yes,no,unknown,27,may,157,2,-1,0,unknown,no,2024-10-22 05:00:00
59,management,divorced,tertiary,yes,0,no,no,cellular,22,may,239,1,-1,0,unknown,no,2024-10-22 06:00:00
37,management,married,secondary,no,58,no,no,telephone,28,aug,75,20,-1,0,unknown,no,2024-10-22 07:00:00
35,management,single,tertiary,no,671,yes,no,cellular,10,mar,112,1,-1,0,unknown,yes,2024-10-22 08:00:00
43,blue-collar,married,secondary,no,30,no,no,cellular,14,may,60,5,371,2,failure,no,2024-10-22 09:00:00
32,admin.,married,tertiary,no,0,yes,no,cellular,21,nov,102,1,-1,0,unknown,no,2024-10-22 10:00:00
47,management,single,tertiary,no,372,no,no,cellular,15,jun,257,1,-1,0,unknown,yes,2024-10-22 11:00:00
42,technician,married,tertiary,no,782,no,no,cellular,3,apr,285,1,-1,0,unknown,no,2024-10-22 12:00:00
34,entrepreneur,married,tertiary,no,10350,yes,no,unknown,8,may,187,3,-1,0,unknown,no,2024-10-22 13:00:00
56,retired,married,secondary,yes,-1122,yes,yes,cellular,21,nov,220,1,-1,0,unknown,no,2024-10-22 14:00:00
46,admin.,divorced,secondary,no,2232,no,no,cellular,13,feb,121,1,-1,0,unknown,yes,2024-10-22 15:00:00
47,admin.,married,primary,no,192,yes,no,unknown,7,may,47,1,-1,0,unknown,no,2024-10-22 16:00:00
31,blue-collar,married,secondary,no,1326,yes,no,cellular,7,may,689,1,-1,0,unknown,no,2024-10-22 17:00:00
60,retired,married,tertiary,no,1766,no,no,cellular,5,aug,344,1,-1,0,unknown,no,2024-10-22 18:00:00
25,unemployed,single,secondary,no,-230,yes,no,cellular,21,jul,113,1,-1,0,unknown,no,2024-10-22 19:00:00
29,blue-collar,married,secondary,no,2870,yes,no,cellular,16,jul,988,1,-1,0,unknown,yes,2024-10-22 20:00:00
32,technician,married,primary,no,62,yes,yes,unknown,13,may,120,1,-1,0,unknown,no,2024-10-22 21:00:00
35,blue-collar,single,secondary,no,855,yes,no,cellular,12,may,549,1,300,1,success,yes,2024-10-22 22:00:00
47,admin.,married,secondary,no,1863,yes,yes,cellular,14,may,151,4,-1,0,unknown,no,2024-10-22 23:00:00
59,blue-collar,divorced,primary,no,153,no,no,cellular,5,aug,268,2,-1,0,unknown,no,2024-10-23 00:00:00
58,retired,married,primary,no,4007,no,no,cellular,30,nov,598,4,-1,0,unknown,no,2024-10-23 01:00:00
53,self-employed,married,tertiary,no,217,no,no,cellular,11,aug,121,5,-1,0,unknown,no,2024-10-23 02:00:00
53,admin.,divorced,tertiary,no,122,no,no,cellular,27,apr,98,1,-1,0,unknown,no,2024-10-23 03:00:00
29,technician,single,secondary,yes,-368,yes,no,cellular,5,may,151,1,-1,0,unknown,no,2024-10-23 04:00:00
50,management,married,tertiary,no,1822,yes,no,cellular,20,apr,6,1,-1,0,unknown,no,2024-10-23 05:00:00
55,retired,married,tertiary,no,197,no,yes,cellular,8,jul,256,1,-1,0,unknown,no,2024-10-23 06:00:00
41,technician,divorced,secondary,no,75,no,no,cellular,20,aug,351,2,-1,0,unknown,no,2024-10-23 07:00:00
31,blue-collar,married,secondary,no,154,yes,yes,cellular,15,may,454,1,-1,0,unknown,no,2024-10-23 08:00:00
41,unemployed,married,secondary,no,0,yes,yes,cellular,5,may,400,1,-1,0,unknown,yes,2024-10-23 09:00:00
45,technician,divorced,secondary,no,809,yes,no,cellular,13,may,155,2,363,4,failure,no,2024-10-23 10:00:00
24,admin.,married,secondary,no,541,yes,no,unknown,5,jun,622,4,-1,0,unknown,no,2024-10-23 11:00:00
52,management,married,tertiary,no,1355,yes,no,cellular,30,jan,131,1,241,1,failure,no,2024-10-23 12:00:00
50,blue-collar,married,primary,no,3924,yes,no,cellular,20,apr,122,2,-1,0,unknown,no,2024-10-23 13:00:00
31,blue-collar,married,secondary,no,3298,yes,no,unknown,21,may,175,2,-1,0,unknown,no,2024-10-23 14:00:00
42,technician,married,secondary,no,166,no,no,cellular,16,jul,319,5,-1,0,unknown,no,2024-10-23 15:00:00
51,services,married,secondary,no,276,no,no,cellular,26,aug,217,2,-1,0,unknown,no,2024-10-23 16:00:00
29,self-employed,single,tertiary,no,476,yes,no,cellular,18,may,427,1,-1,0,unknown,yes,2024-10-23 17:00:00
44,services,married,secondary,no,-1621,yes,yes,unknown,3,jun,171,5,-1,0,unknown,no,2024-10-23 18:00:00
44,housemaid,married,primary,no,241,yes,no,telephone,14,jul,164,3,-1,0,unknown,no,2024-10-23 19:00:00
43,blue-collar,married,unknown,yes,-715,yes,no,unknown,30,may,67,3,-1,0,unknown,no,2024-10-23 20:00:00
46,admin.,divorced,tertiary,no,3749,yes,no,unknown,13,may,69,19,-1,0,unknown,no,2024-10-23 21:00:00
32,management,single,secondary,no,388,no,no,telephone,4,may,846,2,-1,0,unknown,no,2024-10-23 22:00:00
40,services,married,secondary,no,446,yes,no,unknown,16,may,1252,1,-1,0,unknown,yes,2024-10-23 23:00:00
45,technician,single,secondary,no,586,no,yes,cellular,28,jul,32,3,-1,0,unknown,no,2024-10-24 00:00:00
54,retired,divorced,secondary,no,451,no,yes,cellular,18,may,42,4,280,5,failure,no,2024-10-24 01:00:00
32,blue-collar,single,secondary,no,2696,yes,no,unknown,21,may,445,1,-1,0,unknown,no,2024-10-24 02:00:00
24,student,single,secondary,no,125,no,no,cellular,11,aug,477,1,-1,0,unknown,no,2024-10-24 03:00:00
38,admin.,married,secondary,no,281,yes,no,cellular,16,apr,235,2,335,2,failure,no,2024-10-24 04:00:00
35,technician,single,secondary,no,1467,yes,yes,cellular,7,may,381,1,-1,0,unknown,no,2024-10-24 05:00:00
49,blue-collar,married,secondary,no,171,no,no,cellular,4,feb,19,3,175,2,other,no,2024-10-24 06:00:00
41,services,married,secondary,no,650,yes,no,cellular,7,jul,149,5,-1,0,unknown,no,2024-10-24 07:00:00
33,admin.,single,secondary,no,1248,no,no,cellular,8,jul,359,1,-1,0,unknown,no,2024-10-24 08:00:00
36,blue-collar,married,secondary,yes,0,no,yes,unknown,17,jun,138,5,-1,0,unknown,no,2024-10-24 09:00:00
60,housemaid,married,primary,no,211,no,no,cellular,26,feb,480,2,189,1,failure,no,2024-10-24 10:00:00
35,management,married,tertiary,no,8000,no,no,cellular,13,may,331,1,90,3,success,yes,2024-10-24 11:00:00
28,blue-collar,single,secondary,no,623,no,no,unknown,18,jun,25,41,-1,0,unknown,no,2024-10-24 12:00:00
46,blue-collar,married,primary,no,1941,yes,no,cellular,2,feb,90,1,-1,0,unknown,no,2024-10-24 13:00:00
33,technician,single,tertiary,no,1636,yes,no,cellular,27,feb,165,1,-1,0,unknown,yes,2024-10-24 14:00:00
32,services,married,unknown,no,23,no,no,cellular,11,jul,425,2,-1,0,unknown,no,2024-10-24 15:00:00
25,management,single,tertiary,no,219,no,no,cellular,4,aug,576,1,96,1,success,yes,2024-10-24 16:00:00
39,blue-collar,married,secondary,no,1439,yes,no,telephone,28,jul,73,6,-1,0,unknown,no,2024-10-24 17:00:00
46,blue-collar,married,secondary,no,229,yes,no,cellular,17,apr,191,1,-1,0,unknown,no,2024-10-24 18:00:00
34,blue-collar,married,primary,no,0,yes,yes,unknown,20,jun,34,29,-1,0,unknown,no,2024-10-24 19:00:00
29,blue-collar,married,secondary,yes,-643,yes,no,cellular,18,jul,277,1,-1,0,unknown,no,2024-10-24 20:00:00
38,unknown,married,primary,no,0,no,no,unknown,6,jun,414,2,-1,0,unknown,no,2024-10-24 21:00:00
35,technician,married,secondary,no,8,yes,yes,cellular,20,apr,19,6,-1,0,unknown,no,2024-10-24 22:00:00
32,technician,single,tertiary,no,192,yes,no,unknown,16,may,303,5,-1,0,unknown,no,2024-10-24 23:00:00
29,admin.,married,secondary,no,93,yes,yes,cellular,11,jul,161,4,-1,0,unknown,no,2024-10-25 00:00:00
35,management,married,tertiary,no,272,yes,yes,cellular,11,jul,163,2,-1,0,unknown,no,2024-10-25 01:00:00
64,retired,married,primary,no,1977,no,no,cellular,24,feb,160,2,-1,0,unknown,no,2024-10-25 02:00:00
25,admin.,single,secondary,yes,53,yes,no,unknown,14,may,313,4,-1,0,unknown,no,2024-10-25 03:00:00
38,management,single,tertiary,no,171,yes,yes,cellular,6,may,60,1,272,3,failure,no,2024-10-25 04:00:00
42,admin.,married,secondary,yes,-1300,no,no,unknown,14,may,89,1,-1,0,unknown,no,2024-10-25 05:00:00
52,blue-collar,divorced,primary,no,55,yes,yes,unknown,6,may,186,1,-1,0,unknown,no,2024-10-25 06:00:00
54,blue-collar,married,primary,no,551,yes,no,cellular,28,jul,431,2,-1,0,unknown,no,2024-10-25 07:00:00
63,retired,married,primary,no,12067,no,no,telephone,20,oct,2187,1,-1,0,unknown,no,2024-10-25 08:00:00
50,management,married,tertiary,no,536,no,no,unknown,20,jun,75,3,-1,0,unknown,no,2024-10-25 09:00:00
36,technician,married,tertiary,no,99,yes,yes,cellular,10,feb,86,1,85,1,failure,no,2024-10-25 10:00:00
41,management,married,tertiary,no,526,yes,no,cellular,15,may,229,5,268,4,failure,no,2024-10-25 11:00:00
30,services,divorced,secondary,no,704,yes,no,cellular,25,jul,524,10,-1,0,unknown,no,2024-10-25 12:00:00
30,technician,married,tertiary,no,1570,yes,no,cellular,26,may,260,1,-1,0,unknown,no,2024-10-25 13:00:00
59,retired,married,tertiary,no,-892,yes,no,unknown,13,may,129,1,-1,0,unknown,no,2024-10-25 14:00:00
37,management,divorced,tertiary,no,168,yes,no,unknown,5,jun,227,1,-1,0,unknown,no,2024-10-25 15:00:00
39,technician,married,secondary,no,7313,yes,no,unknown,20,may,99,1,-1,0,unknown,no,2024-10-25 16:00:00
40,services,single,secondary,no,-27,no,yes,unknown,1,jul,221,1,-1,0,unknown,no,2024-10-25 17:00:00
58,retired,married,tertiary,no,183,no,no,cellular,22,aug,246,2,-1,0,unknown,no,2024-10-25 18:00:00
60,retired,married,secondary,no,5207,no,no,cellular,4,aug,160,1,-1,0,unknown,no,2024-10-25 19:00:00
52,retired,divorced,tertiary,no,-309,yes,no,unknown,19,jun,500,2,-1,0,unknown,yes,2024-10-25 20:00:00
37,self-employed,single,tertiary,no,1116,no,no,unknown,17,jun,184,1,-1,0,unknown,no,2024-10-25 21:00:00
39,management,married,tertiary,no,5142,no,no,cellular,3,jun,157,1,-1,0,unknown,no,2024-10-25 22:00:00
43,unemployed,single,tertiary,no,983,yes,no,cellular,26,feb,97,1,-1,0,unknown,yes,2024-10-25 23:00:00
34,services,married,secondary,no,409,yes,no,cellular,20,apr,104,4,-1,0,unknown,no,2024-10-26 00:00:00
47,blue-collar,divorced,secondary,no,25,no,yes,cellular,16,jul,81,6,-1,0,unknown,no,2024-10-26 01:00:00
37,management,married,tertiary,no,1265,no,yes,unknown,4,jul,101,1,-1,0,unknown,no,2024-10-26 02:00:00
49,management,married,tertiary,no,852,yes,no,cellular,20,nov,408,1,-1,0,unknown,no,2024-10-26 03:00:00
38,technician,single,tertiary,no,-572,yes,yes,unknown,5,jun,26,24,-1,0,unknown,no,2024-10-26 04:00:00
41,management,single,tertiary,no,336,yes,no,cellular,22,jul,162,3,-1,0,unknown,no,2024-10-26 05:00:00
32,admin.,married,secondary,no,0,yes,no,cellular,24,jul,151,2,-1,0,unknown,no,2024-10-26 06:00:00
52,blue-collar,married,primary,no,109,yes,no,cellular,30,jan,177,4,248,2,failure,no,2024-10-26 07:00:00
29,management,single,tertiary,no,4331,no,no,cellular,7,jul,611,1,-1,0,unknown,no,2024-10-26 08:00:00
29,blue-collar,single,primary,no,170,yes,no,cellular,8,jul,216,1,-1,0,unknown,no,2024-10-26 09:00:00
35,management,single,tertiary,no,5958,yes,no,cellular,22,mar,215,1,-1,0,unknown,yes,2024-10-26 10:00:00
35,technician,married,tertiary,no,-269,yes,yes,cellular,14,may,344,4,-1,0,unknown,no,2024-10-26 11:00:00
50,management,married,tertiary,no,1759,no,no,cellular,19,aug,101,2,-1,0,unknown,no,2024-10-26 12:00:00
35,technician,single,secondary,no,705,yes,yes,cellular,15,may,177,1,361,3,failure,no,2024-10-26 13:00:00
40,management,divorced,secondary,no,-626,yes,no,cellular,7,jul,140,4,-1,0,unknown,no,2024-10-26 14:00:00
42,technician,married,secondary,no,4945,yes,no,cellular,2,mar,311,2,-1,0,unknown,yes,2024-10-26 15:00:00
37,management,married,secondary,no,261,no,no,cellular,22,aug,296,3,-1,0,unknown,no,2024-10-26 16:00:00
34,blue-collar,single,secondary,no,215,no,no,cellular,3,mar,350,3,-1,0,unknown,yes,2024-10-26 17:00:00
33,blue-collar,single,primary,no,405,yes,no,cellular,14,may,99,4,353,1,failure,no,2024-10-26 18:00:00
45,services,married,secondary,no,475,yes,no,unknown,30,may,230,2,-1,0,unknown,no,2024-10-26 19:00:00
43,blue-collar,married,secondary,no,2105,no,no,telephone,30,apr,93,2,-1,0,unknown,no,2024-10-26 20:00:00
35,services,married,secondary,no,5,no,no,cellular,30,jul,153,2,-1,0,unknown,no,2024-10-26 21:00:00
44,management,married,secondary,no,576,yes,no,unknown,8,may,128,3,-1,0,unknown,no,2024-10-26 22:00:00
35,admin.,married,secondary,no,1476,no,no,unknown,18,jun,209,12,-1,0,unknown,no,2024-10-26 23:00:00
56,admin.,divorced,secondary,yes,-435,yes,yes,unknown,9,may,185,2,-1,0,unknown,no,2024-10-27 00:00:00
33,technician,single,secondary,no,5235,no,no,cellular,7,aug,67,3,-1,0,unknown,no,2024-10-27 01:00:00
40,technician,married,secondary,no,0,no,no,cellular,15,apr,431,2,-1,0,unknown,no,2024-10-27 02:00:00
38,management,married,tertiary,no,413,no,no,cellular,13,oct,252,2,183,3,success,yes,2024-10-27 03:00:00
43,services,single,secondary,no,3403,yes,no,cellular,12,nov,707,2,97,2,success,yes,2024-10-27 04:00:00
31,technician,married,secondary,no,-305,no,yes,cellular,20,aug,83,3,-1,0,unknown,no,2024-10-27 05:00:00
31,blue-collar,single,secondary,no,33,yes,no,unknown,15,may,214,4,-1,0,unknown,no,2024-10-27 06:00:00
34,admin.,married,secondary,no,560,yes,no,unknown,5,may,198,3,-1,0,unknown,no,2024-10-27 07:00:00
25,technician,single,secondary,no,-55,yes,yes,cellular,7,jul,242,1,-1,0,unknown,no,2024-10-27 08:00:00
50,blue-collar,married,secondary,no,1553,yes,no,cellular,31,jul,53,2,-1,0,unknown,no,2024-10-27 09:00:00
38,blue-collar,married,primary,no,27,yes,no,unknown,27,may,62,4,-1,0,unknown,no,2024-10-27 10:00:00
44,services,married,primary,no,2226,yes,yes,unknown,13,may,55,1,-1,0,unknown,no,2024-10-27 11:00:00
44,blue-collar,married,secondary,no,23,yes,no,unknown,12,may,388,2,-1,0,unknown,no,2024-10-27 12:00:00
50,housemaid,married,primary,no,85,no,no,cellular,21,nov,714,1,-1,0,unknown,no,2024-10-27 13:00:00
31,management,single,tertiary,no,115,no,no,cellular,17,mar,187,1,-1,0,unknown,yes,2024-10-27 14:00:00
81,retired,married,primary,no,243,no,no,cellular,27,jan,340,1,92,1,success,yes,2024-10-27 15:00:00
50,blue-collar,married,primary,no,0,no,no,cellular,21,nov,281,2,191,2,failure,no,2024-10-27 16:00:00
49,admin.,married,secondary,no,272,yes,yes,cellular,17,nov,108,1,-1,0,unknown,no,2024-10-27 17:00:00
40,admin.,married,secondary,no,1011,yes,no,cellular,11,may,160,2,-1,0,unknown,no,2024-10-27 18:00:00
35,blue-collar,married,primary,no,208,yes,no,unknown,23,may,247,3,-1,0,unknown,no,2024-10-27 19:00:00
23,services,single,secondary,no,425,yes,no,unknown,3,jun,768,1,-1,0,unknown,yes,2024-10-27 20:00:00
38,blue-collar,married,secondary,no,376,yes,no,unknown,7,may,1521,1,-1,0,unknown,no,2024-10-27 21:00:00
38,blue-collar,divorced,secondary,no,-2093,yes,yes,unknown,9,jul,120,3,-1,0,unknown,no,2024-10-27 22:00:00
28,admin.,single,secondary,no,1076,yes,no,unknown,2,jun,537,5,-1,0,unknown,no,2024-10-27 23:00:00
29,management,single,tertiary,no,642,no,no,cellular,2,feb,156,3,-1,0,unknown,no,2024-10-28 00:00:00
50,management,married,tertiary,no,2570,no,no,cellular,18,nov,273,2,-1,0,unknown,no,2024-10-28 01:00:00
26,entrepreneur,married,tertiary,no,79,yes,yes,unknown,9,may,346,3,-1,0,unknown,no,2024-10-28 02:00:00
40,admin.,married,secondary,no,438,yes,no,cellular,15,may,823,2,-1,0,unknown,no,2024-10-28 03:00:00
34,blue-collar,married,secondary,no,1,yes,no,cellular,9,jul,290,2,-1,0,unknown,no,2024-10-28 04:00:00
51,blue-collar,married,secondary,no,1121,no,no,cellular,4,aug,824,2,-1,0,unknown,no,2024-10-28 05:00:00
34,self-employed,single,secondary,no,296,no,no,cellular,27,aug,609,13,-1,0,unknown,yes,2024-10-28 06:00:00
34,management,single,tertiary,no,-292,yes,no,cellular,19,aug,181,6,-1,0,unknown,no,2024-10-28 07:00:00
31,management,single,tertiary,no,358,yes,no,cellular,30,jan,68,3,256,51,failure,no,2024-10-28 08:00:00
45,blue-collar,married,secondary,no,1577,yes,no,cellular,17,apr,188,1,-1,0,unknown,no,2024-10-28 09:00:00
56,admin.,married,secondary,no,1671,no,no,cellular,28,may,158,2,-1,0,unknown,no,2024-10-28 10:00:00
58,technician,married,secondary,no,1191,no,no,cellular,6,aug,78,2,-1,0,unknown,no,2024-10-28 11:00:00
45,unemployed,married,secondary,no,1040,no,no,telephone,26,may,137,5,-1,0,unknown,no,2024-10-28 12:00:00
51,technician,divorced,secondary,no,1063,no,yes,cellular,4,aug,78,1,-1,0,unknown,no,2024-10-28 13:00:00
31,blue-collar,single,secondary,no,-219,yes,no,unknown,30,may,66,2,-1,0,unknown,no,2024-10-28 14:00:00
45,blue-collar,married,secondary,no,17,yes,no,cellular,18,nov,66,1,152,14,failure,no,2024-10-28 15:00:00
31,management,single,tertiary,no,0,no,no,cellular,28,aug,38,16,-1,0,unknown,no,2024-10-28 16:00:00
41,entrepreneur,married,tertiary,no,70,no,no,unknown,31,may,14,1,557,1,failure,no,2024-10-28 17:00:00
33,technician,married,secondary,no,0,yes,no,cellular,20,apr,210,2,-1,0,unknown,no,2024-10-28 18:00:00
50,housemaid,married,primary,no,4,no,no,unknown,16,jun,51,1,-1,0,unknown,no,2024-10-28 19:00:00
50,technician,married,secondary,no,0,yes,no,unknown,2,jun,171,2,-1,0,unknown,no,2024-10-28 20:00:00
37,management,single,unknown,no,242,no,yes,cellular,28,jul,124,3,-1,0,unknown,no,2024-10-28 21:00:00
41,admin.,single,secondary,no,-256,no,yes,unknown,9,may,35,3,-1,0,unknown,no,2024-10-28 22:00:00
50,management,married,tertiary,no,207,yes,no,cellular,4,feb,99,1,-1,0,unknown,no,2024-10-28 23:00:00
28,blue-collar,married,primary,no,324,yes,no,unknown,5,may,175,1,-1,0,unknown,no,2024-10-29 00:00:00
53,blue-collar,divorced,primary,no,255,yes,no,cellular,4,feb,134,2,272,2,failure,no,2024-10-29 01:00:00
39,blue-collar,married,primary,no,640,yes,no,cellular,13,may,220,4,370,2,other,no,2024-10-29 02:00:00
43,technician,married,tertiary,no,2643,no,no,cellular,12,aug,188,3,100,5,success,yes,2024-10-29 03:00:00
56,blue-collar,divorced,primary,no,8,yes,no,unknown,5,may,157,2,-1,0,unknown,no,2024-10-29 04:00:00
39,entrepreneur,divorced,tertiary,no,208,yes,no,cellular,29,jan,81,1,240,2,failure,no,2024-10-29 05:00:00
27,admin.,single,secondary,no,295,yes,no,unknown,3,jun,148,13,-1,0,unknown,no,2024-10-29 06:00:00
36,management,married,tertiary,no,596,yes,no,unknown,2,jun,372,2,-1,0,unknown,no,2024-10-29 07:00:00
36,blue-collar,married,secondary,no,539,yes,yes,unknown,5,may,453,2,-1,0,unknown,no,2024-10-29 08:00:00
50,blue-collar,married,primary,no,565,yes,yes,cellular,28,aug,36,3,-1,0,unknown,no,2024-10-29 09:00:00
50,unknown,married,primary,no,341,yes,yes,cellular,20,apr,670,4,340,2,success,yes,2024-10-29 10:00:00
43,services,divorced,secondary,no,206,yes,no,unknown,14,may,436,1,-1,0,unknown,no,2024-10-29 11:00:00
21,student,single,secondary,no,491,no,no,cellular,6,aug,161,1,-1,0,unknown,no,2024-10-29 12:00:00
32,management,single,tertiary,no,506,no,no,cellular,5,mar,63,2,-1,0,unknown,yes,2024-10-29 13:00:00
37,management,married,tertiary,no,26,no,no,cellular,17,jun,151,7,62,4,failure,no,2024-10-29 14:00:00
31,technician,single,secondary,no,9,no,no,cellular,7,jul,167,2,-1,0,unknown,no,2024-10-29 15:00:00
28,technician,single,secondary,no,631,no,no,cellular,29,apr,835,7,-1,0,unknown,no,2024-10-29 16:00:00
42,technician,married,secondary,no,679,yes,no,cellular,11,may,146,2,-1,0,unknown,no,2024-10-29 17:00:00
39,management,married,tertiary,no,397,no,no,cellular,10,jul,113,6,-1,0,unknown,no,2024-10-29 18:00:00
50,self-employed,married,secondary,no,306,no,no,unknown,19,jun,37,1,-1,0,unknown,no,2024-10-29 19:00:00
28,unknown,single,unknown,no,326,no,no,cellular,11,oct,450,1,231,1,success,yes,2024-10-29 20:00:00
34,blue-collar,married,secondary,no,1650,yes,yes,telephone,22,jul,351,11,-1,0,unknown,no,2024-10-29 21:00:00
48,management,married,tertiary,no,0,yes,no,cellular,6,sep,194,2,125,6,failure,yes,2024-10-29 22:00:00
43,management,married,unknown,no,0,no,no,unknown,20,jun,273,1,-1,0,unknown,no,2024-10-29 23:00:00
30,blue-collar,married,secondary,no,0,yes,yes,cellular,10,jul,1399,1,-1,0,unknown,yes,2024-10-30 00:00:00
46,management,married,tertiary,no,39,yes,yes,cellular,21,nov,64,1,-1,0,unknown,no,2024-10-30 01:00:00
31,blue-collar,married,unknown,yes,-13,yes,no,unknown,30,may,176,4,-1,0,unknown,no,2024-10-30 02:00:00
31,self-employed,married,secondary,no,581,yes,no,cellular,13,oct,845,1,152,6,failure,no,2024-10-30 03:00:00
30,management,single,tertiary,no,2,no,no,cellular,16,jun,102,1,85,1,failure,no,2024-10-30 04:00:00
25,student,single,unknown,no,1003,no,no,cellular,12,aug,361,1,-1,0,unknown,yes,2024-10-30 05:00:00
34,admin.,married,secondary,no,444,yes,no,cellular,11,jul,173,2,-1,0,unknown,no,2024-10-30 06:00:00
32,blue-collar,married,secondary,no,1,yes,no,unknown,8,may,102,1,-1,0,unknown,no,2024-10-30 07:00:00
26,blue-collar,single,secondary,no,277,no,no,unknown,14,may,514,2,-1,0,unknown,no,2024-10-30 08:00:00
53,unemployed,married,secondary,no,329,yes,no,cellular,29,jul,69,2,-1,0,unknown,no,2024-10-30 09:00:00
37,blue-collar,married,secondary,no,539,yes,yes,cellular,17,apr,147,3,347,2,failure,no,2024-10-30 10:00:00
44,admin.,single,secondary,no,11,yes,no,cellular,20,nov,530,1,-1,0,unknown,no,2024-10-30 11:00:00
33,technician,single,secondary,no,14,yes,no,unknown,12,may,188,1,-1,0,unknown,no,2024-10-30 12:00:00
32,services,single,secondary,no,473,yes,no,cellular,7,jul,624,5,-1,0,unknown,no,2024-10-30 13:00:00
30,services,married,secondary,no,384,yes,no,unknown,16,jun,27,3,-1,0,unknown,no,2024-10-30 14:00:00
51,blue-collar,married,primary,no,3764,no,no,telephone,9,mar,450,3,181,6,success,yes,2024-10-30 15:00:00
32,admin.,married,secondary,no,3052,yes,yes,cellular,20,apr,253,3,151,4,failure,no,2024-10-30 16:00:00
29,management,single,tertiary,no,224,yes,no,cellular,24,apr,65,2,81,3,failure,yes,2024-10-30 17:00:00
60,retired,single,tertiary,no,7440,yes,no,unknown,15,may,92,3,-1,0,unknown,no,2024-10-30 18:00:00
38,admin.,married,tertiary,no,4297,no,no,cellular,7,aug,206,2,-1,0,unknown,yes,2024-10-30 19:00:00
40,admin.,married,secondary,no,2574,yes,no,cellular,20,nov,517,1,-1,0,unknown,no,2024-10-30 20:00:00
39,housemaid,married,tertiary,no,4,yes,yes,unknown,19,jun,185,1,-1,0,unknown,no,2024-10-30 21:00:00
34,blue-collar,married,secondary,no,4,yes,yes,cellular,7,may,315,2,-1,0,unknown,no,2024-10-30 22:00:00
40,services,divorced,secondary,no,282,yes,no,cellular,13,may,240,1,300,1,failure,no,2024-10-30 23:00:00
26,management,single,tertiary,no,222,no,no,cellular,26,oct,318,1,120,3,success,yes,2024-10-31 00:00:00
50,services,married,secondary,no,486,yes,no,cellular,5,aug,203,2,-1,0,unknown,no,2024-10-31 01:00:00
30,admin.,married,tertiary,no,0,yes,no,cellular,24,jul,209,2,-1,0,unknown,no,2024-10-31 02:00:00
46,management,married,tertiary,no,48,no,no,unknown,13,may,120,1,-1,0,unknown,no,2024-10-31 03:00:00
39,management,divorced,tertiary,no,1315,yes,no,cellular,19,nov,1337,4,126,1,failure,no,2024-10-31 04:00:00
33,blue-collar,married,secondary,no,687,yes,no,cellular,14,may,72,2,370,1,failure,no,2024-10-31 05:00:00
30,blue-collar,married,secondary,no,0,yes,no,cellular,12,may,439,1,-1,0,unknown,no,2024-10-31 06:00:00
37,technician,divorced,secondary,no,0,yes,no,cellular,16,jul,46,1,-1,0,unknown,no,2024-10-31 07:00:00
34,services,single,secondary,no,194,yes,yes,cellular,15,apr,149,1,268,2,other,no,2024-10-31 08:00:00
38,technician,single,secondary,no,565,yes,no,cellular,30,apr,1143,1,-1,0,unknown,yes,2024-10-31 09:00:00
39,blue-collar,married,primary,no,572,yes,yes,unknown,3,jun,235,1,-1,0,unknown,no,2024-10-31 10:00:00
30,blue-collar,single,primary,no,660,yes,no,unknown,7,may,912,2,-1,0,unknown,no,2024-10-31 11:00:00
29,management,single,tertiary,no,1566,yes,no,unknown,4,jun,233,1,-1,0,unknown,no,2024-10-31 12:00:00
40,unemployed,married,secondary,no,1289,no,no,cellular,26,may,260,2,-1,0,unknown,no,2024-10-31 13:00:00
44,blue-collar,married,primary,no,194,yes,no,unknown,28,may,105,2,-1,0,unknown,no,2024-10-31 14:00:00
48,technician,married,secondary,no,505,yes,no,cellular,7,may,113,2,-1,0,unknown,no,2024-10-31 15:00:00
39,management,married,tertiary,no,661,yes,no,unknown,3,jun,220,3,-1,0,unknown,no,2024-10-31 16:00:00
32,blue-collar,married,secondary,no,157,yes,no,unknown,20,may,315,1,-1,0,unknown,no,2024-10-31 17:00:00
83,retired,married,primary,no,425,no,no,telephone,2,feb,912,1,-1,0,unknown,no,2024-10-31 18:00:00
34,blue-collar,married,secondary,no,1089,yes,no,cellular,13,may,394,3,-1,0,unknown,yes,2024-10-31 19:00:00
90,retired,divorced,secondary,no,1,no,no,cellular,13,feb,152,3,-1,0,unknown,yes,2024-10-31 20:00:00
47,unemployed,married,primary,no,2290,yes,no,cellular,7,apr,274,1,-1,0,unknown,no,2024-10-31 21:00:00
32,management,single,tertiary,no,469,yes,no,cellular,14,may,925,1,-1,0,unknown,no,2024-10-31 22:00:00
59,retired,married,primary,no,-182,no,yes,cellular,25,jul,153,1,-1,0,unknown,no,2024-10-31 23:00:00
32,management,single,tertiary,no,1731,yes,yes,unknown,29,may,323,3,-1,0,unknown,no,2024-11-01 00:00:00
46,management,married,secondary,yes,-333,no,yes,cellular,30,jul,597,2,-1,0,unknown,no,2024-11-01 01:00:00
55,retired,married,secondary,no,2193,yes,yes,unknown,28,may,72,3,-1,0,unknown,no,2024-11-01 02:00:00
35,technician,single,secondary,no,1001,no,yes,cellular,24,jul,178,2,-1,0,unknown,no,2024-11-01 03:00:00
45,services,single,secondary,no,-688,no,yes,cellular,8,jul,106,1,-1,0,unknown,no,2024-11-01 04:00:00
48,blue-collar,married,secondary,no,1230,yes,no,cellular,12,nov,169,1,196,2,success,yes,2024-11-01 05:00:00
26,blue-collar,married,secondary,no,624,yes,no,cellular,5,feb,188,1,247,4,other,no,2024-11-01 06:00:00
44,technician,single,primary,no,148,no,no,unknown,19,jun,311,2,-1,0,unknown,no,2024-11-01 07:00:00
37,services,married,secondary,no,749,yes,no,cellular,3,apr,121,2,-1,0,unknown,no,2024-11-01 08:00:00
39,management,divorced,tertiary,no,517,yes,yes,unknown,14,may,1328,1,-1,0,unknown,yes,2024-11-01 09:00:00
54,self-employed,single,tertiary,no,384,no,yes,cellular,27,may,200,1,-1,0,unknown,yes,2024-11-01 10:00:00
44,technician,divorced,secondary,no,399,yes,no,unknown,16,may,148,9,-1,0,unknown,no,2024-11-01 11:00:00
39,management,married,tertiary,no,1041,no,no,cellular,27,aug,116,7,-1,0,unknown,no,2024-11-01 12:00:00
59,services,divorced,secondary,no,0,yes,yes,unknown,6,may,97,1,-1,0,unknown,no,2024-11-01 13:00:00
25,services,married,secondary,no,10,yes,no,cellular,7,may,51,1,294,1,failure,no,2024-11-01 14:00:00
50,retired,married,primary,no,29,no,no,unknown,20,jun,135,5,-1,0,unknown,no,2024-11-01 15:00:00
36,admin.,married,tertiary,no,1145,yes,no,cellular,29,mar,198,2,181,3,failure,no,2024-11-01 16:00:00
61,retired,married,secondary,no,938,no,no,cellular,15,jul,392,2,183,3,success,yes,2024-11-01 17:00:00
51,retired,divorced,primary,no,43,no,no,cellular,24,jul,212,2,-1,0,unknown,no,2024-11-01 18:00:00
46,management,married,tertiary,no,273,yes,no,cellular,10,may,583,6,53,6,success,yes,2024-11-01 19:00:00
49,technician,divorced,secondary,no,-236,yes,no,unknown,26,may,204,2,-1,0,unknown,no,2024-11-01 20:00:00
57,technician,married,secondary,no,1144,yes,no,cellular,6,apr,41,2,-1,0,unknown,no,2024-11-01 21:00:00
36,admin.,single,primary,no,91,yes,no,unknown,7,may,371,2,-1,0,unknown,no,2024-11-01 22:00:00
41,admin.,divorced,tertiary,no,861,yes,no,cellular,31,jul,108,13,-1,0,unknown,no,2024-11-01 23:00:00
34,blue-collar,divorced,secondary,no,882,no,yes,telephone,20,oct,24,1,-1,0,unknown,no,2024-11-02 00:00:00
37,technician,married,secondary,no,277,yes,no,unknown,9,may,251,2,-1,0,unknown,no,2024-11-02 01:00:00
46,technician,divorced,secondary,no,164,yes,no,unknown,9,may,229,2,-1,0,unknown,no,2024-11-02 02:00:00
42,blue-collar,married,secondary,no,-422,no,no,cellular,9,jul,31,1,-1,0,unknown,no,2024-11-02 03:00:00
40,technician,married,secondary,no,1269,yes,no,unknown,29,may,656,1,-1,0,unknown,no,2024-11-02 04:00:00
49,admin.,married,secondary,no,13229,no,yes,telephone,8,jul,77,2,-1,0,unknown,no,2024-11-02 05:00:00
30,management,divorced,secondary,no,37,no,no,unknown,12,may,262,2,-1,0,unknown,no,2024-11-02 06:00:00
31,technician,married,tertiary,no,3382,no,no,cellular,30,apr,739,1,-1,0,unknown,yes,2024-11-02 07:00:00
26,blue-collar,single,secondary,no,17891,yes,no,unknown,3,jun,239,1,-1,0,unknown,no,2024-11-02 08:00:00
49,housemaid,married,primary,no,360,no,no,unknown,30,jun,6,1,-1,0,unknown,no,2024-11-02 09:00:00
31,admin.,single,secondary,no,223,yes,no,cellular,17,apr,508,1,315,11,success,no,2024-11-02 10:00:00
41,blue-collar,married,primary,no,6596,yes,no,cellular,7,may,192,1,168,1,failure,no,2024-11-02 11:00:00
59,retired,divorced,secondary,no,514,no,no,cellular,4,may,673,6,90,1,success,yes,2024-11-02 12:00:00
36,management,single,tertiary,no,13,no,yes,cellular,18,nov,106,1,-1,0,unknown,no,2024-11-02 13:00:00
33,blue-collar,married,primary,no,331,yes,no,cellular,9,apr,435,2,314,3,failure,no,2024-11-02 14:00:00
56,entrepreneur,married,tertiary,no,16125,no,no,telephone,21,nov,167,1,-1,0,unknown,no,2024-11-02 15:00:00
48,unemployed,married,primary,yes,-6,no,no,cellular,29,jan,362,2,-1,0,unknown,no,2024-11-02 16:00:00
33,blue-collar,single,secondary,no,142,yes,no,cellular,14,may,123,1,360,3,other,no,2024-11-02 17:00:00
37,technician,married,primary,no,1653,yes,yes,cellular,11,may,285,2,349,10,failure,no,2024-11-02 18:00:00
34,management,married,tertiary,no,11,yes,no,cellular,18,nov,123,1,124,1,failure,no,2024-11-02 19:00:00
58,admin.,married,secondary,no,2160,yes,yes,cellular,5,may,1090,1,-1,0,unknown,yes,2024-11-02 20:00:00
48,blue-collar,married,primary,no,554,no,no,unknown,16,jun,263,8,-1,0,unknown,no,2024-11-02 21:00:00
37,blue-collar,single,primary,no,1210,no,no,unknown,4,jul,742,1,-1,0,unknown,no,2024-11-02 22:00:00
67,retired,married,unknown,no,696,no,no,telephone,17,aug,119,1,105,2,failure,no,2024-11-02 23:00:00
44,management,married,tertiary,no,773,no,yes,cellular,9,jul,618,1,-1,0,unknown,no,2024-11-03 00:00:00
39,blue-collar,married,secondary,yes,-931,yes,no,unknown,28,may,92,5,-1,0,unknown,no,2024-11-03 01:00:00
37,housemaid,married,secondary,no,723,no,no,telephone,28,jan,39,1,-1,0,unknown,no,2024-11-03 02:00:00
32,unemployed,single,tertiary,no,1611,yes,no,cellular,19,nov,175,1,180,2,failure,no,2024-11-03 03:00:00
34,blue-collar,single,secondary,yes,-369,yes,no,unknown,23,may,353,2,-1,0,unknown,no,2024-11-03 04:00:00
55,blue-collar,married,secondary,no,4577,no,no,cellular,15,jun,24,1,-1,0,unknown,no,2024-11-03 05:00:00
37,admin.,married,secondary,no,-356,no,yes,unknown,9,may,49,1,-1,0,unknown,no,2024-11-03 06:00:00
35,management,married,tertiary,no,299,no,no,cellular,19,aug,1059,5,-1,0,unknown,no,2024-11-03 07:00:00
38,housemaid,divorced,secondary,no,70,no,no,cellular,27,oct,255,3,148,1,success,yes,2024-11-03 08:00:00
28,student,single,secondary,no,11555,no,no,cellular,8,apr,125,2,-1,0,unknown,no,2024-11-03 09:00:00
47,unemployed,single,secondary,no,4819,no,no,cellular,18,nov,144,1,-1,0,unknown,no,2024-11-03 10:00:00
34,admin.,married,secondary,no,1406,yes,no,cellular,20,aug,63,2,85,1,success,yes,2024-11-03 11:00:00
59,management,married,tertiary,no,281,no,no,cellular,8,jul,430,2,-1,0,unknown,no,2024-11-03 12:00:00
40,blue-collar,divorced,primary,yes,0,yes,no,telephone,21,nov,333,3,-1,0,unknown,no,2024-11-03 13:00:00
53,blue-collar,married,secondary,no,6657,yes,no,cellular,19,aug,128,8,-1,0,unknown,no,2024-11-03 14:00:00
41,management,single,tertiary,no,572,yes,no,cellular,3,feb,419,2,271,2,failure,no,2024-11-03 15:00:00
46,management,married,secondary,no,5127,no,no,cellular,6,aug,472,1,-1,0,unknown,no,2024-11-03 16:00:00
30,management,single,tertiary,no,536,no,no,cellular,15,oct,244,1,105,1,success,yes,2024-11-03 17:00:00
55,management,divorced,secondary,no,1526,yes,no,cellular,18,nov,105,1,-1,0,unknown,no,2024-11-03 18:00:00
35,technician,married,tertiary,no,416,no,no,cellular,11,aug,591,4,-1,0,unknown,no,2024-11-03 19:00:00
35,blue-collar,married,primary,no,0,yes,no,cellular,10,jul,421,1,-1,0,unknown,no,2024-11-03 20:00:00
42,services,married,secondary,no,59,no,no,cellular,28,aug,144,13,-1,0,unknown,no,2024-11-03 21:00:00
34,management,married,tertiary,no,4943,yes,no,cellular,17,jul,118,2,-1,0,unknown,no,2024-11-03 22:00:00
48,technician,married,primary,no,4656,no,no,cellular,17,nov,44,1,-1,0,unknown,no,2024-11-03 23:00:00
32,admin.,married,secondary,no,198,no,no,cellular,16,jul,132,2,-1,0,unknown,no,2024-11-04 00:00:00
31,blue-collar,single,secondary,no,1686,yes,no,unknown,28,may,85,2,-1,0,unknown,no,2024-11-04 01:00:00
34,blue-collar,married,primary,no,244,yes,no,unknown,27,may,15,13,-1,0,unknown,no,2024-11-04 02:00:00
35,blue-collar,single,primary,no,258,yes,no,cellular,20,nov,144,1,-1,0,unknown,no,2024-11-04 03:00:00
32,technician,married,secondary,no,1247,yes,no,unknown,23,may,154,3,-1,0,unknown,no,2024-11-04 04:00:00
74,retired,married,primary,no,670,no,no,cellular,23,apr,266,5,-1,0,unknown,yes,2024-11-04 05:00:00
58,blue-collar,married,primary,no,1596,yes,no,cellular,12,may,470,2,-1,0,unknown,no,2024-11-04 06:00:00
37,management,married,tertiary,no,1113,no,no,cellular,2,mar,229,1,182,1,success,yes,2024-11-04 07:00:00
37,unemployed,single,secondary,no,1354,yes,no,unknown,4,jun,207,4,-1,0,unknown,no,2024-11-04 08:00:00
40,blue-collar,married,secondary,no,5,no,no,cellular,26,mar,86,2,-1,0,unknown,no,2024-11-04 09:00:00
52,management,single,tertiary,no,1727,no,no,cellular,21,nov,337,1,-1,0,unknown,no,2024-11-04 10:00:00
37,admin.,married,secondary,no,-107,yes,no,unknown,28,may,158,2,-1,0,unknown,no,2024-11-04 11:00:00
32,admin.,married,secondary,no,76,yes,no,unknown,21,may,189,2,-1,0,unknown,no,2024-11-04 12:00:00
33,admin.,married,tertiary,no,882,no,no,cellular,22,apr,104,1,183,4,failure,yes,2024-11-04 13:00:00
37,services,divorced,secondary,no,1472,yes,no,cellular,3,feb,126,3,-1,0,unknown,no,2024-11-04 14:00:00
39,blue-collar,married,secondary,no,1307,yes,no,telephone,31,oct,158,1,-1,0,unknown,yes,2024-11-04 15:00:00
48,blue-collar,married,secondary,no,893,no,no,cellular,13,aug,62,2,-1,0,unknown,no,2024-11-04 16:00:00
47,blue-collar,married,secondary,no,398,yes,yes,cellular,1,apr,274,1,238,2,failure,no,2024-11-04 17:00:00
34,management,married,tertiary,no,133,yes,no,unknown,8,may,65,1,-1,0,unknown,no,2024-11-04 18:00:00
73,retired,divorced,primary,no,2308,no,no,telephone,30,mar,163,2,-1,0,unknown,yes,2024-11-04 19:00:00
85,retired,married,unknown,no,1934,no,no,telephone,12,jan,140,1,-1,0,unknown,no,2024-11-04 20:00:00
33,technician,single,secondary,no,6325,no,no,cellular,13,aug,206,2,-1,0,unknown,no,2024-11-04 21:00:00
32,blue-collar,single,secondary,no,604,no,no,cellular,30,jan,410,2,196,2,other,no,2024-11-04 22:00:00
43,blue-collar,married,primary,no,1620,yes,no,unknown,15,may,121,1,-1,0,unknown,no,2024-11-04 23:00:00
44,unemployed,married,primary,yes,-43,yes,no,cellular,9,feb,290,6,-1,0,unknown,no,2024-11-05 00:00:00
72,retired,married,secondary,no,676,no,no,cellular,25,aug,188,3,-1,0,unknown,no,2024-11-05 01:00:00
34,blue-collar,married,secondary,no,286,yes,no,unknown,9,may,134,2,-1,0,unknown,no,2024-11-05 02:00:00
45,technician,divorced,secondary,no,54,no,no,cellular,29,aug,83,3,-1,0,unknown,no,2024-11-05 03:00:00
48,blue-collar,married,secondary,no,684,yes,yes,unknown,12,may,139,1,-1,0,unknown,no,2024-11-05 04:00:00
41,services,married,primary,no,299,yes,no,unknown,14,may,72,1,-1,0,unknown,no,2024-11-05 05:00:00
34,management,married,tertiary,no,436,yes,no,cellular,17,apr,28,1,345,1,failure,no,2024-11-05 06:00:00
29,blue-collar,single,primary,no,215,yes,no,cellular,13,may,137,3,-1,0,unknown,no,2024-11-05 07:00:00
31,blue-collar,married,secondary,no,1017,yes,no,unknown,29,may,514,3,-1,0,unknown,no,2024-11-05 08:00:00
41,technician,married,secondary,no,0,yes,no,cellular,24,jul,168,1,-1,0,unknown,no,2024-11-05 09:00:00
58,management,divorced,tertiary,no,-71,no,no,unknown,27,may,114,1,-1,0,unknown,no,2024-11-05 10:00:00
27,technician,single,secondary,no,16,no,no,unknown,19,may,193,1,-1,0,unknown,no,2024-11-05 11:00:00
32,entrepreneur,married,secondary,no,604,no,no,cellular,29,jan,270,1,-1,0,unknown,no,2024-11-05 12:00:00
25,admin.,single,secondary,no,302,no,no,cellular,8,jul,122,1,-1,0,unknown,no,2024-11-05 13:00:00
43,management,married,tertiary,no,1530,no,no,cellular,7,jul,91,3,-1,0,unknown,no,2024-11-05 14:00:00
30,technician,single,secondary,no,160,no,no,cellular,14,aug,90,2,-1,0,unknown,no,2024-11-05 15:00:00
42,blue-collar,married,secondary,no,366,yes,no,cellular,22,may,324,1,106,1,failure,yes,2024-11-05 16:00:00
29,services,married,secondary,no,1386,yes,no,unknown,28,may,166,1,-1,0,unknown,no,2024-11-05 17:00:00
33,management,married,tertiary,no,0,no,no,cellular,26,aug,126,2,-1,0,unknown,no,2024-11-05 18:00:00
58,technician,married,primary,no,10,yes,no,cellular,15,may,298,1,-1,0,unknown,no,2024-11-05 19:00:00
51,management,divorced,tertiary,no,1988,yes,no,cellular,11,jul,67,1,-1,0,unknown,no,2024-11-05 20:00:00
34,blue-collar,married,secondary,no,1464,yes,no,cellular,28,aug,207,3,130,5,other,yes,2024-11-05 21:00:00
35,management,married,tertiary,no,105,yes,no,cellular,6,may,36,1,365,3,failure,no,2024-11-05 22:00:00
53,management,divorced,tertiary,no,195,yes,no,unknown,29,may,217,1,-1,0,unknown,no,2024-11-05 23:00:00
33,management,single,tertiary,no,0,no,no,telephone,5,jun,109,1,-1,0,unknown,no,2024-11-06 00:00:00
28,services,single,secondary,no,94,yes,no,cellular,16,apr,300,1,-1,0,unknown,no,2024-11-06 01:00:00
44,technician,divorced,secondary,no,-329,yes,no,unknown,7,may,171,1,-1,0,unknown,no,2024-11-06 02:00:00
40,technician,single,secondary,no,591,no,yes,cellular,14,aug,87,6,-1,0,unknown,no,2024-11-06 03:00:00
34,self-employed,single,tertiary,no,892,yes,no,telephone,29,jan,31,3,-1,0,unknown,no,2024-11-06 04:00:00
33,technician,married,secondary,no,603,yes,no,unknown,20,may,345,1,-1,0,unknown,no,2024-11-06 05:00:00
43,unknown,married,primary,no,644,no,no,telephone,5,feb,195,2,-1,0,unknown,no,2024-11-06 06:00:00
24,blue-collar,married,secondary,no,9,yes,no,unknown,27,may,292,7,-1,0,unknown,no,2024-11-06 07:00:00
39,blue-collar,single,secondary,no,169,yes,no,unknown,9,may,38,1,-1,0,unknown,no,2024-11-06 08:00:00
46,housemaid,married,primary,no,131,no,no,cellular,22,aug,234,4,-1,0,unknown,no,2024-11-06 09:00:00
37,entrepreneur,married,tertiary,no,2685,no,no,unknown,20,jun,187,2,-1,0,unknown,no,2024-11-06 10:00:00
56,blue-collar,married,secondary,no,2409,no,no,unknown,17,jun,173,2,-1,0,unknown,no,2024-11-06 11:00:00
48,services,married,secondary,no,2597,yes,no,cellular,6,may,182,2,355,1,failure,no,2024-11-06 12:00:00
35,admin.,married,secondary,no,1254,yes,yes,cellular,1,jul,132,2,-1,0,unknown,no,2024-11-06 13:00:00
30,management,single,tertiary,no,2907,yes,no,cellular,30,dec,146,2,218,1,failure,no,2024-11-06 14:00:00
31,blue-collar,married,secondary,no,652,no,yes,unknown,1,jul,281,3,-1,0,unknown,no,2024-11-06 15:00:00
26,blue-collar,single,secondary,no,972,yes,no,unknown,20,may,177,10,-1,0,unknown,no,2024-11-06 16:00:00
26,self-employed,single,secondary,no,166,yes,no,cellular,16,jul,83,2,-1,0,unknown,no,2024-11-06 17:00:00
53,blue-collar,married,primary,no,18,no,no,cellular,26,aug,55,4,-1,0,unknown,no,2024-11-06 18:00:00
39,blue-collar,married,secondary,no,276,no,no,cellular,9,jun,334,2,-1,0,unknown,yes,2024-11-06 19:00:00
46,admin.,married,secondary,no,0,yes,no,cellular,5,mar,135,1,-1,0,unknown,no,2024-11-06 20:00:00
43,housemaid,married,primary,no,25,no,no,cellular,12,aug,121,2,-1,0,unknown,no,2024-11-06 21:00:00
35,technician,divorced,secondary,no,82,no,no,cellular,19,aug,152,3,-1,0,unknown,no,2024-11-06 22:00:00
36,management,married,tertiary,no,-381,yes,no,cellular,31,jul,30,29,-1,0,unknown,no,2024-11-06 23:00:00
35,self-employed,married,primary,no,2086,yes,no,cellular,21,nov,254,7,-1,0,unknown,no,2024-11-07 00:00:00
41,technician,married,secondary,no,65,no,no,cellular,22,aug,157,1,-1,0,unknown,no,2024-11-07 01:00:00
49,management,married,tertiary,no,414,yes,no,unknown,5,jun,155,3,-1,0,unknown,no,2024-11-07 02:00:00
48,services,single,primary,no,1499,yes,no,cellular,12,may,17,7,-1,0,unknown,no,2024-11-07 03:00:00
32,entrepreneur,married,primary,no,56,no,no,unknown,2,jun,389,1,-1,0,unknown,no,2024-11-07 04:00:00
36,services,married,secondary,no,5024,no,no,unknown,21,may,139,1,-1,0,unknown,no,2024-11-07 05:00:00
35,blue-collar,married,secondary,no,-557,yes,yes,unknown,21,may,249,1,-1,0,unknown,no,2024-11-07 06:00:00
52,technician,married,secondary,no,0,yes,yes,unknown,14,may,77,2,-1,0,unknown,no,2024-11-07 07:00:00
37,management,married,tertiary,no,1352,no,no,cellular,1,jun,93,1,347,1,success,no,2024-11-07 08:00:00
45,admin.,married,secondary,no,520,yes,no,unknown,14,may,452,1,-1,0,unknown,no,2024-11-07 09:00:00
28,management,single,tertiary,no,266,no,no,cellular,8,feb,108,1,-1,0,unknown,no,2024-11-07 10:00:00
45,self-employed,married,secondary,no,830,no,no,cellular,19,nov,180,1,111,2,failure,no,2024-11-07 11:00:00
56,management,divorced,tertiary,no,968,no,no,cellular,17,nov,105,1,-1,0,unknown,no,2024-11-07 12:00:00
24,student,single,secondary,no,547,no,no,telephone,5,may,60,1,-1,0,unknown,no,2024-11-07 13:00:00
43,housemaid,single,primary,no,24,no,no,cellular,31,jul,35,2,-1,0,unknown,no,2024-11-07 14:00:00
55,retired,married,secondary,no,273,no,no,cellular,26,aug,417,2,-1,0,unknown,no,2024-11-07 15:00:00
31,blue-collar,married,secondary,no,360,yes,yes,cellular,29,jan,89,1,241,1,failure,no,2024-11-07 16:00:00
31,technician,married,secondary,no,13,no,no,cellular,29,aug,245,2,-1,0,unknown,no,2024-11-07 17:00:00
30,technician,married,tertiary,no,541,yes,no,unknown,26,may,414,2,-1,0,unknown,yes,2024-11-07 18:00:00
41,entrepreneur,married,tertiary,no,171,yes,no,cellular,19,nov,209,1,191,4,failure,no,2024-11-07 19:00:00
51,blue-collar,married,unknown,no,0,no,no,unknown,2,jun,61,7,-1,0,unknown,no,2024-11-07 20:00:00
30,services,married,secondary,no,3929,yes,no,cellular,20,nov,593,1,-1,0,unknown,yes,2024-11-07 21:00:00
82,unknown,divorced,unknown,no,0,no,no,telephone,9,sep,277,5,-1,0,unknown,no,2024-11-07 22:00:00
33,management,married,tertiary,no,1206,yes,no,cellular,28,jul,72,6,-1,0,unknown,no,2024-11-07 23:00:00
30,blue-collar,single,secondary,no,0,yes,no,unknown,5,may,5,2,-1,0,unknown,no,2024-11-08 00:00:00
32,self-employed,divorced,tertiary,no,3271,no,no,cellular,12,aug,162,1,100,3,success,no,2024-11-08 01:00:00
31,technician,married,secondary,no,659,yes,no,cellular,8,aug,135,2,-1,0,unknown,no,2024-11-08 02:00:00
29,services,married,secondary,no,0,yes,yes,cellular,20,apr,204,3,-1,0,unknown,no,2024-11-08 03:00:00
41,housemaid,married,primary,no,46,no,no,cellular,22,aug,268,1,-1,0,unknown,no,2024-11-08 04:00:00
36,student,married,tertiary,no,408,no,no,unknown,20,jun,112,3,-1,0,unknown,no,2024-11-08 05:00:00
38,technician,single,tertiary,no,25,yes,no,cellular,1,jun,232,2,-1,0,unknown,yes,2024-11-08 06:00:00
39,technician,married,secondary,no,501,no,no,unknown,26,may,289,1,-1,0,unknown,no,2024-11-08 07:00:00
35,services,married,secondary,no,207,yes,no,unknown,26,may,312,1,-1,0,unknown,no,2024-11-08 08:00:00
56,retired,married,primary,no,1947,no,no,cellular,30,oct,631,2,149,3,failure,no,2024-11-08 09:00:00
28,services,single,secondary,no,341,yes,no,cellular,15,may,437,3,347,3,other,yes,2024-11-08 10:00:00
42,unemployed,married,tertiary,no,1270,yes,no,unknown,15,may,192,1,-1,0,unknown,no,2024-11-08 11:00:00
25,services,married,secondary,no,0,yes,no,cellular,31,jul,12,28,-1,0,unknown,no,2024-11-08 12:00:00
53,technician,married,unknown,no,8605,no,no,cellular,29,jul,635,3,-1,0,unknown,no,2024-11-08 13:00:00
30,services,married,secondary,no,227,no,yes,unknown,3,jun,23,1,-1,0,unknown,no,2024-11-08 14:00:00
50,management,married,tertiary,no,135,no,no,cellular,25,aug,162,4,-1,0,unknown,no,2024-11-08 15:00:00
49,admin.,married,primary,no,246,yes,no,cellular,18,jul,49,5,-1,0,unknown,no,2024-11-08 16:00:00
40,services,married,secondary,no,69,yes,no,unknown,9,may,143,3,-1,0,unknown,no,2024-11-08 17:00:00
32,admin.,married,secondary,no,205,no,no,cellular,18,jul,197,3,-1,0,unknown,no,2024-11-08 18:00:00
41,blue-collar,married,primary,no,293,yes,yes,cellular,7,may,102,1,-1,0,unknown,no,2024-11-08 19:00:00
48,housemaid,married,secondary,no,513,no,yes,cellular,28,jul,939,3,-1,0,unknown,yes,2024-11-08 20:00:00
41,technician,married,secondary,no,102,yes,yes,unknown,14,may,387,9,-1,0,unknown,no,2024-11-08 21:00:00
44,management,married,tertiary,no,0,no,no,cellular,26,aug,130,4,-1,0,unknown,no,2024-11-08 22:00:00
44,technician,married,primary,no,177,yes,no,unknown,19,may,197,4,-1,0,unknown,no,2024-11-08 23:00:00
35,blue-collar,single,primary,no,2040,no,no,cellular,21,nov,258,1,157,4,failure,no,2024-11-09 00:00:00
51,services,married,secondary,no,540,yes,no,unknown,5,jun,124,2,-1,0,unknown,no,2024-11-09 01:00:00
39,technician,married,tertiary,no,3911,yes,no,cellular,18,nov,247,2,-1,0,unknown,no,2024-11-09 02:00:00
55,technician,married,tertiary,no,647,yes,no,cellular,21,jul,150,4,-1,0,unknown,no,2024-11-09 03:00:00
51,services,single,unknown,no,415,no,no,cellular,8,jul,210,2,-1,0,unknown,no,2024-11-09 04:00:00
37,blue-collar,single,secondary,no,48,no,no,cellular,6,may,140,2,-1,0,unknown,no,2024-11-09 05:00:00
75,retired,divorced,secondary,no,1092,no,no,telephone,12,oct,250,1,431,2,failure,no,2024-11-09 06:00:00
42,management,single,tertiary,no,-56,yes,no,unknown,20,jun,126,14,-1,0,unknown,no,2024-11-09 07:00:00
30,technician,single,secondary,no,426,yes,no,telephone,17,nov,127,4,111,6,failure,no,2024-11-09 08:00:00
34,blue-collar,married,primary,no,7673,yes,no,cellular,18,nov,143,1,-1,0,unknown,no,2024-11-09 09:00:00
30,technician,single,secondary,no,363,yes,no,unknown,16,jun,136,8,-1,0,unknown,no,2024-11-09 10:00:00
44,blue-collar,married,secondary,no,-225,yes,no,cellular,6,may,319,2,-1,0,unknown,no,2024-11-09 11:00:00
41,blue-collar,married,secondary,no,-648,yes,no,cellular,12,may,104,3,172,2,failure,no,2024-11-09 12:00:00
66,retired,married,primary,no,711,no,no,telephone,20,apr,137,5,-1,0,unknown,no,2024-11-09 13:00:00
37,self-employed,single,tertiary,no,1004,yes,no,unknown,6,jun,377,3,-1,0,unknown,no,2024-11-09 14:00:00
26,student,single,unknown,no,826,no,no,cellular,29,jan,177,1,-1,0,unknown,no,2024-11-09 15:00:00
50,management,married,tertiary,no,5969,no,no,cellular,25,jan,455,1,544,2,failure,yes,2024-11-09 16:00:00
40,blue-collar,married,secondary,no,718,yes,yes,telephone,13,nov,72,1,-1,0,unknown,no,2024-11-09 17:00:00
33,blue-collar,married,primary,no,309,yes,no,cellular,15,may,42,4,-1,0,unknown,no,2024-11-09 18:00:00
30,management,married,tertiary,no,1476,yes,yes,unknown,3,jun,199,4,-1,0,unknown,no,2024-11-09 19:00:00
51,blue-collar,married,secondary,no,26,yes,no,unknown,5,may,79,1,-1,0,unknown,no,2024-11-09 20:00:00
55,blue-collar,married,primary,no,-268,yes,no,unknown,16,may,160,6,-1,0,unknown,no,2024-11-09 21:00:00
35,management,married,tertiary,yes,8,yes,no,cellular,22,jul,56,3,-1,0,unknown,no,2024-11-09 22:00:00
36,entrepreneur,single,tertiary,no,145,yes,no,cellular,18,may,450,2,304,2,success,no,2024-11-09 23:00:00
42,blue-collar,married,secondary,no,600,no,no,cellular,17,jul,277,3,-1,0,unknown,no,2024-11-10 00:00:00
42,unemployed,married,secondary,no,1289,no,no,cellular,15,jul,250,4,415,2,failure,yes,2024-11-10 01:00:00
28,management,married,tertiary,no,1918,no,no,cellular,18,oct,333,1,616,1,failure,no,2024-11-10 02:00:00
51,blue-collar,married,primary,no,1543,no,no,cellular,4,aug,121,2,-1,0,unknown,no,2024-11-10 03:00:00
40,housemaid,married,secondary,no,541,yes,no,cellular,30,jan,431,2,-1,0,unknown,no,2024-11-10 04:00:00
46,blue-collar,married,secondary,no,-221,yes,yes,cellular,2,feb,219,2,244,1,failure,no,2024-11-10 05:00:00
26,blue-collar,single,tertiary,no,567,no,no,cellular,25,may,421,1,-1,0,unknown,yes,2024-11-10 06:00:00
33,management,single,tertiary,no,239,no,no,unknown,12,may,65,5,-1,0,unknown,no,2024-11-10 07:00:00
52,unemployed,married,tertiary,no,1595,no,no,cellular,6,feb,40,1,-1,0,unknown,no,2024-11-10 08:00:00
43,blue-collar,single,secondary,no,740,yes,no,unknown,20,jun,585,2,-1,0,unknown,yes,2024-11-10 09:00:00
35,management,single,tertiary,no,3000,yes,no,cellular,15,may,162,3,-1,0,unknown,no,2024-11-10 10:00:00
32,admin.,single,tertiary,no,1583,yes,no,cellular,19,nov,100,1,182,1,failure,no,2024-11-10 11:00:00
58,blue-collar,married,primary,no,9200,no,no,unknown,6,jun,233,2,-1,0,unknown,no,2024-11-10 12:00:00
31,technician,divorced,secondary,no,268,no,no,unknown,16,may,118,2,-1,0,unknown,no,2024-11-10 13:00:00
29,blue-collar,married,secondary,no,484,yes,no,unknown,26,may,629,2,-1,0,unknown,no,2024-11-10 14:00:00
33,management,married,tertiary,no,11149,yes,no,unknown,21,may,418,2,-1,0,unknown,no,2024-11-10 15:00:00
46,management,married,secondary,no,231,no,yes,cellular,4,aug,243,1,-1,0,unknown,no,2024-11-10 16:00:00
52,blue-collar,married,secondary,no,380,yes,yes,cellular,8,jul,58,1,-1,0,unknown,no,2024-11-10 17:00:00
37,blue-collar,married,secondary,no,2023,yes,no,cellular,10,jul,214,1,-1,0,unknown,no,2024-11-10 18:00:00
36,admin.,single,unknown,no,1815,no,no,unknown,5,jun,387,1,-1,0,unknown,no,2024-11-10 19:00:00
30,blue-collar,married,primary,no,201,yes,no,cellular,5,mar,116,7,186,13,success,no,2024-11-10 20:00:00
40,blue-collar,married,primary,no,57,yes,no,cellular,31,jul,1007,9,-1,0,unknown,yes,2024-11-10 21:00:00
50,admin.,married,tertiary,no,843,no,yes,cellular,27,may,71,3,-1,0,unknown,no,2024-11-10 22:00:00
46,services,divorced,unknown,no,973,no,no,cellular,2,feb,297,1,-1,0,unknown,no,2024-11-10 23:00:00
33,management,divorced,tertiary,no,2240,no,no,cellular,8,mar,264,2,278,1,success,yes,2024-11-11 00:00:00
33,blue-collar,single,secondary,no,778,yes,no,cellular,16,apr,30,1,-1,0,unknown,no,2024-11-11 01:00:00
32,blue-collar,married,primary,no,233,yes,no,cellular,15,may,391,2,-1,0,unknown,no,2024-11-11 02:00:00
27,technician,single,secondary,no,218,yes,no,cellular,14,may,1462,2,352,1,failure,no,2024-11-11 03:00:00
37,blue-collar,married,primary,no,949,yes,no,unknown,30,may,149,1,-1,0,unknown,no,2024-11-11 04:00:00
44,management,married,tertiary,no,0,yes,no,cellular,11,may,78,2,264,3,failure,no,2024-11-11 05:00:00
70,retired,married,unknown,no,1236,no,no,cellular,12,mar,58,4,-1,0,unknown,no,2024-11-11 06:00:00
54,retired,divorced,tertiary,no,0,no,no,unknown,13,may,618,1,-1,0,unknown,yes,2024-11-11 07:00:00
42,blue-collar,single,primary,no,181,yes,no,unknown,29,may,118,2,-1,0,unknown,no,2024-11-11 08:00:00
37,technician,married,tertiary,no,472,yes,no,unknown,29,may,294,3,-1,0,unknown,no,2024-11-11 09:00:00
26,technician,married,secondary,no,18,yes,yes,cellular,5,may,138,1,-1,0,unknown,no,2024-11-11 10:00:00
38,management,married,tertiary,no,-469,yes,no,unknown,16,jun,209,12,-1,0,unknown,no,2024-11-11 11:00:00
56,services,married,primary,no,486,no,yes,telephone,21,jul,1877,1,-1,0,unknown,yes,2024-11-11 12:00:00
39,blue-collar,married,unknown,no,1096,no,no,unknown,20,may,246,3,-1,0,unknown,no,2024-11-11 13:00:00
47,admin.,married,secondary,no,642,yes,no,cellular,13,may,197,2,363,2,other,no,2024-11-11 14:00:00
40,housemaid,married,secondary,no,1029,yes,yes,cellular,17,nov,117,2,117,3,failure,no,2024-11-11 15:00:00
33,technician,single,secondary,no,1327,yes,no,cellular,2,feb,20,7,-1,0,unknown,no,2024-11-11 16:00:00
67,retired,married,primary,no,1430,no,no,telephone,12,oct,88,3,-1,0,unknown,no,2024-11-11 17:00:00
59,retired,married,tertiary,no,1637,no,yes,cellular,18,jul,225,7,-1,0,unknown,no,2024-11-11 18:00:00
31,admin.,married,secondary,no,33,yes,no,cellular,5,may,290,2,-1,0,unknown,no,2024-11-11 19:00:00
36,blue-collar,married,primary,no,679,yes,yes,cellular,13,may,115,1,-1,0,unknown,no,2024-11-11 20:00:00
28,services,married,secondary,no,222,yes,no,unknown,29,may,101,23,-1,0,unknown,no,2024-11-11 21:00:00
55,blue-collar,married,primary,no,2384,no,yes,telephone,21,aug,331,20,-1,0,unknown,no,2024-11-11 22:00:00
42,technician,married,secondary,no,769,no,no,unknown,5,jun,90,1,-1,0,unknown,no,2024-11-11 23:00:00
32,management,single,tertiary,no,703,yes,no,cellular,17,apr,200,3,-1,0,unknown,no,2024-11-12 00:00:00
35,management,single,tertiary,no,1750,yes,no,cellular,21,apr,333,3,-1,0,unknown,yes,2024-11-12 01:00:00
32,admin.,single,tertiary,no,1531,yes,no,cellular,15,may,58,1,352,5,failure,no,2024-11-12 02:00:00
51,technician,married,secondary,no,580,yes,no,telephone,2,nov,117,5,-1,0,unknown,no,2024-11-12 03:00:00
29,blue-collar,married,primary,no,258,yes,no,unknown,26,may,130,1,-1,0,unknown,no,2024-11-12 04:00:00
39,blue-collar,single,primary,no,1790,yes,no,unknown,4,jun,229,6,-1,0,unknown,no,2024-11-12 05:00:00
41,unemployed,married,primary,no,1483,yes,no,unknown,13,may,227,1,-1,0,unknown,no,2024-11-12 06:00:00
27,management,single,tertiary,no,-69,yes,no,cellular,15,feb,205,3,-1,0,unknown,yes,2024-11-12 07:00:00
47,services,married,secondary,no,795,yes,no,unknown,29,may,42,3,-1,0,unknown,no,2024-11-12 08:00:00
48,admin.,divorced,secondary,no,83,yes,no,cellular,13,may,1101,1,-1,0,unknown,yes,2024-11-12 09:00:00
55,technician,divorced,tertiary,no,525,yes,no,cellular,15,may,28,8,366,4,other,no,2024-11-12 10:00:00
37,admin.,single,secondary,no,1560,yes,no,cellular,21,nov,67,1,163,2,failure,no,2024-11-12 11:00:00
37,management,single,tertiary,no,159,no,yes,cellular,10,jul,377,3,-1,0,unknown,no,2024-11-12 12:00:00
28,entrepreneur,single,tertiary,no,219,yes,no,unknown,27,may,257,1,-1,0,unknown,no,2024-11-12 13:00:00
52,management,single,tertiary,no,-334,yes,no,cellular,6,may,402,2,-1,0,unknown,no,2024-11-12 14:00:00
28,management,single,tertiary,no,95,no,no,telephone,28,jan,283,4,-1,0,unknown,no,2024-11-12 15:00:00
46,technician,married,secondary,no,1596,yes,no,cellular,26,aug,106,7,-1,0,unknown,no,2024-11-12 16:00:00
33,blue-collar,divorced,secondary,no,3546,yes,no,unknown,23,may,777,2,-1,0,unknown,yes,2024-11-12 17:00:00
36,blue-collar,single,unknown,yes,-395,yes,no,telephone,7,jul,9,17,-1,0,unknown,no,2024-11-12 18:00:00
47,admin.,married,secondary,no,1387,yes,no,cellular,14,oct,158,1,826,1,failure,no,2024-11-12 19:00:00
32,technician,single,secondary,no,1179,no,no,telephone,29,aug,116,2,-1,0,unknown,no,2024-11-12 20:00:00
42,housemaid,married,primary,no,1371,no,no,unknown,18,jun,125,8,-1,0,unknown,no,2024-11-12 21:00:00
37,admin.,married,secondary,no,1314,yes,no,cellular,12,feb,118,4,210,3,failure,yes,2024-11-12 22:00:00
31,technician,single,tertiary,no,645,yes,no,cellular,6,may,14,6,-1,0,unknown,no,2024-11-12 23:00:00
37,self-employed,married,secondary,no,111,no,no,cellular,26,aug,179,8,-1,0,unknown,no,2024-11-13 00:00:00
35,technician,single,secondary,no,2471,yes,yes,cellular,25,jul,136,5,-1,0,unknown,no,2024-11-13 01:00:00
53,self-employed,married,primary,no,4576,no,no,telephone,30,jul,82,2,-1,0,unknown,no,2024-11-13 02:00:00
57,technician,divorced,secondary,no,77,yes,yes,cellular,29,jan,168,3,246,2,failure,no,2024-11-13 03:00:00
30,blue-collar,married,secondary,no,194,yes,no,unknown,2,jun,178,1,-1,0,unknown,no,2024-11-13 04:00:00
37,blue-collar,married,secondary,no,693,no,no,cellular,20,nov,59,2,-1,0,unknown,no,2024-11-13 05:00:00
28,blue-collar,single,secondary,no,97,yes,no,unknown,7,may,67,1,-1,0,unknown,no,2024-11-13 06:00:00
45,management,single,tertiary,no,1395,no,no,cellular,5,aug,67,1,-1,0,unknown,no,2024-11-13 07:00:00
50,blue-collar,married,primary,no,238,no,no,cellular,20,aug,584,2,-1,0,unknown,no,2024-11-13 08:00:00
31,services,married,secondary,no,-538,no,yes,unknown,27,may,284,1,-1,0,unknown,no,2024-11-13 09:00:00
28,management,single,secondary,no,1633,no,no,cellular,8,sep,233,1,95,1,success,no,2024-11-13 10:00:00
39,admin.,married,primary,no,0,no,no,cellular,17,nov,106,1,-1,0,unknown,no,2024-11-13 11:00:00
33,management,divorced,tertiary,no,312,yes,yes,cellular,13,may,23,1,359,3,failure,no,2024-11-13 12:00:00
40,services,single,secondary,no,316,no,no,unknown,11,jun,122,5,-1,0,unknown,no,2024-11-13 13:00:00
45,blue-collar,married,secondary,no,0,yes,no,unknown,26,may,112,2,-1,0,unknown,no,2024-11-13 14:00:00
28,technician,married,secondary,no,2919,yes,no,cellular,14,jul,101,3,-1,0,unknown,no,2024-11-13 15:00:00
77,management,married,unknown,no,1780,yes,no,cellular,23,apr,361,2,182,5,success,yes,2024-11-13 16:00:00
43,services,married,secondary,no,-1,yes,no,cellular,15,may,51,1,311,2,failure,no,2024-11-13 17:00:00
51,self-employed,single,secondary,no,0,no,no,cellular,29,oct,1707,2,-1,0,unknown,yes,2024-11-13 18:00:00
31,technician,married,tertiary,no,2951,yes,no,cellular,17,jul,115,1,-1,0,unknown,no,2024-11-13 19:00:00
38,blue-collar,divorced,primary,no,0,yes,no,cellular,13,may,531,2,-1,0,unknown,yes,2024-11-13 20:00:00
50,admin.,married,secondary,no,1906,no,no,unknown,16,may,174,17,-1,0,unknown,no,2024-11-13 21:00:00
39,blue-collar,married,primary,no,295,yes,no,unknown,4,jun,38,1,-1,0,unknown,no,2024-11-13 22:00:00
47,technician,married,secondary,no,3478,no,no,unknown,18,jun,13,11,-1,0,unknown,no,2024-11-13 23:00:00
55,management,married,tertiary,no,1402,yes,no,cellular,11,may,125,2,175,1,failure,no,2024-11-14 00:00:00
38,blue-collar,married,secondary,no,1005,no,no,unknown,20,jun,76,12,-1,0,unknown,no,2024-11-14 01:00:00
58,retired,married,secondary,no,801,no,no,cellular,30,apr,249,1,85,1,other,no,2024-11-14 02:00:00
29,technician,single,secondary,no,-496,yes,yes,cellular,22,jul,422,8,-1,0,unknown,no,2024-11-14 03:00:00
43,unemployed,married,primary,no,960,yes,yes,unknown,15,may,241,2,-1,0,unknown,no,2024-11-14 04:00:00
41,services,married,secondary,no,138,yes,no,unknown,1,jul,136,3,-1,0,unknown,no,2024-11-14 05:00:00
35,management,single,tertiary,no,635,no,no,cellular,15,jul,547,12,-1,0,unknown,no,2024-11-14 06:00:00
33,student,single,tertiary,no,3404,yes,no,unknown,2,jun,312,3,-1,0,unknown,no,2024-11-14 07:00:00
51,self-employed,married,secondary,no,1178,no,no,cellular,6,aug,530,2,-1,0,unknown,no,2024-11-14 08:00:00
26,services,single,secondary,no,531,yes,yes,cellular,6,feb,184,1,-1,0,unknown,no,2024-11-14 09:00:00
53,retired,married,primary,no,61,no,yes,cellular,10,jul,190,1,-1,0,unknown,no,2024-11-14 10:00:00
36,blue-collar,married,secondary,no,-870,yes,no,unknown,26,may,102,2,-1,0,unknown,no,2024-11-14 11:00:00
43,technician,divorced,tertiary,no,123,no,no,unknown,14,may,279,2,-1,0,unknown,no,2024-11-14 12:00:00
43,admin.,married,secondary,no,2,yes,yes,cellular,22,jul,254,1,-1,0,unknown,no,2024-11-14 13:00:00
27,services,married,secondary,no,1,no,no,cellular,29,jan,528,3,-1,0,unknown,no,2024-11-14 14:00:00
37,blue-collar,married,secondary,no,3653,yes,no,cellular,8,may,525,1,-1,0,unknown,no,2024-11-14 15:00:00
37,housemaid,married,tertiary,no,8,yes,no,cellular,9,jul,64,1,-1,0,unknown,no,2024-11-14 16:00:00
30,blue-collar,married,secondary,no,554,yes,no,cellular,29,jan,100,1,-1,0,unknown,no,2024-11-14 17:00:00
40,technician,married,tertiary,no,677,yes,no,cellular,15,apr,110,3,-1,0,unknown,no,2024-11-14 18:00:00
40,blue-collar,divorced,secondary,no,181,no,no,unknown,12,jun,89,6,-1,0,unknown,no,2024-11-14 19:00:00
34,housemaid,married,tertiary,no,1265,yes,no,unknown,6,jun,397,3,-1,0,unknown,no,2024-11-14 20:00:00
49,admin.,married,primary,no,686,yes,yes,cellular,1,apr,286,2,225,4,other,no,2024-11-14 21:00:00
53,unknown,married,primary,no,732,no,no,cellular,27,oct,759,2,-1,0,unknown,yes,2024-11-14 22:00:00
41,management,married,tertiary,no,7028,no,no,cellular,17,nov,98,1,-1,0,unknown,no,2024-11-14 23:00:00
52,admin.,married,primary,no,0,yes,no,cellular,14,jul,218,3,-1,0,unknown,no,2024-11-15 00:00:00
50,management,married,tertiary,no,107,yes,no,unknown,12,may,1002,5,-1,0,unknown,no,2024-11-15 01:00:00
51,blue-collar,divorced,secondary,no,216,yes,no,unknown,27,may,213,2,-1,0,unknown,no,2024-11-15 02:00:00
45,blue-collar,married,unknown,no,3114,no,no,cellular,6,aug,192,2,-1,0,unknown,no,2024-11-15 03:00:00
30,student,single,secondary,no,336,no,no,cellular,29,jan,67,1,-1,0,unknown,no,2024-11-15 04:00:00
58,housemaid,married,tertiary,no,0,yes,no,cellular,21,jul,111,1,-1,0,unknown,no,2024-11-15 05:00:00
30,services,married,secondary,no,152,yes,no,unknown,9,may,115,2,-1,0,unknown,no,2024-11-15 06:00:00
40,management,married,tertiary,no,207,yes,no,unknown,5,may,39,1,-1,0,unknown,no,2024-11-15 07:00:00
83,retired,divorced,primary,no,20,no,no,cellular,27,nov,65,3,-1,0,unknown,no,2024-11-15 08:00:00
40,management,married,secondary,no,106,no,no,unknown,17,jun,676,2,-1,0,unknown,yes,2024-11-15 09:00:00
34,blue-collar,single,primary,no,505,yes,no,unknown,13,may,351,1,-1,0,unknown,no,2024-11-15 10:00:00
31,management,married,tertiary,no,-692,yes,yes,cellular,6,may,117,2,-1,0,unknown,no,2024-11-15 11:00:00
57,self-employed,married,tertiary,yes,-3313,yes,yes,unknown,9,may,153,1,-1,0,unknown,no,2024-11-15 12:00:00
34,management,married,secondary,no,293,yes,no,unknown,21,may,162,3,-1,0,unknown,no,2024-11-15 13:00:00
41,management,divorced,tertiary,yes,-68,yes,yes,cellular,25,aug,463,22,-1,0,unknown,no,2024-11-15 14:00:00
82,retired,married,primary,no,243,no,no,cellular,26,jul,275,1,180,2,success,yes,2024-11-15 15:00:00
56,technician,married,secondary,no,332,no,no,telephone,29,jul,207,3,-1,0,unknown,no,2024-11-15 16:00:00
35,management,divorced,tertiary,no,146,no,no,cellular,6,aug,720,2,-1,0,unknown,yes,2024-11-15 17:00:00
37,self-employed,married,tertiary,no,129,no,no,cellular,18,aug,128,2,-1,0,unknown,no,2024-11-15 18:00:00
47,management,single,tertiary,no,1187,no,no,cellular,31,jul,1739,7,-1,0,unknown,no,2024-11-15 19:00:00
56,blue-collar,married,primary,no,2324,yes,no,telephone,19,aug,132,4,-1,0,unknown,no,2024-11-15 20:00:00
36,management,married,unknown,no,1597,yes,no,cellular,21,nov,137,1,-1,0,unknown,no,2024-11-15 21:00:00
50,technician,married,secondary,no,797,yes,no,unknown,6,may,354,1,-1,0,unknown,no,2024-11-15 22:00:00
48,technician,married,secondary,no,1526,no,no,cellular,6,aug,273,2,-1,0,unknown,no,2024-11-15 23:00:00
29,services,single,tertiary,no,737,yes,yes,cellular,30,jan,499,5,248,1,failure,no,2024-11-16 00:00:00
47,blue-collar,married,primary,no,4666,no,no,unknown,14,may,451,3,-1,0,unknown,no,2024-11-16 01:00:00
39,blue-collar,married,secondary,no,142,no,yes,cellular,14,jul,424,4,-1,0,unknown,no,2024-11-16 02:00:00
41,services,married,secondary,no,572,yes,no,cellular,11,may,188,1,-1,0,unknown,no,2024-11-16 03:00:00
32,management,married,tertiary,no,1852,no,no,cellular,2,feb,175,2,-1,0,unknown,no,2024-11-16 04:00:00
33,housemaid,married,secondary,no,230,no,yes,cellular,29,aug,264,2,-1,0,unknown,no,2024-11-16 05:00:00
47,admin.,divorced,primary,no,357,yes,yes,unknown,15,may,134,1,-1,0,unknown,no,2024-11-16 06:00:00
49,technician,married,secondary,no,1712,yes,no,cellular,30,jul,155,3,-1,0,unknown,no,2024-11-16 07:00:00
46,services,married,secondary,no,678,no,no,cellular,7,aug,96,3,-1,0,unknown,no,2024-11-16 08:00:00
51,management,married,tertiary,no,176,yes,yes,unknown,1,jun,8,1,687,2,failure,no,2024-11-16 09:00:00
32,technician,single,tertiary,no,449,no,no,cellular,8,aug,231,2,-1,0,unknown,no,2024-11-16 10:00:00
55,admin.,married,secondary,no,9329,no,no,cellular,13,oct,135,1,113,2,failure,no,2024-11-16 11:00:00
34,management,married,tertiary,no,690,yes,no,cellular,1,jun,95,2,-1,0,unknown,no,2024-11-16 12:00:00
41,management,married,secondary,no,280,yes,no,cellular,27,feb,87,2,-1,0,unknown,yes,2024-11-16 13:00:00
56,admin.,divorced,unknown,no,789,yes,no,cellular,8,may,1022,1,360,2,failure,no,2024-11-16 14:00:00
31,blue-collar,married,secondary,no,-204,yes,yes,cellular,11,aug,429,7,-1,0,unknown,no,2024-11-16 15:00:00
53,housemaid,married,secondary,no,1103,no,no,cellular,22,jul,274,6,-1,0,unknown,no,2024-11-16 16:00:00
55,technician,married,unknown,no,1192,yes,no,unknown,13,may,481,1,-1,0,unknown,no,2024-11-16 17:00:00
48,technician,divorced,secondary,no,791,no,no,cellular,7,aug,219,2,-1,0,unknown,no,2024-11-16 18:00:00
58,retired,married,tertiary,no,2199,no,no,telephone,21,oct,65,1,-1,0,unknown,no,2024-11-16 19:00:00
43,admin.,single,secondary,no,56831,no,no,unknown,15,may,243,1,-1,0,unknown,no,2024-11-16 20:00:00
27,blue-collar,married,primary,no,60,yes,no,unknown,3,jun,550,1,-1,0,unknown,no,2024-11-16 21:00:00
35,blue-collar,single,secondary,no,2158,yes,no,cellular,6,feb,288,2,-1,0,unknown,no,2024-11-16 22:00:00
32,admin.,married,primary,no,1351,yes,no,unknown,20,may,325,3,-1,0,unknown,no,2024-11-16 23:00:00
39,management,married,tertiary,no,1241,yes,no,cellular,5,jun,138,2,-1,0,unknown,no,2024-11-17 00:00:00
51,blue-collar,married,primary,no,462,yes,no,cellular,29,aug,164,2,-1,0,unknown,no,2024-11-17 01:00:00
58,technician,married,tertiary,no,4656,no,no,cellular,31,jul,119,6,-1,0,unknown,no,2024-11-17 02:00:00
43,management,married,tertiary,no,2767,yes,no,unknown,15,may,317,7,-1,0,unknown,no,2024-11-17 03:00:00
32,services,single,secondary,no,0,yes,no,cellular,31,jul,99,13,-1,0,unknown,no,2024-11-17 04:00:00
59,unknown,married,primary,no,1247,no,no,telephone,7,jul,66,8,-1,0,unknown,no,2024-11-17 05:00:00
52,entrepreneur,married,secondary,no,0,no,yes,cellular,20,nov,199,2,-1,0,unknown,no,2024-11-17 06:00:00
33,technician,single,secondary,no,268,yes,no,unknown,30,may,275,9,-1,0,unknown,no,2024-11-17 07:00:00
35,management,single,tertiary,no,80,no,no,cellular,4,sep,434,2,94,1,other,yes,2024-11-17 08:00:00
31,services,single,secondary,no,2252,no,no,cellular,22,may,394,1,-1,0,unknown,no,2024-11-17 09:00:00
50,blue-collar,married,primary,no,235,no,no,cellular,31,jul,64,20,-1,0,unknown,no,2024-11-17 10:00:00
24,student,single,secondary,no,431,no,no,cellular,19,aug,418,11,185,5,success,yes,2024-11-17 11:00:00
27,admin.,single,tertiary,no,954,no,no,cellular,29,jan,186,1,-1,0,unknown,no,2024-11-17 12:00:00
40,housemaid,married,secondary,no,116,no,no,cellular,11,aug,1099,4,-1,0,unknown,no,2024-11-17 13:00:00
31,self-employed,married,tertiary,no,259,yes,no,cellular,7,may,47,1,-1,0,unknown,no,2024-11-17 14:00:00
24,unemployed,single,tertiary,yes,-164,yes,yes,cellular,24,jul,117,4,-1,0,unknown,no,2024-11-17 15:00:00
32,housemaid,married,tertiary,no,10,yes,no,unknown,2,jun,658,2,-1,0,unknown,no,2024-11-17 16:00:00
52,blue-collar,single,primary,yes,-2,no,no,cellular,14,jul,349,2,-1,0,unknown,no,2024-11-17 17:00:00
36,technician,married,tertiary,no,4388,no,no,cellular,8,aug,52,3,-1,0,unknown,no,2024-11-17 18:00:00
30,services,single,secondary,no,211,no,yes,cellular,10,jul,133,3,-1,0,unknown,no,2024-11-17 19:00:00
26,blue-collar,single,secondary,no,6,no,yes,telephone,7,jul,360,3,-1,0,unknown,no,2024-11-17 20:00:00
28,management,single,tertiary,no,-227,yes,no,unknown,4,jun,298,2,-1,0,unknown,no,2024-11-17 21:00:00
42,technician,divorced,secondary,no,1533,no,yes,cellular,5,aug,86,1,-1,0,unknown,no,2024-11-17 22:00:00
35,admin.,married,secondary,no,530,yes,no,unknown,6,may,149,1,-1,0,unknown,no,2024-11-17 23:00:00
59,retired,divorced,primary,no,20,no,no,cellular,10,jul,298,1,-1,0,unknown,no,2024-11-18 00:00:00
46,management,divorced,secondary,no,10,yes,no,cellular,17,nov,273,1,-1,0,unknown,no,2024-11-18 01:00:00
38,blue-collar,married,secondary,no,4336,yes,no,cellular,31,jul,226,6,-1,0,unknown,no,2024-11-18 02:00:00
36,self-employed,single,tertiary,no,351,no,no,cellular,30,apr,78,1,84,1,failure,no,2024-11-18 03:00:00
40,self-employed,married,secondary,no,1893,no,no,cellular,21,jul,78,16,-1,0,unknown,no,2024-11-18 04:00:00
56,retired,divorced,secondary,no,-663,yes,no,unknown,27,may,243,2,-1,0,unknown,no,2024-11-18 05:00:00
52,technician,divorced,secondary,no,643,yes,no,cellular,4,feb,270,1,-1,0,unknown,no,2024-11-18 06:00:00
46,blue-collar,married,primary,no,0,yes,no,cellular,12,may,278,1,-1,0,unknown,no,2024-11-18 07:00:00
43,technician,married,secondary,no,0,no,no,cellular,8,jul,74,1,-1,0,unknown,no,2024-11-18 08:00:00
25,technician,single,secondary,no,2704,yes,no,unknown,6,jun,63,3,-1,0,unknown,no,2024-11-18 09:00:00
48,housemaid,divorced,primary,no,2582,no,no,unknown,18,jun,51,4,-1,0,unknown,no,2024-11-18 10:00:00
47,blue-collar,married,secondary,no,39,yes,no,unknown,15,may,160,1,-1,0,unknown,no,2024-11-18 11:00:00
32,management,married,tertiary,no,1041,yes,no,cellular,18,may,577,2,-1,0,unknown,no,2024-11-18 12:00:00
55,management,divorced,tertiary,no,2383,no,no,cellular,3,jun,591,2,-1,0,unknown,yes,2024-11-18 13:00:00
52,admin.,divorced,secondary,no,98,no,yes,unknown,19,jun,148,1,-1,0,unknown,no,2024-11-18 14:00:00
30,management,single,tertiary,no,1161,yes,no,cellular,29,jul,109,3,-1,0,unknown,no,2024-11-18 15:00:00
43,blue-collar,married,primary,no,8,no,yes,cellular,21,jul,564,2,-1,0,unknown,no,2024-11-18 16:00:00
26,blue-collar,single,secondary,no,311,yes,no,cellular,7,may,798,2,-1,0,unknown,yes,2024-11-18 17:00:00
42,technician,married,secondary,no,3228,no,no,cellular,21,nov,133,1,-1,0,unknown,no,2024-11-18 18:00:00
32,admin.,single,secondary,no,254,yes,no,cellular,28,jan,319,1,-1,0,unknown,no,2024-11-18 19:00:00
40,blue-collar,married,secondary,no,475,yes,no,unknown,5,may,332,2,-1,0,unknown,no,2024-11-18 20:00:00
47,blue-collar,divorced,secondary,no,-332,no,yes,cellular,5,feb,48,2,-1,0,unknown,no,2024-11-18 21:00:00
55,services,married,secondary,no,1695,yes,no,unknown,3,jun,69,2,-1,0,unknown,no,2024-11-18 22:00:00
34,admin.,married,secondary,no,475,yes,no,unknown,7,may,559,1,-1,0,unknown,no,2024-11-18 23:00:00
46,self-employed,married,tertiary,no,0,yes,yes,cellular,17,nov,258,1,-1,0,unknown,no,2024-11-19 00:00:00
33,technician,married,secondary,no,346,yes,yes,cellular,24,jul,379,1,-1,0,unknown,no,2024-11-19 01:00:00
53,technician,single,secondary,yes,-435,yes,yes,unknown,16,jun,131,2,-1,0,unknown,no,2024-11-19 02:00:00
59,retired,married,tertiary,no,1296,no,no,cellular,11,aug,862,11,-1,0,unknown,no,2024-11-19 03:00:00
37,blue-collar,married,secondary,no,2924,no,no,cellular,31,jul,74,2,-1,0,unknown,no,2024-11-19 04:00:00
52,blue-collar,married,primary,no,-133,no,no,unknown,5,jun,96,2,-1,0,unknown,no,2024-11-19 05:00:00
49,blue-collar,married,secondary,no,24,no,yes,cellular,27,aug,168,3,-1,0,unknown,no,2024-11-19 06:00:00
41,services,married,secondary,no,108,yes,yes,unknown,13,may,83,7,-1,0,unknown,no,2024-11-19 07:00:00
41,unknown,single,unknown,no,1259,no,no,unknown,11,jun,177,8,-1,0,unknown,no,2024-11-19 08:00:00
42,blue-collar,married,secondary,no,597,yes,no,unknown,15,may,124,1,-1,0,unknown,no,2024-11-19 09:00:00
32,technician,married,secondary,no,303,yes,no,cellular,8,apr,150,1,267,4,failure,yes,2024-11-19 10:00:00
28,blue-collar,single,primary,no,2340,yes,no,unknown,19,jun,399,1,-1,0,unknown,no,2024-11-19 11:00:00
60,management,married,tertiary,no,11,no,no,unknown,18,jun,802,3,-1,0,unknown,no,2024-11-19 12:00:00
27,student,single,secondary,no,1411,no,no,cellular,2,feb,92,1,-1,0,unknown,no,2024-11-19 13:00:00
34,technician,married,secondary,no,427,no,no,cellular,3,feb,192,1,-1,0,unknown,no,2024-11-19 14:00:00
43,technician,married,tertiary,no,0,no,no,cellular,4,aug,1488,2,-1,0,unknown,yes,2024-11-19 15:00:00
31,blue-collar,married,secondary,no,435,yes,no,unknown,21,may,204,1,-1,0,unknown,no,2024-11-19 16:00:00
34,unemployed,married,secondary,no,6438,yes,no,cellular,21,nov,21,7,-1,0,unknown,no,2024-11-19 17:00:00
32,admin.,single,secondary,no,103,yes,no,cellular,17,apr,158,1,337,1,other,no,2024-11-19 18:00:00
31,admin.,single,secondary,no,554,yes,no,cellular,11,feb,80,1,6,1,failure,no,2024-11-19 19:00:00
29,management,married,tertiary,no,8,yes,no,cellular,14,may,41,2,-1,0,unknown,no,2024-11-19 20:00:00
36,management,married,tertiary,no,605,yes,no,unknown,26,may,204,1,-1,0,unknown,no,2024-11-19 21:00:00
57,management,married,secondary,no,262,no,no,cellular,25,jul,276,1,-1,0,unknown,no,2024-11-19 22:00:00
33,technician,married,tertiary,no,-988,yes,yes,cellular,15,jul,83,3,-1,0,unknown,no,2024-11-19 23:00:00
40,admin.,married,tertiary,no,1108,no,no,cellular,11,aug,170,2,112,1,success,no,2024-11-20 00:00:00
31,technician,married,secondary,no,4800,yes,no,cellular,29,aug,165,4,-1,0,unknown,no,2024-11-20 01:00:00
38,services,married,secondary,no,702,yes,no,unknown,12,jun,143,1,-1,0,unknown,no,2024-11-20 02:00:00
37,admin.,single,tertiary,no,1000,yes,no,cellular,22,sep,239,1,99,2,success,yes,2024-11-20 03:00:00
37,entrepreneur,married,secondary,no,1290,no,no,cellular,9,feb,87,2,-1,0,unknown,no,2024-11-20 04:00:00
35,admin.,single,secondary,no,368,yes,no,unknown,16,may,218,3,-1,0,unknown,no,2024-11-20 05:00:00
44,technician,married,secondary,no,1127,yes,no,cellular,19,aug,82,8,-1,0,unknown,no,2024-11-20 06:00:00
36,technician,married,secondary,no,30,no,no,cellular,27,aug,111,2,-1,0,unknown,no,2024-11-20 07:00:00
33,admin.,divorced,secondary,no,1,no,no,cellular,28,jan,119,2,-1,0,unknown,no,2024-11-20 08:00:00
29,student,single,secondary,no,510,yes,no,unknown,9,may,25,6,-1,0,unknown,no,2024-11-20 09:00:00
43,blue-collar,married,primary,no,4998,yes,no,unknown,14,may,93,4,-1,0,unknown,no,2024-11-20 10:00:00
37,housemaid,single,primary,no,199,yes,no,cellular,10,jul,186,1,-1,0,unknown,no,2024-11-20 11:00:00
38,services,married,tertiary,no,-121,yes,no,unknown,21,may,288,1,-1,0,unknown,no,2024-11-20 12:00:00
47,management,married,tertiary,no,1105,no,no,unknown,20,jun,180,6,-1,0,unknown,no,2024-11-20 13:00:00
60,management,married,tertiary,no,553,yes,no,cellular,2,feb,343,1,210,3,success,no,2024-11-20 14:00:00
59,retired,married,secondary,no,2467,no,no,cellular,20,nov,972,2,-1,0,unknown,no,2024-11-20 15:00:00
30,technician,single,tertiary,no,60,yes,yes,unknown,7,may,306,5,-1,0,unknown,no,2024-11-20 16:00:00
39,management,married,tertiary,no,346,no,no,cellular,30,jul,230,3,-1,0,unknown,no,2024-11-20 17:00:00
58,blue-collar,married,primary,no,23,yes,no,unknown,20,may,91,6,-1,0,unknown,no,2024-11-20 18:00:00
54,housemaid,married,unknown,no,0,no,no,cellular,6,aug,189,2,-1,0,unknown,no,2024-11-20 19:00:00
28,blue-collar,married,secondary,no,1827,yes,no,unknown,19,may,211,2,-1,0,unknown,no,2024-11-20 20:00:00
56,blue-collar,married,secondary,no,-382,yes,no,unknown,15,may,278,4,-1,0,unknown,no,2024-11-20 21:00:00
31,management,single,tertiary,no,4331,yes,no,cellular,22,jul,318,1,-1,0,unknown,no,2024-11-20 22:00:00
32,services,single,secondary,no,187,yes,no,unknown,29,may,315,1,-1,0,unknown,no,2024-11-20 23:00:00
44,blue-collar,married,secondary,no,1697,yes,no,unknown,4,jul,150,2,-1,0,unknown,yes,2024-11-21 00:00:00
31,services,single,secondary,no,166,yes,no,cellular,11,may,227,1,-1,0,unknown,no,2024-11-21 01:00:00
31,admin.,married,secondary,no,23,no,no,cellular,14,jul,77,3,-1,0,unknown,no,2024-11-21 02:00:00
25,services,single,secondary,no,-439,yes,no,unknown,12,may,293,1,-1,0,unknown,no,2024-11-21 03:00:00
59,retired,married,tertiary,no,3843,no,no,cellular,11,aug,104,4,-1,0,unknown,no,2024-11-21 04:00:00
38,blue-collar,married,primary,no,3242,yes,no,cellular,17,apr,198,5,331,1,failure,no,2024-11-21 05:00:00
42,unemployed,single,unknown,no,3274,yes,no,cellular,16,feb,137,1,-1,0,unknown,no,2024-11-21 06:00:00
29,blue-collar,single,tertiary,no,455,no,no,telephone,27,may,214,2,36,1,success,yes,2024-11-21 07:00:00
35,technician,married,tertiary,no,188,no,no,cellular,26,aug,286,2,-1,0,unknown,no,2024-11-21 08:00:00
25,admin.,single,secondary,no,120,yes,no,unknown,3,jun,542,1,-1,0,unknown,no,2024-11-21 09:00:00
31,services,married,secondary,yes,-158,yes,no,cellular,21,nov,214,2,-1,0,unknown,no,2024-11-21 10:00:00
37,admin.,divorced,secondary,no,0,yes,yes,cellular,14,may,17,7,-1,0,unknown,no,2024-11-21 11:00:00
34,management,married,tertiary,no,118,no,yes,telephone,17,jul,171,3,-1,0,unknown,no,2024-11-21 12:00:00
42,management,married,tertiary,no,6,yes,no,unknown,8,may,103,4,-1,0,unknown,no,2024-11-21 13:00:00
42,blue-collar,divorced,secondary,no,1261,yes,yes,cellular,10,jul,272,1,-1,0,unknown,no,2024-11-21 14:00:00
60,blue-collar,married,primary,no,5798,yes,no,cellular,6,feb,58,2,-1,0,unknown,no,2024-11-21 15:00:00
39,technician,married,secondary,no,-475,yes,no,cellular,7,may,168,3,301,1,failure,no,2024-11-21 16:00:00
32,self-employed,married,tertiary,no,14522,no,no,cellular,21,nov,221,7,-1,0,unknown,no,2024-11-21 17:00:00
40,blue-collar,married,primary,no,2129,yes,no,cellular,20,apr,1156,3,-1,0,unknown,no,2024-11-21 18:00:00
45,blue-collar,divorced,primary,no,2702,no,no,cellular,18,nov,110,1,-1,0,unknown,no,2024-11-21 19:00:00
26,unemployed,single,secondary,no,632,no,no,cellular,12,feb,218,1,-1,0,unknown,yes,2024-11-21 20:00:00
34,blue-collar,married,secondary,no,-61,yes,no,unknown,27,may,128,1,-1,0,unknown,no,2024-11-21 21:00:00
30,blue-collar,married,secondary,no,194,yes,no,cellular,8,may,475,3,-1,0,unknown,no,2024-11-21 22:00:00
33,services,single,secondary,no,-56,no,yes,cellular,10,jul,119,5,-1,0,unknown,no,2024-11-21 23:00:00
30,management,single,tertiary,no,620,yes,no,cellular,30,apr,513,1,-1,0,unknown,no,2024-11-22 00:00:00
24,unemployed,single,secondary,no,119,no,no,unknown,15,sep,51,1,-1,0,unknown,no,2024-11-22 01:00:00
35,services,single,primary,no,790,no,no,cellular,8,jul,221,1,-1,0,unknown,no,2024-11-22 02:00:00
50,blue-collar,married,primary,no,5776,no,no,cellular,18,nov,49,3,-1,0,unknown,no,2024-11-22 03:00:00
40,management,married,tertiary,no,2243,no,no,cellular,20,nov,178,4,-1,0,unknown,no,2024-11-22 04:00:00
29,admin.,single,secondary,no,993,no,no,unknown,14,may,105,1,-1,0,unknown,no,2024-11-22 05:00:00
38,management,married,tertiary,no,569,yes,no,cellular,6,feb,105,2,252,1,failure,no,2024-11-22 06:00:00
40,technician,single,secondary,no,1001,yes,yes,cellular,7,may,148,1,-1,0,unknown,no,2024-11-22 07:00:00
32,housemaid,married,secondary,no,216,no,yes,cellular,9,jul,71,6,-1,0,unknown,no,2024-11-22 08:00:00
57,housemaid,married,primary,no,2785,no,no,cellular,11,aug,610,4,-1,0,unknown,yes,2024-11-22 09:00:00
58,blue-collar,married,secondary,no,279,no,no,cellular,8,jul,327,5,-1,0,unknown,no,2024-11-22 10:00:00
36,management,single,secondary,no,360,yes,no,unknown,20,may,271,1,-1,0,unknown,no,2024-11-22 11:00:00
32,management,married,tertiary,no,4,no,no,cellular,22,aug,195,4,-1,0,unknown,no,2024-11-22 12:00:00
41,blue-collar,divorced,secondary,no,927,yes,no,cellular,20,nov,343,2,-1,0,unknown,no,2024-11-22 13:00:00
59,blue-collar,married,secondary,no,437,yes,no,telephone,15,may,73,4,-1,0,unknown,no,2024-11-22 14:00:00
30,services,single,tertiary,no,-477,no,yes,cellular,21,aug,1532,2,-1,0,unknown,yes,2024-11-22 15:00:00
30,technician,single,tertiary,no,0,yes,no,unknown,28,may,58,1,-1,0,unknown,no,2024-11-22 16:00:00
30,technician,single,secondary,no,677,yes,no,unknown,16,may,241,1,-1,0,unknown,no,2024-11-22 17:00:00
29,technician,single,tertiary,no,47,yes,no,unknown,16,may,111,11,-1,0,unknown,no,2024-11-22 18:00:00
33,management,married,tertiary,no,0,yes,no,cellular,19,nov,295,1,170,1,failure,no,2024-11-22 19:00:00
41,blue-collar,married,unknown,no,1402,no,no,cellular,31,jul,33,14,-1,0,unknown,no,2024-11-22 20:00:00
28,technician,married,tertiary,no,739,yes,no,cellular,21,jul,316,1,-1,0,unknown,no,2024-11-22 21:00:00
31,services,single,unknown,no,919,yes,no,cellular,18,may,180,2,-1,0,unknown,no,2024-11-22 22:00:00
30,unemployed,married,secondary,no,142,yes,no,unknown,20,may,350,4,-1,0,unknown,no,2024-11-22 23:00:00
53,entrepreneur,married,unknown,no,19,yes,no,unknown,5,may,252,1,-1,0,unknown,no,2024-11-23 00:00:00
34,admin.,married,secondary,no,2374,yes,no,cellular,9,feb,243,2,92,3,success,yes,2024-11-23 01:00:00
40,management,married,tertiary,no,-606,yes,no,cellular,6,may,90,1,345,1,failure,no,2024-11-23 02:00:00
26,blue-collar,married,secondary,no,2005,yes,no,unknown,27,may,224,3,-1,0,unknown,no,2024-11-23 03:00:00
49,management,married,tertiary,no,603,yes,no,cellular,20,apr,590,3,-1,0,unknown,no,2024-11-23 04:00:00
30,management,single,tertiary,no,275,yes,no,cellular,20,apr,52,2,-1,0,unknown,no,2024-11-23 05:00:00
50,retired,married,secondary,no,8648,no,no,cellular,12,may,731,3,176,1,failure,yes,2024-11-23 06:00:00
37,admin.,single,secondary,no,0,no,no,cellular,21,nov,232,2,-1,0,unknown,no,2024-11-23 07:00:00
46,blue-collar,married,primary,no,225,no,no,cellular,22,aug,157,6,-1,0,unknown,no,2024-11-23 08:00:00
22,student,single,secondary,no,47,no,no,cellular,14,aug,236,2,-1,0,unknown,no,2024-11-23 09:00:00
51,admin.,married,secondary,no,37,no,yes,unknown,20,jun,206,2,-1,0,unknown,no,2024-11-23 10:00:00
28,management,single,tertiary,no,320,yes,no,cellular,30,apr,239,1,-1,0,unknown,no,2024-11-23 11:00:00
42,management,married,tertiary,no,0,yes,no,cellular,9,jul,98,1,-1,0,unknown,no,2024-11-23 12:00:00
55,admin.,married,secondary,no,865,yes,no,cellular,8,jul,105,1,82,2,failure,no,2024-11-23 13:00:00
31,management,married,tertiary,no,1010,yes,no,cellular,15,may,385,3,364,9,other,no,2024-11-23 14:00:00
32,technician,single,tertiary,no,6281,yes,no,unknown,3,jun,1336,4,-1,0,unknown,yes,2024-11-23 15:00:00
36,admin.,divorced,primary,no,227,no,no,cellular,9,jul,185,1,-1,0,unknown,no,2024-11-23 16:00:00
31,blue-collar,married,secondary,no,-596,yes,no,cellular,21,jul,147,1,-1,0,unknown,no,2024-11-23 17:00:00
37,blue-collar,single,secondary,no,1127,yes,no,cellular,17,apr,72,2,281,1,failure,no,2024-11-23 18:00:00
53,admin.,divorced,secondary,no,-120,yes,no,unknown,27,may,211,1,-1,0,unknown,no,2024-11-23 19:00:00
30,blue-collar,married,secondary,no,1717,yes,no,cellular,14,may,197,3,-1,0,unknown,no,2024-11-23 20:00:00
51,admin.,married,secondary,no,21,no,yes,cellular,13,aug,157,2,-1,0,unknown,no,2024-11-23 21:00:00
42,admin.,married,secondary,no,3842,no,no,cellular,31,jul,130,4,-1,0,unknown,no,2024-11-23 22:00:00
47,services,divorced,secondary,no,743,yes,yes,unknown,13,may,367,1,-1,0,unknown,no,2024-11-23 23:00:00
33,technician,divorced,secondary,no,250,yes,yes,cellular,7,may,277,1,-1,0,unknown,no,2024-11-24 00:00:00
38,self-employed,divorced,tertiary,no,1513,no,no,cellular,7,may,330,1,342,1,failure,no,2024-11-24 01:00:00
38,services,married,secondary,no,8876,no,no,cellular,19,nov,636,1,-1,0,unknown,no,2024-11-24 02:00:00
36,management,married,tertiary,no,93,no,no,cellular,12,jul,262,2,182,7,failure,yes,2024-11-24 03:00:00
57,management,married,tertiary,no,1410,yes,no,cellular,10,jul,185,1,-1,0,unknown,no,2024-11-24 04:00:00
48,services,single,primary,no,-139,no,no,cellular,13,may,75,2,-1,0,unknown,no,2024-11-24 05:00:00
38,admin.,married,secondary,no,4458,yes,no,unknown,5,jun,215,1,-1,0,unknown,no,2024-11-24 06:00:00
35,admin.,divorced,secondary,no,0,no,yes,cellular,14,jul,245,2,-1,0,unknown,no,2024-11-24 07:00:00
42,blue-collar,married,secondary,no,902,yes,no,unknown,14,may,71,1,-1,0,unknown,no,2024-11-24 08:00:00
48,management,married,tertiary,no,-10,no,no,cellular,4,jun,144,1,-1,0,unknown,no,2024-11-24 09:00:00
41,blue-collar,married,primary,no,1461,yes,no,cellular,18,nov,290,1,165,2,success,no,2024-11-24 10:00:00
41,blue-collar,married,secondary,no,153,yes,no,unknown,27,may,389,1,-1,0,unknown,no,2024-11-24 11:00:00
55,blue-collar,married,secondary,no,0,no,no,unknown,16,jun,73,3,-1,0,unknown,no,2024-11-24 12:00:00
26,blue-collar,married,secondary,no,1101,no,no,telephone,9,jul,206,1,-1,0,unknown,no,2024-11-24 13:00:00
50,blue-collar,married,secondary,no,181,yes,no,cellular,17,apr,599,2,-1,0,unknown,no,2024-11-24 14:00:00
34,services,married,secondary,no,244,no,no,cellular,4,feb,696,2,-1,0,unknown,no,2024-11-24 15:00:00
39,technician,divorced,secondary,no,530,yes,yes,cellular,6,may,68,1,-1,0,unknown,no,2024-11-24 16:00:00
26,blue-collar,married,secondary,no,1128,yes,yes,unknown,27,jun,111,3,-1,0,unknown,no,2024-11-24 17:00:00
50,management,married,tertiary,no,109,yes,no,cellular,13,aug,185,2,-1,0,unknown,no,2024-11-24 18:00:00
53,unknown,divorced,tertiary,no,2272,yes,no,unknown,14,may,243,1,-1,0,unknown,no,2024-11-24 19:00:00
45,blue-collar,married,secondary,no,154,yes,no,unknown,7,may,1138,1,-1,0,unknown,yes,2024-11-24 20:00:00
30,student,single,unknown,no,988,no,no,cellular,5,mar,167,9,-1,0,unknown,no,2024-11-24 21:00:00
36,management,married,tertiary,no,340,yes,no,cellular,20,apr,68,2,-1,0,unknown,no,2024-11-24 22:00:00
46,services,married,secondary,no,457,yes,yes,unknown,20,jun,74,1,-1,0,unknown,no,2024-11-24 23:00:00
35,management,married,tertiary,no,841,no,no,cellular,26,aug,301,6,-1,0,unknown,no,2024-11-25 00:00:00
31,blue-collar,single,secondary,no,88,yes,no,cellular,20,apr,21,5,-1,0,unknown,no,2024-11-25 01:00:00
60,housemaid,married,unknown,no,5421,no,no,cellular,18,aug,458,4,-1,0,unknown,no,2024-11-25 02:00:00
46,services,divorced,secondary,no,355,yes,no,cellular,8,may,122,2,338,8,other,no,2024-11-25 03:00:00
42,blue-collar,married,secondary,no,88,yes,no,cellular,12,may,53,2,-1,0,unknown,no,2024-11-25 04:00:00
31,blue-collar,married,primary,no,-423,yes,yes,unknown,27,jun,135,2,-1,0,unknown,no,2024-11-25 05:00:00
29,self-employed,single,tertiary,no,0,yes,no,cellular,8,jul,231,1,-1,0,unknown,no,2024-11-25 06:00:00
45,admin.,married,secondary,no,373,no,yes,cellular,18,jul,274,3,-1,0,unknown,no,2024-11-25 07:00:00
33,services,married,secondary,no,233,no,no,cellular,29,aug,155,2,-1,0,unknown,no,2024-11-25 08:00:00
42,housemaid,single,primary,no,5774,yes,no,unknown,15,may,54,2,-1,0,unknown,no,2024-11-25 09:00:00
34,admin.,single,secondary,no,296,no,no,cellular,20,nov,68,1,136,4,failure,no,2024-11-25 10:00:00
36,entrepreneur,married,secondary,no,24,yes,no,cellular,20,apr,88,1,154,2,failure,no,2024-11-25 11:00:00
56,admin.,married,unknown,no,1784,no,no,cellular,13,aug,71,2,-1,0,unknown,no,2024-11-25 12:00:00
34,admin.,single,secondary,no,126,yes,no,unknown,20,may,61,2,-1,0,unknown,no,2024-11-25 13:00:00
44,self-employed,married,primary,no,0,no,no,cellular,20,nov,843,3,-1,0,unknown,no,2024-11-25 14:00:00
42,technician,married,tertiary,no,644,yes,no,unknown,7,may,19,1,-1,0,unknown,no,2024-11-25 15:00:00
32,admin.,married,secondary,no,7522,yes,no,cellular,14,jul,240,3,-1,0,unknown,no,2024-11-25 16:00:00
52,technician,married,secondary,no,83,no,no,telephone,22,jul,135,3,-1,0,unknown,no,2024-11-25 17:00:00
28,technician,single,tertiary,no,0,yes,no,cellular,15,apr,217,2,-1,0,unknown,no,2024-11-25 18:00:00
31,admin.,single,secondary,no,523,no,yes,cellular,16,oct,141,1,126,4,failure,no,2024-11-25 19:00:00
48,retired,single,secondary,no,3458,no,no,unknown,5,jun,292,1,-1,0,unknown,no,2024-11-25 20:00:00
37,blue-collar,married,secondary,no,982,yes,no,cellular,17,apr,127,1,282,2,failure,no,2024-11-25 21:00:00
55,management,married,tertiary,no,0,no,no,cellular,22,aug,64,2,-1,0,unknown,no,2024-11-25 22:00:00
47,technician,married,secondary,no,1571,yes,no,cellular,11,may,261,1,369,2,failure,no,2024-11-25 23:00:00
49,blue-collar,married,primary,no,2356,no,yes,telephone,14,jul,236,2,-1,0,unknown,no,2024-11-26 00:00:00
44,technician,married,secondary,no,11016,no,no,unknown,9,jun,252,3,-1,0,unknown,no,2024-11-26 01:00:00
39,blue-collar,divorced,primary,no,4168,yes,no,unknown,20,jun,172,3,-1,0,unknown,no,2024-11-26 02:00:00
59,retired,married,primary,no,2722,no,no,unknown,16,jun,145,1,-1,0,unknown,no,2024-11-26 03:00:00
24,admin.,married,secondary,no,230,yes,no,cellular,15,may,73,1,-1,0,unknown,no,2024-11-26 04:00:00
28,technician,single,tertiary,no,-594,yes,yes,cellular,15,may,296,2,353,2,other,no,2024-11-26 05:00:00
58,retired,divorced,unknown,no,5920,yes,no,cellular,21,nov,96,1,121,1,failure,no,2024-11-26 06:00:00
47,admin.,married,secondary,no,2,no,no,cellular,10,jul,89,1,-1,0,unknown,no,2024-11-26 07:00:00
31,technician,single,tertiary,no,424,no,no,cellular,21,aug,93,2,-1,0,unknown,no,2024-11-26 08:00:00
37,admin.,divorced,tertiary,no,4708,no,no,cellular,2,jun,238,1,181,2,success,yes,2024-11-26 09:00:00
52,management,married,tertiary,no,-11,yes,no,cellular,11,may,94,4,-1,0,unknown,no,2024-11-26 10:00:00
58,blue-collar,divorced,primary,no,835,no,no,telephone,3,feb,296,1,-1,0,unknown,no,2024-11-26 11:00:00
41,admin.,divorced,secondary,no,-106,yes,no,unknown,2,jun,134,3,-1,0,unknown,no,2024-11-26 12:00:00
40,blue-collar,married,primary,no,2364,yes,no,cellular,20,apr,62,4,-1,0,unknown,no,2024-11-26 13:00:00
43,management,married,tertiary,no,1379,yes,no,unknown,27,may,383,3,-1,0,unknown,no,2024-11-26 14:00:00
55,unemployed,married,tertiary,no,383,no,no,unknown,6,may,343,3,-1,0,unknown,no,2024-11-26 15:00:00
76,retired,divorced,primary,no,2693,no,no,cellular,21,oct,107,2,-1,0,unknown,yes,2024-11-26 16:00:00
31,management,single,tertiary,no,-208,yes,yes,cellular,20,nov,251,4,-1,0,unknown,no,2024-11-26 17:00:00
60,management,married,tertiary,no,0,no,no,cellular,26,aug,362,6,-1,0,unknown,no,2024-11-26 18:00:00
46,technician,married,secondary,no,0,no,no,cellular,12,aug,107,1,104,3,success,no,2024-11-26 19:00:00
54,entrepreneur,married,tertiary,no,1063,yes,no,telephone,8,apr,690,7,-1,0,unknown,no,2024-11-26 20:00:00
27,services,single,tertiary,no,1501,yes,no,cellular,24,jul,187,1,-1,0,unknown,no,2024-11-26 21:00:00
43,services,divorced,secondary,no,372,yes,yes,cellular,4,feb,618,2,274,2,failure,no,2024-11-26 22:00:00
30,blue-collar,married,primary,no,123,yes,no,cellular,15,may,55,4,-1,0,unknown,no,2024-11-26 23:00:00
29,admin.,single,secondary,no,405,yes,no,cellular,15,may,84,1,345,1,other,no,2024-11-27 00:00:00
52,blue-collar,married,primary,no,940,yes,no,cellular,17,apr,317,1,-1,0,unknown,no,2024-11-27 01:00:00
30,unemployed,single,secondary,no,500,yes,no,unknown,2,jun,178,2,-1,0,unknown,no,2024-11-27 02:00:00
41,blue-collar,married,secondary,no,429,yes,no,unknown,13,may,244,1,-1,0,unknown,no,2024-11-27 03:00:00
36,unemployed,divorced,primary,no,0,no,no,telephone,4,jul,304,3,-1,0,unknown,no,2024-11-27 04:00:00
32,technician,married,secondary,no,1119,no,no,cellular,19,nov,371,2,-1,0,unknown,no,2024-11-27 05:00:00
35,blue-collar,married,primary,no,2281,yes,no,cellular,18,may,126,2,362,1,other,no,2024-11-27 06:00:00
29,blue-collar,married,secondary,no,577,yes,no,telephone,17,apr,501,3,331,10,other,no,2024-11-27 07:00:00
56,retired,divorced,secondary,no,-890,yes,no,cellular,10,jul,467,1,-1,0,unknown,no,2024-11-27 08:00:00
35,services,married,secondary,no,33,yes,no,cellular,22,jul,181,1,-1,0,unknown,no,2024-11-27 09:00:00
43,technician,married,primary,no,201,no,no,cellular,21,nov,69,2,-1,0,unknown,no,2024-11-27 10:00:00
42,blue-collar,married,secondary,no,2913,no,no,cellular,4,dec,127,2,184,2,success,no,2024-11-27 11:00:00
26,technician,single,tertiary,no,777,yes,no,cellular,14,aug,260,2,463,1,failure,no,2024-11-27 12:00:00
48,blue-collar,married,primary,no,174,yes,yes,cellular,8,aug,36,8,-1,0,unknown,no,2024-11-27 13:00:00
52,admin.,married,secondary,no,941,no,no,cellular,4,feb,89,2,-1,0,unknown,no,2024-11-27 14:00:00
64,management,married,secondary,no,1646,no,no,cellular,12,aug,68,3,-1,0,unknown,no,2024-11-27 15:00:00
59,retired,married,primary,no,249,no,no,cellular,13,aug,432,5,-1,0,unknown,no,2024-11-27 16:00:00
45,admin.,married,secondary,no,6971,no,no,cellular,22,may,119,1,-1,0,unknown,no,2024-11-27 17:00:00
32,technician,single,tertiary,yes,0,no,no,cellular,19,nov,122,2,-1,0,unknown,no,2024-11-27 18:00:00
35,admin.,single,secondary,no,289,yes,no,cellular,28,jul,48,10,-1,0,unknown,no,2024-11-27 19:00:00
35,technician,married,secondary,no,523,yes,yes,unknown,16,may,95,1,-1,0,unknown,no,2024-11-27 20:00:00
34,blue-collar,married,secondary,no,42,yes,no,unknown,7,may,154,2,-1,0,unknown,no,2024-11-27 21:00:00
37,technician,single,secondary,no,779,yes,no,unknown,28,may,85,1,-1,0,unknown,no,2024-11-27 22:00:00
33,admin.,single,secondary,no,2548,yes,no,cellular,20,nov,179,2,-1,0,unknown,no,2024-11-27 23:00:00
35,self-employed,married,secondary,no,351,yes,no,unknown,9,may,298,2,-1,0,unknown,no,2024-11-28 00:00:00
59,retired,married,primary,no,2632,no,no,cellular,3,jun,123,1,-1,0,unknown,no,2024-11-28 01:00:00
33,services,married,secondary,no,0,yes,no,cellular,14,jul,163,2,-1,0,unknown,no,2024-11-28 02:00:00
50,management,married,tertiary,no,2629,yes,no,telephone,15,jul,59,4,-1,0,unknown,no,2024-11-28 03:00:00
53,management,married,tertiary,no,404,no,no,cellular,20,aug,329,4,-1,0,unknown,no,2024-11-28 04:00:00
33,management,married,tertiary,no,0,yes,no,cellular,14,apr,535,3,328,1,failure,yes,2024-11-28 05:00:00
46,self-employed,married,secondary,no,390,yes,no,cellular,31,jul,208,2,-1,0,unknown,no,2024-11-28 06:00:00
37,management,married,tertiary,no,3654,no,no,cellular,26,feb,262,1,274,2,other,no,2024-11-28 07:00:00
42,management,married,tertiary,no,37,no,no,cellular,21,aug,299,1,-1,0,unknown,no,2024-11-28 08:00:00
55,management,divorced,tertiary,no,2037,no,no,cellular,4,feb,305,2,94,3,success,yes,2024-11-28 09:00:00
31,services,married,secondary,no,309,yes,no,unknown,23,may,146,6,-1,0,unknown,no,2024-11-28 10:00:00
45,technician,married,secondary,no,1240,no,no,cellular,7,may,269,2,-1,0,unknown,no,2024-11-28 11:00:00
34,technician,single,secondary,no,399,yes,no,unknown,2,jun,493,3,-1,0,unknown,no,2024-11-28 12:00:00
29,blue-collar,single,secondary,no,1958,yes,no,cellular,9,jul,643,1,-1,0,unknown,no,2024-11-28 13:00:00
51,blue-collar,divorced,tertiary,no,257,yes,no,unknown,13,may,190,1,-1,0,unknown,no,2024-11-28 14:00:00
35,admin.,single,tertiary,no,5007,yes,no,cellular,13,aug,73,1,112,2,other,no,2024-11-28 15:00:00
31,management,single,secondary,no,202,yes,no,cellular,7,may,590,1,-1,0,unknown,no,2024-11-28 16:00:00
54,technician,married,secondary,no,4475,yes,no,cellular,19,nov,108,1,-1,0,unknown,no,2024-11-28 17:00:00
33,housemaid,married,secondary,no,8,yes,no,cellular,14,aug,425,4,-1,0,unknown,no,2024-11-28 18:00:00
40,technician,married,primary,no,284,yes,no,cellular,20,apr,1332,2,-1,0,unknown,yes,2024-11-28 19:00:00
30,technician,married,tertiary,no,526,yes,yes,unknown,26,jun,677,3,-1,0,unknown,yes,2024-11-28 20:00:00
39,services,married,tertiary,no,16,no,no,unknown,19,jun,32,1,-1,0,unknown,no,2024-11-28 21:00:00
52,admin.,married,primary,no,321,yes,no,unknown,30,may,141,4,-1,0,unknown,no,2024-11-28 22:00:00
38,technician,married,secondary,no,167,no,no,cellular,14,aug,145,2,-1,0,unknown,no,2024-11-28 23:00:00
30,management,married,secondary,no,-559,yes,yes,cellular,21,nov,531,1,184,1,failure,no,2024-11-29 00:00:00
53,blue-collar,married,primary,no,343,yes,no,cellular,25,jul,616,5,-1,0,unknown,yes,2024-11-29 01:00:00
38,admin.,single,secondary,no,2600,yes,no,cellular,19,nov,67,1,-1,0,unknown,no,2024-11-29 02:00:00
30,technician,single,secondary,no,57,no,no,cellular,2,feb,465,2,-1,0,unknown,no,2024-11-29 03:00:00
28,blue-collar,single,secondary,no,235,yes,no,unknown,16,jun,102,46,-1,0,unknown,no,2024-11-29 04:00:00
51,services,married,secondary,no,1605,yes,no,cellular,16,jul,94,3,-1,0,unknown,no,2024-11-29 05:00:00
32,technician,single,unknown,no,491,no,no,cellular,8,oct,251,2,91,7,success,yes,2024-11-29 06:00:00
32,technician,single,tertiary,no,0,yes,no,unknown,21,may,250,2,-1,0,unknown,no,2024-11-29 07:00:00
23,technician,single,secondary,no,4659,yes,no,cellular,7,may,158,1,318,4,failure,no,2024-11-29 08:00:00
45,admin.,divorced,secondary,no,660,yes,no,unknown,15,may,71,2,-1,0,unknown,no,2024-11-29 09:00:00
43,self-employed,married,unknown,no,6,yes,no,unknown,29,may,365,2,-1,0,unknown,no,2024-11-29 10:00:00
46,self-employed,married,tertiary,no,2421,no,no,cellular,19,nov,1084,1,100,4,failure,yes,2024-11-29 11:00:00
45,blue-collar,married,primary,no,810,yes,no,unknown,15,may,213,4,-1,0,unknown,no,2024-11-29 12:00:00
37,blue-collar,married,secondary,no,771,yes,no,cellular,11,may,262,2,367,4,failure,no,2024-11-29 13:00:00
35,technician,single,tertiary,no,2288,no,no,telephone,28,may,32,2,-1,0,unknown,no,2024-11-29 14:00:00
32,admin.,single,tertiary,no,328,yes,yes,unknown,26,jun,271,1,-1,0,unknown,no,2024-11-29 15:00:00
45,blue-collar,married,unknown,no,2056,no,yes,unknown,11,jun,191,1,-1,0,unknown,no,2024-11-29 16:00:00
51,management,divorced,tertiary,no,-256,yes,yes,cellular,14,may,97,1,-1,0,unknown,no,2024-11-29 17:00:00
43,services,divorced,unknown,no,-291,yes,no,cellular,11,may,277,1,301,2,failure,no,2024-11-29 18:00:00
59,blue-collar,married,primary,no,2192,no,no,cellular,12,aug,365,2,-1,0,unknown,no,2024-11-29 19:00:00
54,technician,married,tertiary,no,6507,no,no,cellular,26,may,145,1,-1,0,unknown,no,2024-11-29 20:00:00
30,services,married,secondary,no,-27,yes,no,cellular,18,jul,65,1,-1,0,unknown,no,2024-11-29 21:00:00
52,unemployed,married,secondary,no,1416,no,no,cellular,13,sep,218,3,187,3,success,yes,2024-11-29 22:00:00
57,technician,married,tertiary,no,1181,no,no,cellular,29,jul,169,2,182,2,success,yes,2024-11-29 23:00:00
57,housemaid,married,primary,no,3570,no,no,unknown,9,jun,233,2,-1,0,unknown,no,2024-11-30 00:00:00
34,admin.,married,secondary,no,626,yes,no,cellular,14,may,142,2,-1,0,unknown,no,2024-11-30 01:00:00
39,technician,married,primary,no,644,yes,no,unknown,15,may,110,1,-1,0,unknown,no,2024-11-30 02:00:00
25,technician,single,tertiary,no,640,yes,no,unknown,13,may,492,2,-1,0,unknown,no,2024-11-30 03:00:00
55,management,married,tertiary,no,12972,no,no,telephone,18,aug,205,1,-1,0,unknown,yes,2024-11-30 04:00:00
39,management,married,tertiary,no,481,no,no,cellular,7,dec,929,5,189,1,other,yes,2024-11-30 05:00:00
59,blue-collar,divorced,unknown,no,454,yes,no,cellular,10,jul,293,1,-1,0,unknown,no,2024-11-30 06:00:00
33,management,married,primary,no,142,yes,no,cellular,15,may,87,1,368,1,failure,no,2024-11-30 07:00:00
32,blue-collar,married,secondary,no,2526,yes,no,unknown,20,jun,25,8,-1,0,unknown,no,2024-11-30 08:00:00
32,blue-collar,married,secondary,no,4,yes,yes,cellular,8,jul,173,1,-1,0,unknown,no,2024-11-30 09:00:00
58,technician,married,secondary,no,1463,yes,no,cellular,12,aug,110,3,-1,0,unknown,no,2024-11-30 10:00:00
43,management,married,secondary,no,10273,no,no,cellular,7,aug,359,2,-1,0,unknown,no,2024-11-30 11:00:00
44,blue-collar,married,primary,no,353,yes,no,unknown,13,may,705,1,-1,0,unknown,no,2024-11-30 12:00:00
48,entrepreneur,divorced,tertiary,no,275,no,yes,unknown,5,jun,34,1,-1,0,unknown,no,2024-11-30 13:00:00
31,blue-collar,single,secondary,no,196,yes,no,cellular,5,may,568,1,341,7,failure,yes,2024-11-30 14:00:00
36,management,married,tertiary,no,1790,yes,no,cellular,28,jun,132,3,392,2,other,no,2024-11-30 15:00:00
65,retired,married,tertiary,no,1973,no,no,telephone,2,feb,121,1,287,3,success,no,2024-11-30 16:00:00
58,blue-collar,married,primary,no,99,yes,no,unknown,20,may,215,3,-1,0,unknown,no,2024-11-30 17:00:00
38,entrepreneur,single,secondary,no,2543,no,no,cellular,11,nov,357,3,93,5,success,yes,2024-11-30 18:00:00
46,entrepreneur,divorced,tertiary,no,148,yes,no,cellular,18,may,61,3,350,5,other,no,2024-11-30 19:00:00
33,management,married,tertiary,no,113,yes,no,unknown,5,jun,101,11,-1,0,unknown,no,2024-11-30 20:00:00
48,admin.,divorced,secondary,no,267,no,no,unknown,8,may,266,1,-1,0,unknown,no,2024-11-30 21:00:00
52,blue-collar,single,primary,no,210,yes,no,unknown,12,may,154,1,-1,0,unknown,no,2024-11-30 22:00:00
36,management,married,tertiary,no,203,no,no,cellular,23,jul,608,3,179,2,success,yes,2024-11-30 23:00:00
20,student,single,unknown,no,167,no,no,cellular,18,jan,237,1,-1,0,unknown,no,2024-12-01 00:00:00
32,technician,divorced,secondary,no,18,no,no,telephone,19,nov,20,1,177,1,failure,no,2024-12-01 01:00:00
32,technician,married,secondary,yes,4,yes,yes,cellular,25,aug,132,8,-1,0,unknown,no,2024-12-01 02:00:00
45,admin.,married,secondary,no,1214,yes,no,cellular,2,feb,150,2,189,2,failure,no,2024-12-01 03:00:00
49,technician,married,secondary,no,-147,yes,no,cellular,20,apr,390,1,-1,0,unknown,no,2024-12-01 04:00:00
39,management,married,tertiary,no,0,no,no,cellular,28,aug,93,25,-1,0,unknown,no,2024-12-01 05:00:00
45,admin.,married,secondary,no,137,yes,no,unknown,14,may,427,1,-1,0,unknown,no,2024-12-01 06:00:00
51,technician,married,unknown,no,205,yes,yes,unknown,13,may,665,1,-1,0,unknown,no,2024-12-01 07:00:00
40,self-employed,divorced,secondary,no,172,no,no,cellular,29,jan,421,1,-1,0,unknown,no,2024-12-01 08:00:00
36,services,married,primary,no,179,no,no,unknown,9,jun,411,1,-1,0,unknown,no,2024-12-01 09:00:00
35,blue-collar,married,secondary,no,1207,yes,no,cellular,17,apr,694,2,331,1,success,no,2024-12-01 10:00:00
39,services,divorced,secondary,no,892,yes,no,unknown,2,jun,26,1,-1,0,unknown,no,2024-12-01 11:00:00
60,blue-collar,married,secondary,no,1801,no,no,telephone,29,oct,167,1,-1,0,unknown,no,2024-12-01 12:00:00
40,technician,divorced,secondary,no,300,yes,yes,cellular,17,apr,386,2,-1,0,unknown,no,2024-12-01 13:00:00
32,technician,single,secondary,no,5,no,no,cellular,12,aug,105,2,-1,0,unknown,no,2024-12-01 14:00:00
35,management,married,tertiary,no,787,no,no,cellular,20,nov,49,1,-1,0,unknown,no,2024-12-01 15:00:00
29,management,single,tertiary,no,1170,no,no,cellular,20,apr,453,1,-1,0,unknown,yes,2024-12-01 16:00:00
26,unemployed,single,secondary,no,622,no,no,cellular,28,jan,1451,2,-1,0,unknown,yes,2024-12-01 17:00:00
58,retired,married,secondary,no,4,no,yes,cellular,6,aug,147,1,-1,0,unknown,no,2024-12-01 18:00:00
53,entrepreneur,married,primary,no,55,no,no,cellular,2,jun,217,1,-1,0,unknown,no,2024-12-01 19:00:00
28,management,single,secondary,no,-994,yes,yes,cellular,18,jul,174,2,-1,0,unknown,no,2024-12-01 20:00:00
46,management,married,tertiary,yes,-1001,yes,no,cellular,21,nov,45,3,-1,0,unknown,no,2024-12-01 21:00:00
48,technician,divorced,tertiary,no,375,no,no,cellular,20,aug,212,2,-1,0,unknown,no,2024-12-01 22:00:00
46,management,single,tertiary,no,6651,no,no,cellular,22,may,114,1,60,1,failure,no,2024-12-01 23:00:00
28,student,single,secondary,no,5916,no,no,cellular,22,may,259,1,63,5,failure,no,2024-12-02 00:00:00
28,technician,single,secondary,no,26765,no,no,unknown,13,may,210,8,-1,0,unknown,no,2024-12-02 01:00:00
45,unknown,married,primary,no,586,yes,no,telephone,21,jul,90,3,-1,0,unknown,no,2024-12-02 02:00:00
45,technician,married,secondary,no,1395,yes,no,cellular,11,aug,243,4,-1,0,unknown,no,2024-12-02 03:00:00
46,retired,married,secondary,no,23,yes,yes,cellular,7,aug,122,2,-1,0,unknown,no,2024-12-02 04:00:00
29,admin.,single,secondary,no,3432,yes,no,cellular,17,apr,139,2,-1,0,unknown,no,2024-12-02 05:00:00
32,admin.,married,secondary,no,9049,yes,no,cellular,21,nov,536,1,-1,0,unknown,no,2024-12-02 06:00:00
21,student,single,secondary,no,6844,no,no,cellular,14,aug,126,3,127,7,other,no,2024-12-02 07:00:00
28,technician,single,tertiary,no,183,yes,yes,unknown,28,may,62,2,-1,0,unknown,no,2024-12-02 08:00:00
59,management,divorced,tertiary,no,258,yes,no,cellular,20,apr,33,1,173,1,success,no,2024-12-02 09:00:00
24,management,single,secondary,no,86,no,no,unknown,2,jun,1075,2,-1,0,unknown,no,2024-12-02 10:00:00
32,management,married,tertiary,no,1297,yes,no,cellular,15,may,250,1,-1,0,unknown,no,2024-12-02 11:00:00
43,blue-collar,married,secondary,no,232,yes,no,telephone,8,may,128,8,324,7,other,no,2024-12-02 12:00:00
51,services,married,secondary,no,7,no,no,cellular,27,aug,18,18,-1,0,unknown,no,2024-12-02 13:00:00
40,admin.,married,secondary,no,334,yes,no,unknown,6,jun,84,5,-1,0,unknown,no,2024-12-02 14:00:00
39,admin.,divorced,secondary,no,-607,yes,no,unknown,20,may,374,2,-1,0,unknown,no,2024-12-02 15:00:00
31,blue-collar,divorced,secondary,no,-306,no,no,unknown,3,jun,137,2,-1,0,unknown,no,2024-12-02 16:00:00
47,management,divorced,secondary,no,0,yes,no,cellular,18,nov,75,2,-1,0,unknown,no,2024-12-02 17:00:00
43,admin.,married,secondary,no,352,no,yes,cellular,31,jul,165,4,-1,0,unknown,no,2024-12-02 18:00:00
56,admin.,married,secondary,no,353,yes,no,unknown,5,may,106,2,-1,0,unknown,no,2024-12-02 19:00:00
31,services,single,secondary,no,629,yes,no,unknown,21,may,369,2,-1,0,unknown,no,2024-12-02 20:00:00
37,technician,divorced,secondary,no,141,yes,no,cellular,6,may,848,1,364,3,failure,yes,2024-12-02 21:00:00
47,blue-collar,single,unknown,no,2443,no,no,unknown,18,jun,422,1,-1,0,unknown,no,2024-12-02 22:00:00
34,unemployed,married,secondary,no,1243,yes,yes,cellular,8,may,157,4,-1,0,unknown,no,2024-12-02 23:00:00
41,blue-collar,divorced,primary,no,664,no,yes,cellular,15,jul,955,5,-1,0,unknown,yes,2024-12-03 00:00:00
29,services,single,secondary,no,2559,no,no,cellular,4,feb,214,2,-1,0,unknown,no,2024-12-03 01:00:00
35,services,married,secondary,no,630,yes,no,cellular,2,feb,134,1,271,2,failure,no,2024-12-03 02:00:00
50,management,married,tertiary,no,29,yes,no,cellular,7,may,83,4,266,20,other,no,2024-12-03 03:00:00
49,services,married,secondary,no,892,no,no,unknown,14,may,102,2,-1,0,unknown,no,2024-12-03 04:00:00
43,blue-collar,married,secondary,no,15740,yes,no,unknown,14,may,252,2,-1,0,unknown,no,2024-12-03 05:00:00
35,self-employed,married,secondary,no,1256,yes,no,cellular,22,aug,73,7,-1,0,unknown,no,2024-12-03 06:00:00
42,management,divorced,secondary,no,764,no,yes,cellular,21,nov,127,3,-1,0,unknown,no,2024-12-03 07:00:00
42,self-employed,married,tertiary,no,753,no,no,unknown,17,jun,31,1,-1,0,unknown,no,2024-12-03 08:00:00
32,blue-collar,married,secondary,no,214,yes,no,unknown,8,may,190,1,-1,0,unknown,no,2024-12-03 09:00:00
41,technician,single,tertiary,no,1646,yes,no,cellular,4,feb,261,1,184,6,success,yes,2024-12-03 10:00:00
55,management,married,tertiary,no,10065,no,no,unknown,27,may,50,3,-1,0,unknown,no,2024-12-03 11:00:00
41,services,married,primary,no,4903,yes,no,cellular,19,nov,223,2,-1,0,unknown,no,2024-12-03 12:00:00
30,management,single,tertiary,no,9,yes,yes,cellular,15,may,582,2,-1,0,unknown,no,2024-12-03 13:00:00
34,services,married,secondary,no,279,yes,no,unknown,27,may,498,1,-1,0,unknown,no,2024-12-03 14:00:00
39,self-employed,married,tertiary,no,1238,yes,no,cellular,16,jul,212,1,-1,0,unknown,no,2024-12-03 15:00:00
42,management,married,tertiary,no,255,no,no,cellular,4,aug,302,2,-1,0,unknown,no,2024-12-03 16:00:00
44,blue-collar,married,primary,no,67,yes,no,unknown,6,may,220,2,-1,0,unknown,no,2024-12-03 17:00:00
30,management,single,tertiary,no,82,no,no,cellular,9,feb,48,3,-1,0,unknown,no,2024-12-03 18:00:00
59,services,married,secondary,no,292,no,yes,cellular,22,jul,246,4,-1,0,unknown,no,2024-12-03 19:00:00
51,blue-collar,divorced,secondary,no,734,yes,yes,cellular,5,may,17,1,-1,0,unknown,no,2024-12-03 20:00:00
38,self-employed,married,primary,no,618,no,no,cellular,9,jul,184,1,-1,0,unknown,no,2024-12-03 21:00:00
47,admin.,married,secondary,no,726,no,no,unknown,17,jun,60,3,-1,0,unknown,no,2024-12-03 22:00:00
40,retired,married,secondary,no,263,no,no,unknown,6,jun,761,3,-1,0,unknown,no,2024-12-03 23:00:00
34,self-employed,married,tertiary,no,1972,yes,no,cellular,23,jul,61,2,-1,0,unknown,no,2024-12-04 00:00:00
45,blue-collar,married,secondary,no,10252,no,no,cellular,4,may,675,2,-1,0,unknown,yes,2024-12-04 01:00:00
57,admin.,married,primary,no,215,yes,yes,cellular,17,jul,210,2,-1,0,unknown,no,2024-12-04 02:00:00
42,technician,married,secondary,no,758,yes,no,cellular,15,jul,129,4,-1,0,unknown,no,2024-12-04 03:00:00
46,admin.,married,secondary,no,186,yes,no,cellular,11,may,643,2,-1,0,unknown,no,2024-12-04 04:00:00
47,admin.,married,tertiary,no,1979,no,no,cellular,18,aug,207,6,-1,0,unknown,no,2024-12-04 05:00:00
51,housemaid,married,primary,no,3486,no,no,cellular,20,aug,135,11,-1,0,unknown,no,2024-12-04 06:00:00
34,admin.,single,tertiary,no,625,no,yes,unknown,31,aug,34,1,-1,0,unknown,yes,2024-12-04 07:00:00
59,management,divorced,tertiary,no,14,no,yes,cellular,28,jul,114,2,-1,0,unknown,no,2024-12-04 08:00:00
37,services,married,secondary,no,343,yes,yes,cellular,7,may,104,1,304,7,failure,no,2024-12-04 09:00:00
66,admin.,married,secondary,no,5464,no,no,cellular,7,aug,131,1,-1,0,unknown,no,2024-12-04 10:00:00
28,self-employed,single,tertiary,no,2503,no,no,cellular,25,may,426,1,-1,0,unknown,yes,2024-12-04 11:00:00
26,management,single,tertiary,no,1326,yes,no,unknown,9,may,70,1,-1,0,unknown,no,2024-12-04 12:00:00
30,blue-collar,married,secondary,no,2289,yes,yes,cellular,20,nov,133,1,-1,0,unknown,no,2024-12-04 13:00:00
55,entrepreneur,divorced,tertiary,no,1730,no,no,cellular,17,nov,89,2,118,3,failure,no,2024-12-04 14:00:00
59,retired,divorced,tertiary,no,4,yes,no,unknown,2,jun,517,2,-1,0,unknown,no,2024-12-04 15:00:00
47,blue-collar,married,primary,no,2466,yes,no,unknown,13,may,142,2,-1,0,unknown,no,2024-12-04 16:00:00
57,management,divorced,tertiary,no,1016,yes,no,cellular,29,jan,462,2,234,5,failure,no,2024-12-04 17:00:00
28,technician,married,tertiary,no,2925,yes,no,cellular,20,apr,81,4,-1,0,unknown,no,2024-12-04 18:00:00
37,technician,divorced,secondary,no,630,yes,no,cellular,20,apr,28,2,-1,0,unknown,no,2024-12-04 19:00:00
35,entrepreneur,married,tertiary,no,2723,yes,yes,cellular,8,aug,275,4,-1,0,unknown,no,2024-12-04 20:00:00
58,retired,married,secondary,no,2553,no,no,cellular,14,aug,366,2,-1,0,unknown,no,2024-12-04 21:00:00
46,admin.,single,secondary,no,849,yes,no,unknown,5,jun,508,2,-1,0,unknown,yes,2024-12-04 22:00:00
53,management,married,tertiary,no,490,yes,no,unknown,28,may,103,2,-1,0,unknown,no,2024-12-04 23:00:00
35,services,married,secondary,no,-138,yes,no,telephone,17,jul,197,3,-1,0,unknown,no,2024-12-05 00:00:00
36,technician,married,secondary,no,0,no,no,cellular,7,aug,171,2,-1,0,unknown,no,2024-12-05 01:00:00
47,housemaid,married,tertiary,no,1692,yes,no,cellular,30,jan,592,1,-1,0,unknown,no,2024-12-05 02:00:00
27,blue-collar,married,secondary,no,5505,yes,yes,cellular,25,jul,134,1,-1,0,unknown,no,2024-12-05 03:00:00
34,blue-collar,married,primary,no,109,yes,no,cellular,14,may,685,2,-1,0,unknown,no,2024-12-05 04:00:00
36,self-employed,single,tertiary,no,0,yes,no,cellular,30,apr,204,1,-1,0,unknown,no,2024-12-05 05:00:00
30,admin.,single,tertiary,no,33,yes,no,cellular,25,jul,396,1,-1,0,unknown,no,2024-12-05 06:00:00
45,management,married,tertiary,no,226,yes,no,cellular,13,aug,177,6,179,10,success,yes,2024-12-05 07:00:00
48,blue-collar,married,primary,no,3267,yes,no,telephone,13,may,6,5,-1,0,unknown,no,2024-12-05 08:00:00
48,admin.,married,secondary,no,1131,no,yes,cellular,8,may,49,1,-1,0,unknown,no,2024-12-05 09:00:00
31,housemaid,married,primary,no,0,yes,no,cellular,11,aug,57,7,-1,0,unknown,no,2024-12-05 10:00:00
62,management,married,tertiary,no,3371,no,no,cellular,25,mar,187,1,178,2,success,yes,2024-12-05 11:00:00
54,blue-collar,married,primary,no,3170,yes,no,unknown,27,may,62,4,-1,0,unknown,no,2024-12-05 12:00:00
35,self-employed,married,tertiary,no,1987,no,no,cellular,8,aug,335,3,-1,0,unknown,no,2024-12-05 13:00:00
34,blue-collar,single,secondary,no,47,yes,no,cellular,14,apr,232,1,147,2,failure,no,2024-12-05 14:00:00
57,management,married,tertiary,no,3431,yes,no,cellular,21,nov,55,2,189,1,failure,no,2024-12-05 15:00:00
27,unknown,single,secondary,no,1187,no,no,telephone,26,feb,232,1,101,1,failure,yes,2024-12-05 16:00:00
44,blue-collar,single,primary,no,97,yes,no,unknown,23,may,95,14,-1,0,unknown,no,2024-12-05 17:00:00
31,admin.,married,secondary,no,782,yes,no,cellular,20,nov,427,1,-1,0,unknown,no,2024-12-05 18:00:00
60,unknown,married,primary,no,4722,no,no,unknown,20,jun,459,3,-1,0,unknown,no,2024-12-05 19:00:00
66,housemaid,married,primary,no,1230,no,no,cellular,16,jun,288,6,181,3,success,yes,2024-12-05 20:00:00
47,blue-collar,divorced,secondary,no,506,no,no,cellular,24,jul,134,1,-1,0,unknown,no,2024-12-05 21:00:00
25,blue-collar,married,primary,yes,-589,yes,no,unknown,3,jun,233,1,-1,0,unknown,no,2024-12-05 22:00:00
30,management,married,tertiary,no,623,yes,no,unknown,29,may,512,5,-1,0,unknown,no,2024-12-05 23:00:00
51,retired,married,primary,no,752,yes,no,unknown,30,may,214,2,-1,0,unknown,no,2024-12-06 00:00:00
35,management,married,tertiary,no,2529,yes,no,unknown,3,jun,104,7,-1,0,unknown,no,2024-12-06 01:00:00
53,services,single,secondary,no,725,yes,no,unknown,16,jun,227,4,-1,0,unknown,no,2024-12-06 02:00:00
31,technician,single,secondary,no,304,no,no,cellular,29,jan,293,2,160,2,other,no,2024-12-06 03:00:00
33,management,single,tertiary,no,506,no,no,cellular,4,jun,176,1,91,2,success,no,2024-12-06 04:00:00
34,admin.,divorced,secondary,no,183,no,yes,unknown,4,jul,88,1,-1,0,unknown,no,2024-12-06 05:00:00
54,unemployed,divorced,secondary,no,6745,no,no,cellular,2,feb,39,1,-1,0,unknown,no,2024-12-06 06:00:00
34,services,single,secondary,no,1239,yes,no,unknown,23,may,164,1,-1,0,unknown,no,2024-12-06 07:00:00
28,management,single,tertiary,no,385,no,yes,cellular,9,feb,79,4,193,7,failure,no,2024-12-06 08:00:00
45,services,divorced,primary,no,523,no,no,telephone,1,sep,380,4,371,4,other,no,2024-12-06 09:00:00
47,blue-collar,married,secondary,no,116,yes,no,unknown,8,may,376,2,-1,0,unknown,no,2024-12-06 10:00:00
44,admin.,married,secondary,no,4826,yes,no,cellular,17,nov,102,1,185,4,other,no,2024-12-06 11:00:00
35,blue-collar,divorced,primary,no,37,no,yes,cellular,29,jul,104,7,-1,0,unknown,no,2024-12-06 12:00:00
45,services,single,secondary,no,184,yes,yes,unknown,4,jul,89,2,-1,0,unknown,no,2024-12-06 13:00:00
45,housemaid,married,tertiary,no,0,yes,no,telephone,7,may,309,1,-1,0,unknown,no,2024-12-06 14:00:00
31,technician,married,tertiary,no,1990,yes,yes,cellular,17,apr,316,2,339,1,other,no,2024-12-06 15:00:00
56,blue-collar,married,primary,no,563,no,no,telephone,16,jul,51,1,-1,0,unknown,no,2024-12-06 16:00:00
18,student,single,secondary,no,5,no,no,cellular,24,aug,143,2,-1,0,unknown,no,2024-12-06 17:00:00
35,self-employed,married,tertiary,no,35368,yes,no,unknown,21,may,63,1,-1,0,unknown,no,2024-12-06 18:00:00
60,blue-collar,divorced,primary,no,92,yes,no,unknown,6,jun,70,3,-1,0,unknown,no,2024-12-06 19:00:00
42,management,married,primary,no,-679,yes,yes,cellular,6,may,159,1,343,2,failure,no,2024-12-06 20:00:00
39,technician,divorced,secondary,no,291,yes,no,cellular,7,may,882,2,-1,0,unknown,yes,2024-12-06 21:00:00
50,management,married,unknown,no,914,yes,no,unknown,29,may,359,3,-1,0,unknown,no,2024-12-06 22:00:00
56,blue-collar,married,secondary,no,339,no,no,telephone,8,jul,114,3,-1,0,unknown,no,2024-12-06 23:00:00
28,admin.,single,secondary,no,596,yes,no,unknown,6,jun,151,6,-1,0,unknown,no,2024-12-07 00:00:00
53,management,married,tertiary,no,3366,no,no,cellular,31,jul,128,2,-1,0,unknown,no,2024-12-07 01:00:00
35,management,single,tertiary,no,6659,yes,no,unknown,21,may,83,1,-1,0,unknown,no,2024-12-07 02:00:00
33,technician,single,secondary,no,2466,yes,no,cellular,21,nov,132,2,-1,0,unknown,no,2024-12-07 03:00:00
31,blue-collar,single,primary,no,660,yes,no,cellular,28,aug,207,3,478,2,failure,no,2024-12-07 04:00:00
26,services,single,secondary,no,-189,no,yes,cellular,17,jul,538,2,-1,0,unknown,yes,2024-12-07 05:00:00
51,entrepreneur,married,primary,no,4711,no,no,unknown,19,jun,253,1,-1,0,unknown,no,2024-12-07 06:00:00
31,management,married,tertiary,no,527,yes,yes,cellular,15,may,98,2,359,1,failure,no,2024-12-07 07:00:00
33,entrepreneur,married,secondary,no,1034,yes,no,cellular,21,jul,141,6,-1,0,unknown,no,2024-12-07 08:00:00
60,unemployed,divorced,secondary,no,4,no,no,telephone,5,feb,882,2,-1,0,unknown,no,2024-12-07 09:00:00
39,technician,single,tertiary,no,285,no,no,cellular,19,aug,284,2,-1,0,unknown,no,2024-12-07 10:00:00
59,self-employed,divorced,tertiary,no,2979,yes,no,cellular,21,jul,118,3,-1,0,unknown,no,2024-12-07 11:00:00
44,management,divorced,tertiary,no,0,no,no,cellular,28,aug,70,10,-1,0,unknown,no,2024-12-07 12:00:00
20,student,single,secondary,no,1681,no,no,telephone,16,apr,130,1,-1,0,unknown,no,2024-12-07 13:00:00
42,management,divorced,tertiary,no,0,no,no,cellular,1,jun,450,1,196,1,failure,no,2024-12-07 14:00:00
56,management,married,tertiary,no,334,yes,no,unknown,15,may,127,2,-1,0,unknown,no,2024-12-07 15:00:00
51,services,married,secondary,no,-467,no,no,unknown,9,jun,216,5,-1,0,unknown,no,2024-12-07 16:00:00
39,admin.,married,secondary,no,0,no,no,cellular,9,apr,106,2,-1,0,unknown,no,2024-12-07 17:00:00
32,technician,married,secondary,no,-203,yes,no,cellular,18,jul,67,1,-1,0,unknown,no,2024-12-07 18:00:00
30,technician,married,tertiary,no,2166,no,no,cellular,12,jan,316,2,-1,0,unknown,yes,2024-12-07 19:00:00
36,unemployed,divorced,secondary,no,2178,yes,no,cellular,30,jul,74,2,-1,0,unknown,no,2024-12-07 20:00:00
36,blue-collar,married,secondary,no,56,yes,no,cellular,9,jul,183,1,-1,0,unknown,no,2024-12-07 21:00:00
45,technician,divorced,unknown,yes,-25,no,yes,unknown,3,jul,158,3,-1,0,unknown,no,2024-12-07 22:00:00
52,blue-collar,married,secondary,no,262,no,no,unknown,18,jun,1062,4,-1,0,unknown,no,2024-12-07 23:00:00
68,retired,divorced,primary,no,695,no,no,cellular,9,apr,233,1,-1,0,unknown,yes,2024-12-08 00:00:00
43,management,married,tertiary,no,0,yes,no,cellular,7,may,240,3,293,5,failure,no,2024-12-08 01:00:00
30,admin.,single,secondary,no,1018,yes,no,cellular,29,jan,58,1,-1,0,unknown,no,2024-12-08 02:00:00
33,management,married,tertiary,no,2098,no,no,cellular,20,nov,67,1,-1,0,unknown,no,2024-12-08 03:00:00
41,blue-collar,divorced,secondary,no,-104,yes,no,unknown,16,may,32,3,-1,0,unknown,no,2024-12-08 04:00:00
40,services,single,secondary,yes,-306,yes,no,unknown,23,may,253,1,-1,0,unknown,no,2024-12-08 05:00:00
34,entrepreneur,married,tertiary,no,4028,no,no,cellular,19,nov,98,1,-1,0,unknown,no,2024-12-08 06:00:00
28,unemployed,married,secondary,no,858,yes,no,unknown,21,may,371,1,-1,0,unknown,no,2024-12-08 07:00:00
29,admin.,married,secondary,no,1761,yes,yes,cellular,14,may,175,1,-1,0,unknown,no,2024-12-08 08:00:00
38,blue-collar,single,unknown,no,10,yes,no,unknown,3,jun,266,10,-1,0,unknown,no,2024-12-08 09:00:00
30,self-employed,single,tertiary,no,916,no,no,cellular,29,dec,449,2,-1,0,unknown,yes,2024-12-08 10:00:00
28,services,married,secondary,no,510,yes,yes,cellular,8,jul,1767,2,-1,0,unknown,yes,2024-12-08 11:00:00
60,retired,married,unknown,no,878,no,no,cellular,13,aug,106,2,-1,0,unknown,no,2024-12-08 12:00:00
42,blue-collar,married,secondary,no,1958,yes,no,unknown,30,may,124,3,-1,0,unknown,no,2024-12-08 13:00:00
27,student,single,secondary,no,2614,no,no,cellular,8,apr,143,2,-1,0,unknown,yes,2024-12-08 14:00:00
41,technician,married,tertiary,no,6961,no,no,cellular,8,aug,235,2,-1,0,unknown,no,2024-12-08 15:00:00
48,management,single,unknown,no,1009,yes,no,cellular,9,feb,138,5,256,1,other,no,2024-12-08 16:00:00
45,technician,married,secondary,no,-237,yes,yes,unknown,15,may,71,3,-1,0,unknown,no,2024-12-08 17:00:00
41,services,married,secondary,no,6687,yes,no,cellular,21,nov,41,2,123,3,failure,no,2024-12-08 18:00:00
53,unemployed,married,secondary,no,2248,yes,no,cellular,30,jul,122,1,-1,0,unknown,no,2024-12-08 19:00:00
47,entrepreneur,married,secondary,no,8480,no,no,cellular,29,aug,137,9,-1,0,unknown,no,2024-12-08 20:00:00
55,management,married,primary,no,199,yes,yes,cellular,10,jul,192,1,-1,0,unknown,no,2024-12-08 21:00:00
40,services,single,secondary,no,224,yes,no,cellular,17,apr,875,2,-1,0,unknown,yes,2024-12-08 22:00:00
42,blue-collar,married,primary,no,695,yes,no,cellular,16,apr,173,2,-1,0,unknown,no,2024-12-08 23:00:00
30,admin.,single,secondary,yes,-242,no,no,unknown,4,jun,276,1,-1,0,unknown,no,2024-12-09 00:00:00
45,technician,married,secondary,no,760,no,no,cellular,7,aug,95,2,-1,0,unknown,no,2024-12-09 01:00:00
50,blue-collar,married,secondary,no,3988,no,no,unknown,30,jun,165,4,-1,0,unknown,no,2024-12-09 02:00:00
41,management,single,tertiary,no,-24,yes,no,cellular,2,feb,437,1,-1,0,unknown,no,2024-12-09 03:00:00
26,management,single,tertiary,no,170,no,no,cellular,2,oct,160,2,109,1,success,no,2024-12-09 04:00:00
47,blue-collar,married,secondary,no,438,yes,no,unknown,7,may,46,3,-1,0,unknown,no,2024-12-09 05:00:00
29,technician,single,secondary,no,404,yes,no,unknown,29,may,286,2,-1,0,unknown,no,2024-12-09 06:00:00
59,blue-collar,married,secondary,no,2605,no,no,cellular,30,jan,85,2,-1,0,unknown,no,2024-12-09 07:00:00
30,management,single,tertiary,no,520,yes,no,cellular,6,feb,157,5,-1,0,unknown,no,2024-12-09 08:00:00
23,technician,single,secondary,no,598,no,no,cellular,11,nov,406,1,195,1,failure,yes,2024-12-09 09:00:00
53,blue-collar,married,primary,no,238,yes,no,cellular,11,may,238,2,361,5,failure,no,2024-12-09 10:00:00
44,services,divorced,secondary,no,496,yes,yes,unknown,29,may,54,15,-1,0,unknown,no,2024-12-09 11:00:00
33,technician,married,tertiary,no,0,yes,no,cellular,8,may,206,1,-1,0,unknown,no,2024-12-09 12:00:00
34,admin.,married,secondary,no,1655,yes,no,cellular,28,jul,49,2,-1,0,unknown,no,2024-12-09 13:00:00
36,blue-collar,married,secondary,no,-147,yes,no,unknown,8,may,156,1,-1,0,unknown,no,2024-12-09 14:00:00
31,technician,married,tertiary,no,6525,yes,no,cellular,24,jul,169,1,-1,0,unknown,no,2024-12-09 15:00:00
46,blue-collar,married,primary,no,67,no,no,unknown,24,jun,9,1,-1,0,unknown,no,2024-12-09 16:00:00
50,admin.,married,secondary,no,298,no,yes,cellular,28,jul,174,6,-1,0,unknown,no,2024-12-09 17:00:00
23,student,single,secondary,no,431,no,no,cellular,13,aug,496,2,-1,0,unknown,yes,2024-12-09 18:00:00
31,blue-collar,married,primary,no,855,yes,yes,unknown,20,may,172,4,-1,0,unknown,no,2024-12-09 19:00:00
48,blue-collar,married,secondary,no,647,no,no,cellular,29,aug,64,8,-1,0,unknown,no,2024-12-09 20:00:00
56,management,married,tertiary,no,1282,no,no,cellular,19,aug,323,4,-1,0,unknown,no,2024-12-09 21:00:00
35,blue-collar,married,primary,no,3279,no,no,unknown,5,jun,240,2,-1,0,unknown,no,2024-12-09 22:00:00
48,technician,married,secondary,no,178,yes,no,unknown,17,jun,320,4,-1,0,unknown,no,2024-12-09 23:00:00
45,blue-collar,divorced,primary,no,0,yes,no,cellular,21,jul,211,2,-1,0,unknown,no,2024-12-10 00:00:00
24,student,single,secondary,no,139,no,no,cellular,9,sep,430,4,-1,0,unknown,yes,2024-12-10 01:00:00
53,self-employed,married,primary,no,862,yes,no,telephone,14,may,267,4,-1,0,unknown,no,2024-12-10 02:00:00
46,management,married,tertiary,no,1103,yes,no,cellular,8,aug,209,3,-1,0,unknown,no,2024-12-10 03:00:00
58,retired,married,secondary,no,1067,no,no,telephone,10,jul,445,1,-1,0,unknown,no,2024-12-10 04:00:00
54,retired,married,primary,no,1925,no,no,unknown,19,jun,348,3,-1,0,unknown,no,2024-12-10 05:00:00
56,blue-collar,divorced,primary,no,7396,yes,no,cellular,19,nov,115,2,-1,0,unknown,no,2024-12-10 06:00:00
55,admin.,married,secondary,no,9329,no,no,cellular,19,mar,181,1,-1,0,unknown,no,2024-12-10 07:00:00
36,blue-collar,married,secondary,no,722,yes,no,unknown,29,may,103,7,-1,0,unknown,no,2024-12-10 08:00:00
32,blue-collar,single,secondary,no,782,yes,no,cellular,17,apr,517,1,-1,0,unknown,no,2024-12-10 09:00:00
37,management,married,tertiary,no,1113,no,no,cellular,1,sep,265,2,183,2,success,yes,2024-12-10 10:00:00
34,housemaid,married,secondary,no,0,yes,no,unknown,30,oct,154,1,-1,0,unknown,yes,2024-12-10 11:00:00
29,entrepreneur,married,secondary,yes,-388,yes,no,cellular,18,jul,411,3,-1,0,unknown,no,2024-12-10 12:00:00
32,management,single,tertiary,no,336,no,no,cellular,15,may,64,4,-1,0,unknown,no,2024-12-10 13:00:00
31,management,single,tertiary,no,1377,no,no,cellular,5,aug,371,2,-1,0,unknown,no,2024-12-10 14:00:00
32,technician,single,secondary,no,493,no,no,cellular,13,aug,289,2,-1,0,unknown,no,2024-12-10 15:00:00
48,blue-collar,married,primary,no,916,no,no,unknown,12,jun,37,3,-1,0,unknown,no,2024-12-10 16:00:00
37,blue-collar,married,secondary,no,131,yes,no,unknown,9,may,137,2,-1,0,unknown,no,2024-12-10 17:00:00
49,blue-collar,married,secondary,no,402,yes,no,unknown,19,may,571,1,-1,0,unknown,no,2024-12-10 18:00:00
59,housemaid,married,primary,no,0,no,yes,telephone,28,jul,40,2,-1,0,unknown,no,2024-12-10 19:00:00
55,blue-collar,single,primary,no,1187,yes,no,cellular,17,apr,113,1,319,2,failure,no,2024-12-10 20:00:00
37,blue-collar,single,tertiary,no,1222,no,no,unknown,27,may,212,2,-1,0,unknown,no,2024-12-10 21:00:00
31,technician,divorced,tertiary,no,75,no,no,cellular,22,aug,34,9,-1,0,unknown,no,2024-12-10 22:00:00
37,admin.,single,secondary,no,1113,yes,no,unknown,9,may,237,1,-1,0,unknown,no,2024-12-10 23:00:00
37,blue-collar,married,secondary,no,166,yes,no,unknown,13,may,135,3,-1,0,unknown,no,2024-12-11 00:00:00
30,unemployed,single,tertiary,no,1159,no,no,telephone,5,jun,366,1,-1,0,unknown,yes,2024-12-11 01:00:00
37,entrepreneur,divorced,tertiary,no,66,no,no,cellular,18,nov,1164,2,-1,0,unknown,yes,2024-12-11 02:00:00
36,admin.,married,secondary,no,1588,yes,no,cellular,7,apr,103,1,-1,0,unknown,no,2024-12-11 03:00:00
38,blue-collar,married,secondary,no,329,yes,yes,cellular,16,jul,111,4,-1,0,unknown,no,2024-12-11 04:00:00
29,admin.,single,secondary,no,-507,yes,no,unknown,16,may,286,1,-1,0,unknown,no,2024-12-11 05:00:00
28,management,single,tertiary,no,725,no,no,cellular,4,feb,137,2,-1,0,unknown,no,2024-12-11 06:00:00
36,admin.,single,secondary,no,245,yes,no,cellular,6,may,159,1,-1,0,unknown,no,2024-12-11 07:00:00
26,management,single,tertiary,no,800,yes,no,cellular,30,jan,405,2,-1,0,unknown,no,2024-12-11 08:00:00
32,technician,married,unknown,no,196,yes,no,unknown,20,may,196,6,-1,0,unknown,no,2024-12-11 09:00:00
25,technician,single,secondary,no,276,yes,no,unknown,12,may,268,4,-1,0,unknown,no,2024-12-11 10:00:00
49,blue-collar,single,secondary,no,725,yes,no,cellular,13,may,29,6,348,4,other,no,2024-12-11 11:00:00
26,admin.,single,secondary,yes,0,yes,no,cellular,16,jul,157,2,-1,0,unknown,no,2024-12-11 12:00:00
37,management,married,tertiary,no,410,no,no,cellular,29,jan,337,2,-1,0,unknown,no,2024-12-11 13:00:00
49,management,married,tertiary,no,0,no,no,cellular,29,aug,102,2,-1,0,unknown,no,2024-12-11 14:00:00
34,unemployed,single,secondary,no,847,no,no,cellular,2,feb,684,2,-1,0,unknown,no,2024-12-11 15:00:00
27,services,single,secondary,no,2153,yes,no,unknown,30,may,256,6,-1,0,unknown,no,2024-12-11 16:00:00
35,technician,single,secondary,yes,0,no,no,cellular,25,jul,72,3,-1,0,unknown,no,2024-12-11 17:00:00
51,admin.,single,unknown,no,196,no,no,unknown,11,jun,98,1,-1,0,unknown,no,2024-12-11 18:00:00
40,technician,married,secondary,no,88,no,no,cellular,28,aug,214,3,-1,0,unknown,no,2024-12-11 19:00:00
43,technician,single,tertiary,no,317,yes,no,cellular,18,jul,106,1,-1,0,unknown,no,2024-12-11 20:00:00
45,self-employed,married,unknown,no,-257,no,no,unknown,16,may,448,2,-1,0,unknown,no,2024-12-11 21:00:00
48,technician,single,tertiary,no,0,no,no,unknown,16,jun,73,4,-1,0,unknown,no,2024-12-11 22:00:00
49,management,married,secondary,no,249,no,no,telephone,6,nov,234,1,-1,0,unknown,yes,2024-12-11 23:00:00
32,blue-collar,married,primary,no,244,yes,no,unknown,16,may,128,2,-1,0,unknown,no,2024-12-12 00:00:00
38,admin.,married,secondary,no,-728,yes,no,cellular,11,jul,333,1,-1,0,unknown,no,2024-12-12 01:00:00
70,retired,married,primary,no,2346,no,no,cellular,24,feb,694,1,184,5,failure,yes,2024-12-12 02:00:00
41,management,single,tertiary,no,11008,no,no,unknown,18,jun,1540,1,-1,0,unknown,yes,2024-12-12 03:00:00
38,management,married,secondary,no,0,yes,no,unknown,27,may,233,2,-1,0,unknown,no,2024-12-12 04:00:00
56,retired,married,secondary,no,74,yes,no,unknown,26,may,152,2,-1,0,unknown,no,2024-12-12 05:00:00
38,management,married,tertiary,no,500,yes,yes,cellular,16,jul,81,7,-1,0,unknown,no,2024-12-12 06:00:00
39,admin.,divorced,secondary,no,83,yes,no,cellular,30,jul,69,6,-1,0,unknown,no,2024-12-12 07:00:00
53,admin.,divorced,tertiary,no,0,yes,yes,cellular,12,jan,171,1,64,6,other,no,2024-12-12 08:00:00
26,self-employed,divorced,secondary,no,165,yes,no,cellular,29,jul,162,4,-1,0,unknown,no,2024-12-12 09:00:00
31,management,married,secondary,no,466,yes,no,cellular,14,may,164,1,-1,0,unknown,no,2024-12-12 10:00:00
29,management,single,tertiary,no,5894,yes,no,unknown,16,jun,223,2,-1,0,unknown,no,2024-12-12 11:00:00
57,technician,divorced,secondary,no,470,no,no,cellular,5,aug,480,3,-1,0,unknown,yes,2024-12-12 12:00:00
46,technician,divorced,secondary,no,2862,yes,yes,cellular,30,jul,132,3,-1,0,unknown,no,2024-12-12 13:00:00
51,management,married,tertiary,no,1944,yes,no,unknown,27,may,217,2,-1,0,unknown,no,2024-12-12 14:00:00
41,blue-collar,married,primary,no,410,yes,no,unknown,14,may,85,4,-1,0,unknown,no,2024-12-12 15:00:00
30,student,single,secondary,no,1779,no,no,cellular,11,aug,233,1,433,1,success,yes,2024-12-12 16:00:00
27,student,single,secondary,no,298,yes,no,unknown,3,jun,52,1,-1,0,unknown,no,2024-12-12 17:00:00
63,management,married,tertiary,no,0,no,no,cellular,12,oct,130,2,182,6,failure,no,2024-12-12 18:00:00
32,unemployed,married,secondary,no,2400,yes,yes,cellular,5,feb,450,3,-1,0,unknown,no,2024-12-12 19:00:00
49,retired,married,primary,no,1672,no,no,cellular,17,jul,128,3,-1,0,unknown,no,2024-12-12 20:00:00
25,services,married,secondary,no,10,yes,no,cellular,17,jul,114,1,-1,0,unknown,no,2024-12-12 21:00:00
42,services,married,tertiary,no,412,yes,no,telephone,19,nov,142,4,169,5,failure,no,2024-12-12 22:00:00
49,blue-collar,single,primary,no,3710,yes,no,telephone,20,nov,107,2,-1,0,unknown,no,2024-12-12 23:00:00
39,unemployed,single,tertiary,no,97,yes,yes,unknown,26,may,379,1,-1,0,unknown,no,2024-12-13 00:00:00
40,technician,divorced,tertiary,no,568,yes,no,unknown,24,oct,112,1,-1,0,unknown,yes,2024-12-13 01:00:00
31,management,married,tertiary,no,141,yes,no,cellular,4,feb,572,2,238,7,other,yes,2024-12-13 02:00:00
36,unemployed,married,unknown,no,1437,no,no,unknown,19,jun,810,2,-1,0,unknown,no,2024-12-13 03:00:00
23,management,single,tertiary,no,2143,no,no,cellular,30,mar,180,2,-1,0,unknown,yes,2024-12-13 04:00:00
47,blue-collar,divorced,primary,no,409,yes,no,cellular,13,may,143,2,364,1,other,no,2024-12-13 05:00:00
36,technician,divorced,secondary,no,2823,yes,no,cellular,8,jun,215,1,371,6,failure,yes,2024-12-13 06:00:00
58,blue-collar,married,primary,no,0,no,no,telephone,16,jul,558,6,-1,0,unknown,no,2024-12-13 07:00:00
41,blue-collar,divorced,secondary,no,257,yes,no,cellular,5,may,442,2,-1,0,unknown,no,2024-12-13 08:00:00
48,blue-collar,married,primary,no,575,no,no,unknown,15,may,101,3,-1,0,unknown,no,2024-12-13 09:00:00
38,technician,married,tertiary,no,-3,no,no,cellular,11,aug,148,3,-1,0,unknown,no,2024-12-13 10:00:00
26,blue-collar,single,secondary,no,1292,yes,no,cellular,24,jul,48,4,-1,0,unknown,no,2024-12-13 11:00:00
45,self-employed,married,tertiary,no,240,no,no,cellular,28,aug,163,4,-1,0,unknown,no,2024-12-13 12:00:00
38,management,married,tertiary,no,1074,no,no,cellular,8,aug,153,8,-1,0,unknown,no,2024-12-13 13:00:00
51,technician,married,secondary,no,1174,yes,no,cellular,15,may,301,1,-1,0,unknown,no,2024-12-13 14:00:00
46,blue-collar,married,secondary,no,6215,no,no,unknown,16,jun,155,1,-1,0,unknown,no,2024-12-13 15:00:00
31,blue-collar,married,primary,no,0,yes,no,telephone,15,jul,237,7,-1,0,unknown,no,2024-12-13 16:00:00
53,housemaid,single,primary,no,80,no,no,cellular,5,feb,230,2,-1,0,unknown,no,2024-12-13 17:00:00
39,management,single,tertiary,no,137,yes,no,cellular,21,nov,408,9,-1,0,unknown,no,2024-12-13 18:00:00
31,management,single,tertiary,no,522,no,no,telephone,29,mar,113,4,-1,0,unknown,no,2024-12-13 19:00:00
27,management,single,primary,yes,13,no,no,cellular,30,jan,475,3,-1,0,unknown,yes,2024-12-13 20:00:00
25,student,single,secondary,no,1747,yes,no,cellular,24,jul,903,1,-1,0,unknown,yes,2024-12-13 21:00:00
26,management,single,tertiary,no,2786,no,no,cellular,3,jun,300,2,72,1,success,yes,2024-12-13 22:00:00
52,entrepreneur,married,secondary,no,3332,yes,yes,cellular,13,may,182,4,-1,0,unknown,no,2024-12-13 23:00:00
41,blue-collar,divorced,secondary,no,3622,no,no,unknown,19,jun,1135,4,-1,0,unknown,yes,2024-12-14 00:00:00
34,admin.,single,secondary,no,1254,no,no,unknown,3,jun,87,3,-1,0,unknown,no,2024-12-14 01:00:00
58,self-employed,married,tertiary,no,-364,yes,no,unknown,5,may,355,1,-1,0,unknown,no,2024-12-14 02:00:00
44,technician,married,secondary,no,370,no,yes,cellular,29,aug,64,4,-1,0,unknown,no,2024-12-14 03:00:00
59,retired,married,secondary,no,0,no,no,cellular,6,aug,142,2,-1,0,unknown,no,2024-12-14 04:00:00
29,admin.,single,secondary,no,124,no,no,cellular,2,feb,94,1,5,2,other,no,2024-12-14 05:00:00
25,services,married,secondary,no,806,yes,yes,cellular,15,may,193,2,-1,0,unknown,no,2024-12-14 06:00:00
69,retired,married,primary,no,2346,no,no,cellular,11,feb,354,2,-1,0,unknown,yes,2024-12-14 07:00:00
29,self-employed,single,tertiary,no,121,yes,no,unknown,30,may,1500,2,-1,0,unknown,yes,2024-12-14 08:00:00
40,housemaid,married,secondary,no,864,no,no,cellular,14,aug,36,2,-1,0,unknown,no,2024-12-14 09:00:00
36,blue-collar,single,primary,no,367,no,no,cellular,2,feb,217,1,221,1,failure,no,2024-12-14 10:00:00
38,blue-collar,married,primary,no,0,yes,no,unknown,8,may,732,2,-1,0,unknown,no,2024-12-14 11:00:00
35,unemployed,married,secondary,no,315,yes,no,telephone,19,nov,70,1,-1,0,unknown,no,2024-12-14 12:00:00
25,technician,single,tertiary,no,3411,no,no,cellular,19,aug,225,2,-1,0,unknown,yes,2024-12-14 13:00:00
36,self-employed,single,secondary,no,74,yes,yes,cellular,12,may,198,2,-1,0,unknown,no,2024-12-14 14:00:00
57,management,divorced,tertiary,no,6468,yes,no,cellular,4,sep,730,1,157,4,failure,yes,2024-12-14 15:00:00
33,services,married,secondary,no,2533,yes,no,cellular,18,may,16,6,180,2,other,no,2024-12-14 16:00:00
43,blue-collar,divorced,primary,no,6,yes,no,unknown,27,may,112,4,-1,0,unknown,no,2024-12-14 17:00:00
31,admin.,married,secondary,no,27,no,yes,unknown,9,may,63,1,-1,0,unknown,no,2024-12-14 18:00:00
64,management,married,tertiary,no,679,no,no,telephone,22,apr,135,3,-1,0,unknown,no,2024-12-14 19:00:00
46,technician,married,secondary,no,0,yes,no,cellular,19,nov,161,2,-1,0,unknown,no,2024-12-14 20:00:00
36,self-employed,single,tertiary,no,1240,no,no,cellular,31,jul,812,3,-1,0,unknown,yes,2024-12-14 21:00:00
39,blue-collar,married,primary,no,8637,yes,no,telephone,20,apr,78,1,313,1,failure,no,2024-12-14 22:00:00
34,blue-collar,married,secondary,no,1221,yes,no,cellular,6,may,182,1,90,8,failure,no,2024-12-14 23:00:00
40,housemaid,married,primary,no,746,no,no,unknown,20,jun,246,3,-1,0,unknown,no,2024-12-15 00:00:00
48,unemployed,married,secondary,no,3287,yes,yes,cellular,20,apr,242,2,307,1,failure,no,2024-12-15 01:00:00
33,admin.,single,tertiary,no,2,no,no,cellular,29,jan,132,2,-1,0,unknown,no,2024-12-15 02:00:00
54,blue-collar,married,primary,no,1357,yes,yes,cellular,5,may,305,5,349,7,other,no,2024-12-15 03:00:00
57,management,married,tertiary,no,1287,yes,no,cellular,8,apr,180,2,-1,0,unknown,no,2024-12-15 04:00:00
51,blue-collar,divorced,primary,no,1927,no,yes,cellular,16,jul,322,4,-1,0,unknown,no,2024-12-15 05:00:00
39,services,single,secondary,no,403,yes,no,cellular,7,may,1262,3,-1,0,unknown,yes,2024-12-15 06:00:00
33,technician,married,secondary,no,2746,yes,no,cellular,18,nov,188,2,-1,0,unknown,no,2024-12-15 07:00:00
38,technician,married,secondary,no,414,yes,no,cellular,5,may,147,1,-1,0,unknown,no,2024-12-15 08:00:00
42,management,married,primary,no,5310,yes,no,cellular,22,may,545,2,186,1,success,yes,2024-12-15 09:00:00
59,technician,married,secondary,no,116,no,no,cellular,11,feb,268,1,183,7,success,yes,2024-12-15 10:00:00
37,management,divorced,tertiary,no,153,yes,no,cellular,30,apr,221,1,70,2,other,no,2024-12-15 11:00:00
37,admin.,married,secondary,no,-325,no,no,cellular,29,jul,179,7,-1,0,unknown,no,2024-12-15 12:00:00
42,entrepreneur,married,tertiary,no,1068,yes,no,cellular,13,apr,444,1,300,8,failure,no,2024-12-15 13:00:00
38,technician,married,tertiary,no,4383,no,no,cellular,4,feb,1381,4,-1,0,unknown,yes,2024-12-15 14:00:00
40,technician,married,secondary,no,335,yes,no,unknown,2,jun,140,3,-1,0,unknown,no,2024-12-15 15:00:00
38,technician,married,secondary,no,0,yes,no,unknown,21,may,73,1,-1,0,unknown,no,2024-12-15 16:00:00
34,management,single,tertiary,no,872,yes,no,cellular,17,apr,81,1,345,2,failure,no,2024-12-15 17:00:00
37,management,married,tertiary,no,99,no,no,cellular,14,sep,161,1,-1,0,unknown,no,2024-12-15 18:00:00
64,housemaid,married,primary,no,768,no,no,cellular,15,jul,250,2,182,1,success,no,2024-12-15 19:00:00
32,technician,single,tertiary,no,705,no,no,cellular,17,jun,544,1,-1,0,unknown,yes,2024-12-15 20:00:00
36,management,married,tertiary,no,708,yes,no,cellular,17,jul,59,3,-1,0,unknown,no,2024-12-15 21:00:00
28,housemaid,single,tertiary,no,731,yes,no,cellular,6,feb,135,2,-1,0,unknown,no,2024-12-15 22:00:00
33,management,single,tertiary,no,0,no,no,unknown,3,jun,30,1,-1,0,unknown,no,2024-12-15 23:00:00
35,technician,married,secondary,no,319,yes,no,unknown,8,may,74,1,-1,0,unknown,no,2024-12-16 00:00:00
35,services,married,secondary,no,142,yes,no,cellular,20,nov,315,2,196,4,failure,no,2024-12-16 01:00:00
37,blue-collar,single,primary,no,851,yes,no,cellular,15,may,151,1,352,1,failure,no,2024-12-16 02:00:00
43,blue-collar,married,primary,no,555,yes,no,cellular,12,may,175,2,369,2,failure,no,2024-12-16 03:00:00
22,student,single,secondary,no,111,yes,no,unknown,4,jun,89,1,-1,0,unknown,no,2024-12-16 04:00:00
32,services,single,secondary,no,228,yes,no,unknown,20,may,257,1,-1,0,unknown,no,2024-12-16 05:00:00
40,technician,married,secondary,no,232,no,no,cellular,29,jan,366,1,-1,0,unknown,no,2024-12-16 06:00:00
32,admin.,married,tertiary,no,79,yes,no,cellular,21,nov,37,2,-1,0,unknown,no,2024-12-16 07:00:00
37,blue-collar,married,primary,no,-137,yes,no,cellular,15,may,800,5,-1,0,unknown,no,2024-12-16 08:00:00
46,blue-collar,married,primary,no,296,yes,no,unknown,4,jun,92,2,-1,0,unknown,no,2024-12-16 09:00:00
51,blue-collar,divorced,secondary,no,113,no,no,cellular,15,may,71,3,-1,0,unknown,no,2024-12-16 10:00:00
53,blue-collar,married,secondary,no,285,yes,yes,telephone,30,jul,242,4,-1,0,unknown,no,2024-12-16 11:00:00
34,management,single,tertiary,no,1228,no,no,cellular,30,apr,580,2,84,8,success,yes,2024-12-16 12:00:00
52,management,married,primary,no,0,yes,yes,cellular,17,nov,121,1,-1,0,unknown,no,2024-12-16 13:00:00
27,management,single,tertiary,no,1277,no,no,cellular,30,jan,267,4,-1,0,unknown,no,2024-12-16 14:00:00
54,management,married,tertiary,yes,-248,yes,yes,unknown,7,may,112,1,-1,0,unknown,no,2024-12-16 15:00:00
33,management,married,tertiary,no,51,yes,no,cellular,21,aug,273,2,-1,0,unknown,no,2024-12-16 16:00:00
33,blue-collar,single,secondary,no,109,yes,yes,cellular,10,jul,184,3,-1,0,unknown,no,2024-12-16 17:00:00
41,blue-collar,married,unknown,no,225,yes,no,unknown,7,may,690,2,-1,0,unknown,no,2024-12-16 18:00:00
36,technician,married,tertiary,no,341,no,no,cellular,13,aug,282,1,-1,0,unknown,yes,2024-12-16 19:00:00
45,technician,divorced,secondary,no,-14,no,no,cellular,18,nov,39,2,127,3,failure,no,2024-12-16 20:00:00
36,blue-collar,married,secondary,no,1550,no,no,cellular,31,jul,17,3,-1,0,unknown,no,2024-12-16 21:00:00
42,blue-collar,married,secondary,no,494,no,no,unknown,20,jun,154,2,-1,0,unknown,no,2024-12-16 22:00:00
36,blue-collar,married,secondary,no,1132,yes,yes,unknown,20,jun,258,2,-1,0,unknown,no,2024-12-16 23:00:00
31,admin.,single,secondary,no,2104,yes,no,unknown,3,jun,455,1,-1,0,unknown,no,2024-12-17 00:00:00
23,technician,single,secondary,no,4545,no,no,cellular,25,sep,242,1,114,1,failure,no,2024-12-17 01:00:00
51,blue-collar,married,secondary,no,1779,yes,no,unknown,15,may,99,2,-1,0,unknown,no,2024-12-17 02:00:00
56,blue-collar,married,secondary,no,324,no,no,cellular,18,aug,213,5,-1,0,unknown,no,2024-12-17 03:00:00
31,services,single,secondary,no,187,yes,no,cellular,5,may,241,1,347,1,failure,no,2024-12-17 04:00:00
52,management,divorced,tertiary,no,12,yes,no,unknown,30,may,33,5,-1,0,unknown,no,2024-12-17 05:00:00
34,admin.,divorced,secondary,no,1268,yes,no,cellular,15,may,259,3,-1,0,unknown,no,2024-12-17 06:00:00
46,technician,divorced,secondary,no,1,yes,yes,unknown,26,may,200,3,-1,0,unknown,no,2024-12-17 07:00:00
52,blue-collar,married,primary,no,779,yes,no,unknown,16,may,30,3,-1,0,unknown,no,2024-12-17 08:00:00
42,blue-collar,married,primary,no,0,yes,no,telephone,31,jul,190,4,-1,0,unknown,no,2024-12-17 09:00:00
44,management,married,tertiary,no,1058,no,no,cellular,11,mar,188,3,-1,0,unknown,yes,2024-12-17 10:00:00
37,blue-collar,married,primary,no,37,yes,no,cellular,13,may,24,2,362,1,other,no,2024-12-17 11:00:00
50,blue-collar,married,secondary,no,616,yes,no,cellular,6,aug,439,6,-1,0,unknown,no,2024-12-17 12:00:00
28,technician,married,tertiary,no,161,yes,no,cellular,20,apr,268,2,-1,0,unknown,no,2024-12-17 13:00:00
33,services,married,secondary,no,39,yes,no,unknown,4,jun,66,4,-1,0,unknown,no,2024-12-17 14:00:00
40,management,single,tertiary,no,1509,no,no,cellular,15,mar,144,2,124,1,failure,no,2024-12-17 15:00:00
36,management,married,tertiary,no,1582,no,no,telephone,3,feb,26,2,197,1,failure,no,2024-12-17 16:00:00
34,services,married,secondary,no,-538,yes,no,unknown,26,may,682,1,-1,0,unknown,yes,2024-12-17 17:00:00
39,services,single,secondary,no,1336,yes,no,unknown,16,jun,358,1,-1,0,unknown,no,2024-12-17 18:00:00
47,blue-collar,married,primary,no,333,yes,no,cellular,21,nov,118,1,113,4,failure,no,2024-12-17 19:00:00
80,retired,married,primary,no,155,no,no,telephone,9,dec,343,2,-1,0,unknown,yes,2024-12-17 20:00:00
53,blue-collar,married,primary,no,1294,no,no,unknown,28,oct,71,1,-1,0,unknown,no,2024-12-17 21:00:00
28,admin.,married,secondary,no,6429,yes,yes,unknown,27,may,345,2,-1,0,unknown,no,2024-12-17 22:00:00
34,blue-collar,married,secondary,no,182,no,no,cellular,6,aug,938,2,-1,0,unknown,yes,2024-12-17 23:00:00
49,management,single,tertiary,no,151,yes,no,cellular,8,jul,97,3,-1,0,unknown,yes,2024-12-18 00:00:00
25,self-employed,single,tertiary,no,557,no,no,telephone,5,aug,813,2,-1,0,unknown,no,2024-12-18 01:00:00
51,blue-collar,married,primary,no,5131,yes,no,cellular,9,apr,348,1,329,2,failure,no,2024-12-18 02:00:00
42,self-employed,married,secondary,no,2812,yes,no,cellular,21,nov,46,4,171,1,failure,no,2024-12-18 03:00:00
45,blue-collar,married,secondary,no,2071,no,yes,telephone,22,jul,1148,2,-1,0,unknown,no,2024-12-18 04:00:00
34,management,single,tertiary,no,436,no,no,cellular,26,aug,312,2,-1,0,unknown,no,2024-12-18 05:00:00
36,blue-collar,divorced,secondary,no,64,no,no,cellular,8,jun,143,2,-1,0,unknown,no,2024-12-18 06:00:00
25,technician,single,secondary,no,173,yes,no,cellular,15,may,186,2,-1,0,unknown,no,2024-12-18 07:00:00
39,management,married,tertiary,no,756,yes,no,unknown,2,jun,268,1,-1,0,unknown,no,2024-12-18 08:00:00
36,blue-collar,married,secondary,no,63,yes,no,unknown,2,jun,56,8,-1,0,unknown,no,2024-12-18 09:00:00
52,blue-collar,married,secondary,no,408,no,no,cellular,29,jan,338,2,-1,0,unknown,no,2024-12-18 10:00:00
32,management,married,tertiary,no,1388,no,no,cellular,8,aug,161,6,-1,0,unknown,no,2024-12-18 11:00:00
32,blue-collar,married,secondary,no,7107,yes,no,cellular,17,apr,882,2,-1,0,unknown,no,2024-12-18 12:00:00
36,admin.,married,secondary,no,953,yes,no,cellular,28,may,77,1,100,1,failure,no,2024-12-18 13:00:00
38,admin.,married,unknown,no,28,no,no,unknown,20,may,725,1,-1,0,unknown,no,2024-12-18 14:00:00
40,technician,single,secondary,no,153,no,no,cellular,7,aug,125,2,-1,0,unknown,no,2024-12-18 15:00:00
29,management,married,tertiary,no,314,no,no,unknown,28,may,938,2,-1,0,unknown,yes,2024-12-18 16:00:00
34,blue-collar,married,primary,no,157,yes,no,unknown,23,may,20,17,-1,0,unknown,no,2024-12-18 17:00:00
53,technician,married,secondary,no,384,yes,no,unknown,5,may,176,1,-1,0,unknown,no,2024-12-18 18:00:00
37,management,married,tertiary,no,0,yes,no,cellular,21,nov,227,1,-1,0,unknown,no,2024-12-18 19:00:00
27,blue-collar,single,secondary,no,484,yes,no,cellular,15,apr,309,2,-1,0,unknown,no,2024-12-18 20:00:00
33,technician,single,secondary,no,2979,no,no,cellular,5,aug,326,2,437,1,failure,yes,2024-12-18 21:00:00
35,admin.,single,tertiary,no,994,no,no,cellular,30,apr,400,1,87,2,failure,yes,2024-12-18 22:00:00
25,technician,single,tertiary,no,0,yes,no,cellular,29,apr,80,7,-1,0,unknown,no,2024-12-18 23:00:00
29,services,single,secondary,no,184,no,no,cellular,14,jul,46,3,-1,0,unknown,no,2024-12-19 00:00:00
47,management,married,tertiary,no,7708,yes,no,cellular,21,nov,157,5,-1,0,unknown,no,2024-12-19 01:00:00
49,blue-collar,divorced,secondary,no,4177,yes,no,cellular,15,jul,275,4,-1,0,unknown,no,2024-12-19 02:00:00
26,technician,single,secondary,no,1275,yes,no,unknown,20,jun,18,9,-1,0,unknown,no,2024-12-19 03:00:00
31,blue-collar,married,secondary,no,754,yes,no,unknown,19,may,1022,4,-1,0,unknown,yes,2024-12-19 04:00:00
30,admin.,single,secondary,no,330,no,yes,cellular,30,jul,115,5,-1,0,unknown,no,2024-12-19 05:00:00
31,services,married,secondary,no,640,yes,no,cellular,14,may,411,2,-1,0,unknown,no,2024-12-19 06:00:00
30,admin.,single,secondary,no,19,no,no,cellular,29,jan,372,1,-1,0,unknown,no,2024-12-19 07:00:00
28,technician,single,secondary,no,10865,yes,no,unknown,27,may,350,3,-1,0,unknown,no,2024-12-19 08:00:00
21,admin.,single,secondary,no,325,yes,no,unknown,16,may,467,1,-1,0,unknown,no,2024-12-19 09:00:00
41,management,single,tertiary,no,1696,yes,no,unknown,9,may,878,3,-1,0,unknown,no,2024-12-19 10:00:00
53,admin.,married,primary,no,234,yes,no,telephone,13,may,53,7,-1,0,unknown,no,2024-12-19 11:00:00
42,services,married,secondary,no,128,no,no,cellular,11,jul,148,2,-1,0,unknown,no,2024-12-19 12:00:00
57,technician,single,secondary,no,5961,yes,no,unknown,14,may,166,3,-1,0,unknown,no,2024-12-19 13:00:00
51,technician,married,tertiary,no,-3,no,no,cellular,25,aug,91,9,-1,0,unknown,no,2024-12-19 14:00:00
60,self-employed,single,tertiary,no,179,no,yes,cellular,29,jul,79,4,-1,0,unknown,no,2024-12-19 15:00:00
40,blue-collar,married,secondary,no,580,yes,no,unknown,16,may,192,1,-1,0,unknown,no,2024-12-19 16:00:00
51,blue-collar,married,secondary,no,145,no,yes,cellular,18,jul,313,1,-1,0,unknown,no,2024-12-19 17:00:00
23,blue-collar,single,primary,yes,-627,yes,yes,unknown,27,may,115,1,-1,0,unknown,no,2024-12-19 18:00:00
44,unemployed,single,primary,no,4232,no,no,unknown,16,jun,227,1,-1,0,unknown,no,2024-12-19 19:00:00
33,blue-collar,married,secondary,no,1240,yes,no,cellular,12,may,844,1,-1,0,unknown,yes,2024-12-19 20:00:00
39,services,married,secondary,no,104,yes,no,cellular,20,apr,116,2,332,6,failure,no,2024-12-19 21:00:00
40,blue-collar,married,secondary,no,0,yes,no,cellular,11,may,54,1,-1,0,unknown,no,2024-12-19 22:00:00
30,entrepreneur,married,secondary,no,1160,no,yes,cellular,10,jul,244,1,-1,0,unknown,no,2024-12-19 23:00:00
52,entrepreneur,married,secondary,no,1306,no,no,cellular,15,jun,288,1,-1,0,unknown,yes,2024-12-20 00:00:00
31,management,single,tertiary,no,7444,yes,yes,unknown,8,may,20,1,-1,0,unknown,no,2024-12-20 01:00:00
37,unemployed,single,secondary,no,2722,no,no,telephone,27,apr,426,2,179,3,other,yes,2024-12-20 02:00:00
27,admin.,single,secondary,no,-34,no,yes,cellular,21,jul,171,2,-1,0,unknown,no,2024-12-20 03:00:00
37,admin.,married,secondary,no,55,yes,yes,cellular,27,apr,99,1,329,4,other,no,2024-12-20 04:00:00
47,technician,divorced,secondary,no,266,no,no,cellular,19,aug,88,1,-1,0,unknown,no,2024-12-20 05:00:00
56,technician,married,secondary,no,64,no,no,cellular,19,aug,35,4,-1,0,unknown,no,2024-12-20 06:00:00
42,blue-collar,single,primary,no,1322,yes,yes,cellular,8,jul,178,1,-1,0,unknown,no,2024-12-20 07:00:00
41,management,married,tertiary,no,226,no,no,cellular,28,jan,227,1,-1,0,unknown,no,2024-12-20 08:00:00
48,self-employed,married,tertiary,no,7,yes,no,unknown,5,may,286,1,-1,0,unknown,no,2024-12-20 09:00:00
39,management,married,tertiary,no,1981,no,no,cellular,21,aug,1026,4,-1,0,unknown,no,2024-12-20 10:00:00
42,services,divorced,secondary,no,444,no,no,cellular,21,nov,171,1,-1,0,unknown,no,2024-12-20 11:00:00
36,admin.,married,tertiary,no,828,yes,no,unknown,29,may,116,1,-1,0,unknown,no,2024-12-20 12:00:00
30,management,married,tertiary,no,1825,yes,no,unknown,9,may,164,1,-1,0,unknown,no,2024-12-20 13:00:00
54,self-employed,married,primary,no,2132,no,yes,cellular,20,nov,91,1,-1,0,unknown,no,2024-12-20 14:00:00
33,blue-collar,married,primary,no,1050,yes,no,unknown,26,may,304,4,-1,0,unknown,no,2024-12-20 15:00:00
26,technician,married,tertiary,no,450,yes,yes,unknown,12,may,1266,1,-1,0,unknown,no,2024-12-20 16:00:00
41,technician,divorced,secondary,no,106,yes,yes,cellular,8,may,197,2,-1,0,unknown,no,2024-12-20 17:00:00
47,blue-collar,married,secondary,no,947,no,yes,cellular,29,aug,24,17,-1,0,unknown,no,2024-12-20 18:00:00
48,unemployed,single,tertiary,no,3229,no,no,unknown,16,jun,1089,1,-1,0,unknown,yes,2024-12-20 19:00:00
56,blue-collar,married,secondary,no,1602,yes,no,unknown,6,may,427,1,-1,0,unknown,no,2024-12-20 20:00:00
38,blue-collar,single,primary,no,1465,yes,no,unknown,16,may,239,2,-1,0,unknown,no,2024-12-20 21:00:00
37,management,married,tertiary,no,19,yes,no,cellular,7,may,580,2,-1,0,unknown,no,2024-12-20 22:00:00
34,technician,married,secondary,no,210,yes,yes,cellular,20,nov,199,1,-1,0,unknown,no,2024-12-20 23:00:00
32,services,married,secondary,no,0,yes,no,cellular,25,jul,83,10,-1,0,unknown,no,2024-12-21 00:00:00
38,admin.,single,secondary,no,648,yes,no,cellular,6,feb,101,2,-1,0,unknown,no,2024-12-21 01:00:00
39,management,divorced,tertiary,no,224,yes,no,cellular,5,may,106,1,-1,0,unknown,no,2024-12-21 02:00:00
39,technician,divorced,secondary,no,0,yes,yes,cellular,30,apr,85,1,-1,0,unknown,no,2024-12-21 03:00:00
39,management,married,tertiary,no,309,no,no,cellular,26,aug,94,14,-1,0,unknown,no,2024-12-21 04:00:00
21,unemployed,single,secondary,no,1333,no,no,cellular,2,feb,120,1,-1,0,unknown,no,2024-12-21 05:00:00
50,self-employed,married,secondary,no,36,no,no,cellular,13,aug,104,10,-1,0,unknown,no,2024-12-21 06:00:00
39,management,single,tertiary,no,668,no,no,cellular,14,aug,297,2,-1,0,unknown,no,2024-12-21 07:00:00
34,self-employed,divorced,unknown,no,28,no,yes,cellular,8,jul,245,1,-1,0,unknown,no,2024-12-21 08:00:00
26,management,single,tertiary,no,0,no,no,cellular,23,feb,176,1,-1,0,unknown,no,2024-12-21 09:00:00
32,management,single,tertiary,no,2223,no,no,unknown,9,dec,10,1,-1,0,unknown,no,2024-12-21 10:00:00
42,management,married,tertiary,no,6080,no,no,cellular,21,nov,98,3,-1,0,unknown,no,2024-12-21 11:00:00
57,housemaid,married,primary,no,151,yes,no,cellular,18,may,14,4,-1,0,unknown,no,2024-12-21 12:00:00
32,blue-collar,married,primary,no,3136,yes,no,cellular,19,nov,820,1,-1,0,unknown,yes,2024-12-21 13:00:00
33,management,single,secondary,no,15,no,no,cellular,22,aug,199,1,-1,0,unknown,no,2024-12-21 14:00:00
39,management,single,tertiary,no,11971,yes,no,telephone,15,may,75,10,179,5,failure,no,2024-12-21 15:00:00
33,services,single,secondary,no,-27,yes,no,unknown,26,may,165,1,-1,0,unknown,no,2024-12-21 16:00:00
36,services,married,secondary,no,0,yes,yes,cellular,15,jul,201,4,-1,0,unknown,no,2024-12-21 17:00:00
39,blue-collar,married,primary,no,830,yes,no,unknown,8,may,246,2,-1,0,unknown,no,2024-12-21 18:00:00
49,technician,divorced,secondary,no,972,no,no,cellular,16,nov,104,3,175,2,failure,no,2024-12-21 19:00:00
44,services,divorced,secondary,no,35,yes,no,cellular,16,apr,184,2,-1,0,unknown,no,2024-12-21 20:00:00
36,blue-collar,married,primary,no,1861,yes,no,unknown,2,jun,281,1,-1,0,unknown,no,2024-12-21 21:00:00
46,blue-collar,single,primary,no,2851,yes,no,unknown,19,may,122,2,-1,0,unknown,no,2024-12-21 22:00:00
59,blue-collar,married,primary,no,1939,no,no,cellular,23,apr,172,1,-1,0,unknown,yes,2024-12-21 23:00:00
37,admin.,single,secondary,no,18,no,no,unknown,12,may,574,6,-1,0,unknown,no,2024-12-22 00:00:00
31,admin.,married,secondary,no,1661,yes,no,cellular,11,jul,100,2,-1,0,unknown,no,2024-12-22 01:00:00
37,management,married,tertiary,no,591,yes,no,cellular,7,may,181,2,255,5,failure,no,2024-12-22 02:00:00
80,retired,married,primary,no,2954,no,no,cellular,25,sep,144,1,-1,0,unknown,no,2024-12-22 03:00:00
30,technician,married,secondary,no,207,yes,no,unknown,23,may,72,2,-1,0,unknown,no,2024-12-22 04:00:00
47,services,married,secondary,no,665,yes,no,cellular,20,aug,251,3,-1,0,unknown,no,2024-12-22 05:00:00
38,unemployed,single,secondary,no,7159,no,no,telephone,30,jul,285,2,-1,0,unknown,no,2024-12-22 06:00:00
29,services,married,secondary,no,222,yes,no,cellular,3,feb,197,1,250,23,failure,no,2024-12-22 07:00:00
43,entrepreneur,married,primary,no,2315,yes,yes,cellular,14,may,42,1,-1,0,unknown,no,2024-12-22 08:00:00
38,management,divorced,tertiary,no,2350,no,no,cellular,25,aug,234,12,-1,0,unknown,no,2024-12-22 09:00:00
31,student,single,secondary,no,0,no,no,cellular,22,sep,173,1,-1,0,unknown,no,2024-12-22 10:00:00
41,technician,single,secondary,no,214,no,no,cellular,11,aug,228,2,-1,0,unknown,no,2024-12-22 11:00:00
61,management,married,tertiary,no,87,yes,no,cellular,24,feb,190,2,-1,0,unknown,no,2024-12-22 12:00:00
37,management,married,tertiary,no,255,no,no,cellular,24,feb,562,2,183,10,success,yes,2024-12-22 13:00:00
34,blue-collar,married,primary,no,1666,yes,no,unknown,31,mar,30,1,-1,0,unknown,no,2024-12-22 14:00:00
49,admin.,married,secondary,no,0,yes,yes,unknown,3,jun,50,3,-1,0,unknown,no,2024-12-22 15:00:00
48,management,married,tertiary,no,291,yes,no,telephone,23,jul,350,2,-1,0,unknown,no,2024-12-22 16:00:00
24,student,single,secondary,no,1925,no,no,cellular,11,aug,1363,1,-1,0,unknown,yes,2024-12-22 17:00:00
40,services,married,secondary,no,1291,no,yes,unknown,12,jun,138,1,-1,0,unknown,no,2024-12-22 18:00:00
44,blue-collar,married,secondary,no,2885,yes,no,unknown,30,may,63,3,-1,0,unknown,no,2024-12-22 19:00:00
38,blue-collar,married,primary,no,2569,no,no,unknown,9,jun,172,1,-1,0,unknown,no,2024-12-22 20:00:00
36,technician,married,secondary,no,930,no,no,cellular,14,aug,175,2,-1,0,unknown,no,2024-12-22 21:00:00
29,technician,married,secondary,no,-547,yes,yes,cellular,6,apr,225,1,-1,0,unknown,no,2024-12-22 22:00:00
30,services,single,tertiary,no,3516,yes,no,unknown,29,may,447,4,-1,0,unknown,no,2024-12-22 23:00:00
41,self-employed,married,secondary,no,149,yes,no,unknown,15,may,27,1,-1,0,unknown,no,2024-12-23 00:00:00
55,technician,single,secondary,no,149,yes,no,cellular,11,aug,103,15,-1,0,unknown,no,2024-12-23 01:00:00
37,blue-collar,married,primary,no,357,yes,no,cellular,15,may,14,2,344,3,other,no,2024-12-23 02:00:00
42,blue-collar,married,unknown,no,0,no,no,unknown,26,may,270,2,-1,0,unknown,no,2024-12-23 03:00:00
36,blue-collar,married,secondary,no,63,yes,no,unknown,16,may,322,2,-1,0,unknown,no,2024-12-23 04:00:00
54,management,married,secondary,no,2203,yes,no,telephone,18,nov,151,1,-1,0,unknown,no,2024-12-23 05:00:00
53,technician,married,tertiary,no,476,yes,no,cellular,28,jan,160,1,-1,0,unknown,no,2024-12-23 06:00:00
35,admin.,single,secondary,no,507,yes,no,cellular,22,jul,560,2,-1,0,unknown,yes,2024-12-23 07:00:00
26,unemployed,single,secondary,no,111,no,no,cellular,9,jul,537,1,-1,0,unknown,yes,2024-12-23 08:00:00
57,retired,married,secondary,no,1841,no,no,telephone,5,jun,302,1,-1,0,unknown,yes,2024-12-23 09:00:00
24,technician,single,secondary,no,987,no,yes,cellular,17,jun,208,4,-1,0,unknown,no,2024-12-23 10:00:00
35,self-employed,married,tertiary,no,1178,yes,yes,cellular,15,apr,220,2,183,5,failure,no,2024-12-23 11:00:00
57,services,married,secondary,no,197,no,no,unknown,16,jun,116,1,-1,0,unknown,no,2024-12-23 12:00:00
46,admin.,married,secondary,no,0,yes,no,cellular,8,sep,149,2,187,1,failure,no,2024-12-23 13:00:00
60,retired,married,primary,no,6307,yes,no,unknown,11,jun,362,1,-1,0,unknown,no,2024-12-23 14:00:00
34,blue-collar,single,unknown,no,6141,yes,no,unknown,3,jun,145,1,-1,0,unknown,no,2024-12-23 15:00:00
35,management,married,tertiary,no,376,no,no,cellular,19,nov,223,4,-1,0,unknown,no,2024-12-23 16:00:00
37,admin.,divorced,secondary,no,315,yes,no,cellular,6,may,234,1,-1,0,unknown,no,2024-12-23 17:00:00
31,technician,single,secondary,no,87,yes,no,unknown,19,may,259,3,-1,0,unknown,no,2024-12-23 18:00:00
41,admin.,married,tertiary,no,5426,yes,no,unknown,14,may,149,2,-1,0,unknown,no,2024-12-23 19:00:00
34,technician,divorced,unknown,no,975,yes,no,cellular,30,jan,263,2,191,1,other,no,2024-12-23 20:00:00
33,blue-collar,single,secondary,no,371,yes,no,unknown,16,may,1128,3,-1,0,unknown,no,2024-12-23 21:00:00
48,blue-collar,married,primary,no,-460,no,no,cellular,23,jul,135,1,-1,0,unknown,no,2024-12-23 22:00:00
40,admin.,married,secondary,no,223,yes,no,unknown,29,may,81,1,-1,0,unknown,no,2024-12-23 23:00:00
44,blue-collar,single,secondary,no,0,no,no,cellular,20,apr,133,1,-1,0,unknown,yes,2024-12-24 00:00:00
51,services,married,primary,no,56,no,yes,cellular,24,jul,149,2,-1,0,unknown,no,2024-12-24 01:00:00
51,retired,married,secondary,no,965,yes,no,cellular,28,jan,67,1,-1,0,unknown,no,2024-12-24 02:00:00
29,management,married,tertiary,no,51,yes,no,cellular,17,jul,1319,5,-1,0,unknown,yes,2024-12-24 03:00:00
28,admin.,married,secondary,no,54,no,yes,cellular,8,jul,226,1,-1,0,unknown,no,2024-12-24 04:00:00
39,housemaid,married,secondary,no,365,yes,no,unknown,7,may,274,4,-1,0,unknown,no,2024-12-24 05:00:00
60,retired,married,primary,no,1216,no,no,cellular,28,jan,156,1,-1,0,unknown,no,2024-12-24 06:00:00
39,technician,married,secondary,no,251,yes,no,cellular,17,jul,342,2,-1,0,unknown,yes,2024-12-24 07:00:00
58,admin.,married,secondary,no,169,no,no,cellular,13,aug,880,1,92,8,success,yes,2024-12-24 08:00:00
44,blue-collar,married,secondary,no,1340,yes,no,unknown,13,may,244,1,-1,0,unknown,no,2024-12-24 09:00:00
24,admin.,single,tertiary,no,106,no,yes,cellular,15,jun,77,1,-1,0,unknown,no,2024-12-24 10:00:00
52,housemaid,married,secondary,no,3923,yes,no,cellular,20,nov,20,8,190,3,success,no,2024-12-24 11:00:00
30,services,married,secondary,no,129,yes,no,unknown,26,may,1446,7,-1,0,unknown,yes,2024-12-24 12:00:00
45,management,divorced,tertiary,no,2096,no,no,cellular,21,nov,127,1,100,2,failure,no,2024-12-24 13:00:00
31,admin.,single,tertiary,no,1583,yes,no,unknown,21,may,207,1,-1,0,unknown,no,2024-12-24 14:00:00
52,blue-collar,married,primary,no,863,no,no,cellular,8,may,224,2,170,3,failure,no,2024-12-24 15:00:00
34,housemaid,married,primary,no,326,no,no,cellular,8,aug,17,7,-1,0,unknown,no,2024-12-24 16:00:00
40,blue-collar,married,secondary,no,-605,yes,yes,cellular,21,nov,79,1,171,1,failure,no,2024-12-24 17:00:00
44,management,married,tertiary,no,647,no,no,unknown,16,jun,226,2,-1,0,unknown,no,2024-12-24 18:00:00
32,technician,married,secondary,no,0,yes,no,cellular,18,aug,143,4,-1,0,unknown,no,2024-12-24 19:00:00
37,management,married,tertiary,no,2019,yes,no,cellular,13,may,368,1,-1,0,unknown,no,2024-12-24 20:00:00
58,entrepreneur,married,primary,no,124,yes,no,cellular,7,jul,293,7,-1,0,unknown,no,2024-12-24 21:00:00
31,self-employed,single,tertiary,no,1820,yes,no,unknown,20,may,68,1,-1,0,unknown,no,2024-12-24 22:00:00
35,technician,divorced,secondary,no,2,no,no,unknown,3,jul,88,1,-1,0,unknown,no,2024-12-24 23:00:00
30,blue-collar,married,secondary,no,294,yes,yes,unknown,16,jun,50,3,-1,0,unknown,no,2024-12-25 00:00:00
42,blue-collar,married,primary,no,550,yes,no,cellular,20,apr,76,6,-1,0,unknown,no,2024-12-25 01:00:00
29,management,single,tertiary,no,572,no,no,cellular,16,dec,314,1,195,1,success,yes,2024-12-25 02:00:00
40,technician,single,tertiary,no,1646,yes,no,cellular,4,may,392,2,91,3,success,yes,2024-12-25 03:00:00
65,unknown,married,unknown,no,300,no,no,cellular,12,jan,105,1,-1,0,unknown,no,2024-12-25 04:00:00
50,blue-collar,married,primary,no,27,yes,no,cellular,24,jul,142,1,-1,0,unknown,no,2024-12-25 05:00:00
31,housemaid,married,secondary,no,243,yes,no,cellular,23,sep,305,2,842,1,failure,yes,2024-12-25 06:00:00
53,unemployed,married,unknown,no,210,yes,no,telephone,21,jul,280,3,-1,0,unknown,no,2024-12-25 07:00:00
35,technician,single,secondary,no,433,yes,no,unknown,8,may,163,2,-1,0,unknown,no,2024-12-25 08:00:00
66,retired,married,secondary,no,2326,no,yes,cellular,18,feb,232,1,181,1,success,yes,2024-12-25 09:00:00
59,management,married,tertiary,no,474,no,no,cellular,21,aug,252,1,-1,0,unknown,yes,2024-12-25 10:00:00
45,technician,single,unknown,no,1077,yes,no,telephone,31,jul,6,2,-1,0,unknown,no,2024-12-25 11:00:00
34,management,married,tertiary,no,0,no,no,cellular,11,aug,331,2,-1,0,unknown,no,2024-12-25 12:00:00
65,retired,married,secondary,no,1176,no,no,cellular,6,aug,111,1,184,1,failure,no,2024-12-25 13:00:00
54,services,married,secondary,no,88,yes,no,unknown,13,may,190,1,-1,0,unknown,no,2024-12-25 14:00:00
32,admin.,married,secondary,no,1785,yes,no,cellular,18,nov,51,2,154,6,other,no,2024-12-25 15:00:00
63,retired,married,primary,no,48,no,no,cellular,9,jun,251,1,-1,0,unknown,yes,2024-12-25 16:00:00
18,student,single,primary,no,1944,no,no,telephone,10,aug,122,3,-1,0,unknown,no,2024-12-25 17:00:00
28,admin.,single,secondary,no,157,no,no,cellular,27,may,155,3,-1,0,unknown,yes,2024-12-25 18:00:00
31,management,single,tertiary,no,2336,no,no,cellular,17,jul,224,1,-1,0,unknown,no,2024-12-25 19:00:00
46,admin.,married,secondary,no,22,no,no,cellular,26,aug,388,6,-1,0,unknown,yes,2024-12-25 20:00:00
38,self-employed,married,secondary,no,854,yes,yes,cellular,28,dec,112,2,-1,0,unknown,no,2024-12-25 21:00:00
33,entrepreneur,married,tertiary,no,0,no,no,cellular,20,nov,232,1,-1,0,unknown,no,2024-12-25 22:00:00
40,management,married,tertiary,no,196,yes,no,cellular,20,nov,40,1,-1,0,unknown,no,2024-12-25 23:00:00
34,technician,married,secondary,no,134,yes,no,cellular,6,may,159,1,-1,0,unknown,no,2024-12-26 00:00:00
43,technician,married,primary,no,4844,yes,no,cellular,19,nov,434,1,-1,0,unknown,no,2024-12-26 01:00:00
26,blue-collar,single,secondary,yes,-8019,no,yes,cellular,7,jul,299,3,-1,0,unknown,no,2024-12-26 02:00:00
37,management,single,tertiary,no,37,no,no,cellular,28,jan,253,2,-1,0,unknown,no,2024-12-26 03:00:00
46,entrepreneur,divorced,tertiary,no,91,no,yes,cellular,23,jul,182,1,-1,0,unknown,no,2024-12-26 04:00:00
35,unemployed,single,tertiary,no,415,no,no,cellular,4,aug,462,1,92,4,success,yes,2024-12-26 05:00:00
27,services,single,secondary,no,504,yes,no,cellular,18,may,106,5,362,8,other,no,2024-12-26 06:00:00
45,management,divorced,tertiary,no,6269,yes,no,cellular,29,jul,20,2,-1,0,unknown,no,2024-12-26 07:00:00
67,management,married,secondary,no,3240,no,no,cellular,20,may,129,1,-1,0,unknown,no,2024-12-26 08:00:00
41,management,married,tertiary,no,51,no,no,cellular,25,aug,140,8,-1,0,unknown,no,2024-12-26 09:00:00
57,blue-collar,married,primary,no,318,yes,no,unknown,27,may,206,2,-1,0,unknown,no,2024-12-26 10:00:00
43,technician,married,secondary,no,7876,yes,no,cellular,11,aug,209,2,-1,0,unknown,no,2024-12-26 11:00:00
55,blue-collar,married,primary,no,11,no,no,unknown,17,jun,150,2,-1,0,unknown,no,2024-12-26 12:00:00
59,management,married,tertiary,no,2020,no,yes,unknown,9,jun,250,2,-1,0,unknown,no,2024-12-26 13:00:00
47,management,married,tertiary,no,4693,no,yes,cellular,12,nov,89,1,97,3,success,yes,2024-12-26 14:00:00
45,blue-collar,married,secondary,no,530,no,yes,unknown,17,jun,705,1,-1,0,unknown,no,2024-12-26 15:00:00
46,technician,married,secondary,no,0,no,no,cellular,30,apr,200,1,259,2,other,yes,2024-12-26 16:00:00
41,blue-collar,divorced,secondary,no,1,no,yes,unknown,19,jun,289,1,-1,0,unknown,no,2024-12-26 17:00:00
53,management,divorced,tertiary,no,253,no,no,cellular,27,aug,202,6,-1,0,unknown,no,2024-12-26 18:00:00
48,management,divorced,tertiary,no,313,no,no,cellular,8,may,208,1,-1,0,unknown,no,2024-12-26 19:00:00
33,admin.,single,secondary,no,1277,yes,no,cellular,18,may,827,1,-1,0,unknown,yes,2024-12-26 20:00:00
32,admin.,married,secondary,no,0,no,no,unknown,16,may,137,1,-1,0,unknown,no,2024-12-26 21:00:00
27,entrepreneur,married,secondary,no,97,yes,yes,cellular,18,may,13,3,-1,0,unknown,no,2024-12-26 22:00:00
41,management,single,secondary,no,1286,yes,no,telephone,17,nov,661,4,-1,0,unknown,no,2024-12-26 23:00:00
54,blue-collar,married,primary,no,175,no,yes,cellular,8,jul,1027,1,-1,0,unknown,no,2024-12-27 00:00:00
45,technician,married,secondary,no,-847,no,yes,cellular,22,jul,312,1,-1,0,unknown,no,2024-12-27 01:00:00
49,technician,married,secondary,no,8973,no,no,cellular,31,jul,9,10,-1,0,unknown,no,2024-12-27 02:00:00
38,services,married,secondary,no,133,yes,no,unknown,27,may,267,1,-1,0,unknown,no,2024-12-27 03:00:00
41,management,married,tertiary,no,4,yes,no,cellular,15,jul,63,2,-1,0,unknown,no,2024-12-27 04:00:00
35,blue-collar,single,unknown,no,484,no,no,cellular,8,jul,344,1,87,3,failure,yes,2024-12-27 05:00:00
39,technician,married,tertiary,no,108,no,no,cellular,28,may,589,3,28,2,other,no,2024-12-27 06:00:00
60,technician,married,secondary,no,851,no,yes,cellular,18,jul,112,2,-1,0,unknown,no,2024-12-27 07:00:00
32,technician,single,secondary,no,2341,yes,no,cellular,18,jul,243,1,-1,0,unknown,no,2024-12-27 08:00:00
44,technician,single,secondary,no,196,yes,no,cellular,6,feb,386,3,-1,0,unknown,no,2024-12-27 09:00:00
52,services,divorced,secondary,no,6,no,no,cellular,23,jul,156,3,-1,0,unknown,no,2024-12-27 10:00:00
41,admin.,divorced,secondary,no,1232,no,no,cellular,5,feb,217,1,-1,0,unknown,no,2024-12-27 11:00:00
30,blue-collar,single,secondary,no,8950,yes,no,cellular,18,may,11,4,355,1,other,no,2024-12-27 12:00:00
43,entrepreneur,married,tertiary,no,5506,no,yes,unknown,6,jun,141,1,-1,0,unknown,no,2024-12-27 13:00:00
27,blue-collar,single,primary,no,268,no,no,unknown,4,jun,32,1,-1,0,unknown,no,2024-12-27 14:00:00
42,self-employed,married,tertiary,no,5,yes,no,unknown,13,may,853,1,-1,0,unknown,no,2024-12-27 15:00:00
41,blue-collar,single,primary,no,156,yes,no,unknown,9,may,47,5,-1,0,unknown,no,2024-12-27 16:00:00
53,blue-collar,married,primary,no,436,yes,no,unknown,29,may,154,1,-1,0,unknown,no,2024-12-27 17:00:00
45,management,single,tertiary,no,2571,yes,no,unknown,29,may,54,1,-1,0,unknown,no,2024-12-27 18:00:00
34,blue-collar,married,secondary,no,2436,yes,no,cellular,14,may,8,7,-1,0,unknown,no,2024-12-27 19:00:00
40,retired,single,primary,no,-79,no,no,cellular,14,may,396,1,370,1,failure,no,2024-12-27 20:00:00
33,self-employed,married,tertiary,no,263,no,no,cellular,16,nov,79,4,94,3,failure,no,2024-12-27 21:00:00
24,student,single,secondary,no,372,yes,no,cellular,17,apr,143,1,-1,0,unknown,no,2024-12-27 22:00:00
42,unemployed,divorced,primary,no,148,yes,no,cellular,4,feb,102,1,-1,0,unknown,no,2024-12-27 23:00:00
43,management,married,tertiary,no,460,no,yes,cellular,7,jul,94,1,-1,0,unknown,no,2024-12-28 00:00:00
40,blue-collar,married,secondary,no,1074,yes,no,cellular,9,apr,90,2,-1,0,unknown,no,2024-12-28 01:00:00
42,management,divorced,primary,no,0,yes,no,cellular,19,nov,73,5,-1,0,unknown,no,2024-12-28 02:00:00
40,management,married,tertiary,no,1700,yes,no,cellular,9,jul,359,2,-1,0,unknown,no,2024-12-28 03:00:00
27,blue-collar,married,secondary,no,1024,no,no,cellular,6,feb,280,6,-1,0,unknown,no,2024-12-28 04:00:00
26,technician,married,secondary,no,351,yes,no,unknown,2,jun,758,3,-1,0,unknown,no,2024-12-28 05:00:00
32,management,single,tertiary,no,414,no,no,unknown,29,sep,21,1,680,5,failure,no,2024-12-28 06:00:00
48,retired,married,secondary,no,67,no,no,telephone,14,jul,251,2,-1,0,unknown,no,2024-12-28 07:00:00
47,blue-collar,married,primary,no,-127,yes,no,unknown,3,jun,170,3,-1,0,unknown,no,2024-12-28 08:00:00
56,blue-collar,married,secondary,no,302,no,yes,cellular,4,aug,378,2,-1,0,unknown,no,2024-12-28 09:00:00
32,technician,married,tertiary,no,1037,yes,no,unknown,26,may,125,3,-1,0,unknown,no,2024-12-28 10:00:00
31,management,married,tertiary,no,-235,yes,no,cellular,20,apr,546,2,-1,0,unknown,no,2024-12-28 11:00:00
29,technician,single,tertiary,no,1669,no,no,cellular,30,apr,196,1,86,1,success,no,2024-12-28 12:00:00
29,management,single,tertiary,no,172,yes,no,telephone,13,may,34,8,-1,0,unknown,no,2024-12-28 13:00:00
39,management,single,tertiary,no,0,yes,no,cellular,6,feb,13,8,9,2,other,no,2024-12-28 14:00:00
39,management,divorced,tertiary,no,355,yes,no,cellular,25,aug,313,5,-1,0,unknown,no,2024-12-28 15:00:00
46,blue-collar,married,secondary,no,6879,no,no,cellular,15,nov,74,2,118,3,failure,no,2024-12-28 16:00:00
55,retired,married,secondary,no,168,no,no,cellular,19,aug,79,2,-1,0,unknown,no,2024-12-28 17:00:00
36,blue-collar,married,secondary,no,535,yes,no,cellular,8,may,121,1,343,3,failure,no,2024-12-28 18:00:00
29,blue-collar,single,secondary,no,0,no,no,unknown,21,may,623,1,-1,0,unknown,no,2024-12-28 19:00:00
40,blue-collar,married,secondary,no,2279,no,no,cellular,23,jul,104,1,-1,0,unknown,no,2024-12-28 20:00:00
41,blue-collar,married,primary,no,-97,yes,no,unknown,8,may,260,5,-1,0,unknown,no,2024-12-28 21:00:00
32,management,single,unknown,no,3044,yes,no,unknown,2,jun,651,1,-1,0,unknown,no,2024-12-28 22:00:00
53,management,married,tertiary,no,597,no,no,unknown,22,feb,392,1,-1,0,unknown,yes,2024-12-28 23:00:00
28,blue-collar,single,secondary,no,121,no,no,cellular,4,feb,542,2,-1,0,unknown,no,2024-12-29 00:00:00
30,technician,single,secondary,no,592,yes,no,cellular,15,may,353,1,-1,0,unknown,no,2024-12-29 01:00:00
33,management,single,tertiary,no,1439,yes,no,cellular,3,jun,178,2,-1,0,unknown,no,2024-12-29 02:00:00
32,student,single,secondary,no,5836,no,no,cellular,2,sep,281,2,493,2,failure,no,2024-12-29 03:00:00
21,student,single,secondary,no,2488,no,no,telephone,12,jan,661,2,92,1,success,yes,2024-12-29 04:00:00
39,management,married,unknown,no,548,yes,no,cellular,19,nov,154,2,-1,0,unknown,no,2024-12-29 05:00:00
39,management,married,tertiary,no,0,no,no,cellular,29,aug,94,2,-1,0,unknown,no,2024-12-29 06:00:00
42,services,divorced,secondary,no,55,yes,no,unknown,6,may,176,5,-1,0,unknown,no,2024-12-29 07:00:00
39,blue-collar,married,primary,no,813,yes,no,unknown,8,may,117,2,-1,0,unknown,no,2024-12-29 08:00:00
30,blue-collar,single,secondary,no,783,no,yes,cellular,29,jan,197,1,-1,0,unknown,no,2024-12-29 09:00:00
38,services,married,secondary,no,611,yes,yes,unknown,18,jun,61,3,-1,0,unknown,no,2024-12-29 10:00:00
44,services,married,secondary,no,556,no,no,unknown,19,may,134,3,-1,0,unknown,no,2024-12-29 11:00:00
45,management,married,tertiary,no,-687,yes,yes,unknown,18,jun,92,2,-1,0,unknown,no,2024-12-29 12:00:00
45,unemployed,single,primary,no,2249,yes,no,cellular,9,feb,247,5,-1,0,unknown,no,2024-12-29 13:00:00
51,unemployed,divorced,primary,no,2244,no,no,telephone,28,jan,360,2,-1,0,unknown,no,2024-12-29 14:00:00
45,admin.,married,secondary,no,295,yes,no,cellular,23,jul,92,1,-1,0,unknown,no,2024-12-29 15:00:00
29,blue-collar,married,secondary,no,7863,yes,no,cellular,14,may,1129,1,-1,0,unknown,yes,2024-12-29 16:00:00
37,blue-collar,married,primary,no,660,yes,yes,unknown,20,may,170,2,-1,0,unknown,no,2024-12-29 17:00:00
28,blue-collar,married,secondary,no,-185,yes,yes,unknown,13,may,170,1,-1,0,unknown,no,2024-12-29 18:00:00
80,retired,married,secondary,no,2354,no,no,telephone,4,feb,739,1,181,2,failure,yes,2024-12-29 19:00:00
37,management,married,tertiary,no,466,yes,no,cellular,11,jul,92,2,-1,0,unknown,no,2024-12-29 20:00:00
59,retired,married,tertiary,no,6108,yes,no,cellular,17,jul,796,2,-1,0,unknown,no,2024-12-29 21:00:00
49,entrepreneur,divorced,primary,yes,-736,no,no,cellular,31,jul,305,6,-1,0,unknown,no,2024-12-29 22:00:00
49,housemaid,married,primary,no,640,no,no,telephone,13,aug,214,4,-1,0,unknown,no,2024-12-29 23:00:00
47,technician,divorced,secondary,no,157,yes,no,cellular,25,aug,163,8,-1,0,unknown,no,2024-12-30 00:00:00
34,services,married,secondary,no,1337,no,no,cellular,30,apr,442,1,-1,0,unknown,yes,2024-12-30 01:00:00
52,self-employed,divorced,secondary,no,385,no,yes,cellular,26,aug,96,4,-1,0,unknown,no,2024-12-30 02:00:00
57,management,divorced,secondary,no,3625,yes,no,unknown,14,may,747,3,-1,0,unknown,no,2024-12-30 03:00:00
32,admin.,single,secondary,no,289,no,no,unknown,15,may,255,12,-1,0,unknown,no,2024-12-30 04:00:00
35,technician,married,secondary,no,692,yes,yes,unknown,14,may,133,2,-1,0,unknown,no,2024-12-30 05:00:00
48,blue-collar,married,primary,no,890,no,no,cellular,13,aug,157,6,-1,0,unknown,no,2024-12-30 06:00:00
31,management,single,tertiary,no,35,no,no,cellular,28,aug,27,16,-1,0,unknown,no,2024-12-30 07:00:00
33,entrepreneur,single,tertiary,no,1481,yes,no,cellular,13,may,172,3,173,1,other,no,2024-12-30 08:00:00
49,management,single,tertiary,no,493,no,no,cellular,23,apr,191,1,-1,0,unknown,no,2024-12-30 09:00:00
55,retired,married,secondary,no,1467,no,yes,cellular,29,jul,277,2,-1,0,unknown,no,2024-12-30 10:00:00
39,services,married,secondary,no,117,yes,no,cellular,18,may,1032,2,-1,0,unknown,yes,2024-12-30 11:00:00
32,management,married,tertiary,no,2667,yes,no,cellular,4,sep,171,2,186,2,failure,no,2024-12-30 12:00:00
50,management,married,tertiary,no,258,no,no,cellular,12,aug,246,6,-1,0,unknown,no,2024-12-30 13:00:00
60,admin.,married,secondary,no,4348,yes,no,cellular,1,oct,131,2,98,12,other,no,2024-12-30 14:00:00
46,management,married,secondary,no,1098,no,no,cellular,8,may,99,3,343,3,other,no,2024-12-30 15:00:00
32,services,single,secondary,no,808,yes,no,cellular,20,apr,322,1,-1,0,unknown,no,2024-12-30 16:00:00
36,admin.,single,secondary,no,9,yes,no,cellular,7,may,473,2,-1,0,unknown,no,2024-12-30 17:00:00
29,services,married,secondary,no,1135,yes,no,cellular,17,feb,323,1,-1,0,unknown,yes,2024-12-30 18:00:00
37,blue-collar,married,secondary,no,77,yes,no,unknown,15,may,381,7,-1,0,unknown,no,2024-12-30 19:00:00
34,technician,married,tertiary,no,8029,yes,no,cellular,14,aug,593,4,-1,0,unknown,yes,2024-12-30 20:00:00
59,management,divorced,tertiary,no,1611,yes,no,unknown,4,jun,107,2,-1,0,unknown,no,2024-12-30 21:00:00
50,management,married,tertiary,yes,37,no,no,cellular,4,aug,869,1,-1,0,unknown,no,2024-12-30 22:00:00
29,management,single,tertiary,no,572,no,no,cellular,4,jun,224,1,-1,0,unknown,yes,2024-12-30 23:00:00
49,management,divorced,tertiary,no,112,no,no,cellular,25,aug,62,10,-1,0,unknown,no,2024-12-31 00:00:00
25,blue-collar,single,secondary,no,612,yes,no,cellular,21,jul,172,4,-1,0,unknown,no,2024-12-31 01:00:00
56,technician,divorced,tertiary,no,401,yes,no,telephone,20,nov,26,1,-1,0,unknown,no,2024-12-31 02:00:00
36,services,married,secondary,no,208,yes,no,unknown,16,may,99,1,-1,0,unknown,no,2024-12-31 03:00:00
46,entrepreneur,married,primary,no,829,no,yes,telephone,21,nov,81,7,-1,0,unknown,no,2024-12-31 04:00:00
41,management,married,tertiary,no,2767,no,no,cellular,30,apr,75,1,-1,0,unknown,no,2024-12-31 05:00:00
41,blue-collar,married,primary,no,96,yes,yes,cellular,17,apr,165,3,-1,0,unknown,no,2024-12-31 06:00:00
43,management,married,tertiary,no,0,no,no,unknown,16,jun,46,1,-1,0,unknown,no,2024-12-31 07:00:00
30,management,single,tertiary,no,199,no,yes,cellular,28,jul,131,7,-1,0,unknown,no,2024-12-31 08:00:00
40,housemaid,married,primary,no,34,no,no,cellular,25,aug,115,4,-1,0,unknown,no,2024-12-31 09:00:00
25,blue-collar,single,secondary,yes,-220,no,no,cellular,8,jul,152,1,-1,0,unknown,no,2024-12-31 10:00:00
48,admin.,married,secondary,no,155,no,no,unknown,11,jun,222,3,-1,0,unknown,no,2024-12-31 11:00:00
59,blue-collar,married,secondary,no,176,no,no,cellular,29,jan,117,1,-1,0,unknown,no,2024-12-31 12:00:00
38,management,single,tertiary,no,633,no,no,cellular,9,jul,171,3,-1,0,unknown,no,2024-12-31 13:00:00
36,technician,divorced,secondary,no,1,no,no,cellular,8,aug,1242,3,-1,0,unknown,yes,2024-12-31 14:00:00
49,admin.,married,secondary,no,209,no,no,unknown,17,may,26,1,-1,0,unknown,no,2024-12-31 15:00:00
35,blue-collar,single,secondary,no,0,yes,no,unknown,3,jun,113,3,-1,0,unknown,no,2024-12-31 16:00:00
56,management,married,tertiary,no,0,no,no,cellular,17,nov,194,1,-1,0,unknown,no,2024-12-31 17:00:00
32,technician,married,secondary,no,2802,no,no,cellular,20,aug,157,2,-1,0,unknown,no,2024-12-31 18:00:00
31,services,single,unknown,yes,-10,no,no,cellular,28,jan,134,2,-1,0,unknown,no,2024-12-31 19:00:00
47,admin.,single,secondary,no,2540,no,no,cellular,18,nov,110,5,-1,0,unknown,no,2024-12-31 20:00:00
52,admin.,married,secondary,no,2323,yes,no,cellular,18,may,45,4,-1,0,unknown,no,2024-12-31 21:00:00
39,management,married,tertiary,no,271,yes,no,cellular,12,aug,1344,1,-1,0,unknown,yes,2024-12-31 22:00:00
58,blue-collar,divorced,primary,no,8218,yes,no,cellular,19,nov,141,2,111,10,failure,no,2024-12-31 23:00:00
43,admin.,single,secondary,no,1707,yes,no,cellular,6,sep,369,3,504,5,other,yes,2025-01-01 00:00:00
36,technician,single,tertiary,no,46,yes,no,cellular,6,aug,459,3,-1,0,unknown,no,2025-01-01 01:00:00
30,services,married,secondary,no,9531,no,no,cellular,21,nov,105,4,-1,0,unknown,no,2025-01-01 02:00:00
36,management,single,tertiary,no,1841,yes,no,cellular,25,aug,141,4,-1,0,unknown,no,2025-01-01 03:00:00
38,management,divorced,tertiary,no,-980,yes,no,unknown,20,may,91,1,-1,0,unknown,no,2025-01-01 04:00:00
48,admin.,divorced,secondary,no,771,yes,no,unknown,2,jun,133,1,-1,0,unknown,no,2025-01-01 05:00:00
44,unknown,single,unknown,no,18881,no,no,cellular,2,dec,187,2,-1,0,unknown,no,2025-01-01 06:00:00
30,blue-collar,married,secondary,no,0,yes,no,unknown,26,may,30,1,-1,0,unknown,no,2025-01-01 07:00:00
65,retired,married,secondary,no,571,yes,no,cellular,20,oct,349,1,183,2,success,yes,2025-01-01 08:00:00
32,blue-collar,single,secondary,no,574,yes,no,cellular,15,may,51,4,-1,0,unknown,no,2025-01-01 09:00:00
49,management,married,tertiary,no,342,no,no,cellular,30,jan,433,2,228,1,failure,no,2025-01-01 10:00:00
29,blue-collar,married,secondary,no,125,yes,no,unknown,13,may,50,1,-1,0,unknown,no,2025-01-01 11:00:00
55,management,married,primary,no,57,no,yes,cellular,21,jul,162,2,-1,0,unknown,no,2025-01-01 12:00:00
38,management,married,primary,no,1365,yes,no,unknown,5,jun,224,1,-1,0,unknown,no,2025-01-01 13:00:00
46,technician,married,secondary,no,278,yes,no,cellular,12,may,207,1,306,1,failure,no,2025-01-01 14:00:00
25,student,single,secondary,no,1028,no,no,cellular,9,aug,148,2,-1,0,unknown,no,2025-01-01 15:00:00
34,admin.,married,secondary,no,641,yes,yes,unknown,16,may,467,1,-1,0,unknown,no,2025-01-01 16:00:00
35,services,married,secondary,no,240,yes,yes,cellular,11,may,161,2,-1,0,unknown,no,2025-01-01 17:00:00
46,unknown,married,primary,no,0,no,no,telephone,25,may,87,2,-1,0,unknown,no,2025-01-01 18:00:00
33,management,single,tertiary,no,8514,no,no,cellular,16,oct,165,1,57,1,failure,no,2025-01-01 19:00:00
63,entrepreneur,married,secondary,no,3904,no,no,telephone,4,aug,250,2,187,2,success,yes,2025-01-01 20:00:00
34,housemaid,divorced,secondary,no,-28,yes,no,cellular,6,feb,514,2,-1,0,unknown,no,2025-01-01 21:00:00
30,admin.,single,secondary,no,1009,yes,no,cellular,29,jan,253,1,-1,0,unknown,no,2025-01-01 22:00:00
36,services,single,secondary,no,198,yes,no,cellular,11,may,496,1,-1,0,unknown,no,2025-01-01 23:00:00
44,blue-collar,married,primary,no,1485,yes,no,unknown,16,may,428,1,-1,0,unknown,no,2025-01-02 00:00:00
26,management,single,tertiary,no,943,no,no,cellular,11,nov,166,1,195,1,success,yes,2025-01-02 01:00:00
46,management,married,tertiary,no,22452,yes,no,cellular,20,nov,284,1,-1,0,unknown,no,2025-01-02 02:00:00
53,blue-collar,married,primary,no,53,yes,no,cellular,7,apr,208,1,140,1,failure,no,2025-01-02 03:00:00
31,technician,single,secondary,no,5,no,no,cellular,22,aug,121,2,-1,0,unknown,no,2025-01-02 04:00:00
40,management,single,tertiary,no,3840,yes,no,cellular,24,sep,232,2,409,2,success,yes,2025-01-02 05:00:00
52,management,divorced,tertiary,no,0,yes,yes,cellular,30,jul,278,3,-1,0,unknown,no,2025-01-02 06:00:00
58,housemaid,married,primary,no,237,no,no,telephone,18,jul,200,3,-1,0,unknown,no,2025-01-02 07:00:00
54,management,married,unknown,no,831,yes,yes,telephone,2,jul,139,1,125,2,other,no,2025-01-02 08:00:00
35,unemployed,married,secondary,no,533,yes,no,unknown,6,may,802,1,-1,0,unknown,no,2025-01-02 09:00:00
37,management,married,tertiary,no,2364,no,no,telephone,18,jul,662,4,-1,0,unknown,no,2025-01-02 10:00:00
58,unknown,married,tertiary,no,4150,no,no,unknown,6,jun,363,1,-1,0,unknown,no,2025-01-02 11:00:00
28,admin.,single,secondary,no,1277,no,no,cellular,26,mar,475,1,-1,0,unknown,yes,2025-01-02 12:00:00
40,blue-collar,married,secondary,no,1508,no,no,cellular,10,aug,153,2,383,1,failure,no,2025-01-02 13:00:00
37,self-employed,single,secondary,no,349,yes,yes,cellular,2,feb,165,1,-1,0,unknown,no,2025-01-02 14:00:00
33,blue-collar,married,secondary,no,0,yes,no,cellular,28,jan,176,1,266,1,other,no,2025-01-02 15:00:00
45,management,married,tertiary,no,1493,no,no,unknown,16,jun,140,3,-1,0,unknown,no,2025-01-02 16:00:00
33,management,married,tertiary,no,584,yes,no,cellular,7,aug,269,3,-1,0,unknown,no,2025-01-02 17:00:00
39,technician,married,tertiary,no,4765,yes,no,cellular,7,aug,108,2,-1,0,unknown,no,2025-01-02 18:00:00
32,services,married,secondary,no,252,yes,yes,cellular,25,jul,148,4,-1,0,unknown,no,2025-01-02 19:00:00
67,retired,married,tertiary,no,1341,no,no,cellular,13,feb,706,1,-1,0,unknown,yes,2025-01-02 20:00:00
50,admin.,divorced,secondary,no,-458,yes,no,cellular,11,may,294,2,-1,0,unknown,no,2025-01-02 21:00:00
51,services,married,unknown,no,5801,yes,no,unknown,29,may,147,2,-1,0,unknown,no,2025-01-02 22:00:00
47,blue-collar,married,secondary,no,1125,yes,no,cellular,29,jan,1101,1,-1,0,unknown,yes,2025-01-02 23:00:00
28,blue-collar,married,secondary,no,127,yes,yes,cellular,4,feb,66,1,-1,0,unknown,no,2025-01-03 00:00:00
40,admin.,single,secondary,no,0,yes,no,cellular,18,nov,341,1,-1,0,unknown,no,2025-01-03 01:00:00
44,blue-collar,single,primary,no,787,yes,no,unknown,30,may,570,2,-1,0,unknown,no,2025-01-03 02:00:00
39,blue-collar,single,primary,no,323,yes,no,unknown,5,jun,138,3,-1,0,unknown,no,2025-01-03 03:00:00
54,housemaid,married,primary,no,8,no,yes,telephone,8,jul,116,2,-1,0,unknown,no,2025-01-03 04:00:00
27,technician,single,secondary,no,0,yes,no,cellular,6,may,176,1,-1,0,unknown,no,2025-01-03 05:00:00
34,blue-collar,single,secondary,no,550,yes,no,cellular,20,apr,90,3,346,1,failure,no,2025-01-03 06:00:00
37,technician,married,secondary,no,1633,yes,no,unknown,19,may,229,3,-1,0,unknown,no,2025-01-03 07:00:00
46,technician,divorced,tertiary,no,0,no,no,cellular,28,jan,1199,2,-1,0,unknown,yes,2025-01-03 08:00:00
30,blue-collar,married,secondary,no,1445,yes,no,unknown,20,may,140,1,-1,0,unknown,no,2025-01-03 09:00:00
44,admin.,divorced,secondary,no,0,no,no,cellular,14,apr,1594,1,148,1,failure,yes,2025-01-03 10:00:00
32,blue-collar,single,secondary,no,706,yes,no,unknown,20,may,152,1,-1,0,unknown,no,2025-01-03 11:00:00
39,unemployed,divorced,secondary,no,265,yes,no,unknown,27,may,93,1,555,2,other,yes,2025-01-03 12:00:00
42,management,divorced,secondary,no,830,yes,no,unknown,19,may,112,1,-1,0,unknown,no,2025-01-03 13:00:00
58,self-employed,married,tertiary,no,0,no,no,cellular,27,aug,16,28,-1,0,unknown,no,2025-01-03 14:00:00
33,services,married,secondary,no,931,yes,no,unknown,29,may,263,3,-1,0,unknown,no,2025-01-03 15:00:00
30,management,single,tertiary,no,45,no,no,telephone,2,feb,211,2,-1,0,unknown,no,2025-01-03 16:00:00
34,management,single,tertiary,no,1049,yes,no,cellular,17,nov,101,2,129,1,failure,no,2025-01-03 17:00:00
45,management,married,tertiary,no,-114,yes,no,cellular,20,apr,257,1,-1,0,unknown,no,2025-01-03 18:00:00
35,entrepreneur,married,secondary,no,1163,yes,no,unknown,20,may,284,1,-1,0,unknown,no,2025-01-03 19:00:00
40,management,divorced,tertiary,no,1038,no,no,cellular,7,aug,162,5,-1,0,unknown,no,2025-01-03 20:00:00
25,unemployed,married,secondary,no,1404,yes,no,cellular,2,nov,85,2,-1,0,unknown,no,2025-01-03 21:00:00
54,technician,married,secondary,no,0,yes,no,telephone,12,may,11,6,-1,0,unknown,no,2025-01-03 22:00:00
42,technician,married,tertiary,no,-215,no,no,unknown,20,jun,1573,5,-1,0,unknown,yes,2025-01-03 23:00:00
51,blue-collar,married,secondary,no,19,no,no,cellular,15,jun,292,1,-1,0,unknown,no,2025-01-04 00:00:00
37,unemployed,divorced,secondary,no,57,yes,no,cellular,28,jan,99,1,-1,0,unknown,no,2025-01-04 01:00:00
40,management,married,tertiary,no,9221,no,no,cellular,4,aug,252,1,-1,0,unknown,no,2025-01-04 02:00:00
34,technician,married,secondary,no,159,yes,no,cellular,18,oct,252,1,-1,0,unknown,yes,2025-01-04 03:00:00
31,technician,married,secondary,no,169,yes,no,unknown,27,may,143,1,-1,0,unknown,no,2025-01-04 04:00:00
33,housemaid,married,primary,no,4136,yes,no,cellular,20,apr,178,5,-1,0,unknown,no,2025-01-04 05:00:00
40,technician,married,secondary,no,998,no,no,cellular,7,aug,133,7,-1,0,unknown,no,2025-01-04 06:00:00
25,blue-collar,single,secondary,no,491,yes,no,unknown,21,may,393,1,-1,0,unknown,no,2025-01-04 07:00:00
57,management,married,primary,no,595,no,no,unknown,9,jun,188,2,-1,0,unknown,no,2025-01-04 08:00:00
36,technician,single,secondary,no,2603,yes,no,cellular,18,aug,174,5,-1,0,unknown,no,2025-01-04 09:00:00
33,blue-collar,single,secondary,no,855,no,no,unknown,28,may,99,5,-1,0,unknown,no,2025-01-04 10:00:00
37,management,divorced,secondary,no,414,no,no,cellular,29,jan,293,2,162,4,failure,no,2025-01-04 11:00:00
33,services,divorced,secondary,no,2358,yes,no,cellular,20,apr,529,3,-1,0,unknown,no,2025-01-04 12:00:00
31,management,single,tertiary,no,573,no,no,cellular,12,aug,138,2,-1,0,unknown,no,2025-01-04 13:00:00
34,management,married,tertiary,no,336,yes,yes,unknown,8,may,84,2,-1,0,unknown,no,2025-01-04 14:00:00
37,blue-collar,married,primary,no,8135,yes,no,cellular,20,nov,358,1,184,1,failure,no,2025-01-04 15:00:00
37,entrepreneur,single,tertiary,no,1467,yes,yes,cellular,17,nov,349,1,-1,0,unknown,no,2025-01-04 16:00:00
53,services,married,secondary,no,367,yes,yes,unknown,13,may,284,2,-1,0,unknown,no,2025-01-04 17:00:00
53,technician,married,secondary,no,284,no,no,cellular,1,jun,781,1,-1,0,unknown,yes,2025-01-04 18:00:00
27,student,single,secondary,no,10536,no,no,cellular,29,jan,136,1,-1,0,unknown,no,2025-01-04 19:00:00
49,management,married,tertiary,no,561,no,no,cellular,15,jun,173,1,-1,0,unknown,yes,2025-01-04 20:00:00
40,entrepreneur,married,secondary,no,2663,yes,yes,cellular,6,feb,289,2,-1,0,unknown,no,2025-01-04 21:00:00
44,services,married,secondary,no,-18,no,yes,cellular,23,jul,510,2,-1,0,unknown,no,2025-01-04 22:00:00
58,housemaid,married,primary,no,1310,yes,yes,cellular,22,jul,1226,2,-1,0,unknown,no,2025-01-04 23:00:00
62,technician,married,unknown,no,635,no,no,cellular,22,apr,292,4,247,1,other,no,2025-01-05 00:00:00
26,services,single,secondary,no,209,yes,no,cellular,22,jul,319,2,-1,0,unknown,no,2025-01-05 01:00:00
49,services,married,secondary,no,388,no,no,telephone,31,jul,1032,4,-1,0,unknown,yes,2025-01-05 02:00:00
35,management,single,tertiary,no,642,no,no,cellular,8,may,278,1,-1,0,unknown,no,2025-01-05 03:00:00
50,entrepreneur,married,primary,no,237,yes,yes,unknown,30,may,184,4,-1,0,unknown,no,2025-01-05 04:00:00
58,entrepreneur,married,tertiary,no,0,no,yes,cellular,30,jan,540,1,2,2,other,no,2025-01-05 05:00:00
23,blue-collar,married,secondary,no,272,no,no,cellular,14,aug,100,2,-1,0,unknown,yes,2025-01-05 06:00:00
34,technician,single,tertiary,no,144,yes,yes,cellular,23,apr,115,16,-1,0,unknown,no,2025-01-05 07:00:00
44,blue-collar,married,primary,no,6393,no,no,cellular,22,jul,156,20,-1,0,unknown,no,2025-01-05 08:00:00
48,management,divorced,tertiary,no,2263,no,no,cellular,29,jul,874,2,-1,0,unknown,yes,2025-01-05 09:00:00
48,services,married,secondary,no,125,no,no,cellular,14,aug,89,7,-1,0,unknown,no,2025-01-05 10:00:00
41,management,married,secondary,no,6526,no,no,unknown,15,may,334,3,-1,0,unknown,no,2025-01-05 11:00:00
58,retired,divorced,primary,no,1194,yes,no,cellular,22,may,807,1,310,1,other,no,2025-01-05 12:00:00
55,blue-collar,divorced,secondary,no,4053,no,no,unknown,6,jun,182,2,-1,0,unknown,no,2025-01-05 13:00:00
40,technician,single,tertiary,no,47,yes,no,cellular,5,may,159,1,365,1,failure,no,2025-01-05 14:00:00
57,admin.,divorced,secondary,no,-140,yes,no,unknown,28,may,264,2,-1,0,unknown,no,2025-01-05 15:00:00
55,housemaid,married,primary,no,136,yes,no,unknown,19,jun,15,10,-1,0,unknown,no,2025-01-05 16:00:00
37,services,single,secondary,no,594,yes,no,cellular,29,jan,359,1,-1,0,unknown,no,2025-01-05 17:00:00
55,management,married,tertiary,no,719,yes,no,telephone,11,may,221,6,284,29,other,no,2025-01-05 18:00:00
30,admin.,single,secondary,no,1249,no,no,cellular,8,jul,220,4,-1,0,unknown,no,2025-01-05 19:00:00
46,technician,married,secondary,no,410,no,yes,cellular,21,nov,162,5,-1,0,unknown,no,2025-01-05 20:00:00
27,student,single,secondary,no,980,no,no,cellular,29,jan,503,1,-1,0,unknown,no,2025-01-05 21:00:00
29,unemployed,single,primary,no,1374,no,no,cellular,17,nov,309,3,208,4,success,yes,2025-01-05 22:00:00
52,unemployed,married,primary,no,426,no,no,cellular,8,jun,252,5,-1,0,unknown,no,2025-01-05 23:00:00
39,entrepreneur,married,unknown,no,98,yes,no,telephone,15,may,59,3,367,1,other,no,2025-01-06 00:00:00
34,self-employed,married,tertiary,no,865,yes,no,cellular,21,jul,51,7,-1,0,unknown,no,2025-01-06 01:00:00
33,technician,married,tertiary,no,1699,no,no,cellular,28,jan,202,1,83,3,success,yes,2025-01-06 02:00:00
37,management,single,tertiary,no,24,no,no,cellular,15,jul,280,5,-1,0,unknown,no,2025-01-06 03:00:00
35,management,married,tertiary,no,193,yes,no,cellular,30,apr,565,1,13,1,failure,yes,2025-01-06 04:00:00
44,management,married,tertiary,no,1802,no,no,telephone,19,aug,105,5,-1,0,unknown,no,2025-01-06 05:00:00
49,management,divorced,tertiary,no,169,no,no,cellular,18,jul,141,1,-1,0,unknown,no,2025-01-06 06:00:00
29,unknown,single,secondary,no,1288,no,no,cellular,3,feb,266,1,-1,0,unknown,no,2025-01-06 07:00:00
47,housemaid,divorced,secondary,no,1453,no,no,unknown,12,jun,303,1,-1,0,unknown,no,2025-01-06 08:00:00
32,blue-collar,married,primary,no,697,yes,no,unknown,23,may,700,1,-1,0,unknown,no,2025-01-06 09:00:00
33,management,married,tertiary,no,0,yes,no,unknown,2,jun,223,1,-1,0,unknown,no,2025-01-06 10:00:00
41,blue-collar,married,secondary,no,523,yes,no,cellular,6,apr,232,3,-1,0,unknown,no,2025-01-06 11:00:00
83,retired,divorced,primary,no,4565,no,no,cellular,13,sep,175,2,-1,0,unknown,no,2025-01-06 12:00:00
54,management,divorced,tertiary,no,6410,no,no,cellular,20,nov,101,2,-1,0,unknown,no,2025-01-06 13:00:00
32,technician,single,tertiary,no,1068,no,no,cellular,6,aug,175,4,-1,0,unknown,no,2025-01-06 14:00:00
39,technician,single,tertiary,no,861,no,no,unknown,20,jun,32,5,-1,0,unknown,no,2025-01-06 15:00:00
34,management,married,tertiary,no,0,yes,no,unknown,8,may,214,2,-1,0,unknown,no,2025-01-06 16:00:00
55,services,married,primary,no,-747,yes,no,cellular,15,may,265,7,-1,0,unknown,no,2025-01-06 17:00:00
35,technician,married,secondary,no,1144,no,no,cellular,20,aug,197,13,-1,0,unknown,no,2025-01-06 18:00:00
37,management,single,tertiary,no,240,no,no,unknown,5,jun,1123,1,-1,0,unknown,yes,2025-01-06 19:00:00
46,blue-collar,married,secondary,no,723,no,no,cellular,8,aug,63,2,-1,0,unknown,no,2025-01-06 20:00:00
77,retired,married,primary,no,1492,no,no,telephone,1,sep,663,1,208,2,other,no,2025-01-06 21:00:00
47,blue-collar,married,secondary,no,538,no,yes,cellular,19,nov,131,1,-1,0,unknown,no,2025-01-06 22:00:00
57,admin.,married,secondary,no,0,yes,no,telephone,17,nov,92,1,-1,0,unknown,no,2025-01-06 23:00:00
54,management,married,secondary,no,2895,yes,no,cellular,9,feb,20,2,256,1,failure,no,2025-01-07 00:00:00
54,technician,married,secondary,no,273,yes,no,cellular,30,jul,55,3,-1,0,unknown,no,2025-01-07 01:00:00
52,housemaid,married,secondary,no,3034,no,no,unknown,9,jun,206,2,-1,0,unknown,no,2025-01-07 02:00:00
31,management,single,tertiary,no,949,yes,no,cellular,28,jul,52,7,-1,0,unknown,no,2025-01-07 03:00:00
43,management,married,tertiary,no,544,yes,no,unknown,27,jun,154,6,-1,0,unknown,no,2025-01-07 04:00:00
34,blue-collar,married,primary,no,-78,yes,no,unknown,9,may,198,1,-1,0,unknown,no,2025-01-07 05:00:00
30,admin.,single,tertiary,no,371,no,no,cellular,18,nov,170,1,-1,0,unknown,no,2025-01-07 06:00:00
42,self-employed,married,primary,no,3717,no,no,unknown,20,jun,235,1,-1,0,unknown,no,2025-01-07 07:00:00
40,blue-collar,married,secondary,no,1451,no,no,cellular,1,jun,314,1,-1,0,unknown,yes,2025-01-07 08:00:00
53,admin.,divorced,secondary,no,-112,no,no,unknown,19,jun,394,1,-1,0,unknown,no,2025-01-07 09:00:00
80,retired,married,secondary,no,462,no,no,cellular,7,dec,127,2,-1,0,unknown,no,2025-01-07 10:00:00
41,technician,married,secondary,no,351,yes,no,cellular,9,jul,175,1,-1,0,unknown,no,2025-01-07 11:00:00
39,technician,single,secondary,no,614,yes,no,cellular,2,feb,166,1,258,1,failure,no,2025-01-07 12:00:00
27,services,single,tertiary,yes,-152,yes,yes,cellular,15,may,14,4,-1,0,unknown,no,2025-01-07 13:00:00
30,blue-collar,married,primary,no,62,no,no,unknown,27,jun,213,1,-1,0,unknown,no,2025-01-07 14:00:00
41,blue-collar,married,secondary,no,167,no,no,unknown,20,jun,48,1,-1,0,unknown,no,2025-01-07 15:00:00
35,blue-collar,married,primary,no,443,yes,no,cellular,17,apr,185,2,316,3,other,no,2025-01-07 16:00:00
42,blue-collar,married,secondary,no,1958,yes,no,cellular,18,nov,129,1,172,3,failure,no,2025-01-07 17:00:00
39,blue-collar,married,secondary,no,507,yes,no,unknown,8,may,136,2,-1,0,unknown,no,2025-01-07 18:00:00
50,technician,married,secondary,no,85,no,no,cellular,14,jul,130,3,-1,0,unknown,no,2025-01-07 19:00:00
34,admin.,married,secondary,no,1671,no,no,unknown,21,may,160,1,-1,0,unknown,no,2025-01-07 20:00:00
31,blue-collar,married,secondary,no,658,yes,yes,cellular,17,apr,268,1,270,1,failure,no,2025-01-07 21:00:00
50,technician,married,tertiary,no,11804,yes,no,unknown,30,may,83,1,-1,0,unknown,no,2025-01-07 22:00:00
51,housemaid,married,unknown,no,2337,yes,no,cellular,27,may,133,2,41,5,success,no,2025-01-07 23:00:00
34,blue-collar,single,secondary,no,-96,yes,no,unknown,27,may,153,2,-1,0,unknown,no,2025-01-08 00:00:00
38,admin.,married,secondary,no,766,yes,no,cellular,14,apr,461,2,335,1,failure,no,2025-01-08 01:00:00
40,blue-collar,married,unknown,no,222,yes,no,unknown,20,may,465,8,-1,0,unknown,no,2025-01-08 02:00:00
39,services,divorced,secondary,no,1957,yes,yes,cellular,20,nov,47,1,-1,0,unknown,no,2025-01-08 03:00:00
46,management,married,tertiary,no,699,no,no,cellular,30,apr,970,1,87,1,failure,yes,2025-01-08 04:00:00
45,blue-collar,married,secondary,no,243,no,no,cellular,21,nov,46,1,163,1,other,no,2025-01-08 05:00:00
51,management,divorced,secondary,no,10834,yes,no,cellular,20,nov,86,1,-1,0,unknown,no,2025-01-08 06:00:00
43,blue-collar,married,primary,no,2047,yes,no,unknown,13,may,163,2,-1,0,unknown,no,2025-01-08 07:00:00
27,blue-collar,single,secondary,no,228,no,no,cellular,9,jul,799,6,-1,0,unknown,no,2025-01-08 08:00:00
41,entrepreneur,married,secondary,no,8491,yes,no,cellular,18,nov,929,1,-1,0,unknown,yes,2025-01-08 09:00:00
35,self-employed,single,tertiary,no,4213,no,no,cellular,28,jan,203,1,-1,0,unknown,no,2025-01-08 10:00:00
26,management,single,tertiary,no,4683,yes,no,cellular,4,may,334,2,180,1,failure,no,2025-01-08 11:00:00
37,admin.,divorced,secondary,no,1573,yes,no,cellular,12,may,639,3,326,10,failure,no,2025-01-08 12:00:00
34,management,married,primary,no,2200,no,no,cellular,20,nov,168,1,-1,0,unknown,no,2025-01-08 13:00:00
58,management,married,tertiary,no,0,no,no,cellular,28,aug,67,19,-1,0,unknown,no,2025-01-08 14:00:00
53,technician,married,secondary,no,768,yes,no,cellular,10,jul,218,1,-1,0,unknown,no,2025-01-08 15:00:00
40,management,married,secondary,no,363,yes,yes,cellular,26,may,135,1,104,2,failure,no,2025-01-08 16:00:00
40,unemployed,married,tertiary,no,2135,yes,no,cellular,5,feb,171,5,230,1,failure,no,2025-01-08 17:00:00
37,services,married,secondary,no,1543,yes,no,cellular,16,feb,138,2,-1,0,unknown,yes,2025-01-08 18:00:00
53,management,divorced,tertiary,no,380,no,yes,cellular,5,jun,438,2,-1,0,unknown,yes,2025-01-08 19:00:00
53,retired,married,primary,no,0,no,yes,unknown,27,jun,747,1,-1,0,unknown,no,2025-01-08 20:00:00
45,technician,single,tertiary,no,0,no,no,cellular,18,aug,773,4,-1,0,unknown,yes,2025-01-08 21:00:00
32,services,divorced,secondary,no,1156,yes,no,unknown,21,may,488,1,-1,0,unknown,no,2025-01-08 22:00:00
32,management,married,tertiary,no,1337,no,no,cellular,13,aug,283,2,-1,0,unknown,no,2025-01-08 23:00:00
28,self-employed,married,secondary,no,-228,yes,yes,cellular,7,jul,164,3,-1,0,unknown,no,2025-01-09 00:00:00
31,self-employed,married,secondary,no,0,yes,no,unknown,6,may,36,5,-1,0,unknown,no,2025-01-09 01:00:00
53,self-employed,married,primary,no,127,no,no,cellular,29,jan,78,2,-1,0,unknown,no,2025-01-09 02:00:00
46,technician,married,unknown,no,626,yes,no,unknown,26,may,399,2,-1,0,unknown,no,2025-01-09 03:00:00
38,technician,married,secondary,no,1097,no,yes,cellular,7,aug,186,3,-1,0,unknown,no,2025-01-09 04:00:00
48,management,divorced,tertiary,no,1669,yes,no,unknown,3,jun,143,1,-1,0,unknown,no,2025-01-09 05:00:00
60,housemaid,married,secondary,no,0,no,no,telephone,4,aug,153,1,1,7,success,no,2025-01-09 06:00:00
36,services,single,secondary,no,2409,yes,yes,telephone,11,may,338,2,-1,0,unknown,no,2025-01-09 07:00:00
44,housemaid,married,tertiary,no,460,no,no,unknown,17,jun,491,1,-1,0,unknown,no,2025-01-09 08:00:00
45,entrepreneur,divorced,secondary,no,1187,no,yes,cellular,20,nov,157,1,-1,0,unknown,no,2025-01-09 09:00:00
53,admin.,married,tertiary,no,5094,no,no,cellular,5,aug,114,1,-1,0,unknown,no,2025-01-09 10:00:00
49,admin.,married,secondary,no,167,no,yes,cellular,9,jul,51,1,-1,0,unknown,no,2025-01-09 11:00:00
35,management,married,tertiary,no,0,yes,no,cellular,21,nov,189,1,128,2,other,no,2025-01-09 12:00:00
34,management,married,tertiary,no,8,yes,no,telephone,5,nov,6,1,-1,0,unknown,no,2025-01-09 13:00:00
34,management,married,secondary,no,5127,no,yes,cellular,10,jul,559,2,-1,0,unknown,no,2025-01-09 14:00:00
39,admin.,single,primary,no,2805,no,no,unknown,5,jun,288,2,-1,0,unknown,no,2025-01-09 15:00:00
35,blue-collar,married,secondary,no,612,yes,no,telephone,14,may,47,4,-1,0,unknown,no,2025-01-09 16:00:00
45,management,divorced,secondary,no,644,yes,no,unknown,4,jun,633,1,-1,0,unknown,yes,2025-01-09 17:00:00
31,self-employed,single,tertiary,no,3343,no,no,cellular,3,sep,365,1,94,1,success,yes,2025-01-09 18:00:00
34,management,married,secondary,no,-311,yes,no,unknown,27,may,305,2,-1,0,unknown,no,2025-01-09 19:00:00
33,admin.,divorced,secondary,no,-403,yes,no,unknown,28,may,217,1,-1,0,unknown,no,2025-01-09 20:00:00
29,services,single,secondary,no,9,no,yes,cellular,8,jul,202,2,-1,0,unknown,no,2025-01-09 21:00:00
42,blue-collar,married,secondary,no,-145,yes,no,cellular,15,jul,231,3,-1,0,unknown,no,2025-01-09 22:00:00
30,blue-collar,married,primary,no,1480,yes,no,unknown,14,may,360,2,-1,0,unknown,no,2025-01-09 23:00:00
28,management,single,tertiary,no,2725,no,no,cellular,16,jun,292,1,504,1,failure,yes,2025-01-10 00:00:00
32,blue-collar,single,secondary,no,2746,no,no,cellular,28,jan,432,1,-1,0,unknown,no,2025-01-10 01:00:00
34,blue-collar,married,secondary,no,634,no,yes,cellular,12,may,737,3,-1,0,unknown,yes,2025-01-10 02:00:00
44,blue-collar,married,primary,no,4581,yes,no,cellular,15,apr,520,3,146,2,failure,no,2025-01-10 03:00:00
55,housemaid,married,secondary,no,127,yes,no,telephone,21,jul,1130,8,-1,0,unknown,yes,2025-01-10 04:00:00
36,blue-collar,single,secondary,no,641,yes,no,cellular,17,jul,735,2,-1,0,unknown,no,2025-01-10 05:00:00
56,unemployed,married,primary,no,107,yes,no,cellular,19,nov,149,1,-1,0,unknown,no,2025-01-10 06:00:00
33,management,divorced,tertiary,yes,280,no,yes,cellular,18,nov,155,1,-1,0,unknown,no,2025-01-10 07:00:00
38,admin.,married,secondary,no,0,yes,no,cellular,8,may,175,2,-1,0,unknown,no,2025-01-10 08:00:00
38,technician,married,secondary,no,299,no,no,cellular,22,aug,200,1,-1,0,unknown,no,2025-01-10 09:00:00
38,management,married,tertiary,no,536,yes,no,cellular,22,oct,234,1,92,1,success,yes,2025-01-10 10:00:00
34,management,married,tertiary,no,3167,yes,yes,cellular,21,nov,152,1,-1,0,unknown,no,2025-01-10 11:00:00
68,retired,married,secondary,no,1316,no,no,telephone,4,mar,92,5,-1,0,unknown,no,2025-01-10 12:00:00
36,management,single,tertiary,no,678,no,yes,unknown,4,jul,85,3,-1,0,unknown,no,2025-01-10 13:00:00
58,technician,married,secondary,no,385,no,no,cellular,20,aug,64,1,-1,0,unknown,no,2025-01-10 14:00:00
36,self-employed,single,tertiary,no,258,no,no,cellular,5,feb,230,1,-1,0,unknown,no,2025-01-10 15:00:00
55,services,single,secondary,no,-40,yes,no,unknown,12,may,178,2,-1,0,unknown,no,2025-01-10 16:00:00
27,services,single,secondary,no,955,no,no,cellular,23,apr,206,1,-1,0,unknown,yes,2025-01-10 17:00:00
53,self-employed,married,tertiary,no,1128,no,no,unknown,11,jun,29,1,-1,0,unknown,no,2025-01-10 18:00:00
43,services,married,secondary,no,2126,no,no,cellular,5,aug,92,2,-1,0,unknown,no,2025-01-10 19:00:00
34,technician,married,tertiary,no,5547,yes,no,cellular,19,aug,73,6,-1,0,unknown,no,2025-01-10 20:00:00
31,admin.,married,secondary,no,457,yes,no,cellular,21,nov,283,1,171,5,failure,no,2025-01-10 21:00:00
41,admin.,married,secondary,no,549,yes,no,cellular,8,may,326,4,-1,0,unknown,no,2025-01-10 22:00:00
50,blue-collar,married,secondary,no,2320,yes,no,cellular,7,apr,310,1,-1,0,unknown,no,2025-01-10 23:00:00
32,technician,married,tertiary,no,3939,no,no,cellular,8,aug,209,2,-1,0,unknown,no,2025-01-11 00:00:00
49,housemaid,married,secondary,no,905,no,no,cellular,25,aug,102,4,-1,0,unknown,no,2025-01-11 01:00:00
31,technician,single,tertiary,no,614,no,no,cellular,11,aug,72,4,-1,0,unknown,no,2025-01-11 02:00:00
31,student,single,tertiary,no,479,yes,no,unknown,29,may,72,12,-1,0,unknown,no,2025-01-11 03:00:00
42,unemployed,single,secondary,no,714,no,no,cellular,31,jul,145,4,-1,0,unknown,no,2025-01-11 04:00:00
49,management,married,secondary,no,27,yes,no,cellular,24,jul,63,2,-1,0,unknown,no,2025-01-11 05:00:00
44,management,divorced,tertiary,no,0,yes,no,telephone,7,may,146,4,-1,0,unknown,no,2025-01-11 06:00:00
42,blue-collar,married,secondary,no,250,yes,no,cellular,17,apr,42,3,-1,0,unknown,no,2025-01-11 07:00:00
41,services,married,secondary,no,-140,no,yes,unknown,6,jun,190,1,-1,0,unknown,no,2025-01-11 08:00:00
31,technician,married,secondary,no,504,yes,yes,cellular,7,may,52,2,-1,0,unknown,no,2025-01-11 09:00:00
48,technician,married,unknown,no,67,yes,no,unknown,14,may,328,4,-1,0,unknown,no,2025-01-11 10:00:00
57,management,married,tertiary,no,5431,yes,no,unknown,19,may,97,2,-1,0,unknown,no,2025-01-11 11:00:00
43,management,single,tertiary,no,1696,yes,no,cellular,26,aug,257,1,474,3,failure,yes,2025-01-11 12:00:00
60,retired,married,secondary,no,5267,no,no,cellular,4,sep,520,1,-1,0,unknown,yes,2025-01-11 13:00:00
28,services,married,secondary,no,633,no,yes,cellular,25,jul,95,1,-1,0,unknown,no,2025-01-11 14:00:00
30,blue-collar,married,secondary,no,90,yes,no,cellular,12,may,232,1,-1,0,unknown,no,2025-01-11 15:00:00
50,admin.,married,secondary,no,736,yes,no,unknown,14,may,74,1,-1,0,unknown,no,2025-01-11 16:00:00
49,blue-collar,married,primary,no,183,yes,yes,cellular,6,feb,257,2,-1,0,unknown,no,2025-01-11 17:00:00
28,blue-collar,single,secondary,no,171,yes,no,cellular,18,may,523,2,-1,0,unknown,no,2025-01-11 18:00:00
36,technician,married,secondary,no,1109,yes,no,unknown,23,may,122,5,-1,0,unknown,no,2025-01-11 19:00:00
55,unknown,married,tertiary,no,0,no,no,unknown,5,jun,38,1,-1,0,unknown,no,2025-01-11 20:00:00
34,management,single,tertiary,no,3679,yes,no,cellular,12,aug,178,1,-1,0,unknown,no,2025-01-11 21:00:00
53,technician,divorced,secondary,yes,-63,no,yes,cellular,4,aug,531,1,-1,0,unknown,no,2025-01-11 22:00:00
51,management,divorced,tertiary,no,0,yes,no,cellular,28,jul,534,4,-1,0,unknown,no,2025-01-11 23:00:00
