age,job,marital,education,default,balance,housing,loan,contact,day,month,duration,campaign,pdays,previous,poutcome,y,event_time
65,retired,divorced,primary,no,1840,no,no,cellular,1,sep,191,2,92,7,failure,no,2024-05-06 00:00:00
45,management,married,tertiary,no,0,no,no,cellular,21,aug,144,2,-1,0,unknown,no,2024-05-06 01:00:00
37,technician,single,secondary,no,255,no,no,unknown,5,jun,447,2,-1,0,unknown,no,2024-05-06 02:00:00
33,management,married,tertiary,no,3401,no,no,cellular,20,nov,253,1,-1,0,unknown,yes,2024-05-06 03:00:00
50,blue-collar,married,primary,no,-454,yes,no,telephone,25,jul,241,1,-1,0,unknown,no,2024-05-06 04:00:00
28,management,single,tertiary,no,334,yes,no,unknown,14,may,438,4,-1,0,unknown,no,2024-05-06 05:00:00
41,self-employed,married,secondary,no,0,no,no,cellular,8,aug,197,2,-1,0,unknown,no,2024-05-06 06:00:00
66,retired,married,tertiary,no,3,no,no,cellular,6,aug,550,1,-1,0,unknown,yes,2024-05-06 07:00:00
30,admin.,single,tertiary,no,311,no,no,cellular,31,mar,158,2,-1,0,unknown,yes,2024-05-06 08:00:00
31,student,single,tertiary,no,744,no,no,cellular,20,aug,124,3,-1,0,unknown,no,2024-05-06 09:00:00
52,blue-collar,married,unknown,no,51,no,no,cellular,14,aug,935,2,-1,0,unknown,no,2024-05-06 10:00:00
36,blue-collar,married,secondary,no,1790,yes,no,cellular,16,apr,386,2,-1,0,unknown,no,2024-05-06 11:00:00
53,services,married,secondary,no,658,no,no,cellular,28,aug,18,25,-1,0,unknown,no,2024-05-06 12:00:00
44,services,married,primary,no,440,no,yes,telephone,22,jul,249,21,-1,0,unknown,no,2024-05-06 13:00:00
34,management,married,tertiary,no,402,yes,no,unknown,13,may,813,2,-1,0,unknown,no,2024-05-06 14:00:00
35,admin.,single,secondary,no,91,yes,no,unknown,23,may,185,4,-1,0,unknown,no,2024-05-06 15:00:00
39,technician,married,secondary,no,0,no,no,cellular,20,aug,327,3,-1,0,unknown,no,2024-05-06 16:00:00
31,blue-collar,single,secondary,no,239,yes,no,cellular,18,may,666,1,360,1,success,yes,2024-05-06 17:00:00
37,blue-collar,divorced,secondary,no,0,yes,no,cellular,21,apr,146,4,-1,0,unknown,yes,2024-05-06 18:00:00
39,blue-collar,married,secondary,no,472,yes,no,cellular,29,jan,612,5,-1,0,unknown,no,2024-05-06 19:00:00
40,management,married,tertiary,no,713,no,no,cellular,6,aug,433,3,-1,0,unknown,no,2024-05-06 20:00:00
32,management,married,tertiary,no,2431,no,no,cellular,28,aug,19,19,-1,0,unknown,no,2024-05-06 21:00:00
43,technician,married,secondary,no,2344,yes,no,unknown,27,may,111,2,-1,0,unknown,no,2024-05-06 22:00:00
30,technician,single,tertiary,no,4459,no,no,cellular,11,aug,149,2,-1,0,unknown,no,2024-05-06 23:00:00
39,technician,married,secondary,no,3528,yes,no,unknown,21,may,226,1,-1,0,unknown,no,2024-05-07 00:00:00
25,services,single,secondary,no,801,no,no,cellular,5,jun,255,2,-1,0,unknown,yes,2024-05-07 01:00:00
35,services,divorced,secondary,no,0,yes,yes,cellular,12,may,95,4,357,1,failure,no,2024-05-07 02:00:00
64,retired,divorced,tertiary,no,17875,no,no,cellular,25,aug,173,1,-1,0,unknown,no,2024-05-07 03:00:00
42,management,married,tertiary,no,344,yes,yes,unknown,4,jun,66,2,-1,0,unknown,no,2024-05-07 04:00:00
33,admin.,married,secondary,no,920,no,no,cellular,13,aug,111,1,105,1,success,no,2024-05-07 05:00:00
40,blue-collar,married,primary,no,309,yes,no,cellular,14,may,221,2,-1,0,unknown,no,2024-05-07 06:00:00
19,student,single,primary,no,103,no,no,cellular,15,oct,96,2,97,2,success,no,2024-05-07 07:00:00
50,management,married,secondary,no,0,yes,no,cellular,20,nov,152,1,190,1,failure,no,2024-05-07 08:00:00
57,blue-collar,married,secondary,no,-898,yes,yes,cellular,21,jul,322,3,-1,0,unknown,no,2024-05-07 09:00:00
38,admin.,divorced,secondary,no,1533,yes,no,cellular,12,may,366,1,172,4,success,no,2024-05-07 10:00:00
39,management,married,tertiary,no,13021,no,no,cellular,5,aug,425,2,-1,0,unknown,no,2024-05-07 11:00:00
23,admin.,single,secondary,no,21,yes,yes,cellular,14,may,183,3,-1,0,unknown,no,2024-05-07 12:00:00
39,blue-collar,single,primary,no,-491,no,yes,unknown,5,jun,179,1,-1,0,unknown,no,2024-05-07 13:00:00
39,blue-collar,married,secondary,no,8,no,no,cellular,30,jul,88,3,-1,0,unknown,no,2024-05-07 14:00:00
33,blue-collar,single,secondary,no,2668,yes,no,cellular,18,jul,187,1,-1,0,unknown,no,2024-05-07 15:00:00
29,admin.,married,secondary,no,6429,yes,yes,cellular,14,may,535,1,352,2,failure,no,2024-05-07 16:00:00
33,services,single,secondary,no,1852,no,no,telephone,25,feb,371,1,204,3,other,no,2024-05-07 17:00:00
55,retired,married,secondary,no,159,no,no,cellular,28,aug,159,1,-1,0,unknown,no,2024-05-07 18:00:00
40,blue-collar,married,primary,no,1802,yes,no,cellular,17,apr,326,1,319,1,failure,no,2024-05-07 19:00:00
33,technician,married,secondary,no,6419,no,no,cellular,7,aug,419,3,-1,0,unknown,no,2024-05-07 20:00:00
31,admin.,divorced,tertiary,no,-2,yes,no,cellular,19,nov,300,1,-1,0,unknown,no,2024-05-07 21:00:00
37,management,married,secondary,no,80,no,no,cellular,27,aug,155,3,-1,0,unknown,no,2024-05-07 22:00:00
30,management,divorced,secondary,no,-274,yes,yes,cellular,19,aug,166,2,-1,0,unknown,no,2024-05-07 23:00:00
53,management,divorced,primary,no,-17,yes,yes,cellular,18,jul,508,1,-1,0,unknown,no,2024-05-08 00:00:00
32,technician,married,secondary,no,11431,no,no,cellular,12,aug,141,5,-1,0,unknown,no,2024-05-08 01:00:00
43,management,single,tertiary,no,2081,no,no,cellular,22,oct,554,3,-1,0,unknown,yes,2024-05-08 02:00:00
32,management,married,tertiary,no,2218,yes,no,cellular,6,may,37,2,-1,0,unknown,no,2024-05-08 03:00:00
47,blue-collar,divorced,secondary,yes,-535,yes,no,cellular,30,jul,71,2,-1,0,unknown,no,2024-05-08 04:00:00
34,technician,single,tertiary,no,2658,yes,no,cellular,31,mar,265,1,230,2,failure,no,2024-05-08 05:00:00
55,technician,single,secondary,no,2043,yes,no,cellular,18,nov,655,1,-1,0,unknown,no,2024-05-08 06:00:00
32,technician,single,tertiary,no,6746,no,no,cellular,11,nov,199,1,-1,0,unknown,yes,2024-05-08 07:00:00
53,retired,married,secondary,no,303,yes,no,unknown,6,may,593,2,-1,0,unknown,no,2024-05-08 08:00:00
46,self-employed,married,primary,no,3155,yes,no,cellular,21,nov,271,1,-1,0,unknown,no,2024-05-08 09:00:00
29,admin.,married,secondary,no,182,yes,yes,unknown,6,may,477,1,-1,0,unknown,no,2024-05-08 10:00:00
30,technician,married,secondary,no,450,no,yes,cellular,14,jul,72,4,-1,0,unknown,no,2024-05-08 11:00:00
58,self-employed,married,primary,no,728,no,no,unknown,20,jun,112,4,-1,0,unknown,no,2024-05-08 12:00:00
36,blue-collar,married,primary,no,356,yes,yes,cellular,12,may,692,4,172,4,other,no,2024-05-08 13:00:00
44,admin.,divorced,secondary,no,611,no,no,cellular,31,jul,6,10,-1,0,unknown,no,2024-05-08 14:00:00
54,housemaid,married,primary,no,212,no,no,cellular,12,aug,81,4,-1,0,unknown,no,2024-05-08 15:00:00
67,retired,divorced,primary,no,1746,no,no,cellular,5,aug,134,1,-1,0,unknown,no,2024-05-08 16:00:00
42,technician,married,tertiary,no,3530,no,no,cellular,5,aug,33,4,-1,0,unknown,no,2024-05-08 17:00:00
34,blue-collar,single,primary,no,326,yes,no,cellular,29,jul,263,2,-1,0,unknown,no,2024-05-08 18:00:00
49,management,married,tertiary,yes,-24,no,no,cellular,18,nov,132,3,-1,0,unknown,no,2024-05-08 19:00:00
45,unknown,married,unknown,no,4413,no,no,telephone,29,jul,77,35,-1,0,unknown,no,2024-05-08 20:00:00
34,services,divorced,secondary,no,0,yes,yes,unknown,20,may,203,1,-1,0,unknown,no,2024-05-08 21:00:00
48,management,married,tertiary,no,1949,yes,no,unknown,13,may,683,2,-1,0,unknown,yes,2024-05-08 22:00:00
28,management,single,tertiary,no,874,yes,no,cellular,5,jun,509,1,-1,0,unknown,yes,2024-05-08 23:00:00
46,blue-collar,married,primary,no,292,yes,no,cellular,20,apr,386,2,234,4,failure,no,2024-05-09 00:00:00
50,management,married,tertiary,no,15442,no,no,unknown,5,jun,91,1,-1,0,unknown,no,2024-05-09 01:00:00
29,admin.,single,secondary,no,1261,no,no,cellular,5,feb,605,1,-1,0,unknown,no,2024-05-09 02:00:00
36,housemaid,divorced,secondary,no,-289,no,no,cellular,20,apr,400,2,-1,0,unknown,no,2024-05-09 03:00:00
25,services,married,secondary,no,-454,yes,no,unknown,12,may,24,1,-1,0,unknown,no,2024-05-09 04:00:00
58,blue-collar,married,secondary,no,288,yes,no,unknown,15,may,404,7,-1,0,unknown,no,2024-05-09 05:00:00
46,management,married,tertiary,no,229,yes,no,unknown,5,may,197,1,-1,0,unknown,no,2024-05-09 06:00:00
71,retired,married,primary,no,10394,no,no,telephone,10,aug,411,1,-1,0,unknown,no,2024-05-09 07:00:00
59,management,married,tertiary,no,0,no,no,cellular,27,aug,87,4,-1,0,unknown,no,2024-05-09 08:00:00
53,blue-collar,divorced,secondary,no,1912,yes,yes,cellular,7,apr,210,1,253,2,failure,no,2024-05-09 09:00:00
42,housemaid,married,secondary,no,279,yes,no,cellular,23,jul,673,1,-1,0,unknown,no,2024-05-09 10:00:00
47,technician,married,secondary,no,449,yes,yes,unknown,13,may,92,4,-1,0,unknown,no,2024-05-09 11:00:00
38,blue-collar,single,secondary,no,-56,yes,yes,unknown,6,jun,247,2,-1,0,unknown,no,2024-05-09 12:00:00
46,blue-collar,married,secondary,no,190,no,yes,cellular,10,jul,154,1,-1,0,unknown,no,2024-05-09 13:00:00
54,management,married,tertiary,no,153,no,no,cellular,12,aug,168,5,-1,0,unknown,no,2024-05-09 14:00:00
41,management,single,tertiary,no,8368,no,no,unknown,11,jun,179,1,-1,0,unknown,no,2024-05-09 15:00:00
42,services,divorced,secondary,no,732,no,no,cellular,30,jul,109,3,-1,0,unknown,no,2024-05-09 16:00:00
40,self-employed,married,tertiary,no,13669,no,no,cellular,15,oct,138,1,136,8,other,no,2024-05-09 17:00:00
36,management,married,tertiary,no,5057,yes,no,cellular,17,nov,70,1,166,10,failure,no,2024-05-09 18:00:00
42,admin.,single,secondary,no,2790,yes,no,cellular,7,may,425,1,336,1,failure,no,2024-05-09 19:00:00
57,technician,married,secondary,no,402,yes,no,unknown,6,may,153,3,-1,0,unknown,no,2024-05-09 20:00:00
36,self-employed,single,tertiary,no,-103,yes,yes,telephone,17,oct,3253,1,-1,0,unknown,yes,2024-05-09 21:00:00
46,technician,married,secondary,yes,4,no,yes,cellular,9,jul,78,1,-1,0,unknown,no,2024-05-09 22:00:00
58,retired,divorced,secondary,no,-808,yes,no,cellular,8,may,75,4,-1,0,unknown,no,2024-05-09 23:00:00
32,technician,single,secondary,no,-22,yes,no,cellular,20,aug,215,2,-1,0,unknown,no,2024-05-10 00:00:00
49,self-employed,married,secondary,no,357,no,no,cellular,29,jul,179,4,-1,0,unknown,no,2024-05-10 01:00:00
30,blue-collar,single,secondary,no,297,yes,no,cellular,25,jul,218,1,-1,0,unknown,no,2024-05-10 02:00:00
43,unemployed,married,primary,no,731,no,no,cellular,29,jul,360,4,-1,0,unknown,no,2024-05-10 03:00:00
49,blue-collar,married,primary,no,937,yes,no,unknown,12,jun,66,1,-1,0,unknown,no,2024-05-10 04:00:00
48,management,married,tertiary,no,161,yes,no,cellular,20,apr,207,1,-1,0,unknown,no,2024-05-10 05:00:00
36,services,married,secondary,no,145,yes,no,cellular,2,feb,109,1,252,2,other,no,2024-05-10 06:00:00
60,services,married,primary,no,808,no,no,cellular,18,aug,393,3,-1,0,unknown,no,2024-05-10 07:00:00
41,admin.,married,secondary,no,55,yes,no,unknown,8,may,1120,2,-1,0,unknown,yes,2024-05-10 08:00:00
30,management,single,tertiary,no,617,no,no,cellular,27,feb,192,2,-1,0,unknown,yes,2024-05-10 09:00:00
51,blue-collar,married,primary,no,-27,no,no,telephone,29,aug,158,4,-1,0,unknown,no,2024-05-10 10:00:00
48,management,married,secondary,no,-1157,no,yes,cellular,17,nov,125,2,-1,0,unknown,no,2024-05-10 11:00:00
27,services,married,secondary,no,-1202,yes,no,unknown,4,jun,749,2,-1,0,unknown,no,2024-05-10 12:00:00
38,admin.,divorced,secondary,no,0,yes,no,cellular,21,jul,93,1,-1,0,unknown,no,2024-05-10 13:00:00
36,management,single,tertiary,no,227,no,yes,cellular,7,aug,336,4,-1,0,unknown,no,2024-05-10 14:00:00
52,retired,married,primary,no,9,no,no,unknown,18,jun,243,1,-1,0,unknown,no,2024-05-10 15:00:00
33,technician,married,secondary,no,2284,yes,yes,cellular,7,jul,210,2,-1,0,unknown,no,2024-05-10 16:00:00
24,student,single,secondary,no,4126,no,no,cellular,2,oct,83,5,191,2,success,no,2024-05-10 17:00:00
26,services,single,secondary,no,-481,yes,yes,cellular,6,may,595,5,-1,0,unknown,no,2024-05-10 18:00:00
52,blue-collar,married,unknown,no,2171,yes,no,cellular,17,nov,567,2,-1,0,unknown,no,2024-05-10 19:00:00
31,management,married,tertiary,no,-6,no,no,cellular,28,aug,198,6,-1,0,unknown,no,2024-05-10 20:00:00
49,management,single,secondary,no,0,no,no,cellular,29,aug,121,2,-1,0,unknown,no,2024-05-10 21:00:00
47,management,married,tertiary,no,0,yes,no,telephone,6,feb,138,4,9,2,other,no,2024-05-10 22:00:00
56,blue-collar,single,secondary,no,6483,yes,no,cellular,16,apr,125,2,-1,0,unknown,no,2024-05-10 23:00:00
27,admin.,married,secondary,no,73,yes,no,cellular,5,feb,140,1,-1,0,unknown,no,2024-05-11 00:00:00
38,services,single,secondary,no,895,yes,no,cellular,12,may,1531,1,-1,0,unknown,yes,2024-05-11 01:00:00
44,unknown,married,unknown,no,1317,no,no,telephone,31,jul,444,6,-1,0,unknown,no,2024-05-11 02:00:00
32,blue-collar,married,secondary,no,335,yes,no,cellular,13,may,240,3,370,1,failure,no,2024-05-11 03:00:00
54,management,single,secondary,no,555,no,yes,cellular,30,jul,117,11,-1,0,unknown,no,2024-05-11 04:00:00
33,services,married,secondary,no,610,no,yes,cellular,19,aug,116,7,-1,0,unknown,no,2024-05-11 05:00:00
28,admin.,married,secondary,no,147,yes,yes,cellular,26,may,82,1,-1,0,unknown,no,2024-05-11 06:00:00
41,technician,married,secondary,no,190,no,no,cellular,21,nov,12,7,-1,0,unknown,no,2024-05-11 07:00:00
32,admin.,single,tertiary,no,170,no,no,cellular,18,nov,74,1,-1,0,unknown,no,2024-05-11 08:00:00
49,admin.,married,secondary,no,359,yes,no,cellular,2,feb,231,2,271,1,failure,no,2024-05-11 09:00:00
43,blue-collar,divorced,primary,no,177,no,no,cellular,3,feb,124,1,-1,0,unknown,no,2024-05-11 10:00:00
36,management,divorced,tertiary,no,276,yes,no,cellular,22,aug,131,2,-1,0,unknown,no,2024-05-11 11:00:00
43,blue-collar,married,primary,no,533,yes,no,cellular,14,may,246,2,370,1,other,no,2024-05-11 12:00:00
50,services,divorced,secondary,no,2015,yes,no,cellular,20,apr,715,1,152,1,failure,no,2024-05-11 13:00:00
52,technician,married,secondary,no,1033,no,no,cellular,28,jan,198,3,-1,0,unknown,no,2024-05-11 14:00:00
29,services,divorced,secondary,no,84,yes,no,cellular,13,apr,1101,2,-1,0,unknown,yes,2024-05-11 15:00:00
30,management,single,tertiary,no,254,no,no,cellular,21,aug,202,1,-1,0,unknown,no,2024-05-11 16:00:00
47,admin.,single,tertiary,no,0,no,no,cellular,29,jan,137,1,-1,0,unknown,no,2024-05-11 17:00:00
26,student,single,secondary,no,8015,no,no,cellular,26,may,109,1,-1,0,unknown,no,2024-05-11 18:00:00
31,management,single,tertiary,no,3384,no,no,cellular,16,sep,153,1,104,2,success,yes,2024-05-11 19:00:00
45,technician,married,secondary,no,2020,yes,no,cellular,9,jul,55,1,-1,0,unknown,no,2024-05-11 20:00:00
53,blue-collar,single,secondary,no,1004,no,no,cellular,13,may,393,1,84,1,other,yes,2024-05-11 21:00:00
43,admin.,single,secondary,no,277,yes,no,cellular,12,may,315,2,363,1,failure,no,2024-05-11 22:00:00
31,blue-collar,married,primary,no,-848,yes,no,unknown,23,may,559,3,-1,0,unknown,no,2024-05-11 23:00:00
32,blue-collar,married,secondary,no,1780,yes,no,unknown,23,may,100,4,-1,0,unknown,no,2024-05-12 00:00:00
31,blue-collar,single,secondary,no,54,yes,no,cellular,29,jun,401,1,-1,0,unknown,yes,2024-05-12 01:00:00
61,self-employed,divorced,tertiary,no,6,yes,no,cellular,14,apr,133,2,-1,0,unknown,yes,2024-05-12 02:00:00
46,blue-collar,married,primary,no,1596,no,no,cellular,8,aug,417,2,-1,0,unknown,no,2024-05-12 03:00:00
49,entrepreneur,married,secondary,no,273,no,no,cellular,23,jul,58,1,-1,0,unknown,no,2024-05-12 04:00:00
37,admin.,married,secondary,no,749,no,no,cellular,21,apr,219,1,-1,0,unknown,no,2024-05-12 05:00:00
37,technician,single,secondary,no,0,no,no,cellular,4,aug,69,2,-1,0,unknown,no,2024-05-12 06:00:00
48,services,married,secondary,no,440,yes,no,cellular,20,apr,611,1,312,1,failure,no,2024-05-12 07:00:00
35,admin.,divorced,secondary,no,-218,no,yes,cellular,31,jul,123,4,-1,0,unknown,no,2024-05-12 08:00:00
74,retired,married,secondary,no,3771,no,no,telephone,16,apr,159,1,-1,0,unknown,no,2024-05-12 09:00:00
51,blue-collar,divorced,primary,no,-380,yes,no,unknown,26,may,181,1,-1,0,unknown,no,2024-05-12 10:00:00
45,services,married,primary,no,627,yes,no,cellular,12,may,271,1,-1,0,unknown,no,2024-05-12 11:00:00
54,management,divorced,tertiary,no,2152,no,no,cellular,17,may,226,3,186,7,other,no,2024-05-12 12:00:00
32,technician,married,tertiary,no,1352,no,no,cellular,20,nov,221,3,-1,0,unknown,no,2024-05-12 13:00:00
48,blue-collar,married,unknown,no,617,yes,no,cellular,11,aug,33,2,-1,0,unknown,no,2024-05-12 14:00:00
48,admin.,married,unknown,no,3756,no,no,cellular,14,aug,65,10,-1,0,unknown,no,2024-05-12 15:00:00
43,management,married,unknown,no,624,yes,no,cellular,18,jul,400,6,-1,0,unknown,no,2024-05-12 16:00:00
59,retired,divorced,secondary,no,319,no,no,cellular,24,jul,129,1,-1,0,unknown,no,2024-05-12 17:00:00
43,management,married,primary,no,62,yes,no,cellular,18,jul,96,3,-1,0,unknown,no,2024-05-12 18:00:00
43,management,single,primary,yes,-39,yes,no,cellular,31,jul,9,23,-1,0,unknown,no,2024-05-12 19:00:00
26,blue-collar,divorced,secondary,no,0,yes,no,unknown,19,may,48,3,-1,0,unknown,no,2024-05-12 20:00:00
40,technician,married,tertiary,no,180,yes,yes,cellular,21,nov,48,4,-1,0,unknown,no,2024-05-12 21:00:00
47,blue-collar,divorced,primary,no,126,yes,no,unknown,3,jun,2456,2,-1,0,unknown,yes,2024-05-12 22:00:00
34,admin.,divorced,secondary,no,531,no,no,cellular,4,feb,279,1,-1,0,unknown,no,2024-05-12 23:00:00
43,blue-collar,married,primary,no,-67,yes,no,telephone,15,may,137,7,371,1,failure,no,2024-05-13 00:00:00
52,housemaid,married,primary,no,10943,no,no,cellular,16,sep,292,1,-1,0,unknown,yes,2024-05-13 01:00:00
59,retired,married,primary,no,-266,yes,yes,cellular,31,jul,266,11,-1,0,unknown,no,2024-05-13 02:00:00
51,blue-collar,married,primary,no,109,yes,no,unknown,27,may,106,2,-1,0,unknown,no,2024-05-13 03:00:00
28,management,single,tertiary,no,5549,no,no,cellular,28,jul,383,6,-1,0,unknown,no,2024-05-13 04:00:00
25,blue-collar,single,secondary,no,0,yes,no,unknown,8,may,30,2,-1,0,unknown,no,2024-05-13 05:00:00
40,admin.,married,secondary,no,5,no,no,cellular,2,feb,174,1,-1,0,unknown,no,2024-05-13 06:00:00
32,management,single,tertiary,no,3237,yes,no,unknown,2,jun,447,2,-1,0,unknown,no,2024-05-13 07:00:00
44,management,divorced,tertiary,no,243,no,no,cellular,21,aug,118,4,-1,0,unknown,no,2024-05-13 08:00:00
21,student,single,primary,no,1596,no,no,cellular,25,may,101,2,-1,0,unknown,no,2024-05-13 09:00:00
41,technician,married,tertiary,no,91,no,yes,cellular,29,jul,204,3,-1,0,unknown,no,2024-05-13 10:00:00
37,blue-collar,married,secondary,no,-97,yes,no,unknown,5,jun,135,2,-1,0,unknown,no,2024-05-13 11:00:00
29,technician,single,tertiary,no,48,yes,no,cellular,23,jul,164,1,-1,0,unknown,no,2024-05-13 12:00:00
23,services,single,secondary,no,279,yes,no,cellular,18,may,843,1,370,1,failure,yes,2024-05-13 13:00:00
50,management,married,secondary,no,309,no,no,telephone,5,jun,113,1,-1,0,unknown,no,2024-05-13 14:00:00
55,entrepreneur,divorced,secondary,no,538,yes,no,cellular,7,aug,353,2,-1,0,unknown,yes,2024-05-13 15:00:00
31,student,single,tertiary,no,4951,no,no,cellular,17,sep,285,3,81,3,failure,yes,2024-05-13 16:00:00
37,entrepreneur,married,tertiary,no,41,no,no,cellular,14,jul,388,3,-1,0,unknown,no,2024-05-13 17:00:00
34,housemaid,married,primary,no,2929,no,no,cellular,14,aug,518,2,-1,0,unknown,yes,2024-05-13 18:00:00
49,management,divorced,tertiary,yes,0,yes,no,unknown,12,may,345,2,-1,0,unknown,no,2024-05-13 19:00:00
51,admin.,single,secondary,no,3132,no,no,unknown,13,may,459,1,-1,0,unknown,no,2024-05-13 20:00:00
66,retired,married,primary,no,8,no,no,cellular,22,oct,56,2,-1,0,unknown,no,2024-05-13 21:00:00
40,management,single,tertiary,no,2784,yes,no,unknown,19,may,181,1,-1,0,unknown,no,2024-05-13 22:00:00
46,management,married,primary,no,3229,yes,no,cellular,20,apr,1550,1,-1,0,unknown,yes,2024-05-13 23:00:00
26,student,single,tertiary,no,5169,yes,no,cellular,20,apr,639,2,-1,0,unknown,no,2024-05-14 00:00:00
47,entrepreneur,married,tertiary,no,459,yes,no,cellular,29,jul,189,4,-1,0,unknown,no,2024-05-14 01:00:00
48,admin.,married,secondary,no,1428,no,no,cellular,19,nov,498,1,-1,0,unknown,no,2024-05-14 02:00:00
30,technician,single,secondary,no,3144,no,no,cellular,19,may,212,2,-1,0,unknown,yes,2024-05-14 03:00:00
32,technician,single,tertiary,no,1246,yes,no,cellular,4,feb,192,2,-1,0,unknown,yes,2024-05-14 04:00:00
26,blue-collar,married,secondary,no,-330,yes,yes,unknown,26,may,87,2,-1,0,unknown,no,2024-05-14 05:00:00
43,entrepreneur,single,primary,no,103,yes,no,cellular,18,nov,53,1,183,5,failure,no,2024-05-14 06:00:00
50,management,married,secondary,no,1165,no,no,cellular,16,jul,455,1,-1,0,unknown,yes,2024-05-14 07:00:00
34,unemployed,married,secondary,no,0,no,yes,unknown,26,jun,465,2,-1,0,unknown,no,2024-05-14 08:00:00
28,housemaid,single,secondary,no,1,yes,no,cellular,12,may,395,2,-1,0,unknown,no,2024-05-14 09:00:00
40,technician,married,secondary,no,-357,yes,no,cellular,16,jul,700,4,-1,0,unknown,yes,2024-05-14 10:00:00
30,management,married,tertiary,no,860,yes,no,cellular,20,apr,185,1,-1,0,unknown,no,2024-05-14 11:00:00
37,management,married,tertiary,no,115,no,no,cellular,19,aug,78,2,-1,0,unknown,no,2024-05-14 12:00:00
39,technician,married,secondary,no,4101,yes,no,cellular,18,feb,146,2,264,1,other,yes,2024-05-14 13:00:00
38,management,married,tertiary,no,178,no,no,cellular,6,aug,170,3,-1,0,unknown,no,2024-05-14 14:00:00
53,blue-collar,married,primary,no,1301,no,no,cellular,11,aug,164,1,-1,0,unknown,no,2024-05-14 15:00:00
39,blue-collar,married,secondary,no,-196,yes,no,cellular,8,may,127,2,-1,0,unknown,no,2024-05-14 16:00:00
52,services,married,secondary,no,992,yes,no,cellular,27,jan,342,1,92,2,success,yes,2024-05-14 17:00:00
26,student,single,tertiary,no,249,yes,no,cellular,11,may,445,2,371,1,other,no,2024-05-14 18:00:00
46,blue-collar,married,primary,no,7934,yes,no,unknown,19,may,123,1,-1,0,unknown,no,2024-05-14 19:00:00
45,blue-collar,married,secondary,no,-104,yes,no,cellular,11,may,33,12,-1,0,unknown,no,2024-05-14 20:00:00
28,blue-collar,married,secondary,no,-42,yes,no,cellular,15,may,192,1,364,3,other,no,2024-05-14 21:00:00
48,entrepreneur,married,tertiary,no,0,yes,no,cellular,17,apr,74,2,-1,0,unknown,no,2024-05-14 22:00:00
39,admin.,married,tertiary,no,464,yes,no,cellular,7,may,100,1,-1,0,unknown,no,2024-05-14 23:00:00
56,management,married,primary,no,1172,no,no,unknown,9,jun,91,3,-1,0,unknown,no,2024-05-15 00:00:00
50,services,married,primary,no,2603,no,no,cellular,18,nov,114,1,-1,0,unknown,no,2024-05-15 01:00:00
54,retired,married,secondary,no,6449,no,no,unknown,19,jun,487,1,-1,0,unknown,no,2024-05-15 02:00:00
36,blue-collar,single,tertiary,no,3649,yes,no,unknown,17,jun,756,2,-1,0,unknown,no,2024-05-15 03:00:00
47,technician,single,secondary,no,58,no,no,telephone,5,feb,33,1,-1,0,unknown,no,2024-05-15 04:00:00
47,technician,married,secondary,no,0,yes,no,cellular,17,dec,97,1,231,2,failure,no,2024-05-15 05:00:00
42,blue-collar,married,primary,yes,398,yes,no,unknown,16,may,251,4,-1,0,unknown,no,2024-05-15 06:00:00
30,services,married,tertiary,no,523,yes,no,unknown,23,may,253,2,-1,0,unknown,no,2024-05-15 07:00:00
22,blue-collar,single,secondary,no,682,no,no,cellular,5,jun,126,2,91,1,success,yes,2024-05-15 08:00:00
46,management,divorced,tertiary,no,461,no,no,cellular,10,mar,127,1,70,2,success,no,2024-05-15 09:00:00
56,management,divorced,tertiary,yes,-1968,no,no,unknown,20,jun,60,3,-1,0,unknown,no,2024-05-15 10:00:00
27,entrepreneur,single,secondary,no,77,yes,yes,cellular,5,may,123,1,-1,0,unknown,no,2024-05-15 11:00:00
47,entrepreneur,divorced,tertiary,no,0,no,no,unknown,5,jun,124,1,-1,0,unknown,no,2024-05-15 12:00:00
39,management,married,tertiary,yes,-1586,yes,yes,cellular,16,jul,89,2,-1,0,unknown,no,2024-05-15 13:00:00
52,management,married,secondary,no,5193,no,no,cellular,23,apr,477,2,-1,0,unknown,no,2024-05-15 14:00:00
34,technician,divorced,secondary,no,347,no,no,cellular,29,aug,15,14,-1,0,unknown,no,2024-05-15 15:00:00
31,blue-collar,married,secondary,no,41,yes,no,unknown,19,may,265,1,-1,0,unknown,no,2024-05-15 16:00:00
29,management,single,tertiary,no,330,yes,no,unknown,21,may,315,1,-1,0,unknown,no,2024-05-15 17:00:00
41,admin.,married,secondary,no,437,yes,no,cellular,2,feb,138,1,-1,0,unknown,no,2024-05-15 18:00:00
38,blue-collar,married,primary,no,195,yes,no,cellular,15,may,165,2,-1,0,unknown,no,2024-05-15 19:00:00
32,blue-collar,single,secondary,no,-84,yes,no,cellular,11,may,426,1,-1,0,unknown,no,2024-05-15 20:00:00
49,retired,single,primary,no,25824,no,no,unknown,17,jun,94,1,-1,0,unknown,no,2024-05-15 21:00:00
39,management,married,tertiary,no,947,no,no,cellular,8,aug,124,2,-1,0,unknown,no,2024-05-15 22:00:00
47,blue-collar,married,primary,no,537,yes,no,telephone,15,may,49,3,-1,0,unknown,no,2024-05-15 23:00:00
50,housemaid,married,primary,no,395,yes,no,unknown,15,may,419,2,-1,0,unknown,no,2024-05-16 00:00:00
38,student,single,unknown,no,722,no,no,unknown,18,jun,65,1,-1,0,unknown,no,2024-05-16 01:00:00
34,management,single,tertiary,no,2412,yes,no,unknown,21,may,154,2,-1,0,unknown,no,2024-05-16 02:00:00
35,services,married,secondary,no,-12,no,no,cellular,31,jul,83,4,-1,0,unknown,no,2024-05-16 03:00:00
30,management,married,tertiary,no,802,yes,no,cellular,13,aug,105,1,-1,0,unknown,no,2024-05-16 04:00:00
54,admin.,married,unknown,no,3965,yes,no,unknown,15,may,138,2,-1,0,unknown,no,2024-05-16 05:00:00
32,management,married,tertiary,no,-360,yes,no,cellular,21,jul,176,4,-1,0,unknown,no,2024-05-16 06:00:00
41,blue-collar,married,primary,no,849,yes,no,unknown,15,may,72,1,-1,0,unknown,no,2024-05-16 07:00:00
31,services,married,primary,no,11,yes,no,cellular,8,may,174,2,-1,0,unknown,no,2024-05-16 08:00:00
50,management,divorced,tertiary,no,-398,yes,yes,cellular,21,jul,172,1,-1,0,unknown,no,2024-05-16 09:00:00
47,blue-collar,married,primary,no,0,no,no,cellular,7,aug,293,4,-1,0,unknown,no,2024-05-16 10:00:00
63,unknown,married,secondary,no,367,no,no,telephone,2,sep,173,1,182,7,failure,no,2024-05-16 11:00:00
47,services,married,secondary,no,459,no,no,cellular,19,aug,599,3,-1,0,unknown,no,2024-05-16 12:00:00
33,blue-collar,divorced,secondary,no,-131,yes,no,unknown,16,may,145,1,-1,0,unknown,no,2024-05-16 13:00:00
36,blue-collar,single,secondary,no,3623,no,no,unknown,12,nov,71,1,378,1,success,yes,2024-05-16 14:00:00
54,management,married,tertiary,no,752,no,no,telephone,29,jul,211,5,491,4,other,yes,2024-05-16 15:00:00
44,services,divorced,secondary,no,130,yes,no,cellular,14,may,263,1,371,1,failure,no,2024-05-16 16:00:00
43,blue-collar,married,secondary,no,3311,yes,no,telephone,20,nov,105,2,184,3,other,no,2024-05-16 17:00:00
31,admin.,married,secondary,no,2304,yes,no,cellular,20,nov,257,2,-1,0,unknown,no,2024-05-16 18:00:00
43,technician,divorced,secondary,no,159,no,no,cellular,11,aug,160,2,-1,0,unknown,no,2024-05-16 19:00:00
48,technician,married,secondary,no,568,yes,no,cellular,2,sep,378,2,386,1,success,yes,2024-05-16 20:00:00
32,technician,married,secondary,no,344,yes,yes,cellular,14,may,54,11,-1,0,unknown,no,2024-05-16 21:00:00
63,blue-collar,married,primary,no,115,no,no,telephone,27,apr,325,1,180,7,failure,yes,2024-05-16 22:00:00
43,technician,single,tertiary,no,27733,yes,no,unknown,3,jun,164,7,-1,0,unknown,no,2024-05-16 23:00:00
52,blue-collar,married,primary,no,273,yes,no,cellular,12,aug,128,2,-1,0,unknown,no,2024-05-17 00:00:00
29,technician,single,tertiary,no,542,yes,no,unknown,9,may,338,3,-1,0,unknown,no,2024-05-17 01:00:00
52,blue-collar,divorced,primary,no,196,yes,yes,unknown,3,jun,63,1,-1,0,unknown,no,2024-05-17 02:00:00
51,technician,divorced,primary,no,548,no,no,unknown,12,jun,138,2,-1,0,unknown,no,2024-05-17 03:00:00
43,unknown,single,primary,no,433,no,no,unknown,4,jun,45,1,-1,0,unknown,no,2024-05-17 04:00:00
41,self-employed,married,secondary,no,3123,yes,no,cellular,19,nov,291,2,-1,0,unknown,no,2024-05-17 05:00:00
35,technician,single,secondary,no,951,yes,no,cellular,30,jan,163,1,254,1,failure,no,2024-05-17 06:00:00
49,unemployed,married,tertiary,no,0,yes,no,cellular,4,feb,772,2,-1,0,unknown,no,2024-05-17 07:00:00
32,admin.,single,secondary,no,116,no,yes,cellular,16,jul,255,2,-1,0,unknown,no,2024-05-17 08:00:00
36,management,married,tertiary,no,2183,yes,no,cellular,26,apr,116,2,-1,0,unknown,no,2024-05-17 09:00:00
55,blue-collar,married,tertiary,no,1341,no,no,cellular,22,aug,46,8,-1,0,unknown,no,2024-05-17 10:00:00
47,services,married,secondary,no,0,yes,no,telephone,9,jul,250,1,-1,0,unknown,no,2024-05-17 11:00:00
55,blue-collar,divorced,secondary,no,7378,no,no,unknown,14,may,316,3,-1,0,unknown,no,2024-05-17 12:00:00
34,management,married,tertiary,no,2594,yes,no,cellular,21,nov,161,3,-1,0,unknown,no,2024-05-17 13:00:00
23,blue-collar,single,primary,no,8627,yes,no,unknown,3,jun,281,1,-1,0,unknown,no,2024-05-17 14:00:00
52,admin.,divorced,secondary,no,774,no,no,cellular,4,feb,79,1,-1,0,unknown,no,2024-05-17 15:00:00
34,blue-collar,single,secondary,no,610,yes,no,unknown,9,may,316,3,-1,0,unknown,no,2024-05-17 16:00:00
27,admin.,married,secondary,no,283,yes,no,cellular,18,jul,483,1,-1,0,unknown,no,2024-05-17 17:00:00
55,retired,married,secondary,no,529,yes,no,cellular,5,feb,33,4,8,3,other,no,2024-05-17 18:00:00
42,technician,married,secondary,no,994,yes,no,cellular,12,nov,227,3,93,6,success,yes,2024-05-17 19:00:00
42,management,married,tertiary,no,356,no,no,cellular,19,aug,129,4,-1,0,unknown,no,2024-05-17 20:00:00
34,entrepreneur,married,secondary,no,1368,yes,no,cellular,18,nov,252,2,-1,0,unknown,no,2024-05-17 21:00:00
41,management,married,tertiary,no,-412,yes,no,cellular,29,jan,85,1,195,5,other,no,2024-05-17 22:00:00
35,blue-collar,married,primary,no,113,yes,no,cellular,14,may,318,3,-1,0,unknown,no,2024-05-17 23:00:00
37,services,married,secondary,no,1543,yes,no,cellular,12,may,451,4,85,2,success,no,2024-05-18 00:00:00
33,admin.,single,secondary,no,1834,yes,no,cellular,21,nov,11,2,-1,0,unknown,no,2024-05-18 01:00:00
27,services,married,secondary,no,1304,no,no,cellular,30,jan,403,1,-1,0,unknown,no,2024-05-18 02:00:00
31,blue-collar,single,secondary,no,501,yes,no,cellular,9,apr,132,1,-1,0,unknown,no,2024-05-18 03:00:00
59,management,married,tertiary,no,1574,no,no,unknown,11,jun,181,1,-1,0,unknown,no,2024-05-18 04:00:00
41,blue-collar,married,primary,no,183,yes,yes,unknown,5,may,110,2,-1,0,unknown,no,2024-05-18 05:00:00
43,blue-collar,married,secondary,no,2706,yes,yes,unknown,14,may,44,1,-1,0,unknown,no,2024-05-18 06:00:00
40,management,single,tertiary,no,-50,yes,no,cellular,12,may,306,2,350,1,failure,no,2024-05-18 07:00:00
41,blue-collar,married,secondary,no,790,yes,no,cellular,6,apr,173,1,-1,0,unknown,no,2024-05-18 08:00:00
73,retired,divorced,secondary,no,7111,yes,no,cellular,12,oct,146,1,-1,0,unknown,yes,2024-05-18 09:00:00
47,blue-collar,divorced,secondary,no,18,yes,no,unknown,20,jun,12,24,-1,0,unknown,no,2024-05-18 10:00:00
52,services,divorced,secondary,no,0,yes,no,cellular,11,may,243,2,-1,0,unknown,no,2024-05-18 11:00:00
38,management,married,tertiary,no,246,yes,no,unknown,23,jul,717,8,-1,0,unknown,no,2024-05-18 12:00:00
58,technician,married,secondary,no,760,yes,no,cellular,29,apr,85,7,-1,0,unknown,no,2024-05-18 13:00:00
46,services,married,primary,no,43,yes,no,unknown,3,jun,86,5,-1,0,unknown,no,2024-05-18 14:00:00
51,admin.,married,secondary,no,1415,yes,no,unknown,2,jun,151,3,-1,0,unknown,no,2024-05-18 15:00:00
44,unemployed,married,secondary,no,-407,yes,no,unknown,9,may,119,2,-1,0,unknown,no,2024-05-18 16:00:00
47,blue-collar,married,primary,no,259,no,no,cellular,25,aug,83,5,-1,0,unknown,no,2024-05-18 17:00:00
60,housemaid,married,primary,no,1043,no,no,cellular,18,aug,1364,4,-1,0,unknown,no,2024-05-18 18:00:00
26,blue-collar,single,primary,no,1538,no,yes,cellular,28,jul,97,3,-1,0,unknown,no,2024-05-18 19:00:00
27,services,single,secondary,no,1347,no,no,telephone,28,dec,824,1,193,11,success,yes,2024-05-18 20:00:00
39,services,married,secondary,no,2381,yes,yes,cellular,29,jul,91,3,-1,0,unknown,no,2024-05-18 21:00:00
50,admin.,single,secondary,no,-79,no,yes,cellular,7,jul,70,1,-1,0,unknown,no,2024-05-18 22:00:00
57,admin.,married,secondary,no,4391,no,no,telephone,4,feb,1416,1,-1,0,unknown,yes,2024-05-18 23:00:00
45,technician,divorced,secondary,no,0,no,no,cellular,26,aug,64,2,-1,0,unknown,no,2024-05-19 00:00:00
40,blue-collar,married,primary,no,1698,yes,yes,unknown,3,jun,240,5,-1,0,unknown,no,2024-05-19 01:00:00
53,blue-collar,married,secondary,yes,-634,no,no,cellular,19,aug,695,3,-1,0,unknown,no,2024-05-19 02:00:00
40,services,married,secondary,no,-212,yes,yes,cellular,5,feb,71,1,258,1,failure,no,2024-05-19 03:00:00
28,blue-collar,divorced,primary,no,319,yes,no,cellular,21,jul,120,2,-1,0,unknown,no,2024-05-19 04:00:00
32,services,single,secondary,no,2478,no,yes,cellular,20,nov,395,1,-1,0,unknown,no,2024-05-19 05:00:00
23,blue-collar,single,secondary,no,0,yes,no,cellular,8,may,6,5,350,2,failure,no,2024-05-19 06:00:00
25,admin.,single,tertiary,no,2916,no,no,cellular,12,oct,143,1,-1,0,unknown,no,2024-05-19 07:00:00
75,self-employed,married,unknown,no,4984,no,no,telephone,28,oct,509,1,-1,0,unknown,yes,2024-05-19 08:00:00
39,management,married,tertiary,no,0,yes,no,unknown,3,jun,164,2,-1,0,unknown,no,2024-05-19 09:00:00
55,technician,divorced,tertiary,no,264,yes,no,unknown,30,may,34,2,-1,0,unknown,no,2024-05-19 10:00:00
39,management,married,tertiary,no,5060,yes,no,cellular,20,aug,157,4,-1,0,unknown,no,2024-05-19 11:00:00
40,admin.,married,secondary,no,824,yes,no,cellular,17,apr,359,1,-1,0,unknown,no,2024-05-19 12:00:00
37,technician,married,tertiary,no,512,no,no,cellular,9,jul,61,4,-1,0,unknown,no,2024-05-19 13:00:00
39,housemaid,married,secondary,no,1029,yes,yes,cellular,23,jul,133,3,-1,0,unknown,no,2024-05-19 14:00:00
34,services,married,secondary,no,12,no,no,unknown,21,may,164,1,-1,0,unknown,no,2024-05-19 15:00:00
49,blue-collar,divorced,unknown,no,39,yes,no,cellular,13,may,27,5,-1,0,unknown,no,2024-05-19 16:00:00
31,technician,single,secondary,no,4028,no,yes,cellular,25,aug,139,5,-1,0,unknown,no,2024-05-19 17:00:00
54,blue-collar,married,primary,no,6812,yes,no,cellular,7,aug,108,3,-1,0,unknown,no,2024-05-19 18:00:00
43,admin.,divorced,secondary,no,57,no,no,unknown,11,jun,46,1,-1,0,unknown,no,2024-05-19 19:00:00
29,admin.,single,secondary,no,464,no,no,cellular,10,aug,317,2,518,1,failure,yes,2024-05-19 20:00:00
50,blue-collar,married,primary,no,480,yes,no,unknown,20,jun,99,5,-1,0,unknown,no,2024-05-19 21:00:00
54,self-employed,married,primary,no,0,no,yes,telephone,9,jul,130,2,-1,0,unknown,no,2024-05-19 22:00:00
37,management,married,secondary,no,-499,yes,no,cellular,21,nov,71,3,-1,0,unknown,no,2024-05-19 23:00:00
34,technician,married,tertiary,no,0,no,no,cellular,20,aug,129,2,-1,0,unknown,no,2024-05-20 00:00:00
62,retired,married,tertiary,no,2557,yes,no,cellular,14,sep,211,1,216,7,success,yes,2024-05-20 01:00:00
50,blue-collar,married,secondary,no,235,no,no,cellular,11,aug,71,2,-1,0,unknown,no,2024-05-20 02:00:00
32,blue-collar,single,primary,no,78,yes,no,cellular,14,may,72,2,-1,0,unknown,no,2024-05-20 03:00:00
40,admin.,married,secondary,no,3126,yes,no,cellular,12,may,200,2,-1,0,unknown,no,2024-05-20 04:00:00
32,blue-collar,single,primary,no,1137,yes,yes,cellular,6,may,274,1,-1,0,unknown,no,2024-05-20 05:00:00
43,technician,single,secondary,no,293,yes,no,unknown,15,may,49,1,-1,0,unknown,no,2024-05-20 06:00:00
41,admin.,married,secondary,no,-396,yes,no,cellular,7,jul,104,4,-1,0,unknown,no,2024-05-20 07:00:00
47,technician,married,tertiary,no,52,no,no,cellular,25,aug,93,5,-1,0,unknown,no,2024-05-20 08:00:00
31,admin.,single,secondary,no,131,yes,no,cellular,15,jun,151,1,-1,0,unknown,yes,2024-05-20 09:00:00
37,technician,married,secondary,no,6963,yes,no,cellular,22,dec,158,2,-1,0,unknown,no,2024-05-20 10:00:00
30,technician,single,unknown,no,766,no,no,cellular,30,apr,296,1,-1,0,unknown,no,2024-05-20 11:00:00
34,student,single,tertiary,no,3404,yes,no,cellular,8,apr,420,1,139,5,failure,no,2024-05-20 12:00:00
54,management,married,tertiary,no,313,yes,no,unknown,5,may,83,2,-1,0,unknown,no,2024-05-20 13:00:00
40,self-employed,single,tertiary,no,628,no,no,cellular,30,jan,90,1,-1,0,unknown,no,2024-05-20 14:00:00
46,blue-collar,married,primary,no,1291,yes,no,cellular,14,may,142,3,259,17,failure,no,2024-05-20 15:00:00
57,services,divorced,primary,no,818,no,no,cellular,28,jan,208,1,-1,0,unknown,no,2024-05-20 16:00:00
48,management,divorced,tertiary,no,1010,yes,no,cellular,20,aug,65,1,-1,0,unknown,no,2024-05-20 17:00:00
51,self-employed,married,secondary,no,421,yes,no,cellular,14,may,306,4,-1,0,unknown,no,2024-05-20 18:00:00
40,services,single,secondary,no,888,yes,no,unknown,12,may,169,2,-1,0,unknown,no,2024-05-20 19:00:00
55,housemaid,divorced,secondary,no,0,no,no,cellular,31,mar,829,1,-1,0,unknown,no,2024-05-20 20:00:00
47,unemployed,divorced,secondary,no,0,no,yes,cellular,30,jan,127,2,233,8,other,no,2024-05-20 21:00:00
37,admin.,married,secondary,no,756,yes,no,cellular,20,apr,207,2,-1,0,unknown,no,2024-05-20 22:00:00
38,management,married,tertiary,yes,540,no,no,cellular,18,nov,205,1,-1,0,unknown,no,2024-05-20 23:00:00
39,management,married,secondary,no,18,yes,no,cellular,22,may,230,1,-1,0,unknown,no,2024-05-21 00:00:00
55,admin.,divorced,secondary,no,166,no,no,cellular,20,nov,324,7,153,4,failure,no,2024-05-21 01:00:00
27,technician,single,tertiary,no,1075,no,no,cellular,2,mar,658,1,-1,0,unknown,yes,2024-05-21 02:00:00
34,student,single,unknown,no,86,no,no,cellular,16,nov,244,2,178,1,failure,no,2024-05-21 03:00:00
43,management,married,tertiary,no,1800,no,no,telephone,29,jul,103,3,-1,0,unknown,no,2024-05-21 04:00:00
54,management,divorced,tertiary,no,124,no,no,cellular,27,aug,119,11,-1,0,unknown,no,2024-05-21 05:00:00
35,services,divorced,secondary,no,35,yes,no,cellular,7,jul,129,4,-1,0,unknown,no,2024-05-21 06:00:00
32,management,divorced,tertiary,no,387,no,no,cellular,26,aug,99,4,-1,0,unknown,no,2024-05-21 07:00:00
38,admin.,married,secondary,no,6706,no,no,cellular,26,mar,143,2,-1,0,unknown,no,2024-05-21 08:00:00
34,technician,divorced,secondary,no,675,no,no,cellular,25,jul,81,2,-1,0,unknown,no,2024-05-21 09:00:00
52,entrepreneur,single,tertiary,no,3469,yes,no,cellular,16,apr,583,1,147,1,success,yes,2024-05-21 10:00:00
35,admin.,single,tertiary,no,364,no,yes,cellular,30,apr,148,1,-1,0,unknown,no,2024-05-21 11:00:00
28,admin.,married,secondary,no,503,no,yes,cellular,21,jul,553,2,-1,0,unknown,no,2024-05-21 12:00:00
44,entrepreneur,single,tertiary,no,1240,yes,no,cellular,18,nov,88,1,-1,0,unknown,no,2024-05-21 13:00:00
35,self-employed,married,tertiary,no,7990,yes,no,cellular,4,feb,357,1,-1,0,unknown,no,2024-05-21 14:00:00
29,blue-collar,married,secondary,no,2,yes,no,cellular,22,jul,96,1,-1,0,unknown,no,2024-05-21 15:00:00
33,services,married,secondary,no,317,yes,no,cellular,2,feb,141,4,201,1,other,no,2024-05-21 16:00:00
31,admin.,single,tertiary,no,541,no,no,cellular,5,feb,100,1,-1,0,unknown,no,2024-05-21 17:00:00
33,technician,single,tertiary,no,6,no,no,cellular,25,aug,30,4,-1,0,unknown,no,2024-05-21 18:00:00
42,admin.,married,secondary,no,3165,yes,no,unknown,16,jun,298,4,-1,0,unknown,no,2024-05-21 19:00:00
43,blue-collar,married,primary,no,2901,yes,no,cellular,13,apr,179,4,-1,0,unknown,no,2024-05-21 20:00:00
48,housemaid,divorced,primary,no,1583,no,yes,telephone,18,jul,494,2,-1,0,unknown,no,2024-05-21 21:00:00
28,management,single,tertiary,no,-62,no,no,unknown,12,aug,17,1,-1,0,unknown,no,2024-05-21 22:00:00
50,admin.,single,secondary,no,2252,no,no,cellular,30,apr,652,2,-1,0,unknown,yes,2024-05-21 23:00:00
33,self-employed,single,tertiary,no,544,yes,no,cellular,7,may,155,1,-1,0,unknown,no,2024-05-22 00:00:00
60,technician,married,secondary,no,10925,no,no,cellular,23,oct,270,3,185,1,success,yes,2024-05-22 01:00:00
52,admin.,single,secondary,no,-528,yes,yes,cellular,1,jun,1144,2,-1,0,unknown,yes,2024-05-22 02:00:00
35,admin.,married,secondary,no,304,no,no,cellular,18,mar,237,1,-1,0,unknown,yes,2024-05-22 03:00:00
79,retired,married,primary,no,1058,no,no,telephone,17,may,564,5,-1,0,unknown,no,2024-05-22 04:00:00
31,technician,single,tertiary,no,4561,yes,no,cellular,15,may,301,1,274,2,failure,no,2024-05-22 05:00:00
46,services,married,secondary,no,273,no,no,cellular,22,aug,565,2,-1,0,unknown,yes,2024-05-22 06:00:00
40,blue-collar,single,secondary,no,3571,yes,no,cellular,10,jul,262,1,-1,0,unknown,no,2024-05-22 07:00:00
38,admin.,married,secondary,no,4874,no,no,unknown,6,jun,1291,3,-1,0,unknown,no,2024-05-22 08:00:00
58,services,married,primary,no,943,yes,no,unknown,3,jun,243,3,-1,0,unknown,no,2024-05-22 09:00:00
59,management,divorced,tertiary,no,7813,yes,no,cellular,21,nov,75,1,-1,0,unknown,no,2024-05-22 10:00:00
25,student,married,tertiary,no,4923,yes,yes,cellular,4,may,78,4,74,14,failure,no,2024-05-22 11:00:00
37,admin.,married,secondary,no,766,yes,no,unknown,14,may,123,1,-1,0,unknown,no,2024-05-22 12:00:00
41,blue-collar,married,secondary,no,598,yes,no,cellular,12,may,69,3,364,11,failure,no,2024-05-22 13:00:00
46,management,married,secondary,no,4105,yes,no,cellular,15,apr,115,3,258,2,failure,no,2024-05-22 14:00:00
27,blue-collar,single,primary,no,21,no,no,cellular,30,jan,197,4,-1,0,unknown,no,2024-05-22 15:00:00
37,services,married,secondary,no,1970,yes,no,telephone,5,nov,253,1,-1,0,unknown,yes,2024-05-22 16:00:00
27,admin.,single,secondary,no,3638,no,no,cellular,11,jul,271,5,-1,0,unknown,no,2024-05-22 17:00:00
53,blue-collar,single,secondary,no,1442,no,no,telephone,9,dec,137,8,188,2,other,no,2024-05-22 18:00:00
61,retired,married,secondary,no,4248,yes,no,unknown,14,may,71,1,-1,0,unknown,no,2024-05-22 19:00:00
32,services,single,unknown,no,2378,no,no,cellular,17,nov,1132,2,-1,0,unknown,yes,2024-05-22 20:00:00
36,management,married,secondary,no,3,no,no,cellular,14,aug,250,2,-1,0,unknown,no,2024-05-22 21:00:00
29,blue-collar,married,secondary,no,313,yes,no,cellular,20,apr,172,2,343,3,other,no,2024-05-22 22:00:00
52,unemployed,divorced,secondary,no,4,no,yes,unknown,18,nov,248,1,-1,0,unknown,no,2024-05-22 23:00:00
45,blue-collar,married,primary,no,644,yes,no,telephone,12,may,422,2,-1,0,unknown,no,2024-05-23 00:00:00
57,retired,married,tertiary,no,29,no,no,telephone,10,jul,532,2,-1,0,unknown,no,2024-05-23 01:00:00
40,management,married,tertiary,no,710,yes,no,cellular,5,may,266,1,298,2,failure,no,2024-05-23 02:00:00
36,services,married,secondary,no,0,yes,no,cellular,6,may,215,3,280,3,failure,no,2024-05-23 03:00:00
47,services,married,primary,no,0,yes,no,cellular,4,aug,226,1,-1,0,unknown,no,2024-05-23 04:00:00
39,technician,married,secondary,no,1048,no,yes,cellular,21,jul,405,1,-1,0,unknown,no,2024-05-23 05:00:00
59,admin.,married,primary,no,879,yes,no,cellular,30,jan,126,5,259,7,failure,no,2024-05-23 06:00:00
56,technician,divorced,secondary,no,0,yes,no,cellular,9,feb,139,5,265,4,failure,no,2024-05-23 07:00:00
53,services,married,primary,no,-166,no,yes,cellular,28,jul,70,4,-1,0,unknown,no,2024-05-23 08:00:00
32,management,single,tertiary,no,111,yes,no,unknown,8,may,162,2,-1,0,unknown,no,2024-05-23 09:00:00
27,blue-collar,single,tertiary,no,1372,no,no,cellular,21,jul,230,1,-1,0,unknown,no,2024-05-23 10:00:00
35,technician,divorced,secondary,no,127,no,no,cellular,20,nov,94,2,-1,0,unknown,no,2024-05-23 11:00:00
35,blue-collar,divorced,primary,no,1077,yes,no,cellular,12,may,25,6,-1,0,unknown,no,2024-05-23 12:00:00
35,technician,divorced,secondary,no,3549,yes,no,cellular,13,aug,250,4,-1,0,unknown,no,2024-05-23 13:00:00
35,services,divorced,primary,no,55,no,no,cellular,20,nov,165,4,-1,0,unknown,no,2024-05-23 14:00:00
34,admin.,married,secondary,no,-429,yes,no,cellular,6,may,320,1,-1,0,unknown,no,2024-05-23 15:00:00
41,technician,married,tertiary,no,725,yes,yes,unknown,27,may,87,3,-1,0,unknown,no,2024-05-23 16:00:00
53,self-employed,married,tertiary,no,235,no,no,unknown,18,jun,112,3,-1,0,unknown,no,2024-05-23 17:00:00
47,housemaid,married,secondary,no,582,no,no,cellular,13,aug,73,1,-1,0,unknown,no,2024-05-23 18:00:00
50,technician,married,secondary,no,3370,no,no,cellular,2,jun,160,2,-1,0,unknown,yes,2024-05-23 19:00:00
31,management,single,tertiary,no,305,yes,no,unknown,28,may,297,14,-1,0,unknown,no,2024-05-23 20:00:00
48,unemployed,married,primary,no,1296,no,no,cellular,5,mar,119,1,-1,0,unknown,no,2024-05-23 21:00:00
25,services,single,secondary,no,2,no,no,cellular,8,jul,288,1,-1,0,unknown,no,2024-05-23 22:00:00
33,technician,single,tertiary,no,0,no,no,cellular,22,aug,135,3,-1,0,unknown,no,2024-05-23 23:00:00
42,management,single,secondary,no,164,no,no,cellular,20,aug,500,2,-1,0,unknown,no,2024-05-24 00:00:00
55,admin.,divorced,secondary,no,166,no,no,unknown,20,jun,84,4,-1,0,unknown,no,2024-05-24 01:00:00
36,services,married,secondary,no,1981,no,no,unknown,17,jun,48,2,-1,0,unknown,no,2024-05-24 02:00:00
48,entrepreneur,married,primary,no,3705,yes,no,unknown,15,may,151,2,-1,0,unknown,no,2024-05-24 03:00:00
23,management,single,tertiary,no,1506,no,no,cellular,9,mar,131,4,-1,0,unknown,yes,2024-05-24 04:00:00
46,blue-collar,married,primary,no,333,yes,no,cellular,31,jul,284,4,-1,0,unknown,no,2024-05-24 05:00:00
60,management,married,tertiary,no,3301,no,no,unknown,17,jun,2621,3,-1,0,unknown,yes,2024-05-24 06:00:00
23,admin.,married,tertiary,no,2,yes,no,unknown,16,may,140,1,-1,0,unknown,no,2024-05-24 07:00:00
39,blue-collar,married,unknown,no,2952,yes,no,unknown,12,jun,307,2,-1,0,unknown,no,2024-05-24 08:00:00
42,services,married,unknown,no,1340,no,yes,cellular,30,jul,88,5,-1,0,unknown,no,2024-05-24 09:00:00
85,retired,married,primary,no,12114,no,no,telephone,12,feb,165,2,-1,0,unknown,yes,2024-05-24 10:00:00
28,student,married,tertiary,no,1,no,no,cellular,15,jul,92,4,-1,0,unknown,no,2024-05-24 11:00:00
36,blue-collar,married,secondary,no,21,yes,no,unknown,28,may,89,1,-1,0,unknown,no,2024-05-24 12:00:00
81,retired,divorced,tertiary,no,0,no,no,cellular,14,jan,357,1,-1,0,unknown,no,2024-05-24 13:00:00
45,management,married,tertiary,no,1874,no,no,cellular,28,jan,207,1,-1,0,unknown,no,2024-05-24 14:00:00
31,admin.,single,secondary,no,3950,yes,no,cellular,21,nov,529,1,-1,0,unknown,yes,2024-05-24 15:00:00
40,admin.,single,secondary,no,419,no,yes,cellular,28,jul,100,16,-1,0,unknown,no,2024-05-24 16:00:00
32,technician,married,secondary,no,765,yes,yes,cellular,14,apr,850,2,-1,0,unknown,yes,2024-05-24 17:00:00
37,blue-collar,married,primary,no,106,yes,no,cellular,25,aug,511,1,392,13,failure,yes,2024-05-24 18:00:00
59,technician,married,secondary,no,925,yes,no,telephone,10,jul,96,1,-1,0,unknown,no,2024-05-24 19:00:00
49,housemaid,married,secondary,no,500,no,yes,cellular,28,aug,105,2,-1,0,unknown,no,2024-05-24 20:00:00
38,technician,single,tertiary,no,1101,no,no,cellular,30,apr,800,1,-1,0,unknown,yes,2024-05-24 21:00:00
50,management,married,secondary,no,2130,no,no,cellular,20,aug,203,4,-1,0,unknown,no,2024-05-24 22:00:00
35,technician,divorced,secondary,no,0,no,no,cellular,24,jul,262,2,-1,0,unknown,no,2024-05-24 23:00:00
59,retired,married,tertiary,no,538,no,no,cellular,18,nov,48,2,-1,0,unknown,no,2024-05-25 00:00:00
30,admin.,married,secondary,no,11,yes,no,cellular,11,may,157,1,-1,0,unknown,no,2024-05-25 01:00:00
59,technician,married,secondary,no,4263,no,yes,cellular,20,nov,426,2,-1,0,unknown,no,2024-05-25 02:00:00
39,technician,divorced,secondary,no,394,yes,no,unknown,29,may,184,1,-1,0,unknown,no,2024-05-25 03:00:00
36,services,married,secondary,no,42,yes,no,unknown,8,may,102,4,-1,0,unknown,no,2024-05-25 04:00:00
42,admin.,married,secondary,no,196,yes,yes,cellular,19,nov,186,1,-1,0,unknown,no,2024-05-25 05:00:00
44,admin.,married,secondary,no,1362,yes,no,unknown,13,may,46,1,-1,0,unknown,no,2024-05-25 06:00:00
55,blue-collar,married,secondary,no,831,yes,no,unknown,14,may,144,1,-1,0,unknown,no,2024-05-25 07:00:00
54,housemaid,married,secondary,no,42,yes,no,unknown,13,may,514,5,-1,0,unknown,no,2024-05-25 08:00:00
33,blue-collar,single,secondary,no,1036,yes,yes,cellular,16,apr,323,2,321,2,failure,no,2024-05-25 09:00:00
83,retired,divorced,primary,no,0,no,no,telephone,31,may,664,1,77,3,success,no,2024-05-25 10:00:00
43,admin.,married,secondary,no,0,yes,no,cellular,17,jul,674,3,-1,0,unknown,no,2024-05-25 11:00:00
29,blue-collar,married,primary,no,707,no,no,cellular,7,jul,210,1,-1,0,unknown,no,2024-05-25 12:00:00
39,technician,married,primary,no,2118,yes,no,cellular,17,apr,266,2,-1,0,unknown,no,2024-05-25 13:00:00
53,admin.,married,secondary,no,263,no,yes,cellular,18,jul,143,7,-1,0,unknown,no,2024-05-25 14:00:00
35,admin.,single,tertiary,no,777,no,yes,cellular,28,may,85,1,-1,0,unknown,no,2024-05-25 15:00:00
41,admin.,married,secondary,no,-5,yes,no,cellular,29,jul,38,17,-1,0,unknown,no,2024-05-25 16:00:00
28,management,single,tertiary,no,6791,no,no,telephone,9,aug,361,1,46,35,failure,no,2024-05-25 17:00:00
34,management,married,tertiary,no,3050,yes,no,cellular,13,may,469,1,-1,0,unknown,yes,2024-05-25 18:00:00
31,blue-collar,divorced,secondary,no,-277,yes,no,telephone,17,jul,1008,2,-1,0,unknown,yes,2024-05-25 19:00:00
36,management,married,tertiary,no,1604,yes,no,unknown,11,jun,47,3,-1,0,unknown,no,2024-05-25 20:00:00
39,blue-collar,married,secondary,no,0,yes,yes,unknown,20,may,40,1,-1,0,unknown,no,2024-05-25 21:00:00
32,blue-collar,married,secondary,no,5075,yes,no,telephone,20,nov,90,2,-1,0,unknown,no,2024-05-25 22:00:00
40,technician,married,secondary,no,0,yes,no,cellular,17,nov,74,2,196,1,failure,no,2024-05-25 23:00:00
27,admin.,single,secondary,no,416,no,no,unknown,17,aug,8,1,-1,0,unknown,no,2024-05-26 00:00:00
33,technician,married,secondary,no,153,yes,no,unknown,16,may,148,2,-1,0,unknown,no,2024-05-26 01:00:00
43,management,married,tertiary,no,8016,yes,no,unknown,15,may,422,3,-1,0,unknown,no,2024-05-26 02:00:00
44,entrepreneur,married,primary,no,58,yes,no,unknown,7,may,113,3,-1,0,unknown,no,2024-05-26 03:00:00
29,technician,single,secondary,no,769,yes,yes,cellular,14,may,67,3,-1,0,unknown,no,2024-05-26 04:00:00
42,blue-collar,divorced,primary,no,213,yes,no,cellular,7,jul,434,3,-1,0,unknown,yes,2024-05-26 05:00:00
45,management,divorced,tertiary,no,0,no,no,unknown,1,jun,5,1,-1,0,unknown,no,2024-05-26 06:00:00
31,admin.,single,secondary,no,68,yes,no,cellular,16,apr,570,2,-1,0,unknown,no,2024-05-26 07:00:00
45,technician,married,secondary,no,396,yes,no,cellular,17,apr,266,4,-1,0,unknown,no,2024-05-26 08:00:00
37,services,married,secondary,no,1140,yes,no,cellular,14,may,33,3,-1,0,unknown,no,2024-05-26 09:00:00
39,blue-collar,married,primary,no,1551,no,no,unknown,17,jun,264,16,-1,0,unknown,no,2024-05-26 10:00:00
30,admin.,single,secondary,no,270,no,no,cellular,30,apr,437,1,80,1,success,yes,2024-05-26 11:00:00
33,unemployed,married,secondary,no,229,yes,no,unknown,8,may,205,4,-1,0,unknown,no,2024-05-26 12:00:00
31,technician,married,secondary,no,684,yes,no,cellular,7,dec,620,3,-1,0,unknown,yes,2024-05-26 13:00:00
37,technician,married,secondary,no,1345,yes,no,cellular,6,may,74,6,169,4,failure,no,2024-05-26 14:00:00
47,admin.,married,tertiary,no,1077,no,no,telephone,29,aug,43,2,-1,0,unknown,no,2024-05-26 15:00:00
32,self-employed,married,secondary,no,217,yes,yes,cellular,15,jul,317,5,-1,0,unknown,no,2024-05-26 16:00:00
26,admin.,single,secondary,no,8,no,no,cellular,23,jul,95,1,-1,0,unknown,no,2024-05-26 17:00:00
31,admin.,married,secondary,no,377,no,no,cellular,31,jul,384,4,-1,0,unknown,no,2024-05-26 18:00:00
66,admin.,single,secondary,no,10177,no,no,cellular,5,may,272,4,-1,0,unknown,no,2024-05-26 19:00:00
32,entrepreneur,married,tertiary,no,598,no,no,cellular,18,aug,135,6,-1,0,unknown,no,2024-05-26 20:00:00
56,admin.,divorced,secondary,no,0,no,no,cellular,18,nov,100,1,154,2,failure,no,2024-05-26 21:00:00
54,blue-collar,married,secondary,no,853,no,no,unknown,16,jun,24,5,-1,0,unknown,no,2024-05-26 22:00:00
38,technician,single,secondary,no,12926,yes,no,unknown,3,jun,280,1,-1,0,unknown,no,2024-05-26 23:00:00
52,retired,married,primary,no,383,yes,yes,cellular,17,apr,299,2,-1,0,unknown,no,2024-05-27 00:00:00
34,management,single,tertiary,no,2646,no,no,cellular,14,apr,142,1,-1,0,unknown,yes,2024-05-27 01:00:00
60,blue-collar,married,primary,no,93,no,yes,unknown,27,may,125,4,-1,0,unknown,no,2024-05-27 02:00:00
40,technician,single,tertiary,no,250,yes,no,cellular,1,apr,107,1,-1,0,unknown,no,2024-05-27 03:00:00
28,management,single,tertiary,no,3238,yes,no,unknown,19,may,7,1,-1,0,unknown,no,2024-05-27 04:00:00
36,entrepreneur,divorced,tertiary,no,776,no,yes,cellular,7,jul,722,3,-1,0,unknown,yes,2024-05-27 05:00:00
34,technician,single,secondary,yes,-14,no,no,cellular,14,aug,85,2,-1,0,unknown,no,2024-05-27 06:00:00
58,admin.,married,unknown,no,528,no,no,cellular,12,aug,136,3,-1,0,unknown,no,2024-05-27 07:00:00
26,services,single,secondary,no,110,no,no,cellular,30,jan,1136,2,-1,0,unknown,yes,2024-05-27 08:00:00
60,housemaid,married,primary,no,161,no,no,unknown,6,jun,183,1,-1,0,unknown,no,2024-05-27 09:00:00
53,admin.,single,primary,no,0,yes,no,cellular,7,may,176,1,322,5,other,no,2024-05-27 10:00:00
45,technician,married,secondary,no,0,yes,no,telephone,21,nov,68,1,-1,0,unknown,no,2024-05-27 11:00:00
28,unemployed,single,tertiary,no,0,yes,no,unknown,5,may,125,2,-1,0,unknown,no,2024-05-27 12:00:00
35,blue-collar,married,secondary,no,210,yes,no,cellular,30,jan,626,3,-1,0,unknown,no,2024-05-27 13:00:00
37,blue-collar,married,unknown,no,444,no,no,cellular,1,oct,143,1,94,9,other,no,2024-05-27 14:00:00
34,technician,single,tertiary,no,370,no,no,cellular,11,aug,116,2,-1,0,unknown,no,2024-05-27 15:00:00
39,unemployed,single,tertiary,no,79,no,no,cellular,2,jun,369,1,-1,0,unknown,no,2024-05-27 16:00:00
44,admin.,single,secondary,no,469,yes,yes,cellular,12,may,158,2,-1,0,unknown,no,2024-05-27 17:00:00
51,blue-collar,single,primary,no,55,yes,no,cellular,18,may,351,2,-1,0,unknown,no,2024-05-27 18:00:00
52,technician,married,unknown,no,133,yes,no,unknown,7,may,253,8,-1,0,unknown,no,2024-05-27 19:00:00
26,technician,single,secondary,no,84,yes,no,cellular,29,jul,70,3,-1,0,unknown,no,2024-05-27 20:00:00
28,blue-collar,married,primary,yes,-124,yes,no,cellular,21,jul,116,3,-1,0,unknown,no,2024-05-27 21:00:00
55,unemployed,divorced,primary,no,-53,no,no,telephone,3,feb,225,4,6,3,other,no,2024-05-27 22:00:00
40,services,married,secondary,no,0,yes,yes,cellular,2,feb,226,2,-1,0,unknown,no,2024-05-27 23:00:00
26,student,married,tertiary,no,8750,no,no,cellular,26,mar,98,2,-1,0,unknown,no,2024-05-28 00:00:00
59,entrepreneur,married,tertiary,no,-23,no,yes,cellular,20,aug,195,7,-1,0,unknown,no,2024-05-28 01:00:00
39,management,married,tertiary,no,1112,no,no,cellular,6,aug,232,2,-1,0,unknown,no,2024-05-28 02:00:00
71,retired,divorced,tertiary,yes,1236,yes,no,cellular,14,sep,335,4,-1,0,unknown,yes,2024-05-28 03:00:00
30,self-employed,single,tertiary,no,166,no,no,cellular,30,jul,151,4,-1,0,unknown,no,2024-05-28 04:00:00
52,blue-collar,married,secondary,no,-194,yes,no,cellular,18,may,326,1,-1,0,unknown,no,2024-05-28 05:00:00
42,technician,married,secondary,no,994,yes,no,cellular,25,may,365,5,-1,0,unknown,no,2024-05-28 06:00:00
44,blue-collar,divorced,primary,yes,-119,yes,no,unknown,2,jun,132,5,-1,0,unknown,no,2024-05-28 07:00:00
54,blue-collar,married,primary,no,244,yes,no,cellular,29,jul,337,2,-1,0,unknown,no,2024-05-28 08:00:00
23,blue-collar,single,secondary,no,27,yes,no,unknown,2,jun,280,2,-1,0,unknown,no,2024-05-28 09:00:00
55,retired,divorced,secondary,no,2204,no,no,cellular,3,jun,213,1,-1,0,unknown,no,2024-05-28 10:00:00
34,entrepreneur,married,tertiary,no,475,yes,yes,cellular,9,jul,1156,1,-1,0,unknown,no,2024-05-28 11:00:00
51,management,married,secondary,no,873,no,no,cellular,29,jan,273,1,-1,0,unknown,no,2024-05-28 12:00:00
52,admin.,married,secondary,no,70,yes,no,unknown,3,jun,68,2,-1,0,unknown,no,2024-05-28 13:00:00
42,management,married,tertiary,no,-1613,yes,no,unknown,20,jun,9,18,-1,0,unknown,no,2024-05-28 14:00:00
51,admin.,divorced,secondary,no,467,yes,no,unknown,19,may,83,1,-1,0,unknown,no,2024-05-28 15:00:00
48,admin.,married,secondary,no,344,no,no,cellular,30,apr,364,1,86,2,other,no,2024-05-28 16:00:00
30,management,married,tertiary,no,696,no,no,cellular,22,aug,187,4,-1,0,unknown,no,2024-05-28 17:00:00
34,services,single,secondary,no,34,yes,yes,unknown,29,may,333,3,-1,0,unknown,no,2024-05-28 18:00:00
26,unemployed,single,tertiary,no,23494,no,no,cellular,3,feb,136,1,-1,0,unknown,no,2024-05-28 19:00:00
35,management,married,tertiary,no,43,yes,no,cellular,20,apr,860,1,-1,0,unknown,yes,2024-05-28 20:00:00
24,student,single,primary,no,0,no,no,unknown,5,jun,25,26,-1,0,unknown,no,2024-05-28 21:00:00
44,management,married,secondary,no,991,no,no,cellular,2,feb,194,1,-1,0,unknown,no,2024-05-28 22:00:00
30,management,married,tertiary,no,1418,yes,yes,cellular,13,apr,185,2,-1,0,unknown,no,2024-05-28 23:00:00
44,management,divorced,tertiary,no,6486,no,no,cellular,30,jul,272,4,-1,0,unknown,no,2024-05-29 00:00:00
34,technician,married,secondary,no,0,yes,no,cellular,3,aug,261,1,470,2,failure,yes,2024-05-29 01:00:00
29,management,single,tertiary,no,1377,no,no,cellular,8,apr,548,2,-1,0,unknown,yes,2024-05-29 02:00:00
56,entrepreneur,divorced,tertiary,no,22946,no,no,unknown,17,jun,75,3,-1,0,unknown,no,2024-05-29 03:00:00
32,blue-collar,married,primary,no,5151,yes,yes,unknown,26,may,185,4,-1,0,unknown,no,2024-05-29 04:00:00
49,admin.,divorced,secondary,no,283,yes,no,unknown,26,may,614,2,-1,0,unknown,no,2024-05-29 05:00:00
32,admin.,married,tertiary,no,-421,yes,yes,unknown,28,may,101,2,-1,0,unknown,no,2024-05-29 06:00:00
35,technician,single,tertiary,no,0,yes,no,telephone,28,aug,46,2,-1,0,unknown,no,2024-05-29 07:00:00
44,blue-collar,married,primary,no,513,yes,no,cellular,6,may,338,4,-1,0,unknown,no,2024-05-29 08:00:00
34,management,married,tertiary,no,395,yes,no,cellular,19,nov,202,2,-1,0,unknown,no,2024-05-29 09:00:00
31,blue-collar,married,secondary,no,27,yes,yes,unknown,26,may,109,5,-1,0,unknown,no,2024-05-29 10:00:00
27,admin.,single,secondary,no,4590,yes,no,cellular,10,nov,131,4,89,3,failure,yes,2024-05-29 11:00:00
32,technician,married,tertiary,no,15,no,no,cellular,14,may,226,1,346,1,failure,no,2024-05-29 12:00:00
30,technician,single,secondary,no,656,no,yes,unknown,4,jul,523,1,-1,0,unknown,no,2024-05-29 13:00:00
33,technician,single,tertiary,no,764,no,no,cellular,6,aug,244,2,-1,0,unknown,no,2024-05-29 14:00:00
58,management,divorced,tertiary,no,0,no,no,cellular,17,nov,107,1,-1,0,unknown,no,2024-05-29 15:00:00
50,management,divorced,tertiary,no,405,no,no,cellular,2,apr,82,6,-1,0,unknown,no,2024-05-29 16:00:00
43,technician,married,tertiary,no,743,yes,no,unknown,7,may,134,2,-1,0,unknown,no,2024-05-29 17:00:00
26,management,single,tertiary,no,1004,yes,no,unknown,30,may,228,2,-1,0,unknown,yes,2024-05-29 18:00:00
48,housemaid,married,primary,no,332,yes,no,cellular,1,jun,262,1,-1,0,unknown,no,2024-05-29 19:00:00
36,student,single,secondary,no,3551,yes,no,telephone,15,may,134,9,-1,0,unknown,no,2024-05-29 20:00:00
55,technician,married,unknown,no,0,no,no,unknown,16,jun,153,1,-1,0,unknown,no,2024-05-29 21:00:00
36,admin.,married,secondary,no,234,yes,no,unknown,27,may,219,1,-1,0,unknown,no,2024-05-29 22:00:00
32,management,married,tertiary,no,1544,yes,no,cellular,7,may,265,1,-1,0,unknown,no,2024-05-29 23:00:00
35,self-employed,married,secondary,no,2762,yes,no,cellular,20,apr,682,3,154,1,other,no,2024-05-30 00:00:00
33,technician,married,secondary,no,1234,no,no,telephone,9,nov,61,1,-1,0,unknown,no,2024-05-30 01:00:00
32,blue-collar,married,primary,no,634,no,no,cellular,29,jan,696,1,-1,0,unknown,yes,2024-05-30 02:00:00
32,technician,single,tertiary,no,1246,yes,no,cellular,12,aug,68,1,104,3,success,no,2024-05-30 03:00:00
27,management,single,tertiary,no,1720,no,no,cellular,3,nov,284,2,273,1,failure,yes,2024-05-30 04:00:00
28,self-employed,single,tertiary,no,159,no,no,cellular,14,oct,246,2,420,2,other,yes,2024-05-30 05:00:00
28,management,single,tertiary,no,5474,no,no,cellular,28,jul,486,5,-1,0,unknown,yes,2024-05-30 06:00:00
39,admin.,single,tertiary,no,283,yes,no,cellular,18,nov,346,1,179,3,other,no,2024-05-30 07:00:00
45,management,divorced,tertiary,no,959,no,no,unknown,18,jun,74,1,-1,0,unknown,no,2024-05-30 08:00:00
55,admin.,married,secondary,no,602,no,no,cellular,1,jun,324,3,90,2,success,yes,2024-05-30 09:00:00
35,admin.,single,secondary,no,1810,yes,no,cellular,25,aug,52,2,92,2,failure,no,2024-05-30 10:00:00
34,technician,married,secondary,no,2,yes,no,cellular,25,aug,324,4,-1,0,unknown,no,2024-05-30 11:00:00
56,management,married,tertiary,no,4889,no,no,cellular,22,aug,705,4,-1,0,unknown,no,2024-05-30 12:00:00
41,unemployed,married,tertiary,no,1666,no,no,unknown,9,jun,291,3,-1,0,unknown,no,2024-05-30 13:00:00
31,unemployed,single,tertiary,no,133,yes,no,unknown,9,may,480,2,-1,0,unknown,no,2024-05-30 14:00:00
27,technician,single,secondary,no,471,yes,yes,cellular,24,jul,136,2,-1,0,unknown,no,2024-05-30 15:00:00
32,housemaid,married,tertiary,no,834,no,no,cellular,11,aug,144,2,-1,0,unknown,no,2024-05-30 16:00:00
32,management,married,tertiary,no,5878,no,no,cellular,19,aug,159,2,-1,0,unknown,no,2024-05-30 17:00:00
29,unemployed,single,tertiary,no,111,no,no,cellular,6,feb,98,2,-1,0,unknown,no,2024-05-30 18:00:00
29,admin.,divorced,secondary,no,883,no,yes,cellular,8,may,85,1,-1,0,unknown,no,2024-05-30 19:00:00
59,unemployed,married,primary,no,0,no,no,cellular,30,jan,3025,2,-1,0,unknown,no,2024-05-30 20:00:00
36,blue-collar,divorced,primary,no,0,no,no,cellular,14,may,543,2,-1,0,unknown,no,2024-05-30 21:00:00
31,student,single,tertiary,no,64,no,no,cellular,17,mar,181,2,183,3,failure,no,2024-05-30 22:00:00
41,management,married,tertiary,no,9,yes,no,cellular,22,jul,82,3,-1,0,unknown,no,2024-05-30 23:00:00
31,blue-collar,single,secondary,no,178,yes,no,cellular,15,may,415,1,360,5,failure,no,2024-05-31 00:00:00
34,blue-collar,married,secondary,no,187,yes,no,unknown,12,may,379,2,-1,0,unknown,no,2024-05-31 01:00:00
41,technician,married,secondary,no,112,yes,no,cellular,17,nov,1081,1,131,1,failure,no,2024-05-31 02:00:00
32,technician,divorced,secondary,no,0,yes,no,cellular,6,may,94,1,-1,0,unknown,no,2024-05-31 03:00:00
35,management,single,tertiary,no,1064,yes,no,cellular,6,feb,69,2,261,1,other,no,2024-05-31 04:00:00
28,technician,single,secondary,no,312,yes,no,unknown,6,may,392,1,-1,0,unknown,no,2024-05-31 05:00:00
27,services,single,secondary,no,1820,yes,no,cellular,17,jul,1027,1,-1,0,unknown,yes,2024-05-31 06:00:00
52,blue-collar,married,secondary,no,-17,yes,no,unknown,8,may,37,3,-1,0,unknown,no,2024-05-31 07:00:00
48,technician,married,secondary,no,101,yes,no,cellular,21,jul,338,3,-1,0,unknown,no,2024-05-31 08:00:00
44,technician,married,secondary,no,0,yes,no,cellular,18,nov,205,1,-1,0,unknown,no,2024-05-31 09:00:00
55,services,divorced,primary,no,2923,yes,no,cellular,29,jan,94,1,259,2,failure,no,2024-05-31 10:00:00
34,services,married,secondary,no,1005,yes,no,cellular,15,jul,274,3,-1,0,unknown,no,2024-05-31 11:00:00
51,entrepreneur,married,tertiary,no,209,no,no,cellular,29,jul,112,2,-1,0,unknown,no,2024-05-31 12:00:00
53,management,married,secondary,no,66,no,yes,telephone,8,jul,141,1,-1,0,unknown,no,2024-05-31 13:00:00
37,blue-collar,married,secondary,no,0,no,no,unknown,27,may,33,6,-1,0,unknown,no,2024-05-31 14:00:00
41,technician,married,secondary,no,64,yes,yes,unknown,8,may,210,2,-1,0,unknown,no,2024-05-31 15:00:00
31,management,married,tertiary,no,1164,yes,yes,cellular,18,nov,141,2,123,3,failure,no,2024-05-31 16:00:00
38,management,married,unknown,no,1759,yes,no,unknown,6,may,440,1,-1,0,unknown,no,2024-05-31 17:00:00
31,entrepreneur,married,secondary,no,1539,yes,yes,cellular,20,nov,67,6,177,9,failure,no,2024-05-31 18:00:00
33,technician,married,secondary,no,1940,no,no,cellular,27,aug,46,10,-1,0,unknown,no,2024-05-31 19:00:00
47,blue-collar,single,primary,no,133,yes,no,cellular,14,may,285,1,330,3,other,no,2024-05-31 20:00:00
58,housemaid,married,primary,no,435,yes,no,telephone,28,jul,122,6,-1,0,unknown,no,2024-05-31 21:00:00
26,management,married,tertiary,no,5,yes,no,cellular,11,may,251,1,304,2,other,no,2024-05-31 22:00:00
39,entrepreneur,divorced,tertiary,no,966,yes,yes,cellular,20,nov,186,1,-1,0,unknown,no,2024-05-31 23:00:00
29,blue-collar,single,secondary,no,-20,no,yes,cellular,21,jul,574,1,-1,0,unknown,yes,2024-06-01 00:00:00
34,admin.,married,tertiary,no,142,yes,no,cellular,13,may,459,1,-1,0,unknown,yes,2024-06-01 01:00:00
57,retired,married,tertiary,no,1029,no,yes,cellular,8,jul,203,1,-1,0,unknown,no,2024-06-01 02:00:00
32,management,married,tertiary,yes,2,no,no,cellular,8,jul,82,1,-1,0,unknown,no,2024-06-01 03:00:00
45,housemaid,married,primary,no,317,yes,no,cellular,8,apr,325,2,-1,0,unknown,no,2024-06-01 04:00:00
33,self-employed,single,secondary,no,4,yes,no,cellular,19,nov,136,2,180,2,failure,no,2024-06-01 05:00:00
58,services,divorced,secondary,no,0,no,no,cellular,28,jan,250,2,-1,0,unknown,no,2024-06-01 06:00:00
58,entrepreneur,single,tertiary,no,229,yes,no,cellular,7,may,162,7,-1,0,unknown,no,2024-06-01 07:00:00
48,management,single,tertiary,no,505,no,no,cellular,26,aug,320,5,-1,0,unknown,no,2024-06-01 08:00:00
27,unknown,single,unknown,no,326,no,no,cellular,22,feb,326,1,-1,0,unknown,yes,2024-06-01 09:00:00
41,retired,divorced,primary,no,-233,yes,no,unknown,15,may,1156,2,-1,0,unknown,yes,2024-06-01 10:00:00
52,blue-collar,married,unknown,no,-4,no,no,unknown,26,may,336,3,-1,0,unknown,no,2024-06-01 11:00:00
31,admin.,single,tertiary,no,117,yes,no,cellular,25,may,77,1,-1,0,unknown,no,2024-06-01 12:00:00
37,entrepreneur,married,tertiary,no,1649,no,yes,cellular,1,jul,140,3,-1,0,unknown,yes,2024-06-01 13:00:00
56,technician,married,tertiary,no,73,no,no,cellular,21,aug,644,4,-1,0,unknown,yes,2024-06-01 14:00:00
32,blue-collar,single,secondary,no,106,yes,no,unknown,27,may,1224,8,-1,0,unknown,no,2024-06-01 15:00:00
35,technician,single,secondary,no,1693,yes,no,cellular,26,may,58,1,105,1,success,no,2024-06-01 16:00:00
44,services,single,secondary,no,106,no,no,unknown,12,jun,109,2,-1,0,unknown,no,2024-06-01 17:00:00
45,admin.,married,secondary,no,3006,no,no,cellular,29,apr,388,2,-1,0,unknown,yes,2024-06-01 18:00:00
42,admin.,single,secondary,no,283,yes,no,unknown,19,jun,446,1,-1,0,unknown,no,2024-06-01 19:00:00
39,blue-collar,married,secondary,no,750,yes,yes,cellular,9,jul,175,1,-1,0,unknown,no,2024-06-01 20:00:00
31,self-employed,married,tertiary,no,0,yes,no,cellular,22,jul,392,2,-1,0,unknown,no,2024-06-01 21:00:00
57,retired,married,tertiary,no,815,no,no,cellular,8,aug,385,2,-1,0,unknown,no,2024-06-01 22:00:00
50,admin.,divorced,secondary,no,124,yes,yes,cellular,14,may,367,2,289,19,failure,no,2024-06-01 23:00:00
24,student,single,primary,no,1235,no,no,cellular,14,jul,334,4,93,6,other,yes,2024-06-02 00:00:00
31,blue-collar,married,primary,no,55,yes,yes,cellular,17,apr,340,2,-1,0,unknown,no,2024-06-02 01:00:00
42,management,married,tertiary,no,8794,yes,no,unknown,29,may,166,3,-1,0,unknown,no,2024-06-02 02:00:00
32,admin.,single,tertiary,no,4041,no,no,cellular,7,aug,325,1,99,2,success,no,2024-06-02 03:00:00
32,admin.,single,secondary,no,197,no,no,cellular,28,jan,205,3,-1,0,unknown,no,2024-06-02 04:00:00
59,technician,married,secondary,no,0,no,no,cellular,29,aug,62,2,-1,0,unknown,no,2024-06-02 05:00:00
37,management,married,tertiary,no,569,yes,no,unknown,30,may,92,1,-1,0,unknown,no,2024-06-02 06:00:00
37,blue-collar,single,secondary,no,3111,yes,no,cellular,21,nov,9,3,185,2,failure,no,2024-06-02 07:00:00
35,management,married,tertiary,no,0,no,no,cellular,21,nov,240,1,-1,0,unknown,no,2024-06-02 08:00:00
46,admin.,divorced,secondary,no,1203,no,no,cellular,30,jul,227,8,-1,0,unknown,no,2024-06-02 09:00:00
33,services,married,secondary,no,740,no,yes,unknown,30,jun,266,3,-1,0,unknown,no,2024-06-02 10:00:00
32,technician,single,secondary,no,28,yes,no,cellular,18,nov,368,1,-1,0,unknown,no,2024-06-02 11:00:00
33,admin.,divorced,secondary,no,-331,yes,yes,cellular,11,may,186,2,350,3,failure,no,2024-06-02 12:00:00
54,technician,married,unknown,no,240,yes,no,cellular,29,oct,142,1,-1,0,unknown,yes,2024-06-02 13:00:00
43,blue-collar,married,secondary,no,388,yes,yes,cellular,6,may,644,1,355,2,failure,no,2024-06-02 14:00:00
32,student,single,unknown,no,640,no,no,cellular,17,jun,49,2,134,1,failure,no,2024-06-02 15:00:00
40,services,married,secondary,no,683,yes,no,cellular,2,feb,299,2,-1,0,unknown,no,2024-06-02 16:00:00
42,management,married,tertiary,no,843,no,yes,cellular,15,jul,226,3,-1,0,unknown,no,2024-06-02 17:00:00
37,technician,married,secondary,no,0,yes,no,unknown,23,may,412,6,-1,0,unknown,no,2024-06-02 18:00:00
24,unemployed,married,secondary,no,6,no,no,unknown,17,jun,21,1,-1,0,unknown,no,2024-06-02 19:00:00
34,services,married,secondary,no,889,yes,no,cellular,16,jul,417,7,-1,0,unknown,no,2024-06-02 20:00:00
41,admin.,married,secondary,no,3279,yes,no,unknown,29,may,186,1,-1,0,unknown,no,2024-06-02 21:00:00
51,admin.,married,secondary,no,50,no,no,cellular,26,aug,178,2,-1,0,unknown,no,2024-06-02 22:00:00
41,admin.,married,secondary,no,683,no,yes,cellular,20,nov,77,1,-1,0,unknown,no,2024-06-02 23:00:00
38,blue-collar,married,secondary,no,0,yes,no,unknown,20,may,90,1,-1,0,unknown,no,2024-06-03 00:00:00
34,admin.,married,secondary,no,79,yes,no,unknown,23,may,83,1,-1,0,unknown,no,2024-06-03 01:00:00
36,unknown,married,secondary,no,179,no,no,cellular,8,aug,14,8,-1,0,unknown,no,2024-06-03 02:00:00
30,blue-collar,divorced,primary,no,511,yes,no,cellular,20,nov,157,3,-1,0,unknown,no,2024-06-03 03:00:00
57,technician,married,secondary,no,589,yes,no,cellular,28,jan,198,1,244,1,other,no,2024-06-03 04:00:00
51,blue-collar,married,primary,no,201,yes,no,cellular,17,jul,582,2,-1,0,unknown,yes,2024-06-03 05:00:00
51,services,married,unknown,no,224,yes,no,unknown,29,may,52,3,-1,0,unknown,no,2024-06-03 06:00:00
54,technician,married,secondary,no,719,yes,no,cellular,2,feb,242,1,264,1,failure,no,2024-06-03 07:00:00
42,management,married,tertiary,no,1275,yes,yes,cellular,21,nov,925,5,-1,0,unknown,yes,2024-06-03 08:00:00
35,blue-collar,married,primary,no,0,yes,no,cellular,8,may,265,1,290,2,failure,no,2024-06-03 09:00:00
31,management,single,tertiary,no,0,no,no,cellular,26,aug,120,6,-1,0,unknown,no,2024-06-03 10:00:00
46,blue-collar,married,secondary,no,679,yes,no,unknown,19,may,723,1,-1,0,unknown,no,2024-06-03 11:00:00
54,admin.,divorced,unknown,no,0,no,no,cellular,14,jul,191,3,-1,0,unknown,no,2024-06-03 12:00:00
51,admin.,divorced,secondary,no,115,yes,yes,unknown,8,may,136,1,-1,0,unknown,no,2024-06-03 13:00:00
36,blue-collar,single,secondary,no,206,yes,no,cellular,5,may,17,6,-1,0,unknown,no,2024-06-03 14:00:00
49,unemployed,married,secondary,no,13818,no,no,cellular,21,nov,201,1,113,2,failure,no,2024-06-03 15:00:00
34,management,single,tertiary,no,747,no,no,cellular,31,aug,72,2,98,1,failure,no,2024-06-03 16:00:00
31,technician,married,secondary,no,54,no,no,cellular,20,nov,775,1,-1,0,unknown,no,2024-06-03 17:00:00
35,blue-collar,married,secondary,no,2200,yes,no,cellular,17,apr,14,1,-1,0,unknown,no,2024-06-03 18:00:00
40,retired,married,primary,no,630,yes,no,cellular,23,jul,177,2,-1,0,unknown,no,2024-06-03 19:00:00
42,management,married,tertiary,no,0,no,no,cellular,13,aug,325,2,-1,0,unknown,no,2024-06-03 20:00:00
36,blue-collar,married,primary,yes,-1168,yes,no,unknown,29,may,216,7,-1,0,unknown,no,2024-06-03 21:00:00
51,management,married,tertiary,no,0,no,no,cellular,22,aug,111,2,-1,0,unknown,no,2024-06-03 22:00:00
30,management,married,tertiary,no,1251,no,no,cellular,5,feb,11,5,-1,0,unknown,no,2024-06-03 23:00:00
42,services,married,primary,no,124,yes,no,cellular,2,feb,164,2,262,2,failure,no,2024-06-04 00:00:00
57,housemaid,married,primary,no,411,yes,no,unknown,27,may,104,3,-1,0,unknown,no,2024-06-04 01:00:00
38,admin.,single,secondary,no,1560,yes,no,cellular,18,may,9,2,178,3,failure,no,2024-06-04 02:00:00
41,management,single,tertiary,no,260,no,no,cellular,4,aug,149,1,-1,0,unknown,no,2024-06-04 03:00:00
49,management,married,tertiary,no,1304,yes,no,unknown,27,may,144,1,-1,0,unknown,no,2024-06-04 04:00:00
36,entrepreneur,married,tertiary,no,99,yes,yes,cellular,20,apr,393,3,-1,0,unknown,no,2024-06-04 05:00:00
28,admin.,single,secondary,no,144,no,yes,cellular,8,jul,136,1,-1,0,unknown,no,2024-06-04 06:00:00
61,retired,married,secondary,no,523,no,no,cellular,13,aug,211,3,183,4,success,yes,2024-06-04 07:00:00
48,unknown,married,secondary,no,438,no,no,cellular,28,jan,412,5,-1,0,unknown,no,2024-06-04 08:00:00
46,admin.,divorced,primary,no,1807,yes,no,cellular,11,may,62,3,339,2,failure,no,2024-06-04 09:00:00
32,admin.,married,secondary,no,752,yes,no,cellular,21,nov,82,4,191,1,failure,no,2024-06-04 10:00:00
34,blue-collar,married,secondary,no,1207,yes,no,unknown,21,may,905,1,-1,0,unknown,yes,2024-06-04 11:00:00
28,management,married,tertiary,no,13186,yes,no,unknown,27,may,466,2,-1,0,unknown,no,2024-06-04 12:00:00
26,entrepreneur,single,secondary,no,87,yes,no,cellular,24,jul,225,1,-1,0,unknown,no,2024-06-04 13:00:00
30,management,married,tertiary,no,1077,no,no,cellular,15,mar,151,1,96,1,failure,no,2024-06-04 14:00:00
53,technician,married,secondary,no,598,no,no,cellular,2,feb,340,3,264,2,failure,no,2024-06-04 15:00:00
55,blue-collar,married,primary,no,2171,no,no,unknown,5,jun,138,2,-1,0,unknown,no,2024-06-04 16:00:00
53,retired,married,secondary,no,340,yes,no,unknown,12,jun,138,1,-1,0,unknown,no,2024-06-04 17:00:00
34,admin.,married,secondary,no,645,yes,no,unknown,19,may,420,1,-1,0,unknown,no,2024-06-04 18:00:00
33,management,married,tertiary,no,0,no,no,cellular,29,aug,60,2,-1,0,unknown,no,2024-06-04 19:00:00
35,technician,divorced,tertiary,no,1242,yes,no,cellular,29,jan,141,1,245,3,failure,no,2024-06-04 20:00:00
58,blue-collar,single,secondary,no,119,yes,yes,cellular,12,may,985,1,-1,0,unknown,yes,2024-06-04 21:00:00
56,management,married,tertiary,no,-45,yes,no,unknown,30,may,116,6,-1,0,unknown,no,2024-06-04 22:00:00
30,self-employed,married,unknown,no,1712,no,no,cellular,23,jul,933,2,-1,0,unknown,no,2024-06-04 23:00:00
25,blue-collar,married,secondary,no,1782,yes,no,unknown,19,jun,549,1,-1,0,unknown,no,2024-06-05 00:00:00
57,admin.,married,secondary,no,7,yes,no,unknown,14,may,65,6,-1,0,unknown,no,2024-06-05 01:00:00
45,blue-collar,married,primary,no,2217,yes,no,unknown,15,may,126,1,-1,0,unknown,no,2024-06-05 02:00:00
46,management,married,tertiary,no,0,yes,no,cellular,14,jul,247,2,-1,0,unknown,no,2024-06-05 03:00:00
42,housemaid,married,primary,no,0,no,yes,unknown,5,jun,48,2,-1,0,unknown,no,2024-06-05 04:00:00
41,admin.,single,tertiary,no,982,no,no,cellular,23,jul,105,1,-1,0,unknown,no,2024-06-05 05:00:00
31,blue-collar,single,primary,no,5972,no,no,telephone,20,nov,59,1,-1,0,unknown,no,2024-06-05 06:00:00
50,technician,divorced,secondary,no,1591,no,no,cellular,4,aug,209,1,-1,0,unknown,no,2024-06-05 07:00:00
46,services,married,secondary,no,2202,yes,no,cellular,29,jan,83,2,-1,0,unknown,no,2024-06-05 08:00:00
49,technician,married,secondary,no,8689,no,no,cellular,21,nov,586,1,-1,0,unknown,no,2024-06-05 09:00:00
37,technician,single,secondary,no,363,yes,no,cellular,21,nov,39,4,182,3,failure,no,2024-06-05 10:00:00
42,blue-collar,single,secondary,no,1080,yes,yes,cellular,13,may,951,3,370,4,failure,yes,2024-06-05 11:00:00
35,management,married,unknown,no,1128,yes,no,unknown,4,jun,457,1,-1,0,unknown,no,2024-06-05 12:00:00
58,retired,divorced,primary,no,11,no,yes,cellular,10,jul,161,5,-1,0,unknown,no,2024-06-05 13:00:00
33,management,married,tertiary,no,752,yes,no,cellular,11,aug,104,4,-1,0,unknown,no,2024-06-05 14:00:00
27,technician,single,tertiary,no,0,yes,no,unknown,5,may,400,1,-1,0,unknown,no,2024-06-05 15:00:00
45,services,married,secondary,no,191,no,yes,unknown,6,jun,136,2,-1,0,unknown,no,2024-06-05 16:00:00
49,management,married,secondary,no,601,no,no,cellular,20,aug,278,6,-1,0,unknown,no,2024-06-05 17:00:00
50,technician,married,secondary,no,-584,no,no,cellular,20,aug,75,2,-1,0,unknown,no,2024-06-05 18:00:00
41,entrepreneur,married,tertiary,no,367,no,yes,cellular,9,feb,13,5,-1,0,unknown,no,2024-06-05 19:00:00
32,student,married,secondary,no,1694,yes,no,cellular,28,jan,929,1,-1,0,unknown,no,2024-06-05 20:00:00
50,admin.,married,secondary,no,-1415,no,no,cellular,19,aug,358,2,-1,0,unknown,no,2024-06-05 21:00:00
38,technician,divorced,tertiary,no,304,yes,no,cellular,20,apr,8,2,-1,0,unknown,no,2024-06-05 22:00:00
34,blue-collar,married,secondary,no,246,yes,no,cellular,22,jul,532,1,-1,0,unknown,no,2024-06-05 23:00:00
32,housemaid,married,secondary,no,156,no,yes,cellular,28,aug,82,4,-1,0,unknown,no,2024-06-06 00:00:00
39,technician,married,secondary,no,147,yes,no,cellular,6,may,151,2,-1,0,unknown,no,2024-06-06 01:00:00
36,blue-collar,married,secondary,no,1409,no,no,unknown,17,jun,235,2,-1,0,unknown,no,2024-06-06 02:00:00
51,blue-collar,divorced,primary,no,886,no,no,unknown,17,jun,167,1,-1,0,unknown,no,2024-06-06 03:00:00
44,admin.,married,secondary,no,345,yes,no,telephone,16,jul,208,8,-1,0,unknown,no,2024-06-06 04:00:00
46,self-employed,married,secondary,no,0,yes,yes,unknown,14,may,166,5,-1,0,unknown,no,2024-06-06 05:00:00
29,services,single,secondary,no,553,no,yes,cellular,28,jul,60,5,-1,0,unknown,no,2024-06-06 06:00:00
28,self-employed,single,secondary,no,131,yes,no,unknown,23,may,407,14,-1,0,unknown,no,2024-06-06 07:00:00
26,technician,single,secondary,no,831,no,yes,cellular,23,jul,84,13,-1,0,unknown,no,2024-06-06 08:00:00
30,technician,married,secondary,no,274,yes,yes,cellular,21,nov,105,5,102,2,failure,no,2024-06-06 09:00:00
43,admin.,married,secondary,no,6220,yes,no,unknown,2,jun,200,2,-1,0,unknown,no,2024-06-06 10:00:00
50,admin.,married,secondary,no,697,no,no,cellular,14,aug,118,4,-1,0,unknown,no,2024-06-06 11:00:00
31,entrepreneur,single,tertiary,no,46,yes,no,cellular,5,feb,90,1,-1,0,unknown,no,2024-06-06 12:00:00
41,blue-collar,married,secondary,no,97,no,yes,cellular,8,jul,212,2,-1,0,unknown,no,2024-06-06 13:00:00
28,admin.,married,tertiary,no,167,yes,yes,cellular,18,feb,126,2,-1,0,unknown,no,2024-06-06 14:00:00
32,student,single,secondary,no,1883,yes,no,unknown,23,may,57,1,-1,0,unknown,no,2024-06-06 15:00:00
38,blue-collar,married,secondary,no,35,yes,no,unknown,28,may,130,2,-1,0,unknown,no,2024-06-06 16:00:00
38,unemployed,single,secondary,no,2876,no,no,cellular,2,feb,245,2,-1,0,unknown,no,2024-06-06 17:00:00
59,admin.,married,secondary,no,2552,no,yes,cellular,5,aug,125,3,-1,0,unknown,no,2024-06-06 18:00:00
35,unknown,divorced,primary,no,3888,no,no,cellular,20,nov,207,5,178,5,failure,no,2024-06-06 19:00:00
72,admin.,married,primary,no,2321,no,no,cellular,14,sep,221,2,64,12,failure,yes,2024-06-06 20:00:00
35,management,single,tertiary,no,71,yes,no,unknown,21,may,836,12,-1,0,unknown,no,2024-06-06 21:00:00
50,management,married,tertiary,no,396,no,no,unknown,11,jun,62,2,-1,0,unknown,no,2024-06-06 22:00:00
28,technician,single,secondary,no,1405,yes,no,cellular,5,feb,605,3,-1,0,unknown,no,2024-06-06 23:00:00
29,student,single,secondary,no,1779,no,no,cellular,4,jun,400,1,-1,0,unknown,yes,2024-06-07 00:00:00
27,student,single,secondary,no,672,no,no,cellular,18,mar,236,2,-1,0,unknown,no,2024-06-07 01:00:00
47,technician,single,secondary,no,1101,yes,no,cellular,23,jul,957,3,-1,0,unknown,yes,2024-06-07 02:00:00
30,blue-collar,married,secondary,no,-166,yes,yes,unknown,13,may,255,5,-1,0,unknown,no,2024-06-07 03:00:00
56,entrepreneur,divorced,tertiary,no,2975,no,yes,cellular,30,jul,28,13,-1,0,unknown,no,2024-06-07 04:00:00
35,services,married,secondary,no,8412,no,no,unknown,9,jun,479,4,-1,0,unknown,no,2024-06-07 05:00:00
25,admin.,single,secondary,no,483,no,yes,cellular,3,feb,189,1,-1,0,unknown,yes,2024-06-07 06:00:00
56,management,married,primary,no,0,no,no,cellular,3,feb,996,1,-1,0,unknown,yes,2024-06-07 07:00:00
35,blue-collar,married,secondary,no,2432,yes,no,cellular,14,may,196,2,-1,0,unknown,no,2024-06-07 08:00:00
47,technician,married,secondary,no,-18,yes,no,telephone,21,jul,105,2,-1,0,unknown,no,2024-06-07 09:00:00
38,technician,married,tertiary,no,664,no,no,cellular,22,aug,242,2,-1,0,unknown,no,2024-06-07 10:00:00
28,management,married,tertiary,no,1480,yes,no,cellular,18,may,143,1,-1,0,unknown,no,2024-06-07 11:00:00
31,blue-collar,single,secondary,no,-159,no,yes,telephone,21,nov,49,1,-1,0,unknown,no,2024-06-07 12:00:00
26,student,single,secondary,no,480,no,no,cellular,30,apr,104,1,-1,0,unknown,no,2024-06-07 13:00:00
32,management,single,tertiary,no,974,yes,no,unknown,3,jun,228,1,-1,0,unknown,no,2024-06-07 14:00:00
31,blue-collar,single,secondary,no,1,no,yes,cellular,7,jul,174,1,-1,0,unknown,no,2024-06-07 15:00:00
55,management,married,tertiary,no,496,no,no,cellular,25,may,85,1,-1,0,unknown,no,2024-06-07 16:00:00
31,self-employed,single,tertiary,no,2589,no,no,cellular,21,nov,614,1,-1,0,unknown,yes,2024-06-07 17:00:00
54,admin.,married,primary,no,976,yes,no,unknown,3,jun,137,3,-1,0,unknown,no,2024-06-07 18:00:00
33,management,single,secondary,no,2955,yes,no,cellular,18,may,178,2,-1,0,unknown,no,2024-06-07 19:00:00
46,unemployed,married,secondary,no,926,no,no,cellular,7,jul,385,5,-1,0,unknown,yes,2024-06-07 20:00:00
35,technician,married,secondary,no,-195,no,no,cellular,31,jul,309,4,-1,0,unknown,no,2024-06-07 21:00:00
40,blue-collar,married,primary,no,919,yes,no,unknown,3,jun,327,2,-1,0,unknown,no,2024-06-07 22:00:00
43,blue-collar,married,primary,no,60,no,no,cellular,8,may,487,2,367,2,other,no,2024-06-07 23:00:00
31,management,single,tertiary,no,284,no,no,cellular,21,aug,45,4,-1,0,unknown,no,2024-06-08 00:00:00
44,services,single,secondary,no,0,yes,no,unknown,14,may,198,1,-1,0,unknown,no,2024-06-08 01:00:00
32,technician,single,tertiary,no,1454,yes,no,cellular,20,apr,190,1,335,1,other,no,2024-06-08 02:00:00
47,technician,married,secondary,no,417,yes,no,cellular,14,may,94,1,-1,0,unknown,no,2024-06-08 03:00:00
33,management,single,tertiary,no,718,yes,no,cellular,6,apr,122,1,98,2,success,yes,2024-06-08 04:00:00
49,services,single,secondary,no,6882,yes,no,cellular,6,may,482,2,-1,0,unknown,no,2024-06-08 05:00:00
36,management,single,tertiary,no,4123,no,no,cellular,11,aug,146,2,-1,0,unknown,no,2024-06-08 06:00:00
34,admin.,single,secondary,no,395,yes,no,cellular,11,may,150,2,364,8,failure,no,2024-06-08 07:00:00
47,unknown,married,unknown,no,677,no,no,cellular,7,aug,384,1,99,4,success,no,2024-06-08 08:00:00
64,retired,married,secondary,no,3189,no,no,telephone,15,jun,208,1,-1,0,unknown,yes,2024-06-08 09:00:00
39,blue-collar,married,primary,no,643,no,yes,cellular,28,jul,24,14,-1,0,unknown,no,2024-06-08 10:00:00
50,blue-collar,married,primary,no,334,no,no,cellular,27,aug,79,3,-1,0,unknown,no,2024-06-08 11:00:00
23,services,married,secondary,no,0,yes,yes,unknown,26,may,90,5,-1,0,unknown,no,2024-06-08 12:00:00
80,retired,married,primary,no,155,no,no,telephone,4,may,209,1,53,3,success,yes,2024-06-08 13:00:00
38,blue-collar,married,secondary,no,1027,yes,no,cellular,15,may,12,5,-1,0,unknown,no,2024-06-08 14:00:00
25,technician,single,secondary,no,1847,no,no,cellular,26,may,137,2,-1,0,unknown,no,2024-06-08 15:00:00
34,entrepreneur,married,tertiary,no,1076,yes,no,cellular,4,may,1121,3,88,10,success,no,2024-06-08 16:00:00
37,housemaid,married,secondary,no,167,yes,no,cellular,21,jul,225,3,-1,0,unknown,no,2024-06-08 17:00:00
55,unemployed,married,primary,no,1221,no,yes,cellular,8,jul,108,1,-1,0,unknown,no,2024-06-08 18:00:00
42,blue-collar,married,secondary,no,505,yes,no,cellular,15,may,117,1,-1,0,unknown,no,2024-06-08 19:00:00
55,services,single,secondary,no,987,no,no,cellular,18,aug,63,4,-1,0,unknown,no,2024-06-08 20:00:00
38,technician,married,secondary,no,750,yes,no,unknown,27,may,265,2,-1,0,unknown,no,2024-06-08 21:00:00
31,management,married,tertiary,no,3160,yes,no,cellular,26,apr,688,2,-1,0,unknown,yes,2024-06-08 22:00:00
28,management,single,tertiary,no,233,no,no,telephone,2,feb,51,2,-1,0,unknown,no,2024-06-08 23:00:00
38,blue-collar,married,primary,no,4592,yes,no,cellular,12,may,360,1,-1,0,unknown,no,2024-06-09 00:00:00
39,management,married,secondary,no,13578,yes,no,cellular,21,nov,185,2,-1,0,unknown,no,2024-06-09 01:00:00
55,housemaid,married,primary,no,0,yes,no,cellular,17,jul,1303,2,-1,0,unknown,yes,2024-06-09 02:00:00
50,admin.,divorced,secondary,no,237,no,yes,telephone,5,nov,169,1,-1,0,unknown,yes,2024-06-09 03:00:00
59,self-employed,married,tertiary,no,2013,no,no,cellular,19,feb,222,4,94,2,success,yes,2024-06-09 04:00:00
33,unemployed,single,tertiary,no,6748,no,no,cellular,14,aug,1579,2,-1,0,unknown,yes,2024-06-09 05:00:00
47,management,married,tertiary,no,1649,yes,no,cellular,5,may,217,2,-1,0,unknown,no,2024-06-09 06:00:00
53,technician,married,secondary,no,1982,yes,yes,cellular,27,nov,160,1,-1,0,unknown,yes,2024-06-09 07:00:00
54,self-employed,married,secondary,no,534,yes,no,cellular,2,feb,165,1,188,4,failure,no,2024-06-09 08:00:00
25,admin.,single,secondary,no,96,no,no,unknown,26,may,293,1,-1,0,unknown,no,2024-06-09 09:00:00
36,unemployed,single,secondary,no,244,yes,no,unknown,4,jun,702,2,-1,0,unknown,no,2024-06-09 10:00:00
48,technician,married,secondary,no,1981,yes,no,cellular,16,mar,291,3,238,2,success,no,2024-06-09 11:00:00
52,management,divorced,secondary,no,944,no,yes,unknown,9,jun,119,1,-1,0,unknown,no,2024-06-09 12:00:00
36,blue-collar,married,secondary,no,801,yes,yes,cellular,18,nov,250,2,-1,0,unknown,no,2024-06-09 13:00:00
43,blue-collar,single,tertiary,no,1344,yes,no,cellular,14,jul,74,2,-1,0,unknown,no,2024-06-09 14:00:00
37,blue-collar,married,secondary,no,3884,yes,no,cellular,20,apr,28,5,-1,0,unknown,no,2024-06-09 15:00:00
34,management,married,tertiary,no,1725,yes,yes,cellular,28,jul,164,7,-1,0,unknown,no,2024-06-09 16:00:00
52,technician,married,secondary,no,192,yes,no,cellular,23,jul,61,2,-1,0,unknown,no,2024-06-09 17:00:00
33,management,single,tertiary,no,224,no,no,cellular,8,mar,241,2,-1,0,unknown,yes,2024-06-09 18:00:00
43,technician,married,secondary,no,297,yes,no,cellular,14,oct,119,3,-1,0,unknown,no,2024-06-09 19:00:00
55,unknown,married,secondary,no,1157,no,no,cellular,12,jul,289,1,412,2,failure,no,2024-06-09 20:00:00
53,services,married,secondary,no,1194,no,no,telephone,30,jul,166,4,-1,0,unknown,no,2024-06-09 21:00:00
26,technician,single,tertiary,no,172,no,yes,telephone,4,nov,21,1,140,4,other,no,2024-06-09 22:00:00
48,management,single,tertiary,no,191,yes,no,cellular,17,apr,222,1,326,1,failure,no,2024-06-09 23:00:00
51,blue-collar,married,primary,no,19,no,no,cellular,26,aug,26,10,-1,0,unknown,no,2024-06-10 00:00:00
37,management,single,tertiary,no,6158,yes,no,cellular,21,nov,14,9,-1,0,unknown,no,2024-06-10 01:00:00
35,entrepreneur,divorced,secondary,no,80,no,no,cellular,20,aug,67,5,-1,0,unknown,no,2024-06-10 02:00:00
33,services,single,secondary,no,133,no,no,cellular,14,jan,305,2,274,1,success,yes,2024-06-10 03:00:00
51,blue-collar,married,secondary,no,4787,yes,no,cellular,7,apr,895,1,-1,0,unknown,yes,2024-06-10 04:00:00
41,services,married,secondary,no,471,yes,no,cellular,13,may,954,2,293,4,success,yes,2024-06-10 05:00:00
33,admin.,single,tertiary,no,701,yes,no,cellular,18,may,59,2,-1,0,unknown,no,2024-06-10 06:00:00
50,services,married,secondary,no,5699,yes,no,unknown,5,may,381,2,-1,0,unknown,no,2024-06-10 07:00:00
34,blue-collar,single,secondary,no,152,yes,no,cellular,23,jul,112,1,-1,0,unknown,no,2024-06-10 08:00:00
32,blue-collar,single,secondary,no,5252,yes,no,cellular,20,nov,232,2,183,2,failure,no,2024-06-10 09:00:00
60,retired,married,primary,no,949,no,yes,telephone,18,jul,239,2,-1,0,unknown,no,2024-06-10 10:00:00
35,management,single,tertiary,no,6781,yes,no,cellular,15,may,19,6,-1,0,unknown,no,2024-06-10 11:00:00
29,admin.,married,secondary,no,2,yes,no,cellular,6,may,339,1,362,1,failure,no,2024-06-10 12:00:00
38,management,married,tertiary,no,8,yes,no,cellular,15,may,17,8,-1,0,unknown,no,2024-06-10 13:00:00
34,technician,married,secondary,no,114,yes,yes,cellular,4,jun,153,1,309,3,other,no,2024-06-10 14:00:00
36,admin.,married,tertiary,no,3221,no,no,cellular,4,may,322,11,-1,0,unknown,yes,2024-06-10 15:00:00
31,management,single,tertiary,no,0,yes,no,cellular,7,may,45,1,22,2,failure,no,2024-06-10 16:00:00
30,technician,single,secondary,no,3286,yes,no,cellular,9,apr,743,1,-1,0,unknown,yes,2024-06-10 17:00:00
41,management,single,tertiary,no,416,yes,no,cellular,12,aug,1476,2,-1,0,unknown,no,2024-06-10 18:00:00
30,technician,single,secondary,no,2153,no,no,telephone,20,nov,29,1,-1,0,unknown,no,2024-06-10 19:00:00
35,management,single,secondary,no,5260,yes,no,cellular,18,nov,59,1,182,2,failure,no,2024-06-10 20:00:00
30,student,single,secondary,no,3096,no,no,cellular,2,aug,226,3,188,1,failure,no,2024-06-10 21:00:00
40,management,married,tertiary,no,4539,no,no,cellular,13,jul,256,3,439,1,failure,yes,2024-06-10 22:00:00
30,management,married,tertiary,no,732,yes,no,unknown,2,jun,231,1,-1,0,unknown,no,2024-06-10 23:00:00
35,management,married,tertiary,no,5367,no,no,cellular,2,jun,80,1,92,1,failure,no,2024-06-11 00:00:00
32,management,married,tertiary,no,1683,yes,yes,cellular,20,apr,72,2,-1,0,unknown,no,2024-06-11 01:00:00
56,housemaid,divorced,primary,no,864,no,no,telephone,17,jul,46,6,-1,0,unknown,no,2024-06-11 02:00:00
95,retired,divorced,primary,no,2282,no,no,telephone,21,apr,207,17,-1,0,unknown,yes,2024-06-11 03:00:00
29,management,single,tertiary,no,3357,no,no,cellular,21,jul,120,3,-1,0,unknown,no,2024-06-11 04:00:00
27,services,single,tertiary,no,5883,yes,no,unknown,28,may,325,2,-1,0,unknown,no,2024-06-11 05:00:00
32,technician,divorced,tertiary,no,3628,no,no,cellular,18,aug,130,2,-1,0,unknown,no,2024-06-11 06:00:00
34,technician,married,secondary,no,-126,yes,no,cellular,17,apr,292,2,-1,0,unknown,no,2024-06-11 07:00:00
18,student,single,primary,no,608,no,no,cellular,12,aug,267,1,-1,0,unknown,yes,2024-06-11 08:00:00
71,retired,married,tertiary,no,4388,no,no,cellular,8,jul,896,2,-1,0,unknown,yes,2024-06-11 09:00:00
37,admin.,married,unknown,no,497,yes,no,telephone,19,nov,178,2,-1,0,unknown,no,2024-06-11 10:00:00
46,blue-collar,married,secondary,no,0,yes,no,unknown,5,jun,83,2,-1,0,unknown,no,2024-06-11 11:00:00
32,management,single,tertiary,no,112,yes,no,cellular,5,may,118,1,-1,0,unknown,no,2024-06-11 12:00:00
25,technician,single,tertiary,no,800,yes,no,unknown,13,may,151,4,-1,0,unknown,no,2024-06-11 13:00:00
26,admin.,married,secondary,no,3160,yes,no,unknown,27,may,154,1,-1,0,unknown,no,2024-06-11 14:00:00
37,entrepreneur,married,tertiary,no,836,yes,no,unknown,27,may,129,2,-1,0,unknown,no,2024-06-11 15:00:00
30,technician,married,secondary,no,398,yes,no,cellular,17,apr,132,2,238,2,failure,no,2024-06-11 16:00:00
60,retired,married,secondary,no,2674,no,no,cellular,14,jul,96,2,-1,0,unknown,no,2024-06-11 17:00:00
35,management,married,tertiary,no,300,yes,no,cellular,15,jul,555,2,-1,0,unknown,no,2024-06-11 18:00:00
53,management,divorced,secondary,no,28,yes,no,cellular,6,may,135,2,289,1,failure,no,2024-06-11 19:00:00
26,technician,single,tertiary,no,813,yes,no,unknown,29,may,140,3,-1,0,unknown,no,2024-06-11 20:00:00
47,unknown,married,unknown,no,497,no,no,cellular,19,aug,135,3,-1,0,unknown,no,2024-06-11 21:00:00
21,blue-collar,single,secondary,no,164,no,no,cellular,26,may,260,1,-1,0,unknown,no,2024-06-11 22:00:00
33,technician,single,secondary,no,2660,yes,no,unknown,21,may,121,1,-1,0,unknown,no,2024-06-11 23:00:00
36,services,divorced,secondary,no,532,yes,no,cellular,29,jan,391,1,241,1,failure,no,2024-06-12 00:00:00
50,management,married,tertiary,no,6739,yes,no,cellular,14,jul,68,3,-1,0,unknown,no,2024-06-12 01:00:00
33,entrepreneur,married,tertiary,no,2179,yes,yes,cellular,7,may,217,1,167,2,other,no,2024-06-12 02:00:00
37,management,divorced,secondary,no,1448,yes,no,cellular,20,apr,196,2,283,2,failure,no,2024-06-12 03:00:00
45,blue-collar,married,secondary,no,120,yes,yes,unknown,15,may,53,3,-1,0,unknown,no,2024-06-12 04:00:00
44,services,single,secondary,no,492,yes,no,cellular,12,may,56,1,361,2,other,no,2024-06-12 05:00:00
30,management,married,tertiary,no,1195,no,no,cellular,18,jul,146,2,-1,0,unknown,no,2024-06-12 06:00:00
33,management,married,tertiary,no,1165,yes,no,unknown,4,jun,462,2,-1,0,unknown,no,2024-06-12 07:00:00
37,technician,single,tertiary,no,160,no,no,cellular,29,aug,204,2,-1,0,unknown,no,2024-06-12 08:00:00
38,technician,single,tertiary,no,5122,yes,no,cellular,20,nov,370,1,184,1,failure,no,2024-06-12 09:00:00
32,management,single,tertiary,no,1781,no,no,cellular,8,apr,321,1,-1,0,unknown,yes,2024-06-12 10:00:00
60,management,married,tertiary,no,5041,no,no,cellular,4,may,8,7,181,1,success,no,2024-06-12 11:00:00
39,blue-collar,married,secondary,no,4777,yes,no,cellular,20,nov,103,1,-1,0,unknown,no,2024-06-12 12:00:00
27,admin.,married,secondary,no,953,yes,no,unknown,26,may,340,2,-1,0,unknown,no,2024-06-12 13:00:00
23,admin.,single,secondary,no,40,no,no,telephone,10,nov,1239,1,-1,0,unknown,no,2024-06-12 14:00:00
64,retired,married,tertiary,no,380,no,no,cellular,25,aug,479,1,-1,0,unknown,yes,2024-06-12 15:00:00
27,technician,single,secondary,no,0,no,no,cellular,31,jul,13,3,-1,0,unknown,no,2024-06-12 16:00:00
37,services,single,secondary,no,2657,yes,no,unknown,18,jun,295,1,-1,0,unknown,no,2024-06-12 17:00:00
33,technician,married,tertiary,no,525,yes,yes,unknown,28,may,139,1,-1,0,unknown,no,2024-06-12 18:00:00
47,self-employed,divorced,secondary,no,510,yes,no,cellular,11,may,299,3,-1,0,unknown,no,2024-06-12 19:00:00
70,retired,divorced,primary,no,4531,no,no,cellular,18,may,445,1,-1,0,unknown,no,2024-06-12 20:00:00
53,technician,married,secondary,no,137,no,yes,unknown,26,may,129,1,-1,0,unknown,no,2024-06-12 21:00:00
51,management,married,tertiary,no,3604,no,yes,telephone,8,jul,287,1,-1,0,unknown,no,2024-06-12 22:00:00
25,technician,single,secondary,no,1231,yes,no,cellular,27,feb,412,5,-1,0,unknown,yes,2024-06-12 23:00:00
28,student,single,tertiary,no,3054,no,no,cellular,30,apr,384,1,80,6,other,yes,2024-06-13 00:00:00
36,housemaid,married,secondary,no,399,yes,no,cellular,22,jul,139,1,-1,0,unknown,no,2024-06-13 01:00:00
46,management,married,tertiary,no,765,no,no,cellular,6,aug,71,2,-1,0,unknown,no,2024-06-13 02:00:00
28,management,single,tertiary,no,33,no,no,cellular,2,feb,271,7,-1,0,unknown,no,2024-06-13 03:00:00
40,blue-collar,married,primary,no,665,yes,no,cellular,5,feb,177,3,211,1,success,no,2024-06-13 04:00:00
59,retired,divorced,tertiary,no,1197,yes,no,unknown,9,jun,329,4,-1,0,unknown,no,2024-06-13 05:00:00
27,blue-collar,single,secondary,no,672,yes,no,unknown,23,may,164,1,-1,0,unknown,no,2024-06-13 06:00:00
35,management,married,tertiary,no,193,yes,no,cellular,17,apr,402,1,-1,0,unknown,no,2024-06-13 07:00:00
52,blue-collar,married,secondary,no,1500,no,yes,unknown,20,jun,109,3,-1,0,unknown,no,2024-06-13 08:00:00
56,management,married,primary,no,13,no,no,cellular,17,nov,240,1,-1,0,unknown,no,2024-06-13 09:00:00
47,blue-collar,married,secondary,no,8,no,no,unknown,9,may,64,4,-1,0,unknown,no,2024-06-13 10:00:00
33,technician,single,secondary,no,338,yes,no,cellular,29,jul,105,4,-1,0,unknown,no,2024-06-13 11:00:00
32,entrepreneur,single,primary,yes,-849,yes,yes,cellular,4,feb,204,1,-1,0,unknown,no,2024-06-13 12:00:00
42,technician,married,secondary,no,0,yes,no,unknown,14,may,833,1,-1,0,unknown,no,2024-06-13 13:00:00
51,blue-collar,married,primary,no,6343,yes,no,cellular,26,aug,28,20,-1,0,unknown,no,2024-06-13 14:00:00
37,technician,single,secondary,no,1435,no,no,cellular,18,aug,724,16,-1,0,unknown,yes,2024-06-13 15:00:00
30,management,single,tertiary,no,3967,yes,no,unknown,23,may,534,1,-1,0,unknown,no,2024-06-13 16:00:00
49,blue-collar,married,unknown,no,2635,no,no,cellular,7,aug,88,2,-1,0,unknown,no,2024-06-13 17:00:00
46,management,single,secondary,no,5993,no,no,cellular,25,mar,151,1,184,2,failure,no,2024-06-13 18:00:00
35,services,married,secondary,no,871,yes,no,unknown,1,jul,108,1,-1,0,unknown,no,2024-06-13 19:00:00
23,technician,single,tertiary,no,1129,yes,no,unknown,28,may,806,1,-1,0,unknown,yes,2024-06-13 20:00:00
36,management,married,tertiary,no,348,no,yes,cellular,22,jul,307,1,-1,0,unknown,no,2024-06-13 21:00:00
45,blue-collar,married,secondary,no,82,yes,no,unknown,6,may,250,1,-1,0,unknown,no,2024-06-13 22:00:00
35,blue-collar,married,primary,no,77,yes,no,unknown,26,may,282,3,-1,0,unknown,no,2024-06-13 23:00:00
40,blue-collar,married,primary,no,3705,yes,no,cellular,14,may,23,1,332,1,failure,no,2024-06-14 00:00:00
35,technician,married,secondary,no,-78,no,no,cellular,28,aug,102,13,-1,0,unknown,no,2024-06-14 01:00:00
32,admin.,single,secondary,no,1581,no,no,unknown,23,may,331,3,-1,0,unknown,no,2024-06-14 02:00:00
57,blue-collar,married,primary,no,8403,no,no,unknown,20,jun,11,11,-1,0,unknown,no,2024-06-14 03:00:00
23,blue-collar,single,secondary,no,105,yes,no,unknown,16,may,498,2,-1,0,unknown,no,2024-06-14 04:00:00
39,admin.,married,secondary,no,140,no,no,cellular,4,may,40,5,-1,0,unknown,no,2024-06-14 05:00:00
49,admin.,married,secondary,no,326,yes,no,unknown,7,may,99,2,-1,0,unknown,no,2024-06-14 06:00:00
34,technician,married,secondary,no,294,yes,no,cellular,8,jun,301,3,-1,0,unknown,yes,2024-06-14 07:00:00
32,technician,married,unknown,no,1879,no,no,unknown,19,may,115,1,-1,0,unknown,no,2024-06-14 08:00:00
49,services,married,secondary,no,413,yes,yes,cellular,29,aug,175,2,-1,0,unknown,no,2024-06-14 09:00:00
50,management,divorced,secondary,no,535,no,no,cellular,6,aug,102,2,-1,0,unknown,no,2024-06-14 10:00:00
28,entrepreneur,married,tertiary,no,59,no,no,cellular,3,feb,330,3,190,6,failure,no,2024-06-14 11:00:00
35,blue-collar,married,secondary,no,1160,no,yes,telephone,19,nov,62,1,-1,0,unknown,no,2024-06-14 12:00:00
37,services,single,secondary,no,54,yes,no,cellular,18,nov,328,2,131,1,failure,no,2024-06-14 13:00:00
26,self-employed,single,tertiary,no,168,no,no,cellular,30,apr,394,1,-1,0,unknown,yes,2024-06-14 14:00:00
58,housemaid,married,primary,no,2348,no,no,unknown,9,jun,226,1,-1,0,unknown,no,2024-06-14 15:00:00
30,admin.,single,secondary,no,1027,yes,no,cellular,27,may,136,2,114,1,success,no,2024-06-14 16:00:00
37,blue-collar,married,secondary,no,-100,yes,no,cellular,18,may,108,2,349,2,failure,no,2024-06-14 17:00:00
36,technician,divorced,secondary,no,664,yes,yes,cellular,30,jul,266,4,-1,0,unknown,no,2024-06-14 18:00:00
32,technician,single,secondary,no,6402,yes,no,cellular,20,nov,628,1,-1,0,unknown,yes,2024-06-14 19:00:00
32,blue-collar,married,secondary,no,298,yes,no,cellular,17,apr,163,2,323,7,failure,no,2024-06-14 20:00:00
46,technician,divorced,secondary,no,119,yes,no,unknown,27,may,106,1,-1,0,unknown,no,2024-06-14 21:00:00
37,services,married,secondary,no,-24,yes,no,unknown,27,may,147,1,-1,0,unknown,no,2024-06-14 22:00:00
47,technician,married,secondary,no,-3,no,yes,unknown,9,jul,197,1,-1,0,unknown,no,2024-06-14 23:00:00
36,technician,married,secondary,no,2394,no,no,cellular,14,aug,184,2,-1,0,unknown,no,2024-06-15 00:00:00
35,technician,single,secondary,no,5059,no,yes,cellular,7,aug,115,2,-1,0,unknown,no,2024-06-15 01:00:00
58,management,single,tertiary,no,21,no,no,telephone,28,aug,315,19,-1,0,unknown,no,2024-06-15 02:00:00
41,admin.,married,tertiary,no,1287,no,no,unknown,16,jun,286,1,-1,0,unknown,no,2024-06-15 03:00:00
45,technician,married,secondary,no,77,no,no,cellular,28,aug,90,1,-1,0,unknown,no,2024-06-15 04:00:00
34,admin.,divorced,secondary,no,145,no,no,cellular,8,jul,183,5,-1,0,unknown,no,2024-06-15 05:00:00
35,technician,divorced,secondary,no,103,yes,no,cellular,21,jul,304,1,-1,0,unknown,no,2024-06-15 06:00:00
30,technician,married,secondary,no,3875,yes,no,cellular,7,may,131,1,338,2,other,no,2024-06-15 07:00:00
34,technician,married,secondary,no,0,no,no,cellular,28,aug,183,10,-1,0,unknown,no,2024-06-15 08:00:00
45,technician,married,secondary,no,1629,no,no,cellular,18,aug,58,4,-1,0,unknown,no,2024-06-15 09:00:00
33,blue-collar,married,primary,no,2064,yes,no,cellular,31,jul,18,15,-1,0,unknown,no,2024-06-15 10:00:00
39,admin.,married,secondary,no,394,no,no,cellular,29,jul,551,2,-1,0,unknown,no,2024-06-15 11:00:00
54,blue-collar,married,secondary,no,1288,yes,no,unknown,14,may,170,1,-1,0,unknown,no,2024-06-15 12:00:00
39,entrepreneur,married,tertiary,yes,1,yes,yes,unknown,29,may,102,1,-1,0,unknown,no,2024-06-15 13:00:00
37,blue-collar,married,secondary,no,509,yes,no,cellular,20,apr,172,1,-1,0,unknown,no,2024-06-15 14:00:00
33,blue-collar,single,secondary,no,164,yes,no,unknown,14,may,461,1,-1,0,unknown,no,2024-06-15 15:00:00
35,technician,married,secondary,no,700,yes,no,unknown,23,may,240,2,-1,0,unknown,no,2024-06-15 16:00:00
42,management,single,tertiary,no,706,no,no,cellular,29,jan,132,2,-1,0,unknown,no,2024-06-15 17:00:00
57,blue-collar,married,secondary,no,668,no,no,telephone,17,nov,508,4,-1,0,unknown,no,2024-06-15 18:00:00
43,blue-collar,married,primary,no,3917,no,no,cellular,3,jun,725,2,93,1,success,yes,2024-06-15 19:00:00
38,blue-collar,married,primary,no,-854,yes,no,unknown,2,jun,194,4,-1,0,unknown,no,2024-06-15 20:00:00
35,blue-collar,married,primary,no,2878,yes,no,cellular,18,nov,140,2,-1,0,unknown,no,2024-06-15 21:00:00
32,technician,married,secondary,no,1840,yes,no,cellular,25,aug,99,13,-1,0,unknown,no,2024-06-15 22:00:00
35,blue-collar,married,secondary,no,86,no,no,cellular,19,nov,127,1,111,2,failure,no,2024-06-15 23:00:00
47,housemaid,married,secondary,no,0,yes,no,telephone,13,may,20,2,-1,0,unknown,no,2024-06-16 00:00:00
44,blue-collar,married,primary,no,622,yes,no,unknown,21,feb,66,1,-1,0,unknown,no,2024-06-16 01:00:00
50,blue-collar,divorced,primary,no,5,no,no,cellular,7,jul,118,1,-1,0,unknown,no,2024-06-16 02:00:00
55,technician,married,secondary,no,1205,yes,no,unknown,5,may,158,2,-1,0,unknown,no,2024-06-16 03:00:00
44,management,married,tertiary,no,7454,no,no,unknown,5,jun,243,1,-1,0,unknown,no,2024-06-16 04:00:00
32,blue-collar,married,primary,no,1261,yes,no,cellular,21,nov,104,1,182,1,failure,no,2024-06-16 05:00:00
47,technician,divorced,secondary,no,4135,yes,no,unknown,14,may,283,8,-1,0,unknown,no,2024-06-16 06:00:00
35,management,married,tertiary,no,802,yes,no,cellular,6,may,686,2,-1,0,unknown,yes,2024-06-16 07:00:00
27,management,single,tertiary,yes,-713,yes,no,unknown,4,jun,525,2,-1,0,unknown,yes,2024-06-16 08:00:00
38,technician,married,secondary,no,7696,yes,no,cellular,20,nov,386,2,-1,0,unknown,no,2024-06-16 09:00:00
32,management,single,tertiary,no,312,no,no,cellular,17,feb,232,2,-1,0,unknown,yes,2024-06-16 10:00:00
66,management,single,tertiary,no,6483,no,no,cellular,13,aug,275,1,-1,0,unknown,no,2024-06-16 11:00:00
28,blue-collar,single,secondary,no,2909,no,no,cellular,6,feb,205,7,-1,0,unknown,no,2024-06-16 12:00:00
38,blue-collar,divorced,primary,no,-258,yes,no,cellular,14,may,134,2,370,4,other,no,2024-06-16 13:00:00
48,technician,divorced,secondary,no,0,no,no,cellular,21,aug,76,4,-1,0,unknown,no,2024-06-16 14:00:00
25,blue-collar,single,secondary,no,189,no,yes,cellular,8,jul,687,2,-1,0,unknown,yes,2024-06-16 15:00:00
23,admin.,single,secondary,no,178,yes,no,unknown,16,may,107,1,-1,0,unknown,no,2024-06-16 16:00:00
40,management,divorced,tertiary,no,-319,yes,no,unknown,23,may,59,3,-1,0,unknown,no,2024-06-16 17:00:00
39,entrepreneur,married,secondary,no,0,no,no,cellular,21,nov,108,7,-1,0,unknown,no,2024-06-16 18:00:00
26,management,single,tertiary,no,1494,yes,no,cellular,6,may,477,2,-1,0,unknown,no,2024-06-16 19:00:00
62,technician,married,secondary,no,135,yes,no,telephone,16,nov,446,13,96,1,other,no,2024-06-16 20:00:00
25,admin.,single,secondary,no,82,no,yes,cellular,7,apr,104,2,-1,0,unknown,yes,2024-06-16 21:00:00
36,admin.,married,secondary,no,-118,yes,yes,unknown,23,may,263,2,-1,0,unknown,no,2024-06-16 22:00:00
52,management,married,unknown,no,672,no,yes,cellular,17,nov,171,1,-1,0,unknown,no,2024-06-16 23:00:00
53,housemaid,married,primary,no,5098,yes,no,unknown,6,jun,155,3,-1,0,unknown,no,2024-06-17 00:00:00
58,blue-collar,divorced,secondary,no,-11,no,no,unknown,6,may,112,1,-1,0,unknown,no,2024-06-17 01:00:00
27,technician,single,secondary,no,3933,no,no,cellular,28,jul,837,3,-1,0,unknown,yes,2024-06-17 02:00:00
21,blue-collar,single,secondary,no,820,yes,no,unknown,27,jun,302,2,-1,0,unknown,no,2024-06-17 03:00:00
38,management,married,tertiary,no,358,no,no,cellular,29,jan,151,2,-1,0,unknown,no,2024-06-17 04:00:00
45,self-employed,single,primary,no,112,no,no,unknown,20,jun,298,4,-1,0,unknown,no,2024-06-17 05:00:00
26,admin.,single,secondary,no,274,no,no,cellular,1,apr,351,3,-1,0,unknown,yes,2024-06-17 06:00:00
30,technician,single,unknown,no,-48,yes,no,unknown,6,may,152,2,-1,0,unknown,no,2024-06-17 07:00:00
37,technician,married,secondary,no,-403,yes,no,unknown,30,may,31,6,-1,0,unknown,no,2024-06-17 08:00:00
46,self-employed,married,tertiary,no,226,no,no,cellular,19,aug,561,3,-1,0,unknown,no,2024-06-17 09:00:00
40,technician,divorced,secondary,no,-163,yes,no,cellular,8,may,290,1,-1,0,unknown,no,2024-06-17 10:00:00
36,services,divorced,tertiary,no,58,yes,no,cellular,28,jul,29,13,-1,0,unknown,no,2024-06-17 11:00:00
36,blue-collar,divorced,secondary,no,221,yes,no,unknown,20,may,189,1,-1,0,unknown,no,2024-06-17 12:00:00
37,blue-collar,married,secondary,no,311,yes,no,unknown,4,jun,135,1,-1,0,unknown,no,2024-06-17 13:00:00
56,management,married,tertiary,no,67,no,yes,cellular,29,aug,88,2,-1,0,unknown,no,2024-06-17 14:00:00
24,admin.,single,secondary,no,120,yes,no,cellular,18,may,145,1,-1,0,unknown,no,2024-06-17 15:00:00
57,retired,married,tertiary,no,0,no,no,cellular,12,aug,116,4,-1,0,unknown,no,2024-06-17 16:00:00
44,blue-collar,married,primary,no,503,yes,no,unknown,7,may,629,2,-1,0,unknown,no,2024-06-17 17:00:00
59,management,married,tertiary,no,5397,no,no,cellular,23,jun,671,3,-1,0,unknown,yes,2024-06-17 18:00:00
26,blue-collar,single,primary,no,318,yes,no,unknown,8,may,101,1,-1,0,unknown,no,2024-06-17 19:00:00
46,management,divorced,tertiary,no,10469,yes,no,cellular,1,apr,202,2,-1,0,unknown,no,2024-06-17 20:00:00
39,technician,married,tertiary,no,-204,yes,no,cellular,28,aug,144,4,-1,0,unknown,no,2024-06-17 21:00:00
44,blue-collar,married,secondary,no,-99,yes,no,unknown,6,may,111,2,-1,0,unknown,no,2024-06-17 22:00:00
50,management,married,tertiary,no,29,no,yes,unknown,23,jul,104,1,-1,0,unknown,no,2024-06-17 23:00:00
45,housemaid,married,tertiary,no,143,no,no,unknown,18,jun,83,1,-1,0,unknown,no,2024-06-18 00:00:00
36,services,married,secondary,no,4721,no,no,cellular,9,mar,288,2,90,3,success,yes,2024-06-18 01:00:00
61,housemaid,married,tertiary,no,746,no,no,cellular,7,aug,108,4,-1,0,unknown,no,2024-06-18 02:00:00
32,technician,single,tertiary,no,4665,yes,no,unknown,21,may,860,2,-1,0,unknown,yes,2024-06-18 03:00:00
43,blue-collar,married,primary,no,1518,no,no,cellular,17,jun,94,6,-1,0,unknown,no,2024-06-18 04:00:00
32,management,married,tertiary,no,6138,no,no,cellular,3,sep,251,3,36,11,success,no,2024-06-18 05:00:00
57,housemaid,married,primary,no,780,no,no,cellular,26,mar,94,2,-1,0,unknown,no,2024-06-18 06:00:00
35,technician,single,secondary,no,4645,yes,no,cellular,11,jan,502,3,270,40,other,no,2024-06-18 07:00:00
52,technician,married,secondary,no,3431,no,no,cellular,25,aug,72,4,-1,0,unknown,no,2024-06-18 08:00:00
44,blue-collar,single,secondary,no,36,yes,no,unknown,8,may,712,1,-1,0,unknown,no,2024-06-18 09:00:00
32,management,single,tertiary,no,739,yes,no,cellular,2,feb,266,2,-1,0,unknown,no,2024-06-18 10:00:00
31,blue-collar,married,primary,no,54,yes,no,cellular,18,may,239,6,-1,0,unknown,no,2024-06-18 11:00:00
39,blue-collar,married,primary,no,1473,yes,no,unknown,19,jun,112,4,-1,0,unknown,no,2024-06-18 12:00:00
54,blue-collar,married,primary,no,2933,yes,no,unknown,15,may,144,2,-1,0,unknown,no,2024-06-18 13:00:00
48,management,divorced,tertiary,no,108,yes,no,unknown,27,may,89,2,-1,0,unknown,no,2024-06-18 14:00:00
31,services,divorced,primary,no,459,yes,no,cellular,7,may,623,1,293,1,success,yes,2024-06-18 15:00:00
35,management,married,tertiary,no,739,yes,no,telephone,12,may,13,7,172,4,other,no,2024-06-18 16:00:00
33,blue-collar,married,secondary,no,540,no,yes,cellular,13,may,88,2,-1,0,unknown,no,2024-06-18 17:00:00
52,entrepreneur,divorced,tertiary,no,3975,no,no,cellular,19,nov,116,5,-1,0,unknown,no,2024-06-18 18:00:00
44,unemployed,married,secondary,no,0,yes,no,cellular,17,nov,58,1,195,2,failure,no,2024-06-18 19:00:00
32,management,married,tertiary,no,11281,no,no,cellular,19,nov,155,1,-1,0,unknown,no,2024-06-18 20:00:00
53,management,married,tertiary,no,2327,no,no,cellular,8,aug,94,2,-1,0,unknown,no,2024-06-18 21:00:00
25,management,single,tertiary,no,10,no,no,cellular,11,jul,549,2,-1,0,unknown,no,2024-06-18 22:00:00
32,self-employed,married,secondary,no,329,yes,no,telephone,15,may,166,4,-1,0,unknown,no,2024-06-18 23:00:00
57,retired,married,primary,no,1238,yes,no,cellular,15,jul,274,1,-1,0,unknown,no,2024-06-19 00:00:00
29,blue-collar,married,secondary,no,314,yes,yes,cellular,17,apr,357,1,-1,0,unknown,no,2024-06-19 01:00:00
41,admin.,divorced,secondary,no,490,yes,no,cellular,4,aug,182,1,-1,0,unknown,no,2024-06-19 02:00:00
34,technician,single,secondary,no,-329,yes,no,unknown,27,may,280,1,-1,0,unknown,no,2024-06-19 03:00:00
49,technician,married,tertiary,no,523,yes,no,cellular,2,jun,712,1,60,3,failure,yes,2024-06-19 04:00:00
37,entrepreneur,married,primary,no,-204,yes,no,cellular,24,jul,467,1,-1,0,unknown,no,2024-06-19 05:00:00
40,unemployed,married,primary,no,69,no,yes,cellular,4,feb,171,1,-1,0,unknown,no,2024-06-19 06:00:00
34,management,married,tertiary,no,0,no,no,cellular,2,feb,327,1,-1,0,unknown,no,2024-06-19 07:00:00
28,technician,single,secondary,no,584,yes,no,cellular,13,may,354,1,370,2,failure,no,2024-06-19 08:00:00
29,self-employed,single,secondary,no,3672,yes,yes,unknown,28,may,1210,1,-1,0,unknown,no,2024-06-19 09:00:00
34,blue-collar,married,secondary,no,29,yes,no,cellular,15,may,285,5,-1,0,unknown,yes,2024-06-19 10:00:00
32,technician,married,secondary,no,5560,yes,yes,cellular,20,nov,330,3,-1,0,unknown,no,2024-06-19 11:00:00
42,admin.,married,secondary,no,105,no,no,unknown,11,jun,1159,4,-1,0,unknown,yes,2024-06-19 12:00:00
57,retired,divorced,secondary,no,39,yes,no,cellular,30,jul,354,3,-1,0,unknown,no,2024-06-19 13:00:00
35,blue-collar,married,primary,no,441,yes,no,unknown,14,may,8,1,-1,0,unknown,no,2024-06-19 14:00:00
60,technician,divorced,primary,no,-85,no,yes,telephone,8,jul,58,2,-1,0,unknown,no,2024-06-19 15:00:00
59,retired,divorced,secondary,no,0,no,no,unknown,20,jun,13,5,-1,0,unknown,no,2024-06-19 16:00:00
44,services,single,secondary,no,0,yes,no,unknown,14,may,179,1,-1,0,unknown,no,2024-06-19 17:00:00
35,technician,married,secondary,no,55,yes,no,unknown,9,may,79,4,-1,0,unknown,no,2024-06-19 18:00:00
38,technician,married,secondary,no,1828,no,no,unknown,16,jun,35,1,-1,0,unknown,no,2024-06-19 19:00:00
32,management,divorced,tertiary,no,1589,yes,no,unknown,30,may,422,9,-1,0,unknown,no,2024-06-19 20:00:00
30,services,single,secondary,no,1923,no,yes,cellular,29,jan,114,2,192,2,other,no,2024-06-19 21:00:00
38,entrepreneur,married,secondary,no,593,yes,yes,cellular,24,jul,1484,24,-1,0,unknown,yes,2024-06-19 22:00:00
50,management,married,tertiary,no,253,no,no,cellular,28,may,513,9,-1,0,unknown,yes,2024-06-19 23:00:00
34,management,single,tertiary,no,1190,no,no,cellular,3,feb,18,7,-1,0,unknown,no,2024-06-20 00:00:00
48,services,married,secondary,no,300,no,yes,cellular,16,jul,52,8,-1,0,unknown,no,2024-06-20 01:00:00
35,technician,single,tertiary,no,756,yes,no,unknown,16,jun,14,14,-1,0,unknown,no,2024-06-20 02:00:00
59,blue-collar,single,primary,no,96,yes,no,unknown,9,may,123,1,-1,0,unknown,no,2024-06-20 03:00:00
28,unemployed,married,secondary,no,1,no,no,cellular,20,apr,128,1,-1,0,unknown,no,2024-06-20 04:00:00
33,housemaid,married,primary,no,580,no,no,cellular,6,aug,209,2,-1,0,unknown,no,2024-06-20 05:00:00
49,blue-collar,married,secondary,no,141,no,no,cellular,6,aug,275,1,-1,0,unknown,no,2024-06-20 06:00:00
36,technician,married,secondary,no,0,no,no,cellular,19,aug,120,6,-1,0,unknown,no,2024-06-20 07:00:00
39,blue-collar,married,secondary,no,462,yes,no,cellular,13,may,590,1,-1,0,unknown,yes,2024-06-20 08:00:00
36,admin.,married,secondary,no,898,no,no,cellular,15,jul,118,5,-1,0,unknown,no,2024-06-20 09:00:00
31,services,single,secondary,no,334,no,no,unknown,28,jun,54,1,-1,0,unknown,no,2024-06-20 10:00:00
43,housemaid,single,primary,no,103,no,no,unknown,17,jun,198,1,-1,0,unknown,no,2024-06-20 11:00:00
29,unemployed,single,secondary,no,875,no,no,cellular,2,feb,137,1,-1,0,unknown,no,2024-06-20 12:00:00
34,technician,single,secondary,no,6053,yes,no,unknown,19,jun,26,5,-1,0,unknown,no,2024-06-20 13:00:00
48,technician,married,secondary,no,425,yes,no,unknown,4,jun,357,4,-1,0,unknown,no,2024-06-20 14:00:00
49,unknown,married,primary,no,142,no,no,unknown,12,jun,90,3,-1,0,unknown,no,2024-06-20 15:00:00
56,management,divorced,tertiary,no,382,no,no,cellular,19,nov,117,2,-1,0,unknown,no,2024-06-20 16:00:00
43,management,married,tertiary,no,176,yes,no,cellular,5,may,253,2,286,1,failure,no,2024-06-20 17:00:00
41,self-employed,married,secondary,no,304,yes,no,unknown,12,may,1147,2,-1,0,unknown,no,2024-06-20 18:00:00
60,retired,divorced,primary,no,2516,no,no,telephone,4,feb,157,1,-1,0,unknown,no,2024-06-20 19:00:00
58,management,married,tertiary,no,172,no,no,cellular,19,aug,145,7,-1,0,unknown,no,2024-06-20 20:00:00
45,blue-collar,divorced,primary,no,1512,yes,no,cellular,9,feb,13,11,-1,0,unknown,no,2024-06-20 21:00:00
40,housemaid,married,secondary,no,949,no,no,cellular,8,aug,182,1,-1,0,unknown,no,2024-06-20 22:00:00
40,management,married,secondary,no,9047,yes,no,cellular,21,nov,527,1,95,2,other,no,2024-06-20 23:00:00
38,services,married,secondary,no,4582,yes,no,telephone,16,apr,193,1,314,4,other,no,2024-06-21 00:00:00
44,blue-collar,married,primary,no,0,yes,no,cellular,6,may,17,1,-1,0,unknown,no,2024-06-21 01:00:00
33,management,married,tertiary,no,530,yes,no,cellular,8,aug,94,2,-1,0,unknown,no,2024-06-21 02:00:00
39,admin.,married,secondary,no,7711,yes,no,cellular,8,jul,289,1,-1,0,unknown,no,2024-06-21 03:00:00
34,management,married,tertiary,no,1006,yes,no,cellular,19,nov,783,3,195,2,other,yes,2024-06-21 04:00:00
29,admin.,married,secondary,no,287,no,yes,cellular,11,jul,249,2,-1,0,unknown,no,2024-06-21 05:00:00
47,blue-collar,divorced,primary,no,1279,yes,no,cellular,6,feb,479,2,-1,0,unknown,no,2024-06-21 06:00:00
29,services,married,secondary,no,23,no,no,cellular,17,jul,57,4,-1,0,unknown,no,2024-06-21 07:00:00
42,technician,married,secondary,no,234,no,no,cellular,4,feb,765,2,-1,0,unknown,no,2024-06-21 08:00:00
32,blue-collar,single,secondary,no,1029,no,no,cellular,5,jul,175,4,-1,0,unknown,no,2024-06-21 09:00:00
33,blue-collar,divorced,primary,no,-53,yes,no,unknown,26,may,369,1,-1,0,unknown,no,2024-06-21 10:00:00
56,management,divorced,tertiary,no,659,no,yes,cellular,2,jun,56,1,-1,0,unknown,no,2024-06-21 11:00:00
33,technician,single,tertiary,no,2565,yes,no,cellular,13,may,128,2,-1,0,unknown,no,2024-06-21 12:00:00
41,technician,married,secondary,no,3275,yes,no,cellular,18,nov,121,1,168,1,other,no,2024-06-21 13:00:00
58,management,married,tertiary,no,1318,no,no,cellular,16,jul,184,1,179,5,failure,no,2024-06-21 14:00:00
30,admin.,married,secondary,no,1165,no,no,cellular,25,may,205,1,35,2,failure,no,2024-06-21 15:00:00
41,unknown,married,primary,no,526,no,no,unknown,26,may,151,3,-1,0,unknown,no,2024-06-21 16:00:00
65,retired,divorced,tertiary,no,0,no,no,cellular,28,aug,248,1,-1,0,unknown,no,2024-06-21 17:00:00
24,blue-collar,single,secondary,no,27,yes,no,cellular,6,may,404,1,338,2,failure,no,2024-06-21 18:00:00
36,technician,single,tertiary,no,268,no,no,cellular,29,aug,54,12,-1,0,unknown,no,2024-06-21 19:00:00
30,services,single,secondary,no,-271,yes,no,cellular,7,may,609,1,337,1,success,yes,2024-06-21 20:00:00
19,student,single,secondary,no,1803,no,no,cellular,10,mar,59,1,-1,0,unknown,no,2024-06-21 21:00:00
41,technician,married,secondary,no,349,no,yes,cellular,27,feb,48,1,-1,0,unknown,no,2024-06-21 22:00:00
48,services,married,secondary,no,260,no,no,cellular,12,aug,228,5,-1,0,unknown,no,2024-06-21 23:00:00
45,admin.,married,secondary,no,236,no,no,cellular,20,aug,703,2,-1,0,unknown,yes,2024-06-22 00:00:00
59,retired,married,secondary,no,1121,yes,no,cellular,15,jul,249,2,-1,0,unknown,no,2024-06-22 01:00:00
52,blue-collar,married,primary,no,584,yes,no,cellular,20,aug,76,18,-1,0,unknown,no,2024-06-22 02:00:00
28,management,single,tertiary,no,-386,yes,no,cellular,18,may,59,2,-1,0,unknown,no,2024-06-22 03:00:00
31,unemployed,single,secondary,no,-15,yes,no,cellular,12,may,278,2,370,3,other,no,2024-06-22 04:00:00
30,blue-collar,single,secondary,no,4749,no,no,cellular,6,aug,220,2,-1,0,unknown,no,2024-06-22 05:00:00
44,technician,married,secondary,no,135,yes,no,cellular,8,may,262,3,-1,0,unknown,no,2024-06-22 06:00:00
56,management,married,secondary,no,1928,no,no,cellular,16,mar,61,6,115,4,failure,no,2024-06-22 07:00:00
25,technician,single,secondary,no,218,no,yes,cellular,8,jul,272,1,-1,0,unknown,no,2024-06-22 08:00:00
32,technician,married,secondary,no,268,yes,yes,cellular,22,jul,102,5,-1,0,unknown,no,2024-06-22 09:00:00
32,blue-collar,married,secondary,no,20,yes,yes,unknown,8,may,117,3,-1,0,unknown,no,2024-06-22 10:00:00
40,management,married,tertiary,no,5,yes,no,cellular,18,nov,219,3,-1,0,unknown,no,2024-06-22 11:00:00
37,management,divorced,secondary,no,16,yes,no,unknown,30,may,638,1,-1,0,unknown,yes,2024-06-22 12:00:00
38,management,married,tertiary,no,14352,no,no,unknown,6,sep,8,1,-1,0,unknown,no,2024-06-22 13:00:00
36,blue-collar,married,secondary,no,959,yes,no,unknown,29,may,200,4,-1,0,unknown,no,2024-06-22 14:00:00
44,technician,single,unknown,no,1431,no,no,cellular,16,jul,199,2,-1,0,unknown,no,2024-06-22 15:00:00
27,management,single,tertiary,no,10,no,no,cellular,9,feb,17,3,-1,0,unknown,no,2024-06-22 16:00:00
31,management,married,tertiary,no,8279,no,no,cellular,6,aug,533,2,-1,0,unknown,no,2024-06-22 17:00:00
39,services,married,secondary,no,1179,no,no,cellular,25,may,284,1,-1,0,unknown,yes,2024-06-22 18:00:00
49,services,married,secondary,no,314,no,no,cellular,20,aug,30,2,-1,0,unknown,no,2024-06-22 19:00:00
36,admin.,married,secondary,no,670,yes,no,cellular,25,jul,126,3,-1,0,unknown,no,2024-06-22 20:00:00
25,technician,married,tertiary,no,914,yes,no,cellular,12,may,185,2,-1,0,unknown,no,2024-06-22 21:00:00
51,management,single,tertiary,no,2523,yes,no,cellular,16,apr,150,1,-1,0,unknown,no,2024-06-22 22:00:00
33,services,married,secondary,no,34,yes,yes,unknown,3,jun,161,1,-1,0,unknown,no,2024-06-22 23:00:00
52,technician,divorced,primary,no,1500,no,no,unknown,15,may,148,3,-1,0,unknown,no,2024-06-23 00:00:00
35,entrepreneur,divorced,secondary,no,-69,yes,no,unknown,5,may,300,1,-1,0,unknown,no,2024-06-23 01:00:00
52,admin.,married,secondary,no,31,yes,no,unknown,7,may,120,1,-1,0,unknown,no,2024-06-23 02:00:00
33,technician,married,secondary,no,118,yes,no,cellular,29,aug,103,2,-1,0,unknown,no,2024-06-23 03:00:00
25,management,single,tertiary,no,137,yes,no,cellular,24,jul,281,3,-1,0,unknown,no,2024-06-23 04:00:00
30,self-employed,single,secondary,no,5223,no,no,cellular,14,oct,404,2,-1,0,unknown,no,2024-06-23 05:00:00
35,unemployed,married,secondary,no,330,no,no,cellular,30,jan,645,4,-1,0,unknown,no,2024-06-23 06:00:00
26,admin.,married,tertiary,no,906,no,no,cellular,2,nov,109,1,160,1,success,no,2024-06-23 07:00:00
39,technician,divorced,secondary,no,454,no,no,cellular,11,aug,73,2,-1,0,unknown,no,2024-06-23 08:00:00
34,management,single,tertiary,no,29,yes,no,cellular,13,may,248,2,-1,0,unknown,no,2024-06-23 09:00:00
41,technician,single,tertiary,no,431,no,no,cellular,23,jul,196,1,88,5,failure,yes,2024-06-23 10:00:00
30,management,single,secondary,no,1090,yes,no,cellular,9,jul,65,1,-1,0,unknown,no,2024-06-23 11:00:00
46,management,married,tertiary,no,37378,yes,no,cellular,14,oct,146,1,518,1,failure,no,2024-06-23 12:00:00
33,entrepreneur,divorced,primary,no,596,no,yes,cellular,5,feb,308,1,213,1,other,no,2024-06-23 13:00:00
66,housemaid,married,primary,no,1230,no,no,cellular,17,dec,726,3,-1,0,unknown,yes,2024-06-23 14:00:00
44,blue-collar,married,secondary,no,1397,no,no,cellular,20,nov,326,1,-1,0,unknown,no,2024-06-23 15:00:00
41,management,married,primary,no,469,yes,yes,cellular,12,may,344,1,-1,0,unknown,no,2024-06-23 16:00:00
43,management,divorced,tertiary,no,20,no,no,cellular,6,apr,590,2,255,2,failure,no,2024-06-23 17:00:00
43,unemployed,married,secondary,no,511,yes,yes,telephone,5,feb,191,5,190,5,other,no,2024-06-23 18:00:00
27,student,single,tertiary,no,32,no,no,cellular,3,feb,239,1,-1,0,unknown,no,2024-06-23 19:00:00
31,admin.,married,secondary,no,799,yes,no,cellular,7,may,556,3,-1,0,unknown,no,2024-06-23 20:00:00
46,management,divorced,tertiary,no,743,no,no,unknown,5,jun,36,2,-1,0,unknown,no,2024-06-23 21:00:00
28,admin.,single,tertiary,no,336,no,no,cellular,26,may,135,1,-1,0,unknown,no,2024-06-23 22:00:00
39,management,married,tertiary,no,622,no,no,cellular,19,nov,145,1,-1,0,unknown,no,2024-06-23 23:00:00
52,management,married,tertiary,no,583,no,no,cellular,17,nov,209,1,91,2,failure,yes,2024-06-24 00:00:00
39,blue-collar,married,primary,no,4608,yes,no,unknown,16,jun,36,1,-1,0,unknown,no,2024-06-24 01:00:00
26,services,single,secondary,no,512,yes,yes,unknown,5,jun,75,3,-1,0,unknown,no,2024-06-24 02:00:00
45,blue-collar,married,secondary,no,577,yes,no,cellular,13,may,154,2,350,3,failure,no,2024-06-24 03:00:00
38,technician,married,tertiary,no,-255,yes,yes,cellular,24,jul,63,1,-1,0,unknown,no,2024-06-24 04:00:00
47,blue-collar,married,unknown,no,1044,yes,no,cellular,12,may,208,6,371,1,failure,no,2024-06-24 05:00:00
24,blue-collar,single,primary,no,758,yes,no,unknown,15,may,129,1,-1,0,unknown,no,2024-06-24 06:00:00
49,self-employed,married,tertiary,no,1791,no,no,cellular,25,sep,139,1,-1,0,unknown,no,2024-06-24 07:00:00
62,management,divorced,tertiary,no,1619,no,no,cellular,19,oct,534,1,-1,0,unknown,no,2024-06-24 08:00:00
32,blue-collar,single,primary,no,180,yes,no,cellular,13,may,804,1,-1,0,unknown,no,2024-06-24 09:00:00
29,management,married,tertiary,no,1387,yes,no,cellular,18,may,256,2,-1,0,unknown,yes,2024-06-24 10:00:00
59,technician,married,secondary,no,135,yes,yes,cellular,23,jul,416,4,-1,0,unknown,yes,2024-06-24 11:00:00
35,admin.,married,secondary,no,514,yes,no,cellular,25,may,56,1,185,1,other,no,2024-06-24 12:00:00
30,services,single,tertiary,no,21,no,no,unknown,5,oct,4,1,-1,0,unknown,no,2024-06-24 13:00:00
44,management,divorced,tertiary,no,-90,yes,no,cellular,21,jul,472,1,-1,0,unknown,no,2024-06-24 14:00:00
32,services,married,secondary,no,28,yes,no,cellular,13,may,88,1,370,1,failure,no,2024-06-24 15:00:00
56,admin.,single,secondary,no,2815,yes,no,cellular,11,sep,212,1,-1,0,unknown,yes,2024-06-24 16:00:00
30,management,single,tertiary,no,1243,yes,no,telephone,13,nov,86,1,174,1,failure,no,2024-06-24 17:00:00
68,retired,married,tertiary,no,2820,no,no,cellular,28,aug,109,2,-1,0,unknown,no,2024-06-24 18:00:00
44,blue-collar,married,secondary,no,508,yes,no,cellular,20,apr,222,1,154,1,failure,no,2024-06-24 19:00:00
51,blue-collar,divorced,secondary,no,581,yes,no,cellular,13,may,107,7,173,2,other,no,2024-06-24 20:00:00
33,self-employed,single,tertiary,no,1354,yes,no,cellular,20,nov,130,2,-1,0,unknown,no,2024-06-24 21:00:00
41,technician,divorced,secondary,no,258,no,no,cellular,13,aug,104,6,-1,0,unknown,no,2024-06-24 22:00:00
26,admin.,married,secondary,no,416,yes,yes,unknown,18,jun,172,2,-1,0,unknown,no,2024-06-24 23:00:00
40,blue-collar,single,secondary,no,1066,yes,no,unknown,21,may,171,1,-1,0,unknown,no,2024-06-25 00:00:00
38,technician,married,secondary,no,258,no,no,cellular,27,aug,181,4,-1,0,unknown,no,2024-06-25 01:00:00
46,admin.,married,secondary,no,1069,yes,no,unknown,8,may,45,2,-1,0,unknown,no,2024-06-25 02:00:00
39,blue-collar,married,primary,no,800,yes,no,cellular,19,nov,76,6,-1,0,unknown,no,2024-06-25 03:00:00
32,management,single,tertiary,no,0,no,no,cellular,5,feb,550,4,-1,0,unknown,yes,2024-06-25 04:00:00
61,retired,married,secondary,no,313,no,yes,unknown,3,jul,42,1,-1,0,unknown,no,2024-06-25 05:00:00
28,housemaid,single,primary,no,0,no,yes,cellular,29,jul,120,4,-1,0,unknown,no,2024-06-25 06:00:00
52,admin.,divorced,secondary,no,1426,no,no,cellular,17,jul,115,1,-1,0,unknown,no,2024-06-25 07:00:00
49,admin.,married,primary,no,169,yes,no,cellular,15,may,82,3,-1,0,unknown,no,2024-06-25 08:00:00
39,blue-collar,single,tertiary,no,263,yes,no,cellular,29,jan,160,1,199,6,failure,no,2024-06-25 09:00:00
42,self-employed,married,secondary,no,240,yes,no,cellular,4,feb,183,1,189,16,other,no,2024-06-25 10:00:00
43,housemaid,married,primary,no,685,no,no,cellular,28,aug,77,7,-1,0,unknown,no,2024-06-25 11:00:00
44,services,married,secondary,no,182,yes,yes,cellular,7,jul,209,4,-1,0,unknown,no,2024-06-25 12:00:00
50,management,married,secondary,yes,421,no,no,cellular,20,nov,22,5,-1,0,unknown,no,2024-06-25 13:00:00
30,management,single,tertiary,no,1077,no,no,cellular,18,aug,128,4,-1,0,unknown,no,2024-06-25 14:00:00
50,retired,married,tertiary,no,4,yes,yes,cellular,11,may,67,1,-1,0,unknown,no,2024-06-25 15:00:00
39,unemployed,married,primary,no,590,yes,no,cellular,4,feb,190,2,-1,0,unknown,no,2024-06-25 16:00:00
50,admin.,married,secondary,no,-221,no,yes,unknown,3,jul,90,1,-1,0,unknown,no,2024-06-25 17:00:00
41,technician,single,tertiary,no,1413,no,no,telephone,26,aug,81,5,-1,0,unknown,no,2024-06-25 18:00:00
57,technician,married,unknown,no,2610,no,no,telephone,3,feb,258,2,-1,0,unknown,no,2024-06-25 19:00:00
60,management,divorced,primary,no,38,yes,no,unknown,15,may,78,4,-1,0,unknown,no,2024-06-25 20:00:00
42,unemployed,married,secondary,no,135,yes,no,unknown,13,may,259,6,-1,0,unknown,no,2024-06-25 21:00:00
35,technician,single,tertiary,no,3552,no,no,cellular,21,nov,267,1,-1,0,unknown,no,2024-06-25 22:00:00
55,management,married,tertiary,no,4649,yes,no,cellular,19,nov,277,4,-1,0,unknown,no,2024-06-25 23:00:00
37,services,single,primary,no,0,no,yes,unknown,2,jul,372,1,-1,0,unknown,no,2024-06-26 00:00:00
59,management,married,tertiary,no,1881,no,no,cellular,19,nov,456,2,-1,0,unknown,no,2024-06-26 01:00:00
54,unemployed,married,tertiary,no,0,no,yes,unknown,3,jul,188,1,-1,0,unknown,no,2024-06-26 02:00:00
29,technician,married,secondary,no,1097,yes,no,unknown,2,jun,90,3,-1,0,unknown,no,2024-06-26 03:00:00
59,technician,married,secondary,no,2342,no,yes,telephone,23,jul,226,1,-1,0,unknown,no,2024-06-26 04:00:00
47,admin.,divorced,secondary,no,136,no,yes,cellular,23,jul,70,1,-1,0,unknown,no,2024-06-26 05:00:00
32,admin.,single,secondary,no,64,yes,no,unknown,7,may,202,2,-1,0,unknown,no,2024-06-26 06:00:00
54,admin.,married,secondary,no,0,yes,yes,cellular,23,jul,117,1,-1,0,unknown,no,2024-06-26 07:00:00
48,unemployed,married,secondary,no,855,yes,no,unknown,9,may,241,2,-1,0,unknown,no,2024-06-26 08:00:00
38,entrepreneur,married,secondary,no,868,no,no,cellular,20,nov,452,2,-1,0,unknown,no,2024-06-26 09:00:00
34,blue-collar,single,secondary,no,1923,no,no,cellular,11,aug,159,1,-1,0,unknown,no,2024-06-26 10:00:00
52,services,married,unknown,no,337,yes,no,unknown,19,may,85,3,-1,0,unknown,no,2024-06-26 11:00:00
31,management,married,tertiary,no,1812,no,no,cellular,4,nov,138,1,84,2,failure,no,2024-06-26 12:00:00
35,services,single,secondary,no,-639,yes,yes,cellular,13,may,427,1,-1,0,unknown,no,2024-06-26 13:00:00
34,unemployed,married,secondary,no,978,no,no,cellular,24,mar,132,1,-1,0,unknown,yes,2024-06-26 14:00:00
33,technician,divorced,secondary,no,3,no,no,cellular,4,feb,222,1,-1,0,unknown,no,2024-06-26 15:00:00
40,admin.,married,secondary,no,67,no,yes,cellular,19,nov,359,2,152,5,failure,no,2024-06-26 16:00:00
47,management,divorced,tertiary,no,6333,yes,no,telephone,19,nov,498,4,-1,0,unknown,no,2024-06-26 17:00:00
39,technician,married,secondary,no,462,no,no,cellular,27,aug,157,4,-1,0,unknown,no,2024-06-26 18:00:00
34,blue-collar,single,unknown,no,-90,yes,no,cellular,18,may,20,1,370,1,failure,no,2024-06-26 19:00:00
45,unemployed,divorced,secondary,no,-44,yes,no,cellular,7,jul,256,2,-1,0,unknown,no,2024-06-26 20:00:00
44,unemployed,married,tertiary,no,1151,yes,no,unknown,5,jun,127,2,-1,0,unknown,no,2024-06-26 21:00:00
31,management,married,tertiary,no,3154,no,no,cellular,21,nov,326,2,-1,0,unknown,no,2024-06-26 22:00:00
22,student,single,secondary,no,64,no,no,cellular,4,jun,112,1,-1,0,unknown,no,2024-06-26 23:00:00
34,management,single,tertiary,no,28,yes,no,cellular,14,may,175,1,358,2,failure,no,2024-06-27 00:00:00
59,admin.,married,unknown,no,64343,no,no,cellular,6,aug,45,4,-1,0,unknown,no,2024-06-27 01:00:00
29,services,married,secondary,no,417,yes,no,cellular,28,jul,234,11,-1,0,unknown,no,2024-06-27 02:00:00
39,admin.,single,secondary,no,223,no,no,cellular,4,feb,277,1,-1,0,unknown,no,2024-06-27 03:00:00
29,services,single,secondary,no,566,no,no,unknown,7,may,127,2,-1,0,unknown,no,2024-06-27 04:00:00
47,blue-collar,married,primary,no,4227,yes,no,cellular,13,may,659,1,-1,0,unknown,yes,2024-06-27 05:00:00
30,admin.,single,secondary,no,732,yes,no,cellular,28,jan,445,1,223,1,failure,no,2024-06-27 06:00:00
44,services,married,secondary,no,-63,no,no,unknown,6,jun,392,2,-1,0,unknown,no,2024-06-27 07:00:00
49,blue-collar,single,primary,no,3018,yes,no,unknown,15,may,93,1,-1,0,unknown,no,2024-06-27 08:00:00
27,blue-collar,married,primary,no,300,no,yes,cellular,22,jul,209,2,-1,0,unknown,no,2024-06-27 09:00:00
33,blue-collar,married,secondary,no,0,yes,no,cellular,19,nov,330,2,-1,0,unknown,no,2024-06-27 10:00:00
39,admin.,divorced,secondary,no,112,no,no,cellular,16,sep,574,3,-1,0,unknown,yes,2024-06-27 11:00:00
44,blue-collar,divorced,secondary,no,221,no,no,cellular,30,jul,149,13,-1,0,unknown,no,2024-06-27 12:00:00
36,self-employed,married,tertiary,no,7343,no,no,cellular,17,nov,78,1,-1,0,unknown,no,2024-06-27 13:00:00
38,admin.,single,secondary,no,569,yes,yes,cellular,2,feb,164,2,272,2,failure,no,2024-06-27 14:00:00
37,admin.,divorced,secondary,no,241,yes,yes,cellular,30,jul,55,25,-1,0,unknown,no,2024-06-27 15:00:00
32,blue-collar,married,secondary,no,1779,yes,no,cellular,13,may,191,1,342,2,failure,no,2024-06-27 16:00:00
31,management,married,tertiary,no,3739,no,no,cellular,11,aug,117,3,-1,0,unknown,no,2024-06-27 17:00:00
28,admin.,married,secondary,no,0,yes,yes,cellular,26,may,89,1,-1,0,unknown,no,2024-06-27 18:00:00
36,entrepreneur,single,secondary,no,67,no,no,cellular,7,aug,67,2,-1,0,unknown,no,2024-06-27 19:00:00
35,blue-collar,married,primary,no,-239,yes,no,unknown,26,may,281,1,-1,0,unknown,no,2024-06-27 20:00:00
30,management,married,tertiary,no,144,yes,no,cellular,25,aug,23,17,-1,0,unknown,no,2024-06-27 21:00:00
45,management,married,tertiary,no,3643,no,no,cellular,21,nov,162,1,-1,0,unknown,no,2024-06-27 22:00:00
32,services,married,secondary,no,1670,no,no,cellular,13,may,223,1,299,2,failure,no,2024-06-27 23:00:00
47,technician,married,tertiary,no,1127,no,no,cellular,11,aug,133,6,-1,0,unknown,no,2024-06-28 00:00:00
59,blue-collar,married,primary,no,699,no,no,cellular,27,aug,88,6,-1,0,unknown,no,2024-06-28 01:00:00
23,blue-collar,married,secondary,no,-295,yes,no,cellular,15,may,411,1,323,2,failure,no,2024-06-28 02:00:00
38,self-employed,married,tertiary,no,526,no,no,cellular,27,aug,86,11,-1,0,unknown,no,2024-06-28 03:00:00
32,blue-collar,married,secondary,no,-230,yes,no,cellular,14,jul,331,2,-1,0,unknown,no,2024-06-28 04:00:00
50,management,married,tertiary,no,5108,yes,no,cellular,18,dec,406,1,182,2,failure,yes,2024-06-28 05:00:00
30,admin.,divorced,secondary,no,419,no,no,cellular,3,sep,72,2,-1,0,unknown,no,2024-06-28 06:00:00
24,management,single,tertiary,no,66,yes,no,unknown,26,may,109,2,-1,0,unknown,no,2024-06-28 07:00:00
33,technician,married,tertiary,no,74,no,no,cellular,25,aug,116,4,-1,0,unknown,no,2024-06-28 08:00:00
58,blue-collar,married,primary,no,128,yes,no,telephone,30,jul,49,5,-1,0,unknown,no,2024-06-28 09:00:00
42,management,married,tertiary,no,0,no,no,cellular,6,aug,81,3,-1,0,unknown,no,2024-06-28 10:00:00
33,management,married,tertiary,no,0,no,no,cellular,20,aug,85,5,-1,0,unknown,no,2024-06-28 11:00:00
48,management,single,tertiary,no,-295,no,yes,cellular,28,jan,121,1,190,2,failure,no,2024-06-28 12:00:00
54,admin.,married,secondary,no,602,no,no,cellular,3,mar,143,2,-1,0,unknown,yes,2024-06-28 13:00:00
43,management,divorced,tertiary,no,1,yes,no,unknown,6,may,306,1,-1,0,unknown,no,2024-06-28 14:00:00
49,technician,divorced,secondary,no,305,no,no,cellular,24,jul,367,2,-1,0,unknown,yes,2024-06-28 15:00:00
33,management,single,tertiary,no,5145,yes,no,cellular,14,may,338,1,175,2,other,no,2024-06-28 16:00:00
29,unemployed,single,primary,no,1374,no,no,cellular,14,may,1205,2,178,7,success,yes,2024-06-28 17:00:00
39,blue-collar,married,secondary,no,7653,no,no,unknown,11,jun,165,2,-1,0,unknown,no,2024-06-28 18:00:00
26,technician,single,tertiary,no,170,yes,no,cellular,10,jul,486,1,-1,0,unknown,no,2024-06-28 19:00:00
46,management,married,tertiary,no,0,no,no,cellular,18,nov,716,2,110,3,other,yes,2024-06-28 20:00:00
58,admin.,married,secondary,no,5680,no,yes,cellular,18,nov,237,2,-1,0,unknown,no,2024-06-28 21:00:00
47,unemployed,married,secondary,no,3188,yes,no,cellular,3,feb,426,3,-1,0,unknown,no,2024-06-28 22:00:00
56,retired,married,secondary,no,3738,yes,no,cellular,17,apr,156,1,305,6,other,yes,2024-06-28 23:00:00
28,services,single,secondary,no,290,yes,no,cellular,18,may,128,1,-1,0,unknown,no,2024-06-29 00:00:00
39,management,married,tertiary,no,2939,no,no,cellular,6,oct,608,1,99,3,failure,yes,2024-06-29 01:00:00
45,admin.,married,secondary,no,231,yes,no,unknown,18,jun,151,3,-1,0,unknown,no,2024-06-29 02:00:00
24,student,single,secondary,no,1719,no,no,cellular,13,aug,161,4,-1,0,unknown,no,2024-06-29 03:00:00
30,student,single,secondary,no,459,no,no,cellular,13,jul,98,2,210,22,success,no,2024-06-29 04:00:00
59,retired,married,primary,no,4007,no,no,cellular,28,may,581,3,63,6,failure,no,2024-06-29 05:00:00
31,blue-collar,married,primary,no,68,yes,no,unknown,8,may,226,1,-1,0,unknown,no,2024-06-29 06:00:00
56,blue-collar,divorced,secondary,no,2780,yes,no,telephone,6,feb,81,3,-1,0,unknown,no,2024-06-29 07:00:00
27,management,single,tertiary,no,446,no,no,cellular,23,jun,205,3,-1,0,unknown,no,2024-06-29 08:00:00
54,management,divorced,tertiary,no,26306,yes,no,cellular,11,feb,27,1,84,3,failure,no,2024-06-29 09:00:00
36,services,married,tertiary,no,45,no,no,cellular,19,nov,52,3,-1,0,unknown,no,2024-06-29 10:00:00
37,technician,married,tertiary,no,549,no,no,cellular,2,mar,239,1,-1,0,unknown,yes,2024-06-29 11:00:00
43,blue-collar,married,secondary,no,664,yes,no,cellular,9,apr,290,2,301,1,failure,no,2024-06-29 12:00:00
24,blue-collar,married,primary,no,-427,yes,no,unknown,13,may,165,3,-1,0,unknown,no,2024-06-29 13:00:00
46,unknown,married,secondary,no,1482,no,no,cellular,19,aug,139,3,-1,0,unknown,no,2024-06-29 14:00:00
43,entrepreneur,married,secondary,no,0,no,no,telephone,4,may,6,4,-1,0,unknown,no,2024-06-29 15:00:00
55,entrepreneur,divorced,secondary,no,538,yes,no,cellular,13,oct,306,1,67,2,success,no,2024-06-29 16:00:00
38,technician,married,secondary,no,0,yes,yes,cellular,7,may,193,2,296,5,other,no,2024-06-29 17:00:00
38,unemployed,married,primary,no,113,yes,no,unknown,16,may,27,2,-1,0,unknown,no,2024-06-29 18:00:00
31,admin.,divorced,secondary,no,82,no,no,unknown,28,may,254,1,-1,0,unknown,no,2024-06-29 19:00:00
41,admin.,single,secondary,no,2790,yes,no,unknown,5,jun,190,1,-1,0,unknown,no,2024-06-29 20:00:00
54,self-employed,divorced,tertiary,no,0,yes,yes,cellular,29,jan,309,3,-1,0,unknown,no,2024-06-29 21:00:00
38,management,divorced,tertiary,no,904,yes,no,unknown,8,may,475,1,-1,0,unknown,no,2024-06-29 22:00:00
30,technician,single,secondary,yes,-305,no,yes,cellular,18,nov,37,1,96,6,failure,no,2024-06-29 23:00:00
45,blue-collar,married,primary,no,-175,yes,yes,unknown,28,may,215,2,-1,0,unknown,no,2024-06-30 00:00:00
34,services,single,secondary,no,267,no,no,cellular,8,jul,449,2,-1,0,unknown,yes,2024-06-30 01:00:00
41,blue-collar,married,secondary,no,343,yes,no,unknown,14,may,89,7,-1,0,unknown,no,2024-06-30 02:00:00
39,management,married,tertiary,no,1191,no,no,unknown,17,jun,139,1,-1,0,unknown,no,2024-06-30 03:00:00
37,management,single,tertiary,no,833,yes,no,cellular,14,may,212,1,-1,0,unknown,no,2024-06-30 04:00:00
38,admin.,divorced,secondary,no,258,yes,no,cellular,8,may,191,1,-1,0,unknown,no,2024-06-30 05:00:00
49,management,divorced,tertiary,no,348,no,no,cellular,30,oct,125,1,-1,0,unknown,yes,2024-06-30 06:00:00
32,technician,married,tertiary,no,113,no,yes,cellular,10,jul,68,1,-1,0,unknown,no,2024-06-30 07:00:00
41,unemployed,married,secondary,no,277,yes,no,cellular,12,may,152,3,351,2,failure,no,2024-06-30 08:00:00
48,management,married,tertiary,no,3766,no,no,cellular,6,aug,206,2,-1,0,unknown,no,2024-06-30 09:00:00
63,retired,married,secondary,no,588,no,no,cellular,19,oct,143,2,-1,0,unknown,no,2024-06-30 10:00:00
43,management,married,secondary,no,1424,yes,no,cellular,25,jul,39,3,-1,0,unknown,no,2024-06-30 11:00:00
44,technician,married,secondary,no,1319,no,no,cellular,4,jun,77,2,-1,0,unknown,no,2024-06-30 12:00:00
43,admin.,married,secondary,no,1159,yes,no,cellular,14,apr,114,2,-1,0,unknown,no,2024-06-30 13:00:00
27,admin.,single,secondary,no,-400,no,yes,cellular,8,jul,290,1,-1,0,unknown,no,2024-06-30 14:00:00
41,blue-collar,married,secondary,no,849,yes,yes,cellular,12,may,100,4,-1,0,unknown,no,2024-06-30 15:00:00
35,technician,single,secondary,no,5731,yes,no,cellular,4,may,164,2,167,4,other,no,2024-06-30 16:00:00
35,services,married,secondary,no,102,yes,no,cellular,13,may,252,5,-1,0,unknown,no,2024-06-30 17:00:00
40,technician,married,secondary,no,782,yes,no,unknown,14,may,224,2,-1,0,unknown,no,2024-06-30 18:00:00
44,services,divorced,secondary,no,0,yes,no,unknown,4,jun,389,5,-1,0,unknown,no,2024-06-30 19:00:00
58,retired,married,secondary,no,2714,no,no,cellular,26,may,165,1,287,2,failure,yes,2024-06-30 20:00:00
36,management,single,tertiary,no,1400,yes,no,cellular,11,may,608,3,-1,0,unknown,yes,2024-06-30 21:00:00
34,blue-collar,single,unknown,no,5901,no,no,cellular,28,jan,211,1,-1,0,unknown,no,2024-06-30 22:00:00
35,technician,divorced,unknown,no,-11,yes,yes,cellular,31,jul,24,18,-1,0,unknown,no,2024-06-30 23:00:00
46,admin.,married,secondary,no,154,no,no,cellular,22,aug,58,2,-1,0,unknown,no,2024-07-01 00:00:00
38,management,divorced,tertiary,no,4335,yes,no,cellular,20,nov,640,1,-1,0,unknown,no,2024-07-01 01:00:00
39,management,single,tertiary,no,633,no,no,cellular,19,nov,105,2,133,3,failure,no,2024-07-01 02:00:00
31,housemaid,single,tertiary,no,0,no,no,cellular,22,aug,78,3,-1,0,unknown,no,2024-07-01 03:00:00
57,retired,married,primary,no,808,no,no,telephone,7,jul,274,1,-1,0,unknown,no,2024-07-01 04:00:00
41,management,married,primary,no,102,yes,yes,cellular,21,nov,188,1,-1,0,unknown,no,2024-07-01 05:00:00
32,blue-collar,single,primary,no,611,yes,no,unknown,8,may,541,3,-1,0,unknown,yes,2024-07-01 06:00:00
37,blue-collar,single,secondary,no,9306,yes,no,cellular,11,may,603,1,-1,0,unknown,no,2024-07-01 07:00:00
37,blue-collar,married,secondary,no,700,yes,no,cellular,14,may,138,1,-1,0,unknown,no,2024-07-01 08:00:00
34,technician,single,secondary,yes,264,no,no,unknown,2,jun,131,2,-1,0,unknown,no,2024-07-01 09:00:00
36,technician,married,primary,no,0,no,no,unknown,4,jul,584,1,-1,0,unknown,yes,2024-07-01 10:00:00
54,management,married,primary,no,366,yes,no,unknown,15,may,589,1,-1,0,unknown,no,2024-07-01 11:00:00
25,management,single,tertiary,no,430,no,yes,cellular,27,may,145,2,-1,0,unknown,no,2024-07-01 12:00:00
31,services,married,secondary,no,283,yes,no,cellular,19,nov,214,2,-1,0,unknown,no,2024-07-01 13:00:00
34,technician,single,tertiary,no,2195,no,no,telephone,13,aug,490,3,-1,0,unknown,no,2024-07-01 14:00:00
57,admin.,married,secondary,no,169,no,no,cellular,14,aug,180,1,106,2,failure,no,2024-07-01 15:00:00
32,blue-collar,married,secondary,no,3144,yes,no,unknown,23,may,348,2,-1,0,unknown,no,2024-07-01 16:00:00
56,retired,divorced,primary,no,48,yes,no,cellular,14,may,132,2,-1,0,unknown,no,2024-07-01 17:00:00
46,blue-collar,married,primary,no,323,yes,no,unknown,7,may,108,6,-1,0,unknown,no,2024-07-01 18:00:00
35,blue-collar,married,secondary,no,4731,yes,no,unknown,2,jun,249,2,-1,0,unknown,no,2024-07-01 19:00:00
25,admin.,single,secondary,no,-213,no,yes,cellular,16,jul,592,1,-1,0,unknown,no,2024-07-01 20:00:00
38,blue-collar,single,secondary,no,13156,yes,no,cellular,17,apr,291,4,331,1,failure,no,2024-07-01 21:00:00
44,admin.,married,secondary,no,1248,yes,yes,cellular,8,may,428,3,-1,0,unknown,no,2024-07-01 22:00:00
25,student,single,secondary,no,203,no,no,cellular,4,may,108,1,-1,0,unknown,no,2024-07-01 23:00:00
41,services,divorced,secondary,no,0,no,no,cellular,14,jul,93,3,-1,0,unknown,no,2024-07-02 00:00:00
46,entrepreneur,married,secondary,no,294,yes,no,cellular,17,jul,228,1,-1,0,unknown,no,2024-07-02 01:00:00
36,management,single,tertiary,no,2806,yes,no,unknown,30,may,358,4,-1,0,unknown,no,2024-07-02 02:00:00
78,retired,divorced,primary,no,4917,no,no,cellular,29,dec,195,2,-1,0,unknown,no,2024-07-02 03:00:00
49,services,married,secondary,no,2058,no,no,unknown,18,jun,82,3,-1,0,unknown,no,2024-07-02 04:00:00
36,technician,single,secondary,no,34,no,yes,cellular,28,aug,247,1,-1,0,unknown,no,2024-07-02 05:00:00
28,blue-collar,single,secondary,no,-193,no,no,cellular,18,jul,580,7,-1,0,unknown,no,2024-07-02 06:00:00
29,admin.,single,secondary,no,-309,yes,yes,unknown,4,jun,215,1,-1,0,unknown,no,2024-07-02 07:00:00
60,technician,married,tertiary,no,91,no,no,cellular,27,aug,105,4,-1,0,unknown,no,2024-07-02 08:00:00
40,self-employed,married,tertiary,no,271,yes,no,cellular,21,nov,124,3,102,4,failure,no,2024-07-02 09:00:00
43,unemployed,married,secondary,no,210,yes,no,unknown,12,may,88,5,-1,0,unknown,no,2024-07-02 10:00:00
30,services,married,secondary,no,292,yes,yes,cellular,15,apr,651,4,-1,0,unknown,no,2024-07-02 11:00:00
41,management,married,secondary,no,1471,yes,no,cellular,18,nov,233,2,-1,0,unknown,no,2024-07-02 12:00:00
53,housemaid,married,unknown,no,0,no,no,cellular,22,aug,207,1,-1,0,unknown,no,2024-07-02 13:00:00
39,unknown,married,primary,no,6999,no,no,cellular,6,aug,111,2,-1,0,unknown,no,2024-07-02 14:00:00
58,management,married,secondary,no,111,no,no,telephone,24,mar,58,2,-1,0,unknown,no,2024-07-02 15:00:00
52,technician,married,primary,no,-50,yes,no,cellular,15,may,129,2,-1,0,unknown,no,2024-07-02 16:00:00
37,admin.,married,secondary,no,960,no,no,telephone,18,nov,50,3,-1,0,unknown,no,2024-07-02 17:00:00
34,admin.,married,secondary,no,4902,yes,no,cellular,6,may,59,1,167,1,failure,no,2024-07-02 18:00:00
36,technician,married,tertiary,no,4139,no,no,unknown,11,jun,175,4,-1,0,unknown,no,2024-07-02 19:00:00
57,unemployed,divorced,secondary,no,2762,no,no,telephone,19,nov,100,1,-1,0,unknown,no,2024-07-02 20:00:00
45,technician,married,tertiary,no,265,no,no,cellular,28,aug,14,3,-1,0,unknown,no,2024-07-02 21:00:00
42,blue-collar,married,primary,no,161,yes,no,unknown,20,jun,365,3,-1,0,unknown,no,2024-07-02 22:00:00
34,management,married,tertiary,no,3486,no,no,cellular,28,aug,23,10,-1,0,unknown,no,2024-07-02 23:00:00
60,retired,married,tertiary,no,2194,yes,no,telephone,20,apr,31,3,263,9,failure,no,2024-07-03 00:00:00
30,management,married,tertiary,no,1022,yes,no,cellular,18,may,97,2,298,1,failure,no,2024-07-03 01:00:00
52,management,married,tertiary,no,7,no,no,cellular,17,aug,366,2,-1,0,unknown,no,2024-07-03 02:00:00
36,management,single,tertiary,no,811,no,no,cellular,6,mar,229,1,-1,0,unknown,yes,2024-07-03 03:00:00
25,student,single,secondary,no,4147,no,no,cellular,14,aug,211,3,-1,0,unknown,yes,2024-07-03 04:00:00
36,unemployed,single,primary,no,1201,yes,no,unknown,5,jun,57,1,-1,0,unknown,no,2024-07-03 05:00:00
35,entrepreneur,married,tertiary,no,1859,yes,no,cellular,7,apr,157,1,267,2,failure,no,2024-07-03 06:00:00
33,technician,single,tertiary,no,317,yes,no,cellular,4,jun,323,1,80,14,other,yes,2024-07-03 07:00:00
57,management,married,primary,no,6900,no,no,cellular,21,apr,159,2,-1,0,unknown,no,2024-07-03 08:00:00
31,self-employed,married,tertiary,no,3,yes,no,cellular,29,jul,215,4,-1,0,unknown,no,2024-07-03 09:00:00
31,management,married,tertiary,no,777,yes,no,cellular,3,feb,245,4,-1,0,unknown,no,2024-07-03 10:00:00
37,technician,married,secondary,no,1109,yes,no,cellular,12,may,62,1,354,5,failure,no,2024-07-03 11:00:00
37,management,single,tertiary,no,688,no,no,cellular,18,aug,95,3,174,5,failure,no,2024-07-03 12:00:00
66,retired,single,tertiary,no,0,no,no,cellular,12,jan,105,1,92,2,failure,no,2024-07-03 13:00:00
35,blue-collar,married,primary,no,361,yes,no,unknown,30,may,185,3,-1,0,unknown,no,2024-07-03 14:00:00
22,student,single,secondary,no,948,no,no,telephone,18,aug,215,1,197,2,failure,yes,2024-07-03 15:00:00
30,management,single,tertiary,no,720,no,no,cellular,15,jan,1265,4,210,4,other,yes,2024-07-03 16:00:00
37,management,married,tertiary,no,0,yes,no,cellular,17,apr,236,3,-1,0,unknown,no,2024-07-03 17:00:00
28,admin.,married,secondary,no,642,yes,no,cellular,3,feb,481,2,-1,0,unknown,no,2024-07-03 18:00:00
28,student,single,secondary,no,39,yes,no,cellular,20,apr,149,1,-1,0,unknown,no,2024-07-03 19:00:00
32,management,single,tertiary,no,999,yes,no,cellular,20,nov,50,1,-1,0,unknown,no,2024-07-03 20:00:00
33,technician,divorced,secondary,yes,10,yes,yes,cellular,18,nov,167,5,-1,0,unknown,no,2024-07-03 21:00:00
35,management,married,tertiary,no,3481,no,no,cellular,13,aug,388,3,-1,0,unknown,no,2024-07-03 22:00:00
28,admin.,married,secondary,no,0,yes,yes,cellular,14,jul,546,2,-1,0,unknown,no,2024-07-03 23:00:00
31,services,married,secondary,no,428,yes,no,unknown,21,may,272,1,-1,0,unknown,no,2024-07-04 00:00:00
41,student,single,secondary,no,595,yes,no,unknown,18,sep,22,1,107,2,success,no,2024-07-04 01:00:00
30,technician,married,unknown,no,0,yes,no,cellular,16,jul,510,3,-1,0,unknown,no,2024-07-04 02:00:00
39,blue-collar,married,secondary,no,171,yes,yes,cellular,8,may,153,1,353,1,failure,no,2024-07-04 03:00:00
36,technician,single,secondary,no,317,yes,no,cellular,30,jan,198,2,266,2,failure,no,2024-07-04 04:00:00
41,technician,single,tertiary,no,1026,no,no,cellular,29,aug,59,6,-1,0,unknown,no,2024-07-04 05:00:00
29,technician,single,secondary,no,853,no,yes,telephone,4,feb,239,7,-1,0,unknown,no,2024-07-04 06:00:00
33,technician,divorced,secondary,no,0,no,no,cellular,21,aug,224,8,-1,0,unknown,no,2024-07-04 07:00:00
30,housemaid,married,tertiary,no,113,yes,yes,cellular,3,feb,230,3,-1,0,unknown,no,2024-07-04 08:00:00
43,blue-collar,married,primary,no,1288,yes,no,cellular,13,apr,136,1,334,1,failure,no,2024-07-04 09:00:00
32,blue-collar,single,primary,no,60,yes,no,cellular,28,jul,136,2,-1,0,unknown,no,2024-07-04 10:00:00
52,blue-collar,married,secondary,no,3429,yes,no,cellular,17,apr,516,1,-1,0,unknown,no,2024-07-04 11:00:00
30,technician,single,tertiary,no,8138,yes,no,cellular,12,aug,227,2,-1,0,unknown,no,2024-07-04 12:00:00
58,retired,married,unknown,no,0,no,no,cellular,20,aug,46,5,-1,0,unknown,no,2024-07-04 13:00:00
33,management,single,tertiary,no,373,no,yes,cellular,27,jul,267,1,180,4,failure,yes,2024-07-04 14:00:00
60,admin.,married,secondary,no,3043,no,no,cellular,19,aug,235,3,-1,0,unknown,no,2024-07-04 15:00:00
40,services,single,secondary,no,1038,no,no,unknown,5,jun,741,1,-1,0,unknown,no,2024-07-04 16:00:00
51,housemaid,married,primary,no,0,yes,no,telephone,30,jul,191,3,-1,0,unknown,no,2024-07-04 17:00:00
29,management,single,tertiary,no,144,yes,no,unknown,2,jun,105,3,-1,0,unknown,no,2024-07-04 18:00:00
53,technician,married,tertiary,no,4323,yes,no,unknown,15,may,58,5,-1,0,unknown,no,2024-07-04 19:00:00
33,admin.,single,primary,no,-258,yes,no,cellular,15,may,158,2,352,2,failure,no,2024-07-04 20:00:00
25,blue-collar,single,secondary,no,495,no,no,cellular,7,jul,131,3,-1,0,unknown,no,2024-07-04 21:00:00
30,technician,single,secondary,no,2734,no,no,cellular,21,nov,459,3,-1,0,unknown,yes,2024-07-04 22:00:00
28,management,single,tertiary,no,207,no,no,cellular,28,aug,129,1,94,4,failure,no,2024-07-04 23:00:00
37,management,married,tertiary,no,6771,no,no,cellular,5,mar,319,1,-1,0,unknown,yes,2024-07-05 00:00:00
38,technician,single,secondary,no,4366,yes,no,cellular,29,jul,188,2,-1,0,unknown,no,2024-07-05 01:00:00
57,retired,married,secondary,no,3815,no,no,telephone,20,nov,90,2,-1,0,unknown,no,2024-07-05 02:00:00
56,housemaid,married,primary,no,82,no,no,unknown,16,may,215,1,-1,0,unknown,no,2024-07-05 03:00:00
28,blue-collar,married,primary,no,-469,yes,no,cellular,8,jul,244,3,-1,0,unknown,no,2024-07-05 04:00:00
26,services,single,secondary,yes,-162,yes,no,cellular,15,may,44,2,-1,0,unknown,no,2024-07-05 05:00:00
48,technician,married,secondary,no,547,no,no,cellular,28,jan,74,1,176,2,failure,no,2024-07-05 06:00:00
30,management,single,tertiary,no,2,no,no,cellular,23,mar,269,1,-1,0,unknown,no,2024-07-05 07:00:00
31,blue-collar,married,secondary,no,968,no,no,cellular,17,apr,464,1,-1,0,unknown,no,2024-07-05 08:00:00
59,entrepreneur,divorced,unknown,no,0,no,no,unknown,17,jun,956,2,-1,0,unknown,no,2024-07-05 09:00:00
41,services,married,unknown,no,5980,yes,no,cellular,31,jul,150,3,-1,0,unknown,no,2024-07-05 10:00:00
44,blue-collar,married,secondary,no,1081,yes,no,unknown,20,may,304,2,-1,0,unknown,no,2024-07-05 11:00:00
34,blue-collar,married,secondary,no,90,yes,no,unknown,3,jun,77,8,-1,0,unknown,no,2024-07-05 12:00:00
48,blue-collar,married,secondary,no,426,yes,yes,cellular,12,aug,186,2,-1,0,unknown,no,2024-07-05 13:00:00
42,blue-collar,married,secondary,no,30,no,no,unknown,8,may,366,2,-1,0,unknown,no,2024-07-05 14:00:00
39,housemaid,married,tertiary,no,240,yes,no,unknown,16,jun,17,25,-1,0,unknown,no,2024-07-05 15:00:00
45,entrepreneur,married,primary,no,2418,yes,no,unknown,14,may,120,1,-1,0,unknown,no,2024-07-05 16:00:00
37,blue-collar,married,secondary,no,374,yes,no,unknown,7,may,944,3,-1,0,unknown,no,2024-07-05 17:00:00
42,management,married,tertiary,no,1823,yes,no,unknown,13,may,31,1,-1,0,unknown,no,2024-07-05 18:00:00
33,technician,single,tertiary,no,0,yes,no,cellular,21,nov,654,1,-1,0,unknown,yes,2024-07-05 19:00:00
23,student,single,tertiary,no,341,no,no,cellular,16,jun,89,2,-1,0,unknown,no,2024-07-05 20:00:00
34,blue-collar,married,secondary,no,259,yes,no,cellular,14,may,291,2,-1,0,unknown,no,2024-07-05 21:00:00
36,blue-collar,married,secondary,no,2848,yes,no,cellular,20,nov,265,3,-1,0,unknown,no,2024-07-05 22:00:00
30,blue-collar,married,secondary,no,458,yes,no,unknown,12,may,177,3,-1,0,unknown,no,2024-07-05 23:00:00
35,admin.,married,secondary,no,3487,yes,no,cellular,17,apr,323,2,319,1,failure,no,2024-07-06 00:00:00
36,management,single,tertiary,no,937,yes,no,cellular,16,apr,35,1,-1,0,unknown,no,2024-07-06 01:00:00
31,services,married,secondary,no,37,yes,no,unknown,14,may,546,1,-1,0,unknown,no,2024-07-06 02:00:00
50,blue-collar,divorced,secondary,no,203,yes,no,telephone,19,nov,265,1,127,4,other,no,2024-07-06 03:00:00
53,technician,divorced,unknown,no,629,yes,no,cellular,8,may,298,1,-1,0,unknown,no,2024-07-06 04:00:00
40,blue-collar,married,secondary,no,273,yes,no,unknown,19,jun,1082,1,-1,0,unknown,no,2024-07-06 05:00:00
48,services,married,secondary,no,127,no,no,cellular,8,jul,117,1,-1,0,unknown,no,2024-07-06 06:00:00
49,blue-collar,married,primary,no,0,no,no,cellular,11,jul,103,2,-1,0,unknown,no,2024-07-06 07:00:00
38,blue-collar,married,primary,no,-275,no,no,cellular,28,jul,165,3,-1,0,unknown,no,2024-07-06 08:00:00
32,management,single,tertiary,no,2,yes,no,cellular,11,sep,100,2,-1,0,unknown,yes,2024-07-06 09:00:00
36,admin.,single,tertiary,no,994,no,no,cellular,5,feb,195,1,176,5,failure,yes,2024-07-06 10:00:00
30,management,single,tertiary,no,63,yes,no,cellular,20,apr,260,1,320,1,other,no,2024-07-06 11:00:00
51,technician,married,tertiary,no,0,no,no,cellular,2,mar,539,2,-1,0,unknown,yes,2024-07-06 12:00:00
58,retired,married,secondary,no,-172,yes,no,unknown,14,may,300,1,-1,0,unknown,no,2024-07-06 13:00:00
55,technician,single,secondary,no,1199,no,yes,telephone,4,may,159,10,-1,0,unknown,no,2024-07-06 14:00:00
28,technician,single,unknown,no,0,yes,no,cellular,27,jan,183,1,92,2,success,no,2024-07-06 15:00:00
27,admin.,married,secondary,no,897,no,no,cellular,5,jun,397,1,-1,0,unknown,yes,2024-07-06 16:00:00
25,blue-collar,married,secondary,no,53,yes,no,unknown,13,may,331,2,-1,0,unknown,no,2024-07-06 17:00:00
56,technician,married,secondary,no,589,yes,no,unknown,23,oct,518,1,147,2,success,yes,2024-07-06 18:00:00
47,blue-collar,married,secondary,no,0,yes,no,cellular,21,jul,676,1,-1,0,unknown,no,2024-07-06 19:00:00
38,services,married,secondary,yes,-433,yes,no,cellular,21,jul,111,2,-1,0,unknown,no,2024-07-06 20:00:00
27,admin.,single,secondary,no,557,yes,no,cellular,13,may,466,2,-1,0,unknown,no,2024-07-06 21:00:00
48,blue-collar,married,primary,no,347,no,no,cellular,19,aug,199,3,-1,0,unknown,no,2024-07-06 22:00:00
31,blue-collar,single,secondary,no,-322,no,yes,unknown,4,jul,208,1,-1,0,unknown,no,2024-07-06 23:00:00
48,housemaid,married,primary,no,283,yes,no,telephone,30,jul,383,7,-1,0,unknown,no,2024-07-07 00:00:00
20,student,single,secondary,no,153,no,no,unknown,21,jun,100,1,-1,0,unknown,yes,2024-07-07 01:00:00
42,blue-collar,married,primary,no,875,yes,no,cellular,17,apr,426,5,148,1,failure,no,2024-07-07 02:00:00
41,blue-collar,married,primary,no,1905,yes,no,unknown,2,jun,164,4,-1,0,unknown,no,2024-07-07 03:00:00
38,admin.,divorced,secondary,yes,0,no,yes,cellular,21,jul,126,3,-1,0,unknown,no,2024-07-07 04:00:00
38,admin.,married,secondary,no,3190,yes,no,unknown,20,jun,20,2,-1,0,unknown,no,2024-07-07 05:00:00
58,technician,single,tertiary,no,388,no,no,cellular,19,nov,96,1,-1,0,unknown,no,2024-07-07 06:00:00
36,unemployed,married,tertiary,no,154,no,no,cellular,26,aug,556,7,-1,0,unknown,yes,2024-07-07 07:00:00
31,management,single,tertiary,no,43,yes,no,cellular,9,feb,297,7,-1,0,unknown,no,2024-07-07 08:00:00
39,services,married,secondary,yes,-697,yes,no,cellular,31,jul,423,2,-1,0,unknown,no,2024-07-07 09:00:00
43,admin.,married,secondary,no,315,no,no,cellular,23,jul,129,2,-1,0,unknown,no,2024-07-07 10:00:00
40,technician,divorced,tertiary,no,0,no,no,unknown,17,jun,522,1,-1,0,unknown,yes,2024-07-07 11:00:00
32,technician,married,secondary,yes,-71,yes,no,unknown,28,may,78,2,-1,0,unknown,no,2024-07-07 12:00:00
48,entrepreneur,married,tertiary,no,313,yes,no,unknown,13,may,195,2,-1,0,unknown,no,2024-07-07 13:00:00
34,services,married,secondary,no,1632,no,no,cellular,27,aug,65,6,-1,0,unknown,no,2024-07-07 14:00:00
51,services,married,secondary,no,917,no,no,cellular,25,aug,56,6,-1,0,unknown,no,2024-07-07 15:00:00
34,admin.,single,secondary,no,181,yes,no,cellular,21,jul,296,1,-1,0,unknown,no,2024-07-07 16:00:00
41,management,married,tertiary,yes,-1176,yes,yes,cellular,31,jul,81,1,-1,0,unknown,no,2024-07-07 17:00:00
30,admin.,single,secondary,no,1374,yes,no,unknown,13,may,207,1,-1,0,unknown,no,2024-07-07 18:00:00
64,management,married,tertiary,no,3951,no,no,cellular,29,oct,164,1,-1,0,unknown,yes,2024-07-07 19:00:00
36,blue-collar,married,secondary,no,142,yes,no,cellular,17,apr,251,1,-1,0,unknown,no,2024-07-07 20:00:00
29,management,single,secondary,no,584,yes,no,unknown,16,jun,541,19,-1,0,unknown,no,2024-07-07 21:00:00
46,management,married,tertiary,no,144,no,no,cellular,22,aug,79,4,-1,0,unknown,no,2024-07-07 22:00:00
32,blue-collar,married,secondary,no,-103,yes,no,cellular,14,may,298,1,-1,0,unknown,no,2024-07-07 23:00:00
59,blue-collar,divorced,primary,no,1320,no,no,unknown,9,jun,522,1,-1,0,unknown,no,2024-07-08 00:00:00
38,services,married,secondary,no,311,no,yes,cellular,25,jul,114,12,-1,0,unknown,no,2024-07-08 01:00:00
48,blue-collar,married,secondary,no,291,yes,no,cellular,23,jul,448,2,-1,0,unknown,no,2024-07-08 02:00:00
38,blue-collar,single,secondary,no,68,no,no,unknown,5,jun,90,2,-1,0,unknown,no,2024-07-08 03:00:00
56,admin.,married,secondary,no,374,no,no,cellular,20,aug,193,4,-1,0,unknown,no,2024-07-08 04:00:00
42,management,married,tertiary,no,3841,yes,no,cellular,25,jul,720,2,-1,0,unknown,no,2024-07-08 05:00:00
52,unemployed,married,secondary,no,0,no,no,unknown,16,jun,18,7,-1,0,unknown,no,2024-07-08 06:00:00
35,blue-collar,single,tertiary,no,1830,no,no,cellular,14,oct,166,2,-1,0,unknown,no,2024-07-08 07:00:00
33,technician,single,secondary,no,7108,no,yes,cellular,21,nov,255,1,-1,0,unknown,no,2024-07-08 08:00:00
43,technician,divorced,secondary,no,6835,no,no,unknown,20,jun,262,2,-1,0,unknown,no,2024-07-08 09:00:00
47,admin.,married,secondary,no,1265,no,no,cellular,7,aug,137,2,-1,0,unknown,no,2024-07-08 10:00:00
37,blue-collar,married,primary,no,1796,yes,yes,cellular,17,apr,232,2,-1,0,unknown,no,2024-07-08 11:00:00
52,entrepreneur,married,tertiary,yes,-468,no,no,cellular,8,jul,534,1,-1,0,unknown,yes,2024-07-08 12:00:00
53,blue-collar,divorced,primary,no,4401,no,no,telephone,11,aug,254,1,-1,0,unknown,yes,2024-07-08 13:00:00
35,management,married,secondary,no,291,yes,no,unknown,26,may,327,1,-1,0,unknown,no,2024-07-08 14:00:00
53,management,married,secondary,no,2693,no,no,cellular,21,nov,140,1,-1,0,unknown,no,2024-07-08 15:00:00
32,services,single,secondary,no,80,yes,no,telephone,19,nov,475,2,-1,0,unknown,no,2024-07-08 16:00:00
58,retired,married,secondary,yes,-146,no,yes,cellular,28,aug,192,8,-1,0,unknown,no,2024-07-08 17:00:00
51,blue-collar,married,primary,no,804,yes,no,cellular,9,jul,176,1,-1,0,unknown,no,2024-07-08 18:00:00
55,retired,married,secondary,no,0,no,no,cellular,29,jan,636,1,-1,0,unknown,no,2024-07-08 19:00:00
55,self-employed,married,primary,no,325,no,no,cellular,26,mar,439,4,-1,0,unknown,no,2024-07-08 20:00:00
25,student,single,secondary,no,1790,no,no,cellular,17,apr,224,1,322,3,failure,no,2024-07-08 21:00:00
41,services,married,unknown,no,230,yes,no,cellular,9,feb,155,3,-1,0,unknown,no,2024-07-08 22:00:00
44,management,married,tertiary,no,839,no,no,cellular,8,nov,240,1,40,2,other,no,2024-07-08 23:00:00
59,management,married,primary,no,0,yes,no,cellular,8,may,130,1,-1,0,unknown,no,2024-07-09 00:00:00
28,blue-collar,single,tertiary,no,1984,yes,no,cellular,20,apr,147,1,-1,0,unknown,no,2024-07-09 01:00:00
33,services,single,tertiary,no,395,yes,no,cellular,23,jul,1359,6,-1,0,unknown,yes,2024-07-09 02:00:00
50,management,married,secondary,no,-187,yes,no,unknown,29,may,31,2,-1,0,unknown,no,2024-07-09 03:00:00
45,management,married,tertiary,no,1309,no,no,cellular,2,jul,367,1,-1,0,unknown,yes,2024-07-09 04:00:00
25,admin.,married,secondary,no,142,yes,no,cellular,8,jul,312,2,-1,0,unknown,no,2024-07-09 05:00:00
39,unemployed,married,secondary,no,270,yes,no,unknown,3,jun,116,1,-1,0,unknown,no,2024-07-09 06:00:00
60,self-employed,married,secondary,no,18,yes,yes,cellular,12,may,399,4,343,1,other,no,2024-07-09 07:00:00
33,management,married,tertiary,no,621,no,no,cellular,12,aug,913,5,-1,0,unknown,no,2024-07-09 08:00:00
80,retired,married,primary,no,594,no,no,telephone,10,may,128,2,-1,0,unknown,no,2024-07-09 09:00:00
38,management,married,secondary,no,517,yes,no,unknown,6,may,288,2,-1,0,unknown,no,2024-07-09 10:00:00
34,technician,married,secondary,no,1553,no,no,cellular,20,aug,200,2,-1,0,unknown,no,2024-07-09 11:00:00
41,management,married,tertiary,no,298,no,no,cellular,15,mar,209,2,315,4,failure,no,2024-07-09 12:00:00
38,self-employed,single,tertiary,no,5774,yes,no,cellular,15,may,406,4,359,5,other,yes,2024-07-09 13:00:00
29,blue-collar,single,unknown,no,913,yes,no,telephone,14,may,188,1,352,2,failure,no,2024-07-09 14:00:00
37,admin.,divorced,secondary,no,450,yes,yes,unknown,24,jun,15,1,-1,0,unknown,no,2024-07-09 15:00:00
45,unemployed,married,secondary,no,383,no,no,cellular,23,apr,293,1,-1,0,unknown,no,2024-07-09 16:00:00
46,blue-collar,married,unknown,no,842,yes,no,telephone,8,may,833,1,-1,0,unknown,yes,2024-07-09 17:00:00
33,blue-collar,married,primary,no,1002,yes,no,unknown,30,may,201,4,-1,0,unknown,no,2024-07-09 18:00:00
39,management,married,tertiary,no,1209,no,no,cellular,20,nov,60,1,-1,0,unknown,no,2024-07-09 19:00:00
31,management,married,tertiary,no,153,yes,no,cellular,14,jul,118,3,-1,0,unknown,no,2024-07-09 20:00:00
39,entrepreneur,married,tertiary,no,5848,yes,no,cellular,19,nov,55,1,-1,0,unknown,no,2024-07-09 21:00:00
32,management,single,tertiary,no,1834,yes,no,unknown,2,jun,159,1,-1,0,unknown,no,2024-07-09 22:00:00
27,entrepreneur,single,unknown,no,1007,no,no,cellular,8,jul,154,1,-1,0,unknown,no,2024-07-09 23:00:00
53,retired,married,primary,no,759,yes,no,telephone,25,jul,702,5,-1,0,unknown,no,2024-07-10 00:00:00
48,self-employed,married,secondary,no,1175,yes,yes,cellular,19,nov,62,1,-1,0,unknown,no,2024-07-10 01:00:00
38,management,divorced,tertiary,no,539,yes,no,cellular,23,jul,161,1,-1,0,unknown,no,2024-07-10 02:00:00
50,technician,married,secondary,no,0,no,no,cellular,7,jul,152,2,-1,0,unknown,no,2024-07-10 03:00:00
34,technician,single,secondary,no,1161,yes,no,cellular,20,apr,17,5,334,1,failure,no,2024-07-10 04:00:00
28,blue-collar,married,secondary,no,619,no,no,telephone,7,jul,327,2,-1,0,unknown,no,2024-07-10 05:00:00
39,housemaid,married,secondary,no,1444,no,no,cellular,19,nov,100,1,117,8,success,no,2024-07-10 06:00:00
28,self-employed,single,tertiary,no,222,yes,no,cellular,20,apr,13,5,-1,0,unknown,no,2024-07-10 07:00:00
31,technician,married,secondary,no,0,no,no,cellular,14,jul,347,4,-1,0,unknown,no,2024-07-10 08:00:00
55,retired,married,secondary,no,1,yes,no,telephone,7,may,79,2,360,6,other,no,2024-07-10 09:00:00
28,blue-collar,single,secondary,no,362,yes,no,unknown,19,may,263,1,-1,0,unknown,no,2024-07-10 10:00:00
51,unemployed,divorced,secondary,no,-56,yes,no,cellular,19,nov,544,3,-1,0,unknown,no,2024-07-10 11:00:00
37,blue-collar,married,primary,no,190,yes,no,cellular,14,may,17,6,-1,0,unknown,no,2024-07-10 12:00:00
32,unemployed,married,secondary,no,-160,yes,no,unknown,28,may,27,1,-1,0,unknown,no,2024-07-10 13:00:00
29,management,single,tertiary,no,36252,yes,no,cellular,30,apr,501,1,-1,0,unknown,yes,2024-07-10 14:00:00
42,admin.,single,unknown,no,297,yes,no,unknown,29,may,106,1,-1,0,unknown,no,2024-07-10 15:00:00
27,student,single,tertiary,no,5741,no,no,cellular,22,feb,368,1,185,2,failure,no,2024-07-10 16:00:00
49,blue-collar,married,secondary,no,93,no,no,telephone,24,jul,212,4,-1,0,unknown,no,2024-07-10 17:00:00
27,student,single,secondary,no,217,yes,no,unknown,8,may,319,1,-1,0,unknown,no,2024-07-10 18:00:00
28,admin.,single,secondary,no,707,yes,no,cellular,25,may,226,1,-1,0,unknown,yes,2024-07-10 19:00:00
37,blue-collar,married,secondary,no,453,yes,yes,unknown,23,may,98,1,-1,0,unknown,no,2024-07-10 20:00:00
48,unemployed,divorced,primary,no,840,no,no,cellular,28,jan,196,1,-1,0,unknown,no,2024-07-10 21:00:00
33,management,married,tertiary,no,1412,yes,no,unknown,19,aug,480,1,-1,0,unknown,yes,2024-07-10 22:00:00
33,services,divorced,secondary,no,1156,yes,no,cellular,15,may,612,1,177,2,failure,no,2024-07-10 23:00:00
47,management,married,primary,no,2793,yes,no,telephone,25,jul,102,4,-1,0,unknown,no,2024-07-11 00:00:00
32,blue-collar,married,secondary,no,1005,no,no,cellular,12,may,215,1,-1,0,unknown,no,2024-07-11 01:00:00
48,blue-collar,married,secondary,no,1903,no,no,cellular,29,aug,21,6,-1,0,unknown,no,2024-07-11 02:00:00
30,technician,single,tertiary,no,0,yes,no,cellular,5,jul,140,1,424,8,success,yes,2024-07-11 03:00:00
37,management,married,tertiary,no,238,no,no,cellular,3,nov,149,1,-1,0,unknown,yes,2024-07-11 04:00:00
31,blue-collar,married,secondary,no,69,no,no,cellular,19,nov,640,1,-1,0,unknown,no,2024-07-11 05:00:00
34,self-employed,married,tertiary,no,2427,no,no,telephone,11,aug,90,3,70,3,failure,no,2024-07-11 06:00:00
44,technician,married,tertiary,no,4580,yes,no,unknown,15,may,911,2,-1,0,unknown,yes,2024-07-11 07:00:00
44,technician,married,secondary,no,5102,no,no,cellular,23,sep,205,1,-1,0,unknown,no,2024-07-11 08:00:00
41,retired,single,primary,no,2579,no,no,cellular,27,jul,235,1,287,1,failure,no,2024-07-11 09:00:00
50,blue-collar,divorced,secondary,no,-1,yes,no,telephone,20,apr,151,1,-1,0,unknown,no,2024-07-11 10:00:00
34,management,single,tertiary,no,1012,yes,yes,cellular,15,may,109,3,-1,0,unknown,no,2024-07-11 11:00:00
36,admin.,single,secondary,no,11174,yes,no,cellular,15,apr,953,1,-1,0,unknown,yes,2024-07-11 12:00:00
43,self-employed,married,secondary,no,274,no,no,cellular,14,jul,335,4,-1,0,unknown,no,2024-07-11 13:00:00
33,services,single,secondary,no,0,yes,no,cellular,28,jul,174,2,-1,0,unknown,no,2024-07-11 14:00:00
29,blue-collar,married,primary,no,59,yes,yes,cellular,29,jul,665,4,-1,0,unknown,no,2024-07-11 15:00:00
34,blue-collar,married,primary,no,373,yes,no,cellular,12,may,481,2,-1,0,unknown,no,2024-07-11 16:00:00
32,management,single,tertiary,no,46,no,no,cellular,21,aug,788,6,-1,0,unknown,yes,2024-07-11 17:00:00
58,retired,divorced,secondary,no,0,no,no,unknown,17,jun,436,5,-1,0,unknown,no,2024-07-11 18:00:00
57,housemaid,divorced,primary,no,231,yes,no,unknown,20,may,26,14,-1,0,unknown,no,2024-07-11 19:00:00
29,technician,single,secondary,no,110,yes,no,cellular,13,apr,1036,1,-1,0,unknown,yes,2024-07-11 20:00:00
47,blue-collar,married,primary,no,214,yes,yes,unknown,9,jun,168,1,-1,0,unknown,no,2024-07-11 21:00:00
40,blue-collar,married,secondary,no,4259,no,no,unknown,12,jun,454,4,-1,0,unknown,no,2024-07-11 22:00:00
54,blue-collar,married,secondary,no,1291,yes,no,unknown,5,may,266,1,-1,0,unknown,no,2024-07-11 23:00:00
57,management,married,tertiary,no,179,no,no,cellular,31,jul,190,2,-1,0,unknown,no,2024-07-12 00:00:00
57,retired,married,primary,no,1335,no,no,cellular,19,nov,902,2,-1,0,unknown,no,2024-07-12 01:00:00
51,blue-collar,married,primary,no,3185,yes,no,cellular,13,may,154,1,174,2,failure,no,2024-07-12 02:00:00
37,technician,single,tertiary,no,147,no,no,unknown,7,may,416,2,-1,0,unknown,no,2024-07-12 03:00:00
44,services,divorced,secondary,no,0,no,yes,cellular,17,jul,275,17,-1,0,unknown,no,2024-07-12 04:00:00
32,management,married,tertiary,no,263,no,no,cellular,22,aug,175,1,-1,0,unknown,no,2024-07-12 05:00:00
55,admin.,married,secondary,no,9039,yes,no,unknown,15,may,187,6,-1,0,unknown,no,2024-07-12 06:00:00
33,unknown,married,secondary,no,335,no,no,cellular,4,feb,891,2,177,7,failure,yes,2024-07-12 07:00:00
43,admin.,single,secondary,no,-495,yes,yes,unknown,23,may,131,1,-1,0,unknown,no,2024-07-12 08:00:00
54,management,married,tertiary,no,8295,no,no,cellular,5,jun,207,1,-1,0,unknown,yes,2024-07-12 09:00:00
32,management,married,tertiary,no,0,no,no,cellular,26,aug,104,9,-1,0,unknown,no,2024-07-12 10:00:00
49,technician,divorced,secondary,no,30,no,yes,cellular,15,jul,439,2,-1,0,unknown,no,2024-07-12 11:00:00
39,management,single,tertiary,no,0,no,no,cellular,6,may,389,2,-1,0,unknown,no,2024-07-12 12:00:00
34,blue-collar,married,secondary,no,463,yes,no,cellular,18,may,11,11,360,4,failure,no,2024-07-12 13:00:00
44,blue-collar,married,secondary,no,1786,yes,no,unknown,15,may,452,2,-1,0,unknown,no,2024-07-12 14:00:00
37,technician,married,secondary,no,195,yes,no,cellular,18,nov,68,1,194,2,failure,no,2024-07-12 15:00:00
28,management,married,secondary,no,3,yes,no,cellular,14,sep,112,2,24,2,other,no,2024-07-12 16:00:00
32,services,single,secondary,no,48,yes,no,cellular,20,apr,8,3,-1,0,unknown,no,2024-07-12 17:00:00
39,admin.,married,secondary,no,150,no,no,cellular,3,jun,296,4,-1,0,unknown,yes,2024-07-12 18:00:00
42,services,single,unknown,no,4800,no,no,unknown,20,jun,10,11,-1,0,unknown,no,2024-07-12 19:00:00
33,management,married,tertiary,no,0,yes,no,cellular,5,may,301,1,365,1,failure,no,2024-07-12 20:00:00
34,blue-collar,single,secondary,no,381,yes,no,cellular,29,jan,83,1,262,1,failure,no,2024-07-12 21:00:00
46,management,married,tertiary,no,-71,yes,yes,telephone,24,jul,258,2,-1,0,unknown,no,2024-07-12 22:00:00
40,admin.,married,secondary,no,3234,no,no,unknown,6,jun,82,1,-1,0,unknown,no,2024-07-12 23:00:00
46,technician,married,secondary,no,363,yes,no,cellular,2,feb,346,1,180,3,failure,no,2024-07-13 00:00:00
53,blue-collar,married,primary,no,655,yes,no,cellular,26,may,103,2,-1,0,unknown,no,2024-07-13 01:00:00
33,technician,single,secondary,no,0,yes,no,cellular,9,feb,91,3,236,4,other,no,2024-07-13 02:00:00
27,management,single,tertiary,no,1995,yes,no,unknown,28,may,239,2,-1,0,unknown,no,2024-07-13 03:00:00
24,management,married,secondary,no,867,yes,no,unknown,20,jun,546,10,-1,0,unknown,yes,2024-07-13 04:00:00
35,technician,single,secondary,no,-229,yes,no,unknown,27,may,100,2,-1,0,unknown,no,2024-07-13 05:00:00
68,retired,married,tertiary,no,2812,no,no,cellular,3,feb,279,2,181,1,failure,yes,2024-07-13 06:00:00
44,blue-collar,married,unknown,no,3373,yes,no,cellular,20,apr,48,2,342,1,failure,no,2024-07-13 07:00:00
59,technician,married,secondary,no,259,no,no,cellular,15,jun,415,1,89,1,success,yes,2024-07-13 08:00:00
34,management,divorced,tertiary,no,0,no,no,cellular,21,aug,123,2,-1,0,unknown,no,2024-07-13 09:00:00
41,blue-collar,married,secondary,no,140,yes,no,unknown,6,may,311,3,-1,0,unknown,no,2024-07-13 10:00:00
31,services,married,secondary,no,-68,yes,no,unknown,26,may,293,4,-1,0,unknown,no,2024-07-13 11:00:00
45,unemployed,married,tertiary,no,3559,yes,yes,cellular,20,nov,264,1,-1,0,unknown,no,2024-07-13 12:00:00
28,blue-collar,married,secondary,no,61,yes,no,cellular,4,may,226,2,319,1,success,yes,2024-07-13 13:00:00
52,management,married,tertiary,no,2578,no,no,cellular,17,nov,412,1,-1,0,unknown,no,2024-07-13 14:00:00
61,management,married,tertiary,no,0,yes,no,cellular,15,apr,114,1,-1,0,unknown,no,2024-07-13 15:00:00
55,management,married,tertiary,no,23189,yes,no,unknown,14,may,77,1,-1,0,unknown,no,2024-07-13 16:00:00
33,technician,married,secondary,no,480,yes,no,cellular,30,jan,272,1,270,1,other,no,2024-07-13 17:00:00
39,technician,married,secondary,no,-709,yes,no,cellular,25,jul,311,6,-1,0,unknown,no,2024-07-13 18:00:00
44,blue-collar,married,secondary,no,0,yes,no,unknown,14,may,101,2,-1,0,unknown,no,2024-07-13 19:00:00
42,blue-collar,married,primary,no,201,yes,no,cellular,30,apr,841,1,85,2,failure,yes,2024-07-13 20:00:00
27,admin.,single,secondary,no,145,no,yes,cellular,7,jul,95,3,-1,0,unknown,no,2024-07-13 21:00:00
52,retired,married,unknown,no,293,no,no,unknown,11,jun,706,1,-1,0,unknown,yes,2024-07-13 22:00:00
36,blue-collar,married,secondary,no,520,yes,no,unknown,23,may,110,2,-1,0,unknown,no,2024-07-13 23:00:00
35,student,divorced,tertiary,no,100,no,no,cellular,21,nov,50,1,-1,0,unknown,no,2024-07-14 00:00:00
38,blue-collar,married,primary,no,1576,yes,no,cellular,16,apr,144,1,328,2,other,no,2024-07-14 01:00:00
37,technician,divorced,secondary,no,1559,yes,no,cellular,20,nov,178,2,170,8,other,no,2024-07-14 02:00:00
38,admin.,married,secondary,no,1073,yes,no,unknown,21,may,207,2,-1,0,unknown,no,2024-07-14 03:00:00
42,blue-collar,married,primary,no,1556,no,yes,cellular,8,jul,113,1,-1,0,unknown,no,2024-07-14 04:00:00
27,blue-collar,single,primary,no,1659,no,yes,cellular,7,jul,447,3,-1,0,unknown,no,2024-07-14 05:00:00
29,management,married,secondary,no,0,yes,no,unknown,2,jun,85,4,-1,0,unknown,no,2024-07-14 06:00:00
31,services,divorced,unknown,no,0,no,yes,cellular,9,jul,138,1,-1,0,unknown,no,2024-07-14 07:00:00
31,admin.,single,tertiary,no,4129,no,no,cellular,2,mar,105,1,182,1,failure,no,2024-07-14 08:00:00
41,blue-collar,single,secondary,no,948,yes,no,unknown,3,jun,157,1,-1,0,unknown,no,2024-07-14 09:00:00
59,retired,married,primary,yes,-13,no,no,cellular,11,aug,77,1,-1,0,unknown,no,2024-07-14 10:00:00
56,blue-collar,married,secondary,no,813,yes,yes,unknown,14,jul,71,1,-1,0,unknown,no,2024-07-14 11:00:00
29,blue-collar,single,secondary,no,874,yes,no,unknown,15,may,68,5,-1,0,unknown,no,2024-07-14 12:00:00
69,retired,divorced,secondary,no,4189,no,no,cellular,18,oct,138,4,96,2,success,no,2024-07-14 13:00:00
40,services,married,secondary,no,181,yes,no,unknown,16,may,370,1,-1,0,unknown,no,2024-07-14 14:00:00
41,admin.,married,primary,no,0,yes,no,cellular,6,may,184,2,323,1,failure,no,2024-07-14 15:00:00
31,management,married,tertiary,no,382,no,no,cellular,27,aug,43,19,-1,0,unknown,no,2024-07-14 16:00:00
26,student,single,secondary,no,2138,yes,no,cellular,15,may,18,8,371,1,other,no,2024-07-14 17:00:00
71,retired,divorced,tertiary,no,261,no,no,cellular,12,aug,1117,2,-1,0,unknown,no,2024-07-14 18:00:00
40,admin.,single,primary,no,846,yes,no,cellular,14,may,204,1,-1,0,unknown,no,2024-07-14 19:00:00
49,blue-collar,single,secondary,no,143,yes,no,unknown,6,may,83,1,-1,0,unknown,no,2024-07-14 20:00:00
24,admin.,married,secondary,no,262,yes,no,unknown,4,jun,69,3,-1,0,unknown,no,2024-07-14 21:00:00
46,services,divorced,secondary,no,15,no,no,cellular,19,nov,314,3,-1,0,unknown,no,2024-07-14 22:00:00
33,technician,married,secondary,no,348,yes,no,cellular,7,may,263,2,294,1,success,no,2024-07-14 23:00:00
50,entrepreneur,married,tertiary,no,433,yes,no,cellular,18,may,47,4,-1,0,unknown,no,2024-07-15 00:00:00
39,blue-collar,single,primary,no,1530,yes,no,unknown,9,jun,140,1,-1,0,unknown,no,2024-07-15 01:00:00
35,technician,single,tertiary,no,6763,no,no,telephone,31,jul,23,4,-1,0,unknown,no,2024-07-15 02:00:00
29,admin.,married,secondary,no,708,yes,no,unknown,4,jun,194,1,-1,0,unknown,no,2024-07-15 03:00:00
22,student,single,secondary,no,280,yes,no,unknown,2,jul,63,4,-1,0,unknown,no,2024-07-15 04:00:00
35,management,single,tertiary,no,2646,no,no,cellular,13,oct,221,1,182,1,success,yes,2024-07-15 05:00:00
43,blue-collar,single,primary,no,189,no,yes,telephone,22,jul,97,15,-1,0,unknown,no,2024-07-15 06:00:00
71,housemaid,divorced,primary,no,1311,no,no,cellular,10,nov,301,2,91,1,success,yes,2024-07-15 07:00:00
46,admin.,married,secondary,no,974,no,no,cellular,17,mar,178,1,-1,0,unknown,yes,2024-07-15 08:00:00
40,services,divorced,unknown,no,4384,yes,no,unknown,5,may,315,1,-1,0,unknown,no,2024-07-15 09:00:00
45,management,divorced,tertiary,no,839,yes,no,cellular,20,aug,121,4,-1,0,unknown,no,2024-07-15 10:00:00
36,admin.,divorced,secondary,no,246,yes,no,unknown,16,may,206,2,-1,0,unknown,no,2024-07-15 11:00:00
47,technician,married,unknown,no,2106,yes,no,unknown,6,may,168,1,-1,0,unknown,no,2024-07-15 12:00:00
37,admin.,single,secondary,no,862,no,no,cellular,20,nov,85,1,122,2,failure,no,2024-07-15 13:00:00
26,unemployed,single,secondary,no,461,no,no,cellular,28,jan,214,1,-1,0,unknown,no,2024-07-15 14:00:00
63,housemaid,married,primary,no,3173,no,no,telephone,8,jul,154,1,-1,0,unknown,no,2024-07-15 15:00:00
38,self-employed,married,tertiary,no,327,yes,no,cellular,6,may,69,2,-1,0,unknown,no,2024-07-15 16:00:00
29,technician,single,tertiary,no,354,yes,no,unknown,26,may,255,1,-1,0,unknown,no,2024-07-15 17:00:00
36,technician,divorced,secondary,no,666,yes,yes,cellular,3,apr,190,1,133,1,other,no,2024-07-15 18:00:00
63,retired,married,secondary,no,1495,no,no,cellular,16,nov,138,1,22,5,success,no,2024-07-15 19:00:00
38,blue-collar,married,primary,no,1602,no,no,unknown,16,jun,100,1,-1,0,unknown,no,2024-07-15 20:00:00
30,blue-collar,single,secondary,no,239,yes,no,unknown,23,may,785,1,-1,0,unknown,yes,2024-07-15 21:00:00
28,student,single,tertiary,no,3,no,no,cellular,11,nov,135,2,148,1,other,no,2024-07-15 22:00:00
30,admin.,married,tertiary,no,631,no,no,cellular,13,aug,293,3,-1,0,unknown,no,2024-07-15 23:00:00
44,blue-collar,married,secondary,no,1127,no,no,cellular,16,jun,399,1,-1,0,unknown,no,2024-07-16 00:00:00
69,management,married,tertiary,no,840,no,no,telephone,5,feb,128,3,-1,0,unknown,yes,2024-07-16 01:00:00
31,management,married,tertiary,no,242,yes,no,cellular,9,jun,106,4,-1,0,unknown,no,2024-07-16 02:00:00
35,management,single,tertiary,no,704,no,no,cellular,21,apr,164,1,-1,0,unknown,yes,2024-07-16 03:00:00
45,admin.,married,secondary,no,0,no,no,cellular,22,jul,73,2,-1,0,unknown,no,2024-07-16 04:00:00
30,technician,single,secondary,no,62,yes,no,telephone,3,feb,678,2,252,1,other,no,2024-07-16 05:00:00
50,management,married,secondary,no,0,yes,no,cellular,19,nov,122,2,-1,0,unknown,no,2024-07-16 06:00:00
55,management,divorced,tertiary,no,17,no,no,cellular,19,aug,129,4,-1,0,unknown,no,2024-07-16 07:00:00
30,self-employed,single,tertiary,no,253,yes,no,cellular,28,jul,283,4,-1,0,unknown,no,2024-07-16 08:00:00
27,student,single,unknown,no,132,no,no,cellular,14,jul,276,1,-1,0,unknown,yes,2024-07-16 09:00:00
50,management,married,secondary,no,0,no,no,cellular,27,aug,97,7,-1,0,unknown,no,2024-07-16 10:00:00
25,management,married,unknown,no,448,no,no,cellular,5,feb,151,1,297,1,success,yes,2024-07-16 11:00:00
43,technician,married,secondary,no,463,no,no,unknown,3,jun,268,1,-1,0,unknown,no,2024-07-16 12:00:00
47,services,married,secondary,no,505,no,no,unknown,20,jun,152,3,-1,0,unknown,no,2024-07-16 13:00:00
41,technician,married,secondary,no,459,yes,no,unknown,19,may,102,1,-1,0,unknown,no,2024-07-16 14:00:00
54,self-employed,divorced,tertiary,no,1323,no,no,cellular,19,nov,83,1,152,4,failure,no,2024-07-16 15:00:00
41,admin.,married,secondary,no,21515,yes,no,unknown,5,jun,87,1,-1,0,unknown,no,2024-07-16 16:00:00
64,retired,divorced,primary,no,315,no,no,cellular,17,feb,154,1,-1,0,unknown,yes,2024-07-16 17:00:00
36,entrepreneur,married,secondary,no,352,yes,no,unknown,21,may,139,2,-1,0,unknown,no,2024-07-16 18:00:00
51,retired,married,tertiary,no,746,no,no,cellular,25,aug,372,5,-1,0,unknown,yes,2024-07-16 19:00:00
44,blue-collar,married,primary,no,185,yes,no,unknown,8,may,249,1,-1,0,unknown,no,2024-07-16 20:00:00
49,blue-collar,married,secondary,no,366,yes,yes,unknown,30,may,191,3,-1,0,unknown,no,2024-07-16 21:00:00
37,blue-collar,single,secondary,no,243,no,no,cellular,27,aug,167,10,-1,0,unknown,no,2024-07-16 22:00:00
42,housemaid,married,tertiary,no,0,no,no,cellular,26,aug,112,10,-1,0,unknown,no,2024-07-16 23:00:00
33,blue-collar,single,secondary,no,498,no,no,cellular,30,apr,301,1,-1,0,unknown,yes,2024-07-17 00:00:00
28,admin.,single,secondary,no,-39,no,yes,cellular,18,jul,64,2,-1,0,unknown,no,2024-07-17 01:00:00
46,services,divorced,secondary,no,350,yes,no,cellular,3,apr,230,1,-1,0,unknown,no,2024-07-17 02:00:00
53,management,married,primary,no,2096,no,no,unknown,9,jun,104,1,-1,0,unknown,no,2024-07-17 03:00:00
28,technician,single,tertiary,no,1026,yes,no,cellular,13,may,101,3,-1,0,unknown,no,2024-07-17 04:00:00
40,blue-collar,married,secondary,no,5,yes,no,cellular,15,may,364,2,-1,0,unknown,no,2024-07-17 05:00:00
41,management,married,tertiary,no,4063,yes,no,cellular,12,may,14,5,172,2,failure,no,2024-07-17 06:00:00
59,admin.,married,secondary,no,106,no,no,cellular,22,may,186,1,-1,0,unknown,yes,2024-07-17 07:00:00
37,blue-collar,divorced,secondary,no,333,yes,no,telephone,18,may,73,6,-1,0,unknown,no,2024-07-17 08:00:00
41,management,married,tertiary,no,1409,no,no,cellular,5,aug,138,1,-1,0,unknown,no,2024-07-17 09:00:00
33,management,single,tertiary,no,1271,yes,no,cellular,15,apr,636,3,330,1,failure,yes,2024-07-17 10:00:00
30,blue-collar,married,secondary,no,717,yes,no,unknown,8,may,42,1,-1,0,unknown,no,2024-07-17 11:00:00
36,technician,single,tertiary,no,53,no,yes,cellular,18,aug,64,7,-1,0,unknown,no,2024-07-17 12:00:00
35,blue-collar,married,unknown,no,-400,yes,yes,unknown,3,jul,85,1,-1,0,unknown,no,2024-07-17 13:00:00
35,management,single,tertiary,no,560,yes,no,unknown,6,may,181,1,-1,0,unknown,no,2024-07-17 14:00:00
47,technician,married,secondary,no,1059,yes,no,cellular,17,jul,154,1,-1,0,unknown,no,2024-07-17 15:00:00
61,retired,divorced,secondary,no,927,no,no,cellular,30,apr,427,3,-1,0,unknown,yes,2024-07-17 16:00:00
36,management,married,secondary,no,-267,no,no,cellular,21,jul,368,2,-1,0,unknown,no,2024-07-17 17:00:00
39,technician,married,tertiary,no,0,yes,no,cellular,14,jul,894,7,-1,0,unknown,yes,2024-07-17 18:00:00
53,admin.,married,secondary,no,225,yes,no,cellular,20,apr,304,1,340,1,failure,no,2024-07-17 19:00:00
29,blue-collar,single,secondary,no,734,yes,yes,cellular,30,apr,259,1,296,1,other,yes,2024-07-17 20:00:00
39,technician,married,secondary,no,564,no,no,cellular,21,aug,86,4,-1,0,unknown,no,2024-07-17 21:00:00
30,management,married,tertiary,no,593,yes,yes,cellular,18,jul,412,1,-1,0,unknown,no,2024-07-17 22:00:00
35,blue-collar,married,primary,no,300,yes,no,unknown,4,jun,81,1,-1,0,unknown,no,2024-07-17 23:00:00
30,technician,single,tertiary,no,411,no,no,cellular,22,oct,127,3,149,2,failure,yes,2024-07-18 00:00:00
31,blue-collar,single,secondary,no,1205,yes,no,cellular,16,apr,462,1,328,2,other,no,2024-07-18 01:00:00
53,retired,married,primary,no,2010,no,yes,unknown,6,jun,182,1,-1,0,unknown,no,2024-07-18 02:00:00
48,admin.,married,primary,no,607,no,no,unknown,20,jun,29,2,-1,0,unknown,no,2024-07-18 03:00:00
36,services,divorced,secondary,no,543,yes,no,cellular,17,apr,101,1,269,2,failure,no,2024-07-18 04:00:00
80,retired,divorced,primary,no,235,no,no,cellular,31,mar,577,1,223,3,other,yes,2024-07-18 05:00:00
42,management,married,secondary,no,1079,no,no,cellular,19,aug,117,6,-1,0,unknown,no,2024-07-18 06:00:00
42,entrepreneur,married,tertiary,no,1654,no,no,unknown,17,jun,116,1,-1,0,unknown,no,2024-07-18 07:00:00
65,technician,married,secondary,no,2303,no,no,cellular,1,sep,95,2,-1,0,unknown,no,2024-07-18 08:00:00
35,self-employed,married,tertiary,no,506,no,no,cellular,27,apr,144,1,-1,0,unknown,no,2024-07-18 09:00:00
35,management,single,tertiary,no,2928,yes,no,cellular,18,nov,54,1,-1,0,unknown,no,2024-07-18 10:00:00
32,self-employed,married,tertiary,no,210,yes,no,cellular,19,nov,268,1,-1,0,unknown,no,2024-07-18 11:00:00
25,blue-collar,single,primary,no,52,yes,no,unknown,24,jun,528,2,-1,0,unknown,yes,2024-07-18 12:00:00
40,management,single,tertiary,no,89,yes,no,cellular,30,jul,96,6,-1,0,unknown,no,2024-07-18 13:00:00
27,technician,married,tertiary,no,77,yes,no,cellular,16,jul,143,1,-1,0,unknown,no,2024-07-18 14:00:00
28,blue-collar,married,secondary,no,110,yes,no,unknown,27,may,420,1,-1,0,unknown,no,2024-07-18 15:00:00
36,management,single,tertiary,no,490,no,no,cellular,22,may,72,1,-1,0,unknown,no,2024-07-18 16:00:00
39,services,single,secondary,no,158,yes,no,cellular,21,nov,183,1,168,2,failure,no,2024-07-18 17:00:00
59,blue-collar,divorced,primary,no,867,yes,no,cellular,24,jul,120,1,-1,0,unknown,no,2024-07-18 18:00:00
33,technician,single,secondary,no,0,no,no,cellular,22,aug,208,1,-1,0,unknown,no,2024-07-18 19:00:00
41,services,single,secondary,no,260,no,no,unknown,6,jun,75,1,-1,0,unknown,no,2024-07-18 20:00:00
37,technician,married,secondary,no,1309,yes,no,cellular,28,aug,77,4,-1,0,unknown,no,2024-07-18 21:00:00
50,management,married,secondary,no,0,yes,no,unknown,14,may,94,4,-1,0,unknown,no,2024-07-18 22:00:00
31,management,married,tertiary,no,197,yes,no,cellular,2,feb,105,1,-1,0,unknown,no,2024-07-18 23:00:00
34,unemployed,married,tertiary,no,10,no,no,cellular,22,aug,71,5,-1,0,unknown,no,2024-07-19 00:00:00
44,entrepreneur,single,unknown,no,323,no,no,cellular,28,jul,332,2,181,2,failure,yes,2024-07-19 01:00:00
41,blue-collar,married,secondary,no,1449,yes,no,cellular,19,nov,63,1,-1,0,unknown,no,2024-07-19 02:00:00
49,retired,married,primary,no,-37,no,no,unknown,4,jul,191,2,-1,0,unknown,no,2024-07-19 03:00:00
34,blue-collar,married,secondary,no,1454,yes,no,cellular,11,feb,231,2,297,2,failure,yes,2024-07-19 04:00:00
45,management,married,tertiary,no,126,yes,no,cellular,20,apr,92,1,342,1,failure,no,2024-07-19 05:00:00
49,technician,married,secondary,no,51,no,no,cellular,20,aug,513,4,-1,0,unknown,no,2024-07-19 06:00:00
25,blue-collar,married,secondary,no,-507,yes,yes,unknown,4,jun,404,2,-1,0,unknown,no,2024-07-19 07:00:00
28,services,single,secondary,no,229,yes,no,unknown,9,may,322,1,-1,0,unknown,no,2024-07-19 08:00:00
36,entrepreneur,single,secondary,no,157,yes,no,unknown,8,may,41,1,-1,0,unknown,no,2024-07-19 09:00:00
31,technician,married,secondary,no,141,no,no,cellular,20,aug,110,2,-1,0,unknown,no,2024-07-19 10:00:00
36,management,married,secondary,no,339,yes,no,cellular,12,may,279,1,354,1,failure,no,2024-07-19 11:00:00
83,retired,married,tertiary,no,6236,no,no,cellular,12,oct,766,1,62,3,failure,no,2024-07-19 12:00:00
32,blue-collar,single,primary,no,2829,yes,no,cellular,5,may,26,1,-1,0,unknown,no,2024-07-19 13:00:00
45,management,married,tertiary,no,4119,yes,yes,telephone,31,aug,473,2,283,1,success,yes,2024-07-19 14:00:00
36,admin.,single,tertiary,no,980,no,no,cellular,30,jul,156,3,179,4,failure,no,2024-07-19 15:00:00
60,retired,married,secondary,no,197,no,no,cellular,7,oct,1386,1,-1,0,unknown,no,2024-07-19 16:00:00
31,blue-collar,married,secondary,no,1533,yes,no,unknown,30,may,29,4,-1,0,unknown,no,2024-07-19 17:00:00
39,blue-collar,married,secondary,no,1044,yes,no,cellular,2,feb,158,1,-1,0,unknown,no,2024-07-19 18:00:00
33,self-employed,married,tertiary,no,3064,no,no,cellular,20,nov,309,1,-1,0,unknown,no,2024-07-19 19:00:00
59,retired,married,primary,no,-47,yes,no,cellular,27,aug,84,4,-1,0,unknown,no,2024-07-19 20:00:00
37,housemaid,married,secondary,no,12939,yes,yes,cellular,3,feb,77,3,202,9,failure,no,2024-07-19 21:00:00
40,blue-collar,married,primary,no,1841,yes,no,cellular,15,may,880,4,-1,0,unknown,yes,2024-07-19 22:00:00
46,services,married,secondary,no,271,yes,no,unknown,16,may,134,4,-1,0,unknown,no,2024-07-19 23:00:00
50,admin.,divorced,primary,no,8583,yes,no,cellular,19,nov,59,1,-1,0,unknown,no,2024-07-20 00:00:00
49,blue-collar,married,primary,no,3,no,yes,cellular,9,jul,1439,6,-1,0,unknown,yes,2024-07-20 01:00:00
23,student,single,unknown,no,2530,no,no,cellular,12,may,411,1,-1,0,unknown,yes,2024-07-20 02:00:00
54,blue-collar,married,primary,no,736,yes,yes,telephone,17,apr,158,1,-1,0,unknown,no,2024-07-20 03:00:00
29,management,single,tertiary,no,1026,no,no,cellular,12,nov,226,1,92,1,other,yes,2024-07-20 04:00:00
48,blue-collar,divorced,primary,no,24,yes,no,unknown,14,may,832,1,-1,0,unknown,yes,2024-07-20 05:00:00
31,blue-collar,married,secondary,no,1515,yes,no,cellular,20,nov,361,1,-1,0,unknown,no,2024-07-20 06:00:00
55,self-employed,married,primary,no,468,yes,no,cellular,11,may,214,2,-1,0,unknown,no,2024-07-20 07:00:00
41,services,married,secondary,no,803,yes,no,cellular,9,apr,592,4,316,3,failure,yes,2024-07-20 08:00:00
41,technician,married,secondary,no,2125,yes,yes,cellular,21,nov,285,3,116,4,failure,no,2024-07-20 09:00:00
33,technician,single,tertiary,no,617,yes,no,cellular,16,apr,282,2,259,4,other,no,2024-07-20 10:00:00
58,self-employed,married,tertiary,no,5810,no,no,cellular,12,mar,139,1,-1,0,unknown,yes,2024-07-20 11:00:00
52,technician,married,secondary,no,11,yes,no,unknown,13,may,420,1,-1,0,unknown,no,2024-07-20 12:00:00
40,management,married,tertiary,no,9366,no,no,cellular,11,nov,69,3,-1,0,unknown,yes,2024-07-20 13:00:00
29,management,single,tertiary,no,640,no,no,cellular,8,jul,150,2,-1,0,unknown,no,2024-07-20 14:00:00
30,services,married,secondary,no,973,yes,no,cellular,21,nov,156,2,-1,0,unknown,no,2024-07-20 15:00:00
33,self-employed,married,tertiary,no,1278,no,no,cellular,6,oct,649,1,-1,0,unknown,yes,2024-07-20 16:00:00
49,blue-collar,married,primary,no,198,yes,no,unknown,6,may,200,2,-1,0,unknown,no,2024-07-20 17:00:00
45,technician,married,tertiary,no,970,no,no,cellular,7,aug,216,4,-1,0,unknown,no,2024-07-20 18:00:00
35,management,single,tertiary,no,243,yes,no,unknown,12,may,102,3,-1,0,unknown,no,2024-07-20 19:00:00
23,services,single,secondary,no,75,yes,no,unknown,15,may,448,4,-1,0,unknown,no,2024-07-20 20:00:00
27,student,single,secondary,no,0,no,yes,telephone,29,jan,125,1,-1,0,unknown,no,2024-07-20 21:00:00
60,admin.,married,secondary,no,3735,no,no,cellular,22,sep,183,1,184,11,success,yes,2024-07-20 22:00:00
30,technician,single,secondary,no,930,no,no,cellular,2,jul,396,1,-1,0,unknown,yes,2024-07-20 23:00:00
30,services,married,unknown,no,4471,yes,no,unknown,17,jun,424,2,-1,0,unknown,no,2024-07-21 00:00:00
32,housemaid,married,primary,no,3786,no,no,cellular,8,aug,93,1,-1,0,unknown,no,2024-07-21 01:00:00
45,services,married,secondary,no,1550,yes,no,unknown,5,jun,127,6,-1,0,unknown,no,2024-07-21 02:00:00
58,blue-collar,married,secondary,no,544,no,no,unknown,17,jun,97,1,-1,0,unknown,no,2024-07-21 03:00:00
58,blue-collar,married,primary,no,1965,no,no,cellular,18,mar,125,1,-1,0,unknown,no,2024-07-21 04:00:00
38,technician,single,secondary,no,1788,no,no,cellular,8,aug,391,2,-1,0,unknown,no,2024-07-21 05:00:00
48,services,single,secondary,no,561,yes,no,cellular,12,may,214,1,358,2,other,no,2024-07-21 06:00:00
54,admin.,married,secondary,no,614,yes,no,cellular,6,may,322,2,343,2,failure,no,2024-07-21 07:00:00
48,technician,married,secondary,no,504,no,yes,cellular,6,aug,227,3,-1,0,unknown,no,2024-07-21 08:00:00
34,management,married,tertiary,no,3301,yes,no,cellular,17,sep,164,5,92,6,success,yes,2024-07-21 09:00:00
32,blue-collar,single,secondary,no,811,yes,no,cellular,14,may,563,1,-1,0,unknown,yes,2024-07-21 10:00:00
31,blue-collar,married,secondary,no,33,no,no,unknown,4,jul,165,2,-1,0,unknown,no,2024-07-21 11:00:00
35,blue-collar,married,primary,no,2732,yes,no,unknown,18,nov,254,1,-1,0,unknown,no,2024-07-21 12:00:00
28,management,single,tertiary,no,223,yes,no,telephone,27,aug,157,2,119,1,other,yes,2024-07-21 13:00:00
38,blue-collar,married,secondary,no,121,yes,yes,cellular,9,jul,80,2,-1,0,unknown,no,2024-07-21 14:00:00
33,unemployed,married,secondary,no,-12,no,yes,cellular,21,jul,77,2,-1,0,unknown,no,2024-07-21 15:00:00
31,admin.,married,secondary,no,8784,yes,no,unknown,21,may,63,2,-1,0,unknown,no,2024-07-21 16:00:00
33,entrepreneur,married,tertiary,no,196,yes,no,cellular,18,nov,58,1,-1,0,unknown,no,2024-07-21 17:00:00
28,services,single,secondary,no,0,no,no,cellular,4,feb,428,1,-1,0,unknown,no,2024-07-21 18:00:00
45,blue-collar,married,secondary,no,61,yes,no,unknown,26,may,745,4,-1,0,unknown,yes,2024-07-21 19:00:00
37,blue-collar,married,secondary,no,117,yes,no,unknown,4,jun,52,1,-1,0,unknown,no,2024-07-21 20:00:00
46,management,married,primary,no,1267,yes,yes,cellular,18,nov,187,2,-1,0,unknown,no,2024-07-21 21:00:00
51,retired,married,primary,no,1495,no,no,telephone,25,jul,1946,4,-1,0,unknown,yes,2024-07-21 22:00:00
58,management,married,tertiary,no,7387,no,no,telephone,17,nov,85,1,-1,0,unknown,no,2024-07-21 23:00:00
44,management,married,tertiary,no,7177,no,no,unknown,19,jun,89,2,-1,0,unknown,no,2024-07-22 00:00:00
33,blue-collar,single,primary,no,599,yes,no,unknown,21,may,29,1,-1,0,unknown,no,2024-07-22 01:00:00
39,blue-collar,married,primary,no,2715,yes,no,unknown,2,jun,201,3,-1,0,unknown,no,2024-07-22 02:00:00
45,services,single,secondary,no,1771,no,no,unknown,18,jun,50,2,-1,0,unknown,no,2024-07-22 03:00:00
41,admin.,single,secondary,no,-22,yes,no,unknown,4,jun,166,2,-1,0,unknown,no,2024-07-22 04:00:00
56,technician,divorced,secondary,no,1480,yes,yes,cellular,5,feb,576,1,-1,0,unknown,no,2024-07-22 05:00:00
36,self-employed,married,tertiary,no,107,yes,no,unknown,6,may,146,1,-1,0,unknown,no,2024-07-22 06:00:00
29,blue-collar,married,secondary,no,832,yes,no,unknown,16,may,228,2,-1,0,unknown,no,2024-07-22 07:00:00
55,services,divorced,primary,no,2923,yes,no,unknown,15,may,104,2,-1,0,unknown,no,2024-07-22 08:00:00
62,self-employed,married,tertiary,no,3685,no,no,cellular,3,feb,181,3,-1,0,unknown,no,2024-07-22 09:00:00
43,management,divorced,tertiary,no,1413,yes,no,cellular,18,aug,116,9,-1,0,unknown,no,2024-07-22 10:00:00
34,blue-collar,married,secondary,no,225,yes,no,unknown,28,may,342,2,-1,0,unknown,no,2024-07-22 11:00:00
44,technician,married,secondary,no,736,yes,no,telephone,14,may,210,2,-1,0,unknown,no,2024-07-22 12:00:00
29,blue-collar,single,secondary,no,80,yes,yes,unknown,2,jun,281,4,-1,0,unknown,no,2024-07-22 13:00:00
32,technician,single,secondary,no,1210,yes,yes,cellular,7,may,107,1,344,4,failure,no,2024-07-22 14:00:00
65,retired,married,tertiary,no,2416,no,no,cellular,17,feb,221,2,-1,0,unknown,yes,2024-07-22 15:00:00
32,technician,married,tertiary,no,43,no,no,cellular,22,aug,154,5,-1,0,unknown,no,2024-07-22 16:00:00
51,housemaid,married,primary,no,289,no,no,unknown,14,may,97,5,-1,0,unknown,no,2024-07-22 17:00:00
42,technician,divorced,secondary,no,19,no,no,cellular,20,aug,875,4,-1,0,unknown,yes,2024-07-22 18:00:00
39,technician,married,tertiary,no,11766,yes,no,cellular,14,aug,313,4,102,5,failure,no,2024-07-22 19:00:00
46,services,married,primary,no,830,yes,yes,cellular,11,jul,211,2,-1,0,unknown,no,2024-07-22 20:00:00
49,technician,married,tertiary,no,1077,yes,no,cellular,21,nov,79,4,-1,0,unknown,no,2024-07-22 21:00:00
39,blue-collar,married,primary,no,105,yes,no,unknown,9,may,294,2,-1,0,unknown,no,2024-07-22 22:00:00
48,management,single,tertiary,no,1437,yes,yes,unknown,17,jun,34,2,-1,0,unknown,no,2024-07-22 23:00:00
44,admin.,married,secondary,no,-372,yes,no,unknown,5,may,172,1,-1,0,unknown,no,2024-07-23 00:00:00
35,admin.,single,secondary,no,1537,yes,no,cellular,5,may,84,5,-1,0,unknown,no,2024-07-23 01:00:00
30,management,single,tertiary,no,1637,yes,no,cellular,13,aug,163,3,-1,0,unknown,no,2024-07-23 02:00:00
25,services,divorced,secondary,no,1694,no,no,cellular,7,jul,159,2,-1,0,unknown,no,2024-07-23 03:00:00
32,blue-collar,single,secondary,no,22,no,no,cellular,7,jul,280,1,-1,0,unknown,no,2024-07-23 04:00:00
50,admin.,divorced,secondary,yes,-500,yes,no,unknown,14,may,148,3,-1,0,unknown,no,2024-07-23 05:00:00
45,admin.,married,secondary,no,434,no,no,cellular,26,aug,76,4,-1,0,unknown,no,2024-07-23 06:00:00
30,blue-collar,married,primary,no,2,yes,yes,cellular,13,may,7,6,-1,0,unknown,no,2024-07-23 07:00:00
21,student,single,secondary,no,71,no,no,cellular,13,jan,169,2,-1,0,unknown,yes,2024-07-23 08:00:00
52,blue-collar,single,unknown,no,1785,no,no,cellular,3,feb,168,2,-1,0,unknown,no,2024-07-23 09:00:00
33,services,single,secondary,no,969,no,no,telephone,8,jul,107,3,-1,0,unknown,no,2024-07-23 10:00:00
40,blue-collar,single,unknown,no,4370,yes,no,unknown,14,may,232,2,-1,0,unknown,no,2024-07-23 11:00:00
26,student,single,secondary,no,620,no,no,cellular,22,may,223,1,94,1,success,yes,2024-07-23 12:00:00
48,blue-collar,divorced,primary,no,183,no,no,unknown,9,jun,940,1,-1,0,unknown,yes,2024-07-23 13:00:00
37,technician,married,secondary,no,720,yes,no,cellular,8,apr,58,3,-1,0,unknown,no,2024-07-23 14:00:00
42,management,single,tertiary,no,1206,no,no,unknown,9,jun,136,4,-1,0,unknown,no,2024-07-23 15:00:00
35,management,married,tertiary,no,194,no,no,cellular,2,feb,56,2,-1,0,unknown,no,2024-07-23 16:00:00
40,technician,single,secondary,no,200,yes,no,unknown,6,may,322,2,-1,0,unknown,no,2024-07-23 17:00:00
39,technician,divorced,secondary,no,688,yes,yes,cellular,19,nov,214,1,-1,0,unknown,no,2024-07-23 18:00:00
37,unemployed,married,tertiary,no,594,yes,no,cellular,4,feb,62,1,-1,0,unknown,no,2024-07-23 19:00:00
31,management,single,tertiary,no,635,yes,no,cellular,20,apr,37,1,320,2,failure,no,2024-07-23 20:00:00
43,management,married,tertiary,no,344,yes,yes,cellular,28,jan,282,1,238,2,failure,no,2024-07-23 21:00:00
38,technician,single,secondary,no,325,no,no,cellular,3,feb,14,6,196,2,other,no,2024-07-23 22:00:00
46,technician,single,secondary,no,747,yes,no,telephone,6,may,22,6,-1,0,unknown,no,2024-07-23 23:00:00
53,management,divorced,tertiary,no,6388,yes,no,telephone,23,jul,203,2,-1,0,unknown,no,2024-07-24 00:00:00
50,unemployed,married,secondary,no,3357,no,no,cellular,9,jun,239,4,-1,0,unknown,yes,2024-07-24 01:00:00
30,technician,single,secondary,no,10152,yes,no,cellular,10,jul,266,1,-1,0,unknown,no,2024-07-24 02:00:00
30,technician,single,secondary,no,958,no,no,cellular,8,aug,112,2,-1,0,unknown,no,2024-07-24 03:00:00
59,management,married,tertiary,no,1069,no,no,cellular,29,jul,85,2,-1,0,unknown,no,2024-07-24 04:00:00
58,technician,married,secondary,no,4299,yes,no,unknown,29,may,348,3,-1,0,unknown,no,2024-07-24 05:00:00
28,management,single,tertiary,no,41,yes,no,cellular,15,may,885,3,352,2,other,yes,2024-07-24 06:00:00
44,management,single,tertiary,no,639,no,no,cellular,27,aug,69,12,-1,0,unknown,no,2024-07-24 07:00:00
31,services,married,secondary,no,2423,yes,yes,cellular,11,may,88,3,362,1,other,no,2024-07-24 08:00:00
34,management,single,tertiary,no,2555,yes,no,cellular,26,may,129,2,-1,0,unknown,no,2024-07-24 09:00:00
37,blue-collar,married,secondary,no,740,yes,no,cellular,7,may,434,3,342,2,failure,no,2024-07-24 10:00:00
24,student,single,unknown,no,1082,no,no,cellular,24,jun,185,1,-1,0,unknown,no,2024-07-24 11:00:00
40,unemployed,married,secondary,no,0,yes,no,cellular,19,nov,332,1,183,1,failure,no,2024-07-24 12:00:00
47,blue-collar,married,primary,no,2,yes,yes,cellular,20,nov,661,4,190,1,failure,no,2024-07-24 13:00:00
36,admin.,married,secondary,no,0,yes,yes,cellular,11,may,94,1,-1,0,unknown,no,2024-07-24 14:00:00
31,management,single,tertiary,no,44,no,no,unknown,28,may,95,2,-1,0,unknown,no,2024-07-24 15:00:00
55,management,married,unknown,no,3122,no,no,cellular,8,jul,349,1,-1,0,unknown,yes,2024-07-24 16:00:00
39,blue-collar,divorced,secondary,no,42,yes,no,unknown,6,may,226,2,-1,0,unknown,no,2024-07-24 17:00:00
35,admin.,married,secondary,no,-203,yes,no,cellular,11,jul,1649,2,-1,0,unknown,yes,2024-07-24 18:00:00
46,admin.,divorced,primary,no,50,yes,yes,cellular,23,jul,379,1,-1,0,unknown,no,2024-07-24 19:00:00
33,services,single,secondary,no,-530,yes,yes,telephone,11,may,168,5,-1,0,unknown,no,2024-07-24 20:00:00
63,entrepreneur,married,secondary,no,3904,no,no,telephone,8,nov,360,1,96,4,success,yes,2024-07-24 21:00:00
48,management,married,secondary,no,3260,no,no,unknown,20,jun,111,3,-1,0,unknown,no,2024-07-24 22:00:00
57,retired,married,primary,no,0,no,no,cellular,20,aug,340,4,-1,0,unknown,no,2024-07-24 23:00:00
54,technician,divorced,tertiary,no,2133,no,no,cellular,18,nov,176,1,-1,0,unknown,no,2024-07-25 00:00:00
30,services,married,tertiary,no,2025,yes,no,cellular,17,apr,140,1,-1,0,unknown,no,2024-07-25 01:00:00
25,admin.,single,secondary,no,654,no,no,cellular,8,apr,216,1,-1,0,unknown,no,2024-07-25 02:00:00
46,blue-collar,married,primary,no,938,yes,no,unknown,2,jun,92,2,-1,0,unknown,no,2024-07-25 03:00:00
53,retired,married,tertiary,no,1770,no,no,cellular,29,jan,147,1,-1,0,unknown,no,2024-07-25 04:00:00
37,blue-collar,married,secondary,no,32,yes,no,unknown,20,may,146,2,-1,0,unknown,no,2024-07-25 05:00:00
34,housemaid,single,secondary,no,1363,no,no,telephone,1,oct,258,1,93,1,failure,no,2024-07-25 06:00:00
55,blue-collar,married,primary,no,3957,no,yes,cellular,4,feb,79,2,-1,0,unknown,no,2024-07-25 07:00:00
54,services,married,secondary,no,4482,yes,no,unknown,20,may,97,2,-1,0,unknown,no,2024-07-25 08:00:00
31,services,single,secondary,no,900,yes,no,cellular,20,nov,321,2,190,4,other,no,2024-07-25 09:00:00
56,blue-collar,married,primary,no,1798,yes,no,unknown,29,may,228,3,-1,0,unknown,no,2024-07-25 10:00:00
27,management,married,tertiary,no,159,yes,no,cellular,25,jul,295,2,-1,0,unknown,no,2024-07-25 11:00:00
27,student,single,tertiary,no,118,no,no,cellular,25,may,112,1,-1,0,unknown,no,2024-07-25 12:00:00
48,technician,married,unknown,no,74,no,no,unknown,12,jun,181,1,-1,0,unknown,no,2024-07-25 13:00:00
33,management,married,tertiary,no,1,yes,yes,cellular,21,jul,551,8,-1,0,unknown,no,2024-07-25 14:00:00
35,services,single,secondary,no,313,yes,no,cellular,11,may,195,2,301,3,failure,no,2024-07-25 15:00:00
49,technician,married,secondary,no,4667,yes,no,unknown,19,may,130,2,-1,0,unknown,no,2024-07-25 16:00:00
33,services,single,secondary,no,450,yes,no,cellular,15,may,148,2,365,2,other,no,2024-07-25 17:00:00
53,blue-collar,married,primary,no,206,no,no,cellular,5,aug,145,1,-1,0,unknown,no,2024-07-25 18:00:00
54,management,single,tertiary,no,3294,yes,no,cellular,25,jul,132,5,-1,0,unknown,no,2024-07-25 19:00:00
31,technician,married,tertiary,yes,859,yes,no,unknown,3,jun,138,2,-1,0,unknown,no,2024-07-25 20:00:00
51,technician,married,secondary,no,313,no,yes,cellular,8,jul,378,1,-1,0,unknown,no,2024-07-25 21:00:00
46,entrepreneur,married,secondary,no,757,no,no,unknown,16,jun,382,3,-1,0,unknown,no,2024-07-25 22:00:00
40,blue-collar,married,primary,no,332,yes,no,cellular,12,may,339,2,369,3,failure,no,2024-07-25 23:00:00
43,blue-collar,married,primary,no,953,yes,no,unknown,19,may,135,1,-1,0,unknown,no,2024-07-26 00:00:00
34,management,married,secondary,no,42,no,no,cellular,22,aug,82,3,-1,0,unknown,no,2024-07-26 01:00:00
44,blue-collar,married,secondary,no,701,no,yes,unknown,3,jul,269,2,-1,0,unknown,no,2024-07-26 02:00:00
55,retired,married,secondary,no,102,yes,no,unknown,7,may,74,1,-1,0,unknown,no,2024-07-26 03:00:00
37,admin.,married,secondary,no,1335,yes,no,telephone,3,apr,309,4,262,4,other,no,2024-07-26 04:00:00
26,technician,single,tertiary,no,3411,no,no,cellular,18,feb,236,1,183,2,success,no,2024-07-26 05:00:00
63,retired,married,secondary,no,415,yes,no,cellular,7,oct,323,1,-1,0,unknown,no,2024-07-26 06:00:00
27,admin.,single,secondary,no,464,no,no,cellular,10,mar,103,1,-1,0,unknown,no,2024-07-26 07:00:00
45,blue-collar,married,primary,no,665,no,no,unknown,9,jun,183,2,-1,0,unknown,no,2024-07-26 08:00:00
28,management,single,tertiary,no,1808,no,no,cellular,30,apr,309,1,-1,0,unknown,yes,2024-07-26 09:00:00
52,services,divorced,primary,no,130,yes,no,unknown,29,may,103,2,-1,0,unknown,no,2024-07-26 10:00:00
57,services,divorced,secondary,no,334,yes,no,cellular,10,jul,356,1,-1,0,unknown,no,2024-07-26 11:00:00
32,technician,single,secondary,no,210,yes,no,cellular,16,jul,298,2,-1,0,unknown,no,2024-07-26 12:00:00
54,blue-collar,divorced,secondary,no,1613,yes,no,cellular,7,jul,128,3,-1,0,unknown,no,2024-07-26 13:00:00
31,services,married,secondary,no,442,yes,no,cellular,2,feb,69,1,270,2,failure,no,2024-07-26 14:00:00
57,blue-collar,married,primary,no,831,no,no,unknown,9,jun,166,3,-1,0,unknown,no,2024-07-26 15:00:00
38,services,divorced,secondary,no,61,no,no,unknown,5,jun,636,1,-1,0,unknown,yes,2024-07-26 16:00:00
23,student,single,secondary,no,1062,no,no,telephone,27,sep,379,3,-1,0,unknown,no,2024-07-26 17:00:00
28,technician,single,secondary,no,36,no,no,cellular,14,jul,158,3,-1,0,unknown,no,2024-07-26 18:00:00
66,management,married,unknown,no,2149,yes,no,cellular,25,feb,98,1,87,10,failure,yes,2024-07-26 19:00:00
26,blue-collar,single,secondary,no,7475,yes,no,cellular,7,may,204,1,-1,0,unknown,no,2024-07-26 20:00:00
57,entrepreneur,married,secondary,no,2464,no,no,cellular,1,jun,113,1,-1,0,unknown,no,2024-07-26 21:00:00
56,blue-collar,married,primary,no,397,yes,no,cellular,13,aug,240,2,-1,0,unknown,no,2024-07-26 22:00:00
47,blue-collar,married,secondary,no,1348,no,yes,cellular,4,aug,255,1,-1,0,unknown,no,2024-07-26 23:00:00
38,management,married,tertiary,no,0,no,no,cellular,24,sep,246,12,197,6,failure,no,2024-07-27 00:00:00
31,management,married,tertiary,no,4328,no,no,cellular,12,oct,203,4,165,14,success,yes,2024-07-27 01:00:00
35,student,single,unknown,no,0,no,no,telephone,28,jan,122,3,-1,0,unknown,no,2024-07-27 02:00:00
49,technician,divorced,secondary,no,3394,yes,no,unknown,20,jun,14,22,-1,0,unknown,no,2024-07-27 03:00:00
24,blue-collar,single,secondary,no,327,yes,no,unknown,28,may,333,2,-1,0,unknown,no,2024-07-27 04:00:00
40,admin.,single,secondary,no,1200,yes,no,unknown,18,jun,284,8,-1,0,unknown,no,2024-07-27 05:00:00
25,entrepreneur,single,tertiary,yes,6,yes,yes,unknown,27,may,3,4,-1,0,unknown,no,2024-07-27 06:00:00
35,management,married,tertiary,no,495,no,no,cellular,2,feb,282,1,-1,0,unknown,no,2024-07-27 07:00:00
31,management,single,tertiary,no,2915,no,no,cellular,30,apr,228,1,86,1,failure,no,2024-07-27 08:00:00
40,technician,divorced,secondary,no,348,yes,no,cellular,5,aug,142,2,-1,0,unknown,no,2024-07-27 09:00:00
25,student,single,secondary,no,520,yes,no,cellular,7,may,236,1,-1,0,unknown,no,2024-07-27 10:00:00
49,blue-collar,married,secondary,no,1039,yes,no,cellular,14,may,156,2,178,1,failure,no,2024-07-27 11:00:00
38,admin.,married,secondary,no,66,yes,no,cellular,14,may,51,1,365,7,failure,no,2024-07-27 12:00:00
34,blue-collar,divorced,secondary,no,2551,yes,yes,cellular,22,jul,1408,2,-1,0,unknown,no,2024-07-27 13:00:00
33,admin.,single,secondary,no,322,yes,no,unknown,28,may,266,4,-1,0,unknown,no,2024-07-27 14:00:00
40,blue-collar,married,primary,no,7831,yes,no,unknown,14,may,78,1,-1,0,unknown,no,2024-07-27 15:00:00
48,blue-collar,divorced,secondary,no,1893,no,no,telephone,29,jul,538,3,-1,0,unknown,no,2024-07-27 16:00:00
51,housemaid,married,unknown,no,2337,yes,no,cellular,25,aug,46,4,90,7,failure,no,2024-07-27 17:00:00
49,housemaid,married,secondary,no,3570,no,no,cellular,24,dec,62,3,202,2,failure,no,2024-07-27 18:00:00
42,technician,divorced,secondary,no,-263,yes,no,cellular,22,jul,307,1,-1,0,unknown,no,2024-07-27 19:00:00
43,technician,single,tertiary,yes,0,no,no,cellular,29,aug,73,4,-1,0,unknown,no,2024-07-27 20:00:00
21,student,single,unknown,no,53,no,no,cellular,14,jun,270,1,-1,0,unknown,yes,2024-07-27 21:00:00
45,blue-collar,divorced,secondary,no,756,yes,no,unknown,6,may,179,2,-1,0,unknown,no,2024-07-27 22:00:00
29,unemployed,married,secondary,no,380,no,yes,unknown,12,may,154,2,-1,0,unknown,no,2024-07-27 23:00:00
36,technician,married,tertiary,no,911,yes,yes,cellular,4,may,275,3,-1,0,unknown,no,2024-07-28 00:00:00
76,retired,divorced,primary,no,802,no,no,cellular,9,mar,241,1,181,5,success,yes,2024-07-28 01:00:00
26,services,divorced,secondary,no,1600,yes,yes,unknown,30,may,288,3,-1,0,unknown,no,2024-07-28 02:00:00
30,management,married,tertiary,no,160,yes,no,cellular,30,jul,83,4,-1,0,unknown,no,2024-07-28 03:00:00
26,services,single,secondary,no,3,no,yes,cellular,21,jul,140,4,-1,0,unknown,no,2024-07-28 04:00:00
48,housemaid,married,secondary,no,1397,no,no,cellular,31,jul,66,2,-1,0,unknown,no,2024-07-28 05:00:00
26,services,single,secondary,no,1700,yes,no,cellular,7,may,13,5,-1,0,unknown,no,2024-07-28 06:00:00
36,blue-collar,married,primary,no,453,yes,no,cellular,16,apr,176,1,330,2,failure,no,2024-07-28 07:00:00
31,management,single,tertiary,no,-201,yes,no,cellular,22,aug,81,4,-1,0,unknown,no,2024-07-28 08:00:00
40,blue-collar,married,secondary,no,188,yes,yes,unknown,20,jun,570,2,-1,0,unknown,yes,2024-07-28 09:00:00
35,services,divorced,secondary,no,1529,no,no,unknown,20,jun,20,5,-1,0,unknown,no,2024-07-28 10:00:00
34,technician,single,secondary,no,2660,yes,no,cellular,15,apr,158,2,329,1,failure,no,2024-07-28 11:00:00
54,blue-collar,married,primary,no,714,no,no,cellular,5,may,225,1,-1,0,unknown,no,2024-07-28 12:00:00
44,blue-collar,married,secondary,no,-95,yes,no,unknown,8,may,110,1,-1,0,unknown,no,2024-07-28 13:00:00
27,blue-collar,single,secondary,no,381,yes,no,cellular,18,may,143,1,-1,0,unknown,no,2024-07-28 14:00:00
52,management,married,tertiary,no,1147,no,no,unknown,18,jun,43,1,-1,0,unknown,no,2024-07-28 15:00:00
48,blue-collar,married,primary,no,418,yes,no,unknown,9,may,102,3,-1,0,unknown,no,2024-07-28 16:00:00
53,self-employed,married,tertiary,no,337,yes,yes,cellular,18,nov,80,2,-1,0,unknown,no,2024-07-28 17:00:00
32,blue-collar,married,secondary,no,1873,yes,yes,unknown,20,jun,23,24,-1,0,unknown,no,2024-07-28 18:00:00
29,services,single,secondary,no,447,yes,yes,unknown,4,jun,106,1,-1,0,unknown,no,2024-07-28 19:00:00
30,unemployed,single,secondary,no,2303,no,no,telephone,6,feb,193,5,-1,0,unknown,no,2024-07-28 20:00:00
30,admin.,married,secondary,no,-1049,yes,no,unknown,20,jun,160,2,-1,0,unknown,no,2024-07-28 21:00:00
55,technician,married,tertiary,no,1320,no,no,cellular,28,apr,387,2,-1,0,unknown,yes,2024-07-28 22:00:00
33,management,single,secondary,no,20600,no,no,cellular,20,nov,125,1,-1,0,unknown,no,2024-07-28 23:00:00
31,management,married,tertiary,no,0,no,no,cellular,26,aug,76,2,-1,0,unknown,no,2024-07-29 00:00:00
34,blue-collar,married,primary,no,3527,yes,no,cellular,21,nov,1022,1,-1,0,unknown,yes,2024-07-29 01:00:00
46,management,married,secondary,no,5559,no,no,unknown,17,jun,483,1,-1,0,unknown,no,2024-07-29 02:00:00
55,admin.,married,secondary,no,859,no,no,telephone,12,may,148,6,308,1,failure,no,2024-07-29 03:00:00
26,blue-collar,married,secondary,no,352,yes,no,cellular,8,apr,213,3,317,4,other,no,2024-07-29 04:00:00
48,services,divorced,secondary,no,-276,yes,yes,cellular,13,may,674,1,-1,0,unknown,yes,2024-07-29 05:00:00
38,technician,single,tertiary,no,876,yes,no,cellular,13,may,5,7,355,4,failure,no,2024-07-29 06:00:00
24,management,single,tertiary,no,736,yes,no,cellular,15,apr,442,2,246,2,other,yes,2024-07-29 07:00:00
48,admin.,married,secondary,no,8,no,yes,cellular,7,jul,46,1,-1,0,unknown,no,2024-07-29 08:00:00
27,management,single,tertiary,no,592,no,no,cellular,7,sep,667,1,221,3,failure,no,2024-07-29 09:00:00
53,retired,married,secondary,no,1630,no,no,unknown,5,jun,160,1,-1,0,unknown,no,2024-07-29 10:00:00
31,technician,single,tertiary,no,244,no,no,cellular,25,aug,170,4,-1,0,unknown,no,2024-07-29 11:00:00
35,technician,single,secondary,no,1183,yes,no,cellular,21,nov,21,3,185,2,failure,no,2024-07-29 12:00:00
54,unemployed,single,primary,no,199,yes,no,cellular,21,nov,532,1,-1,0,unknown,no,2024-07-29 13:00:00
30,management,single,tertiary,no,604,no,yes,cellular,2,feb,475,1,-1,0,unknown,no,2024-07-29 14:00:00
33,admin.,single,secondary,no,395,yes,no,unknown,12,may,95,8,-1,0,unknown,no,2024-07-29 15:00:00
42,technician,married,secondary,no,440,yes,no,cellular,3,feb,13,5,-1,0,unknown,no,2024-07-29 16:00:00
29,services,married,primary,no,-102,no,no,unknown,4,jul,134,1,-1,0,unknown,no,2024-07-29 17:00:00
29,services,married,primary,no,549,yes,no,cellular,5,feb,205,1,245,2,failure,no,2024-07-29 18:00:00
56,admin.,married,secondary,no,0,yes,no,telephone,19,nov,154,2,-1,0,unknown,no,2024-07-29 19:00:00
60,management,divorced,tertiary,no,2589,yes,no,unknown,19,may,134,2,-1,0,unknown,no,2024-07-29 20:00:00
37,management,married,tertiary,no,767,no,yes,cellular,2,feb,204,1,-1,0,unknown,no,2024-07-29 21:00:00
42,blue-collar,married,primary,no,1288,yes,no,unknown,14,may,295,1,-1,0,unknown,no,2024-07-29 22:00:00
37,technician,married,secondary,no,729,yes,no,cellular,15,jul,115,5,-1,0,unknown,no,2024-07-29 23:00:00
48,management,divorced,tertiary,no,700,yes,no,cellular,29,aug,488,2,-1,0,unknown,no,2024-07-30 00:00:00
40,services,single,secondary,no,2284,yes,no,telephone,16,apr,100,1,-1,0,unknown,no,2024-07-30 01:00:00
31,technician,single,secondary,no,2916,no,no,cellular,14,aug,174,2,-1,0,unknown,no,2024-07-30 02:00:00
39,services,married,secondary,no,-267,yes,no,cellular,28,jul,143,10,-1,0,unknown,no,2024-07-30 03:00:00
51,management,married,tertiary,no,-3,no,no,cellular,21,aug,79,2,-1,0,unknown,no,2024-07-30 04:00:00
39,admin.,single,secondary,no,2263,yes,yes,telephone,21,nov,1158,9,-1,0,unknown,yes,2024-07-30 05:00:00
37,management,divorced,tertiary,no,0,yes,no,cellular,6,aug,99,5,-1,0,unknown,no,2024-07-30 06:00:00
47,management,single,tertiary,no,440,no,no,cellular,21,aug,71,4,-1,0,unknown,no,2024-07-30 07:00:00
36,management,single,tertiary,no,62,yes,no,cellular,3,nov,566,1,182,7,failure,yes,2024-07-30 08:00:00
54,technician,divorced,secondary,no,1904,yes,yes,unknown,7,may,280,3,-1,0,unknown,no,2024-07-30 09:00:00
33,blue-collar,married,secondary,no,0,yes,yes,cellular,28,jul,83,12,-1,0,unknown,no,2024-07-30 10:00:00
33,blue-collar,married,secondary,no,-63,yes,no,cellular,15,may,126,2,350,1,failure,no,2024-07-30 11:00:00
36,management,married,tertiary,no,93,no,no,cellular,11,jan,102,3,96,4,other,no,2024-07-30 12:00:00
23,technician,single,secondary,no,4545,no,no,cellular,3,jun,200,1,-1,0,unknown,no,2024-07-30 13:00:00
27,technician,single,secondary,no,1511,yes,no,cellular,4,may,74,1,-1,0,unknown,no,2024-07-30 14:00:00
37,blue-collar,married,primary,no,461,yes,no,unknown,30,may,272,2,-1,0,unknown,no,2024-07-30 15:00:00
38,blue-collar,single,unknown,no,241,yes,no,unknown,28,may,172,2,-1,0,unknown,no,2024-07-30 16:00:00
39,technician,married,secondary,no,3494,yes,no,cellular,19,aug,344,4,-1,0,unknown,no,2024-07-30 17:00:00
43,admin.,divorced,secondary,no,1076,yes,no,cellular,12,may,223,1,363,1,failure,no,2024-07-30 18:00:00
56,blue-collar,married,primary,no,373,yes,no,unknown,27,may,269,1,-1,0,unknown,no,2024-07-30 19:00:00
38,unemployed,married,primary,no,890,yes,no,cellular,5,feb,43,2,-1,0,unknown,no,2024-07-30 20:00:00
58,technician,married,tertiary,no,1692,yes,no,telephone,17,jul,517,5,-1,0,unknown,no,2024-07-30 21:00:00
43,management,divorced,secondary,no,311,no,no,unknown,6,jun,92,1,-1,0,unknown,no,2024-07-30 22:00:00
52,services,divorced,primary,no,-644,no,no,cellular,18,aug,119,3,-1,0,unknown,no,2024-07-30 23:00:00
51,housemaid,divorced,secondary,no,-76,yes,no,cellular,18,nov,91,1,-1,0,unknown,no,2024-07-31 00:00:00
39,technician,single,secondary,no,2910,yes,no,unknown,17,jun,157,5,-1,0,unknown,no,2024-07-31 01:00:00
79,retired,married,secondary,no,909,no,no,cellular,25,sep,114,1,95,1,other,no,2024-07-31 02:00:00
56,management,divorced,tertiary,no,975,yes,no,unknown,16,may,130,4,-1,0,unknown,no,2024-07-31 03:00:00
34,management,single,tertiary,no,5284,yes,no,cellular,29,jul,198,5,-1,0,unknown,no,2024-07-31 04:00:00
38,blue-collar,married,unknown,no,0,yes,no,cellular,2,apr,477,2,267,1,failure,no,2024-07-31 05:00:00
25,technician,single,secondary,no,102,no,yes,cellular,8,jul,574,2,-1,0,unknown,yes,2024-07-31 06:00:00
32,technician,single,secondary,no,1089,no,no,cellular,6,sep,125,2,-1,0,unknown,no,2024-07-31 07:00:00
31,technician,single,tertiary,no,665,yes,no,cellular,4,feb,156,1,-1,0,unknown,no,2024-07-31 08:00:00
45,admin.,married,secondary,no,205,no,no,cellular,4,aug,180,1,92,3,success,yes,2024-07-31 09:00:00
42,self-employed,divorced,secondary,no,484,yes,no,cellular,21,nov,321,3,127,3,failure,no,2024-07-31 10:00:00
32,technician,single,secondary,no,10,no,no,cellular,19,aug,190,2,-1,0,unknown,no,2024-07-31 11:00:00
28,management,single,tertiary,no,1584,yes,no,cellular,1,sep,222,2,-1,0,unknown,yes,2024-07-31 12:00:00
31,technician,single,secondary,no,109,yes,no,unknown,21,may,419,1,-1,0,unknown,no,2024-07-31 13:00:00
48,admin.,divorced,secondary,no,-480,no,no,cellular,18,may,380,2,355,1,failure,no,2024-07-31 14:00:00
32,management,married,tertiary,no,1667,yes,no,unknown,23,may,345,3,-1,0,unknown,no,2024-07-31 15:00:00
35,technician,married,secondary,no,15474,no,no,cellular,21,nov,89,1,92,2,other,no,2024-07-31 16:00:00
43,technician,divorced,unknown,no,205,yes,no,unknown,5,may,1419,1,-1,0,unknown,no,2024-07-31 17:00:00
45,technician,married,secondary,no,144,yes,yes,cellular,14,jul,154,4,-1,0,unknown,no,2024-07-31 18:00:00
38,admin.,married,secondary,no,8,yes,no,unknown,7,may,125,1,-1,0,unknown,no,2024-07-31 19:00:00
29,management,married,tertiary,no,5698,no,no,cellular,25,jul,198,1,-1,0,unknown,no,2024-07-31 20:00:00
46,admin.,married,unknown,no,76,no,no,cellular,11,jul,181,2,-1,0,unknown,no,2024-07-31 21:00:00
62,retired,married,secondary,no,1486,no,no,cellular,28,apr,56,2,-1,0,unknown,no,2024-07-31 22:00:00
27,admin.,single,secondary,no,454,no,yes,cellular,15,jul,331,2,-1,0,unknown,no,2024-07-31 23:00:00
28,blue-collar,single,primary,no,-457,yes,no,unknown,15,may,43,9,-1,0,unknown,no,2024-08-01 00:00:00
38,blue-collar,married,secondary,no,-627,yes,yes,unknown,20,jun,176,4,-1,0,unknown,no,2024-08-01 01:00:00
51,admin.,married,secondary,no,4178,yes,no,unknown,30,may,556,1,-1,0,unknown,no,2024-08-01 02:00:00
45,blue-collar,married,secondary,no,4509,yes,no,unknown,15,may,135,1,-1,0,unknown,no,2024-08-01 03:00:00
50,technician,married,secondary,no,-568,yes,yes,unknown,28,may,860,2,-1,0,unknown,no,2024-08-01 04:00:00
79,retired,married,secondary,no,8304,no,no,cellular,9,dec,456,2,275,9,success,yes,2024-08-01 05:00:00
30,management,single,tertiary,no,398,no,no,cellular,24,apr,235,2,-1,0,unknown,yes,2024-08-01 06:00:00
48,blue-collar,married,primary,no,219,yes,no,unknown,29,may,109,4,-1,0,unknown,no,2024-08-01 07:00:00
59,unemployed,married,secondary,no,309,no,no,cellular,28,jan,300,1,-1,0,unknown,no,2024-08-01 08:00:00
22,student,single,secondary,no,330,yes,no,cellular,18,may,105,1,-1,0,unknown,no,2024-08-01 09:00:00
45,student,single,unknown,no,1527,no,no,cellular,8,mar,132,1,-1,0,unknown,yes,2024-08-01 10:00:00
36,blue-collar,married,secondary,no,4438,yes,no,unknown,20,may,446,1,-1,0,unknown,yes,2024-08-01 11:00:00
49,admin.,married,secondary,no,880,yes,yes,cellular,18,may,22,3,-1,0,unknown,no,2024-08-01 12:00:00
59,blue-collar,married,primary,no,1723,no,no,cellular,10,feb,39,3,-1,0,unknown,no,2024-08-01 13:00:00
28,blue-collar,single,secondary,no,339,yes,no,cellular,10,jul,353,1,-1,0,unknown,no,2024-08-01 14:00:00
48,technician,married,secondary,no,4265,yes,no,cellular,21,nov,327,1,192,2,failure,no,2024-08-01 15:00:00
38,blue-collar,married,secondary,no,361,yes,no,unknown,11,jun,601,1,-1,0,unknown,no,2024-08-01 16:00:00
45,management,divorced,tertiary,no,6542,yes,no,cellular,13,aug,93,4,-1,0,unknown,no,2024-08-01 17:00:00
51,housemaid,married,unknown,no,21244,no,yes,cellular,4,aug,166,2,-1,0,unknown,no,2024-08-01 18:00:00
54,blue-collar,married,primary,no,7073,no,no,cellular,26,aug,479,6,-1,0,unknown,no,2024-08-01 19:00:00
31,blue-collar,married,primary,no,-81,yes,no,cellular,22,jul,261,1,-1,0,unknown,no,2024-08-01 20:00:00
35,technician,divorced,secondary,no,84,yes,yes,cellular,6,may,954,1,-1,0,unknown,yes,2024-08-01 21:00:00
42,technician,married,tertiary,no,1397,yes,no,cellular,6,feb,135,7,-1,0,unknown,no,2024-08-01 22:00:00
46,entrepreneur,married,secondary,no,0,yes,yes,cellular,29,jul,54,16,-1,0,unknown,no,2024-08-01 23:00:00
40,blue-collar,married,secondary,no,-438,no,no,cellular,11,may,1017,1,-1,0,unknown,yes,2024-08-02 00:00:00
42,management,married,tertiary,no,36,no,no,cellular,21,nov,664,3,-1,0,unknown,yes,2024-08-02 01:00:00
31,management,married,tertiary,no,3914,no,yes,cellular,29,jan,266,1,-1,0,unknown,no,2024-08-02 02:00:00
26,blue-collar,married,secondary,no,246,yes,no,unknown,16,may,1143,3,-1,0,unknown,yes,2024-08-02 03:00:00
36,management,single,tertiary,no,62,no,no,telephone,31,jul,43,34,-1,0,unknown,no,2024-08-02 04:00:00
36,management,divorced,tertiary,no,-252,yes,no,cellular,7,may,235,2,293,1,other,no,2024-08-02 05:00:00
40,entrepreneur,married,tertiary,no,3571,no,no,unknown,9,jun,222,3,-1,0,unknown,no,2024-08-02 06:00:00
43,blue-collar,married,primary,no,-127,yes,no,unknown,27,may,102,3,-1,0,unknown,no,2024-08-02 07:00:00
25,management,single,tertiary,no,436,no,no,cellular,30,apr,132,2,-1,0,unknown,no,2024-08-02 08:00:00
28,blue-collar,married,secondary,no,225,yes,yes,unknown,7,may,866,2,-1,0,unknown,no,2024-08-02 09:00:00
70,retired,divorced,primary,no,482,no,no,telephone,14,jan,372,1,196,2,success,yes,2024-08-02 10:00:00
76,housemaid,divorced,primary,no,1411,no,no,telephone,15,apr,170,3,-1,0,unknown,yes,2024-08-02 11:00:00
53,housemaid,married,secondary,no,736,yes,no,unknown,20,may,535,1,-1,0,unknown,no,2024-08-02 12:00:00
29,management,married,tertiary,no,451,no,no,cellular,4,aug,152,1,92,2,failure,no,2024-08-02 13:00:00
36,self-employed,single,secondary,no,20451,no,no,cellular,20,nov,69,3,-1,0,unknown,no,2024-08-02 14:00:00
49,technician,married,primary,no,486,no,no,telephone,7,jul,229,5,-1,0,unknown,no,2024-08-02 15:00:00
37,admin.,married,secondary,no,-255,yes,no,unknown,26,may,96,2,-1,0,unknown,no,2024-08-02 16:00:00
35,admin.,divorced,secondary,no,454,yes,no,cellular,10,jul,154,1,-1,0,unknown,no,2024-08-02 17:00:00
38,admin.,divorced,secondary,no,3750,yes,no,unknown,20,may,119,1,-1,0,unknown,no,2024-08-02 18:00:00
35,admin.,married,secondary,no,1035,yes,yes,unknown,9,jun,274,2,-1,0,unknown,no,2024-08-02 19:00:00
37,services,married,secondary,no,718,no,yes,unknown,9,jun,215,3,-1,0,unknown,no,2024-08-02 20:00:00
37,blue-collar,divorced,secondary,no,-271,yes,no,unknown,9,may,172,1,-1,0,unknown,no,2024-08-02 21:00:00
54,blue-collar,married,secondary,no,175,yes,no,cellular,3,feb,94,4,271,4,failure,no,2024-08-02 22:00:00
51,unemployed,married,secondary,no,2439,no,no,cellular,19,nov,118,1,-1,0,unknown,no,2024-08-02 23:00:00
45,technician,married,primary,no,-63,yes,no,cellular,20,apr,847,5,-1,0,unknown,no,2024-08-03 00:00:00
35,blue-collar,married,primary,no,105,yes,no,unknown,8,may,369,2,-1,0,unknown,no,2024-08-03 01:00:00
55,technician,married,secondary,no,3899,yes,no,telephone,28,jul,596,4,-1,0,unknown,yes,2024-08-03 02:00:00
59,management,married,tertiary,no,3165,yes,no,unknown,12,jun,278,2,-1,0,unknown,no,2024-08-03 03:00:00
38,admin.,married,secondary,no,2549,no,no,cellular,3,mar,103,1,-1,0,unknown,no,2024-08-03 04:00:00
39,blue-collar,married,primary,no,332,yes,no,unknown,8,may,277,3,-1,0,unknown,no,2024-08-03 05:00:00
33,services,single,secondary,no,2881,no,no,cellular,26,may,289,1,328,1,success,yes,2024-08-03 06:00:00
33,blue-collar,married,secondary,no,1,yes,no,cellular,15,may,67,4,178,3,failure,no,2024-08-03 07:00:00
45,management,married,tertiary,no,31472,no,no,cellular,19,jul,568,7,-1,0,unknown,yes,2024-08-03 08:00:00
56,blue-collar,married,secondary,no,1255,yes,no,telephone,8,may,145,1,-1,0,unknown,no,2024-08-03 09:00:00
56,technician,divorced,unknown,no,1939,yes,no,cellular,30,jul,121,3,-1,0,unknown,no,2024-08-03 10:00:00
41,technician,married,secondary,no,457,yes,yes,unknown,26,may,181,2,-1,0,unknown,no,2024-08-03 11:00:00
48,services,married,secondary,no,975,yes,yes,cellular,15,may,521,2,-1,0,unknown,no,2024-08-03 12:00:00
52,blue-collar,single,primary,no,0,no,no,cellular,15,jul,131,2,-1,0,unknown,no,2024-08-03 13:00:00
55,admin.,married,secondary,no,131,yes,no,unknown,6,may,744,1,-1,0,unknown,no,2024-08-03 14:00:00
36,blue-collar,married,secondary,no,740,yes,no,unknown,30,may,171,2,-1,0,unknown,no,2024-08-03 15:00:00
26,blue-collar,single,secondary,no,154,yes,no,cellular,18,may,1010,2,356,2,failure,no,2024-08-03 16:00:00
46,blue-collar,married,secondary,no,942,no,no,cellular,18,nov,240,3,119,2,failure,no,2024-08-03 17:00:00
25,technician,married,tertiary,no,2551,no,no,cellular,28,dec,400,3,-1,0,unknown,yes,2024-08-03 18:00:00
32,management,single,tertiary,no,1512,no,yes,cellular,14,aug,133,4,-1,0,unknown,no,2024-08-03 19:00:00
34,admin.,single,secondary,no,151,yes,no,cellular,12,may,590,1,370,1,other,yes,2024-08-03 20:00:00
41,management,divorced,tertiary,no,1757,no,no,cellular,22,apr,314,1,239,13,failure,yes,2024-08-03 21:00:00
60,retired,married,tertiary,no,161,yes,no,cellular,21,jul,153,3,-1,0,unknown,no,2024-08-03 22:00:00
59,blue-collar,married,secondary,no,13718,no,no,telephone,7,jul,107,6,-1,0,unknown,no,2024-08-03 23:00:00
44,management,married,secondary,no,0,no,no,cellular,21,aug,167,2,-1,0,unknown,no,2024-08-04 00:00:00
80,retired,married,secondary,no,87,no,no,telephone,27,oct,219,2,-1,0,unknown,no,2024-08-04 01:00:00
35,management,married,tertiary,no,1036,no,no,cellular,13,aug,356,1,-1,0,unknown,no,2024-08-04 02:00:00
57,technician,married,secondary,no,461,yes,no,unknown,19,jun,69,2,-1,0,unknown,no,2024-08-04 03:00:00
33,blue-collar,married,primary,no,-195,no,no,unknown,20,sep,9,1,-1,0,unknown,no,2024-08-04 04:00:00
27,technician,married,unknown,no,811,yes,no,unknown,28,may,591,2,-1,0,unknown,no,2024-08-04 05:00:00
29,admin.,single,secondary,no,-498,yes,no,unknown,20,jun,17,14,-1,0,unknown,no,2024-08-04 06:00:00
45,blue-collar,married,secondary,no,751,no,no,cellular,11,aug,176,4,-1,0,unknown,no,2024-08-04 07:00:00
34,management,married,tertiary,no,490,yes,no,cellular,2,feb,491,1,-1,0,unknown,no,2024-08-04 08:00:00
36,technician,single,tertiary,no,470,yes,no,cellular,16,apr,123,3,265,13,success,no,2024-08-04 09:00:00
34,student,married,unknown,no,1387,no,no,cellular,30,apr,121,1,-1,0,unknown,no,2024-08-04 10:00:00
27,management,single,tertiary,no,88,no,no,cellular,24,apr,65,2,-1,0,unknown,no,2024-08-04 11:00:00
29,services,married,secondary,no,-443,yes,no,unknown,30,may,238,3,-1,0,unknown,no,2024-08-04 12:00:00
32,management,single,tertiary,no,0,no,no,cellular,29,aug,255,2,-1,0,unknown,no,2024-08-04 13:00:00
46,housemaid,married,primary,no,103,no,no,unknown,9,jun,186,1,-1,0,unknown,no,2024-08-04 14:00:00
37,management,married,tertiary,no,2401,no,no,cellular,6,aug,203,7,-1,0,unknown,no,2024-08-04 15:00:00
39,management,married,secondary,no,763,no,no,cellular,19,nov,360,1,153,2,other,no,2024-08-04 16:00:00
38,blue-collar,single,primary,no,3132,no,no,cellular,5,feb,304,1,-1,0,unknown,no,2024-08-04 17:00:00
34,technician,married,secondary,no,1012,yes,yes,cellular,9,apr,353,2,163,1,success,no,2024-08-04 18:00:00
22,student,single,secondary,no,2162,no,no,telephone,2,feb,168,1,-1,0,unknown,no,2024-08-04 19:00:00
49,admin.,married,secondary,no,652,no,yes,unknown,17,jun,127,2,-1,0,unknown,no,2024-08-04 20:00:00
34,student,single,unknown,no,1281,no,no,cellular,25,aug,279,1,117,1,failure,no,2024-08-04 21:00:00
41,technician,single,primary,no,340,yes,no,cellular,13,may,262,1,349,1,failure,no,2024-08-04 22:00:00
37,management,married,tertiary,no,586,yes,no,cellular,11,jul,141,2,-1,0,unknown,no,2024-08-04 23:00:00
54,management,married,tertiary,no,3795,yes,yes,cellular,21,jul,381,1,-1,0,unknown,no,2024-08-05 00:00:00
36,services,married,tertiary,no,301,no,no,cellular,28,jan,333,1,-1,0,unknown,no,2024-08-05 01:00:00
51,technician,married,tertiary,no,0,yes,no,unknown,16,may,330,19,-1,0,unknown,no,2024-08-05 02:00:00
48,blue-collar,married,secondary,no,1596,yes,no,unknown,14,may,760,1,-1,0,unknown,yes,2024-08-05 03:00:00
61,retired,married,secondary,no,0,no,no,cellular,2,feb,75,1,-1,0,unknown,no,2024-08-05 04:00:00
44,admin.,single,secondary,no,4492,no,yes,cellular,31,jul,19,13,-1,0,unknown,no,2024-08-05 05:00:00
43,self-employed,married,secondary,no,487,yes,no,telephone,18,may,54,2,279,4,failure,no,2024-08-05 06:00:00
36,services,single,secondary,no,0,yes,no,cellular,12,may,398,6,-1,0,unknown,yes,2024-08-05 07:00:00
32,blue-collar,married,primary,no,2198,no,no,cellular,15,may,463,1,175,4,failure,no,2024-08-05 08:00:00
54,unemployed,married,secondary,no,377,no,no,cellular,8,apr,1134,1,-1,0,unknown,yes,2024-08-05 09:00:00
34,admin.,divorced,secondary,no,1186,yes,yes,cellular,18,nov,131,1,-1,0,unknown,no,2024-08-05 10:00:00
33,technician,single,secondary,no,1769,yes,no,unknown,20,may,181,1,-1,0,unknown,no,2024-08-05 11:00:00
33,admin.,single,secondary,no,61,no,no,cellular,24,jul,286,4,-1,0,unknown,no,2024-08-05 12:00:00
51,management,married,tertiary,no,-265,yes,no,unknown,20,jun,435,4,-1,0,unknown,no,2024-08-05 13:00:00
40,admin.,single,tertiary,no,283,yes,no,cellular,20,apr,222,1,153,4,failure,no,2024-08-05 14:00:00
57,unemployed,married,secondary,no,1350,no,no,cellular,25,jun,131,1,388,1,failure,no,2024-08-05 15:00:00
44,management,divorced,tertiary,no,0,no,no,cellular,13,aug,169,2,-1,0,unknown,no,2024-08-05 16:00:00
42,housemaid,married,secondary,no,477,yes,yes,cellular,17,nov,231,2,-1,0,unknown,no,2024-08-05 17:00:00
32,services,divorced,secondary,no,453,yes,no,cellular,18,nov,331,2,-1,0,unknown,no,2024-08-05 18:00:00
30,technician,single,unknown,no,878,yes,no,cellular,15,may,173,3,298,3,other,no,2024-08-05 19:00:00
52,management,married,tertiary,no,1227,no,no,cellular,22,aug,1123,4,-1,0,unknown,yes,2024-08-05 20:00:00
44,entrepreneur,married,tertiary,no,0,yes,no,unknown,9,jul,300,1,-1,0,unknown,no,2024-08-05 21:00:00
59,blue-collar,divorced,primary,no,55,no,no,cellular,7,jul,13,20,-1,0,unknown,no,2024-08-05 22:00:00
25,blue-collar,single,secondary,no,303,no,no,cellular,18,jun,252,1,92,1,success,yes,2024-08-05 23:00:00
54,services,married,secondary,no,515,no,yes,unknown,20,jun,825,2,-1,0,unknown,no,2024-08-06 00:00:00
35,admin.,married,tertiary,no,690,no,no,cellular,16,oct,108,1,-1,0,unknown,no,2024-08-06 01:00:00
26,student,single,secondary,no,2469,no,no,cellular,2,feb,406,1,-1,0,unknown,no,2024-08-06 02:00:00
43,management,divorced,tertiary,no,171,no,no,cellular,18,aug,67,2,-1,0,unknown,no,2024-08-06 03:00:00
43,technician,divorced,tertiary,no,0,no,no,cellular,28,aug,142,10,-1,0,unknown,no,2024-08-06 04:00:00
39,self-employed,divorced,secondary,no,0,yes,no,unknown,23,may,210,2,-1,0,unknown,no,2024-08-06 05:00:00
38,admin.,divorced,secondary,no,485,yes,no,cellular,2,feb,252,1,-1,0,unknown,no,2024-08-06 06:00:00
34,management,married,tertiary,no,1048,no,no,cellular,7,aug,73,2,-1,0,unknown,no,2024-08-06 07:00:00
41,technician,married,secondary,no,0,no,no,unknown,2,jun,157,3,-1,0,unknown,no,2024-08-06 08:00:00
54,technician,married,secondary,no,7252,no,no,unknown,23,may,139,2,-1,0,unknown,no,2024-08-06 09:00:00
65,unemployed,married,tertiary,no,0,no,no,cellular,10,aug,465,1,-1,0,unknown,no,2024-08-06 10:00:00
57,blue-collar,married,primary,no,282,no,yes,cellular,7,jul,261,12,-1,0,unknown,no,2024-08-06 11:00:00
32,blue-collar,single,secondary,no,1291,yes,no,cellular,7,may,223,1,293,1,failure,no,2024-08-06 12:00:00
36,self-employed,single,secondary,no,15,no,no,cellular,18,nov,186,2,-1,0,unknown,no,2024-08-06 13:00:00
39,entrepreneur,married,secondary,no,283,yes,no,unknown,26,may,126,2,-1,0,unknown,no,2024-08-06 14:00:00
26,technician,single,tertiary,no,8839,yes,no,unknown,29,may,932,3,-1,0,unknown,no,2024-08-06 15:00:00
52,blue-collar,married,primary,no,126,no,no,unknown,23,may,93,4,-1,0,unknown,no,2024-08-06 16:00:00
52,management,divorced,tertiary,yes,0,no,no,cellular,24,jul,335,1,-1,0,unknown,no,2024-08-06 17:00:00
61,blue-collar,single,primary,no,433,no,no,cellular,5,feb,346,1,-1,0,unknown,no,2024-08-06 18:00:00
45,technician,divorced,secondary,no,30,yes,yes,cellular,17,nov,88,1,-1,0,unknown,no,2024-08-06 19:00:00
55,management,single,tertiary,no,1097,no,no,telephone,18,aug,199,2,-1,0,unknown,no,2024-08-06 20:00:00
35,entrepreneur,married,secondary,yes,204,yes,no,unknown,6,may,424,2,-1,0,unknown,no,2024-08-06 21:00:00
29,blue-collar,married,secondary,no,602,yes,yes,cellular,17,apr,440,2,-1,0,unknown,no,2024-08-06 22:00:00
23,student,single,tertiary,no,691,no,no,cellular,27,may,1178,1,178,6,success,yes,2024-08-06 23:00:00
37,management,married,tertiary,no,287,yes,no,cellular,25,jul,94,2,-1,0,unknown,no,2024-08-07 00:00:00
36,services,married,secondary,no,0,yes,no,cellular,8,may,346,1,368,1,failure,no,2024-08-07 01:00:00
56,technician,married,secondary,no,225,yes,no,unknown,12,jun,71,12,-1,0,unknown,no,2024-08-07 02:00:00
55,admin.,married,secondary,no,865,yes,no,cellular,27,oct,96,1,111,3,failure,no,2024-08-07 03:00:00
34,blue-collar,married,primary,no,6575,yes,no,unknown,26,may,405,4,-1,0,unknown,no,2024-08-07 04:00:00
53,management,married,tertiary,no,210,no,no,cellular,19,aug,96,2,-1,0,unknown,no,2024-08-07 05:00:00
42,services,married,unknown,no,-1085,no,yes,cellular,21,nov,45,1,-1,0,unknown,no,2024-08-07 06:00:00
37,management,married,tertiary,no,0,no,no,cellular,16,jul,268,2,182,3,success,yes,2024-08-07 07:00:00
39,blue-collar,single,primary,no,446,yes,no,unknown,12,may,183,1,-1,0,unknown,no,2024-08-07 08:00:00
53,entrepreneur,married,secondary,no,230,yes,no,cellular,4,feb,56,2,250,1,other,no,2024-08-07 09:00:00
31,technician,married,tertiary,no,15,no,no,unknown,2,jun,389,1,-1,0,unknown,no,2024-08-07 10:00:00
35,admin.,married,secondary,no,5768,yes,yes,unknown,9,jun,145,1,-1,0,unknown,no,2024-08-07 11:00:00
48,blue-collar,married,primary,no,14,no,yes,cellular,7,jul,120,1,-1,0,unknown,no,2024-08-07 12:00:00
45,blue-collar,divorced,secondary,no,-184,yes,no,cellular,7,may,878,3,170,5,failure,yes,2024-08-07 13:00:00
32,management,married,tertiary,no,2044,yes,no,cellular,19,nov,477,1,-1,0,unknown,no,2024-08-07 14:00:00
48,technician,divorced,tertiary,no,-136,yes,no,unknown,21,may,7,12,-1,0,unknown,no,2024-08-07 15:00:00
35,blue-collar,married,secondary,no,80,yes,yes,cellular,6,may,317,1,363,1,failure,no,2024-08-07 16:00:00
27,blue-collar,single,secondary,no,541,yes,no,cellular,12,may,341,1,-1,0,unknown,no,2024-08-07 17:00:00
30,admin.,single,secondary,no,1473,yes,no,cellular,20,apr,401,1,-1,0,unknown,no,2024-08-07 18:00:00
32,management,single,tertiary,no,2536,yes,no,cellular,26,aug,958,6,-1,0,unknown,yes,2024-08-07 19:00:00
26,technician,married,secondary,no,267,yes,no,cellular,28,jul,817,2,-1,0,unknown,yes,2024-08-07 20:00:00
30,technician,married,secondary,no,2371,yes,yes,cellular,25,jul,237,5,-1,0,unknown,no,2024-08-07 21:00:00
32,self-employed,single,tertiary,no,-359,yes,no,cellular,9,feb,122,3,-1,0,unknown,no,2024-08-07 22:00:00
58,entrepreneur,married,primary,no,1657,no,no,unknown,6,jun,172,2,-1,0,unknown,no,2024-08-07 23:00:00
31,blue-collar,single,primary,no,216,yes,no,unknown,21,may,565,1,-1,0,unknown,yes,2024-08-08 00:00:00
38,blue-collar,married,secondary,no,-3,no,yes,unknown,5,jun,172,1,-1,0,unknown,no,2024-08-08 01:00:00
49,unemployed,married,primary,no,-384,yes,no,unknown,27,may,25,1,-1,0,unknown,no,2024-08-08 02:00:00
26,self-employed,single,secondary,no,1018,no,no,cellular,5,feb,101,1,-1,0,unknown,no,2024-08-08 03:00:00
31,blue-collar,married,primary,no,-537,yes,yes,cellular,21,jul,1039,7,-1,0,unknown,yes,2024-08-08 04:00:00
35,management,single,tertiary,no,14,no,no,cellular,7,jul,167,2,-1,0,unknown,no,2024-08-08 05:00:00
30,services,married,primary,no,21,yes,no,unknown,9,may,409,3,-1,0,unknown,no,2024-08-08 06:00:00
33,management,single,tertiary,no,7114,yes,no,cellular,5,feb,271,2,233,3,other,no,2024-08-08 07:00:00
57,retired,divorced,primary,no,515,yes,no,unknown,13,may,288,2,-1,0,unknown,no,2024-08-08 08:00:00
54,housemaid,divorced,primary,no,502,yes,no,cellular,20,apr,317,1,-1,0,unknown,no,2024-08-08 09:00:00
40,blue-collar,married,secondary,no,61,yes,no,unknown,7,may,112,3,-1,0,unknown,no,2024-08-08 10:00:00
40,technician,married,tertiary,no,516,yes,no,cellular,9,feb,175,5,12,1,other,no,2024-08-08 11:00:00
27,self-employed,single,tertiary,no,168,no,no,cellular,13,may,271,1,182,2,success,no,2024-08-08 12:00:00
27,admin.,single,secondary,no,428,no,yes,telephone,11,jul,321,2,-1,0,unknown,no,2024-08-08 13:00:00
31,services,single,secondary,no,295,no,no,cellular,2,feb,78,5,-1,0,unknown,no,2024-08-08 14:00:00
31,management,married,tertiary,no,1331,no,no,unknown,5,nov,268,1,-1,0,unknown,yes,2024-08-08 15:00:00
46,housemaid,divorced,primary,no,148,no,no,unknown,19,jun,166,1,-1,0,unknown,no,2024-08-08 16:00:00
81,retired,divorced,primary,no,949,no,no,cellular,27,sep,188,2,280,1,other,yes,2024-08-08 17:00:00
31,admin.,single,secondary,no,-449,yes,no,cellular,18,may,197,1,355,2,failure,no,2024-08-08 18:00:00
31,technician,single,secondary,no,2377,yes,no,cellular,11,may,350,3,-1,0,unknown,no,2024-08-08 19:00:00
56,management,married,tertiary,no,505,yes,yes,cellular,5,may,221,1,169,3,failure,no,2024-08-08 20:00:00
32,blue-collar,married,primary,no,415,yes,no,unknown,2,jun,777,4,-1,0,unknown,yes,2024-08-08 21:00:00
32,technician,married,secondary,no,767,yes,yes,cellular,4,feb,42,1,-1,0,unknown,no,2024-08-08 22:00:00
48,technician,married,tertiary,no,2369,no,no,unknown,11,jun,516,2,-1,0,unknown,no,2024-08-08 23:00:00
34,blue-collar,married,secondary,no,328,yes,yes,cellular,21,nov,18,7,-1,0,unknown,no,2024-08-09 00:00:00
56,blue-collar,married,unknown,no,982,yes,yes,cellular,7,may,135,2,-1,0,unknown,no,2024-08-09 01:00:00
41,management,married,unknown,no,944,no,no,cellular,31,jul,81,2,-1,0,unknown,no,2024-08-09 02:00:00
42,blue-collar,single,secondary,no,419,no,no,cellular,7,jul,88,3,-1,0,unknown,no,2024-08-09 03:00:00
40,management,married,tertiary,no,185,no,no,cellular,21,aug,310,2,-1,0,unknown,no,2024-08-09 04:00:00
46,blue-collar,married,secondary,no,243,yes,yes,unknown,14,may,345,2,-1,0,unknown,no,2024-08-09 05:00:00
47,blue-collar,divorced,secondary,no,1815,yes,no,cellular,5,feb,105,1,253,4,failure,no,2024-08-09 06:00:00
38,technician,married,tertiary,no,-1,no,no,cellular,8,aug,188,4,-1,0,unknown,no,2024-08-09 07:00:00
34,blue-collar,married,primary,no,2720,yes,no,cellular,21,nov,147,2,179,3,failure,no,2024-08-09 08:00:00
48,blue-collar,married,primary,no,199,no,no,telephone,18,aug,29,2,-1,0,unknown,no,2024-08-09 09:00:00
49,admin.,married,secondary,no,2465,no,no,cellular,20,aug,157,3,-1,0,unknown,no,2024-08-09 10:00:00
51,blue-collar,married,secondary,no,224,yes,yes,cellular,28,jul,231,5,-1,0,unknown,no,2024-08-09 11:00:00
32,blue-collar,married,secondary,no,322,yes,yes,cellular,9,feb,117,3,-1,0,unknown,no,2024-08-09 12:00:00
34,management,single,secondary,no,66,yes,no,unknown,9,may,76,2,-1,0,unknown,no,2024-08-09 13:00:00
43,retired,married,secondary,no,808,no,no,cellular,16,jul,481,3,-1,0,unknown,no,2024-08-09 14:00:00
56,services,married,unknown,no,0,no,no,cellular,29,jul,83,2,-1,0,unknown,no,2024-08-09 15:00:00
34,admin.,divorced,secondary,no,627,yes,no,unknown,7,may,283,2,-1,0,unknown,no,2024-08-09 16:00:00
57,blue-collar,married,secondary,no,5935,yes,yes,unknown,5,may,258,1,-1,0,unknown,no,2024-08-09 17:00:00
43,technician,married,secondary,no,536,yes,no,cellular,17,nov,77,1,-1,0,unknown,no,2024-08-09 18:00:00
26,student,single,tertiary,no,294,no,no,cellular,5,mar,87,1,91,2,success,yes,2024-08-09 19:00:00
32,technician,divorced,tertiary,no,53,no,no,cellular,22,aug,671,2,-1,0,unknown,yes,2024-08-09 20:00:00
59,management,divorced,tertiary,no,1002,no,no,cellular,7,aug,201,2,-1,0,unknown,no,2024-08-09 21:00:00
37,management,married,tertiary,no,8564,yes,no,cellular,5,may,211,2,347,1,failure,no,2024-08-09 22:00:00
31,admin.,married,secondary,no,1229,no,no,cellular,12,apr,176,1,-1,0,unknown,yes,2024-08-09 23:00:00
34,blue-collar,married,unknown,no,-17,yes,no,unknown,15,may,319,7,-1,0,unknown,no,2024-08-10 00:00:00
53,technician,married,secondary,no,6671,yes,yes,cellular,30,jul,72,9,-1,0,unknown,no,2024-08-10 01:00:00
32,admin.,single,secondary,no,8619,yes,no,cellular,19,nov,267,2,-1,0,unknown,no,2024-08-10 02:00:00
43,blue-collar,married,primary,no,2598,no,no,cellular,5,may,272,2,-1,0,unknown,no,2024-08-10 03:00:00
37,admin.,married,secondary,no,2320,yes,no,cellular,20,apr,59,3,342,1,other,no,2024-08-10 04:00:00
41,technician,married,tertiary,no,13,no,no,unknown,5,jun,189,2,-1,0,unknown,no,2024-08-10 05:00:00
42,blue-collar,married,primary,no,1017,yes,no,unknown,3,jun,11,18,-1,0,unknown,no,2024-08-10 06:00:00
38,management,married,tertiary,no,2978,no,yes,unknown,20,jun,65,2,-1,0,unknown,no,2024-08-10 07:00:00
30,management,single,tertiary,no,77,no,no,cellular,25,aug,342,3,-1,0,unknown,no,2024-08-10 08:00:00
31,management,single,tertiary,no,9629,no,no,cellular,3,jul,67,2,-1,0,unknown,no,2024-08-10 09:00:00
34,management,divorced,tertiary,no,500,yes,no,unknown,29,may,399,1,-1,0,unknown,no,2024-08-10 10:00:00
38,management,divorced,secondary,no,-17,no,no,cellular,21,nov,11,4,-1,0,unknown,no,2024-08-10 11:00:00
34,blue-collar,married,primary,no,571,yes,no,unknown,23,may,202,2,-1,0,unknown,no,2024-08-10 12:00:00
44,management,married,tertiary,no,0,yes,no,cellular,31,jul,49,5,-1,0,unknown,no,2024-08-10 13:00:00
28,services,married,secondary,no,468,yes,yes,unknown,3,jun,222,1,-1,0,unknown,no,2024-08-10 14:00:00
27,management,single,tertiary,no,828,no,no,cellular,30,apr,243,1,-1,0,unknown,no,2024-08-10 15:00:00
61,self-employed,divorced,tertiary,no,52587,no,no,cellular,10,aug,290,1,-1,0,unknown,yes,2024-08-10 16:00:00
33,technician,divorced,tertiary,no,2558,no,no,cellular,7,may,680,2,367,2,failure,no,2024-08-10 17:00:00
39,blue-collar,married,secondary,no,39,yes,no,unknown,18,jun,34,6,-1,0,unknown,no,2024-08-10 18:00:00
57,technician,married,tertiary,no,27069,no,yes,unknown,20,jun,174,3,-1,0,unknown,no,2024-08-10 19:00:00
28,admin.,married,secondary,no,-393,yes,yes,cellular,7,may,247,2,349,2,failure,no,2024-08-10 20:00:00
61,retired,married,primary,no,197,no,no,cellular,17,feb,113,1,-1,0,unknown,yes,2024-08-10 21:00:00
33,technician,married,secondary,no,367,yes,yes,unknown,7,may,22,2,-1,0,unknown,no,2024-08-10 22:00:00
45,housemaid,married,secondary,no,0,no,no,cellular,11,jul,216,2,-1,0,unknown,no,2024-08-10 23:00:00
56,technician,single,secondary,no,3499,yes,no,unknown,29,may,248,3,-1,0,unknown,no,2024-08-11 00:00:00
35,blue-collar,married,secondary,no,407,yes,no,cellular,20,apr,12,6,-1,0,unknown,no,2024-08-11 01:00:00
30,entrepreneur,married,secondary,no,1013,yes,no,cellular,3,feb,24,9,-1,0,unknown,no,2024-08-11 02:00:00
31,management,single,tertiary,no,3340,no,no,cellular,15,sep,213,2,469,3,success,yes,2024-08-11 03:00:00
52,technician,married,secondary,no,1781,yes,no,unknown,19,may,144,2,-1,0,unknown,no,2024-08-11 04:00:00
51,blue-collar,married,unknown,no,2547,yes,no,unknown,15,may,491,2,-1,0,unknown,no,2024-08-11 05:00:00
42,blue-collar,married,primary,no,223,yes,no,unknown,7,may,41,3,-1,0,unknown,no,2024-08-11 06:00:00
56,management,divorced,tertiary,no,408,yes,no,unknown,27,may,274,1,-1,0,unknown,no,2024-08-11 07:00:00
35,management,single,tertiary,no,539,yes,no,cellular,3,feb,198,2,267,1,other,no,2024-08-11 08:00:00
29,management,single,secondary,no,-105,yes,no,unknown,27,may,5,3,-1,0,unknown,no,2024-08-11 09:00:00
59,management,married,tertiary,no,1783,no,yes,cellular,17,nov,540,2,-1,0,unknown,yes,2024-08-11 10:00:00
41,management,married,tertiary,no,2665,yes,no,cellular,29,jan,112,1,183,10,other,no,2024-08-11 11:00:00
59,blue-collar,married,primary,no,179,yes,no,unknown,5,may,55,3,-1,0,unknown,no,2024-08-11 12:00:00
35,entrepreneur,married,tertiary,no,1194,no,yes,cellular,28,aug,34,10,-1,0,unknown,no,2024-08-11 13:00:00
42,management,single,tertiary,no,11891,no,no,cellular,6,apr,158,1,-1,0,unknown,yes,2024-08-11 14:00:00
27,services,single,secondary,no,167,no,yes,cellular,8,jul,606,2,-1,0,unknown,no,2024-08-11 15:00:00
31,self-employed,single,secondary,no,0,yes,no,cellular,15,jul,364,2,-1,0,unknown,no,2024-08-11 16:00:00
42,blue-collar,married,secondary,no,2441,yes,no,unknown,30,may,143,1,-1,0,unknown,no,2024-08-11 17:00:00
28,student,single,tertiary,no,844,no,no,cellular,16,apr,551,2,-1,0,unknown,yes,2024-08-11 18:00:00
58,retired,divorced,primary,no,2745,no,yes,cellular,15,apr,469,1,-1,0,unknown,no,2024-08-11 19:00:00
40,self-employed,married,secondary,no,167,yes,yes,cellular,8,may,380,4,295,1,failure,no,2024-08-11 20:00:00
57,services,divorced,secondary,no,4664,no,no,cellular,21,nov,22,4,114,1,failure,no,2024-08-11 21:00:00
30,student,single,secondary,no,1681,no,no,cellular,7,dec,329,2,-1,0,unknown,yes,2024-08-11 22:00:00
35,admin.,single,secondary,no,-32,no,yes,cellular,9,feb,63,4,182,5,failure,yes,2024-08-11 23:00:00
51,entrepreneur,married,secondary,no,934,yes,yes,cellular,14,may,164,3,-1,0,unknown,no,2024-08-12 00:00:00
55,management,single,tertiary,no,4847,yes,no,cellular,21,nov,18,4,106,2,other,no,2024-08-12 01:00:00
36,self-employed,married,tertiary,no,19,no,no,unknown,5,may,189,2,-1,0,unknown,no,2024-08-12 02:00:00
49,technician,married,secondary,yes,-74,yes,no,cellular,19,nov,114,1,-1,0,unknown,no,2024-08-12 03:00:00
32,entrepreneur,single,tertiary,no,6259,yes,no,unknown,9,may,230,2,-1,0,unknown,no,2024-08-12 04:00:00
42,unemployed,married,tertiary,no,0,no,no,cellular,8,oct,113,1,-1,0,unknown,no,2024-08-12 05:00:00
41,management,married,tertiary,no,5936,no,no,cellular,29,aug,709,11,-1,0,unknown,no,2024-08-12 06:00:00
29,blue-collar,married,secondary,no,723,no,yes,cellular,17,jul,235,1,-1,0,unknown,no,2024-08-12 07:00:00
41,blue-collar,married,secondary,no,193,yes,no,unknown,29,may,130,1,-1,0,unknown,no,2024-08-12 08:00:00
24,student,single,tertiary,no,1592,no,no,cellular,16,aug,98,3,111,5,other,no,2024-08-12 09:00:00
35,blue-collar,married,primary,no,422,yes,no,cellular,14,may,73,1,-1,0,unknown,no,2024-08-12 10:00:00
31,admin.,married,secondary,yes,-51,no,yes,cellular,26,aug,173,2,-1,0,unknown,no,2024-08-12 11:00:00
54,retired,divorced,primary,no,477,yes,no,unknown,19,may,335,4,-1,0,unknown,no,2024-08-12 12:00:00
57,retired,married,secondary,no,63,no,no,cellular,27,aug,91,2,-1,0,unknown,no,2024-08-12 13:00:00
26,technician,single,secondary,no,603,no,yes,cellular,17,jul,176,1,-1,0,unknown,no,2024-08-12 14:00:00
62,retired,married,primary,no,0,no,no,telephone,15,oct,280,1,-1,0,unknown,no,2024-08-12 15:00:00
28,technician,single,secondary,no,100,yes,no,cellular,13,may,70,5,-1,0,unknown,no,2024-08-12 16:00:00
36,management,married,primary,no,3953,yes,no,cellular,19,nov,277,1,-1,0,unknown,no,2024-08-12 17:00:00
39,admin.,single,secondary,no,2749,yes,no,cellular,8,may,104,1,170,1,failure,no,2024-08-12 18:00:00
37,technician,divorced,secondary,no,-18,no,no,cellular,21,aug,870,4,-1,0,unknown,no,2024-08-12 19:00:00
60,admin.,divorced,secondary,no,-41,yes,yes,cellular,6,feb,1658,1,262,1,failure,yes,2024-08-12 20:00:00
48,services,married,secondary,no,543,yes,no,cellular,16,apr,152,1,336,1,failure,no,2024-08-12 21:00:00
28,blue-collar,married,primary,no,674,yes,no,telephone,14,may,921,4,-1,0,unknown,no,2024-08-12 22:00:00
43,blue-collar,married,secondary,no,0,yes,no,cellular,8,may,440,1,-1,0,unknown,no,2024-08-12 23:00:00
60,retired,divorced,primary,no,1582,no,yes,unknown,18,jun,159,1,-1,0,unknown,no,2024-08-13 00:00:00
32,entrepreneur,single,primary,no,1770,no,yes,cellular,4,feb,206,2,188,6,failure,no,2024-08-13 01:00:00
40,blue-collar,divorced,unknown,no,1171,yes,no,unknown,29,may,431,2,-1,0,unknown,no,2024-08-13 02:00:00
43,technician,divorced,secondary,no,1612,no,no,cellular,28,aug,119,2,95,3,success,no,2024-08-13 03:00:00
54,entrepreneur,married,tertiary,no,0,no,no,cellular,30,jul,250,5,-1,0,unknown,no,2024-08-13 04:00:00
56,technician,married,secondary,no,147,no,no,cellular,12,apr,203,1,-1,0,unknown,no,2024-08-13 05:00:00
35,blue-collar,married,secondary,no,807,yes,no,unknown,29,may,1185,3,-1,0,unknown,no,2024-08-13 06:00:00
36,management,divorced,tertiary,no,425,yes,yes,cellular,29,jan,202,2,-1,0,unknown,no,2024-08-13 07:00:00
37,technician,married,secondary,no,3728,no,no,unknown,20,jun,55,4,-1,0,unknown,no,2024-08-13 08:00:00
57,admin.,married,secondary,no,367,no,no,telephone,16,nov,107,2,-1,0,unknown,no,2024-08-13 09:00:00
47,technician,married,secondary,no,293,no,no,cellular,3,mar,499,1,-1,0,unknown,yes,2024-08-13 10:00:00
32,technician,single,secondary,no,471,yes,no,unknown,3,jun,379,2,-1,0,unknown,no,2024-08-13 11:00:00
45,technician,single,tertiary,no,4537,yes,no,unknown,16,may,337,2,-1,0,unknown,no,2024-08-13 12:00:00
34,blue-collar,married,secondary,no,6411,yes,yes,unknown,9,may,226,2,-1,0,unknown,no,2024-08-13 13:00:00
83,housemaid,married,primary,no,2140,no,no,cellular,6,sep,109,3,276,8,other,no,2024-08-13 14:00:00
53,admin.,married,secondary,no,244,yes,yes,unknown,6,may,197,2,-1,0,unknown,no,2024-08-13 15:00:00
32,admin.,single,tertiary,no,395,yes,no,unknown,6,may,241,3,-1,0,unknown,no,2024-08-13 16:00:00
48,services,divorced,secondary,no,361,no,no,cellular,17,nov,287,1,-1,0,unknown,no,2024-08-13 17:00:00
45,entrepreneur,divorced,tertiary,no,1273,yes,yes,unknown,11,jun,197,3,-1,0,unknown,no,2024-08-13 18:00:00
51,services,married,secondary,no,107,yes,no,telephone,13,may,99,2,369,4,failure,no,2024-08-13 19:00:00
44,blue-collar,divorced,secondary,no,558,yes,no,unknown,7,may,485,1,-1,0,unknown,no,2024-08-13 20:00:00
76,retired,married,tertiary,no,2991,no,no,cellular,22,oct,344,1,183,1,success,yes,2024-08-13 21:00:00
51,services,married,secondary,no,276,no,no,cellular,14,aug,80,2,-1,0,unknown,no,2024-08-13 22:00:00
47,management,married,tertiary,no,7741,yes,no,cellular,20,nov,693,3,-1,0,unknown,no,2024-08-13 23:00:00
27,unemployed,single,secondary,no,771,no,no,cellular,21,oct,181,1,302,3,other,yes,2024-08-14 00:00:00
47,management,married,secondary,no,177,yes,no,cellular,14,may,95,3,-1,0,unknown,no,2024-08-14 01:00:00
27,technician,married,secondary,no,267,yes,no,cellular,18,may,166,4,-1,0,unknown,no,2024-08-14 02:00:00
29,technician,single,secondary,no,500,yes,no,cellular,14,may,273,3,-1,0,unknown,no,2024-08-14 03:00:00
35,technician,married,secondary,no,222,yes,no,cellular,14,may,165,5,177,7,failure,no,2024-08-14 04:00:00
42,unknown,single,unknown,no,942,no,no,cellular,27,jan,245,1,92,2,success,yes,2024-08-14 05:00:00
35,blue-collar,married,primary,no,4924,no,no,unknown,16,jun,252,2,-1,0,unknown,no,2024-08-14 06:00:00
29,unemployed,married,secondary,no,596,no,no,cellular,30,jan,510,2,-1,0,unknown,no,2024-08-14 07:00:00
30,technician,single,secondary,no,710,no,no,cellular,14,aug,306,8,-1,0,unknown,no,2024-08-14 08:00:00
61,management,married,tertiary,no,997,no,no,cellular,22,jun,269,1,104,1,success,yes,2024-08-14 09:00:00
46,self-employed,married,tertiary,no,2421,no,no,cellular,11,aug,170,4,-1,0,unknown,no,2024-08-14 10:00:00
59,retired,married,primary,no,94,no,no,cellular,12,aug,256,2,-1,0,unknown,no,2024-08-14 11:00:00
36,management,divorced,secondary,no,1655,yes,no,cellular,18,nov,155,2,-1,0,unknown,no,2024-08-14 12:00:00
40,technician,married,secondary,no,1259,no,no,unknown,20,may,234,5,-1,0,unknown,no,2024-08-14 13:00:00
26,self-employed,single,tertiary,no,458,yes,yes,cellular,2,feb,117,7,-1,0,unknown,no,2024-08-14 14:00:00
46,blue-collar,married,primary,no,91,yes,no,cellular,6,may,29,1,356,2,failure,no,2024-08-14 15:00:00
66,retired,married,secondary,no,154,no,no,telephone,15,jan,66,2,-1,0,unknown,no,2024-08-14 16:00:00
45,blue-collar,married,primary,no,97,yes,no,unknown,7,may,923,3,-1,0,unknown,no,2024-08-14 17:00:00
32,technician,single,secondary,no,40,no,no,cellular,8,aug,419,2,-1,0,unknown,yes,2024-08-14 18:00:00
24,technician,single,secondary,no,403,no,no,unknown,17,jun,247,1,-1,0,unknown,yes,2024-08-14 19:00:00
28,blue-collar,single,secondary,no,643,no,no,cellular,3,jul,308,2,-1,0,unknown,yes,2024-08-14 20:00:00
34,management,married,tertiary,no,1388,yes,no,cellular,1,sep,222,1,93,4,failure,no,2024-08-14 21:00:00
38,blue-collar,married,primary,no,346,no,no,cellular,6,feb,15,3,9,3,other,no,2024-08-14 22:00:00
36,management,married,tertiary,no,6138,yes,yes,cellular,21,nov,358,4,-1,0,unknown,no,2024-08-14 23:00:00
57,housemaid,divorced,primary,no,3819,no,no,telephone,30,jul,1001,2,-1,0,unknown,no,2024-08-15 00:00:00
37,admin.,divorced,secondary,no,34,yes,no,unknown,9,may,144,3,-1,0,unknown,no,2024-08-15 01:00:00
49,self-employed,divorced,tertiary,no,3293,no,no,cellular,8,mar,111,3,585,6,other,no,2024-08-15 02:00:00
54,services,married,primary,no,8,yes,no,cellular,14,may,143,1,-1,0,unknown,no,2024-08-15 03:00:00
60,technician,married,secondary,no,116,no,no,cellular,11,aug,329,2,181,8,success,yes,2024-08-15 04:00:00
27,blue-collar,single,primary,no,0,yes,no,unknown,16,may,576,1,-1,0,unknown,no,2024-08-15 05:00:00
26,admin.,single,secondary,no,125,no,no,cellular,4,aug,92,1,118,6,other,no,2024-08-15 06:00:00
28,technician,single,secondary,no,-9,yes,yes,unknown,9,may,175,5,-1,0,unknown,no,2024-08-15 07:00:00
35,blue-collar,single,primary,no,398,yes,no,unknown,8,may,34,1,-1,0,unknown,no,2024-08-15 08:00:00
37,blue-collar,married,secondary,no,10721,yes,no,unknown,18,jun,394,3,-1,0,unknown,no,2024-08-15 09:00:00
43,management,divorced,tertiary,no,0,no,no,cellular,20,nov,154,2,-1,0,unknown,no,2024-08-15 10:00:00
48,management,married,primary,no,606,no,no,cellular,7,sep,589,3,186,6,failure,no,2024-08-15 11:00:00
38,admin.,married,secondary,no,0,yes,no,telephone,16,jul,284,8,-1,0,unknown,no,2024-08-15 12:00:00
77,retired,married,primary,no,680,no,no,telephone,25,aug,103,3,-1,0,unknown,no,2024-08-15 13:00:00
37,management,married,tertiary,no,-113,yes,no,unknown,29,may,219,3,-1,0,unknown,no,2024-08-15 14:00:00
28,unemployed,single,primary,no,1374,no,no,cellular,23,apr,203,4,-1,0,unknown,yes,2024-08-15 15:00:00
58,retired,married,secondary,no,158,yes,yes,cellular,2,feb,156,5,-1,0,unknown,no,2024-08-15 16:00:00
30,technician,single,secondary,no,323,no,no,cellular,25,jan,116,1,151,3,failure,no,2024-08-15 17:00:00
67,retired,married,tertiary,no,1948,no,no,cellular,2,jul,844,2,155,5,success,no,2024-08-15 18:00:00
32,technician,single,secondary,no,29,no,no,cellular,19,aug,156,2,-1,0,unknown,no,2024-08-15 19:00:00
38,retired,single,unknown,no,62,no,no,unknown,19,jun,212,1,-1,0,unknown,no,2024-08-15 20:00:00
41,management,married,secondary,no,1956,no,no,cellular,4,may,114,6,168,11,other,no,2024-08-15 21:00:00
32,blue-collar,married,secondary,no,-460,yes,yes,cellular,29,jan,131,2,206,6,other,no,2024-08-15 22:00:00
56,blue-collar,married,secondary,no,345,yes,no,telephone,22,jul,605,1,-1,0,unknown,no,2024-08-15 23:00:00
28,blue-collar,single,secondary,no,-197,yes,no,unknown,9,may,2016,2,-1,0,unknown,yes,2024-08-16 00:00:00
48,management,divorced,tertiary,no,0,no,no,unknown,20,jun,26,3,-1,0,unknown,no,2024-08-16 01:00:00
36,student,single,secondary,no,17,no,no,cellular,22,apr,621,1,-1,0,unknown,yes,2024-08-16 02:00:00
51,blue-collar,married,primary,no,610,yes,yes,unknown,30,may,436,3,-1,0,unknown,no,2024-08-16 03:00:00
58,management,married,tertiary,no,2261,yes,no,cellular,3,jun,1361,1,391,1,failure,no,2024-08-16 04:00:00
46,management,married,tertiary,no,699,no,no,cellular,2,feb,241,1,-1,0,unknown,no,2024-08-16 05:00:00
36,management,single,tertiary,no,156,no,no,cellular,22,aug,122,1,-1,0,unknown,no,2024-08-16 06:00:00
33,services,single,secondary,no,149,no,yes,cellular,7,jul,254,1,-1,0,unknown,no,2024-08-16 07:00:00
57,retired,married,secondary,no,3382,no,yes,telephone,23,jul,165,2,-1,0,unknown,no,2024-08-16 08:00:00
50,blue-collar,married,primary,no,5872,yes,no,cellular,5,may,762,3,-1,0,unknown,yes,2024-08-16 09:00:00
32,blue-collar,married,primary,no,2291,yes,yes,cellular,29,jan,489,3,182,24,other,no,2024-08-16 10:00:00
44,management,married,tertiary,no,0,no,no,cellular,28,aug,43,1,-1,0,unknown,no,2024-08-16 11:00:00
47,retired,divorced,secondary,no,0,no,no,unknown,19,jun,141,1,-1,0,unknown,no,2024-08-16 12:00:00
32,management,single,tertiary,no,0,yes,no,cellular,22,jul,455,2,-1,0,unknown,no,2024-08-16 13:00:00
26,services,married,secondary,no,2063,yes,yes,cellular,10,jul,221,1,-1,0,unknown,no,2024-08-16 14:00:00
32,entrepreneur,single,tertiary,no,-34,yes,no,cellular,11,mar,101,1,-1,0,unknown,yes,2024-08-16 15:00:00
34,entrepreneur,married,tertiary,no,1076,yes,no,cellular,5,feb,136,10,-1,0,unknown,yes,2024-08-16 16:00:00
35,student,single,tertiary,no,7,yes,no,telephone,4,feb,72,2,247,1,other,no,2024-08-16 17:00:00
33,unemployed,single,primary,no,396,no,no,cellular,22,feb,382,3,-1,0,unknown,no,2024-08-16 18:00:00
30,management,married,tertiary,no,2451,yes,no,cellular,19,nov,191,2,175,1,failure,no,2024-08-16 19:00:00
45,blue-collar,married,primary,no,626,yes,no,unknown,14,may,68,1,-1,0,unknown,no,2024-08-16 20:00:00
80,retired,married,secondary,no,2354,no,no,telephone,4,aug,199,2,181,3,success,no,2024-08-16 21:00:00
27,management,single,tertiary,no,107,no,no,cellular,18,oct,767,3,-1,0,unknown,yes,2024-08-16 22:00:00
52,admin.,married,secondary,no,473,yes,no,cellular,25,jul,135,2,-1,0,unknown,no,2024-08-16 23:00:00
50,technician,married,secondary,no,10757,yes,no,cellular,6,aug,276,3,-1,0,unknown,no,2024-08-17 00:00:00
33,admin.,married,secondary,no,0,yes,no,cellular,10,jul,181,1,-1,0,unknown,no,2024-08-17 01:00:00
42,management,married,tertiary,no,-323,yes,no,cellular,7,aug,135,2,-1,0,unknown,no,2024-08-17 02:00:00
54,technician,married,tertiary,no,395,no,no,cellular,30,apr,183,1,183,2,success,yes,2024-08-17 03:00:00
32,unemployed,married,secondary,yes,2,yes,no,unknown,13,may,178,2,-1,0,unknown,no,2024-08-17 04:00:00
47,blue-collar,married,primary,no,-12,yes,no,unknown,5,may,18,1,-1,0,unknown,no,2024-08-17 05:00:00
25,management,single,tertiary,no,362,no,no,cellular,3,jun,617,2,-1,0,unknown,yes,2024-08-17 06:00:00
47,technician,divorced,primary,no,3524,yes,no,cellular,19,nov,332,4,-1,0,unknown,no,2024-08-17 07:00:00
60,admin.,married,primary,no,686,yes,yes,cellular,16,jul,122,1,-1,0,unknown,no,2024-08-17 08:00:00
30,admin.,single,tertiary,no,732,no,no,cellular,20,nov,179,1,-1,0,unknown,no,2024-08-17 09:00:00
71,retired,married,tertiary,no,4388,no,no,cellular,5,feb,346,1,183,3,other,no,2024-08-17 10:00:00
44,admin.,married,secondary,no,185,yes,no,cellular,18,may,27,7,-1,0,unknown,no,2024-08-17 11:00:00
48,management,married,tertiary,no,2266,no,no,cellular,18,nov,676,1,-1,0,unknown,yes,2024-08-17 12:00:00
39,management,married,secondary,no,-473,yes,no,cellular,6,may,318,1,-1,0,unknown,no,2024-08-17 13:00:00
55,retired,divorced,primary,no,1420,no,no,unknown,23,jun,655,4,-1,0,unknown,no,2024-08-17 14:00:00
34,blue-collar,married,primary,no,500,yes,no,unknown,20,may,324,1,-1,0,unknown,no,2024-08-17 15:00:00
44,unemployed,married,secondary,no,6178,no,no,cellular,3,feb,213,3,-1,0,unknown,no,2024-08-17 16:00:00
31,technician,married,secondary,no,510,yes,no,unknown,21,may,117,3,-1,0,unknown,no,2024-08-17 17:00:00
84,retired,married,primary,no,1791,no,no,telephone,30,oct,62,3,-1,0,unknown,no,2024-08-17 18:00:00
35,admin.,married,tertiary,no,286,no,no,cellular,30,apr,949,2,-1,0,unknown,yes,2024-08-17 19:00:00
39,technician,married,tertiary,no,11766,yes,no,cellular,4,may,15,4,166,1,failure,no,2024-08-17 20:00:00
31,management,single,tertiary,no,-429,yes,yes,unknown,27,may,207,1,-1,0,unknown,no,2024-08-17 21:00:00
52,blue-collar,married,primary,no,306,no,no,cellular,28,jan,223,1,-1,0,unknown,yes,2024-08-17 22:00:00
38,blue-collar,single,primary,no,947,yes,no,cellular,12,may,361,2,-1,0,unknown,no,2024-08-17 23:00:00
55,management,married,unknown,yes,-171,yes,no,unknown,15,may,30,2,-1,0,unknown,no,2024-08-18 00:00:00
41,blue-collar,married,primary,no,7735,yes,no,cellular,20,nov,220,1,190,1,failure,no,2024-08-18 01:00:00
64,retired,married,tertiary,no,2059,no,yes,cellular,9,nov,326,1,95,1,other,no,2024-08-18 02:00:00
36,management,divorced,tertiary,no,18,yes,no,cellular,18,jul,180,2,-1,0,unknown,no,2024-08-18 03:00:00
50,admin.,married,secondary,no,-79,no,yes,cellular,6,aug,138,7,-1,0,unknown,no,2024-08-18 04:00:00
39,management,married,tertiary,no,2666,no,no,cellular,7,aug,96,2,-1,0,unknown,no,2024-08-18 05:00:00
28,blue-collar,single,primary,no,1199,yes,no,cellular,30,jul,1011,20,-1,0,unknown,no,2024-08-18 06:00:00
46,technician,divorced,secondary,no,-205,yes,no,unknown,2,jun,126,1,-1,0,unknown,no,2024-08-18 07:00:00
36,blue-collar,married,secondary,no,4986,yes,no,cellular,12,may,139,2,-1,0,unknown,no,2024-08-18 08:00:00
34,admin.,divorced,secondary,no,961,no,no,cellular,5,apr,137,2,430,2,failure,no,2024-08-18 09:00:00
46,services,divorced,secondary,no,5,yes,yes,cellular,29,jan,305,2,-1,0,unknown,no,2024-08-18 10:00:00
31,self-employed,married,tertiary,no,2666,no,no,telephone,8,jul,411,2,148,9,other,yes,2024-08-18 11:00:00
37,admin.,married,secondary,no,3420,no,no,telephone,12,aug,92,1,-1,0,unknown,no,2024-08-18 12:00:00
33,technician,divorced,secondary,no,791,yes,no,cellular,24,jul,268,2,-1,0,unknown,no,2024-08-18 13:00:00
61,retired,married,tertiary,no,2557,yes,no,cellular,11,aug,139,3,190,1,success,yes,2024-08-18 14:00:00
30,management,single,tertiary,no,1289,no,no,cellular,17,jul,489,2,-1,0,unknown,no,2024-08-18 15:00:00
38,technician,single,secondary,no,4359,no,no,cellular,8,aug,170,2,-1,0,unknown,no,2024-08-18 16:00:00
40,blue-collar,married,secondary,no,1100,yes,no,unknown,29,may,660,2,-1,0,unknown,no,2024-08-18 17:00:00
34,admin.,married,secondary,no,36,no,no,cellular,22,aug,192,6,-1,0,unknown,no,2024-08-18 18:00:00
31,technician,married,secondary,no,2363,yes,no,unknown,13,may,247,1,-1,0,unknown,no,2024-08-18 19:00:00
31,technician,married,secondary,no,0,no,no,cellular,14,jul,229,3,-1,0,unknown,no,2024-08-18 20:00:00
36,management,married,tertiary,no,11675,yes,no,cellular,20,nov,48,1,-1,0,unknown,no,2024-08-18 21:00:00
32,blue-collar,single,secondary,no,3201,yes,no,cellular,20,nov,98,1,178,5,failure,no,2024-08-18 22:00:00
32,admin.,divorced,secondary,yes,5,yes,yes,cellular,18,may,82,3,363,2,other,no,2024-08-18 23:00:00
63,retired,married,secondary,no,2747,no,no,cellular,23,jun,206,1,-1,0,unknown,no,2024-08-19 00:00:00
47,technician,married,secondary,no,44,no,no,unknown,20,jun,15,3,-1,0,unknown,no,2024-08-19 01:00:00
35,management,married,tertiary,no,1253,yes,no,unknown,19,may,210,2,-1,0,unknown,no,2024-08-19 02:00:00
59,entrepreneur,divorced,secondary,no,0,no,yes,cellular,2,feb,69,2,-1,0,unknown,no,2024-08-19 03:00:00
45,management,divorced,tertiary,no,54,no,yes,cellular,21,jul,34,3,-1,0,unknown,no,2024-08-19 04:00:00
50,technician,single,tertiary,no,1840,yes,no,cellular,11,jul,184,2,-1,0,unknown,no,2024-08-19 05:00:00
43,services,single,unknown,no,0,no,no,unknown,5,may,73,1,-1,0,unknown,no,2024-08-19 06:00:00
40,management,married,tertiary,no,0,yes,no,cellular,28,jul,52,11,-1,0,unknown,no,2024-08-19 07:00:00
37,technician,single,secondary,no,6714,yes,no,unknown,23,may,90,1,-1,0,unknown,no,2024-08-19 08:00:00
36,management,single,tertiary,no,188,no,no,cellular,29,jan,55,2,-1,0,unknown,no,2024-08-19 09:00:00
37,blue-collar,married,secondary,no,421,no,yes,unknown,30,may,381,2,-1,0,unknown,no,2024-08-19 10:00:00
31,management,single,tertiary,no,86,no,no,cellular,12,aug,150,4,-1,0,unknown,no,2024-08-19 11:00:00
37,technician,single,secondary,no,4,no,no,cellular,11,aug,933,1,-1,0,unknown,yes,2024-08-19 12:00:00
51,housemaid,married,primary,no,618,yes,yes,cellular,4,feb,69,1,-1,0,unknown,no,2024-08-19 13:00:00
73,retired,married,tertiary,no,448,no,no,cellular,24,mar,136,1,-1,0,unknown,yes,2024-08-19 14:00:00
37,management,married,tertiary,no,2283,no,no,cellular,6,may,243,2,98,2,failure,yes,2024-08-19 15:00:00
35,management,married,tertiary,no,284,no,yes,cellular,6,aug,258,2,-1,0,unknown,no,2024-08-19 16:00:00
31,services,married,secondary,no,-704,yes,no,unknown,27,may,195,2,-1,0,unknown,no,2024-08-19 17:00:00
49,technician,married,secondary,no,1684,no,yes,cellular,1,jun,412,2,-1,0,unknown,yes,2024-08-19 18:00:00
32,blue-collar,married,secondary,no,0,yes,no,cellular,9,feb,7,7,-1,0,unknown,no,2024-08-19 19:00:00
40,self-employed,married,secondary,no,31,yes,no,cellular,16,apr,174,2,147,6,failure,no,2024-08-19 20:00:00
33,technician,single,secondary,no,105,yes,no,unknown,5,may,262,2,-1,0,unknown,no,2024-08-19 21:00:00
38,services,married,tertiary,no,658,no,no,cellular,4,aug,328,2,-1,0,unknown,no,2024-08-19 22:00:00
58,entrepreneur,divorced,secondary,no,0,yes,no,cellular,7,may,270,3,-1,0,unknown,no,2024-08-19 23:00:00
33,technician,single,tertiary,no,443,no,no,cellular,11,aug,240,5,-1,0,unknown,no,2024-08-20 00:00:00
34,technician,single,tertiary,yes,-6,no,no,cellular,28,aug,79,8,-1,0,unknown,no,2024-08-20 01:00:00
41,blue-collar,divorced,secondary,no,-274,yes,no,cellular,8,may,279,1,-1,0,unknown,no,2024-08-20 02:00:00
38,technician,married,secondary,no,710,yes,no,cellular,17,apr,196,1,346,3,failure,no,2024-08-20 03:00:00
40,management,divorced,tertiary,no,49,no,no,cellular,6,feb,249,3,-1,0,unknown,no,2024-08-20 04:00:00
31,admin.,single,secondary,no,270,no,no,cellular,16,nov,176,1,200,2,success,no,2024-08-20 05:00:00
48,management,divorced,secondary,no,17,yes,no,cellular,17,nov,195,1,-1,0,unknown,no,2024-08-20 06:00:00
36,self-employed,married,tertiary,no,16430,yes,no,cellular,19,nov,234,1,166,3,failure,no,2024-08-20 07:00:00
47,blue-collar,married,primary,no,146,yes,yes,unknown,19,may,53,5,-1,0,unknown,no,2024-08-20 08:00:00
40,self-employed,married,secondary,no,1270,yes,no,cellular,8,may,1049,2,-1,0,unknown,no,2024-08-20 09:00:00
35,blue-collar,married,secondary,no,243,yes,no,cellular,20,apr,41,3,-1,0,unknown,no,2024-08-20 10:00:00
42,services,single,secondary,no,0,yes,no,cellular,14,may,67,7,177,1,other,no,2024-08-20 11:00:00
23,technician,single,secondary,no,598,no,no,cellular,30,apr,166,1,-1,0,unknown,no,2024-08-20 12:00:00
48,unemployed,married,secondary,no,11371,yes,no,cellular,30,apr,249,1,86,3,failure,no,2024-08-20 13:00:00
57,technician,married,secondary,no,253,no,yes,unknown,3,jul,230,3,-1,0,unknown,no,2024-08-20 14:00:00
32,admin.,divorced,secondary,no,-241,no,yes,unknown,27,jun,856,2,-1,0,unknown,yes,2024-08-20 15:00:00
56,admin.,divorced,secondary,no,-429,no,yes,cellular,19,nov,120,2,119,4,failure,no,2024-08-20 16:00:00
37,management,single,secondary,no,3167,yes,no,unknown,30,may,197,1,-1,0,unknown,no,2024-08-20 17:00:00
31,management,single,tertiary,no,0,no,no,cellular,21,aug,243,2,-1,0,unknown,no,2024-08-20 18:00:00
24,services,single,secondary,no,77,yes,yes,unknown,6,may,390,2,-1,0,unknown,no,2024-08-20 19:00:00
54,housemaid,married,primary,no,127,no,no,cellular,19,aug,176,4,-1,0,unknown,no,2024-08-20 20:00:00
39,blue-collar,married,primary,no,2303,yes,no,unknown,17,jun,775,3,-1,0,unknown,yes,2024-08-20 21:00:00
47,management,single,tertiary,no,334,yes,no,cellular,28,jun,614,3,94,9,success,yes,2024-08-20 22:00:00
40,technician,married,secondary,no,4186,no,no,cellular,11,aug,129,1,-1,0,unknown,no,2024-08-20 23:00:00
56,retired,married,primary,no,21,no,no,cellular,29,jul,324,7,-1,0,unknown,no,2024-08-21 00:00:00
25,technician,single,secondary,no,2157,yes,no,cellular,21,jul,339,1,-1,0,unknown,no,2024-08-21 01:00:00
31,management,single,tertiary,no,18,no,no,cellular,22,aug,332,3,-1,0,unknown,no,2024-08-21 02:00:00
55,services,divorced,secondary,no,0,no,no,cellular,27,sep,262,6,193,4,success,yes,2024-08-21 03:00:00
35,services,divorced,secondary,no,67,yes,no,cellular,5,may,192,2,-1,0,unknown,no,2024-08-21 04:00:00
47,technician,married,secondary,no,2283,yes,no,cellular,21,nov,170,2,-1,0,unknown,no,2024-08-21 05:00:00
41,entrepreneur,divorced,tertiary,no,252,no,no,unknown,15,may,57,2,-1,0,unknown,no,2024-08-21 06:00:00
26,management,single,tertiary,no,55,no,yes,cellular,16,jul,165,5,-1,0,unknown,no,2024-08-21 07:00:00
26,management,single,tertiary,no,222,no,no,cellular,26,apr,192,1,334,1,failure,yes,2024-08-21 08:00:00
36,blue-collar,single,secondary,no,1089,yes,no,telephone,11,may,75,4,-1,0,unknown,no,2024-08-21 09:00:00
36,self-employed,married,tertiary,no,12132,no,no,telephone,21,nov,146,1,-1,0,unknown,no,2024-08-21 10:00:00
45,technician,divorced,secondary,no,146,no,no,cellular,8,jul,216,1,-1,0,unknown,no,2024-08-21 11:00:00
45,management,married,tertiary,no,-192,yes,no,cellular,6,may,138,3,-1,0,unknown,no,2024-08-21 12:00:00
28,student,single,secondary,no,231,yes,no,cellular,8,may,55,1,-1,0,unknown,no,2024-08-21 13:00:00
43,management,married,tertiary,no,228,no,no,cellular,28,aug,47,18,-1,0,unknown,no,2024-08-21 14:00:00
59,entrepreneur,married,secondary,no,1085,no,yes,cellular,29,jul,101,4,-1,0,unknown,no,2024-08-21 15:00:00
30,blue-collar,single,unknown,no,0,yes,no,unknown,19,may,199,1,-1,0,unknown,no,2024-08-21 16:00:00
35,blue-collar,single,primary,no,-631,yes,no,cellular,28,jul,124,3,-1,0,unknown,no,2024-08-21 17:00:00
78,retired,married,secondary,no,220,no,no,cellular,4,aug,220,1,-1,0,unknown,no,2024-08-21 18:00:00
49,technician,divorced,secondary,no,-403,no,yes,cellular,21,jul,482,2,-1,0,unknown,no,2024-08-21 19:00:00
38,technician,married,secondary,no,0,yes,no,cellular,4,aug,71,1,-1,0,unknown,no,2024-08-21 20:00:00
35,unemployed,single,tertiary,no,2340,no,no,cellular,31,jul,420,9,-1,0,unknown,no,2024-08-21 21:00:00
64,retired,married,tertiary,no,846,no,no,cellular,14,aug,107,3,-1,0,unknown,no,2024-08-21 22:00:00
38,admin.,single,secondary,no,2345,yes,no,unknown,29,may,174,2,-1,0,unknown,no,2024-08-21 23:00:00
58,management,married,tertiary,no,0,yes,no,cellular,18,nov,265,1,188,1,failure,no,2024-08-22 00:00:00
34,blue-collar,married,secondary,no,3186,yes,no,cellular,17,apr,321,2,-1,0,unknown,no,2024-08-22 01:00:00
28,management,single,tertiary,no,321,no,yes,cellular,5,feb,255,6,-1,0,unknown,no,2024-08-22 02:00:00
35,management,single,tertiary,no,671,yes,no,cellular,1,jun,128,1,83,1,success,no,2024-08-22 03:00:00
30,technician,single,secondary,no,126,no,no,cellular,19,aug,256,2,-1,0,unknown,no,2024-08-22 04:00:00
25,management,single,tertiary,no,2305,no,no,cellular,12,aug,222,2,104,2,failure,no,2024-08-22 05:00:00
36,technician,single,secondary,no,1053,yes,no,unknown,21,may,147,1,-1,0,unknown,no,2024-08-22 06:00:00
41,technician,married,secondary,no,0,no,no,cellular,20,aug,113,3,-1,0,unknown,no,2024-08-22 07:00:00
36,admin.,married,secondary,no,1601,yes,no,unknown,23,may,163,3,-1,0,unknown,no,2024-08-22 08:00:00
23,admin.,single,secondary,no,345,yes,no,unknown,27,may,330,2,-1,0,unknown,no,2024-08-22 09:00:00
30,management,single,tertiary,no,57,yes,no,cellular,4,feb,153,2,-1,0,unknown,no,2024-08-22 10:00:00
28,technician,single,secondary,no,313,no,no,cellular,9,feb,1183,2,-1,0,unknown,yes,2024-08-22 11:00:00
48,blue-collar,married,primary,no,0,no,yes,cellular,17,nov,479,1,-1,0,unknown,no,2024-08-22 12:00:00
27,entrepreneur,married,tertiary,no,79,yes,yes,cellular,13,may,201,1,369,3,failure,no,2024-08-22 13:00:00
22,student,single,secondary,no,148,no,no,cellular,2,feb,928,1,-1,0,unknown,no,2024-08-22 14:00:00
46,admin.,married,secondary,no,368,no,no,cellular,20,aug,293,1,90,4,other,yes,2024-08-22 15:00:00
42,entrepreneur,married,primary,no,759,yes,no,telephone,13,may,80,1,343,10,failure,no,2024-08-22 16:00:00
43,blue-collar,married,secondary,no,1127,yes,no,cellular,17,apr,126,3,345,2,other,no,2024-08-22 17:00:00
47,technician,divorced,secondary,no,1851,yes,no,unknown,19,may,140,2,-1,0,unknown,no,2024-08-22 18:00:00
46,admin.,married,secondary,no,44,no,no,cellular,6,aug,175,2,-1,0,unknown,no,2024-08-22 19:00:00
41,services,married,secondary,no,510,yes,no,unknown,9,may,231,2,-1,0,unknown,no,2024-08-22 20:00:00
32,services,married,tertiary,no,4908,no,yes,cellular,13,may,491,2,-1,0,unknown,no,2024-08-22 21:00:00
47,technician,single,secondary,no,600,no,yes,cellular,4,aug,173,2,-1,0,unknown,no,2024-08-22 22:00:00
76,retired,married,unknown,no,992,no,no,cellular,27,oct,139,2,-1,0,unknown,no,2024-08-22 23:00:00
52,admin.,married,secondary,no,1236,yes,no,unknown,6,may,247,1,-1,0,unknown,no,2024-08-23 00:00:00
33,housemaid,divorced,secondary,no,-18,yes,no,unknown,5,jun,27,8,-1,0,unknown,no,2024-08-23 01:00:00
52,technician,married,secondary,no,1076,yes,no,cellular,13,aug,156,2,-1,0,unknown,no,2024-08-23 02:00:00
51,services,married,secondary,no,260,no,no,telephone,9,jul,183,2,-1,0,unknown,no,2024-08-23 03:00:00
34,admin.,single,secondary,no,43,yes,no,unknown,28,sep,6,1,-1,0,unknown,no,2024-08-23 04:00:00
42,blue-collar,married,secondary,no,351,yes,no,unknown,16,may,76,21,-1,0,unknown,no,2024-08-23 05:00:00
27,services,single,tertiary,no,536,yes,no,cellular,11,may,105,3,-1,0,unknown,no,2024-08-23 06:00:00
39,technician,married,tertiary,no,123,yes,no,unknown,30,may,127,1,-1,0,unknown,no,2024-08-23 07:00:00
69,retired,married,unknown,no,426,no,no,telephone,9,dec,395,1,-1,0,unknown,yes,2024-08-23 08:00:00
49,services,married,secondary,no,1314,no,no,cellular,14,aug,834,14,-1,0,unknown,yes,2024-08-23 09:00:00
27,blue-collar,single,secondary,yes,-3,yes,no,unknown,19,may,265,5,-1,0,unknown,no,2024-08-23 10:00:00
56,retired,divorced,secondary,no,-82,no,yes,cellular,29,jul,234,6,-1,0,unknown,no,2024-08-23 11:00:00
58,blue-collar,married,primary,no,226,yes,no,cellular,14,jul,306,2,-1,0,unknown,no,2024-08-23 12:00:00
42,technician,married,secondary,no,5,no,no,cellular,21,aug,98,2,-1,0,unknown,no,2024-08-23 13:00:00
30,technician,married,secondary,no,590,yes,no,unknown,23,may,242,3,-1,0,unknown,no,2024-08-23 14:00:00
29,management,single,tertiary,no,1388,yes,no,cellular,15,may,157,3,-1,0,unknown,no,2024-08-23 15:00:00
28,self-employed,married,secondary,no,123,no,yes,telephone,22,oct,313,1,-1,0,unknown,yes,2024-08-23 16:00:00
56,management,married,tertiary,no,616,no,no,cellular,30,apr,225,1,83,1,success,yes,2024-08-23 17:00:00
60,technician,married,secondary,no,2041,no,no,telephone,29,jan,123,1,185,7,failure,no,2024-08-23 18:00:00
34,blue-collar,single,unknown,no,129,yes,yes,cellular,16,nov,295,1,200,2,success,yes,2024-08-23 19:00:00
39,blue-collar,single,primary,no,0,yes,yes,cellular,13,may,1975,5,-1,0,unknown,yes,2024-08-23 20:00:00
51,admin.,married,secondary,no,513,yes,no,unknown,14,may,534,1,-1,0,unknown,no,2024-08-23 21:00:00
32,technician,married,secondary,no,175,yes,no,unknown,13,may,142,1,-1,0,unknown,no,2024-08-23 22:00:00
38,services,married,secondary,no,1005,yes,yes,unknown,9,jun,152,2,-1,0,unknown,no,2024-08-23 23:00:00
54,retired,married,primary,no,1156,no,no,unknown,16,jun,64,2,-1,0,unknown,no,2024-08-24 00:00:00
43,housemaid,married,primary,no,0,no,yes,cellular,17,nov,836,1,129,2,failure,no,2024-08-24 01:00:00
31,admin.,married,secondary,no,7634,yes,yes,unknown,3,jun,216,1,-1,0,unknown,no,2024-08-24 02:00:00
49,blue-collar,married,primary,no,592,no,no,cellular,28,aug,133,15,-1,0,unknown,no,2024-08-24 03:00:00
37,management,married,tertiary,no,31,no,no,cellular,22,aug,72,2,-1,0,unknown,no,2024-08-24 04:00:00
44,management,married,secondary,no,2897,no,no,cellular,5,apr,296,1,180,4,other,no,2024-08-24 05:00:00
45,technician,married,secondary,no,86,yes,no,unknown,5,may,270,1,-1,0,unknown,no,2024-08-24 06:00:00
49,entrepreneur,married,secondary,no,348,no,no,cellular,11,aug,105,2,-1,0,unknown,no,2024-08-24 07:00:00
32,unemployed,married,tertiary,no,1,no,no,cellular,25,jul,449,2,-1,0,unknown,no,2024-08-24 08:00:00
33,services,single,secondary,no,189,no,no,unknown,21,may,27,10,-1,0,unknown,no,2024-08-24 09:00:00
50,management,married,tertiary,no,400,no,no,cellular,13,aug,343,2,-1,0,unknown,no,2024-08-24 10:00:00
37,services,divorced,secondary,no,49,yes,no,unknown,16,may,619,2,-1,0,unknown,yes,2024-08-24 11:00:00
32,management,single,tertiary,no,933,yes,no,cellular,12,may,147,4,307,1,failure,no,2024-08-24 12:00:00
30,technician,single,secondary,no,963,yes,no,cellular,18,may,66,1,-1,0,unknown,no,2024-08-24 13:00:00
28,services,single,secondary,no,430,yes,no,cellular,8,may,158,2,350,2,failure,no,2024-08-24 14:00:00
33,technician,married,tertiary,no,1746,yes,no,cellular,10,jul,184,1,-1,0,unknown,no,2024-08-24 15:00:00
55,technician,married,secondary,no,6043,no,no,cellular,19,nov,427,3,-1,0,unknown,no,2024-08-24 16:00:00
52,technician,single,secondary,no,-181,yes,no,unknown,7,may,94,2,-1,0,unknown,no,2024-08-24 17:00:00
39,management,single,tertiary,no,307,no,no,cellular,22,may,182,2,-1,0,unknown,yes,2024-08-24 18:00:00
29,entrepreneur,single,tertiary,no,303,yes,no,unknown,14,may,180,4,-1,0,unknown,no,2024-08-24 19:00:00
60,admin.,married,secondary,no,711,no,no,cellular,12,aug,355,4,-1,0,unknown,no,2024-08-24 20:00:00
42,technician,divorced,tertiary,no,21,yes,no,unknown,20,jun,9,7,-1,0,unknown,no,2024-08-24 21:00:00
55,technician,single,secondary,no,99,yes,no,cellular,12,may,300,1,370,3,failure,no,2024-08-24 22:00:00
23,housemaid,married,tertiary,no,1226,no,no,cellular,31,jul,350,4,-1,0,unknown,no,2024-08-24 23:00:00
43,blue-collar,married,secondary,no,2374,no,no,cellular,20,apr,316,2,264,2,failure,no,2024-08-25 00:00:00
34,technician,married,secondary,no,-346,no,no,cellular,13,aug,136,4,-1,0,unknown,no,2024-08-25 01:00:00
31,management,married,tertiary,no,451,yes,no,cellular,5,may,67,1,-1,0,unknown,no,2024-08-25 02:00:00
42,management,married,tertiary,no,372,yes,no,cellular,3,aug,654,2,-1,0,unknown,yes,2024-08-25 03:00:00
34,admin.,married,secondary,no,1183,yes,no,cellular,20,apr,575,2,-1,0,unknown,no,2024-08-25 04:00:00
51,services,married,secondary,no,2085,yes,no,unknown,19,may,70,1,-1,0,unknown,no,2024-08-25 05:00:00
42,blue-collar,married,primary,no,271,yes,no,unknown,8,may,84,4,-1,0,unknown,no,2024-08-25 06:00:00
51,self-employed,married,tertiary,no,2235,no,no,cellular,21,nov,8,3,-1,0,unknown,no,2024-08-25 07:00:00
35,management,single,tertiary,no,107,yes,no,cellular,6,may,142,3,-1,0,unknown,no,2024-08-25 08:00:00
53,management,married,tertiary,no,18931,no,no,cellular,5,aug,224,1,86,23,other,no,2024-08-25 09:00:00
60,blue-collar,married,primary,no,6271,yes,no,cellular,6,may,210,2,254,5,failure,no,2024-08-25 10:00:00
34,technician,married,secondary,no,1464,yes,no,unknown,23,may,350,1,-1,0,unknown,no,2024-08-25 11:00:00
53,services,married,secondary,no,579,no,no,unknown,4,jun,1224,7,-1,0,unknown,no,2024-08-25 12:00:00
49,technician,married,secondary,no,2,no,no,cellular,19,aug,177,8,-1,0,unknown,no,2024-08-25 13:00:00
37,management,married,tertiary,no,1066,yes,no,cellular,23,jul,181,1,-1,0,unknown,no,2024-08-25 14:00:00
56,services,married,primary,no,966,no,yes,cellular,10,jul,68,1,-1,0,unknown,no,2024-08-25 15:00:00
48,management,married,secondary,no,-440,yes,yes,cellular,12,may,399,1,-1,0,unknown,no,2024-08-25 16:00:00
30,blue-collar,single,secondary,no,5,yes,no,cellular,4,feb,196,1,-1,0,unknown,no,2024-08-25 17:00:00
54,technician,married,secondary,no,415,yes,no,unknown,19,jun,34,31,-1,0,unknown,no,2024-08-25 18:00:00
47,admin.,divorced,secondary,no,-480,no,no,unknown,28,may,360,1,-1,0,unknown,no,2024-08-25 19:00:00
38,blue-collar,married,secondary,no,530,yes,no,cellular,20,apr,59,3,-1,0,unknown,no,2024-08-25 20:00:00
49,services,married,secondary,no,823,no,no,cellular,8,aug,780,4,-1,0,unknown,yes,2024-08-25 21:00:00
31,management,single,tertiary,no,471,no,no,cellular,29,aug,153,2,-1,0,unknown,no,2024-08-25 22:00:00
24,services,married,secondary,no,51,yes,yes,unknown,15,may,187,2,-1,0,unknown,no,2024-08-25 23:00:00
51,management,married,tertiary,no,9796,no,yes,unknown,6,jun,110,1,-1,0,unknown,no,2024-08-26 00:00:00
31,services,married,secondary,no,-163,yes,no,cellular,21,jul,200,2,-1,0,unknown,no,2024-08-26 01:00:00
39,unemployed,divorced,secondary,no,507,yes,no,unknown,12,may,150,7,-1,0,unknown,no,2024-08-26 02:00:00
32,services,married,secondary,no,250,yes,no,unknown,29,may,202,1,-1,0,unknown,no,2024-08-26 03:00:00
56,blue-collar,married,secondary,no,337,yes,no,unknown,20,jun,99,2,-1,0,unknown,no,2024-08-26 04:00:00
56,services,married,unknown,no,628,no,no,cellular,29,aug,96,2,-1,0,unknown,no,2024-08-26 05:00:00
32,management,single,tertiary,no,2667,yes,no,cellular,12,aug,971,2,-1,0,unknown,yes,2024-08-26 06:00:00
59,housemaid,married,primary,no,509,no,yes,telephone,23,jul,67,2,-1,0,unknown,no,2024-08-26 07:00:00
40,blue-collar,married,primary,no,4436,yes,no,unknown,13,may,67,2,-1,0,unknown,no,2024-08-26 08:00:00
63,blue-collar,married,secondary,no,641,no,no,cellular,27,may,417,2,-1,0,unknown,yes,2024-08-26 09:00:00
45,housemaid,married,secondary,no,20187,yes,no,cellular,17,nov,707,1,-1,0,unknown,no,2024-08-26 10:00:00
55,unemployed,married,secondary,no,549,no,no,cellular,18,aug,43,5,-1,0,unknown,no,2024-08-26 11:00:00
26,unemployed,single,tertiary,no,370,no,no,cellular,30,jan,230,1,-1,0,unknown,no,2024-08-26 12:00:00
45,blue-collar,married,secondary,no,61,yes,yes,unknown,23,may,208,1,-1,0,unknown,no,2024-08-26 13:00:00
39,blue-collar,single,secondary,no,290,yes,no,cellular,5,may,128,1,336,1,other,no,2024-08-26 14:00:00
50,technician,married,tertiary,no,72,no,no,telephone,5,dec,12,1,-1,0,unknown,no,2024-08-26 15:00:00
27,self-employed,single,tertiary,no,1000,no,no,cellular,29,jan,71,1,-1,0,unknown,no,2024-08-26 16:00:00
51,management,married,secondary,no,2604,no,no,unknown,19,jun,64,1,-1,0,unknown,no,2024-08-26 17:00:00
35,services,married,secondary,no,59,yes,no,unknown,5,may,1077,1,-1,0,unknown,no,2024-08-26 18:00:00
45,admin.,single,secondary,no,205,no,yes,cellular,10,jul,329,1,-1,0,unknown,no,2024-08-26 19:00:00
27,management,single,secondary,no,924,yes,no,cellular,3,feb,84,1,-1,0,unknown,no,2024-08-26 20:00:00
33,admin.,divorced,secondary,no,479,yes,no,unknown,27,may,74,5,-1,0,unknown,no,2024-08-26 21:00:00
30,technician,married,secondary,no,24,yes,no,cellular,18,jul,112,3,-1,0,unknown,no,2024-08-26 22:00:00
42,blue-collar,married,secondary,no,-21,no,no,unknown,2,jun,377,1,-1,0,unknown,no,2024-08-26 23:00:00
21,student,single,primary,no,423,no,no,cellular,8,apr,104,5,-1,0,unknown,yes,2024-08-27 00:00:00
49,management,married,tertiary,yes,10,yes,no,cellular,21,nov,226,1,-1,0,unknown,no,2024-08-27 01:00:00
48,technician,married,secondary,no,522,yes,no,unknown,19,may,71,1,-1,0,unknown,no,2024-08-27 02:00:00
48,technician,married,secondary,no,17,yes,yes,cellular,17,nov,81,1,-1,0,unknown,no,2024-08-27 03:00:00
48,blue-collar,married,primary,no,1001,yes,no,unknown,15,may,422,2,-1,0,unknown,no,2024-08-27 04:00:00
47,services,divorced,secondary,no,287,no,no,unknown,20,jun,63,1,-1,0,unknown,no,2024-08-27 05:00:00
35,technician,single,tertiary,no,130,yes,no,unknown,29,may,125,1,-1,0,unknown,no,2024-08-27 06:00:00
40,technician,married,secondary,no,286,no,no,cellular,30,jul,106,4,-1,0,unknown,no,2024-08-27 07:00:00
70,retired,married,secondary,no,1164,no,no,telephone,14,may,338,3,185,2,failure,no,2024-08-27 08:00:00
60,blue-collar,married,primary,no,14,yes,yes,cellular,15,may,781,4,178,3,failure,no,2024-08-27 09:00:00
55,management,single,tertiary,no,797,no,no,cellular,29,jul,24,2,-1,0,unknown,no,2024-08-27 10:00:00
35,management,single,tertiary,no,1750,yes,no,cellular,30,apr,687,1,9,3,success,yes,2024-08-27 11:00:00
55,blue-collar,married,primary,no,728,yes,no,cellular,7,may,247,1,-1,0,unknown,no,2024-08-27 12:00:00
49,blue-collar,single,unknown,no,2222,no,no,unknown,16,jun,114,2,-1,0,unknown,no,2024-08-27 13:00:00
55,management,married,primary,no,19,yes,no,unknown,16,may,56,3,-1,0,unknown,no,2024-08-27 14:00:00
29,self-employed,single,tertiary,no,162,no,yes,cellular,25,jul,324,1,-1,0,unknown,no,2024-08-27 15:00:00
26,blue-collar,single,secondary,no,-128,no,yes,cellular,8,jul,392,2,-1,0,unknown,no,2024-08-27 16:00:00
50,management,married,tertiary,no,4278,no,no,cellular,17,nov,53,1,-1,0,unknown,no,2024-08-27 17:00:00
36,technician,married,secondary,no,15485,no,no,cellular,14,apr,461,1,-1,0,unknown,yes,2024-08-27 18:00:00
29,blue-collar,married,primary,no,-235,yes,no,cellular,22,jul,189,1,-1,0,unknown,no,2024-08-27 19:00:00
30,admin.,single,secondary,no,0,no,no,cellular,4,sep,316,3,-1,0,unknown,yes,2024-08-27 20:00:00
51,management,married,unknown,no,6482,yes,no,unknown,19,may,182,2,-1,0,unknown,no,2024-08-27 21:00:00
39,management,single,tertiary,no,2651,no,no,cellular,6,apr,139,2,136,5,other,no,2024-08-27 22:00:00
40,services,married,secondary,no,376,yes,yes,unknown,11,jun,268,2,-1,0,unknown,no,2024-08-27 23:00:00
42,blue-collar,divorced,secondary,no,498,yes,no,cellular,11,may,173,2,-1,0,unknown,no,2024-08-28 00:00:00
32,blue-collar,married,primary,no,2456,yes,no,cellular,17,jul,1151,1,-1,0,unknown,no,2024-08-28 01:00:00
41,admin.,married,secondary,no,488,no,yes,telephone,11,jul,178,2,-1,0,unknown,no,2024-08-28 02:00:00
38,admin.,single,unknown,no,0,yes,no,cellular,15,may,64,2,-1,0,unknown,no,2024-08-28 03:00:00
35,admin.,single,primary,no,2355,yes,no,unknown,16,jun,101,1,-1,0,unknown,no,2024-08-28 04:00:00
41,technician,married,secondary,no,0,no,no,cellular,29,aug,141,2,-1,0,unknown,no,2024-08-28 05:00:00
39,technician,married,unknown,no,0,yes,no,cellular,12,may,106,3,-1,0,unknown,no,2024-08-28 06:00:00
45,blue-collar,single,secondary,no,91,no,yes,cellular,14,jul,55,2,-1,0,unknown,no,2024-08-28 07:00:00
48,services,divorced,secondary,no,105,no,no,cellular,31,jul,111,2,-1,0,unknown,no,2024-08-28 08:00:00
41,management,married,tertiary,no,0,no,no,cellular,11,aug,1242,5,-1,0,unknown,yes,2024-08-28 09:00:00
51,admin.,divorced,secondary,no,340,yes,no,unknown,8,may,186,1,-1,0,unknown,no,2024-08-28 10:00:00
37,management,single,tertiary,no,7612,no,no,cellular,24,jul,1206,4,-1,0,unknown,no,2024-08-28 11:00:00
36,technician,married,tertiary,no,62,no,no,cellular,23,jul,66,2,-1,0,unknown,no,2024-08-28 12:00:00
28,blue-collar,single,primary,no,553,yes,no,cellular,7,may,225,3,321,3,failure,no,2024-08-28 13:00:00
32,admin.,married,tertiary,no,284,yes,no,cellular,29,apr,717,3,-1,0,unknown,yes,2024-08-28 14:00:00
28,blue-collar,single,secondary,no,-267,yes,no,unknown,20,jun,86,4,-1,0,unknown,no,2024-08-28 15:00:00
57,management,married,secondary,no,-868,yes,yes,cellular,23,jul,186,1,-1,0,unknown,no,2024-08-28 16:00:00
26,services,single,secondary,no,0,yes,no,cellular,15,may,23,8,-1,0,unknown,no,2024-08-28 17:00:00
47,blue-collar,married,primary,no,373,yes,no,cellular,11,may,480,2,-1,0,unknown,no,2024-08-28 18:00:00
59,management,married,primary,no,2345,yes,no,cellular,15,may,399,1,-1,0,unknown,no,2024-08-28 19:00:00
41,management,single,tertiary,no,256,yes,no,unknown,3,jun,140,6,-1,0,unknown,no,2024-08-28 20:00:00
49,blue-collar,married,secondary,no,55,no,no,unknown,11,jun,112,4,-1,0,unknown,no,2024-08-28 21:00:00
29,management,married,tertiary,no,246,yes,no,unknown,9,may,45,1,-1,0,unknown,no,2024-08-28 22:00:00
51,services,married,unknown,no,6451,no,no,telephone,19,nov,66,2,-1,0,unknown,no,2024-08-28 23:00:00
30,admin.,single,secondary,no,2568,no,no,cellular,4,sep,563,1,100,4,other,yes,2024-08-29 00:00:00
41,admin.,divorced,secondary,no,2397,yes,no,unknown,30,may,278,2,-1,0,unknown,no,2024-08-29 01:00:00
29,admin.,single,secondary,no,891,yes,no,cellular,14,may,172,2,352,1,failure,no,2024-08-29 02:00:00
44,blue-collar,single,unknown,no,0,yes,no,unknown,23,may,354,4,-1,0,unknown,no,2024-08-29 03:00:00
61,management,married,tertiary,no,997,no,no,cellular,10,mar,106,1,-1,0,unknown,yes,2024-08-29 04:00:00
84,retired,divorced,primary,no,639,no,no,telephone,18,may,353,3,-1,0,unknown,yes,2024-08-29 05:00:00
60,technician,married,secondary,no,-247,yes,no,telephone,12,may,472,2,351,1,failure,no,2024-08-29 06:00:00
22,services,single,secondary,no,129,no,no,cellular,15,apr,218,2,181,1,success,yes,2024-08-29 07:00:00
38,blue-collar,married,primary,no,15477,no,no,unknown,20,jun,114,2,-1,0,unknown,no,2024-08-29 08:00:00
41,management,married,primary,no,733,yes,no,cellular,7,may,69,1,335,7,failure,no,2024-08-29 09:00:00
26,blue-collar,single,secondary,no,96,yes,no,unknown,12,may,181,2,-1,0,unknown,no,2024-08-29 10:00:00
45,self-employed,single,secondary,no,2762,yes,no,cellular,15,may,18,6,-1,0,unknown,no,2024-08-29 11:00:00
46,services,married,secondary,no,9,no,no,unknown,16,may,297,4,-1,0,unknown,no,2024-08-29 12:00:00
35,blue-collar,single,secondary,no,343,yes,no,cellular,6,may,151,2,-1,0,unknown,no,2024-08-29 13:00:00
41,unknown,single,unknown,no,942,no,no,cellular,27,oct,143,1,188,1,success,yes,2024-08-29 14:00:00
27,admin.,single,secondary,no,3629,no,no,cellular,16,jun,66,1,-1,0,unknown,no,2024-08-29 15:00:00
34,blue-collar,divorced,secondary,no,3798,yes,no,unknown,23,may,488,1,-1,0,unknown,no,2024-08-29 16:00:00
30,technician,single,secondary,no,1286,no,no,telephone,28,aug,44,12,-1,0,unknown,no,2024-08-29 17:00:00
58,management,married,tertiary,no,256,no,no,cellular,14,jun,508,1,186,4,success,no,2024-08-29 18:00:00
21,student,single,unknown,no,762,no,no,cellular,24,jun,288,1,-1,0,unknown,no,2024-08-29 19:00:00
30,management,single,secondary,no,-383,yes,no,cellular,18,may,170,1,-1,0,unknown,no,2024-08-29 20:00:00
44,blue-collar,married,secondary,no,1678,yes,no,unknown,17,jun,120,1,-1,0,unknown,no,2024-08-29 21:00:00
72,self-employed,married,tertiary,no,132,no,no,cellular,1,jul,260,2,65,1,success,yes,2024-08-29 22:00:00
30,self-employed,single,tertiary,no,578,yes,no,unknown,2,jun,142,4,-1,0,unknown,no,2024-08-29 23:00:00
36,technician,married,secondary,no,264,yes,yes,cellular,9,jul,482,1,-1,0,unknown,no,2024-08-30 00:00:00
39,management,single,tertiary,no,2357,yes,no,cellular,20,apr,64,3,273,1,failure,no,2024-08-30 01:00:00
49,services,single,secondary,no,1884,yes,no,cellular,8,may,43,1,-1,0,unknown,no,2024-08-30 02:00:00
35,management,divorced,tertiary,no,3254,no,no,unknown,30,may,337,3,-1,0,unknown,no,2024-08-30 03:00:00
42,blue-collar,married,secondary,no,-430,yes,no,cellular,19,nov,298,2,-1,0,unknown,no,2024-08-30 04:00:00
56,blue-collar,divorced,primary,no,12,no,no,cellular,8,jul,226,1,-1,0,unknown,no,2024-08-30 05:00:00
59,management,married,primary,no,396,yes,no,unknown,2,jun,72,3,-1,0,unknown,no,2024-08-30 06:00:00
57,blue-collar,married,primary,no,249,yes,no,unknown,5,may,164,1,-1,0,unknown,no,2024-08-30 07:00:00
48,blue-collar,married,primary,no,1850,yes,no,cellular,29,jul,61,1,-1,0,unknown,no,2024-08-30 08:00:00
35,services,married,secondary,no,457,yes,no,cellular,17,apr,69,1,322,2,failure,no,2024-08-30 09:00:00
29,student,single,tertiary,no,1679,no,no,cellular,2,feb,485,2,-1,0,unknown,no,2024-08-30 10:00:00
50,entrepreneur,married,secondary,no,78,no,no,telephone,4,jun,143,1,-1,0,unknown,no,2024-08-30 11:00:00
38,entrepreneur,married,tertiary,no,170,yes,no,cellular,18,may,442,1,-1,0,unknown,yes,2024-08-30 12:00:00
52,entrepreneur,married,primary,no,592,no,no,cellular,21,jul,122,2,-1,0,unknown,no,2024-08-30 13:00:00
32,management,single,tertiary,no,1954,yes,yes,cellular,10,sep,107,1,-1,0,unknown,no,2024-08-30 14:00:00
42,entrepreneur,single,tertiary,no,231,no,no,unknown,17,jun,241,1,-1,0,unknown,no,2024-08-30 15:00:00
60,retired,married,secondary,no,1091,no,yes,telephone,15,jul,778,3,-1,0,unknown,no,2024-08-30 16:00:00
39,blue-collar,divorced,secondary,no,2601,no,no,unknown,9,jun,70,1,-1,0,unknown,no,2024-08-30 17:00:00
61,retired,married,secondary,no,86,no,no,cellular,25,jan,639,1,94,1,success,yes,2024-08-30 18:00:00
40,admin.,married,secondary,no,1395,yes,yes,cellular,7,jul,122,2,-1,0,unknown,no,2024-08-30 19:00:00
49,housemaid,married,primary,no,-75,no,yes,cellular,25,aug,125,4,-1,0,unknown,no,2024-08-30 20:00:00
31,blue-collar,married,secondary,no,3176,yes,no,unknown,21,may,220,1,-1,0,unknown,no,2024-08-30 21:00:00
57,management,married,tertiary,no,1963,no,yes,cellular,8,aug,178,3,-1,0,unknown,no,2024-08-30 22:00:00
29,technician,single,secondary,no,-247,no,yes,cellular,22,jul,211,1,-1,0,unknown,no,2024-08-30 23:00:00
55,management,married,tertiary,no,2960,yes,no,cellular,31,aug,81,1,98,11,other,no,2024-08-31 00:00:00
31,blue-collar,married,secondary,no,9714,yes,no,unknown,19,may,182,2,-1,0,unknown,no,2024-08-31 01:00:00
47,technician,married,secondary,no,89,no,no,unknown,5,jun,287,1,-1,0,unknown,no,2024-08-31 02:00:00
49,management,married,tertiary,no,3840,yes,no,unknown,15,may,146,4,-1,0,unknown,no,2024-08-31 03:00:00
56,technician,married,primary,no,284,no,no,cellular,4,feb,177,1,197,9,failure,no,2024-08-31 04:00:00
60,retired,divorced,secondary,no,1099,no,no,cellular,11,jul,764,2,-1,0,unknown,yes,2024-08-31 05:00:00
27,services,married,primary,no,91,yes,no,unknown,8,may,168,2,-1,0,unknown,no,2024-08-31 06:00:00
54,management,married,tertiary,no,1502,no,no,cellular,20,nov,43,3,-1,0,unknown,no,2024-08-31 07:00:00
28,technician,married,tertiary,no,858,yes,no,cellular,17,jul,602,1,-1,0,unknown,no,2024-08-31 08:00:00
57,retired,married,tertiary,no,1292,no,no,cellular,24,mar,89,1,-1,0,unknown,no,2024-08-31 09:00:00
27,admin.,single,secondary,no,671,yes,no,cellular,29,jan,243,1,-1,0,unknown,no,2024-08-31 10:00:00
37,self-employed,married,secondary,yes,0,no,yes,cellular,21,jul,320,1,-1,0,unknown,no,2024-08-31 11:00:00
28,blue-collar,single,secondary,yes,-871,yes,no,unknown,12,may,36,4,-1,0,unknown,no,2024-08-31 12:00:00
34,self-employed,divorced,tertiary,no,5722,yes,no,cellular,18,nov,157,2,-1,0,unknown,no,2024-08-31 13:00:00
33,blue-collar,married,primary,no,681,yes,no,cellular,20,apr,222,1,-1,0,unknown,no,2024-08-31 14:00:00
31,self-employed,single,tertiary,no,96,no,no,cellular,5,feb,577,1,-1,0,unknown,no,2024-08-31 15:00:00
56,retired,married,primary,no,1126,no,no,unknown,17,jun,39,3,-1,0,unknown,no,2024-08-31 16:00:00
45,blue-collar,married,primary,no,345,yes,no,telephone,14,may,289,3,-1,0,unknown,no,2024-08-31 17:00:00
38,blue-collar,married,secondary,no,1205,yes,no,cellular,20,apr,45,4,153,1,failure,no,2024-08-31 18:00:00
55,housemaid,married,tertiary,no,4235,no,no,cellular,7,aug,973,4,-1,0,unknown,no,2024-08-31 19:00:00
30,technician,married,tertiary,no,1338,yes,yes,cellular,10,jul,81,6,-1,0,unknown,no,2024-08-31 20:00:00
54,management,single,tertiary,no,4393,yes,no,unknown,16,may,1297,3,-1,0,unknown,yes,2024-08-31 21:00:00
36,management,single,tertiary,no,2032,no,yes,cellular,20,nov,736,1,-1,0,unknown,yes,2024-08-31 22:00:00
29,management,single,unknown,no,560,no,no,cellular,5,apr,459,1,307,1,failure,yes,2024-08-31 23:00:00
40,blue-collar,married,primary,no,-22,yes,no,unknown,19,may,84,3,-1,0,unknown,no,2024-09-01 00:00:00
47,self-employed,divorced,secondary,no,218,yes,no,unknown,12,may,58,7,-1,0,unknown,no,2024-09-01 01:00:00
77,retired,married,tertiary,no,0,no,no,cellular,17,aug,286,1,-1,0,unknown,yes,2024-09-01 02:00:00
38,entrepreneur,single,tertiary,no,-281,yes,no,unknown,27,may,85,16,-1,0,unknown,no,2024-09-01 03:00:00
36,blue-collar,married,primary,no,448,yes,no,unknown,5,may,286,1,-1,0,unknown,no,2024-09-01 04:00:00
30,services,married,secondary,no,208,no,no,cellular,9,sep,324,1,-1,0,unknown,no,2024-09-01 05:00:00
57,retired,divorced,primary,no,698,no,no,telephone,1,jun,53,2,-1,0,unknown,no,2024-09-01 06:00:00
35,self-employed,married,tertiary,no,560,yes,no,cellular,2,apr,58,1,136,1,failure,no,2024-09-01 07:00:00
41,services,divorced,secondary,no,-19,yes,no,unknown,19,may,201,1,-1,0,unknown,no,2024-09-01 08:00:00
34,student,married,tertiary,no,3037,yes,no,telephone,21,nov,65,1,-1,0,unknown,no,2024-09-01 09:00:00
50,services,married,secondary,no,683,yes,yes,unknown,26,may,129,3,-1,0,unknown,no,2024-09-01 10:00:00
35,services,divorced,secondary,no,78,yes,no,telephone,13,may,630,3,371,3,failure,no,2024-09-01 11:00:00
22,blue-collar,married,secondary,no,391,yes,yes,unknown,28,may,72,18,-1,0,unknown,no,2024-09-01 12:00:00
40,blue-collar,married,primary,no,0,yes,no,unknown,5,may,463,1,-1,0,unknown,no,2024-09-01 13:00:00
49,management,married,tertiary,no,4594,no,no,cellular,11,aug,157,3,-1,0,unknown,no,2024-09-01 14:00:00
30,management,single,tertiary,no,67,no,no,cellular,12,aug,578,4,-1,0,unknown,no,2024-09-01 15:00:00
38,admin.,married,secondary,no,272,yes,yes,unknown,9,jun,174,2,-1,0,unknown,no,2024-09-01 16:00:00
41,management,married,tertiary,no,-195,no,yes,cellular,20,nov,112,1,-1,0,unknown,no,2024-09-01 17:00:00
33,management,single,tertiary,no,99,no,no,cellular,8,jul,159,1,-1,0,unknown,no,2024-09-01 18:00:00
32,technician,married,secondary,no,169,yes,no,cellular,12,may,85,4,350,1,failure,no,2024-09-01 19:00:00
40,unemployed,married,tertiary,no,2430,no,no,cellular,24,aug,87,2,-1,0,unknown,no,2024-09-01 20:00:00
46,technician,married,secondary,no,5681,no,no,telephone,31,jul,43,5,-1,0,unknown,no,2024-09-01 21:00:00
49,blue-collar,married,primary,no,4,yes,yes,cellular,2,feb,161,2,-1,0,unknown,no,2024-09-01 22:00:00
50,blue-collar,married,primary,no,82,no,no,telephone,5,apr,456,1,-1,0,unknown,yes,2024-09-01 23:00:00
44,blue-collar,single,unknown,no,4330,no,no,unknown,18,jun,16,9,-1,0,unknown,no,2024-09-02 00:00:00
46,admin.,married,secondary,no,556,yes,yes,unknown,15,may,646,3,-1,0,unknown,yes,2024-09-02 01:00:00
60,retired,married,secondary,no,6132,no,no,cellular,4,feb,266,2,-1,0,unknown,no,2024-09-02 02:00:00
46,management,divorced,tertiary,no,-49,yes,no,unknown,20,jun,10,23,-1,0,unknown,no,2024-09-02 03:00:00
54,entrepreneur,married,secondary,yes,401,yes,no,cellular,11,may,341,1,-1,0,unknown,no,2024-09-02 04:00:00
51,blue-collar,married,secondary,no,160,yes,no,cellular,7,may,136,1,359,1,failure,no,2024-09-02 05:00:00
38,technician,single,secondary,no,-143,yes,no,unknown,30,may,428,7,-1,0,unknown,no,2024-09-02 06:00:00
55,technician,married,secondary,no,276,yes,no,unknown,12,may,486,1,-1,0,unknown,no,2024-09-02 07:00:00
45,management,married,tertiary,yes,-1655,yes,no,unknown,28,may,333,2,-1,0,unknown,no,2024-09-02 08:00:00
27,technician,married,secondary,no,-302,yes,no,unknown,12,may,66,3,-1,0,unknown,no,2024-09-02 09:00:00
46,blue-collar,married,unknown,no,1044,yes,no,unknown,6,may,43,1,-1,0,unknown,no,2024-09-02 10:00:00
56,retired,married,primary,no,152,yes,yes,cellular,30,jul,65,7,-1,0,unknown,no,2024-09-02 11:00:00
40,admin.,married,secondary,no,6,yes,no,unknown,6,may,60,3,-1,0,unknown,no,2024-09-02 12:00:00
48,unemployed,married,secondary,no,11371,yes,no,cellular,3,feb,109,3,-1,0,unknown,no,2024-09-02 13:00:00
36,blue-collar,married,secondary,no,7449,yes,no,cellular,20,nov,187,2,-1,0,unknown,no,2024-09-02 14:00:00
29,services,single,secondary,no,2800,no,no,cellular,16,jun,202,1,-1,0,unknown,no,2024-09-02 15:00:00
38,blue-collar,married,secondary,no,2836,no,no,unknown,6,jun,116,3,-1,0,unknown,no,2024-09-02 16:00:00
45,blue-collar,married,secondary,no,4111,yes,no,unknown,19,may,211,2,-1,0,unknown,no,2024-09-02 17:00:00
39,technician,married,secondary,no,626,yes,no,cellular,11,may,126,2,-1,0,unknown,no,2024-09-02 18:00:00
53,blue-collar,married,primary,no,805,yes,yes,telephone,4,feb,136,7,268,2,other,no,2024-09-02 19:00:00
55,blue-collar,married,primary,no,835,yes,no,unknown,16,jun,40,18,-1,0,unknown,no,2024-09-02 20:00:00
35,services,married,tertiary,no,260,yes,no,cellular,11,jul,134,2,-1,0,unknown,no,2024-09-02 21:00:00
39,blue-collar,married,secondary,no,1382,yes,no,cellular,12,aug,357,1,182,2,success,yes,2024-09-02 22:00:00
30,blue-collar,single,secondary,no,16,yes,no,unknown,19,may,127,5,-1,0,unknown,no,2024-09-02 23:00:00
26,technician,single,tertiary,no,3628,no,no,cellular,5,may,151,1,-1,0,unknown,no,2024-09-03 00:00:00
38,management,married,tertiary,no,1722,yes,no,cellular,10,jul,500,1,-1,0,unknown,yes,2024-09-03 01:00:00
44,management,married,tertiary,no,1383,no,no,cellular,22,aug,243,12,-1,0,unknown,no,2024-09-03 02:00:00
50,blue-collar,married,primary,no,953,yes,no,cellular,13,may,315,1,364,2,failure,no,2024-09-03 03:00:00
34,blue-collar,married,secondary,no,-271,yes,yes,cellular,2,feb,90,1,252,2,failure,no,2024-09-03 04:00:00
59,retired,married,tertiary,no,135,yes,no,unknown,17,nov,94,1,-1,0,unknown,no,2024-09-03 05:00:00
50,management,single,tertiary,no,592,no,no,cellular,8,aug,445,4,-1,0,unknown,no,2024-09-03 06:00:00
45,blue-collar,married,unknown,no,419,no,no,unknown,5,jun,420,1,-1,0,unknown,no,2024-09-03 07:00:00
26,technician,married,tertiary,no,3825,yes,no,unknown,13,may,107,1,-1,0,unknown,no,2024-09-03 08:00:00
37,blue-collar,married,secondary,no,0,yes,no,cellular,2,apr,473,1,-1,0,unknown,no,2024-09-03 09:00:00
54,technician,married,secondary,no,1865,yes,no,unknown,28,may,125,2,-1,0,unknown,no,2024-09-03 10:00:00
43,blue-collar,married,secondary,no,902,yes,no,cellular,7,apr,91,1,328,1,failure,no,2024-09-03 11:00:00
33,admin.,married,secondary,no,-6,yes,no,unknown,7,may,566,2,-1,0,unknown,no,2024-09-03 12:00:00
58,housemaid,married,secondary,no,4840,no,no,unknown,11,jun,366,1,-1,0,unknown,no,2024-09-03 13:00:00
34,blue-collar,married,primary,no,5299,yes,no,unknown,26,jun,75,5,-1,0,unknown,no,2024-09-03 14:00:00
50,technician,married,secondary,no,3503,yes,no,unknown,6,jun,103,2,-1,0,unknown,no,2024-09-03 15:00:00
32,technician,married,tertiary,no,396,yes,no,cellular,13,may,205,3,-1,0,unknown,no,2024-09-03 16:00:00
49,blue-collar,married,secondary,no,2039,yes,no,cellular,18,nov,283,2,-1,0,unknown,no,2024-09-03 17:00:00
28,technician,single,secondary,no,1363,no,no,cellular,27,feb,79,1,-1,0,unknown,yes,2024-09-03 18:00:00
50,housemaid,married,primary,no,3690,no,no,cellular,9,feb,13,6,-1,0,unknown,no,2024-09-03 19:00:00
32,management,married,tertiary,no,410,yes,no,cellular,26,may,252,2,-1,0,unknown,no,2024-09-03 20:00:00
52,management,single,tertiary,no,269,no,yes,cellular,22,jul,86,1,-1,0,unknown,no,2024-09-03 21:00:00
33,services,married,secondary,no,1330,yes,no,cellular,18,nov,245,1,-1,0,unknown,no,2024-09-03 22:00:00
59,admin.,married,primary,no,6187,no,no,cellular,31,jul,114,4,-1,0,unknown,no,2024-09-03 23:00:00
40,blue-collar,married,primary,no,177,yes,yes,telephone,21,jul,742,4,-1,0,unknown,no,2024-09-04 00:00:00
55,technician,married,tertiary,no,804,no,no,cellular,31,jul,245,5,-1,0,unknown,no,2024-09-04 01:00:00
35,technician,married,secondary,no,587,no,yes,cellular,21,nov,23,8,126,5,other,no,2024-09-04 02:00:00
52,management,married,tertiary,no,4504,yes,no,cellular,17,nov,268,2,-1,0,unknown,no,2024-09-04 03:00:00
27,management,married,tertiary,no,145,no,no,cellular,29,jan,103,1,-1,0,unknown,no,2024-09-04 04:00:00
32,self-employed,married,secondary,no,409,no,no,cellular,3,jun,115,2,86,2,success,yes,2024-09-04 05:00:00
62,blue-collar,married,secondary,no,180,no,no,cellular,15,apr,389,2,-1,0,unknown,yes,2024-09-04 06:00:00
26,blue-collar,single,secondary,no,-188,no,no,telephone,16,jul,198,1,-1,0,unknown,no,2024-09-04 07:00:00
34,technician,married,secondary,no,439,yes,no,cellular,12,may,347,1,-1,0,unknown,no,2024-09-04 08:00:00
57,services,married,secondary,no,1301,yes,no,cellular,29,jul,63,2,-1,0,unknown,no,2024-09-04 09:00:00
39,services,divorced,secondary,no,1062,yes,no,unknown,20,jun,10,4,-1,0,unknown,no,2024-09-04 10:00:00
39,blue-collar,single,secondary,yes,0,yes,yes,cellular,6,feb,14,8,-1,0,unknown,no,2024-09-04 11:00:00
39,technician,married,secondary,no,8,no,yes,cellular,13,aug,87,2,-1,0,unknown,no,2024-09-04 12:00:00
34,technician,single,tertiary,no,-554,yes,yes,cellular,31,jul,68,3,-1,0,unknown,no,2024-09-04 13:00:00
43,blue-collar,married,primary,no,2317,no,no,cellular,28,jan,412,1,-1,0,unknown,no,2024-09-04 14:00:00
35,technician,single,tertiary,no,485,yes,no,unknown,29,may,205,5,-1,0,unknown,no,2024-09-04 15:00:00
41,admin.,divorced,secondary,no,1088,yes,no,cellular,28,jan,138,1,-1,0,unknown,no,2024-09-04 16:00:00
32,management,single,tertiary,no,586,yes,no,cellular,19,nov,158,4,-1,0,unknown,no,2024-09-04 17:00:00
42,admin.,married,secondary,no,214,yes,no,unknown,28,may,21,24,-1,0,unknown,no,2024-09-04 18:00:00
46,unemployed,single,secondary,no,836,no,no,cellular,18,nov,95,1,-1,0,unknown,no,2024-09-04 19:00:00
32,technician,married,secondary,no,20,no,no,cellular,20,aug,210,2,-1,0,unknown,no,2024-09-04 20:00:00
51,management,divorced,tertiary,no,119,no,no,unknown,5,jun,112,2,-1,0,unknown,no,2024-09-04 21:00:00
39,blue-collar,married,primary,no,2133,yes,yes,unknown,16,may,179,1,-1,0,unknown,no,2024-09-04 22:00:00
32,technician,single,tertiary,no,705,yes,no,cellular,25,may,414,2,35,4,failure,yes,2024-09-04 23:00:00
39,blue-collar,married,secondary,no,284,yes,yes,cellular,17,apr,1426,2,318,6,failure,no,2024-09-05 00:00:00
39,technician,married,secondary,no,0,no,yes,unknown,27,jun,103,1,-1,0,unknown,no,2024-09-05 01:00:00
41,blue-collar,married,primary,no,389,yes,no,unknown,16,jun,87,6,-1,0,unknown,no,2024-09-05 02:00:00
37,blue-collar,married,primary,no,33,no,yes,cellular,8,jul,483,2,-1,0,unknown,no,2024-09-05 03:00:00
60,housemaid,married,secondary,no,874,no,no,cellular,8,jul,861,3,-1,0,unknown,no,2024-09-05 04:00:00
64,blue-collar,married,primary,no,1904,no,no,telephone,12,aug,67,2,-1,0,unknown,no,2024-09-05 05:00:00
52,admin.,married,secondary,no,-462,yes,no,cellular,9,feb,172,5,-1,0,unknown,no,2024-09-05 06:00:00
55,retired,married,primary,no,150,no,no,cellular,8,jul,124,1,-1,0,unknown,no,2024-09-05 07:00:00
50,blue-collar,married,primary,no,106,no,no,cellular,12,aug,460,2,-1,0,unknown,no,2024-09-05 08:00:00
53,technician,married,secondary,no,879,no,no,cellular,5,aug,176,1,-1,0,unknown,no,2024-09-05 09:00:00
56,unemployed,married,secondary,no,-246,no,yes,cellular,28,jan,461,2,204,2,failure,no,2024-09-05 10:00:00
42,admin.,divorced,secondary,no,-67,no,no,cellular,21,nov,137,2,-1,0,unknown,no,2024-09-05 11:00:00
41,management,married,tertiary,no,783,yes,no,cellular,14,jul,126,3,-1,0,unknown,no,2024-09-05 12:00:00
33,technician,married,tertiary,no,602,yes,no,cellular,18,aug,87,6,-1,0,unknown,no,2024-09-05 13:00:00
75,retired,married,secondary,no,324,no,no,telephone,12,nov,124,2,91,4,other,no,2024-09-05 14:00:00
33,management,married,tertiary,no,540,no,no,cellular,11,aug,79,4,-1,0,unknown,no,2024-09-05 15:00:00
54,services,married,secondary,no,841,yes,no,unknown,8,may,284,4,-1,0,unknown,no,2024-09-05 16:00:00
40,self-employed,divorced,tertiary,no,1077,no,no,cellular,19,nov,309,1,-1,0,unknown,no,2024-09-05 17:00:00
29,technician,single,secondary,no,1714,no,yes,telephone,10,jul,45,1,-1,0,unknown,no,2024-09-05 18:00:00
34,management,divorced,tertiary,no,5754,yes,no,cellular,18,nov,32,1,181,1,failure,no,2024-09-05 19:00:00
26,technician,single,secondary,no,57,yes,no,unknown,9,may,404,2,-1,0,unknown,no,2024-09-05 20:00:00
42,technician,divorced,secondary,no,-78,yes,yes,cellular,29,jul,10,23,-1,0,unknown,no,2024-09-05 21:00:00
32,services,single,tertiary,no,748,yes,no,cellular,18,may,166,2,357,2,other,no,2024-09-05 22:00:00
80,retired,married,primary,no,1548,no,no,cellular,6,aug,331,2,-1,0,unknown,no,2024-09-05 23:00:00
24,student,single,tertiary,no,3415,no,no,cellular,27,apr,97,1,-1,0,unknown,yes,2024-09-06 00:00:00
42,admin.,single,secondary,no,-247,yes,yes,cellular,18,nov,104,2,28,2,success,no,2024-09-06 01:00:00
56,services,married,secondary,no,0,no,no,cellular,13,aug,112,4,-1,0,unknown,no,2024-09-06 02:00:00
37,technician,single,tertiary,no,555,yes,no,cellular,11,may,180,3,-1,0,unknown,no,2024-09-06 03:00:00
30,management,single,tertiary,no,1243,yes,no,unknown,23,may,135,1,-1,0,unknown,no,2024-09-06 04:00:00
31,student,single,tertiary,no,117,yes,no,telephone,18,jul,41,1,-1,0,unknown,no,2024-09-06 05:00:00
49,admin.,single,secondary,no,-1193,yes,yes,unknown,3,jun,73,1,-1,0,unknown,no,2024-09-06 06:00:00
42,blue-collar,married,primary,no,480,yes,no,unknown,6,jun,288,12,-1,0,unknown,no,2024-09-06 07:00:00
41,unemployed,divorced,secondary,no,271,yes,no,unknown,19,jun,196,2,-1,0,unknown,no,2024-09-06 08:00:00
33,management,single,tertiary,no,2617,yes,yes,cellular,18,jul,113,2,-1,0,unknown,no,2024-09-06 09:00:00
34,unemployed,single,secondary,no,9,yes,no,unknown,14,may,153,2,-1,0,unknown,no,2024-09-06 10:00:00
37,management,single,tertiary,no,1027,yes,no,cellular,1,oct,137,1,119,1,failure,yes,2024-09-06 11:00:00
52,technician,married,secondary,no,420,no,no,unknown,16,may,112,4,-1,0,unknown,no,2024-09-06 12:00:00
56,retired,married,secondary,no,388,yes,no,cellular,5,aug,80,1,-1,0,unknown,no,2024-09-06 13:00:00
40,retired,married,tertiary,no,794,no,no,unknown,9,may,138,1,-1,0,unknown,no,2024-09-06 14:00:00
41,technician,married,secondary,no,-1,no,yes,cellular,19,aug,406,2,-1,0,unknown,no,2024-09-06 15:00:00
65,retired,married,secondary,no,1176,no,no,cellular,25,sep,64,1,50,2,failure,no,2024-09-06 16:00:00
49,services,married,secondary,no,-8,yes,no,unknown,8,may,1119,1,-1,0,unknown,yes,2024-09-06 17:00:00
35,technician,married,secondary,no,46,no,no,cellular,8,aug,404,4,-1,0,unknown,no,2024-09-06 18:00:00
40,blue-collar,married,primary,no,1613,yes,no,unknown,5,jun,541,3,-1,0,unknown,no,2024-09-06 19:00:00
41,blue-collar,married,secondary,no,2044,yes,yes,cellular,29,jul,234,5,-1,0,unknown,no,2024-09-06 20:00:00
58,services,married,secondary,no,0,no,no,unknown,20,jun,241,3,-1,0,unknown,no,2024-09-06 21:00:00
37,management,married,tertiary,no,1276,no,no,cellular,14,aug,156,2,-1,0,unknown,yes,2024-09-06 22:00:00
29,blue-collar,married,primary,no,220,yes,no,unknown,4,jun,187,2,-1,0,unknown,no,2024-09-06 23:00:00
31,management,married,tertiary,no,199,yes,yes,cellular,11,aug,127,2,461,4,success,no,2024-09-07 00:00:00
31,blue-collar,married,secondary,no,625,yes,no,cellular,14,may,137,3,-1,0,unknown,no,2024-09-07 01:00:00
52,unemployed,married,tertiary,no,2133,no,yes,cellular,18,jul,90,1,-1,0,unknown,no,2024-09-07 02:00:00
40,management,single,tertiary,no,2258,yes,no,cellular,14,may,115,3,287,2,failure,no,2024-09-07 03:00:00
31,admin.,married,secondary,no,3,yes,no,cellular,28,jul,37,12,-1,0,unknown,no,2024-09-07 04:00:00
30,blue-collar,married,secondary,no,360,yes,yes,unknown,2,jun,239,1,-1,0,unknown,no,2024-09-07 05:00:00
27,student,single,tertiary,no,-148,yes,no,cellular,11,sep,146,3,224,1,other,no,2024-09-07 06:00:00
44,technician,married,secondary,no,227,yes,yes,cellular,8,may,364,1,262,2,failure,no,2024-09-07 07:00:00
36,management,married,tertiary,no,763,no,no,cellular,2,feb,50,1,-1,0,unknown,no,2024-09-07 08:00:00
39,management,married,tertiary,no,2939,no,no,cellular,15,jan,348,2,-1,0,unknown,yes,2024-09-07 09:00:00
42,entrepreneur,married,tertiary,no,859,no,no,cellular,29,jul,180,10,-1,0,unknown,no,2024-09-07 10:00:00
31,self-employed,single,secondary,no,1086,no,no,cellular,20,nov,410,1,-1,0,unknown,no,2024-09-07 11:00:00
33,services,married,primary,no,0,yes,no,cellular,18,jul,351,2,-1,0,unknown,no,2024-09-07 12:00:00
39,technician,married,secondary,no,625,yes,no,cellular,17,apr,185,1,317,2,failure,no,2024-09-07 13:00:00
42,entrepreneur,married,tertiary,no,287,yes,yes,unknown,30,may,83,2,-1,0,unknown,no,2024-09-07 14:00:00
40,technician,divorced,secondary,no,5674,yes,no,cellular,18,nov,84,1,-1,0,unknown,no,2024-09-07 15:00:00
39,services,married,secondary,no,27,no,yes,cellular,7,jul,290,1,-1,0,unknown,no,2024-09-07 16:00:00
49,blue-collar,married,unknown,no,507,no,yes,unknown,18,jun,16,14,-1,0,unknown,no,2024-09-07 17:00:00
40,admin.,married,secondary,no,1538,yes,no,unknown,30,may,390,2,-1,0,unknown,no,2024-09-07 18:00:00
68,retired,married,primary,no,7945,no,no,cellular,28,oct,210,1,-1,0,unknown,no,2024-09-07 19:00:00
63,entrepreneur,married,primary,no,2287,no,no,telephone,1,sep,490,1,-1,0,unknown,no,2024-09-07 20:00:00
37,housemaid,married,primary,no,254,yes,no,telephone,18,may,16,6,-1,0,unknown,no,2024-09-07 21:00:00
37,blue-collar,married,primary,no,1455,yes,no,unknown,21,may,165,2,-1,0,unknown,no,2024-09-07 22:00:00
58,management,married,tertiary,no,3864,yes,no,cellular,15,jul,815,4,-1,0,unknown,yes,2024-09-07 23:00:00
