age,job,marital,education,default,balance,housing,loan,contact,day,month,duration,campaign,pdays,previous,poutcome,y,event_time
60,retired,married,unknown,no,79,yes,no,unknown,15,may,301,1,-1,0,unknown,no,2026-06-01 00:00:00
55,blue-collar,divorced,primary,no,962,no,yes,telephone,28,jan,88,2,-1,0,unknown,no,2026-06-01 01:00:00
47,technician,married,secondary,no,834,no,yes,cellular,21,nov,902,1,133,2,other,yes,2026-06-01 02:00:00
27,admin.,single,secondary,no,15,no,yes,cellular,21,jul,177,1,-1,0,unknown,no,2026-06-01 03:00:00
28,blue-collar,single,primary,no,426,yes,no,cellular,18,may,953,3,-1,0,unknown,no,2026-06-01 04:00:00
34,management,married,tertiary,no,0,no,no,cellular,22,apr,176,1,-1,0,unknown,no,2026-06-01 05:00:00
54,admin.,married,secondary,no,222,yes,no,unknown,9,may,45,2,-1,0,unknown,no,2026-06-01 06:00:00
49,self-employed,single,tertiary,no,21,yes,no,unknown,14,may,248,1,-1,0,unknown,no,2026-06-01 07:00:00
48,housemaid,divorced,primary,no,26,yes,no,unknown,12,may,311,3,-1,0,unknown,no,2026-06-01 08:00:00
46,blue-collar,single,secondary,no,521,yes,no,cellular,13,may,502,1,-1,0,unknown,no,2026-06-01 09:00:00
48,admin.,divorced,secondary,no,4099,no,no,cellular,2,apr,397,2,-1,0,unknown,yes,2026-06-01 10:00:00
35,admin.,married,secondary,no,2278,yes,no,cellular,21,jul,195,1,-1,0,unknown,no,2026-06-01 11:00:00
28,services,single,secondary,no,230,yes,yes,cellular,17,apr,181,2,-1,0,unknown,no,2026-06-01 12:00:00
42,admin.,married,secondary,no,1279,yes,no,cellular,17,jul,50,1,-1,0,unknown,no,2026-06-01 13:00:00
24,blue-collar,single,secondary,no,6,yes,no,cellular,18,may,16,10,-1,0,unknown,no,2026-06-01 14:00:00
47,unemployed,single,tertiary,no,2500,no,no,cellular,30,jan,240,1,-1,0,unknown,no,2026-06-01 15:00:00
44,management,single,tertiary,yes,12,yes,no,cellular,19,nov,126,2,-1,0,unknown,no,2026-06-01 16:00:00
55,retired,married,secondary,no,6690,no,no,cellular,30,apr,534,1,-1,0,unknown,no,2026-06-01 17:00:00
56,blue-collar,divorced,unknown,no,1363,no,no,unknown,23,jun,54,3,-1,0,unknown,no,2026-06-01 18:00:00
54,management,divorced,tertiary,no,-449,yes,no,cellular,14,may,691,1,-1,0,unknown,yes,2026-06-01 19:00:00
26,blue-collar,single,secondary,no,184,no,no,cellular,3,feb,110,2,6,1,other,no,2026-06-01 20:00:00
51,management,married,tertiary,no,307,no,no,cellular,21,aug,244,6,-1,0,unknown,no,2026-06-01 21:00:00
37,management,single,secondary,no,1981,no,no,cellular,10,jul,140,2,-1,0,unknown,no,2026-06-01 22:00:00
30,admin.,single,secondary,no,3156,no,no,cellular,2,feb,170,1,-1,0,unknown,no,2026-06-01 23:00:00
31,management,divorced,tertiary,no,254,no,no,cellular,18,aug,1576,8,-1,0,unknown,yes,2026-06-02 00:00:00
60,admin.,divorced,secondary,no,174,yes,no,cellular,15,may,241,1,364,1,failure,no,2026-06-02 01:00:00
65,retired,married,primary,no,493,no,no,cellular,2,feb,348,1,109,2,failure,no,2026-06-02 02:00:00
33,blue-collar,married,secondary,no,1138,yes,yes,unknown,23,may,509,1,-1,0,unknown,no,2026-06-02 03:00:00
53,entrepreneur,married,tertiary,no,2289,yes,yes,cellular,17,nov,183,1,-1,0,unknown,no,2026-06-02 04:00:00
29,blue-collar,single,secondary,no,2806,no,no,cellular,15,oct,294,1,93,5,other,no,2026-06-02 05:00:00
58,retired,married,tertiary,no,44,yes,no,unknown,8,may,12,2,-1,0,unknown,no,2026-06-02 06:00:00
40,self-employed,married,primary,no,42,no,no,cellular,11,jul,264,3,-1,0,unknown,no,2026-06-02 07:00:00
74,retired,married,tertiary,no,6027,no,no,cellular,14,aug,233,2,-1,0,unknown,no,2026-06-02 08:00:00
48,technician,single,secondary,no,-92,yes,no,cellular,3,feb,1393,1,-1,0,unknown,yes,2026-06-02 09:00:00
32,technician,married,secondary,no,4133,no,no,cellular,19,aug,175,6,-1,0,unknown,no,2026-06-02 10:00:00
52,technician,married,secondary,no,1697,no,yes,cellular,27,aug,549,4,-1,0,unknown,no,2026-06-02 11:00:00
39,blue-collar,married,secondary,no,49,yes,no,cellular,14,may,566,1,370,2,failure,no,2026-06-02 12:00:00
29,blue-collar,married,secondary,no,294,yes,no,unknown,14,may,594,2,-1,0,unknown,no,2026-06-02 13:00:00
36,blue-collar,married,secondary,no,1949,yes,no,cellular,17,apr,48,2,319,3,failure,no,2026-06-02 14:00:00
58,unemployed,married,tertiary,no,1798,yes,no,cellular,5,feb,19,8,-1,0,unknown,no,2026-06-02 15:00:00
30,technician,single,tertiary,no,1323,yes,no,cellular,15,may,223,1,-1,0,unknown,no,2026-06-02 16:00:00
25,blue-collar,single,unknown,no,431,yes,no,cellular,16,apr,493,1,317,12,failure,no,2026-06-02 17:00:00
32,services,divorced,secondary,no,41,yes,no,cellular,3,feb,251,4,187,11,other,no,2026-06-02 18:00:00
31,management,single,tertiary,no,78,yes,no,cellular,22,jul,369,2,-1,0,unknown,no,2026-06-02 19:00:00
32,blue-collar,married,secondary,no,598,yes,no,unknown,16,jun,179,2,-1,0,unknown,no,2026-06-02 20:00:00
38,housemaid,divorced,secondary,no,216,no,no,cellular,7,jul,97,3,-1,0,unknown,no,2026-06-02 21:00:00
32,blue-collar,single,secondary,no,1721,yes,no,cellular,19,nov,184,2,182,2,failure,no,2026-06-02 22:00:00
21,management,single,tertiary,no,243,no,yes,cellular,17,jun,181,2,-1,0,unknown,no,2026-06-02 23:00:00
45,management,divorced,tertiary,no,1,no,no,cellular,6,aug,490,2,-1,0,unknown,yes,2026-06-03 00:00:00
38,blue-collar,married,secondary,no,452,yes,no,cellular,9,feb,69,4,-1,0,unknown,no,2026-06-03 01:00:00
27,admin.,single,secondary,no,181,yes,no,unknown,8,may,231,2,-1,0,unknown,no,2026-06-03 02:00:00
36,management,married,tertiary,no,549,yes,no,cellular,18,nov,72,2,-1,0,unknown,no,2026-06-03 03:00:00
33,admin.,single,secondary,no,1613,yes,no,unknown,14,may,565,1,-1,0,unknown,no,2026-06-03 04:00:00
32,services,married,secondary,no,207,yes,no,unknown,23,may,360,1,-1,0,unknown,no,2026-06-03 05:00:00
35,technician,single,secondary,no,-54,yes,no,unknown,30,may,70,2,-1,0,unknown,no,2026-06-03 06:00:00
44,management,married,tertiary,no,70,no,no,cellular,20,aug,165,3,-1,0,unknown,no,2026-06-03 07:00:00
39,management,married,tertiary,no,351,yes,no,unknown,20,may,999,3,-1,0,unknown,no,2026-06-03 08:00:00
33,admin.,divorced,secondary,no,1762,yes,no,cellular,19,nov,146,2,-1,0,unknown,no,2026-06-03 09:00:00
32,management,single,tertiary,no,0,yes,no,cellular,30,apr,370,3,-1,0,unknown,yes,2026-06-03 10:00:00
53,management,divorced,tertiary,no,93,no,no,cellular,30,jul,219,2,-1,0,unknown,no,2026-06-03 11:00:00
35,blue-collar,married,primary,no,-167,yes,no,cellular,15,may,195,3,359,1,failure,no,2026-06-03 12:00:00
29,blue-collar,divorced,secondary,no,0,yes,no,unknown,25,jun,281,3,-1,0,unknown,no,2026-06-03 13:00:00
57,technician,married,tertiary,no,121,no,no,cellular,21,aug,135,2,-1,0,unknown,no,2026-06-03 14:00:00
32,technician,single,tertiary,no,705,yes,no,cellular,20,apr,20,4,-1,0,unknown,no,2026-06-03 15:00:00
33,technician,married,secondary,no,0,no,no,cellular,25,aug,72,2,-1,0,unknown,no,2026-06-03 16:00:00
50,management,divorced,tertiary,no,0,no,no,cellular,18,nov,154,1,-1,0,unknown,no,2026-06-03 17:00:00
49,management,married,tertiary,no,-969,no,no,cellular,30,jan,61,2,2,1,other,no,2026-06-03 18:00:00
44,blue-collar,married,secondary,no,337,yes,no,telephone,28,jul,257,3,-1,0,unknown,no,2026-06-03 19:00:00
54,technician,married,tertiary,no,98,no,no,cellular,8,aug,420,4,-1,0,unknown,no,2026-06-03 20:00:00
52,management,married,tertiary,no,1564,yes,no,cellular,17,jul,493,1,-1,0,unknown,no,2026-06-03 21:00:00
47,services,married,secondary,no,-835,yes,yes,unknown,25,jun,231,1,-1,0,unknown,no,2026-06-03 22:00:00
26,technician,divorced,tertiary,no,278,yes,yes,cellular,7,jul,1467,1,-1,0,unknown,no,2026-06-03 23:00:00
47,services,married,secondary,no,24,no,no,cellular,11,aug,271,3,-1,0,unknown,no,2026-06-04 00:00:00
33,management,married,tertiary,no,679,no,no,cellular,5,aug,1109,2,-1,0,unknown,yes,2026-06-04 01:00:00
37,entrepreneur,single,secondary,no,2543,no,no,cellular,22,jun,69,4,-1,0,unknown,no,2026-06-04 02:00:00
57,blue-collar,married,primary,no,1502,yes,no,unknown,28,may,269,2,-1,0,unknown,no,2026-06-04 03:00:00
47,services,married,primary,no,504,no,yes,unknown,18,jun,156,3,-1,0,unknown,no,2026-06-04 04:00:00
47,blue-collar,married,secondary,no,1968,yes,no,cellular,31,jul,394,2,-1,0,unknown,no,2026-06-04 05:00:00
53,retired,married,secondary,no,357,no,no,unknown,18,jun,154,2,-1,0,unknown,no,2026-06-04 06:00:00
31,blue-collar,single,secondary,no,350,yes,no,cellular,5,may,383,5,-1,0,unknown,no,2026-06-04 07:00:00
30,management,single,tertiary,no,0,no,no,cellular,8,aug,88,5,-1,0,unknown,no,2026-06-04 08:00:00
48,blue-collar,married,primary,no,-254,no,yes,cellular,29,aug,134,4,-1,0,unknown,no,2026-06-04 09:00:00
28,unemployed,single,secondary,yes,-353,yes,no,unknown,12,may,89,3,-1,0,unknown,no,2026-06-04 10:00:00
25,student,single,secondary,no,331,no,no,telephone,26,aug,170,4,-1,0,unknown,yes,2026-06-04 11:00:00
27,admin.,single,secondary,no,-541,yes,yes,unknown,13,may,153,1,-1,0,unknown,no,2026-06-04 12:00:00
54,services,divorced,unknown,no,2177,no,no,unknown,20,may,134,5,-1,0,unknown,no,2026-06-04 13:00:00
25,blue-collar,married,secondary,no,316,yes,yes,unknown,19,may,360,2,-1,0,unknown,no,2026-06-04 14:00:00
27,admin.,single,secondary,no,292,yes,no,cellular,12,may,53,9,362,8,other,no,2026-06-04 15:00:00
40,student,married,secondary,no,260,no,no,cellular,19,nov,52,1,152,6,failure,no,2026-06-04 16:00:00
34,services,single,secondary,no,1157,yes,no,unknown,21,may,103,2,-1,0,unknown,no,2026-06-04 17:00:00
50,technician,married,primary,no,570,no,no,unknown,20,jun,21,3,-1,0,unknown,no,2026-06-04 18:00:00
33,blue-collar,married,primary,no,-457,yes,yes,cellular,6,may,128,1,350,1,failure,no,2026-06-04 19:00:00
38,management,married,tertiary,no,413,no,no,cellular,13,apr,240,1,179,2,failure,yes,2026-06-04 20:00:00
51,technician,married,tertiary,no,7338,no,no,cellular,18,nov,82,1,-1,0,unknown,no,2026-06-04 21:00:00
29,blue-collar,married,secondary,no,37,yes,no,cellular,11,may,138,3,353,1,other,no,2026-06-04 22:00:00
38,technician,married,secondary,no,0,yes,no,cellular,22,jul,1545,1,-1,0,unknown,yes,2026-06-04 23:00:00
41,unemployed,married,tertiary,no,28,yes,no,cellular,4,feb,358,2,-1,0,unknown,no,2026-06-05 00:00:00
31,entrepreneur,single,tertiary,no,150,yes,no,unknown,23,may,83,2,-1,0,unknown,no,2026-06-05 01:00:00
37,technician,married,tertiary,no,0,no,no,cellular,20,nov,53,3,-1,0,unknown,no,2026-06-05 02:00:00
46,services,married,secondary,no,1400,no,no,unknown,23,jun,25,2,-1,0,unknown,no,2026-06-05 03:00:00
60,technician,married,primary,no,65,yes,no,unknown,9,may,1028,2,-1,0,unknown,yes,2026-06-05 04:00:00
40,blue-collar,single,secondary,no,1101,yes,no,unknown,16,may,214,1,-1,0,unknown,no,2026-06-05 05:00:00
41,admin.,single,secondary,no,4464,yes,no,telephone,21,jul,1425,2,-1,0,unknown,no,2026-06-05 06:00:00
32,technician,married,tertiary,no,1129,yes,no,unknown,23,may,189,1,-1,0,unknown,no,2026-06-05 07:00:00
32,management,single,tertiary,no,2016,no,no,cellular,13,apr,232,1,348,1,success,yes,2026-06-05 08:00:00
55,management,married,tertiary,no,2537,no,no,cellular,19,aug,97,5,-1,0,unknown,no,2026-06-05 09:00:00
40,blue-collar,divorced,primary,no,21,yes,no,unknown,9,may,584,1,-1,0,unknown,no,2026-06-05 10:00:00
26,technician,single,secondary,no,223,no,yes,cellular,21,jul,1002,3,-1,0,unknown,yes,2026-06-05 11:00:00
39,retired,married,secondary,no,439,no,no,unknown,20,may,56,1,-1,0,unknown,no,2026-06-05 12:00:00
57,admin.,divorced,secondary,no,3058,yes,no,unknown,8,may,268,1,-1,0,unknown,no,2026-06-05 13:00:00
59,management,divorced,tertiary,no,6144,yes,no,cellular,25,aug,56,5,-1,0,unknown,no,2026-06-05 14:00:00
54,management,married,tertiary,no,1353,yes,no,unknown,27,may,119,2,-1,0,unknown,no,2026-06-05 15:00:00
31,management,married,secondary,no,6943,yes,no,unknown,14,may,109,1,-1,0,unknown,no,2026-06-05 16:00:00
49,blue-collar,married,primary,no,247,no,yes,cellular,22,jul,283,1,-1,0,unknown,no,2026-06-05 17:00:00
29,admin.,single,secondary,no,65,yes,no,cellular,14,may,9,6,-1,0,unknown,no,2026-06-05 18:00:00
47,technician,married,secondary,no,0,yes,no,cellular,30,apr,81,1,164,1,failure,no,2026-06-05 19:00:00
27,blue-collar,married,primary,no,0,no,no,telephone,2,feb,45,1,-1,0,unknown,no,2026-06-05 20:00:00
31,technician,married,secondary,yes,-367,yes,no,cellular,18,jul,474,2,-1,0,unknown,yes,2026-06-05 21:00:00
61,blue-collar,married,primary,no,625,yes,no,unknown,19,may,158,2,-1,0,unknown,no,2026-06-05 22:00:00
32,management,divorced,tertiary,no,219,yes,no,cellular,16,jul,111,1,-1,0,unknown,no,2026-06-05 23:00:00
39,services,married,secondary,no,0,yes,no,telephone,10,jul,29,1,-1,0,unknown,no,2026-06-06 00:00:00
42,blue-collar,married,primary,no,1401,yes,no,unknown,5,jun,627,1,-1,0,unknown,no,2026-06-06 01:00:00
41,admin.,married,secondary,no,351,yes,no,unknown,5,may,518,1,-1,0,unknown,no,2026-06-06 02:00:00
44,technician,married,secondary,no,366,no,yes,cellular,18,aug,212,12,-1,0,unknown,no,2026-06-06 03:00:00
31,technician,married,secondary,no,0,no,no,cellular,20,aug,117,4,-1,0,unknown,no,2026-06-06 04:00:00
30,management,single,tertiary,no,3625,yes,no,unknown,23,may,469,2,-1,0,unknown,no,2026-06-06 05:00:00
36,technician,single,secondary,no,634,yes,no,cellular,6,may,281,2,250,2,failure,no,2026-06-06 06:00:00
30,technician,single,secondary,no,23,yes,no,unknown,9,may,137,1,-1,0,unknown,no,2026-06-06 07:00:00
50,services,married,secondary,no,0,yes,no,cellular,28,jul,88,3,-1,0,unknown,no,2026-06-06 08:00:00
32,technician,single,secondary,no,0,no,no,cellular,21,aug,126,2,-1,0,unknown,no,2026-06-06 09:00:00
52,unemployed,married,secondary,no,5091,no,no,cellular,26,may,309,1,-1,0,unknown,no,2026-06-06 10:00:00
48,technician,married,secondary,no,0,no,no,cellular,28,jul,240,3,-1,0,unknown,no,2026-06-06 11:00:00
44,technician,single,tertiary,no,643,no,no,cellular,26,may,222,3,-1,0,unknown,no,2026-06-06 12:00:00
74,retired,married,tertiary,no,1742,no,no,cellular,28,oct,1092,1,-1,0,unknown,no,2026-06-06 13:00:00
34,entrepreneur,single,tertiary,no,1295,yes,no,cellular,3,feb,246,1,-1,0,unknown,no,2026-06-06 14:00:00
48,blue-collar,divorced,secondary,no,501,yes,no,cellular,15,may,12,5,-1,0,unknown,no,2026-06-06 15:00:00
41,admin.,married,secondary,no,14968,no,no,cellular,23,jul,1360,4,-1,0,unknown,yes,2026-06-06 16:00:00
42,technician,single,secondary,no,1364,yes,no,unknown,15,may,1867,6,-1,0,unknown,yes,2026-06-06 17:00:00
35,self-employed,single,tertiary,no,-30,no,no,cellular,4,feb,218,2,-1,0,unknown,no,2026-06-06 18:00:00
30,admin.,single,secondary,no,523,no,yes,cellular,3,mar,83,1,-1,0,unknown,yes,2026-06-06 19:00:00
38,management,married,tertiary,no,980,no,no,unknown,3,jun,662,5,-1,0,unknown,no,2026-06-06 20:00:00
43,technician,single,secondary,yes,685,yes,no,cellular,31,jul,94,2,-1,0,unknown,no,2026-06-06 21:00:00
44,technician,married,secondary,no,10888,yes,no,cellular,18,nov,67,1,105,1,failure,no,2026-06-06 22:00:00
35,blue-collar,single,primary,no,1147,yes,yes,telephone,7,may,29,1,-1,0,unknown,no,2026-06-06 23:00:00
48,retired,married,secondary,no,264,yes,yes,cellular,17,nov,107,2,-1,0,unknown,no,2026-06-07 00:00:00
33,technician,divorced,tertiary,no,839,yes,no,unknown,28,may,469,3,-1,0,unknown,no,2026-06-07 01:00:00
33,services,married,secondary,no,70,no,no,cellular,17,jul,378,7,-1,0,unknown,no,2026-06-07 02:00:00
71,retired,married,secondary,no,3,no,no,cellular,13,aug,1175,3,189,1,other,no,2026-06-07 03:00:00
39,blue-collar,single,secondary,no,369,no,yes,cellular,20,nov,224,1,-1,0,unknown,no,2026-06-07 04:00:00
29,blue-collar,married,secondary,no,416,yes,no,unknown,14,may,1118,2,-1,0,unknown,no,2026-06-07 05:00:00
27,management,single,tertiary,no,20585,no,no,cellular,15,jun,188,1,-1,0,unknown,yes,2026-06-07 06:00:00
35,blue-collar,married,primary,no,2212,yes,no,cellular,14,may,320,2,353,4,other,no,2026-06-07 07:00:00
54,unemployed,married,tertiary,no,1180,no,no,cellular,19,nov,394,2,-1,0,unknown,no,2026-06-07 08:00:00
51,housemaid,married,secondary,no,294,no,no,cellular,20,nov,640,1,-1,0,unknown,no,2026-06-07 09:00:00
47,management,married,secondary,no,-1,no,no,cellular,6,aug,302,4,-1,0,unknown,no,2026-06-07 10:00:00
59,retired,married,secondary,no,1173,no,no,unknown,9,jun,77,2,-1,0,unknown,no,2026-06-07 11:00:00
32,admin.,single,secondary,no,2326,yes,no,unknown,20,jun,62,3,-1,0,unknown,no,2026-06-07 12:00:00
29,technician,married,secondary,no,1599,yes,no,cellular,8,may,36,1,-1,0,unknown,no,2026-06-07 13:00:00
43,blue-collar,married,secondary,no,1335,yes,no,unknown,6,may,371,2,-1,0,unknown,no,2026-06-07 14:00:00
47,admin.,married,secondary,no,24556,no,no,telephone,20,oct,309,1,-1,0,unknown,no,2026-06-07 15:00:00
41,admin.,married,secondary,no,4320,yes,no,unknown,5,jun,245,2,-1,0,unknown,no,2026-06-07 16:00:00
34,technician,single,secondary,no,649,no,no,cellular,7,aug,124,3,-1,0,unknown,no,2026-06-07 17:00:00
28,blue-collar,single,secondary,yes,-2,yes,yes,cellular,13,may,172,2,364,5,failure,no,2026-06-07 18:00:00
46,technician,divorced,tertiary,no,405,yes,no,unknown,15,may,231,1,-1,0,unknown,no,2026-06-07 19:00:00
31,management,single,tertiary,no,347,yes,no,cellular,27,aug,59,6,-1,0,unknown,no,2026-06-07 20:00:00
55,blue-collar,married,primary,no,145,no,no,telephone,2,feb,59,3,5,2,other,no,2026-06-07 21:00:00
37,blue-collar,married,secondary,no,-57,yes,yes,cellular,7,may,55,5,-1,0,unknown,no,2026-06-07 22:00:00
33,blue-collar,married,secondary,no,1541,yes,no,unknown,23,may,423,2,-1,0,unknown,no,2026-06-07 23:00:00
53,technician,divorced,secondary,no,173,no,yes,cellular,21,nov,412,2,143,1,failure,no,2026-06-08 00:00:00
49,unemployed,married,primary,no,157,yes,no,cellular,2,feb,131,2,-1,0,unknown,no,2026-06-08 01:00:00
57,technician,married,unknown,no,206,yes,no,unknown,5,may,216,3,-1,0,unknown,no,2026-06-08 02:00:00
47,blue-collar,married,primary,no,2269,yes,no,cellular,18,may,132,1,279,2,failure,no,2026-06-08 03:00:00
58,blue-collar,married,primary,no,42,yes,no,cellular,9,feb,96,6,264,3,failure,no,2026-06-08 04:00:00
24,services,single,secondary,no,414,yes,no,cellular,18,may,493,1,370,1,other,yes,2026-06-08 05:00:00
41,technician,married,unknown,no,30,yes,no,cellular,10,jul,151,1,-1,0,unknown,no,2026-06-08 06:00:00
27,student,single,secondary,no,1925,no,no,cellular,22,may,190,1,-1,0,unknown,no,2026-06-08 07:00:00
58,retired,married,tertiary,no,136,no,no,cellular,28,aug,211,6,-1,0,unknown,no,2026-06-08 08:00:00
41,management,married,tertiary,no,254,no,no,cellular,9,jun,183,2,294,2,failure,yes,2026-06-08 09:00:00
52,management,married,tertiary,no,0,yes,no,cellular,9,jul,197,1,-1,0,unknown,no,2026-06-08 10:00:00
36,unemployed,married,secondary,no,1766,no,no,unknown,11,jun,595,2,-1,0,unknown,yes,2026-06-08 11:00:00
31,management,married,tertiary,no,1183,yes,no,unknown,27,may,676,6,-1,0,unknown,no,2026-06-08 12:00:00
30,services,single,secondary,yes,-366,yes,no,cellular,18,jul,516,1,-1,0,unknown,yes,2026-06-08 13:00:00
32,technician,single,secondary,no,26,no,yes,cellular,25,jul,110,1,-1,0,unknown,no,2026-06-08 14:00:00
57,management,divorced,tertiary,no,3287,no,no,cellular,22,jun,867,1,84,3,success,yes,2026-06-08 15:00:00
42,management,married,unknown,no,587,yes,no,unknown,19,jun,16,9,-1,0,unknown,no,2026-06-08 16:00:00
34,blue-collar,married,primary,no,1756,yes,yes,cellular,11,may,58,1,-1,0,unknown,no,2026-06-08 17:00:00
37,housemaid,single,secondary,no,-178,yes,no,unknown,6,jun,122,5,-1,0,unknown,no,2026-06-08 18:00:00
52,services,married,secondary,no,659,no,no,cellular,27,oct,113,1,-1,0,unknown,yes,2026-06-08 19:00:00
41,technician,married,tertiary,no,231,no,no,cellular,26,aug,428,2,-1,0,unknown,yes,2026-06-08 20:00:00
36,technician,married,tertiary,no,3043,yes,no,cellular,9,jul,254,1,-1,0,unknown,no,2026-06-08 21:00:00
41,entrepreneur,married,secondary,no,2105,yes,no,cellular,18,nov,134,1,-1,0,unknown,no,2026-06-08 22:00:00
34,technician,divorced,secondary,no,89,yes,no,unknown,27,jun,101,5,-1,0,unknown,no,2026-06-08 23:00:00
35,admin.,single,secondary,no,3,yes,no,unknown,28,may,330,5,-1,0,unknown,no,2026-06-09 00:00:00
29,student,single,secondary,no,154,yes,no,cellular,13,may,20,6,358,9,failure,no,2026-06-09 01:00:00
34,management,single,tertiary,no,1891,yes,no,unknown,9,may,162,5,-1,0,unknown,no,2026-06-09 02:00:00
39,services,married,secondary,no,2758,no,no,cellular,4,feb,658,3,-1,0,unknown,yes,2026-06-09 03:00:00
38,admin.,divorced,secondary,no,74,yes,no,cellular,23,jul,279,3,-1,0,unknown,no,2026-06-09 04:00:00
44,management,married,primary,no,294,no,no,cellular,16,apr,165,3,-1,0,unknown,yes,2026-06-09 05:00:00
46,management,married,tertiary,no,0,no,no,cellular,15,jun,83,4,-1,0,unknown,no,2026-06-09 06:00:00
37,services,married,secondary,no,405,yes,no,unknown,21,may,51,2,-1,0,unknown,no,2026-06-09 07:00:00
43,entrepreneur,single,secondary,no,5705,no,yes,cellular,16,jul,173,2,-1,0,unknown,no,2026-06-09 08:00:00
44,technician,married,secondary,no,358,no,no,unknown,5,jun,179,1,-1,0,unknown,no,2026-06-09 09:00:00
47,retired,married,tertiary,no,1225,yes,yes,cellular,29,jan,191,3,227,2,failure,no,2026-06-09 10:00:00
46,management,married,primary,no,-292,yes,no,telephone,17,nov,100,1,-1,0,unknown,no,2026-06-09 11:00:00
45,blue-collar,married,primary,no,147,no,no,cellular,14,aug,109,3,-1,0,unknown,no,2026-06-09 12:00:00
55,technician,single,secondary,no,3339,yes,no,unknown,2,jun,63,1,-1,0,unknown,no,2026-06-09 13:00:00
52,technician,married,secondary,no,118,no,no,cellular,28,aug,16,20,-1,0,unknown,no,2026-06-09 14:00:00
55,technician,married,unknown,no,851,yes,no,cellular,30,jan,138,1,270,2,failure,no,2026-06-09 15:00:00
51,management,single,secondary,no,1610,yes,no,unknown,16,jun,1248,3,-1,0,unknown,yes,2026-06-09 16:00:00
53,technician,married,tertiary,no,395,no,no,cellular,29,oct,136,1,148,1,failure,yes,2026-06-09 17:00:00
54,retired,divorced,secondary,no,2761,no,no,cellular,16,jul,771,1,-1,0,unknown,no,2026-06-09 18:00:00
26,admin.,single,tertiary,no,689,no,no,cellular,25,mar,78,1,-1,0,unknown,no,2026-06-09 19:00:00
28,admin.,married,secondary,no,170,yes,yes,unknown,21,may,492,1,-1,0,unknown,no,2026-06-09 20:00:00
36,technician,married,tertiary,no,911,yes,yes,cellular,25,may,117,2,21,3,failure,yes,2026-06-09 21:00:00
53,technician,married,primary,no,6181,no,no,cellular,14,jul,817,2,209,3,other,yes,2026-06-09 22:00:00
27,admin.,single,secondary,no,18188,yes,no,unknown,12,jun,541,17,-1,0,unknown,yes,2026-06-09 23:00:00
36,blue-collar,single,secondary,no,1822,yes,no,cellular,8,apr,952,1,323,1,other,yes,2026-06-10 00:00:00
37,technician,married,secondary,no,77,yes,yes,cellular,21,nov,44,1,-1,0,unknown,no,2026-06-10 01:00:00
36,unemployed,married,secondary,no,-35,no,no,cellular,30,jan,339,3,-1,0,unknown,no,2026-06-10 02:00:00
47,services,divorced,secondary,no,-288,yes,no,unknown,28,may,107,7,-1,0,unknown,no,2026-06-10 03:00:00
46,services,married,primary,no,741,no,no,unknown,17,jun,161,3,-1,0,unknown,no,2026-06-10 04:00:00
58,unemployed,married,secondary,no,0,no,no,unknown,3,jul,84,1,-1,0,unknown,no,2026-06-10 05:00:00
33,services,divorced,unknown,no,392,yes,no,cellular,15,jul,753,4,-1,0,unknown,no,2026-06-10 06:00:00
38,management,married,tertiary,no,1276,no,no,cellular,17,may,272,2,182,3,success,yes,2026-06-10 07:00:00
38,management,single,secondary,no,399,yes,no,cellular,11,aug,367,4,-1,0,unknown,no,2026-06-10 08:00:00
36,entrepreneur,divorced,tertiary,no,219,no,no,cellular,26,aug,358,4,-1,0,unknown,no,2026-06-10 09:00:00
41,blue-collar,married,primary,yes,76,no,yes,cellular,10,jul,439,1,-1,0,unknown,no,2026-06-10 10:00:00
59,management,single,tertiary,no,684,no,no,cellular,13,aug,48,13,-1,0,unknown,no,2026-06-10 11:00:00
34,housemaid,divorced,secondary,no,787,yes,no,cellular,15,may,665,1,-1,0,unknown,no,2026-06-10 12:00:00
29,admin.,single,secondary,no,1448,no,no,cellular,10,mar,217,1,184,7,other,no,2026-06-10 13:00:00
32,technician,married,secondary,no,374,no,no,cellular,6,aug,119,6,-1,0,unknown,no,2026-06-10 14:00:00
41,blue-collar,married,secondary,no,-194,no,yes,cellular,10,jul,307,1,-1,0,unknown,no,2026-06-10 15:00:00
42,technician,married,tertiary,no,921,no,no,cellular,5,aug,531,3,-1,0,unknown,yes,2026-06-10 16:00:00
36,housemaid,married,primary,no,531,no,no,cellular,28,apr,151,3,-1,0,unknown,no,2026-06-10 17:00:00
36,blue-collar,married,tertiary,yes,-530,yes,no,cellular,21,nov,36,2,-1,0,unknown,no,2026-06-10 18:00:00
58,blue-collar,divorced,primary,no,2716,no,no,cellular,20,nov,163,2,-1,0,unknown,no,2026-06-10 19:00:00
58,retired,divorced,primary,no,6,no,no,unknown,16,may,228,1,-1,0,unknown,no,2026-06-10 20:00:00
33,blue-collar,married,primary,no,134,yes,no,unknown,9,may,91,2,-1,0,unknown,no,2026-06-10 21:00:00
49,admin.,married,primary,no,458,yes,no,unknown,8,may,381,1,-1,0,unknown,no,2026-06-10 22:00:00
37,technician,married,secondary,no,407,yes,no,cellular,11,jul,141,2,-1,0,unknown,no,2026-06-10 23:00:00
54,management,single,secondary,no,602,no,no,cellular,30,jul,101,2,-1,0,unknown,no,2026-06-11 00:00:00
42,management,married,tertiary,no,2110,no,yes,cellular,18,nov,67,1,110,2,failure,no,2026-06-11 01:00:00
47,unknown,married,unknown,no,677,no,no,cellular,30,apr,900,2,86,2,failure,yes,2026-06-11 02:00:00
31,admin.,married,secondary,no,389,yes,no,cellular,7,dec,69,1,185,2,failure,no,2026-06-11 03:00:00
35,services,married,secondary,no,1417,yes,no,cellular,14,may,65,3,-1,0,unknown,no,2026-06-11 04:00:00
38,admin.,married,secondary,no,689,yes,no,cellular,25,jul,270,1,-1,0,unknown,no,2026-06-11 05:00:00
50,management,married,tertiary,no,964,yes,no,unknown,6,may,323,1,-1,0,unknown,no,2026-06-11 06:00:00
35,management,single,tertiary,no,9336,yes,no,cellular,18,may,311,2,-1,0,unknown,no,2026-06-11 07:00:00
35,services,married,tertiary,no,4655,no,no,cellular,9,nov,111,2,-1,0,unknown,no,2026-06-11 08:00:00
58,technician,married,primary,no,4198,no,no,cellular,11,feb,309,5,-1,0,unknown,no,2026-06-11 09:00:00
37,unemployed,married,secondary,no,459,no,no,cellular,20,nov,109,4,-1,0,unknown,no,2026-06-11 10:00:00
30,management,single,tertiary,no,47,no,yes,cellular,31,jul,11,17,-1,0,unknown,no,2026-06-11 11:00:00
55,technician,single,tertiary,no,92,yes,no,unknown,7,may,118,3,-1,0,unknown,no,2026-06-11 12:00:00
34,management,married,secondary,no,355,no,no,cellular,21,aug,314,3,-1,0,unknown,no,2026-06-11 13:00:00
31,admin.,single,secondary,no,757,no,no,cellular,3,feb,343,2,-1,0,unknown,no,2026-06-11 14:00:00
48,self-employed,married,secondary,no,4746,yes,no,unknown,21,may,32,11,-1,0,unknown,no,2026-06-11 15:00:00
56,retired,married,primary,no,13,yes,no,unknown,12,may,123,2,-1,0,unknown,no,2026-06-11 16:00:00
43,management,married,tertiary,no,536,yes,no,cellular,14,may,167,4,-1,0,unknown,no,2026-06-11 17:00:00
36,management,married,tertiary,no,6172,yes,yes,cellular,18,nov,126,2,-1,0,unknown,no,2026-06-11 18:00:00
34,management,single,tertiary,no,-362,yes,yes,cellular,20,apr,7,6,-1,0,unknown,no,2026-06-11 19:00:00
35,self-employed,married,secondary,no,524,yes,no,cellular,21,nov,484,4,-1,0,unknown,no,2026-06-11 20:00:00
52,retired,married,tertiary,no,493,no,no,cellular,7,jul,61,6,-1,0,unknown,no,2026-06-11 21:00:00
53,technician,married,secondary,no,1389,no,no,telephone,30,jul,34,4,-1,0,unknown,no,2026-06-11 22:00:00
46,management,married,tertiary,no,0,no,no,cellular,26,may,401,1,-1,0,unknown,no,2026-06-11 23:00:00
32,self-employed,single,secondary,no,518,yes,no,cellular,18,may,34,7,-1,0,unknown,no,2026-06-12 00:00:00
18,student,single,unknown,no,3,no,no,cellular,25,aug,130,2,-1,0,unknown,yes,2026-06-12 01:00:00
41,blue-collar,married,secondary,no,1334,yes,no,cellular,20,apr,234,5,-1,0,unknown,no,2026-06-12 02:00:00
36,technician,married,secondary,no,1466,yes,no,unknown,29,may,441,1,-1,0,unknown,no,2026-06-12 03:00:00
55,management,married,tertiary,no,86,no,no,telephone,16,jun,64,1,-1,0,unknown,no,2026-06-12 04:00:00
33,services,married,secondary,no,5499,yes,no,unknown,20,may,231,1,-1,0,unknown,no,2026-06-12 05:00:00
25,management,married,tertiary,no,937,yes,no,cellular,23,jul,115,1,-1,0,unknown,no,2026-06-12 06:00:00
30,management,single,tertiary,no,635,yes,no,unknown,4,jun,29,2,-1,0,unknown,no,2026-06-12 07:00:00
42,admin.,single,secondary,no,400,yes,no,cellular,3,feb,198,5,244,6,failure,no,2026-06-12 08:00:00
49,unemployed,divorced,tertiary,no,780,no,no,cellular,8,nov,148,1,871,2,failure,no,2026-06-12 09:00:00
60,services,divorced,secondary,no,1608,yes,no,cellular,11,may,186,1,-1,0,unknown,no,2026-06-12 10:00:00
34,unemployed,single,tertiary,no,786,no,no,cellular,28,aug,122,11,-1,0,unknown,no,2026-06-12 11:00:00
51,blue-collar,married,secondary,no,700,no,no,cellular,8,aug,237,4,-1,0,unknown,no,2026-06-12 12:00:00
40,blue-collar,married,secondary,no,1708,yes,no,cellular,19,nov,382,2,174,1,other,no,2026-06-12 13:00:00
30,technician,married,tertiary,no,0,no,no,cellular,21,jul,306,1,-1,0,unknown,no,2026-06-12 14:00:00
42,admin.,married,secondary,no,1455,yes,no,cellular,6,may,364,4,-1,0,unknown,no,2026-06-12 15:00:00
33,management,married,tertiary,no,307,no,no,unknown,16,may,806,4,-1,0,unknown,no,2026-06-12 16:00:00
31,admin.,single,secondary,no,3323,yes,no,cellular,9,apr,337,2,-1,0,unknown,no,2026-06-12 17:00:00
29,blue-collar,married,primary,no,79,yes,no,unknown,27,may,22,2,-1,0,unknown,no,2026-06-12 18:00:00
44,unemployed,married,primary,no,97,yes,no,unknown,5,jun,105,3,-1,0,unknown,no,2026-06-12 19:00:00
44,technician,married,secondary,no,497,yes,no,unknown,3,jun,103,2,-1,0,unknown,no,2026-06-12 20:00:00
31,management,married,tertiary,no,3,no,no,cellular,28,aug,12,17,-1,0,unknown,no,2026-06-12 21:00:00
39,admin.,single,secondary,no,0,yes,no,unknown,6,may,174,2,-1,0,unknown,no,2026-06-12 22:00:00
27,management,single,tertiary,no,390,no,no,cellular,28,oct,190,1,82,1,success,no,2026-06-12 23:00:00
56,blue-collar,married,unknown,no,6710,no,no,cellular,29,jul,318,2,-1,0,unknown,no,2026-06-13 00:00:00
48,blue-collar,married,secondary,no,425,yes,no,telephone,9,jul,693,2,-1,0,unknown,no,2026-06-13 01:00:00
45,admin.,married,unknown,no,1783,no,no,unknown,20,jun,11,11,-1,0,unknown,no,2026-06-13 02:00:00
26,admin.,divorced,secondary,no,1,no,no,cellular,16,jul,92,1,-1,0,unknown,no,2026-06-13 03:00:00
35,blue-collar,single,primary,no,1277,yes,no,cellular,20,apr,143,4,-1,0,unknown,no,2026-06-13 04:00:00
58,retired,married,primary,no,0,no,no,cellular,11,aug,566,2,-1,0,unknown,no,2026-06-13 05:00:00
32,services,single,primary,no,-56,no,yes,cellular,19,nov,418,1,-1,0,unknown,no,2026-06-13 06:00:00
45,entrepreneur,married,tertiary,no,1,no,no,cellular,19,nov,401,1,-1,0,unknown,no,2026-06-13 07:00:00
44,technician,married,secondary,no,0,no,no,unknown,2,jun,302,1,-1,0,unknown,no,2026-06-13 08:00:00
26,blue-collar,single,secondary,no,82,yes,no,unknown,9,may,654,1,-1,0,unknown,yes,2026-06-13 09:00:00
39,blue-collar,married,secondary,no,474,yes,yes,unknown,26,may,219,4,-1,0,unknown,no,2026-06-13 10:00:00
35,services,married,secondary,no,0,yes,no,unknown,21,may,190,5,-1,0,unknown,no,2026-06-13 11:00:00
53,management,married,primary,no,-139,no,no,cellular,9,jul,328,3,-1,0,unknown,no,2026-06-13 12:00:00
29,admin.,single,secondary,no,196,no,no,telephone,2,feb,268,1,-1,0,unknown,no,2026-06-13 13:00:00
33,blue-collar,married,secondary,yes,-406,yes,yes,cellular,14,jul,332,2,-1,0,unknown,no,2026-06-13 14:00:00
31,blue-collar,single,secondary,no,4,no,no,cellular,16,apr,148,2,182,3,other,no,2026-06-13 15:00:00
35,management,married,tertiary,no,1557,yes,yes,cellular,5,feb,225,1,268,1,failure,no,2026-06-13 16:00:00
39,blue-collar,married,primary,no,106,yes,no,unknown,7,may,56,1,-1,0,unknown,no,2026-06-13 17:00:00
45,blue-collar,married,secondary,no,4365,no,yes,cellular,9,feb,45,2,-1,0,unknown,no,2026-06-13 18:00:00
32,services,married,secondary,no,-124,no,no,unknown,27,may,116,1,-1,0,unknown,no,2026-06-13 19:00:00
55,management,married,tertiary,no,134,no,no,cellular,12,aug,1650,16,-1,0,unknown,no,2026-06-13 20:00:00
38,management,divorced,unknown,no,0,yes,no,cellular,18,nov,96,2,-1,0,unknown,no,2026-06-13 21:00:00
45,blue-collar,married,secondary,no,10252,no,no,cellular,22,sep,173,1,141,2,success,yes,2026-06-13 22:00:00
26,management,single,tertiary,no,1,no,no,unknown,21,sep,6,1,-1,0,unknown,no,2026-06-13 23:00:00
43,management,married,secondary,no,-26,yes,no,unknown,16,may,343,1,-1,0,unknown,no,2026-06-14 00:00:00
31,services,married,secondary,no,0,no,yes,cellular,21,nov,208,1,-1,0,unknown,no,2026-06-14 01:00:00
36,blue-collar,married,secondary,no,13,no,no,unknown,3,jun,284,1,-1,0,unknown,no,2026-06-14 02:00:00
30,management,married,tertiary,no,692,yes,yes,cellular,21,jul,336,4,-1,0,unknown,no,2026-06-14 03:00:00
25,blue-collar,married,secondary,no,895,no,no,cellular,21,jul,317,3,-1,0,unknown,no,2026-06-14 04:00:00
29,technician,married,secondary,no,1599,yes,no,cellular,8,jul,115,1,61,1,failure,no,2026-06-14 05:00:00
28,management,single,tertiary,no,1840,no,no,cellular,28,dec,1472,1,143,10,other,no,2026-06-14 06:00:00
36,blue-collar,married,primary,no,599,yes,no,unknown,21,may,649,2,-1,0,unknown,yes,2026-06-14 07:00:00
32,blue-collar,married,secondary,no,2,yes,no,cellular,15,may,16,9,309,1,failure,no,2026-06-14 08:00:00
54,blue-collar,divorced,unknown,no,1545,yes,no,unknown,3,jun,148,2,-1,0,unknown,no,2026-06-14 09:00:00
39,technician,married,secondary,no,6,yes,no,cellular,18,may,122,3,357,4,failure,no,2026-06-14 10:00:00
46,blue-collar,married,secondary,no,265,yes,no,unknown,5,may,541,1,-1,0,unknown,no,2026-06-14 11:00:00
58,management,married,tertiary,no,9339,yes,no,telephone,18,nov,52,3,172,3,other,no,2026-06-14 12:00:00
54,technician,single,tertiary,no,1433,yes,yes,unknown,18,jun,18,20,-1,0,unknown,no,2026-06-14 13:00:00
38,technician,married,secondary,no,20,no,no,cellular,2,feb,147,1,-1,0,unknown,no,2026-06-14 14:00:00
53,technician,married,tertiary,no,431,yes,no,cellular,5,may,55,1,328,1,failure,no,2026-06-14 15:00:00
30,blue-collar,married,secondary,no,658,yes,yes,cellular,21,jul,212,1,-1,0,unknown,no,2026-06-14 16:00:00
23,admin.,single,secondary,no,4681,yes,no,unknown,28,may,507,2,-1,0,unknown,no,2026-06-14 17:00:00
21,student,single,secondary,no,681,no,no,unknown,20,aug,6,1,-1,0,unknown,no,2026-06-14 18:00:00
29,blue-collar,married,primary,no,163,yes,yes,cellular,29,jan,80,2,-1,0,unknown,no,2026-06-14 19:00:00
46,unknown,single,primary,no,10,no,no,unknown,18,jun,64,6,-1,0,unknown,no,2026-06-14 20:00:00
42,management,married,tertiary,no,199,yes,no,cellular,9,jul,497,1,-1,0,unknown,no,2026-06-14 21:00:00
34,management,married,tertiary,no,3301,yes,no,cellular,17,jun,485,2,227,4,failure,yes,2026-06-14 22:00:00
27,self-employed,single,secondary,no,152,no,no,cellular,30,jul,80,3,-1,0,unknown,no,2026-06-14 23:00:00
42,blue-collar,married,primary,no,0,yes,no,unknown,9,may,214,2,-1,0,unknown,no,2026-06-15 00:00:00
59,unemployed,single,secondary,no,865,no,no,cellular,4,feb,1086,1,-1,0,unknown,no,2026-06-15 01:00:00
32,management,single,tertiary,no,574,yes,no,cellular,14,apr,259,2,145,3,failure,no,2026-06-15 02:00:00
27,admin.,married,secondary,no,132,yes,no,unknown,27,may,21,1,-1,0,unknown,no,2026-06-15 03:00:00
38,blue-collar,married,primary,no,1495,yes,no,unknown,2,jun,74,3,-1,0,unknown,no,2026-06-15 04:00:00
50,blue-collar,married,secondary,no,825,yes,no,cellular,16,apr,18,3,273,1,failure,no,2026-06-15 05:00:00
37,self-employed,married,secondary,no,3396,no,no,cellular,18,aug,69,6,-1,0,unknown,no,2026-06-15 06:00:00
37,management,single,tertiary,no,171,yes,yes,cellular,7,aug,250,3,-1,0,unknown,no,2026-06-15 07:00:00
33,technician,divorced,unknown,no,1279,yes,no,cellular,29,jan,128,1,206,7,other,no,2026-06-15 08:00:00
36,services,single,secondary,no,165,yes,no,cellular,18,may,182,2,-1,0,unknown,no,2026-06-15 09:00:00
51,admin.,divorced,secondary,no,-20,no,no,unknown,1,jul,58,1,-1,0,unknown,no,2026-06-15 10:00:00
33,management,married,tertiary,no,1657,yes,no,unknown,27,may,342,4,-1,0,unknown,no,2026-06-15 11:00:00
54,blue-collar,married,primary,no,1311,no,no,telephone,15,oct,485,3,184,3,failure,yes,2026-06-15 12:00:00
31,services,single,secondary,no,374,no,no,telephone,28,jan,49,4,-1,0,unknown,no,2026-06-15 13:00:00
47,blue-collar,married,primary,no,840,no,yes,cellular,17,jul,509,1,-1,0,unknown,no,2026-06-15 14:00:00
31,management,single,tertiary,no,999,yes,no,cellular,13,apr,187,5,-1,0,unknown,no,2026-06-15 15:00:00
34,admin.,married,tertiary,no,882,no,no,cellular,13,aug,135,1,113,5,success,no,2026-06-15 16:00:00
42,management,married,tertiary,no,294,no,no,cellular,26,aug,513,1,-1,0,unknown,yes,2026-06-15 17:00:00
35,management,married,tertiary,no,482,no,no,unknown,6,jun,129,2,-1,0,unknown,no,2026-06-15 18:00:00
58,services,married,secondary,no,1667,yes,yes,unknown,6,may,85,1,-1,0,unknown,no,2026-06-15 19:00:00
23,technician,single,secondary,no,3092,no,no,cellular,10,mar,56,2,-1,0,unknown,no,2026-06-15 20:00:00
39,entrepreneur,married,tertiary,no,83,yes,no,cellular,11,jul,193,2,-1,0,unknown,no,2026-06-15 21:00:00
51,technician,divorced,primary,no,300,no,yes,cellular,5,feb,8,6,-1,0,unknown,no,2026-06-15 22:00:00
48,management,married,tertiary,no,1335,no,no,cellular,22,aug,492,7,-1,0,unknown,no,2026-06-15 23:00:00
41,services,married,secondary,no,3992,yes,no,telephone,20,nov,281,2,-1,0,unknown,no,2026-06-16 00:00:00
49,admin.,divorced,secondary,no,-212,yes,yes,cellular,11,may,469,1,350,1,failure,no,2026-06-16 01:00:00
57,retired,married,primary,no,318,no,no,cellular,22,aug,371,4,-1,0,unknown,no,2026-06-16 02:00:00
39,entrepreneur,divorced,tertiary,no,208,yes,no,unknown,3,jun,201,2,-1,0,unknown,no,2026-06-16 03:00:00
37,admin.,married,secondary,no,3226,yes,yes,cellular,24,jul,226,3,-1,0,unknown,no,2026-06-16 04:00:00
45,blue-collar,married,secondary,no,226,no,no,telephone,4,feb,170,2,212,2,failure,no,2026-06-16 05:00:00
38,blue-collar,married,secondary,no,0,yes,no,cellular,13,may,57,5,349,1,other,no,2026-06-16 06:00:00
47,services,married,secondary,no,837,yes,yes,unknown,16,may,136,1,-1,0,unknown,no,2026-06-16 07:00:00
45,housemaid,married,primary,no,403,no,no,cellular,2,apr,144,1,-1,0,unknown,no,2026-06-16 08:00:00
45,blue-collar,married,primary,no,1945,yes,no,cellular,15,may,63,4,-1,0,unknown,no,2026-06-16 09:00:00
32,blue-collar,married,primary,no,885,yes,no,unknown,21,may,127,2,-1,0,unknown,no,2026-06-16 10:00:00
49,blue-collar,married,primary,no,512,yes,yes,cellular,21,nov,126,1,-1,0,unknown,no,2026-06-16 11:00:00
39,blue-collar,married,primary,no,481,no,no,cellular,13,may,197,3,357,1,other,no,2026-06-16 12:00:00
42,management,divorced,secondary,yes,923,yes,no,unknown,19,jun,129,2,-1,0,unknown,no,2026-06-16 13:00:00
46,technician,married,unknown,no,557,yes,no,cellular,28,jan,148,1,197,4,failure,no,2026-06-16 14:00:00
52,management,married,tertiary,no,3754,no,no,cellular,18,jul,127,2,-1,0,unknown,no,2026-06-16 15:00:00
42,housemaid,married,unknown,no,72,no,no,unknown,16,jun,22,1,-1,0,unknown,no,2026-06-16 16:00:00
54,retired,married,primary,no,117,no,no,cellular,3,feb,165,3,-1,0,unknown,no,2026-06-16 17:00:00
62,self-employed,divorced,tertiary,no,6,yes,no,cellular,13,apr,103,1,182,3,success,yes,2026-06-16 18:00:00
50,unemployed,married,secondary,no,17,no,no,unknown,20,jun,189,2,-1,0,unknown,no,2026-06-16 19:00:00
31,admin.,married,secondary,no,8781,yes,no,cellular,14,may,680,1,177,1,success,yes,2026-06-16 20:00:00
71,retired,divorced,secondary,no,3104,no,no,telephone,12,apr,271,1,187,1,failure,no,2026-06-16 21:00:00
43,blue-collar,married,primary,no,-192,yes,no,unknown,8,may,1120,2,-1,0,unknown,yes,2026-06-16 22:00:00
39,technician,single,tertiary,no,0,no,no,cellular,27,aug,147,4,-1,0,unknown,no,2026-06-16 23:00:00
52,blue-collar,married,secondary,no,-164,no,no,cellular,22,aug,314,4,-1,0,unknown,no,2026-06-17 00:00:00
42,blue-collar,single,primary,no,1628,yes,no,cellular,5,feb,119,1,195,8,success,no,2026-06-17 01:00:00
33,management,single,tertiary,no,2637,no,no,cellular,28,aug,583,17,-1,0,unknown,yes,2026-06-17 02:00:00
58,blue-collar,married,primary,no,1357,yes,no,unknown,13,may,150,2,-1,0,unknown,no,2026-06-17 03:00:00
43,management,married,tertiary,no,-334,yes,no,cellular,7,aug,291,1,-1,0,unknown,no,2026-06-17 04:00:00
34,blue-collar,married,primary,no,431,yes,no,cellular,15,may,514,1,-1,0,unknown,no,2026-06-17 05:00:00
31,entrepreneur,divorced,tertiary,no,2,no,yes,cellular,7,jul,53,1,-1,0,unknown,no,2026-06-17 06:00:00
49,entrepreneur,divorced,secondary,no,159,yes,no,unknown,13,may,95,3,-1,0,unknown,no,2026-06-17 07:00:00
38,technician,single,tertiary,no,0,yes,no,cellular,1,jun,71,1,-1,0,unknown,no,2026-06-17 08:00:00
34,blue-collar,single,secondary,no,1351,yes,no,cellular,14,may,334,2,-1,0,unknown,no,2026-06-17 09:00:00
20,student,single,secondary,no,215,no,no,cellular,24,nov,325,1,95,5,success,yes,2026-06-17 10:00:00
44,technician,married,secondary,no,0,yes,no,cellular,24,jul,157,1,-1,0,unknown,no,2026-06-17 11:00:00
30,technician,married,secondary,no,769,yes,no,cellular,18,may,10,4,-1,0,unknown,no,2026-06-17 12:00:00
31,blue-collar,married,secondary,no,823,yes,no,cellular,5,feb,152,2,-1,0,unknown,no,2026-06-17 13:00:00
32,management,single,tertiary,no,796,no,yes,cellular,30,apr,198,1,160,1,failure,no,2026-06-17 14:00:00
26,entrepreneur,single,tertiary,no,81,no,no,cellular,21,jul,262,3,-1,0,unknown,no,2026-06-17 15:00:00
39,management,divorced,unknown,no,401,no,no,unknown,6,jun,126,1,-1,0,unknown,no,2026-06-17 16:00:00
34,blue-collar,married,secondary,no,1134,yes,no,cellular,17,apr,408,1,329,2,failure,no,2026-06-17 17:00:00
33,services,married,secondary,no,0,yes,no,unknown,26,may,192,6,-1,0,unknown,no,2026-06-17 18:00:00
36,technician,married,secondary,no,84,yes,no,unknown,20,may,67,1,-1,0,unknown,no,2026-06-17 19:00:00
58,retired,single,secondary,no,1640,no,yes,cellular,4,feb,72,6,274,4,failure,no,2026-06-17 20:00:00
29,management,single,tertiary,no,-11,yes,no,cellular,14,may,164,2,-1,0,unknown,no,2026-06-17 21:00:00
35,management,single,tertiary,no,12,no,no,cellular,7,jul,289,1,-1,0,unknown,no,2026-06-17 22:00:00
32,blue-collar,married,secondary,no,557,no,no,cellular,4,feb,388,3,272,1,other,no,2026-06-17 23:00:00
59,retired,married,secondary,no,417,yes,no,cellular,7,may,476,2,-1,0,unknown,no,2026-06-18 00:00:00
33,management,married,tertiary,no,1390,no,no,cellular,15,jun,92,2,312,2,failure,no,2026-06-18 01:00:00
24,blue-collar,married,secondary,no,237,yes,no,unknown,12,may,200,2,-1,0,unknown,no,2026-06-18 02:00:00
47,admin.,married,primary,no,68,yes,no,unknown,2,jun,754,2,-1,0,unknown,no,2026-06-18 03:00:00
43,technician,divorced,secondary,no,87,yes,no,cellular,28,jan,130,1,247,2,failure,no,2026-06-18 04:00:00
49,admin.,married,secondary,no,428,yes,no,unknown,5,may,50,1,-1,0,unknown,no,2026-06-18 05:00:00
32,technician,single,tertiary,no,930,no,no,cellular,27,aug,85,7,-1,0,unknown,no,2026-06-18 06:00:00
36,entrepreneur,married,tertiary,no,3057,no,no,unknown,16,jun,2769,4,-1,0,unknown,yes,2026-06-18 07:00:00
26,unemployed,single,secondary,no,387,no,no,cellular,6,feb,506,1,-1,0,unknown,no,2026-06-18 08:00:00
28,blue-collar,married,secondary,no,1331,yes,yes,unknown,19,jun,267,2,-1,0,unknown,no,2026-06-18 09:00:00
35,self-employed,married,secondary,no,2251,no,no,cellular,19,aug,151,8,-1,0,unknown,no,2026-06-18 10:00:00
38,admin.,married,secondary,no,1839,no,no,unknown,23,may,63,2,-1,0,unknown,no,2026-06-18 11:00:00
39,technician,married,tertiary,no,1889,no,no,cellular,29,jan,108,2,-1,0,unknown,no,2026-06-18 12:00:00
53,management,married,tertiary,no,2124,yes,no,cellular,17,apr,121,2,344,2,failure,no,2026-06-18 13:00:00
29,services,single,secondary,no,166,no,yes,cellular,28,jul,108,8,-1,0,unknown,no,2026-06-18 14:00:00
50,self-employed,married,secondary,no,4440,no,yes,cellular,31,jul,12,3,-1,0,unknown,no,2026-06-18 15:00:00
23,services,single,secondary,no,665,yes,no,unknown,28,may,1183,1,-1,0,unknown,yes,2026-06-18 16:00:00
51,technician,married,secondary,no,614,yes,no,cellular,18,may,9,4,-1,0,unknown,no,2026-06-18 17:00:00
54,services,single,secondary,no,492,no,no,unknown,6,jun,330,1,-1,0,unknown,no,2026-06-18 18:00:00
53,technician,married,secondary,no,2052,yes,no,cellular,19,nov,286,1,-1,0,unknown,no,2026-06-18 19:00:00
35,technician,married,secondary,no,3297,yes,no,cellular,29,jul,193,15,-1,0,unknown,no,2026-06-18 20:00:00
41,management,divorced,tertiary,no,47,yes,no,unknown,8,may,160,1,-1,0,unknown,no,2026-06-18 21:00:00
38,blue-collar,married,primary,no,2469,yes,no,cellular,21,jul,66,1,-1,0,unknown,no,2026-06-18 22:00:00
32,management,married,tertiary,no,421,no,no,cellular,6,aug,851,6,-1,0,unknown,no,2026-06-18 23:00:00
42,technician,single,secondary,no,417,no,no,cellular,21,jul,177,1,-1,0,unknown,no,2026-06-19 00:00:00
47,blue-collar,married,secondary,no,820,no,no,cellular,19,oct,98,1,-1,0,unknown,yes,2026-06-19 01:00:00
38,technician,married,secondary,yes,9,yes,no,unknown,9,may,129,3,-1,0,unknown,no,2026-06-19 02:00:00
51,blue-collar,married,secondary,no,1440,yes,no,unknown,30,may,309,1,-1,0,unknown,no,2026-06-19 03:00:00
42,admin.,single,secondary,no,-76,yes,no,unknown,5,may,787,1,-1,0,unknown,no,2026-06-19 04:00:00
43,management,married,secondary,no,-213,no,yes,telephone,7,jul,543,2,-1,0,unknown,no,2026-06-19 05:00:00
62,retired,married,secondary,no,298,no,no,cellular,17,nov,709,2,-1,0,unknown,yes,2026-06-19 06:00:00
32,blue-collar,single,primary,no,1918,yes,no,cellular,17,nov,321,1,-1,0,unknown,no,2026-06-19 07:00:00
38,management,single,tertiary,no,1602,yes,no,unknown,3,jun,215,3,-1,0,unknown,no,2026-06-19 08:00:00
34,technician,single,secondary,no,1313,no,no,cellular,22,jul,427,2,94,4,failure,no,2026-06-19 09:00:00
34,unemployed,married,secondary,no,1375,no,no,cellular,21,nov,148,1,-1,0,unknown,no,2026-06-19 10:00:00
54,technician,single,secondary,no,224,no,no,cellular,5,aug,134,2,-1,0,unknown,no,2026-06-19 11:00:00
59,retired,married,secondary,no,0,no,no,cellular,28,aug,359,7,-1,0,unknown,no,2026-06-19 12:00:00
55,housemaid,divorced,primary,no,976,no,no,cellular,28,jun,345,1,94,3,other,yes,2026-06-19 13:00:00
53,self-employed,married,tertiary,no,20,yes,no,cellular,7,aug,218,2,-1,0,unknown,no,2026-06-19 14:00:00
31,blue-collar,single,secondary,no,19,yes,no,unknown,19,may,178,5,-1,0,unknown,no,2026-06-19 15:00:00
35,technician,single,tertiary,no,1880,no,no,cellular,20,may,154,1,-1,0,unknown,yes,2026-06-19 16:00:00
31,services,divorced,secondary,no,1301,yes,no,cellular,13,may,140,3,-1,0,unknown,no,2026-06-19 17:00:00
25,services,single,secondary,no,-61,yes,no,unknown,21,may,203,2,-1,0,unknown,no,2026-06-19 18:00:00
40,management,married,tertiary,no,552,no,no,cellular,28,jul,761,8,-1,0,unknown,no,2026-06-19 19:00:00
47,technician,divorced,secondary,no,191,no,no,cellular,19,aug,228,5,-1,0,unknown,no,2026-06-19 20:00:00
55,retired,married,secondary,no,2312,no,no,unknown,12,jun,60,1,-1,0,unknown,no,2026-06-19 21:00:00
27,blue-collar,married,secondary,no,-132,yes,no,unknown,4,jun,216,1,-1,0,unknown,no,2026-06-19 22:00:00
40,unemployed,divorced,secondary,no,452,no,no,cellular,20,nov,98,1,-1,0,unknown,no,2026-06-19 23:00:00
29,services,married,secondary,no,3,yes,no,cellular,10,jul,183,1,-1,0,unknown,no,2026-06-20 00:00:00
36,management,divorced,tertiary,no,0,no,no,unknown,20,jun,519,2,-1,0,unknown,no,2026-06-20 01:00:00
23,student,single,secondary,no,1809,no,no,cellular,8,jul,414,2,-1,0,unknown,yes,2026-06-20 02:00:00
44,entrepreneur,married,secondary,no,0,no,no,unknown,14,may,211,2,-1,0,unknown,no,2026-06-20 03:00:00
47,entrepreneur,single,tertiary,no,77,yes,yes,cellular,7,may,308,1,335,3,failure,no,2026-06-20 04:00:00
58,technician,married,tertiary,no,855,yes,no,telephone,18,nov,263,2,-1,0,unknown,no,2026-06-20 05:00:00
54,retired,married,secondary,no,3846,yes,yes,unknown,19,jun,216,2,-1,0,unknown,no,2026-06-20 06:00:00
50,technician,divorced,tertiary,no,261,no,no,unknown,20,jun,155,1,-1,0,unknown,no,2026-06-20 07:00:00
46,management,married,tertiary,no,245,yes,no,unknown,16,may,42,10,-1,0,unknown,no,2026-06-20 08:00:00
57,entrepreneur,married,secondary,no,666,no,no,cellular,4,aug,138,1,-1,0,unknown,no,2026-06-20 09:00:00
54,retired,single,secondary,no,10621,no,no,cellular,30,jul,187,2,-1,0,unknown,no,2026-06-20 10:00:00
28,blue-collar,single,secondary,no,5149,yes,no,unknown,2,jun,232,3,-1,0,unknown,no,2026-06-20 11:00:00
30,management,married,tertiary,no,74,yes,no,cellular,21,jul,106,3,-1,0,unknown,no,2026-06-20 12:00:00
35,management,married,tertiary,no,2088,yes,no,cellular,22,jun,457,3,-1,0,unknown,no,2026-06-20 13:00:00
47,services,married,unknown,yes,0,no,no,cellular,28,aug,21,22,-1,0,unknown,no,2026-06-20 14:00:00
53,services,married,primary,no,171,yes,yes,cellular,5,may,343,4,167,6,other,no,2026-06-20 15:00:00
26,admin.,married,secondary,no,0,no,no,unknown,27,may,755,1,-1,0,unknown,no,2026-06-20 16:00:00
31,admin.,divorced,secondary,no,253,yes,no,unknown,13,may,289,2,-1,0,unknown,no,2026-06-20 17:00:00
20,student,single,secondary,no,29,no,no,cellular,14,sep,85,2,-1,0,unknown,no,2026-06-20 18:00:00
35,technician,married,secondary,no,4922,yes,no,cellular,17,nov,393,4,201,17,other,yes,2026-06-20 19:00:00
26,technician,single,secondary,no,639,yes,no,unknown,6,jun,709,5,-1,0,unknown,yes,2026-06-20 20:00:00
38,services,married,secondary,no,129,yes,no,cellular,5,may,205,2,-1,0,unknown,no,2026-06-20 21:00:00
39,technician,married,tertiary,no,4313,yes,no,unknown,18,nov,272,2,-1,0,unknown,no,2026-06-20 22:00:00
53,retired,married,primary,no,3126,yes,no,cellular,22,jul,237,1,-1,0,unknown,no,2026-06-20 23:00:00
36,technician,single,secondary,no,1407,no,no,cellular,2,mar,328,1,109,3,other,no,2026-06-21 00:00:00
59,admin.,married,secondary,no,1365,no,no,unknown,19,jun,327,1,-1,0,unknown,no,2026-06-21 01:00:00
49,blue-collar,married,secondary,no,1350,no,no,cellular,18,aug,22,2,-1,0,unknown,no,2026-06-21 02:00:00
48,unemployed,divorced,secondary,no,201,no,no,cellular,10,nov,594,1,91,1,success,yes,2026-06-21 03:00:00
30,self-employed,married,tertiary,no,5,yes,yes,cellular,9,jul,99,2,-1,0,unknown,no,2026-06-21 04:00:00
40,technician,married,secondary,no,203,yes,no,cellular,24,jul,328,1,-1,0,unknown,no,2026-06-21 05:00:00
53,management,married,tertiary,no,32,no,yes,cellular,22,aug,122,2,-1,0,unknown,no,2026-06-21 06:00:00
50,self-employed,divorced,tertiary,no,1390,no,no,cellular,21,nov,55,2,-1,0,unknown,no,2026-06-21 07:00:00
30,technician,single,secondary,no,925,no,no,cellular,20,nov,240,1,-1,0,unknown,no,2026-06-21 08:00:00
67,retired,married,primary,no,708,no,no,cellular,11,sep,96,2,-1,0,unknown,no,2026-06-21 09:00:00
43,technician,divorced,secondary,no,0,yes,no,cellular,5,may,150,2,342,2,failure,no,2026-06-21 10:00:00
33,self-employed,married,primary,no,61,yes,no,cellular,13,may,161,1,-1,0,unknown,no,2026-06-21 11:00:00
27,admin.,single,secondary,no,1408,no,no,cellular,27,may,242,2,-1,0,unknown,no,2026-06-21 12:00:00
31,management,married,tertiary,no,8312,no,no,cellular,29,aug,43,13,-1,0,unknown,no,2026-06-21 13:00:00
25,technician,divorced,tertiary,no,174,no,yes,unknown,27,may,350,4,-1,0,unknown,no,2026-06-21 14:00:00
34,admin.,married,secondary,no,3185,yes,no,unknown,13,may,520,1,-1,0,unknown,no,2026-06-21 15:00:00
49,blue-collar,married,primary,no,391,yes,no,unknown,4,jun,245,1,-1,0,unknown,no,2026-06-21 16:00:00
54,entrepreneur,married,unknown,no,1956,no,no,cellular,19,nov,221,5,-1,0,unknown,no,2026-06-21 17:00:00
47,blue-collar,married,primary,no,242,yes,no,unknown,16,may,214,4,-1,0,unknown,no,2026-06-21 18:00:00
32,admin.,single,tertiary,no,211,no,no,cellular,28,aug,56,7,-1,0,unknown,no,2026-06-21 19:00:00
24,student,married,unknown,no,146,no,no,cellular,26,may,147,1,40,1,failure,no,2026-06-21 20:00:00
56,technician,married,secondary,no,1199,yes,yes,cellular,29,jul,336,2,-1,0,unknown,no,2026-06-21 21:00:00
35,services,married,secondary,no,70,yes,yes,cellular,8,may,197,1,350,4,failure,no,2026-06-21 22:00:00
49,technician,married,secondary,no,313,no,no,cellular,9,jul,115,2,-1,0,unknown,no,2026-06-21 23:00:00
31,management,married,tertiary,no,512,yes,no,cellular,14,aug,96,3,-1,0,unknown,no,2026-06-22 00:00:00
36,management,single,tertiary,no,1027,yes,no,cellular,4,jun,151,1,-1,0,unknown,no,2026-06-22 01:00:00
22,student,single,secondary,no,1925,no,no,cellular,16,nov,84,1,196,1,failure,no,2026-06-22 02:00:00
33,blue-collar,married,secondary,no,1624,yes,yes,unknown,21,may,951,2,-1,0,unknown,no,2026-06-22 03:00:00
29,technician,married,secondary,no,23,yes,no,cellular,8,apr,101,2,-1,0,unknown,no,2026-06-22 04:00:00
33,blue-collar,married,secondary,no,-271,yes,yes,unknown,26,may,118,2,-1,0,unknown,no,2026-06-22 05:00:00
42,management,divorced,tertiary,no,624,no,no,cellular,18,aug,75,5,-1,0,unknown,no,2026-06-22 06:00:00
36,technician,single,secondary,no,818,yes,yes,cellular,19,aug,96,4,-1,0,unknown,no,2026-06-22 07:00:00
49,management,married,tertiary,no,400,yes,no,unknown,13,may,122,1,-1,0,unknown,no,2026-06-22 08:00:00
44,admin.,married,secondary,no,0,yes,yes,unknown,16,may,159,1,-1,0,unknown,no,2026-06-22 09:00:00
59,admin.,married,secondary,no,92,yes,no,cellular,12,may,139,2,350,1,failure,no,2026-06-22 10:00:00
35,admin.,single,secondary,no,-133,yes,no,cellular,14,may,546,3,-1,0,unknown,no,2026-06-22 11:00:00
36,blue-collar,married,secondary,no,79,yes,no,unknown,28,may,275,2,-1,0,unknown,no,2026-06-22 12:00:00
44,technician,married,secondary,no,111,yes,yes,cellular,25,jul,356,3,-1,0,unknown,no,2026-06-22 13:00:00
54,blue-collar,married,primary,no,4608,no,no,telephone,20,nov,352,3,-1,0,unknown,no,2026-06-22 14:00:00
26,blue-collar,single,secondary,no,834,no,no,cellular,26,feb,90,1,-1,0,unknown,no,2026-06-22 15:00:00
34,blue-collar,married,primary,no,503,yes,no,unknown,26,may,120,2,-1,0,unknown,no,2026-06-22 16:00:00
35,management,married,tertiary,yes,89,no,yes,unknown,8,may,166,3,-1,0,unknown,no,2026-06-22 17:00:00
35,technician,single,secondary,no,966,no,no,cellular,21,apr,71,2,-1,0,unknown,no,2026-06-22 18:00:00
35,management,single,tertiary,no,0,no,yes,cellular,11,jul,71,3,-1,0,unknown,no,2026-06-22 19:00:00
24,services,single,unknown,no,608,yes,no,cellular,14,may,184,1,-1,0,unknown,no,2026-06-22 20:00:00
40,services,divorced,secondary,no,160,no,no,cellular,14,jul,123,3,-1,0,unknown,no,2026-06-22 21:00:00
43,blue-collar,married,secondary,no,-63,yes,no,unknown,12,may,160,4,-1,0,unknown,no,2026-06-22 22:00:00
57,blue-collar,married,secondary,no,1686,no,no,telephone,22,feb,219,4,311,2,failure,no,2026-06-22 23:00:00
43,management,married,tertiary,no,1684,yes,no,cellular,18,nov,435,4,-1,0,unknown,no,2026-06-23 00:00:00
35,admin.,married,tertiary,no,957,yes,no,cellular,26,mar,263,4,667,4,failure,no,2026-06-23 01:00:00
32,management,single,tertiary,no,26,no,no,cellular,10,jul,55,6,-1,0,unknown,no,2026-06-23 02:00:00
48,blue-collar,married,primary,no,476,no,no,cellular,11,aug,856,3,-1,0,unknown,yes,2026-06-23 03:00:00
37,blue-collar,married,secondary,no,346,yes,no,cellular,17,apr,390,1,316,1,failure,no,2026-06-23 04:00:00
31,blue-collar,single,tertiary,no,328,yes,no,cellular,20,nov,89,1,-1,0,unknown,no,2026-06-23 05:00:00
29,services,married,secondary,no,489,yes,no,cellular,14,apr,332,3,-1,0,unknown,no,2026-06-23 06:00:00
52,blue-collar,married,primary,no,967,no,no,cellular,29,jan,153,2,-1,0,unknown,no,2026-06-23 07:00:00
58,housemaid,single,secondary,no,11494,no,no,telephone,4,mar,220,7,-1,0,unknown,no,2026-06-23 08:00:00
46,services,married,secondary,no,74,yes,no,unknown,15,may,101,4,-1,0,unknown,no,2026-06-23 09:00:00
35,management,married,tertiary,no,-718,yes,yes,unknown,27,may,318,3,-1,0,unknown,no,2026-06-23 10:00:00
39,blue-collar,single,primary,no,419,yes,no,cellular,17,nov,186,1,181,1,failure,no,2026-06-23 11:00:00
31,admin.,single,secondary,no,0,yes,no,cellular,7,may,895,2,295,2,failure,yes,2026-06-23 12:00:00
29,blue-collar,married,primary,no,190,no,no,unknown,7,may,51,1,-1,0,unknown,no,2026-06-23 13:00:00
48,blue-collar,married,primary,no,3020,no,no,cellular,12,aug,645,3,-1,0,unknown,no,2026-06-23 14:00:00
41,self-employed,married,tertiary,no,6000,yes,no,cellular,18,nov,265,1,-1,0,unknown,no,2026-06-23 15:00:00
29,blue-collar,single,primary,no,231,yes,no,unknown,28,may,122,1,-1,0,unknown,no,2026-06-23 16:00:00
36,self-employed,single,tertiary,no,577,yes,no,cellular,15,may,33,1,298,1,failure,no,2026-06-23 17:00:00
34,entrepreneur,married,unknown,no,-506,no,no,cellular,29,aug,19,16,-1,0,unknown,no,2026-06-23 18:00:00
48,management,married,tertiary,no,363,no,no,cellular,18,nov,67,1,-1,0,unknown,no,2026-06-23 19:00:00
44,admin.,divorced,tertiary,no,0,yes,no,cellular,7,jul,96,3,-1,0,unknown,no,2026-06-23 20:00:00
50,technician,married,secondary,no,0,yes,no,cellular,6,may,327,1,356,1,other,no,2026-06-23 21:00:00
43,entrepreneur,married,secondary,no,860,yes,yes,cellular,15,jul,131,5,-1,0,unknown,no,2026-06-23 22:00:00
32,services,single,secondary,no,121,yes,no,unknown,5,may,213,2,-1,0,unknown,no,2026-06-23 23:00:00
45,blue-collar,married,primary,no,353,yes,no,cellular,12,may,204,1,364,1,failure,no,2026-06-24 00:00:00
25,student,single,secondary,no,548,no,yes,cellular,16,jun,281,1,-1,0,unknown,no,2026-06-24 01:00:00
77,retired,divorced,tertiary,no,4659,no,no,cellular,14,apr,161,1,-1,0,unknown,yes,2026-06-24 02:00:00
47,management,married,secondary,no,-1854,yes,yes,cellular,12,aug,388,2,-1,0,unknown,no,2026-06-24 03:00:00
37,blue-collar,single,primary,no,1388,yes,no,telephone,12,may,66,2,356,1,other,no,2026-06-24 04:00:00
33,admin.,single,secondary,no,344,yes,no,cellular,20,aug,103,4,-1,0,unknown,no,2026-06-24 05:00:00
34,admin.,single,secondary,no,239,no,no,unknown,5,oct,6,1,-1,0,unknown,no,2026-06-24 06:00:00
60,services,married,secondary,no,1446,no,no,cellular,21,aug,283,6,-1,0,unknown,no,2026-06-24 07:00:00
31,unemployed,single,primary,no,406,no,no,cellular,4,feb,736,1,-1,0,unknown,yes,2026-06-24 08:00:00
44,technician,divorced,secondary,no,752,yes,no,unknown,30,may,363,3,-1,0,unknown,no,2026-06-24 09:00:00
36,management,married,tertiary,no,268,yes,yes,cellular,24,jul,823,1,-1,0,unknown,no,2026-06-24 10:00:00
38,management,single,tertiary,no,690,yes,no,unknown,20,may,34,1,-1,0,unknown,no,2026-06-24 11:00:00
35,management,married,tertiary,no,1473,yes,no,cellular,20,apr,17,6,322,4,other,no,2026-06-24 12:00:00
30,management,married,tertiary,no,302,yes,yes,unknown,23,may,302,1,-1,0,unknown,no,2026-06-24 13:00:00
40,blue-collar,married,primary,no,2133,yes,yes,cellular,6,apr,377,3,325,1,failure,no,2026-06-24 14:00:00
34,services,married,secondary,no,0,yes,no,unknown,20,may,79,1,-1,0,unknown,no,2026-06-24 15:00:00
28,blue-collar,married,secondary,no,368,yes,no,cellular,9,jul,174,7,-1,0,unknown,no,2026-06-24 16:00:00
45,technician,married,secondary,no,3395,yes,no,cellular,18,nov,92,1,188,1,failure,no,2026-06-24 17:00:00
49,blue-collar,single,secondary,no,8982,yes,no,cellular,13,apr,470,2,334,1,failure,no,2026-06-24 18:00:00
26,student,single,secondary,no,91,yes,no,unknown,14,may,174,2,-1,0,unknown,no,2026-06-24 19:00:00
44,self-employed,married,unknown,no,680,yes,no,telephone,30,jul,84,4,-1,0,unknown,no,2026-06-24 20:00:00
41,management,married,tertiary,no,1272,yes,no,cellular,17,nov,214,1,-1,0,unknown,no,2026-06-24 21:00:00
43,management,divorced,tertiary,no,38,yes,no,cellular,25,jul,197,6,-1,0,unknown,no,2026-06-24 22:00:00
40,admin.,single,secondary,no,90,yes,no,unknown,2,jun,252,4,-1,0,unknown,no,2026-06-24 23:00:00
23,student,single,secondary,no,9216,no,no,cellular,5,jun,471,2,-1,0,unknown,no,2026-06-25 00:00:00
50,management,divorced,tertiary,no,1349,yes,yes,cellular,28,jan,326,1,-1,0,unknown,no,2026-06-25 01:00:00
43,technician,married,secondary,no,-330,yes,yes,cellular,8,may,105,1,-1,0,unknown,no,2026-06-25 02:00:00
38,blue-collar,divorced,secondary,no,-138,yes,no,cellular,18,may,644,1,-1,0,unknown,no,2026-06-25 03:00:00
47,management,married,unknown,no,0,no,no,unknown,12,jun,77,3,-1,0,unknown,no,2026-06-25 04:00:00
58,housemaid,divorced,primary,no,3568,no,no,cellular,11,aug,226,2,-1,0,unknown,no,2026-06-25 05:00:00
31,technician,married,tertiary,no,1570,yes,no,cellular,8,mar,277,4,286,1,failure,yes,2026-06-25 06:00:00
34,management,single,tertiary,no,747,no,no,cellular,25,may,109,1,-1,0,unknown,no,2026-06-25 07:00:00
26,management,single,tertiary,no,4683,yes,no,telephone,5,nov,5,1,-1,0,unknown,no,2026-06-25 08:00:00
52,technician,married,secondary,no,2079,no,no,cellular,6,aug,68,2,-1,0,unknown,no,2026-06-25 09:00:00
58,blue-collar,divorced,secondary,no,543,no,yes,telephone,17,jul,264,3,-1,0,unknown,no,2026-06-25 10:00:00
37,management,married,tertiary,no,9895,yes,no,cellular,20,nov,352,3,-1,0,unknown,no,2026-06-25 11:00:00
30,services,single,secondary,no,1846,yes,no,cellular,19,nov,87,2,-1,0,unknown,no,2026-06-25 12:00:00
25,blue-collar,single,secondary,no,1163,no,no,cellular,7,dec,262,3,-1,0,unknown,no,2026-06-25 13:00:00
30,services,married,secondary,no,517,no,no,cellular,11,dec,141,2,-1,0,unknown,yes,2026-06-25 14:00:00
33,blue-collar,married,secondary,no,-825,yes,no,unknown,23,may,228,2,-1,0,unknown,no,2026-06-25 15:00:00
35,technician,divorced,secondary,no,787,yes,no,unknown,5,may,683,2,-1,0,unknown,no,2026-06-25 16:00:00
40,self-employed,married,tertiary,no,1126,yes,no,unknown,16,may,22,4,-1,0,unknown,no,2026-06-25 17:00:00
49,technician,divorced,unknown,no,387,no,no,cellular,28,jan,325,1,-1,0,unknown,yes,2026-06-25 18:00:00
50,technician,divorced,secondary,no,75,yes,no,cellular,6,aug,101,1,-1,0,unknown,no,2026-06-25 19:00:00
46,blue-collar,married,secondary,no,3547,no,no,cellular,20,aug,395,6,-1,0,unknown,no,2026-06-25 20:00:00
29,entrepreneur,married,secondary,no,0,yes,no,unknown,19,jun,211,1,-1,0,unknown,no,2026-06-25 21:00:00
25,technician,married,secondary,no,517,no,no,cellular,28,may,135,3,-1,0,unknown,no,2026-06-25 22:00:00
35,management,married,tertiary,no,272,yes,no,cellular,6,may,251,4,289,2,failure,no,2026-06-25 23:00:00
42,housemaid,married,unknown,no,302,yes,no,cellular,11,jul,342,2,-1,0,unknown,no,2026-06-26 00:00:00
43,technician,married,secondary,no,-1701,yes,no,unknown,26,may,285,1,-1,0,unknown,no,2026-06-26 01:00:00
43,admin.,married,secondary,no,214,yes,no,telephone,17,apr,421,2,324,24,failure,no,2026-06-26 02:00:00
35,technician,married,secondary,no,0,no,no,cellular,31,jul,122,9,-1,0,unknown,no,2026-06-26 03:00:00
60,housemaid,married,tertiary,no,443,no,no,unknown,5,jun,60,1,-1,0,unknown,no,2026-06-26 04:00:00
45,services,married,unknown,no,293,no,no,cellular,24,jul,196,2,-1,0,unknown,no,2026-06-26 05:00:00
48,housemaid,married,secondary,no,3570,no,no,cellular,5,jun,58,2,-1,0,unknown,no,2026-06-26 06:00:00
39,management,married,tertiary,no,12,yes,no,unknown,23,may,130,1,-1,0,unknown,no,2026-06-26 07:00:00
34,student,single,tertiary,no,873,yes,no,cellular,7,aug,267,2,-1,0,unknown,no,2026-06-26 08:00:00
34,admin.,single,secondary,no,0,yes,no,cellular,17,nov,214,1,174,2,failure,no,2026-06-26 09:00:00
34,admin.,married,secondary,no,5320,no,no,cellular,3,mar,114,6,467,5,other,no,2026-06-26 10:00:00
39,technician,married,secondary,no,1587,yes,no,cellular,8,sep,108,2,98,3,success,yes,2026-06-26 11:00:00
47,management,married,unknown,no,1046,no,no,unknown,9,jun,83,1,-1,0,unknown,no,2026-06-26 12:00:00
31,management,single,tertiary,no,8436,yes,no,cellular,19,nov,162,2,-1,0,unknown,no,2026-06-26 13:00:00
31,blue-collar,married,primary,no,389,yes,no,cellular,20,nov,198,2,-1,0,unknown,no,2026-06-26 14:00:00
31,admin.,married,secondary,no,685,yes,no,cellular,15,may,552,1,329,3,failure,yes,2026-06-26 15:00:00
32,admin.,married,secondary,no,187,no,yes,unknown,27,jun,381,3,-1,0,unknown,no,2026-06-26 16:00:00
29,management,single,tertiary,no,2063,no,no,cellular,28,jul,44,3,-1,0,unknown,no,2026-06-26 17:00:00
36,management,single,tertiary,no,260,yes,no,cellular,7,may,49,1,-1,0,unknown,no,2026-06-26 18:00:00
41,blue-collar,married,primary,no,875,yes,no,cellular,14,apr,189,2,-1,0,unknown,no,2026-06-26 19:00:00
25,blue-collar,single,secondary,no,352,yes,no,unknown,30,may,156,5,-1,0,unknown,no,2026-06-26 20:00:00
35,management,married,primary,no,3369,no,no,cellular,20,nov,322,1,-1,0,unknown,no,2026-06-26 21:00:00
48,self-employed,divorced,tertiary,no,103,no,yes,cellular,25,jul,135,1,-1,0,unknown,no,2026-06-26 22:00:00
25,admin.,single,secondary,no,0,yes,no,cellular,5,may,461,1,-1,0,unknown,no,2026-06-26 23:00:00
34,blue-collar,married,secondary,no,-436,yes,no,unknown,26,may,317,1,-1,0,unknown,no,2026-06-27 00:00:00
37,management,single,tertiary,no,698,no,no,cellular,8,sep,1081,2,-1,0,unknown,yes,2026-06-27 01:00:00
40,blue-collar,married,secondary,no,3316,no,no,unknown,19,jun,102,3,-1,0,unknown,no,2026-06-27 02:00:00
30,blue-collar,single,secondary,no,229,no,no,cellular,29,jan,24,3,-1,0,unknown,no,2026-06-27 03:00:00
36,admin.,single,tertiary,no,980,no,no,cellular,11,nov,118,4,104,7,failure,no,2026-06-27 04:00:00
27,technician,single,tertiary,no,401,no,no,cellular,6,aug,218,3,93,2,success,yes,2026-06-27 05:00:00
34,blue-collar,single,primary,no,79,no,no,telephone,10,jul,336,4,-1,0,unknown,yes,2026-06-27 06:00:00
31,management,single,tertiary,no,33,no,no,cellular,19,aug,158,2,-1,0,unknown,no,2026-06-27 07:00:00
40,technician,married,secondary,no,2228,yes,no,cellular,20,aug,150,2,-1,0,unknown,no,2026-06-27 08:00:00
28,management,single,tertiary,no,78,no,no,cellular,28,jan,258,2,-1,0,unknown,no,2026-06-27 09:00:00
34,blue-collar,single,secondary,no,68,yes,no,unknown,30,may,192,6,-1,0,unknown,no,2026-06-27 10:00:00
39,blue-collar,married,primary,no,1005,no,no,unknown,6,jun,158,2,-1,0,unknown,no,2026-06-27 11:00:00
48,admin.,married,secondary,no,1096,yes,no,unknown,18,jun,213,5,-1,0,unknown,no,2026-06-27 12:00:00
42,management,divorced,tertiary,no,1775,yes,no,telephone,5,feb,276,5,-1,0,unknown,no,2026-06-27 13:00:00
27,management,married,tertiary,no,54,yes,yes,cellular,7,jul,72,1,-1,0,unknown,no,2026-06-27 14:00:00
32,services,married,secondary,no,183,yes,no,cellular,9,feb,17,10,-1,0,unknown,no,2026-06-27 15:00:00
36,management,married,tertiary,no,2609,yes,no,unknown,30,may,141,9,-1,0,unknown,no,2026-06-27 16:00:00
30,admin.,married,secondary,no,2174,yes,no,cellular,9,feb,191,1,-1,0,unknown,no,2026-06-27 17:00:00
44,services,married,secondary,no,237,yes,no,cellular,28,jan,212,2,-1,0,unknown,no,2026-06-27 18:00:00
52,blue-collar,married,secondary,no,1860,no,no,unknown,20,jun,496,3,-1,0,unknown,no,2026-06-27 19:00:00
42,technician,married,secondary,no,525,no,no,cellular,17,nov,172,3,-1,0,unknown,no,2026-06-27 20:00:00
40,technician,divorced,secondary,no,237,no,no,cellular,25,aug,87,5,-1,0,unknown,no,2026-06-27 21:00:00
50,technician,married,secondary,no,31,yes,no,telephone,18,nov,251,4,-1,0,unknown,no,2026-06-27 22:00:00
30,technician,single,tertiary,no,53,no,no,cellular,29,apr,375,1,-1,0,unknown,yes,2026-06-27 23:00:00
34,management,divorced,tertiary,no,221,no,no,cellular,8,aug,150,2,-1,0,unknown,no,2026-06-28 00:00:00
44,management,married,tertiary,no,2283,yes,yes,unknown,18,jun,81,2,-1,0,unknown,no,2026-06-28 01:00:00
45,blue-collar,married,unknown,no,23,yes,no,cellular,12,may,134,4,-1,0,unknown,no,2026-06-28 02:00:00
50,services,married,secondary,yes,0,no,no,telephone,31,jul,35,9,-1,0,unknown,no,2026-06-28 03:00:00
27,services,single,secondary,no,-20,no,no,unknown,16,may,757,6,-1,0,unknown,no,2026-06-28 04:00:00
42,management,married,tertiary,no,1686,yes,yes,cellular,20,apr,522,4,-1,0,unknown,no,2026-06-28 05:00:00
60,technician,divorced,secondary,no,615,yes,no,cellular,29,jan,130,1,-1,0,unknown,no,2026-06-28 06:00:00
53,technician,married,tertiary,no,395,no,no,cellular,3,jun,107,1,-1,0,unknown,no,2026-06-28 07:00:00
41,technician,married,secondary,no,187,no,no,cellular,8,aug,387,2,-1,0,unknown,no,2026-06-28 08:00:00
59,management,divorced,tertiary,no,0,no,no,telephone,30,jul,196,3,-1,0,unknown,no,2026-06-28 09:00:00
48,technician,married,secondary,no,23495,no,no,cellular,22,aug,63,8,-1,0,unknown,no,2026-06-28 10:00:00
43,unemployed,divorced,secondary,no,1854,no,no,cellular,13,nov,131,2,197,1,success,no,2026-06-28 11:00:00
37,technician,single,secondary,no,3326,yes,no,unknown,21,may,799,1,-1,0,unknown,yes,2026-06-28 12:00:00
31,technician,single,secondary,no,4,no,no,cellular,13,aug,202,2,-1,0,unknown,no,2026-06-28 13:00:00
38,management,single,tertiary,no,1746,yes,no,unknown,21,may,139,1,-1,0,unknown,no,2026-06-28 14:00:00
73,retired,married,unknown,no,519,no,no,telephone,20,aug,91,1,-1,0,unknown,no,2026-06-28 15:00:00
44,admin.,married,secondary,no,447,yes,yes,unknown,14,may,106,5,-1,0,unknown,no,2026-06-28 16:00:00
58,retired,married,primary,no,0,no,no,cellular,4,aug,506,1,-1,0,unknown,no,2026-06-28 17:00:00
32,technician,single,tertiary,no,3818,no,no,cellular,18,aug,100,4,-1,0,unknown,no,2026-06-28 18:00:00
24,student,single,unknown,no,1693,no,no,cellular,4,jun,1094,1,-1,0,unknown,no,2026-06-28 19:00:00
41,blue-collar,single,secondary,no,6393,yes,no,cellular,15,may,128,3,-1,0,unknown,no,2026-06-28 20:00:00
31,admin.,married,tertiary,no,1144,yes,yes,cellular,17,nov,89,1,-1,0,unknown,no,2026-06-28 21:00:00
39,admin.,married,secondary,no,367,yes,no,unknown,7,may,106,1,-1,0,unknown,no,2026-06-28 22:00:00
34,technician,single,secondary,no,2729,yes,no,cellular,18,nov,835,1,-1,0,unknown,yes,2026-06-28 23:00:00
54,admin.,divorced,secondary,no,-394,yes,no,cellular,15,may,895,5,365,2,failure,no,2026-06-29 00:00:00
30,technician,single,secondary,no,167,no,no,unknown,14,sep,9,1,-1,0,unknown,no,2026-06-29 01:00:00
38,management,married,tertiary,no,1680,yes,no,cellular,17,nov,414,2,-1,0,unknown,no,2026-06-29 02:00:00
29,management,single,tertiary,no,573,yes,yes,unknown,16,jun,190,4,-1,0,unknown,no,2026-06-29 03:00:00
34,services,single,secondary,no,15,no,no,cellular,31,aug,104,1,-1,0,unknown,no,2026-06-29 04:00:00
22,services,single,secondary,no,395,yes,no,unknown,13,may,70,1,-1,0,unknown,no,2026-06-29 05:00:00
44,services,married,secondary,no,522,no,yes,unknown,20,jun,911,1,-1,0,unknown,yes,2026-06-29 06:00:00
39,management,married,tertiary,no,1007,yes,no,cellular,7,jul,86,2,-1,0,unknown,no,2026-06-29 07:00:00
47,technician,married,secondary,no,568,yes,no,cellular,12,aug,1613,1,-1,0,unknown,yes,2026-06-29 08:00:00
36,technician,single,secondary,no,204,yes,no,cellular,26,oct,196,1,144,8,other,no,2026-06-29 09:00:00
30,services,married,secondary,no,134,yes,no,cellular,17,apr,834,1,-1,0,unknown,no,2026-06-29 10:00:00
32,management,single,secondary,no,-515,yes,yes,cellular,3,feb,19,6,-1,0,unknown,no,2026-06-29 11:00:00
45,blue-collar,married,primary,no,-455,yes,yes,cellular,31,jul,161,2,-1,0,unknown,no,2026-06-29 12:00:00
37,self-employed,married,secondary,no,215,yes,no,unknown,6,jun,61,1,-1,0,unknown,no,2026-06-29 13:00:00
37,blue-collar,married,primary,no,7,no,no,unknown,6,jun,176,1,-1,0,unknown,no,2026-06-29 14:00:00
58,admin.,married,secondary,no,1686,no,no,cellular,4,aug,110,2,-1,0,unknown,no,2026-06-29 15:00:00
34,management,married,tertiary,no,3047,no,no,cellular,30,apr,317,1,160,5,other,yes,2026-06-29 16:00:00
59,management,single,secondary,no,671,yes,yes,cellular,29,jan,219,2,259,5,failure,no,2026-06-29 17:00:00
31,admin.,single,secondary,no,527,yes,no,unknown,3,jun,722,2,-1,0,unknown,no,2026-06-29 18:00:00
34,entrepreneur,married,secondary,no,4659,yes,no,unknown,30,aug,28,1,-1,0,unknown,no,2026-06-29 19:00:00
27,blue-collar,married,secondary,no,821,yes,yes,unknown,16,sep,23,1,778,41,other,no,2026-06-29 20:00:00
52,unemployed,married,secondary,no,2142,no,no,cellular,8,aug,104,2,-1,0,unknown,no,2026-06-29 21:00:00
38,services,divorced,secondary,no,-345,yes,no,unknown,28,may,177,2,-1,0,unknown,no,2026-06-29 22:00:00
38,blue-collar,single,secondary,no,1012,yes,yes,telephone,17,nov,69,1,-1,0,unknown,no,2026-06-29 23:00:00
48,admin.,married,secondary,no,1099,no,yes,unknown,5,jun,340,1,-1,0,unknown,no,2026-06-30 00:00:00
37,blue-collar,married,secondary,no,672,yes,no,unknown,29,may,129,2,-1,0,unknown,no,2026-06-30 01:00:00
38,blue-collar,married,secondary,no,105,yes,no,cellular,28,jan,158,1,265,2,failure,no,2026-06-30 02:00:00
36,services,single,primary,no,58,yes,no,unknown,6,may,134,1,-1,0,unknown,no,2026-06-30 03:00:00
48,management,single,secondary,no,-18,yes,no,cellular,20,aug,430,4,-1,0,unknown,no,2026-06-30 04:00:00
39,technician,married,secondary,no,0,no,no,cellular,6,aug,84,4,-1,0,unknown,no,2026-06-30 05:00:00
50,technician,married,tertiary,no,3337,yes,yes,telephone,31,jul,24,14,-1,0,unknown,no,2026-06-30 06:00:00
50,blue-collar,divorced,primary,no,155,yes,yes,cellular,18,nov,58,1,-1,0,unknown,no,2026-06-30 07:00:00
39,blue-collar,married,secondary,no,2467,no,no,cellular,19,jul,207,2,276,3,other,yes,2026-06-30 08:00:00
33,blue-collar,single,secondary,no,3975,yes,yes,cellular,17,apr,515,1,150,1,other,no,2026-06-30 09:00:00
51,blue-collar,married,primary,no,4497,yes,no,unknown,15,may,276,3,-1,0,unknown,no,2026-06-30 10:00:00
38,admin.,single,secondary,no,2246,yes,no,cellular,10,jul,370,1,-1,0,unknown,no,2026-06-30 11:00:00
26,student,single,secondary,no,132,no,no,cellular,4,jun,217,1,-1,0,unknown,yes,2026-06-30 12:00:00
37,management,single,tertiary,no,695,no,no,cellular,28,jan,233,1,-1,0,unknown,no,2026-06-30 13:00:00
35,admin.,married,secondary,no,907,no,yes,unknown,2,jul,97,4,-1,0,unknown,no,2026-06-30 14:00:00
42,management,married,tertiary,no,144,no,no,cellular,4,mar,148,1,87,4,failure,yes,2026-06-30 15:00:00
57,retired,married,secondary,no,209,no,no,cellular,14,aug,56,4,-1,0,unknown,no,2026-06-30 16:00:00
40,services,divorced,secondary,no,1959,yes,no,unknown,30,may,177,1,-1,0,unknown,no,2026-06-30 17:00:00
30,management,divorced,tertiary,no,0,no,no,cellular,22,aug,209,2,-1,0,unknown,no,2026-06-30 18:00:00
32,management,single,tertiary,no,12686,yes,no,cellular,20,nov,176,1,170,1,failure,no,2026-06-30 19:00:00
44,blue-collar,married,primary,no,195,yes,no,unknown,16,may,541,5,-1,0,unknown,no,2026-06-30 20:00:00
34,housemaid,married,primary,no,4,no,no,cellular,20,aug,55,4,-1,0,unknown,no,2026-06-30 21:00:00
38,management,married,tertiary,no,0,no,yes,cellular,31,jul,122,2,-1,0,unknown,no,2026-06-30 22:00:00
38,blue-collar,single,secondary,no,3344,yes,no,cellular,13,may,143,1,352,5,failure,no,2026-06-30 23:00:00
27,technician,single,tertiary,no,2781,yes,no,cellular,24,may,168,1,389,1,failure,yes,2026-07-01 00:00:00
36,technician,married,tertiary,no,62,no,no,cellular,21,nov,50,2,121,2,failure,no,2026-07-01 01:00:00
38,technician,married,tertiary,no,-1350,yes,yes,unknown,28,may,96,4,-1,0,unknown,no,2026-07-01 02:00:00
41,blue-collar,single,primary,no,-206,no,no,unknown,20,jun,342,1,-1,0,unknown,no,2026-07-01 03:00:00
30,blue-collar,married,primary,no,-430,yes,no,unknown,30,may,648,5,-1,0,unknown,no,2026-07-01 04:00:00
43,technician,married,secondary,no,236,no,no,unknown,17,jun,169,4,-1,0,unknown,no,2026-07-01 05:00:00
52,management,married,secondary,no,638,yes,no,cellular,23,jul,213,1,-1,0,unknown,no,2026-07-01 06:00:00
37,services,single,secondary,no,23,yes,no,cellular,28,jun,197,1,182,1,failure,no,2026-07-01 07:00:00
19,student,single,secondary,no,394,no,no,cellular,5,apr,327,3,-1,0,unknown,yes,2026-07-01 08:00:00
26,admin.,married,secondary,no,3415,no,no,cellular,8,apr,209,1,-1,0,unknown,yes,2026-07-01 09:00:00
56,blue-collar,married,secondary,no,605,no,yes,cellular,27,aug,157,6,-1,0,unknown,no,2026-07-01 10:00:00
48,blue-collar,married,primary,no,89,yes,no,telephone,12,may,34,4,-1,0,unknown,no,2026-07-01 11:00:00
42,housemaid,married,primary,no,17,yes,no,unknown,6,may,124,1,-1,0,unknown,no,2026-07-01 12:00:00
41,admin.,married,secondary,no,3204,no,yes,cellular,30,jan,210,2,-1,0,unknown,no,2026-07-01 13:00:00
39,technician,single,unknown,no,75,no,no,unknown,6,jun,26,1,-1,0,unknown,no,2026-07-01 14:00:00
35,technician,married,secondary,no,784,yes,no,cellular,5,may,101,2,-1,0,unknown,no,2026-07-01 15:00:00
37,services,married,secondary,no,2132,no,no,unknown,5,jun,232,1,-1,0,unknown,no,2026-07-01 16:00:00
27,technician,single,secondary,no,2,yes,yes,cellular,6,may,554,2,356,1,failure,yes,2026-07-01 17:00:00
28,technician,married,secondary,no,139,yes,yes,cellular,8,apr,72,1,-1,0,unknown,no,2026-07-01 18:00:00
35,services,single,secondary,no,1063,yes,yes,cellular,16,apr,327,1,-1,0,unknown,no,2026-07-01 19:00:00
46,blue-collar,married,primary,no,0,yes,no,unknown,13,may,204,3,-1,0,unknown,no,2026-07-01 20:00:00
59,management,married,tertiary,no,518,no,no,cellular,11,aug,230,2,-1,0,unknown,no,2026-07-01 21:00:00
27,blue-collar,married,secondary,no,613,yes,no,unknown,19,may,65,3,-1,0,unknown,no,2026-07-01 22:00:00
29,technician,married,tertiary,no,138,yes,yes,cellular,14,jul,113,3,-1,0,unknown,no,2026-07-01 23:00:00
64,retired,married,secondary,no,1612,no,no,cellular,18,may,336,1,89,5,failure,yes,2026-07-02 00:00:00
34,blue-collar,married,secondary,no,751,yes,yes,cellular,17,nov,1303,1,-1,0,unknown,yes,2026-07-02 01:00:00
34,management,single,tertiary,no,2835,yes,no,cellular,12,aug,107,2,-1,0,unknown,no,2026-07-02 02:00:00
37,management,married,tertiary,no,649,no,no,cellular,7,aug,64,2,-1,0,unknown,no,2026-07-02 03:00:00
49,services,married,secondary,no,2409,yes,no,cellular,13,may,272,4,293,2,failure,no,2026-07-02 04:00:00
52,blue-collar,divorced,primary,no,-100,yes,no,cellular,15,may,7,4,340,15,other,no,2026-07-02 05:00:00
32,services,single,secondary,no,-23,no,no,cellular,10,jul,182,1,-1,0,unknown,no,2026-07-02 06:00:00
53,retired,married,secondary,no,366,no,yes,cellular,16,jul,171,6,-1,0,unknown,no,2026-07-02 07:00:00
47,blue-collar,married,tertiary,no,3745,no,no,cellular,7,may,113,1,200,1,failure,no,2026-07-02 08:00:00
31,management,married,tertiary,no,557,yes,no,cellular,18,jul,111,1,-1,0,unknown,no,2026-07-02 09:00:00
43,entrepreneur,married,secondary,no,0,no,no,unknown,3,jun,1025,7,-1,0,unknown,yes,2026-07-02 10:00:00
34,blue-collar,married,secondary,no,528,yes,no,unknown,21,may,85,1,-1,0,unknown,no,2026-07-02 11:00:00
41,entrepreneur,married,primary,no,0,yes,yes,cellular,18,nov,311,1,-1,0,unknown,no,2026-07-02 12:00:00
43,admin.,married,primary,no,314,yes,yes,unknown,26,may,134,1,-1,0,unknown,no,2026-07-02 13:00:00
53,technician,divorced,secondary,no,522,yes,no,unknown,14,may,230,1,-1,0,unknown,no,2026-07-02 14:00:00
40,self-employed,married,secondary,no,0,no,no,cellular,22,aug,55,6,-1,0,unknown,no,2026-07-02 15:00:00
58,self-employed,divorced,secondary,no,613,yes,no,unknown,8,may,154,2,-1,0,unknown,no,2026-07-02 16:00:00
46,technician,married,secondary,no,250,no,no,cellular,6,aug,84,2,-1,0,unknown,no,2026-07-02 17:00:00
53,unknown,married,unknown,no,13,no,no,telephone,28,jan,69,1,-1,0,unknown,no,2026-07-02 18:00:00
19,student,single,secondary,no,527,no,no,cellular,4,sep,154,3,-1,0,unknown,no,2026-07-02 19:00:00
31,blue-collar,single,secondary,no,545,yes,no,cellular,18,nov,195,2,-1,0,unknown,no,2026-07-02 20:00:00
37,management,married,tertiary,no,58,yes,no,unknown,5,may,98,2,-1,0,unknown,no,2026-07-02 21:00:00
37,services,married,secondary,no,741,yes,no,unknown,2,jun,88,2,-1,0,unknown,no,2026-07-02 22:00:00
36,management,single,tertiary,no,10773,yes,no,cellular,18,may,89,1,-1,0,unknown,no,2026-07-02 23:00:00
32,blue-collar,married,secondary,no,736,yes,no,unknown,23,may,700,3,-1,0,unknown,no,2026-07-03 00:00:00
46,admin.,married,primary,no,31,yes,no,unknown,15,may,144,1,-1,0,unknown,no,2026-07-03 01:00:00
56,admin.,married,secondary,no,360,yes,yes,cellular,24,jul,98,2,-1,0,unknown,no,2026-07-03 02:00:00
26,admin.,single,secondary,no,3529,no,yes,cellular,7,sep,57,2,-1,0,unknown,no,2026-07-03 03:00:00
41,entrepreneur,married,primary,no,236,yes,no,unknown,5,may,151,1,-1,0,unknown,no,2026-07-03 04:00:00
34,services,married,secondary,no,-93,yes,yes,unknown,20,may,194,1,-1,0,unknown,no,2026-07-03 05:00:00
28,management,single,tertiary,no,730,yes,no,cellular,26,aug,78,6,85,5,other,no,2026-07-03 06:00:00
33,technician,married,secondary,no,73,yes,no,cellular,2,jul,218,1,-1,0,unknown,yes,2026-07-03 07:00:00
30,technician,married,tertiary,no,2283,no,no,cellular,7,aug,74,2,-1,0,unknown,no,2026-07-03 08:00:00
26,admin.,single,tertiary,no,313,no,yes,cellular,2,jun,199,1,96,2,success,yes,2026-07-03 09:00:00
60,retired,married,secondary,no,819,yes,no,unknown,19,may,110,2,-1,0,unknown,no,2026-07-03 10:00:00
29,blue-collar,single,secondary,no,202,no,no,cellular,30,jan,128,2,-1,0,unknown,no,2026-07-03 11:00:00
29,self-employed,single,tertiary,no,5406,no,no,unknown,9,may,530,2,-1,0,unknown,no,2026-07-03 12:00:00
35,blue-collar,single,secondary,yes,-177,yes,yes,cellular,7,may,193,1,-1,0,unknown,no,2026-07-03 13:00:00
27,student,single,secondary,no,1423,no,no,unknown,29,jun,8,1,-1,0,unknown,no,2026-07-03 14:00:00
57,retired,married,secondary,no,3738,yes,no,cellular,20,jul,178,2,92,8,failure,yes,2026-07-03 15:00:00
30,technician,single,secondary,no,0,no,no,cellular,7,aug,82,3,-1,0,unknown,no,2026-07-03 16:00:00
41,housemaid,married,primary,no,1332,no,no,telephone,2,feb,122,3,-1,0,unknown,no,2026-07-03 17:00:00
41,blue-collar,married,primary,no,336,yes,no,cellular,5,feb,192,2,8,1,other,no,2026-07-03 18:00:00
54,management,married,unknown,no,831,yes,yes,telephone,19,oct,208,3,109,3,failure,no,2026-07-03 19:00:00
29,technician,married,primary,no,1761,yes,no,unknown,3,jun,186,1,-1,0,unknown,no,2026-07-03 20:00:00
30,entrepreneur,married,secondary,yes,-388,yes,no,cellular,7,may,263,1,293,3,failure,no,2026-07-03 21:00:00
47,retired,single,primary,no,3033,no,no,cellular,8,sep,293,1,-1,0,unknown,yes,2026-07-03 22:00:00
33,technician,divorced,secondary,no,273,yes,no,cellular,17,apr,181,1,317,1,failure,no,2026-07-03 23:00:00
31,student,single,secondary,no,241,yes,no,cellular,12,may,211,5,-1,0,unknown,no,2026-07-04 00:00:00
31,services,single,secondary,no,-250,no,yes,cellular,29,jan,207,2,-1,0,unknown,no,2026-07-04 01:00:00
34,technician,single,tertiary,no,184,yes,no,cellular,30,jul,87,3,-1,0,unknown,no,2026-07-04 02:00:00
58,services,married,secondary,no,2479,yes,no,telephone,17,nov,292,1,-1,0,unknown,no,2026-07-04 03:00:00
34,blue-collar,married,secondary,no,-58,yes,yes,unknown,28,may,157,2,-1,0,unknown,no,2026-07-04 04:00:00
32,management,single,tertiary,no,20,no,no,cellular,14,aug,1151,2,-1,0,unknown,yes,2026-07-04 05:00:00
60,technician,married,secondary,no,316,no,no,cellular,4,may,545,2,263,4,failure,yes,2026-07-04 06:00:00
28,unemployed,single,secondary,no,1055,no,no,cellular,28,jan,196,1,-1,0,unknown,no,2026-07-04 07:00:00
48,housemaid,married,primary,no,0,no,no,cellular,28,aug,20,23,-1,0,unknown,no,2026-07-04 08:00:00
32,blue-collar,single,secondary,no,2,no,no,unknown,9,may,144,2,-1,0,unknown,no,2026-07-04 09:00:00
31,services,married,secondary,no,2050,yes,no,cellular,18,nov,271,5,-1,0,unknown,no,2026-07-04 10:00:00
35,technician,married,secondary,no,0,yes,no,cellular,19,nov,644,4,-1,0,unknown,yes,2026-07-04 11:00:00
39,management,single,secondary,no,1877,yes,no,unknown,6,may,185,1,-1,0,unknown,no,2026-07-04 12:00:00
36,admin.,single,secondary,no,20,yes,no,unknown,6,may,186,1,-1,0,unknown,no,2026-07-04 13:00:00
44,retired,married,secondary,no,2692,no,no,unknown,12,jun,583,1,-1,0,unknown,no,2026-07-04 14:00:00
47,self-employed,married,secondary,no,1803,no,no,cellular,30,jan,188,2,-1,0,unknown,no,2026-07-04 15:00:00
42,management,married,primary,no,5310,yes,no,cellular,20,aug,273,1,90,3,success,yes,2026-07-04 16:00:00
54,housemaid,married,primary,no,194,no,no,cellular,20,aug,127,2,-1,0,unknown,no,2026-07-04 17:00:00
32,technician,married,secondary,no,522,yes,yes,cellular,12,may,272,5,258,4,failure,no,2026-07-04 18:00:00
31,technician,single,secondary,no,845,yes,no,cellular,22,oct,168,2,-1,0,unknown,no,2026-07-04 19:00:00
54,management,married,secondary,no,4080,no,no,unknown,5,may,140,1,-1,0,unknown,no,2026-07-04 20:00:00
31,services,married,secondary,no,246,yes,no,unknown,16,may,230,2,-1,0,unknown,no,2026-07-04 21:00:00
61,management,married,secondary,no,985,no,no,cellular,18,aug,998,6,-1,0,unknown,yes,2026-07-04 22:00:00
46,technician,single,secondary,no,401,no,no,unknown,19,aug,69,2,-1,0,unknown,no,2026-07-04 23:00:00
33,blue-collar,single,secondary,no,185,yes,no,cellular,13,may,298,1,-1,0,unknown,no,2026-07-05 00:00:00
58,technician,married,secondary,no,786,yes,no,unknown,7,may,165,3,-1,0,unknown,no,2026-07-05 01:00:00
48,management,married,secondary,no,2294,yes,no,unknown,26,may,251,11,-1,0,unknown,no,2026-07-05 02:00:00
39,self-employed,married,tertiary,no,3059,yes,yes,unknown,20,may,394,1,-1,0,unknown,no,2026-07-05 03:00:00
31,management,single,tertiary,no,10112,yes,no,cellular,14,aug,90,4,-1,0,unknown,no,2026-07-05 04:00:00
54,management,married,tertiary,no,284,yes,yes,telephone,15,may,65,5,-1,0,unknown,no,2026-07-05 05:00:00
41,blue-collar,married,secondary,no,239,no,no,unknown,29,may,385,2,-1,0,unknown,no,2026-07-05 06:00:00
32,services,single,secondary,no,1364,yes,yes,unknown,17,jun,85,5,-1,0,unknown,no,2026-07-05 07:00:00
55,management,married,primary,no,366,yes,no,cellular,14,may,161,1,364,1,failure,no,2026-07-05 08:00:00
36,blue-collar,married,secondary,no,0,yes,no,cellular,17,nov,273,2,131,1,failure,no,2026-07-05 09:00:00
44,technician,married,secondary,no,2981,yes,yes,cellular,10,feb,118,2,-1,0,unknown,no,2026-07-05 10:00:00
81,retired,divorced,unknown,no,0,no,no,telephone,16,oct,128,1,-1,0,unknown,no,2026-07-05 11:00:00
30,services,single,secondary,no,0,yes,no,cellular,7,jul,161,2,-1,0,unknown,no,2026-07-05 12:00:00
35,management,single,tertiary,no,578,yes,no,cellular,19,nov,112,1,-1,0,unknown,no,2026-07-05 13:00:00
49,technician,married,secondary,no,652,no,no,cellular,17,nov,198,2,-1,0,unknown,no,2026-07-05 14:00:00
42,technician,married,tertiary,no,246,yes,no,telephone,12,may,360,2,-1,0,unknown,no,2026-07-05 15:00:00
31,management,single,tertiary,no,30,no,no,cellular,12,aug,348,2,-1,0,unknown,no,2026-07-05 16:00:00
54,admin.,married,unknown,no,-24,no,no,telephone,28,jan,98,2,-1,0,unknown,no,2026-07-05 17:00:00
47,blue-collar,married,primary,no,233,no,no,cellular,8,aug,293,3,-1,0,unknown,no,2026-07-05 18:00:00
43,blue-collar,married,primary,no,4581,yes,no,cellular,20,nov,329,2,-1,0,unknown,no,2026-07-05 19:00:00
39,management,single,tertiary,no,2454,yes,no,cellular,4,may,716,3,263,2,failure,yes,2026-07-05 20:00:00
37,admin.,single,secondary,no,483,no,no,cellular,31,jul,11,11,-1,0,unknown,no,2026-07-05 21:00:00
37,blue-collar,married,secondary,no,-288,yes,yes,unknown,6,jun,298,2,-1,0,unknown,no,2026-07-05 22:00:00
43,admin.,married,tertiary,no,189,yes,no,cellular,14,jul,1062,4,-1,0,unknown,yes,2026-07-05 23:00:00
40,services,married,secondary,no,473,yes,no,cellular,28,jul,383,3,-1,0,unknown,yes,2026-07-06 00:00:00
47,blue-collar,married,secondary,no,290,yes,no,unknown,20,may,409,2,-1,0,unknown,no,2026-07-06 01:00:00
46,entrepreneur,married,tertiary,no,341,no,no,unknown,19,jun,318,2,-1,0,unknown,no,2026-07-06 02:00:00
43,technician,divorced,secondary,no,1413,yes,no,telephone,28,jul,75,3,-1,0,unknown,no,2026-07-06 03:00:00
37,entrepreneur,married,tertiary,no,2089,yes,no,cellular,22,jul,40,1,-1,0,unknown,no,2026-07-06 04:00:00
54,management,divorced,tertiary,no,487,yes,no,unknown,21,may,828,4,-1,0,unknown,yes,2026-07-06 05:00:00
36,technician,single,secondary,yes,0,no,yes,cellular,26,aug,109,14,-1,0,unknown,no,2026-07-06 06:00:00
35,management,married,tertiary,no,2957,yes,yes,cellular,8,aug,733,3,-1,0,unknown,yes,2026-07-06 07:00:00
44,blue-collar,married,primary,no,-337,yes,no,cellular,20,apr,326,3,-1,0,unknown,no,2026-07-06 08:00:00
26,management,single,tertiary,no,1646,no,no,cellular,12,apr,524,4,206,5,success,yes,2026-07-06 09:00:00
51,housemaid,married,tertiary,no,3122,yes,no,unknown,30,may,33,2,-1,0,unknown,no,2026-07-06 10:00:00
47,admin.,married,secondary,no,368,yes,no,unknown,5,may,125,2,-1,0,unknown,no,2026-07-06 11:00:00
40,entrepreneur,married,tertiary,no,3585,no,no,cellular,15,sep,506,3,-1,0,unknown,yes,2026-07-06 12:00:00
31,blue-collar,single,primary,no,528,yes,no,cellular,17,jul,143,1,-1,0,unknown,no,2026-07-06 13:00:00
51,admin.,married,secondary,yes,-160,no,yes,cellular,30,jul,118,4,-1,0,unknown,no,2026-07-06 14:00:00
50,blue-collar,divorced,secondary,no,2725,no,no,cellular,31,jul,71,4,-1,0,unknown,no,2026-07-06 15:00:00
34,technician,single,secondary,no,3311,no,no,cellular,1,oct,197,2,-1,0,unknown,no,2026-07-06 16:00:00
35,management,married,tertiary,no,4286,yes,no,unknown,9,may,357,1,-1,0,unknown,no,2026-07-06 17:00:00
36,services,married,secondary,no,-274,no,no,cellular,7,jul,217,1,-1,0,unknown,no,2026-07-06 18:00:00
47,unknown,married,unknown,no,1880,no,no,unknown,18,jun,64,2,-1,0,unknown,no,2026-07-06 19:00:00
44,management,married,primary,no,558,no,no,cellular,19,feb,268,5,-1,0,unknown,yes,2026-07-06 20:00:00
36,technician,married,secondary,no,1130,no,no,cellular,21,aug,223,8,-1,0,unknown,no,2026-07-06 21:00:00
47,blue-collar,married,primary,no,550,yes,no,unknown,7,may,113,1,-1,0,unknown,no,2026-07-06 22:00:00
29,services,divorced,secondary,no,330,yes,no,unknown,12,may,88,2,-1,0,unknown,no,2026-07-06 23:00:00
27,technician,single,secondary,no,643,no,no,telephone,14,oct,301,1,93,1,success,yes,2026-07-07 00:00:00
54,blue-collar,married,secondary,no,537,no,no,cellular,4,aug,226,1,-1,0,unknown,no,2026-07-07 01:00:00
38,unemployed,divorced,secondary,no,189,yes,yes,cellular,21,jul,105,2,-1,0,unknown,no,2026-07-07 02:00:00
33,management,single,tertiary,no,275,no,no,cellular,18,nov,348,1,-1,0,unknown,no,2026-07-07 03:00:00
28,housemaid,single,tertiary,no,19,no,no,cellular,17,apr,149,1,-1,0,unknown,yes,2026-07-07 04:00:00
30,admin.,single,secondary,no,312,no,no,cellular,8,jul,188,1,-1,0,unknown,no,2026-07-07 05:00:00
30,blue-collar,married,secondary,no,2150,yes,no,unknown,23,may,465,4,-1,0,unknown,no,2026-07-07 06:00:00
40,management,married,tertiary,no,89,yes,yes,telephone,9,feb,148,6,-1,0,unknown,no,2026-07-07 07:00:00
56,management,married,tertiary,no,96,yes,yes,cellular,19,aug,173,11,-1,0,unknown,no,2026-07-07 08:00:00
28,blue-collar,married,secondary,no,337,yes,no,cellular,12,may,450,2,-1,0,unknown,no,2026-07-07 09:00:00
46,technician,married,unknown,no,605,yes,no,cellular,20,apr,780,2,-1,0,unknown,no,2026-07-07 10:00:00
35,management,married,secondary,no,2415,yes,yes,cellular,16,apr,348,3,-1,0,unknown,no,2026-07-07 11:00:00
35,technician,single,tertiary,no,13460,yes,no,cellular,15,may,1068,3,-1,0,unknown,yes,2026-07-07 12:00:00
49,blue-collar,married,secondary,no,2219,yes,no,unknown,15,may,51,2,-1,0,unknown,no,2026-07-07 13:00:00
30,blue-collar,married,primary,no,124,yes,no,unknown,15,may,126,4,-1,0,unknown,no,2026-07-07 14:00:00
25,admin.,single,tertiary,no,1420,no,no,cellular,8,apr,124,2,-1,0,unknown,no,2026-07-07 15:00:00
37,blue-collar,single,secondary,no,6281,yes,no,cellular,18,may,242,1,-1,0,unknown,no,2026-07-07 16:00:00
37,management,married,tertiary,no,5065,no,no,cellular,27,aug,23,19,-1,0,unknown,no,2026-07-07 17:00:00
55,technician,married,secondary,no,264,yes,yes,cellular,31,jul,1150,5,-1,0,unknown,yes,2026-07-07 18:00:00
55,admin.,married,secondary,no,128,no,no,cellular,20,aug,359,2,-1,0,unknown,no,2026-07-07 19:00:00
40,management,single,tertiary,no,-275,yes,no,unknown,8,may,219,2,-1,0,unknown,no,2026-07-07 20:00:00
42,services,married,secondary,no,108,yes,yes,cellular,13,may,225,2,365,7,failure,no,2026-07-07 21:00:00
66,retired,married,secondary,no,0,no,no,cellular,8,oct,189,1,-1,0,unknown,no,2026-07-07 22:00:00
30,blue-collar,single,primary,no,253,yes,no,cellular,5,may,259,1,-1,0,unknown,yes,2026-07-07 23:00:00
43,housemaid,married,secondary,no,150,no,no,telephone,28,jul,290,7,-1,0,unknown,no,2026-07-08 00:00:00
60,management,married,unknown,no,1046,yes,no,unknown,24,jun,32,3,-1,0,unknown,no,2026-07-08 01:00:00
33,blue-collar,married,secondary,no,0,yes,yes,cellular,31,jul,16,43,-1,0,unknown,no,2026-07-08 02:00:00
35,management,divorced,tertiary,no,649,no,no,cellular,16,apr,177,1,-1,0,unknown,no,2026-07-08 03:00:00
31,technician,married,tertiary,no,6562,yes,no,cellular,19,aug,118,2,-1,0,unknown,no,2026-07-08 04:00:00
32,admin.,married,secondary,no,923,yes,no,cellular,17,apr,819,4,-1,0,unknown,no,2026-07-08 05:00:00
24,blue-collar,married,secondary,no,0,yes,no,cellular,20,apr,83,3,306,4,failure,no,2026-07-08 06:00:00
41,technician,married,secondary,no,201,no,yes,cellular,14,jul,53,8,-1,0,unknown,no,2026-07-08 07:00:00
56,retired,married,tertiary,no,811,no,no,cellular,14,aug,148,19,-1,0,unknown,no,2026-07-08 08:00:00
35,blue-collar,married,secondary,no,860,yes,no,unknown,5,jun,884,4,-1,0,unknown,yes,2026-07-08 09:00:00
41,entrepreneur,married,tertiary,no,306,yes,no,unknown,20,jun,102,3,-1,0,unknown,no,2026-07-08 10:00:00
32,blue-collar,married,tertiary,no,143,yes,yes,cellular,18,may,90,1,-1,0,unknown,no,2026-07-08 11:00:00
52,admin.,married,secondary,no,199,no,no,cellular,28,jan,978,2,189,1,other,no,2026-07-08 12:00:00
48,technician,married,secondary,no,7020,no,no,cellular,6,aug,80,2,-1,0,unknown,no,2026-07-08 13:00:00
29,admin.,single,secondary,no,171,yes,no,unknown,11,jun,83,10,-1,0,unknown,no,2026-07-08 14:00:00
29,services,divorced,secondary,no,590,yes,no,unknown,30,may,76,2,-1,0,unknown,no,2026-07-08 15:00:00
45,blue-collar,married,secondary,no,827,yes,no,unknown,15,may,319,5,-1,0,unknown,no,2026-07-08 16:00:00
34,unemployed,married,tertiary,no,582,yes,no,cellular,9,feb,189,3,-1,0,unknown,no,2026-07-08 17:00:00
49,services,married,tertiary,no,411,no,no,telephone,14,may,9,6,-1,0,unknown,no,2026-07-08 18:00:00
74,retired,married,secondary,no,291,no,no,cellular,12,aug,543,1,-1,0,unknown,no,2026-07-08 19:00:00
52,blue-collar,married,primary,no,-63,yes,no,unknown,26,may,560,4,-1,0,unknown,no,2026-07-08 20:00:00
59,blue-collar,married,primary,no,754,no,no,cellular,11,aug,225,4,-1,0,unknown,no,2026-07-08 21:00:00
50,management,divorced,tertiary,no,30,no,no,cellular,20,aug,76,2,-1,0,unknown,no,2026-07-08 22:00:00
46,management,married,tertiary,no,273,yes,no,cellular,18,mar,910,2,184,4,success,yes,2026-07-08 23:00:00
32,technician,single,tertiary,no,5204,no,no,cellular,8,aug,31,2,-1,0,unknown,no,2026-07-09 00:00:00
41,blue-collar,married,secondary,no,108,yes,yes,unknown,7,may,203,1,-1,0,unknown,no,2026-07-09 01:00:00
35,admin.,married,tertiary,no,6,no,no,cellular,26,aug,130,2,-1,0,unknown,no,2026-07-09 02:00:00
41,blue-collar,married,primary,no,865,no,yes,unknown,19,may,19,5,-1,0,unknown,no,2026-07-09 03:00:00
35,entrepreneur,married,secondary,no,313,yes,no,cellular,15,jul,479,1,-1,0,unknown,no,2026-07-09 04:00:00
38,services,married,secondary,no,-140,no,no,unknown,25,jun,456,3,-1,0,unknown,no,2026-07-09 05:00:00
32,services,married,secondary,no,55,yes,no,unknown,15,may,546,9,-1,0,unknown,no,2026-07-09 06:00:00
59,blue-collar,married,secondary,no,87,no,no,unknown,4,jun,65,10,-1,0,unknown,no,2026-07-09 07:00:00
32,blue-collar,married,primary,no,0,yes,no,cellular,20,apr,295,3,335,1,other,no,2026-07-09 08:00:00
55,management,married,primary,no,338,yes,no,cellular,14,may,8,4,300,5,failure,no,2026-07-09 09:00:00
55,services,divorced,primary,no,653,no,no,unknown,6,jun,800,1,-1,0,unknown,no,2026-07-09 10:00:00
35,unemployed,married,primary,no,8489,yes,no,cellular,20,nov,217,1,-1,0,unknown,no,2026-07-09 11:00:00
39,blue-collar,married,secondary,no,4430,yes,no,cellular,18,may,13,4,362,1,other,no,2026-07-09 12:00:00
46,services,married,secondary,no,-119,yes,no,cellular,22,jul,151,3,-1,0,unknown,no,2026-07-09 13:00:00
53,technician,divorced,secondary,no,388,yes,yes,cellular,29,jan,67,1,247,1,failure,no,2026-07-09 14:00:00
34,management,single,tertiary,no,1,yes,no,cellular,24,jul,76,1,-1,0,unknown,no,2026-07-09 15:00:00
57,management,married,tertiary,no,1171,no,no,cellular,8,aug,448,5,-1,0,unknown,no,2026-07-09 16:00:00
60,management,married,secondary,no,130,no,no,unknown,6,jun,151,1,-1,0,unknown,no,2026-07-09 17:00:00
33,admin.,married,tertiary,no,-1011,no,no,cellular,21,nov,134,1,-1,0,unknown,no,2026-07-09 18:00:00
41,technician,single,secondary,no,43,no,no,cellular,8,aug,420,2,-1,0,unknown,no,2026-07-09 19:00:00
30,management,single,tertiary,no,2544,no,no,cellular,9,apr,152,2,-1,0,unknown,yes,2026-07-09 20:00:00
58,services,single,secondary,no,1430,yes,no,cellular,20,apr,861,6,321,5,failure,no,2026-07-09 21:00:00
36,housemaid,married,secondary,no,0,no,no,cellular,21,aug,76,2,-1,0,unknown,no,2026-07-09 22:00:00
58,retired,single,secondary,no,282,no,yes,cellular,7,jul,78,1,-1,0,unknown,no,2026-07-09 23:00:00
28,technician,single,tertiary,no,0,yes,no,cellular,12,aug,150,1,79,3,success,no,2026-07-10 00:00:00
41,admin.,single,secondary,no,26,no,no,cellular,8,jul,428,1,-1,0,unknown,no,2026-07-10 01:00:00
28,admin.,single,secondary,no,136,no,no,cellular,16,jun,355,1,-1,0,unknown,yes,2026-07-10 02:00:00
33,blue-collar,married,secondary,no,1790,yes,yes,unknown,9,may,143,1,-1,0,unknown,no,2026-07-10 03:00:00
43,housemaid,married,secondary,no,1476,no,no,unknown,12,jun,216,2,-1,0,unknown,no,2026-07-10 04:00:00
33,technician,married,secondary,no,0,yes,yes,unknown,9,may,173,2,-1,0,unknown,no,2026-07-10 05:00:00
31,technician,single,tertiary,no,491,yes,no,unknown,8,may,237,1,-1,0,unknown,no,2026-07-10 06:00:00
46,blue-collar,married,secondary,no,123,no,no,cellular,20,aug,381,3,-1,0,unknown,no,2026-07-10 07:00:00
35,management,single,tertiary,no,385,yes,no,cellular,29,aug,168,2,-1,0,unknown,no,2026-07-10 08:00:00
34,blue-collar,married,primary,no,69,no,no,telephone,7,jul,41,1,-1,0,unknown,no,2026-07-10 09:00:00
36,blue-collar,single,unknown,no,43,no,yes,cellular,5,feb,163,3,-1,0,unknown,no,2026-07-10 10:00:00
28,unemployed,single,tertiary,no,1010,yes,no,unknown,4,jun,174,2,-1,0,unknown,no,2026-07-10 11:00:00
36,blue-collar,married,secondary,no,655,no,no,cellular,20,nov,986,6,-1,0,unknown,no,2026-07-10 12:00:00
35,blue-collar,married,secondary,no,430,yes,no,unknown,23,may,147,50,-1,0,unknown,no,2026-07-10 13:00:00
41,technician,married,secondary,no,-312,yes,no,cellular,11,may,90,1,348,1,failure,no,2026-07-10 14:00:00
47,blue-collar,single,primary,no,10558,yes,no,cellular,13,may,81,3,174,2,other,no,2026-07-10 15:00:00
25,student,single,secondary,no,154,no,no,cellular,2,sep,382,1,183,3,success,yes,2026-07-10 16:00:00
34,unemployed,married,tertiary,no,0,no,no,cellular,8,aug,201,6,-1,0,unknown,no,2026-07-10 17:00:00
39,unemployed,single,tertiary,no,7,yes,no,cellular,20,nov,931,4,-1,0,unknown,yes,2026-07-10 18:00:00
33,blue-collar,single,secondary,no,2945,no,no,cellular,20,nov,91,1,-1,0,unknown,no,2026-07-10 19:00:00
43,management,married,tertiary,no,0,no,no,telephone,17,oct,147,1,-1,0,unknown,no,2026-07-10 20:00:00
24,student,single,secondary,no,822,no,no,cellular,27,oct,184,1,91,2,failure,yes,2026-07-10 21:00:00
26,blue-collar,married,secondary,no,115,yes,no,unknown,4,jul,46,3,-1,0,unknown,no,2026-07-10 22:00:00
56,management,married,tertiary,no,3120,yes,no,cellular,7,aug,666,2,-1,0,unknown,no,2026-07-10 23:00:00
32,services,married,secondary,no,144,yes,no,unknown,19,may,260,11,-1,0,unknown,no,2026-07-11 00:00:00
26,services,single,secondary,no,235,no,no,cellular,10,jul,721,3,-1,0,unknown,no,2026-07-11 01:00:00
33,services,married,secondary,no,3444,yes,no,cellular,22,jul,487,4,-1,0,unknown,no,2026-07-11 02:00:00
29,services,single,secondary,no,536,yes,no,telephone,2,feb,30,5,-1,0,unknown,no,2026-07-11 03:00:00
38,technician,married,secondary,no,1919,no,no,cellular,4,aug,846,1,-1,0,unknown,yes,2026-07-11 04:00:00
44,management,single,secondary,no,3684,yes,no,cellular,17,nov,35,3,-1,0,unknown,no,2026-07-11 05:00:00
34,blue-collar,married,primary,no,1309,yes,no,cellular,12,may,456,2,364,1,failure,no,2026-07-11 06:00:00
76,retired,married,secondary,no,4112,no,no,telephone,23,oct,282,2,-1,0,unknown,yes,2026-07-11 07:00:00
30,management,single,secondary,no,18,yes,no,cellular,17,nov,294,1,-1,0,unknown,no,2026-07-11 08:00:00
36,blue-collar,divorced,secondary,no,-159,yes,no,unknown,4,jun,382,3,-1,0,unknown,no,2026-07-11 09:00:00
38,blue-collar,married,secondary,no,757,yes,no,unknown,6,may,133,1,-1,0,unknown,no,2026-07-11 10:00:00
33,services,married,primary,no,6904,no,no,telephone,20,nov,114,2,-1,0,unknown,no,2026-07-11 11:00:00
60,retired,married,primary,no,1369,no,yes,cellular,28,jan,100,2,-1,0,unknown,no,2026-07-11 12:00:00
46,blue-collar,married,primary,no,1823,no,no,unknown,18,jun,135,3,-1,0,unknown,no,2026-07-11 13:00:00
31,blue-collar,single,primary,no,124,yes,no,unknown,28,may,411,3,-1,0,unknown,no,2026-07-11 14:00:00
37,admin.,married,secondary,no,0,yes,no,unknown,20,jun,26,6,-1,0,unknown,no,2026-07-11 15:00:00
41,blue-collar,married,primary,no,0,yes,no,cellular,8,may,171,1,368,1,failure,no,2026-07-11 16:00:00
41,technician,married,tertiary,no,532,yes,no,cellular,9,jul,74,1,-1,0,unknown,no,2026-07-11 17:00:00
43,technician,married,secondary,no,764,yes,no,cellular,18,nov,164,5,127,5,failure,no,2026-07-11 18:00:00
40,unemployed,married,secondary,no,1779,yes,no,unknown,5,jun,59,7,-1,0,unknown,no,2026-07-11 19:00:00
29,technician,single,secondary,no,115,no,no,unknown,27,may,340,1,-1,0,unknown,no,2026-07-11 20:00:00
31,blue-collar,married,secondary,no,4471,yes,no,unknown,9,may,296,2,-1,0,unknown,no,2026-07-11 21:00:00
55,unemployed,married,primary,no,1212,no,no,cellular,31,aug,241,1,92,1,failure,no,2026-07-11 22:00:00
40,self-employed,married,secondary,no,1216,yes,no,cellular,18,nov,52,1,-1,0,unknown,no,2026-07-11 23:00:00
60,retired,married,tertiary,no,10500,no,no,cellular,19,aug,56,7,-1,0,unknown,no,2026-07-12 00:00:00
54,entrepreneur,married,tertiary,no,11464,no,no,unknown,5,jun,222,1,-1,0,unknown,no,2026-07-12 01:00:00
36,services,married,secondary,no,-11,yes,no,cellular,30,jul,172,28,-1,0,unknown,no,2026-07-12 02:00:00
53,blue-collar,married,primary,no,1409,yes,no,cellular,2,apr,464,1,287,1,failure,no,2026-07-12 03:00:00
43,admin.,married,secondary,no,-17,yes,no,cellular,22,jul,76,1,-1,0,unknown,no,2026-07-12 04:00:00
39,technician,single,tertiary,no,139,no,no,telephone,1,jun,182,1,-1,0,unknown,no,2026-07-12 05:00:00
27,technician,single,tertiary,no,535,yes,no,unknown,6,jun,446,3,-1,0,unknown,no,2026-07-12 06:00:00
31,unemployed,divorced,tertiary,no,256,yes,no,cellular,2,feb,264,1,201,2,success,no,2026-07-12 07:00:00
35,management,single,tertiary,no,175,yes,yes,cellular,21,nov,53,1,-1,0,unknown,no,2026-07-12 08:00:00
52,services,married,unknown,no,482,yes,yes,cellular,28,jul,83,7,-1,0,unknown,no,2026-07-12 09:00:00
26,services,single,secondary,yes,0,no,yes,cellular,22,jul,240,10,-1,0,unknown,no,2026-07-12 10:00:00
39,management,married,unknown,no,4800,no,no,unknown,12,jun,135,3,-1,0,unknown,no,2026-07-12 11:00:00
39,management,married,tertiary,no,119,yes,no,cellular,1,sep,265,2,476,4,success,yes,2026-07-12 12:00:00
34,management,married,tertiary,no,557,yes,no,cellular,16,jul,513,1,-1,0,unknown,no,2026-07-12 13:00:00
38,technician,single,tertiary,no,187,no,no,cellular,27,aug,87,7,-1,0,unknown,no,2026-07-12 14:00:00
46,management,married,secondary,no,-27,yes,no,cellular,6,may,289,1,-1,0,unknown,no,2026-07-12 15:00:00
34,management,married,tertiary,no,28,yes,no,cellular,2,feb,504,1,-1,0,unknown,no,2026-07-12 16:00:00
59,entrepreneur,divorced,secondary,no,901,yes,no,unknown,5,may,73,3,-1,0,unknown,no,2026-07-12 17:00:00
44,management,married,secondary,yes,0,yes,no,cellular,11,jul,96,2,-1,0,unknown,no,2026-07-12 18:00:00
34,technician,married,secondary,no,133,no,no,cellular,15,nov,401,2,187,5,success,yes,2026-07-12 19:00:00
49,admin.,married,secondary,no,197,yes,no,cellular,23,jul,125,1,101,3,success,no,2026-07-12 20:00:00
24,services,single,secondary,yes,-1414,yes,yes,cellular,18,may,171,2,-1,0,unknown,no,2026-07-12 21:00:00
27,blue-collar,single,primary,no,0,yes,no,cellular,23,jul,213,1,-1,0,unknown,no,2026-07-12 22:00:00
32,management,single,tertiary,no,2770,no,no,telephone,6,feb,44,9,-1,0,unknown,no,2026-07-12 23:00:00
54,management,married,tertiary,no,1303,no,no,cellular,3,feb,1635,1,-1,0,unknown,yes,2026-07-13 00:00:00
34,services,single,secondary,no,-92,yes,no,unknown,27,may,236,1,-1,0,unknown,no,2026-07-13 01:00:00
49,blue-collar,married,secondary,no,0,no,no,cellular,29,aug,66,17,-1,0,unknown,no,2026-07-13 02:00:00
27,admin.,single,secondary,no,4590,yes,no,cellular,13,aug,75,1,442,2,failure,no,2026-07-13 03:00:00
31,management,married,tertiary,no,10884,no,no,cellular,10,aug,294,3,98,2,success,yes,2026-07-13 04:00:00
34,entrepreneur,single,secondary,no,0,yes,yes,unknown,21,may,394,2,-1,0,unknown,no,2026-07-13 05:00:00
46,technician,divorced,tertiary,no,0,yes,no,cellular,21,nov,234,5,102,5,failure,no,2026-07-13 06:00:00
35,self-employed,married,secondary,no,188,yes,yes,unknown,5,jun,1865,2,-1,0,unknown,yes,2026-07-13 07:00:00
73,retired,married,primary,no,934,no,no,cellular,14,sep,961,5,-1,0,unknown,yes,2026-07-13 08:00:00
58,retired,married,tertiary,no,0,no,no,cellular,21,aug,138,2,-1,0,unknown,no,2026-07-13 09:00:00
30,blue-collar,divorced,primary,no,53,yes,no,cellular,18,may,116,1,-1,0,unknown,no,2026-07-13 10:00:00
54,management,married,secondary,yes,5249,yes,no,cellular,17,nov,108,1,-1,0,unknown,no,2026-07-13 11:00:00
33,blue-collar,single,secondary,no,38,yes,no,telephone,12,may,139,4,371,1,other,no,2026-07-13 12:00:00
37,unemployed,single,primary,no,1648,yes,no,unknown,5,jun,166,2,-1,0,unknown,no,2026-07-13 13:00:00
64,management,married,tertiary,no,5112,no,no,telephone,19,oct,898,7,137,11,other,yes,2026-07-13 14:00:00
55,housemaid,divorced,unknown,no,3068,no,no,cellular,7,jul,44,3,-1,0,unknown,no,2026-07-13 15:00:00
28,management,single,tertiary,no,502,no,no,cellular,16,jun,136,2,-1,0,unknown,yes,2026-07-13 16:00:00
42,management,married,tertiary,no,2665,yes,no,cellular,4,jun,280,2,126,11,failure,yes,2026-07-13 17:00:00
46,admin.,single,secondary,no,1790,yes,no,unknown,5,jun,214,5,-1,0,unknown,no,2026-07-13 18:00:00
40,self-employed,single,tertiary,no,-94,yes,no,cellular,16,jul,90,1,-1,0,unknown,no,2026-07-13 19:00:00
34,blue-collar,single,secondary,no,39,no,no,cellular,18,jul,138,3,-1,0,unknown,no,2026-07-13 20:00:00
45,management,married,tertiary,no,-459,no,no,cellular,21,aug,508,6,-1,0,unknown,no,2026-07-13 21:00:00
46,blue-collar,married,secondary,no,1603,no,no,cellular,30,apr,279,1,-1,0,unknown,no,2026-07-13 22:00:00
45,management,married,tertiary,no,-191,yes,no,cellular,18,jul,178,3,-1,0,unknown,no,2026-07-13 23:00:00
49,blue-collar,married,secondary,no,322,no,no,cellular,14,aug,356,2,-1,0,unknown,no,2026-07-14 00:00:00
27,housemaid,married,primary,yes,-238,no,no,cellular,14,jul,132,4,-1,0,unknown,no,2026-07-14 01:00:00
59,blue-collar,married,primary,no,0,no,no,cellular,18,nov,167,2,-1,0,unknown,no,2026-07-14 02:00:00
35,management,married,tertiary,no,618,yes,no,cellular,18,nov,116,1,-1,0,unknown,no,2026-07-14 03:00:00
47,services,married,secondary,no,-288,no,no,unknown,19,may,193,6,-1,0,unknown,no,2026-07-14 04:00:00
46,blue-collar,married,unknown,no,626,yes,no,unknown,19,jun,177,2,-1,0,unknown,no,2026-07-14 05:00:00
39,self-employed,married,secondary,yes,-571,no,no,unknown,6,jun,180,2,-1,0,unknown,no,2026-07-14 06:00:00
25,management,single,tertiary,no,1317,no,no,cellular,26,may,176,1,-1,0,unknown,yes,2026-07-14 07:00:00
38,admin.,married,secondary,no,1933,yes,no,cellular,16,apr,622,1,-1,0,unknown,no,2026-07-14 08:00:00
44,technician,married,secondary,no,566,yes,yes,cellular,17,apr,467,1,-1,0,unknown,no,2026-07-14 09:00:00
23,services,single,secondary,no,210,yes,no,unknown,20,may,507,1,-1,0,unknown,no,2026-07-14 10:00:00
80,retired,married,primary,no,2994,no,no,cellular,6,aug,320,1,-1,0,unknown,no,2026-07-14 11:00:00
33,admin.,married,tertiary,no,0,yes,yes,cellular,4,feb,111,5,98,2,other,no,2026-07-14 12:00:00
34,management,single,tertiary,no,1350,yes,no,unknown,21,may,68,1,-1,0,unknown,no,2026-07-14 13:00:00
33,entrepreneur,single,tertiary,no,75,yes,no,cellular,14,jul,126,3,-1,0,unknown,no,2026-07-14 14:00:00
37,admin.,married,tertiary,no,0,yes,no,cellular,17,nov,65,2,119,1,failure,no,2026-07-14 15:00:00
36,management,single,tertiary,no,317,no,no,unknown,16,jun,348,1,-1,0,unknown,no,2026-07-14 16:00:00
42,blue-collar,married,secondary,no,3743,yes,no,unknown,14,may,136,1,-1,0,unknown,no,2026-07-14 17:00:00
71,retired,married,secondary,no,1712,no,no,cellular,11,feb,660,1,-1,0,unknown,yes,2026-07-14 18:00:00
34,services,single,primary,no,25,yes,yes,cellular,9,apr,96,4,314,8,other,no,2026-07-14 19:00:00
47,admin.,married,tertiary,no,12276,no,no,unknown,20,jun,77,5,-1,0,unknown,no,2026-07-14 20:00:00
34,management,married,tertiary,no,333,no,no,cellular,25,may,170,1,-1,0,unknown,no,2026-07-14 21:00:00
39,unemployed,married,primary,no,1147,yes,yes,cellular,6,may,232,2,363,5,failure,no,2026-07-14 22:00:00
32,management,divorced,tertiary,no,874,no,no,cellular,12,aug,1282,6,-1,0,unknown,yes,2026-07-14 23:00:00
35,blue-collar,married,primary,no,-35,yes,no,cellular,17,jul,123,2,-1,0,unknown,no,2026-07-15 00:00:00
47,management,married,primary,no,1122,yes,no,cellular,20,apr,222,5,-1,0,unknown,no,2026-07-15 01:00:00
57,retired,married,primary,no,1623,yes,yes,cellular,18,jul,246,1,-1,0,unknown,no,2026-07-15 02:00:00
60,entrepreneur,married,primary,no,83,yes,no,cellular,17,jul,302,2,-1,0,unknown,no,2026-07-15 03:00:00
34,student,single,unknown,no,2321,no,no,cellular,9,nov,600,2,99,5,failure,no,2026-07-15 04:00:00
23,management,single,tertiary,no,1004,yes,no,cellular,30,mar,114,2,-1,0,unknown,no,2026-07-15 05:00:00
60,management,single,tertiary,no,0,no,no,telephone,18,aug,161,2,-1,0,unknown,no,2026-07-15 06:00:00
42,technician,single,secondary,yes,-1129,yes,no,unknown,2,jun,555,5,-1,0,unknown,yes,2026-07-15 07:00:00
30,blue-collar,single,primary,no,383,yes,no,unknown,9,may,135,1,-1,0,unknown,no,2026-07-15 08:00:00
29,blue-collar,single,secondary,no,16,no,no,unknown,12,may,197,3,-1,0,unknown,no,2026-07-15 09:00:00
41,technician,married,secondary,no,2152,no,no,cellular,30,sep,134,1,121,1,other,no,2026-07-15 10:00:00
45,blue-collar,married,secondary,no,-376,yes,no,unknown,26,may,162,4,-1,0,unknown,no,2026-07-15 11:00:00
34,management,married,secondary,no,15,no,no,cellular,25,aug,184,7,-1,0,unknown,no,2026-07-15 12:00:00
38,technician,single,secondary,no,864,yes,no,cellular,13,may,364,1,348,1,failure,no,2026-07-15 13:00:00
44,blue-collar,married,primary,no,140,yes,no,unknown,15,may,7,9,-1,0,unknown,no,2026-07-15 14:00:00
50,management,married,secondary,no,268,no,no,cellular,3,jun,74,2,90,2,failure,no,2026-07-15 15:00:00
41,technician,divorced,tertiary,no,24055,no,yes,unknown,20,jun,132,1,-1,0,unknown,no,2026-07-15 16:00:00
43,blue-collar,married,secondary,no,1035,no,no,cellular,28,jan,122,1,-1,0,unknown,no,2026-07-15 17:00:00
52,retired,married,secondary,no,424,no,no,unknown,18,jun,89,3,-1,0,unknown,no,2026-07-15 18:00:00
25,management,single,tertiary,no,490,yes,no,unknown,6,jun,246,3,-1,0,unknown,no,2026-07-15 19:00:00
22,student,single,secondary,no,2589,yes,no,cellular,15,may,239,1,352,1,other,no,2026-07-15 20:00:00
27,services,divorced,secondary,no,397,no,yes,cellular,30,jul,192,3,-1,0,unknown,no,2026-07-15 21:00:00
51,admin.,single,secondary,no,3132,no,no,telephone,5,nov,449,1,176,1,failure,no,2026-07-15 22:00:00
31,management,single,tertiary,no,2978,yes,no,cellular,8,aug,146,2,-1,0,unknown,no,2026-07-15 23:00:00
44,technician,married,primary,no,755,no,yes,cellular,31,jul,829,4,-1,0,unknown,yes,2026-07-16 00:00:00
42,blue-collar,married,primary,no,784,no,no,cellular,28,apr,428,3,-1,0,unknown,no,2026-07-16 01:00:00
37,blue-collar,married,secondary,no,561,yes,no,cellular,14,may,632,1,339,2,failure,no,2026-07-16 02:00:00
55,blue-collar,married,primary,no,419,no,no,cellular,22,aug,33,8,-1,0,unknown,no,2026-07-16 03:00:00
36,technician,married,secondary,no,432,yes,no,cellular,29,aug,65,2,-1,0,unknown,no,2026-07-16 04:00:00
44,technician,married,tertiary,no,1707,no,no,cellular,8,aug,406,3,-1,0,unknown,no,2026-07-16 05:00:00
61,retired,married,secondary,no,296,no,no,unknown,17,jun,18,1,-1,0,unknown,no,2026-07-16 06:00:00
21,student,single,secondary,no,123,no,no,telephone,12,feb,379,5,93,2,success,yes,2026-07-16 07:00:00
31,blue-collar,married,secondary,no,1354,yes,yes,cellular,17,nov,222,2,-1,0,unknown,no,2026-07-16 08:00:00
80,retired,married,secondary,no,8304,no,no,telephone,8,sep,606,3,91,13,success,yes,2026-07-16 09:00:00
28,admin.,single,tertiary,no,1540,yes,no,unknown,2,jun,442,11,-1,0,unknown,no,2026-07-16 10:00:00
49,blue-collar,married,secondary,no,457,yes,yes,unknown,28,may,189,2,-1,0,unknown,no,2026-07-16 11:00:00
28,technician,single,tertiary,no,4513,yes,no,unknown,27,may,167,3,-1,0,unknown,no,2026-07-16 12:00:00
41,technician,single,secondary,no,200,yes,no,cellular,14,may,353,6,373,2,failure,no,2026-07-16 13:00:00
39,blue-collar,married,primary,no,3127,yes,yes,unknown,5,jun,451,2,-1,0,unknown,no,2026-07-16 14:00:00
51,technician,single,secondary,no,0,yes,no,unknown,5,may,364,2,-1,0,unknown,no,2026-07-16 15:00:00
71,technician,married,tertiary,no,383,no,no,cellular,27,apr,388,3,-1,0,unknown,yes,2026-07-16 16:00:00
46,blue-collar,married,primary,no,4170,yes,yes,cellular,12,may,118,2,357,3,failure,no,2026-07-16 17:00:00
34,technician,married,secondary,no,47,no,no,cellular,25,aug,132,6,-1,0,unknown,no,2026-07-16 18:00:00
36,blue-collar,married,primary,no,-327,yes,yes,unknown,23,may,691,1,-1,0,unknown,no,2026-07-16 19:00:00
36,services,divorced,secondary,no,-290,yes,yes,unknown,7,may,128,1,-1,0,unknown,no,2026-07-16 20:00:00
39,technician,married,secondary,no,355,no,no,cellular,25,jul,132,1,-1,0,unknown,no,2026-07-16 21:00:00
44,unemployed,married,secondary,no,1590,yes,no,unknown,12,jun,349,1,-1,0,unknown,no,2026-07-16 22:00:00
55,services,married,tertiary,no,64,yes,yes,cellular,14,aug,151,6,-1,0,unknown,no,2026-07-16 23:00:00
43,admin.,married,secondary,no,323,yes,yes,cellular,12,may,43,3,369,2,failure,no,2026-07-17 00:00:00
37,technician,married,tertiary,no,6968,no,no,cellular,1,jun,175,1,-1,0,unknown,no,2026-07-17 01:00:00
47,self-employed,married,tertiary,no,917,no,no,cellular,6,feb,518,3,212,5,failure,no,2026-07-17 02:00:00
36,blue-collar,married,secondary,no,717,no,no,unknown,11,jun,63,1,-1,0,unknown,no,2026-07-17 03:00:00
31,management,married,tertiary,no,18,yes,no,cellular,30,jul,72,19,-1,0,unknown,no,2026-07-17 04:00:00
37,blue-collar,single,secondary,no,90,yes,no,cellular,17,apr,416,1,340,5,failure,no,2026-07-17 05:00:00
89,retired,divorced,primary,no,1323,no,no,telephone,29,dec,207,4,189,1,other,no,2026-07-17 06:00:00
43,self-employed,married,secondary,no,1239,yes,yes,telephone,23,jul,355,3,-1,0,unknown,no,2026-07-17 07:00:00
26,management,single,tertiary,no,1284,yes,no,unknown,21,may,97,8,-1,0,unknown,no,2026-07-17 08:00:00
35,unemployed,single,secondary,yes,-126,no,no,cellular,19,nov,168,1,-1,0,unknown,no,2026-07-17 09:00:00
40,blue-collar,divorced,secondary,no,393,yes,yes,cellular,17,jul,291,2,-1,0,unknown,no,2026-07-17 10:00:00
31,management,single,tertiary,no,0,yes,no,cellular,30,apr,97,2,87,2,other,no,2026-07-17 11:00:00
36,technician,married,tertiary,no,1354,no,no,cellular,7,sep,281,3,97,2,success,yes,2026-07-17 12:00:00
50,technician,married,secondary,no,389,yes,no,unknown,8,may,110,1,-1,0,unknown,no,2026-07-17 13:00:00
40,blue-collar,married,secondary,yes,231,yes,no,cellular,2,feb,69,3,-1,0,unknown,no,2026-07-17 14:00:00
40,admin.,married,secondary,no,3126,yes,no,cellular,30,dec,110,3,232,2,failure,no,2026-07-17 15:00:00
37,services,married,secondary,no,4760,yes,no,cellular,20,nov,187,2,-1,0,unknown,no,2026-07-17 16:00:00
40,technician,single,secondary,no,-239,no,no,cellular,13,aug,399,2,-1,0,unknown,no,2026-07-17 17:00:00
26,admin.,single,tertiary,no,2532,yes,yes,cellular,18,feb,269,1,-1,0,unknown,yes,2026-07-17 18:00:00
35,admin.,divorced,secondary,no,1085,no,no,cellular,5,jun,199,1,86,7,success,yes,2026-07-17 19:00:00
39,services,married,secondary,no,105,no,no,cellular,4,feb,137,1,189,2,failure,no,2026-07-17 20:00:00
34,blue-collar,divorced,secondary,no,0,yes,no,cellular,5,may,150,1,-1,0,unknown,no,2026-07-17 21:00:00
54,entrepreneur,married,secondary,no,52,yes,no,unknown,15,may,44,3,-1,0,unknown,no,2026-07-17 22:00:00
45,technician,divorced,secondary,no,88,yes,no,cellular,22,aug,55,3,-1,0,unknown,no,2026-07-17 23:00:00
42,technician,married,tertiary,no,757,no,no,cellular,30,apr,354,1,79,1,success,yes,2026-07-18 00:00:00
42,blue-collar,married,secondary,no,4,yes,yes,unknown,2,jun,229,8,-1,0,unknown,no,2026-07-18 01:00:00
32,management,married,tertiary,no,4733,no,no,cellular,30,apr,532,1,-1,0,unknown,yes,2026-07-18 02:00:00
29,management,married,tertiary,no,760,no,yes,cellular,17,apr,82,2,-1,0,unknown,no,2026-07-18 03:00:00
50,admin.,married,primary,no,82,no,no,cellular,22,aug,101,4,-1,0,unknown,no,2026-07-18 04:00:00
30,technician,single,secondary,no,0,no,no,cellular,8,aug,216,2,-1,0,unknown,no,2026-07-18 05:00:00
43,blue-collar,married,secondary,no,3549,yes,no,cellular,15,may,7,5,-1,0,unknown,no,2026-07-18 06:00:00
59,retired,married,primary,no,1425,yes,no,cellular,28,aug,299,3,-1,0,unknown,no,2026-07-18 07:00:00
58,unknown,married,tertiary,no,327,no,no,telephone,18,jan,124,4,-1,0,unknown,no,2026-07-18 08:00:00
27,technician,married,secondary,no,0,yes,yes,cellular,25,jul,190,2,-1,0,unknown,no,2026-07-18 09:00:00
59,entrepreneur,married,tertiary,no,146,yes,no,cellular,12,may,97,3,365,6,failure,no,2026-07-18 10:00:00
56,management,divorced,tertiary,no,1654,yes,no,cellular,24,jul,335,2,-1,0,unknown,no,2026-07-18 11:00:00
50,admin.,married,secondary,no,1138,yes,yes,cellular,31,jul,73,8,-1,0,unknown,no,2026-07-18 12:00:00
51,blue-collar,married,secondary,no,463,yes,yes,cellular,15,jul,114,4,-1,0,unknown,no,2026-07-18 13:00:00
50,technician,married,secondary,no,1093,yes,no,unknown,30,may,319,1,-1,0,unknown,no,2026-07-18 14:00:00
19,student,single,unknown,no,0,no,no,cellular,11,feb,123,3,-1,0,unknown,no,2026-07-18 15:00:00
47,technician,married,secondary,no,459,no,no,cellular,28,jan,226,1,-1,0,unknown,no,2026-07-18 16:00:00
51,housemaid,married,primary,no,1521,no,no,unknown,6,jun,24,1,-1,0,unknown,no,2026-07-18 17:00:00
42,management,married,secondary,no,406,yes,no,cellular,8,jul,194,1,391,2,success,no,2026-07-18 18:00:00
54,technician,married,secondary,no,369,no,no,cellular,4,aug,226,1,-1,0,unknown,no,2026-07-18 19:00:00
56,admin.,married,secondary,no,292,yes,no,unknown,28,may,228,9,-1,0,unknown,no,2026-07-18 20:00:00
29,services,single,unknown,no,196,no,no,cellular,30,jan,726,2,-1,0,unknown,yes,2026-07-18 21:00:00
55,admin.,single,secondary,no,645,no,no,telephone,10,jul,123,1,-1,0,unknown,no,2026-07-18 22:00:00
50,blue-collar,married,secondary,no,9585,yes,no,telephone,31,jul,182,6,-1,0,unknown,no,2026-07-18 23:00:00
41,blue-collar,married,secondary,no,750,yes,no,cellular,31,jul,207,2,-1,0,unknown,no,2026-07-19 00:00:00
40,services,married,secondary,no,1358,no,no,unknown,19,jun,96,1,-1,0,unknown,no,2026-07-19 01:00:00
32,technician,single,tertiary,no,1038,no,no,cellular,14,aug,128,4,-1,0,unknown,no,2026-07-19 02:00:00
31,services,married,secondary,no,1004,no,no,cellular,5,feb,96,6,-1,0,unknown,no,2026-07-19 03:00:00
52,retired,divorced,primary,no,353,no,no,cellular,31,jul,395,4,-1,0,unknown,no,2026-07-19 04:00:00
32,technician,single,tertiary,no,127,yes,no,cellular,31,jul,88,3,-1,0,unknown,no,2026-07-19 05:00:00
32,services,married,secondary,no,268,no,no,cellular,29,jan,140,1,-1,0,unknown,no,2026-07-19 06:00:00
32,admin.,married,tertiary,no,118,no,no,unknown,29,may,358,10,-1,0,unknown,no,2026-07-19 07:00:00
47,management,married,unknown,no,641,no,no,cellular,21,nov,501,3,-1,0,unknown,no,2026-07-19 08:00:00
45,admin.,divorced,secondary,no,2353,yes,no,cellular,5,mar,182,1,107,2,other,yes,2026-07-19 09:00:00
41,admin.,divorced,secondary,no,220,yes,no,cellular,14,aug,142,2,88,2,failure,no,2026-07-19 10:00:00
36,services,single,secondary,no,1227,yes,yes,cellular,4,may,775,5,341,3,failure,yes,2026-07-19 11:00:00
43,services,married,secondary,no,177,yes,no,cellular,8,may,120,1,-1,0,unknown,no,2026-07-19 12:00:00
35,blue-collar,single,secondary,no,219,yes,yes,unknown,29,may,161,1,-1,0,unknown,no,2026-07-19 13:00:00
37,admin.,married,tertiary,no,801,no,no,cellular,11,aug,331,7,-1,0,unknown,no,2026-07-19 14:00:00
35,entrepreneur,single,tertiary,no,3302,yes,yes,cellular,18,may,207,3,-1,0,unknown,no,2026-07-19 15:00:00
38,services,divorced,secondary,no,792,no,no,unknown,6,jun,430,1,-1,0,unknown,no,2026-07-19 16:00:00
33,services,divorced,secondary,no,-395,yes,no,unknown,27,may,161,2,-1,0,unknown,no,2026-07-19 17:00:00
47,blue-collar,single,secondary,no,152,yes,no,cellular,3,feb,193,3,271,4,failure,no,2026-07-19 18:00:00
42,admin.,single,secondary,no,426,yes,no,cellular,11,jul,636,2,-1,0,unknown,no,2026-07-19 19:00:00
52,blue-collar,married,secondary,no,7119,no,yes,telephone,20,nov,871,3,-1,0,unknown,yes,2026-07-19 20:00:00
32,management,married,tertiary,no,8,yes,no,cellular,26,may,175,2,-1,0,unknown,no,2026-07-19 21:00:00
51,blue-collar,single,secondary,no,936,yes,no,unknown,27,may,253,16,-1,0,unknown,no,2026-07-19 22:00:00
38,blue-collar,married,unknown,no,5830,no,no,unknown,17,jun,176,3,-1,0,unknown,no,2026-07-19 23:00:00
59,retired,married,unknown,no,201,no,no,cellular,31,jul,69,7,-1,0,unknown,no,2026-07-20 00:00:00
42,admin.,single,secondary,no,150,no,yes,cellular,29,jul,135,2,-1,0,unknown,no,2026-07-20 01:00:00
52,management,married,tertiary,no,1134,yes,no,cellular,18,aug,151,4,-1,0,unknown,no,2026-07-20 02:00:00
49,technician,single,secondary,no,1377,no,no,cellular,5,aug,935,1,-1,0,unknown,yes,2026-07-20 03:00:00
30,management,single,tertiary,no,5389,no,no,cellular,6,aug,1456,3,-1,0,unknown,yes,2026-07-20 04:00:00
59,retired,married,primary,no,1390,no,yes,cellular,6,aug,148,2,-1,0,unknown,no,2026-07-20 05:00:00
33,management,single,tertiary,no,1859,yes,no,cellular,30,jan,1169,4,-1,0,unknown,no,2026-07-20 06:00:00
57,retired,married,secondary,no,5313,no,no,cellular,3,jun,200,1,-1,0,unknown,yes,2026-07-20 07:00:00
45,technician,married,primary,no,-158,yes,no,cellular,12,may,317,2,-1,0,unknown,no,2026-07-20 08:00:00
46,blue-collar,married,primary,no,3969,no,no,telephone,7,jul,46,5,-1,0,unknown,no,2026-07-20 09:00:00
37,management,married,primary,no,22856,no,no,cellular,2,jul,154,1,388,1,failure,no,2026-07-20 10:00:00
52,self-employed,single,tertiary,no,458,yes,yes,unknown,9,may,132,5,-1,0,unknown,no,2026-07-20 11:00:00
31,unemployed,single,secondary,no,3528,no,no,cellular,5,feb,132,1,-1,0,unknown,no,2026-07-20 12:00:00
28,management,single,tertiary,no,203,no,no,cellular,29,jan,145,2,-1,0,unknown,no,2026-07-20 13:00:00
57,retired,married,primary,no,0,no,yes,cellular,29,jul,112,3,-1,0,unknown,no,2026-07-20 14:00:00
38,unemployed,single,secondary,no,2470,yes,no,cellular,4,feb,131,1,230,1,other,no,2026-07-20 15:00:00
54,blue-collar,married,secondary,no,-754,yes,no,unknown,19,may,222,2,-1,0,unknown,no,2026-07-20 16:00:00
35,admin.,married,primary,no,136,yes,no,unknown,7,may,283,1,-1,0,unknown,no,2026-07-20 17:00:00
62,blue-collar,married,secondary,no,272,no,no,cellular,11,nov,289,1,92,3,success,yes,2026-07-20 18:00:00
38,services,married,tertiary,no,563,yes,no,cellular,7,may,251,2,-1,0,unknown,no,2026-07-20 19:00:00
40,management,divorced,tertiary,no,823,no,no,cellular,13,aug,159,4,-1,0,unknown,no,2026-07-20 20:00:00
40,blue-collar,single,primary,no,397,no,no,unknown,9,jun,163,1,-1,0,unknown,no,2026-07-20 21:00:00
49,technician,married,secondary,no,204,no,yes,telephone,14,jul,198,5,-1,0,unknown,no,2026-07-20 22:00:00
31,blue-collar,married,primary,no,591,yes,no,unknown,14,may,287,3,-1,0,unknown,no,2026-07-20 23:00:00
31,technician,single,secondary,no,0,no,no,cellular,18,aug,93,2,-1,0,unknown,no,2026-07-21 00:00:00
51,blue-collar,married,primary,no,7080,no,no,unknown,11,jun,26,1,-1,0,unknown,no,2026-07-21 01:00:00
60,retired,married,tertiary,no,1141,no,no,cellular,12,aug,66,4,-1,0,unknown,no,2026-07-21 02:00:00
43,blue-collar,single,primary,no,548,yes,no,unknown,7,may,98,1,-1,0,unknown,no,2026-07-21 03:00:00
32,technician,single,secondary,no,234,no,no,cellular,27,mar,166,2,-1,0,unknown,no,2026-07-21 04:00:00
57,blue-collar,divorced,primary,no,-176,yes,no,unknown,8,may,275,1,-1,0,unknown,no,2026-07-21 05:00:00
30,services,divorced,primary,no,459,yes,no,cellular,18,jul,494,1,-1,0,unknown,yes,2026-07-21 06:00:00
42,management,married,tertiary,no,-671,no,no,cellular,28,aug,80,2,-1,0,unknown,no,2026-07-21 07:00:00
47,services,married,secondary,no,-553,yes,no,cellular,13,may,8,7,-1,0,unknown,no,2026-07-21 08:00:00
33,management,married,secondary,no,171,no,no,cellular,18,jul,100,4,-1,0,unknown,no,2026-07-21 09:00:00
33,technician,single,tertiary,no,696,no,yes,cellular,5,feb,193,1,176,8,failure,no,2026-07-21 10:00:00
53,services,divorced,secondary,no,36,yes,yes,unknown,2,jul,25,1,417,1,success,yes,2026-07-21 11:00:00
40,blue-collar,married,secondary,no,876,no,no,unknown,16,jun,208,1,-1,0,unknown,no,2026-07-21 12:00:00
57,management,divorced,tertiary,no,2549,no,no,cellular,30,jan,456,3,197,2,failure,no,2026-07-21 13:00:00
25,management,single,tertiary,no,490,no,no,cellular,7,sep,394,1,-1,0,unknown,no,2026-07-21 14:00:00
35,management,single,unknown,no,186,yes,no,cellular,5,feb,196,2,-1,0,unknown,no,2026-07-21 15:00:00
52,services,married,secondary,no,961,no,yes,cellular,18,feb,222,1,553,4,failure,yes,2026-07-21 16:00:00
42,admin.,divorced,secondary,no,2129,no,no,cellular,13,aug,633,1,182,2,other,yes,2026-07-21 17:00:00
54,technician,married,primary,no,3067,yes,no,telephone,29,jul,222,3,-1,0,unknown,no,2026-07-21 18:00:00
26,self-employed,single,tertiary,no,1078,no,no,cellular,30,apr,99,2,-1,0,unknown,no,2026-07-21 19:00:00
38,management,married,unknown,no,3576,no,no,cellular,25,nov,349,2,183,1,success,yes,2026-07-21 20:00:00
28,unemployed,single,secondary,no,538,no,no,cellular,4,jun,114,3,-1,0,unknown,no,2026-07-21 21:00:00
41,admin.,married,primary,no,1316,yes,no,cellular,30,apr,127,3,-1,0,unknown,no,2026-07-21 22:00:00
38,services,divorced,secondary,no,8554,yes,no,cellular,21,nov,29,2,176,4,other,no,2026-07-21 23:00:00
52,unknown,married,primary,no,247,no,no,cellular,29,jul,268,6,-1,0,unknown,no,2026-07-22 00:00:00
45,admin.,married,secondary,no,967,no,no,unknown,9,jun,63,1,-1,0,unknown,no,2026-07-22 01:00:00
30,services,married,secondary,no,-43,yes,yes,cellular,17,apr,79,1,325,2,other,no,2026-07-22 02:00:00
46,blue-collar,married,unknown,no,401,yes,no,unknown,6,may,306,2,-1,0,unknown,no,2026-07-22 03:00:00
29,management,married,tertiary,no,13186,yes,no,cellular,12,may,322,1,350,2,failure,no,2026-07-22 04:00:00
37,services,divorced,secondary,no,523,no,no,unknown,20,jun,35,7,-1,0,unknown,no,2026-07-22 05:00:00
29,admin.,single,secondary,no,915,yes,no,unknown,27,may,103,1,-1,0,unknown,no,2026-07-22 06:00:00
44,blue-collar,married,secondary,no,199,yes,no,cellular,12,may,150,7,-1,0,unknown,no,2026-07-22 07:00:00
31,technician,married,secondary,no,793,no,no,cellular,19,nov,755,1,-1,0,unknown,no,2026-07-22 08:00:00
50,technician,married,secondary,no,669,yes,no,unknown,2,jun,88,1,-1,0,unknown,no,2026-07-22 09:00:00
45,self-employed,married,tertiary,no,-312,no,no,telephone,18,nov,46,4,-1,0,unknown,no,2026-07-22 10:00:00
39,management,single,tertiary,no,416,no,no,cellular,23,oct,56,4,-1,0,unknown,no,2026-07-22 11:00:00
55,blue-collar,married,primary,no,781,yes,no,cellular,3,feb,112,3,270,2,failure,no,2026-07-22 12:00:00
50,blue-collar,married,secondary,no,26,yes,no,cellular,7,may,245,5,366,2,failure,no,2026-07-22 13:00:00
41,admin.,married,primary,no,4488,yes,no,cellular,9,jul,321,1,-1,0,unknown,no,2026-07-22 14:00:00
41,management,married,tertiary,no,176,yes,yes,unknown,5,may,42,1,-1,0,unknown,no,2026-07-22 15:00:00
54,admin.,married,tertiary,no,19,no,no,cellular,26,aug,131,2,-1,0,unknown,no,2026-07-22 16:00:00
58,admin.,married,secondary,no,826,no,no,unknown,12,jun,885,1,-1,0,unknown,yes,2026-07-22 17:00:00
46,management,married,secondary,no,0,no,no,cellular,27,aug,38,6,-1,0,unknown,no,2026-07-22 18:00:00
39,blue-collar,married,unknown,no,621,yes,no,cellular,20,apr,1333,5,-1,0,unknown,yes,2026-07-22 19:00:00
30,admin.,single,secondary,no,223,yes,no,unknown,6,jun,862,11,-1,0,unknown,yes,2026-07-22 20:00:00
36,services,single,secondary,no,365,no,no,cellular,4,may,643,1,-1,0,unknown,yes,2026-07-22 21:00:00
60,management,married,secondary,no,0,no,no,telephone,18,aug,280,3,-1,0,unknown,no,2026-07-22 22:00:00
50,blue-collar,married,tertiary,no,1784,no,no,cellular,19,nov,1184,3,160,1,failure,no,2026-07-22 23:00:00
44,technician,single,tertiary,no,2033,no,no,cellular,27,may,158,1,-1,0,unknown,no,2026-07-23 00:00:00
38,services,married,secondary,no,-762,yes,yes,unknown,30,may,408,2,-1,0,unknown,no,2026-07-23 01:00:00
45,services,married,primary,no,137,yes,no,unknown,9,may,274,2,-1,0,unknown,no,2026-07-23 02:00:00
38,blue-collar,married,secondary,no,1698,yes,yes,cellular,21,jul,239,2,-1,0,unknown,no,2026-07-23 03:00:00
35,technician,single,secondary,no,2144,yes,no,unknown,13,may,188,2,-1,0,unknown,no,2026-07-23 04:00:00
51,blue-collar,married,primary,no,1466,yes,no,unknown,7,may,406,2,-1,0,unknown,no,2026-07-23 05:00:00
30,services,single,secondary,no,-97,yes,no,unknown,4,jun,126,2,-1,0,unknown,no,2026-07-23 06:00:00
36,management,married,tertiary,no,0,yes,yes,unknown,3,jun,599,3,-1,0,unknown,no,2026-07-23 07:00:00
32,blue-collar,single,secondary,no,1211,yes,no,unknown,19,may,206,4,-1,0,unknown,no,2026-07-23 08:00:00
40,management,married,tertiary,no,1041,yes,no,unknown,12,jun,73,1,-1,0,unknown,no,2026-07-23 09:00:00
32,blue-collar,single,secondary,no,427,no,no,unknown,20,sep,11,1,-1,0,unknown,no,2026-07-23 10:00:00
41,housemaid,divorced,secondary,no,43,yes,no,telephone,17,apr,198,1,-1,0,unknown,no,2026-07-23 11:00:00
30,admin.,married,secondary,no,518,yes,no,cellular,8,may,127,1,-1,0,unknown,no,2026-07-23 12:00:00
59,housemaid,married,primary,no,96,no,no,cellular,6,aug,88,2,-1,0,unknown,no,2026-07-23 13:00:00
64,retired,married,secondary,no,243,no,no,cellular,22,feb,144,1,175,1,failure,no,2026-07-23 14:00:00
22,services,married,secondary,no,83,yes,no,unknown,13,may,101,1,-1,0,unknown,no,2026-07-23 15:00:00
39,management,married,secondary,no,315,yes,no,telephone,17,apr,141,4,-1,0,unknown,no,2026-07-23 16:00:00
38,technician,married,secondary,no,63,no,no,cellular,20,aug,320,4,-1,0,unknown,no,2026-07-23 17:00:00
39,blue-collar,divorced,primary,no,815,yes,no,cellular,18,may,22,3,-1,0,unknown,no,2026-07-23 18:00:00
46,blue-collar,divorced,primary,no,219,yes,no,cellular,21,nov,729,1,-1,0,unknown,yes,2026-07-23 19:00:00
25,technician,single,secondary,no,886,no,no,cellular,12,aug,121,1,-1,0,unknown,no,2026-07-23 20:00:00
28,self-employed,single,tertiary,no,4579,no,no,cellular,12,jan,409,2,-1,0,unknown,yes,2026-07-23 21:00:00
55,management,divorced,primary,no,3629,yes,no,unknown,30,may,87,1,-1,0,unknown,no,2026-07-23 22:00:00
42,self-employed,married,secondary,no,634,yes,no,cellular,9,jul,61,1,-1,0,unknown,no,2026-07-23 23:00:00
49,technician,married,unknown,no,-287,yes,no,unknown,26,may,49,1,-1,0,unknown,no,2026-07-24 00:00:00
29,blue-collar,single,secondary,no,223,no,no,cellular,24,jul,1259,1,-1,0,unknown,no,2026-07-24 01:00:00
36,technician,married,secondary,no,191,no,no,cellular,31,aug,69,1,-1,0,unknown,no,2026-07-24 02:00:00
32,blue-collar,married,secondary,no,435,yes,no,cellular,17,apr,456,1,331,1,failure,no,2026-07-24 03:00:00
30,management,single,tertiary,no,499,yes,no,cellular,21,may,145,1,281,3,failure,no,2026-07-24 04:00:00
58,technician,married,secondary,no,201,no,no,cellular,10,jul,82,5,-1,0,unknown,no,2026-07-24 05:00:00
37,admin.,single,secondary,no,728,no,no,cellular,3,feb,129,1,174,2,other,yes,2026-07-24 06:00:00
37,management,single,secondary,no,8311,yes,no,cellular,16,apr,474,2,-1,0,unknown,no,2026-07-24 07:00:00
43,technician,married,secondary,no,34,yes,no,cellular,24,jul,96,3,-1,0,unknown,no,2026-07-24 08:00:00
38,blue-collar,married,secondary,no,97,yes,no,cellular,11,may,169,2,-1,0,unknown,no,2026-07-24 09:00:00
58,housemaid,divorced,secondary,no,0,no,no,cellular,2,jul,478,2,-1,0,unknown,yes,2026-07-24 10:00:00
45,admin.,married,secondary,no,149,yes,no,unknown,23,may,893,3,-1,0,unknown,yes,2026-07-24 11:00:00
42,technician,married,secondary,no,233,no,no,cellular,8,apr,98,1,231,4,failure,no,2026-07-24 12:00:00
35,management,married,tertiary,no,249,yes,no,cellular,6,aug,127,2,-1,0,unknown,no,2026-07-24 13:00:00
29,admin.,single,secondary,no,2768,yes,no,cellular,29,jan,69,1,241,4,failure,no,2026-07-24 14:00:00
37,blue-collar,single,secondary,no,336,yes,no,unknown,12,may,152,5,-1,0,unknown,no,2026-07-24 15:00:00
33,admin.,single,secondary,no,690,no,no,cellular,10,nov,223,3,555,16,failure,no,2026-07-24 16:00:00
51,technician,married,unknown,no,-174,yes,yes,cellular,17,nov,348,1,-1,0,unknown,no,2026-07-24 17:00:00
34,blue-collar,single,secondary,no,4963,yes,no,cellular,18,jul,226,1,-1,0,unknown,no,2026-07-24 18:00:00
52,housemaid,married,secondary,no,14363,no,no,unknown,5,jun,132,1,-1,0,unknown,no,2026-07-24 19:00:00
33,services,divorced,secondary,no,991,yes,no,unknown,27,may,148,1,-1,0,unknown,no,2026-07-24 20:00:00
32,technician,married,secondary,no,587,yes,no,unknown,23,may,203,1,-1,0,unknown,no,2026-07-24 21:00:00
45,management,married,tertiary,yes,-190,no,yes,cellular,26,aug,92,4,-1,0,unknown,no,2026-07-24 22:00:00
53,unemployed,married,secondary,no,94,no,no,cellular,10,aug,493,1,181,14,success,yes,2026-07-24 23:00:00
49,technician,married,secondary,no,6050,yes,no,unknown,14,may,229,2,-1,0,unknown,no,2026-07-25 00:00:00
37,self-employed,married,secondary,no,1523,no,yes,cellular,7,jul,316,2,-1,0,unknown,no,2026-07-25 01:00:00
63,admin.,married,secondary,no,-40,no,no,cellular,22,apr,99,3,-1,0,unknown,no,2026-07-25 02:00:00
56,blue-collar,married,primary,no,3643,no,no,unknown,20,jun,11,3,-1,0,unknown,no,2026-07-25 03:00:00
53,blue-collar,married,primary,no,306,no,no,cellular,28,jul,388,3,181,1,success,yes,2026-07-25 04:00:00
46,services,divorced,secondary,no,0,no,no,unknown,20,jun,1023,3,-1,0,unknown,yes,2026-07-25 05:00:00
34,technician,single,tertiary,no,2283,no,no,cellular,20,nov,790,1,-1,0,unknown,no,2026-07-25 06:00:00
56,management,divorced,tertiary,no,-141,no,no,cellular,28,jul,101,4,-1,0,unknown,no,2026-07-25 07:00:00
40,management,single,tertiary,no,402,yes,no,unknown,30,may,243,3,-1,0,unknown,no,2026-07-25 08:00:00
46,housemaid,single,secondary,no,198,yes,no,cellular,14,may,93,1,350,1,other,no,2026-07-25 09:00:00
50,blue-collar,married,secondary,no,0,no,no,cellular,30,jul,144,9,-1,0,unknown,no,2026-07-25 10:00:00
32,management,married,secondary,no,134,yes,yes,cellular,15,may,532,3,-1,0,unknown,yes,2026-07-25 11:00:00
35,unemployed,divorced,secondary,no,45,no,no,unknown,12,jun,40,6,-1,0,unknown,no,2026-07-25 12:00:00
35,blue-collar,married,primary,no,319,yes,no,cellular,16,jul,221,1,-1,0,unknown,no,2026-07-25 13:00:00
35,management,divorced,tertiary,no,26,no,no,cellular,16,apr,78,2,-1,0,unknown,yes,2026-07-25 14:00:00
32,admin.,married,tertiary,no,882,no,no,unknown,23,may,569,3,-1,0,unknown,no,2026-07-25 15:00:00
39,admin.,divorced,secondary,no,765,no,no,unknown,9,jun,155,3,-1,0,unknown,no,2026-07-25 16:00:00
36,management,single,secondary,no,1331,yes,no,cellular,13,may,77,3,174,1,other,no,2026-07-25 17:00:00
35,entrepreneur,married,primary,no,29397,yes,no,cellular,21,nov,166,1,-1,0,unknown,no,2026-07-25 18:00:00
34,self-employed,single,secondary,no,3,yes,no,unknown,5,may,301,1,-1,0,unknown,no,2026-07-25 19:00:00
33,management,married,tertiary,no,5,yes,no,unknown,7,aug,12,1,-1,0,unknown,no,2026-07-25 20:00:00
30,admin.,single,tertiary,no,726,no,no,cellular,29,jan,103,1,-1,0,unknown,no,2026-07-25 21:00:00
55,blue-collar,divorced,primary,no,8180,no,no,cellular,14,may,854,2,360,1,failure,yes,2026-07-25 22:00:00
31,admin.,married,secondary,no,-474,yes,no,unknown,12,may,215,2,-1,0,unknown,no,2026-07-25 23:00:00
34,services,married,secondary,no,-196,yes,yes,unknown,26,may,16,1,-1,0,unknown,no,2026-07-26 00:00:00
30,admin.,divorced,secondary,no,83,yes,yes,cellular,18,nov,118,2,196,1,failure,no,2026-07-26 01:00:00
38,technician,single,secondary,no,0,no,no,cellular,22,aug,305,2,-1,0,unknown,no,2026-07-26 02:00:00
31,services,single,secondary,no,2251,yes,yes,cellular,17,jul,134,1,-1,0,unknown,no,2026-07-26 03:00:00
28,blue-collar,married,primary,no,4,yes,no,unknown,23,may,7,1,-1,0,unknown,no,2026-07-26 04:00:00
36,management,married,tertiary,no,269,yes,no,cellular,11,may,155,2,-1,0,unknown,no,2026-07-26 05:00:00
33,blue-collar,married,secondary,no,3576,yes,no,cellular,2,apr,124,1,308,2,other,no,2026-07-26 06:00:00
51,blue-collar,married,secondary,no,1151,yes,yes,cellular,29,jul,125,2,-1,0,unknown,no,2026-07-26 07:00:00
26,blue-collar,married,primary,no,399,yes,no,cellular,22,jul,1288,2,-1,0,unknown,no,2026-07-26 08:00:00
54,management,married,tertiary,no,11,no,no,unknown,14,may,452,2,-1,0,unknown,no,2026-07-26 09:00:00
51,self-employed,married,primary,no,106,yes,no,telephone,18,nov,366,3,110,2,failure,no,2026-07-26 10:00:00
31,unemployed,married,secondary,no,3242,no,no,unknown,25,jun,292,2,-1,0,unknown,no,2026-07-26 11:00:00
52,technician,married,secondary,yes,0,no,no,cellular,8,jul,584,2,-1,0,unknown,no,2026-07-26 12:00:00
54,housemaid,single,secondary,no,1213,no,no,cellular,12,nov,241,1,-1,0,unknown,yes,2026-07-26 13:00:00
37,admin.,married,tertiary,no,3913,yes,no,cellular,27,apr,124,1,-1,0,unknown,yes,2026-07-26 14:00:00
51,blue-collar,married,secondary,no,-286,yes,no,unknown,9,may,70,1,-1,0,unknown,no,2026-07-26 15:00:00
47,blue-collar,married,unknown,no,306,yes,no,unknown,5,may,13,1,-1,0,unknown,no,2026-07-26 16:00:00
30,entrepreneur,married,tertiary,no,3037,yes,no,cellular,15,may,10,5,175,7,other,no,2026-07-26 17:00:00
28,services,single,secondary,no,298,no,no,cellular,29,jan,914,2,-1,0,unknown,no,2026-07-26 18:00:00
39,admin.,divorced,secondary,no,878,yes,no,cellular,15,may,611,5,-1,0,unknown,yes,2026-07-26 19:00:00
51,technician,married,primary,no,1550,no,no,unknown,20,jun,12,5,-1,0,unknown,no,2026-07-26 20:00:00
51,technician,married,secondary,no,-396,yes,no,cellular,29,jul,179,6,-1,0,unknown,no,2026-07-26 21:00:00
42,blue-collar,married,secondary,no,2256,yes,no,unknown,16,jun,315,1,-1,0,unknown,no,2026-07-26 22:00:00
51,blue-collar,married,primary,no,176,no,yes,cellular,26,aug,80,2,-1,0,unknown,no,2026-07-26 23:00:00
28,blue-collar,married,primary,no,0,no,no,unknown,14,may,17,24,-1,0,unknown,no,2026-07-27 00:00:00
33,management,married,tertiary,no,71,no,no,cellular,26,feb,335,3,102,2,failure,yes,2026-07-27 01:00:00
60,management,married,primary,no,4895,no,no,unknown,9,jun,313,1,-1,0,unknown,no,2026-07-27 02:00:00
52,self-employed,married,secondary,no,273,no,no,unknown,7,may,227,1,-1,0,unknown,no,2026-07-27 03:00:00
21,blue-collar,single,secondary,no,1385,yes,no,cellular,20,apr,12,5,-1,0,unknown,no,2026-07-27 04:00:00
37,admin.,married,unknown,no,2236,yes,no,unknown,3,jun,495,2,-1,0,unknown,no,2026-07-27 05:00:00
51,retired,divorced,tertiary,no,126,no,yes,unknown,6,jun,152,1,-1,0,unknown,no,2026-07-27 06:00:00
44,technician,married,unknown,no,1127,yes,no,unknown,19,jun,118,4,-1,0,unknown,no,2026-07-27 07:00:00
58,entrepreneur,married,primary,no,1249,no,no,cellular,5,feb,187,1,-1,0,unknown,no,2026-07-27 08:00:00
53,entrepreneur,divorced,tertiary,no,196,yes,no,unknown,16,jun,178,7,-1,0,unknown,no,2026-07-27 09:00:00
55,management,married,tertiary,no,149,no,yes,telephone,25,jul,41,6,-1,0,unknown,no,2026-07-27 10:00:00
27,blue-collar,divorced,unknown,no,2323,yes,no,cellular,17,jul,153,1,-1,0,unknown,no,2026-07-27 11:00:00
29,blue-collar,married,primary,no,97,yes,no,cellular,13,may,431,2,-1,0,unknown,no,2026-07-27 12:00:00
45,self-employed,married,tertiary,no,582,no,no,cellular,17,nov,148,1,-1,0,unknown,no,2026-07-27 13:00:00
34,student,single,unknown,no,5969,no,no,cellular,23,jun,442,2,292,10,failure,no,2026-07-27 14:00:00
36,blue-collar,married,primary,no,199,yes,no,unknown,12,may,165,4,-1,0,unknown,no,2026-07-27 15:00:00
37,management,married,tertiary,no,5432,yes,yes,unknown,20,may,774,1,-1,0,unknown,no,2026-07-27 16:00:00
31,services,single,secondary,no,-475,yes,no,telephone,12,may,232,3,-1,0,unknown,no,2026-07-27 17:00:00
42,housemaid,married,tertiary,no,-560,yes,yes,cellular,9,jul,630,4,-1,0,unknown,no,2026-07-27 18:00:00
56,unemployed,married,secondary,no,733,yes,no,unknown,20,jun,21,3,-1,0,unknown,no,2026-07-27 19:00:00
30,technician,single,secondary,no,659,yes,no,unknown,20,may,241,3,-1,0,unknown,no,2026-07-27 20:00:00
27,technician,single,secondary,no,643,no,no,cellular,13,jul,317,1,-1,0,unknown,yes,2026-07-27 21:00:00
31,admin.,divorced,secondary,no,11,yes,no,cellular,18,may,17,7,350,9,other,no,2026-07-27 22:00:00
31,technician,single,tertiary,no,424,no,no,cellular,29,jan,106,1,161,2,failure,no,2026-07-27 23:00:00
57,retired,married,secondary,no,718,no,no,cellular,3,jun,170,1,-1,0,unknown,no,2026-07-28 00:00:00
34,technician,married,tertiary,no,100,no,no,cellular,20,aug,196,2,-1,0,unknown,no,2026-07-28 01:00:00
37,admin.,married,secondary,no,1314,yes,no,cellular,21,aug,200,1,91,10,failure,no,2026-07-28 02:00:00
34,admin.,married,secondary,no,0,yes,no,cellular,9,feb,30,4,-1,0,unknown,no,2026-07-28 03:00:00
54,management,married,tertiary,no,707,yes,no,telephone,23,jul,272,2,-1,0,unknown,no,2026-07-28 04:00:00
39,admin.,married,tertiary,no,1022,yes,yes,cellular,28,jan,123,2,-1,0,unknown,no,2026-07-28 05:00:00
58,unknown,married,unknown,no,219,no,no,unknown,18,jun,55,1,-1,0,unknown,no,2026-07-28 06:00:00
30,technician,single,secondary,no,1165,no,no,cellular,4,jun,204,2,183,3,success,yes,2026-07-28 07:00:00
40,blue-collar,married,primary,no,2805,yes,no,cellular,14,may,173,6,353,23,failure,no,2026-07-28 08:00:00
26,unknown,single,secondary,no,1187,no,no,unknown,17,nov,44,1,-1,0,unknown,no,2026-07-28 09:00:00
35,blue-collar,married,secondary,no,0,yes,yes,cellular,24,jul,250,1,-1,0,unknown,no,2026-07-28 10:00:00
32,admin.,married,secondary,no,344,yes,yes,cellular,11,aug,255,15,-1,0,unknown,no,2026-07-28 11:00:00
34,management,single,tertiary,no,682,no,no,cellular,27,aug,472,3,-1,0,unknown,no,2026-07-28 12:00:00
44,admin.,divorced,tertiary,no,558,yes,no,cellular,31,mar,262,2,-1,0,unknown,yes,2026-07-28 13:00:00
57,management,married,tertiary,no,1660,no,no,cellular,4,aug,642,1,-1,0,unknown,yes,2026-07-28 14:00:00
41,housemaid,married,primary,no,884,no,no,unknown,9,jun,322,1,-1,0,unknown,no,2026-07-28 15:00:00
37,management,single,tertiary,yes,45,yes,no,unknown,7,may,204,1,-1,0,unknown,no,2026-07-28 16:00:00
34,services,divorced,secondary,no,5934,yes,no,cellular,29,jul,82,7,-1,0,unknown,no,2026-07-28 17:00:00
50,unknown,single,unknown,no,490,no,no,unknown,12,jun,189,1,-1,0,unknown,no,2026-07-28 18:00:00
41,technician,married,secondary,no,4004,no,no,cellular,17,apr,314,2,-1,0,unknown,yes,2026-07-28 19:00:00
42,technician,married,secondary,no,0,no,no,unknown,9,jun,81,1,-1,0,unknown,no,2026-07-28 20:00:00
52,blue-collar,married,secondary,no,698,no,no,telephone,30,jul,38,2,-1,0,unknown,no,2026-07-28 21:00:00
38,management,single,unknown,no,715,yes,no,cellular,21,nov,140,1,185,2,failure,no,2026-07-28 22:00:00
32,services,single,secondary,no,758,yes,no,cellular,14,apr,262,1,-1,0,unknown,no,2026-07-28 23:00:00
56,blue-collar,married,secondary,no,316,yes,no,unknown,19,may,27,1,-1,0,unknown,no,2026-07-29 00:00:00
25,services,married,secondary,no,4063,yes,no,unknown,27,may,64,1,-1,0,unknown,no,2026-07-29 01:00:00
36,management,married,tertiary,no,101,yes,yes,unknown,5,may,426,1,-1,0,unknown,no,2026-07-29 02:00:00
35,blue-collar,married,secondary,no,0,yes,yes,cellular,20,apr,123,3,-1,0,unknown,no,2026-07-29 03:00:00
29,student,single,secondary,no,78,no,no,cellular,30,apr,239,1,-1,0,unknown,yes,2026-07-29 04:00:00
41,admin.,single,secondary,no,669,yes,no,cellular,16,apr,375,2,-1,0,unknown,no,2026-07-29 05:00:00
47,management,married,unknown,no,1128,no,no,cellular,28,jan,65,2,-1,0,unknown,no,2026-07-29 06:00:00
36,technician,divorced,secondary,no,141,yes,no,unknown,19,may,165,5,-1,0,unknown,no,2026-07-29 07:00:00
40,self-employed,married,secondary,no,2,no,no,cellular,22,aug,197,5,-1,0,unknown,no,2026-07-29 08:00:00
42,unemployed,married,secondary,no,396,no,yes,unknown,20,jun,47,2,-1,0,unknown,no,2026-07-29 09:00:00
36,services,married,secondary,no,24,yes,yes,unknown,11,jun,100,5,-1,0,unknown,no,2026-07-29 10:00:00
45,housemaid,married,primary,no,1526,yes,no,telephone,28,jan,109,1,-1,0,unknown,no,2026-07-29 11:00:00
48,technician,married,primary,no,235,no,no,cellular,9,sep,386,2,191,3,success,yes,2026-07-29 12:00:00
30,blue-collar,single,primary,no,395,no,no,cellular,21,nov,429,1,-1,0,unknown,no,2026-07-29 13:00:00
51,blue-collar,married,primary,no,1694,no,no,cellular,13,aug,186,2,-1,0,unknown,no,2026-07-29 14:00:00
27,admin.,married,secondary,no,512,yes,no,cellular,22,jul,259,1,-1,0,unknown,no,2026-07-29 15:00:00
37,blue-collar,single,primary,no,7027,no,no,unknown,9,jun,65,1,-1,0,unknown,no,2026-07-29 16:00:00
43,services,divorced,unknown,no,2363,yes,no,cellular,17,nov,229,1,-1,0,unknown,no,2026-07-29 17:00:00
41,technician,single,tertiary,no,6029,yes,no,unknown,14,may,254,2,-1,0,unknown,no,2026-07-29 18:00:00
66,retired,married,primary,no,1943,no,no,cellular,24,aug,401,1,-1,0,unknown,no,2026-07-29 19:00:00
30,technician,married,tertiary,no,569,no,no,cellular,27,aug,976,12,-1,0,unknown,yes,2026-07-29 20:00:00
46,blue-collar,married,secondary,no,2944,no,no,unknown,20,jun,20,5,-1,0,unknown,no,2026-07-29 21:00:00
58,retired,married,secondary,no,53,no,no,cellular,31,jul,102,2,-1,0,unknown,no,2026-07-29 22:00:00
33,management,married,tertiary,no,289,no,no,cellular,23,sep,333,1,-1,0,unknown,no,2026-07-29 23:00:00
24,admin.,married,secondary,no,61,yes,yes,cellular,7,may,278,1,343,2,other,no,2026-07-30 00:00:00
41,management,married,tertiary,no,1254,no,no,cellular,4,aug,272,1,-1,0,unknown,no,2026-07-30 01:00:00
43,technician,single,secondary,no,326,yes,no,cellular,15,jul,87,8,-1,0,unknown,no,2026-07-30 02:00:00
34,housemaid,married,secondary,no,-97,yes,yes,cellular,8,jul,119,2,-1,0,unknown,no,2026-07-30 03:00:00
50,technician,divorced,unknown,no,2794,no,no,cellular,12,aug,1336,2,-1,0,unknown,yes,2026-07-30 04:00:00
44,services,married,secondary,no,742,no,no,telephone,30,jul,77,5,-1,0,unknown,no,2026-07-30 05:00:00
52,technician,married,tertiary,no,7,no,yes,unknown,5,may,175,1,-1,0,unknown,no,2026-07-30 06:00:00
32,services,single,secondary,no,148,yes,no,cellular,18,nov,150,1,-1,0,unknown,no,2026-07-30 07:00:00
48,admin.,married,secondary,no,257,yes,no,telephone,8,may,186,4,358,11,failure,no,2026-07-30 08:00:00
44,technician,married,tertiary,no,964,no,no,cellular,29,jul,158,2,-1,0,unknown,no,2026-07-30 09:00:00
55,admin.,divorced,secondary,no,3524,yes,no,unknown,19,may,492,6,-1,0,unknown,no,2026-07-30 10:00:00
43,admin.,divorced,secondary,no,15511,yes,no,unknown,2,jun,484,1,-1,0,unknown,no,2026-07-30 11:00:00
39,admin.,divorced,secondary,no,43,yes,no,cellular,4,feb,108,1,-1,0,unknown,no,2026-07-30 12:00:00
37,management,married,tertiary,yes,-22,no,no,cellular,29,jan,128,1,-1,0,unknown,no,2026-07-30 13:00:00
47,management,married,tertiary,no,385,yes,no,cellular,17,apr,145,1,323,4,failure,no,2026-07-30 14:00:00
34,admin.,married,tertiary,no,69,no,yes,cellular,25,nov,296,1,205,2,failure,yes,2026-07-30 15:00:00
74,retired,married,primary,no,279,no,no,telephone,15,oct,227,1,-1,0,unknown,no,2026-07-30 16:00:00
34,admin.,single,secondary,no,0,yes,no,cellular,11,may,66,1,301,3,failure,no,2026-07-30 17:00:00
55,management,married,secondary,no,566,yes,no,cellular,17,apr,107,1,-1,0,unknown,no,2026-07-30 18:00:00
27,services,single,secondary,no,343,yes,no,cellular,20,apr,282,2,320,1,other,no,2026-07-30 19:00:00
35,entrepreneur,single,tertiary,no,1416,yes,no,cellular,6,may,100,1,169,12,other,no,2026-07-30 20:00:00
27,management,single,tertiary,no,385,no,yes,cellular,31,jul,52,7,-1,0,unknown,no,2026-07-30 21:00:00
33,entrepreneur,married,tertiary,no,114,no,yes,cellular,28,jul,57,3,-1,0,unknown,no,2026-07-30 22:00:00
54,housemaid,single,unknown,no,6020,no,no,unknown,6,jun,24,1,-1,0,unknown,no,2026-07-30 23:00:00
55,services,married,tertiary,no,606,no,yes,cellular,18,nov,114,2,-1,0,unknown,no,2026-07-31 00:00:00
56,services,married,secondary,no,750,no,yes,cellular,11,aug,92,3,-1,0,unknown,no,2026-07-31 01:00:00
48,services,divorced,primary,no,927,no,no,unknown,6,jun,201,6,-1,0,unknown,no,2026-07-31 02:00:00
50,blue-collar,married,secondary,no,418,no,yes,cellular,12,aug,867,2,-1,0,unknown,no,2026-07-31 03:00:00
29,unemployed,single,tertiary,no,150,yes,no,cellular,5,may,165,1,-1,0,unknown,no,2026-07-31 04:00:00
30,blue-collar,single,secondary,no,-93,yes,no,unknown,27,may,149,2,-1,0,unknown,no,2026-07-31 05:00:00
53,blue-collar,married,secondary,no,136,yes,no,unknown,15,may,99,1,-1,0,unknown,no,2026-07-31 06:00:00
58,retired,married,secondary,no,425,yes,yes,cellular,17,nov,100,1,-1,0,unknown,no,2026-07-31 07:00:00
32,blue-collar,single,secondary,no,1415,yes,no,cellular,17,apr,645,1,345,1,failure,no,2026-07-31 08:00:00
51,blue-collar,married,primary,no,565,yes,yes,cellular,5,may,157,7,250,3,failure,no,2026-07-31 09:00:00
37,management,married,secondary,no,121,no,yes,cellular,17,nov,211,2,151,2,failure,no,2026-07-31 10:00:00
30,technician,single,secondary,no,516,yes,no,cellular,6,may,66,2,-1,0,unknown,no,2026-07-31 11:00:00
46,housemaid,married,secondary,no,1000,no,no,cellular,18,aug,96,11,-1,0,unknown,no,2026-07-31 12:00:00
51,management,single,unknown,no,-461,yes,no,unknown,28,may,33,2,-1,0,unknown,no,2026-07-31 13:00:00
56,blue-collar,married,primary,no,8318,yes,no,unknown,16,may,428,2,-1,0,unknown,no,2026-07-31 14:00:00
33,management,married,secondary,yes,7,no,yes,cellular,20,aug,239,2,-1,0,unknown,no,2026-07-31 15:00:00
27,services,single,secondary,no,3977,no,no,cellular,6,feb,108,2,-1,0,unknown,no,2026-07-31 16:00:00
31,blue-collar,married,secondary,no,255,yes,yes,cellular,18,may,295,1,-1,0,unknown,no,2026-07-31 17:00:00
46,blue-collar,married,secondary,no,1287,no,no,cellular,23,jul,229,1,-1,0,unknown,no,2026-07-31 18:00:00
43,admin.,married,primary,no,-516,yes,no,unknown,28,may,438,2,-1,0,unknown,no,2026-07-31 19:00:00
41,management,divorced,tertiary,no,292,yes,no,unknown,8,may,352,2,-1,0,unknown,no,2026-07-31 20:00:00
58,self-employed,married,tertiary,no,8014,yes,no,cellular,19,nov,697,2,184,3,failure,no,2026-07-31 21:00:00
58,retired,married,primary,yes,-235,no,yes,telephone,27,may,93,2,-1,0,unknown,no,2026-07-31 22:00:00
40,management,married,tertiary,no,542,yes,no,cellular,20,nov,1816,1,-1,0,unknown,no,2026-07-31 23:00:00
35,entrepreneur,single,tertiary,no,1800,yes,no,unknown,5,jun,53,1,-1,0,unknown,no,2026-08-01 00:00:00
34,blue-collar,married,secondary,no,563,no,yes,cellular,5,feb,384,1,2,2,failure,no,2026-08-01 01:00:00
30,unemployed,divorced,secondary,no,7105,no,no,cellular,22,dec,321,2,-1,0,unknown,yes,2026-08-01 02:00:00
31,management,married,tertiary,no,272,yes,no,cellular,9,jul,174,1,-1,0,unknown,no,2026-08-01 03:00:00
49,management,divorced,tertiary,no,169,yes,no,unknown,28,may,174,1,-1,0,unknown,no,2026-08-01 04:00:00
39,housemaid,single,primary,no,1340,no,no,unknown,18,jun,113,2,-1,0,unknown,no,2026-08-01 05:00:00
57,services,divorced,secondary,no,739,yes,no,unknown,20,may,352,5,-1,0,unknown,no,2026-08-01 06:00:00
36,technician,single,secondary,no,966,no,no,cellular,8,oct,135,2,91,13,failure,no,2026-08-01 07:00:00
45,services,married,unknown,no,9,yes,no,telephone,29,jul,186,2,-1,0,unknown,no,2026-08-01 08:00:00
26,blue-collar,single,secondary,no,0,no,no,telephone,28,jul,55,2,-1,0,unknown,no,2026-08-01 09:00:00
58,technician,single,secondary,no,382,no,no,cellular,13,aug,460,2,-1,0,unknown,no,2026-08-01 10:00:00
35,management,married,secondary,no,2311,yes,no,cellular,5,may,659,1,167,1,failure,no,2026-08-01 11:00:00
42,blue-collar,married,secondary,no,1134,yes,no,unknown,28,may,424,3,-1,0,unknown,no,2026-08-01 12:00:00
34,blue-collar,single,secondary,no,186,no,no,cellular,2,feb,342,1,-1,0,unknown,no,2026-08-01 13:00:00
32,blue-collar,single,secondary,no,799,no,yes,cellular,23,jul,2078,6,-1,0,unknown,yes,2026-08-01 14:00:00
33,technician,single,secondary,no,422,no,no,cellular,21,aug,289,2,-1,0,unknown,no,2026-08-01 15:00:00
35,housemaid,married,primary,no,1266,yes,no,cellular,14,jul,84,2,-1,0,unknown,no,2026-08-01 16:00:00
29,technician,married,secondary,no,273,no,no,cellular,4,feb,2775,2,-1,0,unknown,yes,2026-08-01 17:00:00
56,services,married,unknown,no,616,no,no,unknown,18,jun,1812,1,-1,0,unknown,no,2026-08-01 18:00:00
33,admin.,married,tertiary,no,4984,yes,no,cellular,4,may,181,2,-1,0,unknown,no,2026-08-01 19:00:00
34,technician,divorced,secondary,no,1451,yes,no,unknown,30,may,1097,15,-1,0,unknown,yes,2026-08-01 20:00:00
29,technician,single,secondary,no,6,no,no,cellular,25,may,315,1,-1,0,unknown,yes,2026-08-01 21:00:00
40,blue-collar,divorced,primary,no,54,yes,no,cellular,13,may,10,5,362,3,other,no,2026-08-01 22:00:00
32,management,married,tertiary,no,4761,yes,no,cellular,5,may,159,2,350,2,failure,no,2026-08-01 23:00:00
24,blue-collar,single,secondary,no,1690,yes,yes,cellular,15,may,543,3,350,3,failure,no,2026-08-02 00:00:00
45,management,married,secondary,no,625,no,no,unknown,20,jun,13,3,-1,0,unknown,no,2026-08-02 01:00:00
57,blue-collar,married,primary,no,3109,no,no,cellular,15,sep,107,2,105,2,success,yes,2026-08-02 02:00:00
58,blue-collar,married,secondary,no,584,no,no,cellular,28,jan,339,1,-1,0,unknown,no,2026-08-02 03:00:00
31,services,single,secondary,no,-32,yes,no,unknown,23,may,157,1,-1,0,unknown,no,2026-08-02 04:00:00
34,technician,single,secondary,no,302,yes,no,unknown,14,may,282,1,-1,0,unknown,no,2026-08-02 05:00:00
40,technician,married,secondary,no,-282,yes,no,unknown,6,jun,223,3,-1,0,unknown,no,2026-08-02 06:00:00
41,blue-collar,married,secondary,no,2413,no,no,unknown,16,jun,64,3,-1,0,unknown,no,2026-08-02 07:00:00
44,blue-collar,married,secondary,no,3060,yes,no,cellular,20,apr,87,2,151,3,failure,no,2026-08-02 08:00:00
42,management,married,tertiary,no,1220,yes,no,telephone,28,jul,155,2,-1,0,unknown,no,2026-08-02 09:00:00
44,technician,divorced,secondary,no,106,yes,no,unknown,26,may,95,1,-1,0,unknown,no,2026-08-02 10:00:00
37,housemaid,married,primary,no,0,no,no,cellular,29,aug,17,12,-1,0,unknown,no,2026-08-02 11:00:00
34,management,married,tertiary,no,703,yes,no,cellular,14,apr,342,1,-1,0,unknown,yes,2026-08-02 12:00:00
31,technician,single,secondary,no,0,no,no,cellular,29,aug,157,2,-1,0,unknown,no,2026-08-02 13:00:00
46,self-employed,married,tertiary,no,2303,yes,no,unknown,7,may,241,1,-1,0,unknown,no,2026-08-02 14:00:00
39,technician,married,secondary,no,0,yes,no,cellular,23,oct,622,1,184,1,success,no,2026-08-02 15:00:00
46,management,divorced,tertiary,no,25,no,no,unknown,26,may,103,2,-1,0,unknown,no,2026-08-02 16:00:00
31,blue-collar,married,secondary,no,0,no,yes,telephone,15,jul,275,2,-1,0,unknown,no,2026-08-02 17:00:00
34,technician,single,tertiary,no,482,yes,no,cellular,20,apr,69,3,-1,0,unknown,no,2026-08-02 18:00:00
33,admin.,married,secondary,no,920,no,no,cellular,30,apr,344,1,-1,0,unknown,yes,2026-08-02 19:00:00
51,blue-collar,married,primary,no,230,yes,no,unknown,6,may,673,1,-1,0,unknown,no,2026-08-02 20:00:00
33,services,divorced,secondary,no,1194,yes,no,cellular,30,jan,166,1,-1,0,unknown,no,2026-08-02 21:00:00
35,management,married,secondary,yes,-550,no,yes,cellular,23,jul,874,3,-1,0,unknown,no,2026-08-02 22:00:00
51,management,married,tertiary,no,333,no,yes,cellular,17,jul,234,1,-1,0,unknown,no,2026-08-02 23:00:00
36,management,married,tertiary,no,1125,yes,yes,unknown,16,may,339,5,-1,0,unknown,no,2026-08-03 00:00:00
59,retired,married,primary,no,1930,no,no,unknown,11,jun,453,1,-1,0,unknown,no,2026-08-03 01:00:00
43,management,divorced,tertiary,no,1,yes,yes,unknown,2,jun,28,8,-1,0,unknown,no,2026-08-03 02:00:00
33,blue-collar,married,primary,no,28,no,yes,cellular,5,feb,144,2,-1,0,unknown,no,2026-08-03 03:00:00
39,unemployed,single,secondary,no,2208,no,no,telephone,22,may,23,2,-1,0,unknown,no,2026-08-03 04:00:00
32,admin.,married,secondary,no,347,yes,no,cellular,31,jul,155,13,-1,0,unknown,no,2026-08-03 05:00:00
60,retired,divorced,tertiary,no,2166,no,no,unknown,20,jun,8,9,-1,0,unknown,no,2026-08-03 06:00:00
28,services,married,secondary,no,376,no,yes,telephone,29,jul,49,4,-1,0,unknown,no,2026-08-03 07:00:00
38,technician,married,secondary,no,6975,no,no,unknown,9,jun,186,3,-1,0,unknown,no,2026-08-03 08:00:00
49,services,married,secondary,no,1377,yes,no,unknown,7,may,1101,1,-1,0,unknown,no,2026-08-03 09:00:00
37,technician,married,tertiary,no,247,no,no,cellular,20,aug,625,6,-1,0,unknown,yes,2026-08-03 10:00:00
53,management,married,tertiary,no,-1112,yes,no,cellular,13,may,53,3,308,1,failure,no,2026-08-03 11:00:00
29,blue-collar,married,secondary,no,-493,yes,no,cellular,18,may,536,2,334,4,failure,yes,2026-08-03 12:00:00
56,management,married,secondary,no,819,no,no,unknown,9,jun,55,1,-1,0,unknown,no,2026-08-03 13:00:00
39,management,single,tertiary,no,168,no,no,cellular,28,jul,56,9,-1,0,unknown,no,2026-08-03 14:00:00
52,self-employed,married,secondary,no,6353,yes,yes,unknown,19,may,361,2,-1,0,unknown,no,2026-08-03 15:00:00
35,blue-collar,married,primary,no,1347,yes,yes,cellular,20,apr,360,1,-1,0,unknown,no,2026-08-03 16:00:00
43,self-employed,married,tertiary,no,423,no,no,cellular,14,aug,3322,2,-1,0,unknown,no,2026-08-03 17:00:00
33,admin.,single,tertiary,no,12704,yes,no,cellular,21,nov,246,2,-1,0,unknown,no,2026-08-03 18:00:00
28,management,single,tertiary,no,0,yes,no,unknown,27,may,290,1,-1,0,unknown,no,2026-08-03 19:00:00
52,management,married,tertiary,no,261,yes,no,unknown,12,jun,437,2,-1,0,unknown,no,2026-08-03 20:00:00
41,management,married,tertiary,no,9935,no,no,telephone,21,nov,49,1,-1,0,unknown,no,2026-08-03 21:00:00
50,management,married,tertiary,no,101,yes,no,cellular,6,apr,43,2,326,1,failure,no,2026-08-03 22:00:00
38,blue-collar,divorced,secondary,no,727,yes,no,unknown,16,jun,119,2,-1,0,unknown,no,2026-08-03 23:00:00
44,admin.,divorced,secondary,no,21,yes,no,cellular,13,apr,681,3,-1,0,unknown,no,2026-08-04 00:00:00
43,blue-collar,married,primary,no,0,yes,no,unknown,12,may,3,1,-1,0,unknown,no,2026-08-04 01:00:00
34,services,married,tertiary,no,1442,no,no,cellular,11,dec,234,1,-1,0,unknown,no,2026-08-04 02:00:00
56,self-employed,married,tertiary,no,350,no,no,cellular,3,feb,83,3,-1,0,unknown,no,2026-08-04 03:00:00
29,blue-collar,married,primary,no,1615,yes,no,unknown,28,may,551,1,-1,0,unknown,no,2026-08-04 04:00:00
35,management,single,tertiary,no,331,yes,no,cellular,18,may,30,5,-1,0,unknown,no,2026-08-04 05:00:00
37,management,married,tertiary,no,725,no,no,cellular,26,aug,162,13,-1,0,unknown,no,2026-08-04 06:00:00
35,blue-collar,single,tertiary,no,573,no,no,unknown,30,may,116,3,-1,0,unknown,no,2026-08-04 07:00:00
40,management,married,secondary,no,408,yes,no,unknown,20,jun,37,4,-1,0,unknown,no,2026-08-04 08:00:00
41,management,married,secondary,no,501,no,no,cellular,6,aug,150,4,-1,0,unknown,no,2026-08-04 09:00:00
34,admin.,single,secondary,no,4447,yes,no,cellular,2,jun,159,1,84,2,failure,no,2026-08-04 10:00:00
57,management,married,tertiary,no,929,no,no,cellular,19,aug,387,8,-1,0,unknown,no,2026-08-04 11:00:00
44,entrepreneur,married,tertiary,no,1,yes,no,cellular,13,may,123,2,-1,0,unknown,no,2026-08-04 12:00:00
31,management,married,tertiary,no,804,no,no,cellular,21,nov,128,2,-1,0,unknown,no,2026-08-04 13:00:00
30,technician,married,secondary,no,-306,yes,yes,unknown,16,may,203,1,-1,0,unknown,no,2026-08-04 14:00:00
38,housemaid,married,primary,no,196,no,no,cellular,30,apr,574,1,-1,0,unknown,yes,2026-08-04 15:00:00
37,blue-collar,married,secondary,no,103,yes,no,cellular,12,may,153,1,-1,0,unknown,no,2026-08-04 16:00:00
40,management,married,secondary,no,4025,yes,no,cellular,21,nov,139,2,129,4,failure,no,2026-08-04 17:00:00
48,technician,married,secondary,no,566,no,no,cellular,7,aug,51,3,-1,0,unknown,no,2026-08-04 18:00:00
47,blue-collar,married,secondary,no,1230,yes,no,cellular,30,apr,412,1,169,1,success,yes,2026-08-04 19:00:00
48,services,married,secondary,yes,-20,no,no,cellular,20,aug,142,2,-1,0,unknown,no,2026-08-04 20:00:00
35,technician,single,secondary,no,2,no,no,cellular,11,aug,239,4,-1,0,unknown,no,2026-08-04 21:00:00
47,retired,married,secondary,no,477,no,no,unknown,16,jun,68,3,-1,0,unknown,no,2026-08-04 22:00:00
44,technician,single,secondary,no,2403,yes,no,unknown,30,may,158,1,-1,0,unknown,no,2026-08-04 23:00:00
38,technician,married,secondary,no,403,yes,yes,unknown,17,jun,99,8,-1,0,unknown,no,2026-08-05 00:00:00
35,admin.,single,secondary,no,203,yes,no,cellular,10,jul,301,1,-1,0,unknown,no,2026-08-05 01:00:00
37,services,married,secondary,no,184,yes,no,cellular,20,apr,53,1,348,3,failure,no,2026-08-05 02:00:00
39,self-employed,divorced,secondary,yes,-103,no,yes,unknown,5,jun,210,3,-1,0,unknown,no,2026-08-05 03:00:00
54,unknown,married,unknown,no,2508,no,no,unknown,20,jun,34,8,-1,0,unknown,no,2026-08-05 04:00:00
31,services,married,secondary,no,447,no,no,cellular,4,jun,327,3,77,3,success,yes,2026-08-05 05:00:00
51,blue-collar,married,unknown,no,37,yes,no,unknown,7,may,256,6,-1,0,unknown,no,2026-08-05 06:00:00
34,blue-collar,married,primary,no,1217,yes,no,cellular,20,apr,142,2,328,3,failure,no,2026-08-05 07:00:00
51,blue-collar,married,secondary,no,16,yes,yes,telephone,27,aug,145,2,-1,0,unknown,no,2026-08-05 08:00:00
44,blue-collar,married,primary,no,-11,yes,no,unknown,9,may,13,1,-1,0,unknown,no,2026-08-05 09:00:00
52,admin.,married,secondary,no,101,yes,yes,unknown,2,jun,140,4,-1,0,unknown,no,2026-08-05 10:00:00
36,technician,single,secondary,no,656,no,no,unknown,21,may,261,1,-1,0,unknown,no,2026-08-05 11:00:00
38,technician,single,secondary,no,1932,yes,no,cellular,11,jul,159,1,-1,0,unknown,no,2026-08-05 12:00:00
39,management,married,tertiary,no,540,yes,yes,unknown,23,may,1066,2,-1,0,unknown,no,2026-08-05 13:00:00
31,management,single,tertiary,no,548,yes,no,unknown,16,may,148,4,-1,0,unknown,no,2026-08-05 14:00:00
45,technician,married,primary,no,718,yes,no,unknown,14,may,135,1,-1,0,unknown,no,2026-08-05 15:00:00
40,self-employed,married,secondary,no,0,no,no,unknown,19,jun,61,1,-1,0,unknown,no,2026-08-05 16:00:00
40,services,married,primary,no,2469,no,yes,unknown,19,jun,202,2,-1,0,unknown,no,2026-08-05 17:00:00
46,blue-collar,married,secondary,no,1685,yes,no,cellular,29,aug,203,2,-1,0,unknown,no,2026-08-05 18:00:00
46,technician,divorced,tertiary,no,288,yes,no,unknown,9,may,166,1,-1,0,unknown,no,2026-08-05 19:00:00
26,student,single,secondary,no,0,yes,no,unknown,5,may,610,2,-1,0,unknown,no,2026-08-05 20:00:00
29,blue-collar,married,secondary,no,912,yes,no,cellular,13,may,785,1,-1,0,unknown,no,2026-08-05 21:00:00
47,retired,divorced,primary,no,2576,no,no,unknown,12,jun,188,4,-1,0,unknown,no,2026-08-05 22:00:00
59,retired,divorced,tertiary,no,-134,no,no,cellular,14,aug,217,4,-1,0,unknown,no,2026-08-05 23:00:00
56,services,married,secondary,no,642,yes,no,cellular,30,jan,16,1,2,3,other,no,2026-08-06 00:00:00
45,technician,divorced,tertiary,no,917,no,no,cellular,27,aug,144,8,-1,0,unknown,no,2026-08-06 01:00:00
53,housemaid,married,primary,no,994,no,yes,cellular,28,jul,1339,3,-1,0,unknown,no,2026-08-06 02:00:00
46,technician,divorced,secondary,no,-154,yes,no,cellular,7,may,215,2,294,1,failure,no,2026-08-06 03:00:00
53,technician,divorced,secondary,no,989,yes,no,unknown,5,may,812,1,-1,0,unknown,no,2026-08-06 04:00:00
40,technician,married,secondary,no,1832,no,no,cellular,8,apr,179,2,-1,0,unknown,no,2026-08-06 05:00:00
56,blue-collar,single,primary,no,39,yes,no,telephone,8,may,191,2,347,5,failure,no,2026-08-06 06:00:00
34,management,single,tertiary,no,4687,no,no,cellular,26,aug,10,19,-1,0,unknown,no,2026-08-06 07:00:00
48,services,married,secondary,no,515,yes,no,telephone,20,apr,7,5,-1,0,unknown,no,2026-08-06 08:00:00
44,entrepreneur,married,secondary,no,1442,no,no,cellular,18,nov,280,2,-1,0,unknown,no,2026-08-06 09:00:00
47,management,married,tertiary,no,1147,no,no,cellular,27,feb,204,1,-1,0,unknown,no,2026-08-06 10:00:00
37,admin.,married,secondary,no,1026,yes,no,unknown,13,may,389,2,-1,0,unknown,no,2026-08-06 11:00:00
27,technician,single,secondary,no,430,yes,yes,unknown,30,may,78,3,-1,0,unknown,no,2026-08-06 12:00:00
30,blue-collar,married,secondary,no,791,yes,yes,cellular,22,jul,137,2,-1,0,unknown,no,2026-08-06 13:00:00
33,blue-collar,single,secondary,no,56,yes,no,unknown,8,may,112,2,-1,0,unknown,no,2026-08-06 14:00:00
33,blue-collar,married,secondary,no,1722,yes,no,cellular,20,apr,7,7,-1,0,unknown,no,2026-08-06 15:00:00
53,technician,single,tertiary,no,185,yes,no,cellular,8,may,1448,2,-1,0,unknown,yes,2026-08-06 16:00:00
34,blue-collar,single,secondary,no,1423,yes,no,cellular,21,nov,55,2,-1,0,unknown,no,2026-08-06 17:00:00
44,management,divorced,tertiary,no,5773,no,no,unknown,23,may,597,6,-1,0,unknown,yes,2026-08-06 18:00:00
42,management,married,tertiary,no,831,yes,no,cellular,14,jul,455,3,-1,0,unknown,no,2026-08-06 19:00:00
35,unemployed,married,tertiary,no,259,no,yes,cellular,21,nov,229,2,-1,0,unknown,no,2026-08-06 20:00:00
42,blue-collar,married,secondary,no,54,yes,no,unknown,28,may,268,1,-1,0,unknown,no,2026-08-06 21:00:00
48,services,divorced,secondary,no,858,yes,no,unknown,19,may,353,4,-1,0,unknown,no,2026-08-06 22:00:00
56,admin.,married,unknown,no,1933,no,no,telephone,19,nov,44,2,-1,0,unknown,no,2026-08-06 23:00:00
35,services,married,secondary,no,1659,yes,no,unknown,3,jul,197,1,-1,0,unknown,no,2026-08-07 00:00:00
33,entrepreneur,single,tertiary,no,300,yes,yes,cellular,30,jan,922,5,-1,0,unknown,yes,2026-08-07 01:00:00
60,retired,divorced,primary,no,-79,yes,yes,cellular,29,jan,192,1,-1,0,unknown,no,2026-08-07 02:00:00
34,technician,married,tertiary,no,178,yes,no,cellular,18,nov,85,1,-1,0,unknown,no,2026-08-07 03:00:00
40,services,married,secondary,no,695,yes,no,cellular,11,may,270,1,348,10,failure,no,2026-08-07 04:00:00
56,management,married,primary,no,-155,yes,no,cellular,17,nov,282,1,-1,0,unknown,no,2026-08-07 05:00:00
36,entrepreneur,married,tertiary,no,271,yes,no,unknown,27,may,322,2,-1,0,unknown,no,2026-08-07 06:00:00
48,blue-collar,married,secondary,no,1143,yes,no,cellular,17,apr,264,1,317,1,failure,no,2026-08-07 07:00:00
52,technician,married,secondary,no,598,no,no,unknown,14,may,266,2,-1,0,unknown,no,2026-08-07 08:00:00
30,blue-collar,married,secondary,no,-28,yes,no,cellular,18,may,284,2,371,1,failure,no,2026-08-07 09:00:00
31,blue-collar,married,secondary,no,1005,no,no,cellular,4,feb,429,2,-1,0,unknown,no,2026-08-07 10:00:00
33,technician,married,secondary,no,9305,yes,no,cellular,17,apr,407,2,-1,0,unknown,no,2026-08-07 11:00:00
52,blue-collar,married,secondary,no,1117,yes,no,cellular,13,may,365,1,-1,0,unknown,no,2026-08-07 12:00:00
25,services,single,secondary,no,281,no,yes,cellular,9,jul,173,1,-1,0,unknown,no,2026-08-07 13:00:00
38,admin.,married,secondary,no,76,no,no,cellular,20,nov,129,1,-1,0,unknown,no,2026-08-07 14:00:00
33,management,married,tertiary,no,296,no,no,cellular,16,jul,90,2,-1,0,unknown,no,2026-08-07 15:00:00
36,entrepreneur,married,primary,no,177,yes,no,unknown,12,may,63,5,-1,0,unknown,no,2026-08-07 16:00:00
22,student,single,primary,no,3472,no,no,cellular,19,apr,529,1,181,4,success,yes,2026-08-07 17:00:00
34,management,single,tertiary,no,2205,no,no,cellular,14,aug,635,2,-1,0,unknown,no,2026-08-07 18:00:00
45,management,married,tertiary,no,96,yes,no,cellular,16,jul,202,1,-1,0,unknown,no,2026-08-07 19:00:00
59,housemaid,divorced,primary,no,259,no,no,cellular,31,jul,166,4,-1,0,unknown,no,2026-08-07 20:00:00
34,management,married,tertiary,no,39,no,no,cellular,13,aug,160,1,-1,0,unknown,no,2026-08-07 21:00:00
27,admin.,single,secondary,no,-172,no,yes,cellular,9,feb,125,5,-1,0,unknown,no,2026-08-07 22:00:00
26,blue-collar,single,secondary,no,2669,yes,no,cellular,16,apr,242,1,-1,0,unknown,no,2026-08-07 23:00:00
26,management,single,tertiary,no,157,yes,no,cellular,30,jan,78,2,-1,0,unknown,no,2026-08-08 00:00:00
59,retired,married,primary,no,174,yes,yes,unknown,26,may,145,1,-1,0,unknown,no,2026-08-08 01:00:00
39,blue-collar,married,secondary,no,41,yes,no,cellular,13,may,135,3,-1,0,unknown,no,2026-08-08 02:00:00
45,admin.,married,secondary,yes,1,no,no,telephone,2,feb,1028,2,207,1,other,no,2026-08-08 03:00:00
42,housemaid,married,primary,no,4279,yes,no,cellular,22,jul,98,1,-1,0,unknown,no,2026-08-08 04:00:00
39,technician,divorced,secondary,no,80,no,no,unknown,20,jun,124,2,-1,0,unknown,no,2026-08-08 05:00:00
33,admin.,married,secondary,no,0,no,no,unknown,19,may,326,2,-1,0,unknown,no,2026-08-08 06:00:00
28,services,married,secondary,no,0,yes,no,cellular,5,may,334,1,355,6,failure,no,2026-08-08 07:00:00
55,management,married,secondary,no,11743,yes,no,unknown,30,may,75,1,-1,0,unknown,no,2026-08-08 08:00:00
31,technician,single,unknown,no,460,yes,no,cellular,7,may,189,2,-1,0,unknown,no,2026-08-08 09:00:00
53,management,married,tertiary,no,6408,no,no,unknown,6,jun,29,1,-1,0,unknown,no,2026-08-08 10:00:00
58,retired,married,secondary,no,-324,yes,no,cellular,7,may,229,2,-1,0,unknown,no,2026-08-08 11:00:00
33,technician,single,tertiary,no,1257,yes,no,cellular,22,jul,66,1,-1,0,unknown,no,2026-08-08 12:00:00
37,blue-collar,single,secondary,no,240,yes,no,unknown,6,may,246,1,-1,0,unknown,no,2026-08-08 13:00:00
35,blue-collar,married,secondary,no,344,no,no,unknown,5,jun,25,1,-1,0,unknown,no,2026-08-08 14:00:00
40,blue-collar,married,primary,no,572,yes,yes,cellular,17,apr,171,1,318,1,failure,no,2026-08-08 15:00:00
31,admin.,divorced,secondary,no,-579,yes,no,unknown,26,may,150,1,-1,0,unknown,no,2026-08-08 16:00:00
45,technician,divorced,secondary,no,1066,yes,yes,cellular,19,nov,124,2,-1,0,unknown,no,2026-08-08 17:00:00
37,blue-collar,single,primary,no,0,yes,yes,cellular,22,jul,118,1,-1,0,unknown,no,2026-08-08 18:00:00
31,services,single,secondary,no,2038,yes,no,cellular,18,nov,239,1,182,1,failure,no,2026-08-08 19:00:00
59,retired,divorced,primary,no,-110,no,yes,unknown,4,jul,195,1,-1,0,unknown,no,2026-08-08 20:00:00
40,admin.,married,secondary,no,2,no,no,unknown,28,may,187,3,-1,0,unknown,no,2026-08-08 21:00:00
52,admin.,single,primary,no,0,no,no,unknown,19,may,182,11,-1,0,unknown,no,2026-08-08 22:00:00
54,management,married,secondary,no,282,yes,yes,unknown,5,may,154,1,-1,0,unknown,no,2026-08-08 23:00:00
42,blue-collar,married,secondary,no,3396,yes,yes,telephone,20,nov,93,4,-1,0,unknown,no,2026-08-09 00:00:00
45,blue-collar,married,primary,no,532,yes,no,unknown,14,may,137,2,-1,0,unknown,no,2026-08-09 01:00:00
44,admin.,single,secondary,no,946,yes,no,unknown,30,may,181,4,-1,0,unknown,no,2026-08-09 02:00:00
51,entrepreneur,divorced,tertiary,no,58,yes,no,cellular,30,jan,93,1,2,1,other,no,2026-08-09 03:00:00
37,services,married,secondary,no,0,yes,no,cellular,14,jul,330,4,-1,0,unknown,no,2026-08-09 04:00:00
35,management,divorced,tertiary,no,434,yes,no,cellular,13,aug,1314,2,-1,0,unknown,yes,2026-08-09 05:00:00
38,technician,single,secondary,no,1270,yes,yes,cellular,15,may,164,1,337,6,other,no,2026-08-09 06:00:00
34,housemaid,married,tertiary,no,677,no,no,cellular,9,feb,37,2,-1,0,unknown,no,2026-08-09 07:00:00
42,services,married,secondary,no,1376,yes,no,cellular,2,mar,712,4,-1,0,unknown,yes,2026-08-09 08:00:00
36,management,single,tertiary,no,219,no,no,cellular,3,feb,22,6,196,6,failure,no,2026-08-09 09:00:00
45,blue-collar,married,primary,no,1163,no,no,unknown,16,may,230,1,-1,0,unknown,no,2026-08-09 10:00:00
36,blue-collar,divorced,secondary,no,7051,no,yes,cellular,15,jul,106,13,-1,0,unknown,no,2026-08-09 11:00:00
50,blue-collar,married,secondary,no,2087,yes,no,unknown,14,may,371,1,-1,0,unknown,no,2026-08-09 12:00:00
52,management,married,secondary,no,4096,yes,no,unknown,4,jun,208,4,-1,0,unknown,no,2026-08-09 13:00:00
37,services,divorced,secondary,no,904,yes,no,unknown,12,may,507,1,-1,0,unknown,no,2026-08-09 14:00:00
51,management,divorced,tertiary,no,492,no,yes,cellular,29,jul,54,7,-1,0,unknown,no,2026-08-09 15:00:00
29,admin.,single,unknown,no,2083,yes,no,unknown,3,jun,94,2,-1,0,unknown,no,2026-08-09 16:00:00
38,blue-collar,divorced,secondary,no,1344,yes,no,cellular,15,apr,942,2,-1,0,unknown,no,2026-08-09 17:00:00
60,admin.,married,secondary,no,3735,no,no,cellular,22,dec,190,1,188,9,success,yes,2026-08-09 18:00:00
38,self-employed,married,secondary,no,1029,yes,no,cellular,4,feb,206,3,223,1,other,no,2026-08-09 19:00:00
52,housemaid,married,primary,no,135,no,no,cellular,8,aug,172,9,-1,0,unknown,no,2026-08-09 20:00:00
30,technician,single,secondary,no,4787,yes,no,unknown,4,jun,99,2,-1,0,unknown,no,2026-08-09 21:00:00
45,blue-collar,married,secondary,no,1124,yes,no,unknown,19,may,37,1,-1,0,unknown,no,2026-08-09 22:00:00
33,management,married,tertiary,no,271,yes,no,cellular,13,nov,182,2,91,2,success,yes,2026-08-09 23:00:00
37,blue-collar,married,secondary,no,604,yes,no,cellular,7,oct,371,1,495,1,failure,yes,2026-08-10 00:00:00
30,blue-collar,married,secondary,no,514,yes,no,cellular,11,may,102,3,-1,0,unknown,no,2026-08-10 01:00:00
57,retired,divorced,tertiary,no,734,no,no,cellular,6,aug,1357,4,-1,0,unknown,yes,2026-08-10 02:00:00
52,management,married,tertiary,no,388,no,no,cellular,25,may,272,1,-1,0,unknown,yes,2026-08-10 03:00:00
47,blue-collar,married,secondary,no,820,no,no,cellular,18,jan,262,1,91,1,success,yes,2026-08-10 04:00:00
49,services,married,primary,no,1830,yes,no,cellular,15,feb,136,1,-1,0,unknown,yes,2026-08-10 05:00:00
51,retired,married,secondary,no,509,yes,no,cellular,15,jul,121,4,-1,0,unknown,no,2026-08-10 06:00:00
61,housemaid,married,tertiary,no,1389,no,no,cellular,8,oct,92,3,183,1,failure,no,2026-08-10 07:00:00
32,blue-collar,married,secondary,no,101,yes,no,unknown,19,may,191,4,-1,0,unknown,no,2026-08-10 08:00:00
29,management,single,secondary,no,966,no,no,cellular,9,jul,1185,1,396,2,other,no,2026-08-10 09:00:00
31,services,divorced,secondary,no,1222,yes,no,unknown,20,may,532,1,-1,0,unknown,no,2026-08-10 10:00:00
33,management,single,primary,no,4897,yes,no,unknown,20,may,151,1,-1,0,unknown,no,2026-08-10 11:00:00
38,blue-collar,married,secondary,no,50,yes,yes,cellular,11,jul,545,2,-1,0,unknown,no,2026-08-10 12:00:00
58,blue-collar,divorced,primary,no,8218,yes,no,cellular,31,jul,124,10,-1,0,unknown,no,2026-08-10 13:00:00
33,retired,married,secondary,no,165,no,no,unknown,7,may,111,1,-1,0,unknown,no,2026-08-10 14:00:00
58,technician,married,primary,no,139,no,no,unknown,11,jun,103,1,-1,0,unknown,no,2026-08-10 15:00:00
53,housemaid,single,primary,no,1238,no,no,unknown,17,jun,23,3,-1,0,unknown,no,2026-08-10 16:00:00
59,management,married,tertiary,no,0,no,no,cellular,17,nov,90,2,110,2,failure,no,2026-08-10 17:00:00
49,management,married,tertiary,no,5887,no,no,cellular,4,dec,439,3,185,5,success,yes,2026-08-10 18:00:00
23,admin.,single,secondary,no,0,yes,no,cellular,17,apr,171,2,-1,0,unknown,no,2026-08-10 19:00:00
28,blue-collar,married,secondary,no,0,yes,yes,unknown,3,jun,210,1,-1,0,unknown,no,2026-08-10 20:00:00
45,blue-collar,married,secondary,no,39,no,no,unknown,6,may,241,1,-1,0,unknown,no,2026-08-10 21:00:00
48,self-employed,married,secondary,no,884,yes,no,cellular,31,jul,118,2,-1,0,unknown,no,2026-08-10 22:00:00
45,management,single,tertiary,no,2067,yes,no,cellular,13,aug,393,2,462,1,success,yes,2026-08-10 23:00:00
51,technician,divorced,unknown,no,3560,yes,no,cellular,30,jul,334,6,-1,0,unknown,no,2026-08-11 00:00:00
36,blue-collar,married,unknown,no,-389,yes,no,unknown,14,may,76,9,-1,0,unknown,no,2026-08-11 01:00:00
30,admin.,married,tertiary,no,400,yes,no,cellular,7,may,223,1,-1,0,unknown,no,2026-08-11 02:00:00
25,blue-collar,single,secondary,no,195,no,no,cellular,16,jul,1339,3,-1,0,unknown,no,2026-08-11 03:00:00
45,blue-collar,married,primary,no,1951,no,no,cellular,12,aug,73,2,-1,0,unknown,no,2026-08-11 04:00:00
36,blue-collar,divorced,secondary,no,853,no,no,unknown,20,jun,15,12,-1,0,unknown,no,2026-08-11 05:00:00
53,management,married,tertiary,no,-601,yes,no,unknown,30,may,509,2,-1,0,unknown,no,2026-08-11 06:00:00
78,retired,divorced,secondary,no,3219,no,no,cellular,24,feb,151,1,-1,0,unknown,yes,2026-08-11 07:00:00
31,management,single,tertiary,no,453,yes,no,unknown,30,may,58,3,-1,0,unknown,no,2026-08-11 08:00:00
31,admin.,single,secondary,no,1129,yes,no,cellular,18,may,145,3,-1,0,unknown,no,2026-08-11 09:00:00
53,technician,married,secondary,no,529,yes,no,cellular,28,jan,558,1,-1,0,unknown,no,2026-08-11 10:00:00
51,blue-collar,married,tertiary,no,2404,yes,no,telephone,20,nov,30,1,-1,0,unknown,no,2026-08-11 11:00:00
36,blue-collar,single,secondary,no,40,yes,no,cellular,27,aug,259,3,475,4,success,yes,2026-08-11 12:00:00
37,management,single,tertiary,no,198,no,no,cellular,20,aug,304,5,-1,0,unknown,no,2026-08-11 13:00:00
36,self-employed,married,primary,no,1094,yes,no,cellular,8,apr,291,1,335,1,failure,no,2026-08-11 14:00:00
31,student,single,unknown,no,2144,yes,no,cellular,19,nov,282,2,-1,0,unknown,no,2026-08-11 15:00:00
30,technician,married,tertiary,no,1103,yes,yes,cellular,29,jul,148,15,-1,0,unknown,no,2026-08-11 16:00:00
59,management,married,tertiary,no,7049,no,no,cellular,21,nov,530,1,163,2,failure,yes,2026-08-11 17:00:00
30,technician,single,secondary,no,124,no,no,cellular,29,aug,60,4,-1,0,unknown,no,2026-08-11 18:00:00
53,entrepreneur,married,unknown,no,28,no,no,cellular,31,jul,117,2,-1,0,unknown,no,2026-08-11 19:00:00
32,management,single,tertiary,no,3,yes,no,unknown,8,may,161,1,-1,0,unknown,no,2026-08-11 20:00:00
35,blue-collar,married,secondary,no,0,yes,no,cellular,17,apr,203,1,-1,0,unknown,no,2026-08-11 21:00:00
25,self-employed,single,tertiary,no,882,yes,no,cellular,13,may,341,1,-1,0,unknown,no,2026-08-11 22:00:00
34,blue-collar,married,secondary,no,640,yes,no,cellular,29,apr,636,2,-1,0,unknown,yes,2026-08-11 23:00:00
54,technician,married,secondary,no,0,no,no,telephone,16,nov,986,1,94,8,failure,no,2026-08-12 00:00:00
46,blue-collar,married,primary,no,399,yes,no,unknown,13,may,353,1,-1,0,unknown,no,2026-08-12 01:00:00
35,technician,married,secondary,no,518,yes,no,cellular,30,apr,616,1,-1,0,unknown,yes,2026-08-12 02:00:00
46,management,divorced,tertiary,no,558,no,no,cellular,6,jul,319,1,-1,0,unknown,yes,2026-08-12 03:00:00
52,retired,married,secondary,no,2122,no,yes,cellular,19,aug,323,6,-1,0,unknown,no,2026-08-12 04:00:00
30,admin.,single,secondary,no,2802,no,yes,telephone,18,nov,285,2,137,2,failure,no,2026-08-12 05:00:00
33,services,single,unknown,no,523,yes,no,unknown,28,may,86,1,-1,0,unknown,yes,2026-08-12 06:00:00
55,admin.,divorced,secondary,no,0,no,no,unknown,17,jun,76,2,-1,0,unknown,no,2026-08-12 07:00:00
61,retired,married,primary,no,421,no,no,cellular,10,dec,112,2,-1,0,unknown,no,2026-08-12 08:00:00
34,blue-collar,married,secondary,no,563,no,yes,cellular,3,feb,150,2,-1,0,unknown,no,2026-08-12 09:00:00
35,self-employed,married,tertiary,no,333,no,no,unknown,17,jun,78,5,-1,0,unknown,no,2026-08-12 10:00:00
52,housemaid,married,primary,no,200,no,no,cellular,13,aug,224,2,-1,0,unknown,no,2026-08-12 11:00:00
38,self-employed,married,primary,no,215,yes,no,cellular,8,may,124,2,353,1,other,no,2026-08-12 12:00:00
43,management,married,tertiary,no,0,yes,no,cellular,17,nov,360,2,-1,0,unknown,no,2026-08-12 13:00:00
32,management,married,tertiary,no,1390,no,no,cellular,7,aug,116,2,-1,0,unknown,no,2026-08-12 14:00:00
25,blue-collar,married,secondary,no,-76,yes,no,unknown,12,may,241,3,-1,0,unknown,no,2026-08-12 15:00:00
51,admin.,married,secondary,no,227,no,no,cellular,5,aug,231,1,-1,0,unknown,no,2026-08-12 16:00:00
58,admin.,married,secondary,no,145,yes,no,telephone,29,jul,616,13,-1,0,unknown,yes,2026-08-12 17:00:00
47,blue-collar,married,secondary,no,8148,yes,no,cellular,17,apr,247,1,-1,0,unknown,no,2026-08-12 18:00:00
29,blue-collar,married,primary,no,57,no,yes,cellular,7,jul,461,1,-1,0,unknown,no,2026-08-12 19:00:00
24,blue-collar,single,secondary,no,-10,yes,no,unknown,13,may,106,1,-1,0,unknown,no,2026-08-12 20:00:00
28,management,single,tertiary,no,1720,no,no,cellular,14,sep,230,1,91,4,success,yes,2026-08-12 21:00:00
41,technician,divorced,unknown,no,143,no,no,unknown,20,jun,141,4,-1,0,unknown,no,2026-08-12 22:00:00
35,admin.,married,secondary,no,122,yes,no,cellular,18,nov,51,4,-1,0,unknown,no,2026-08-12 23:00:00
32,blue-collar,married,secondary,no,2353,yes,yes,cellular,14,jul,334,3,-1,0,unknown,no,2026-08-13 00:00:00
39,technician,married,secondary,no,4861,yes,no,telephone,30,jun,119,1,183,2,other,no,2026-08-13 01:00:00
31,services,single,secondary,no,2038,yes,no,unknown,20,may,148,1,-1,0,unknown,no,2026-08-13 02:00:00
38,technician,single,secondary,no,884,yes,yes,cellular,19,nov,295,1,111,2,failure,no,2026-08-13 03:00:00
35,admin.,single,secondary,no,111,yes,no,cellular,18,jul,127,3,-1,0,unknown,no,2026-08-13 04:00:00
57,unemployed,married,secondary,no,890,no,no,cellular,5,feb,343,4,-1,0,unknown,no,2026-08-13 05:00:00
33,management,single,tertiary,no,-144,no,no,cellular,29,jan,348,1,-1,0,unknown,no,2026-08-13 06:00:00
47,technician,married,secondary,no,1219,no,no,cellular,18,aug,697,4,-1,0,unknown,yes,2026-08-13 07:00:00
49,management,married,tertiary,no,488,yes,no,cellular,6,feb,110,2,-1,0,unknown,no,2026-08-13 08:00:00
60,blue-collar,divorced,primary,no,7601,yes,no,unknown,8,may,285,1,-1,0,unknown,no,2026-08-13 09:00:00
46,management,divorced,tertiary,no,507,yes,no,cellular,1,apr,1196,1,-1,0,unknown,yes,2026-08-13 10:00:00
35,unemployed,single,primary,no,483,no,no,cellular,3,feb,115,1,-1,0,unknown,no,2026-08-13 11:00:00
71,retired,married,primary,no,2600,no,no,cellular,13,nov,186,2,98,1,success,yes,2026-08-13 12:00:00
49,technician,married,secondary,no,425,yes,no,cellular,12,may,816,1,342,4,failure,no,2026-08-13 13:00:00
46,admin.,married,secondary,no,7386,no,no,cellular,6,aug,87,4,-1,0,unknown,no,2026-08-13 14:00:00
45,blue-collar,married,primary,no,907,no,no,cellular,18,aug,230,8,-1,0,unknown,no,2026-08-13 15:00:00
38,admin.,single,secondary,no,623,yes,yes,unknown,29,may,44,1,-1,0,unknown,no,2026-08-13 16:00:00
32,blue-collar,married,primary,no,-89,yes,no,unknown,9,may,389,2,-1,0,unknown,no,2026-08-13 17:00:00
24,admin.,single,secondary,no,99,no,no,cellular,4,feb,56,3,-1,0,unknown,no,2026-08-13 18:00:00
45,blue-collar,divorced,primary,no,1805,no,no,cellular,7,jul,758,1,-1,0,unknown,no,2026-08-13 19:00:00
31,unemployed,married,tertiary,no,7744,no,no,cellular,26,aug,377,8,-1,0,unknown,no,2026-08-13 20:00:00
49,retired,divorced,secondary,no,-268,yes,no,cellular,6,feb,42,2,206,5,failure,no,2026-08-13 21:00:00
28,technician,married,secondary,no,679,no,yes,cellular,3,feb,406,3,-1,0,unknown,no,2026-08-13 22:00:00
52,retired,married,tertiary,no,350,no,yes,cellular,9,jul,156,1,-1,0,unknown,no,2026-08-13 23:00:00
34,management,single,tertiary,no,1612,no,no,cellular,27,aug,108,22,-1,0,unknown,no,2026-08-14 00:00:00
52,unknown,married,primary,no,5521,no,no,cellular,11,aug,126,4,-1,0,unknown,no,2026-08-14 01:00:00
30,admin.,married,secondary,no,222,no,no,telephone,14,jul,343,9,-1,0,unknown,no,2026-08-14 02:00:00
59,retired,married,secondary,no,-471,no,no,cellular,7,aug,86,6,-1,0,unknown,no,2026-08-14 03:00:00
35,self-employed,married,tertiary,no,247,yes,no,unknown,12,may,167,2,-1,0,unknown,no,2026-08-14 04:00:00
39,services,single,secondary,no,7066,yes,no,cellular,15,may,667,3,357,3,other,yes,2026-08-14 05:00:00
35,blue-collar,divorced,secondary,no,336,yes,no,cellular,14,may,191,1,346,2,failure,yes,2026-08-14 06:00:00
26,management,single,tertiary,no,6791,no,no,telephone,29,apr,164,23,-1,0,unknown,no,2026-08-14 07:00:00
54,admin.,married,secondary,no,4943,no,no,cellular,12,aug,145,11,-1,0,unknown,no,2026-08-14 08:00:00
34,technician,single,tertiary,no,370,yes,no,cellular,8,aug,155,2,-1,0,unknown,no,2026-08-14 09:00:00
29,admin.,single,secondary,no,1992,no,no,cellular,8,jul,202,1,87,2,failure,no,2026-08-14 10:00:00
32,technician,married,secondary,no,163,yes,yes,cellular,28,jul,73,3,-1,0,unknown,no,2026-08-14 11:00:00
31,blue-collar,married,secondary,no,1570,yes,yes,cellular,19,nov,133,2,180,1,other,no,2026-08-14 12:00:00
54,management,single,tertiary,no,0,yes,no,unknown,3,jun,68,1,-1,0,unknown,no,2026-08-14 13:00:00
37,services,married,secondary,no,52,yes,no,cellular,6,sep,908,1,185,9,success,yes,2026-08-14 14:00:00
26,management,single,tertiary,no,2506,no,no,cellular,28,may,210,2,100,1,success,no,2026-08-14 15:00:00
40,management,single,tertiary,no,257,no,no,cellular,1,feb,147,1,209,1,failure,no,2026-08-14 16:00:00
57,admin.,married,unknown,no,0,yes,no,unknown,15,may,215,2,-1,0,unknown,no,2026-08-14 17:00:00
35,admin.,married,secondary,no,2897,no,no,unknown,9,jun,243,2,-1,0,unknown,no,2026-08-14 18:00:00
50,technician,married,secondary,no,2062,no,no,unknown,30,may,165,1,-1,0,unknown,no,2026-08-14 19:00:00
58,management,married,tertiary,no,4152,yes,no,cellular,13,may,76,7,13,6,success,no,2026-08-14 20:00:00
29,admin.,single,secondary,no,3528,no,no,cellular,8,oct,137,1,-1,0,unknown,yes,2026-08-14 21:00:00
50,blue-collar,married,primary,no,9301,yes,no,cellular,7,jul,136,4,-1,0,unknown,no,2026-08-14 22:00:00
56,blue-collar,single,secondary,no,1187,yes,no,cellular,5,feb,47,2,-1,0,unknown,no,2026-08-14 23:00:00
32,management,married,primary,no,142,yes,no,unknown,12,may,101,1,-1,0,unknown,no,2026-08-15 00:00:00
39,management,single,primary,no,0,yes,yes,cellular,17,nov,62,1,-1,0,unknown,no,2026-08-15 01:00:00
31,technician,divorced,secondary,no,646,yes,no,unknown,30,may,294,3,-1,0,unknown,no,2026-08-15 02:00:00
36,management,married,secondary,no,699,no,no,cellular,26,aug,20,8,-1,0,unknown,no,2026-08-15 03:00:00
72,management,married,secondary,no,6199,no,no,cellular,3,sep,531,1,-1,0,unknown,no,2026-08-15 04:00:00
43,admin.,married,unknown,no,1998,yes,no,cellular,20,nov,48,4,-1,0,unknown,no,2026-08-15 05:00:00
39,admin.,married,secondary,no,1408,yes,no,cellular,17,apr,306,1,-1,0,unknown,no,2026-08-15 06:00:00
31,services,married,secondary,no,891,yes,no,unknown,21,may,44,3,-1,0,unknown,no,2026-08-15 07:00:00
38,technician,divorced,secondary,no,5733,yes,no,cellular,12,may,173,8,278,4,failure,no,2026-08-15 08:00:00
41,technician,single,secondary,no,2242,yes,no,cellular,6,may,459,4,-1,0,unknown,no,2026-08-15 09:00:00
30,technician,divorced,tertiary,no,317,yes,no,cellular,25,jul,67,5,-1,0,unknown,no,2026-08-15 10:00:00
58,services,married,secondary,no,307,no,no,telephone,25,mar,282,2,-1,0,unknown,no,2026-08-15 11:00:00
39,management,single,tertiary,no,26,yes,yes,unknown,26,may,304,4,-1,0,unknown,no,2026-08-15 12:00:00
43,self-employed,married,tertiary,no,10072,no,no,cellular,12,may,98,1,77,5,failure,no,2026-08-15 13:00:00
46,management,single,secondary,no,5993,no,no,cellular,22,sep,159,1,112,1,failure,no,2026-08-15 14:00:00
45,blue-collar,married,primary,no,675,yes,no,cellular,20,apr,890,2,-1,0,unknown,no,2026-08-15 15:00:00
39,management,divorced,tertiary,no,81,yes,yes,cellular,27,aug,49,4,-1,0,unknown,no,2026-08-15 16:00:00
44,blue-collar,married,secondary,no,6491,yes,no,cellular,19,nov,126,2,174,1,failure,no,2026-08-15 17:00:00
30,services,married,unknown,no,-51,yes,yes,cellular,18,jul,440,4,-1,0,unknown,no,2026-08-15 18:00:00
45,admin.,married,secondary,no,111,yes,no,cellular,11,aug,173,1,-1,0,unknown,no,2026-08-15 19:00:00
34,management,married,tertiary,no,-85,no,no,cellular,18,nov,107,1,-1,0,unknown,no,2026-08-15 20:00:00
39,admin.,married,secondary,no,15,no,no,unknown,5,jun,256,2,-1,0,unknown,no,2026-08-15 21:00:00
23,unemployed,single,secondary,no,19690,no,no,cellular,3,jul,473,1,-1,0,unknown,no,2026-08-15 22:00:00
39,admin.,divorced,secondary,no,2903,yes,yes,telephone,25,jul,259,2,-1,0,unknown,no,2026-08-15 23:00:00
40,services,married,secondary,no,113,yes,no,unknown,4,jun,126,1,-1,0,unknown,no,2026-08-16 00:00:00
50,admin.,divorced,secondary,yes,2405,yes,no,cellular,6,may,114,1,287,8,failure,no,2026-08-16 01:00:00
36,blue-collar,married,primary,no,398,yes,no,unknown,12,jun,278,1,-1,0,unknown,no,2026-08-16 02:00:00
50,blue-collar,married,secondary,no,-253,no,no,unknown,25,jun,43,1,-1,0,unknown,no,2026-08-16 03:00:00
35,technician,married,secondary,no,-146,yes,no,cellular,29,aug,240,2,-1,0,unknown,no,2026-08-16 04:00:00
49,blue-collar,married,secondary,no,188,yes,no,unknown,23,may,181,16,-1,0,unknown,no,2026-08-16 05:00:00
35,blue-collar,married,secondary,no,0,yes,no,unknown,23,may,100,4,-1,0,unknown,no,2026-08-16 06:00:00
50,blue-collar,married,primary,no,-294,yes,no,unknown,6,jun,79,3,-1,0,unknown,no,2026-08-16 07:00:00
72,retired,married,primary,no,1388,no,no,telephone,20,oct,513,1,-1,0,unknown,yes,2026-08-16 08:00:00
29,technician,single,secondary,no,359,yes,no,cellular,8,jul,604,1,-1,0,unknown,no,2026-08-16 09:00:00
49,technician,married,secondary,no,905,no,no,cellular,5,jun,1543,1,-1,0,unknown,yes,2026-08-16 10:00:00
57,retired,single,primary,no,604,no,no,cellular,19,nov,187,1,-1,0,unknown,no,2026-08-16 11:00:00
51,management,married,tertiary,no,3045,no,yes,unknown,20,jun,208,2,-1,0,unknown,no,2026-08-16 12:00:00
48,admin.,married,secondary,no,6532,yes,no,unknown,14,may,312,5,-1,0,unknown,no,2026-08-16 13:00:00
37,management,single,tertiary,no,23867,no,no,unknown,20,may,188,3,-1,0,unknown,no,2026-08-16 14:00:00
49,technician,single,secondary,no,-97,yes,no,unknown,6,jun,92,2,-1,0,unknown,no,2026-08-16 15:00:00
52,technician,married,secondary,no,0,no,no,cellular,18,aug,395,4,-1,0,unknown,no,2026-08-16 16:00:00
46,admin.,married,secondary,no,711,no,yes,telephone,28,jul,187,11,-1,0,unknown,no,2026-08-16 17:00:00
36,technician,single,secondary,no,0,no,no,cellular,29,aug,85,6,-1,0,unknown,no,2026-08-16 18:00:00
42,admin.,married,secondary,no,-396,yes,no,cellular,11,may,80,1,308,4,failure,no,2026-08-16 19:00:00
34,technician,single,tertiary,no,242,yes,no,unknown,6,may,112,1,-1,0,unknown,no,2026-08-16 20:00:00
34,blue-collar,married,secondary,no,0,yes,no,cellular,31,aug,79,5,110,7,failure,no,2026-08-16 21:00:00
45,technician,married,tertiary,no,-525,no,yes,cellular,21,nov,980,2,-1,0,unknown,yes,2026-08-16 22:00:00
36,blue-collar,married,primary,no,442,yes,no,cellular,17,apr,238,1,326,3,failure,no,2026-08-16 23:00:00
35,admin.,married,secondary,no,0,no,no,unknown,7,may,326,1,-1,0,unknown,no,2026-08-17 00:00:00
31,technician,single,tertiary,no,36,no,no,cellular,12,aug,111,3,-1,0,unknown,no,2026-08-17 01:00:00
35,management,married,tertiary,no,648,no,no,cellular,30,jul,674,2,-1,0,unknown,no,2026-08-17 02:00:00
33,technician,single,unknown,no,10600,no,no,cellular,5,feb,202,1,267,2,failure,no,2026-08-17 03:00:00
34,blue-collar,married,primary,no,12,no,no,telephone,21,nov,61,3,-1,0,unknown,no,2026-08-17 04:00:00
39,technician,single,secondary,no,556,yes,no,unknown,29,may,322,1,-1,0,unknown,no,2026-08-17 05:00:00
57,retired,married,primary,no,3518,yes,no,cellular,25,aug,626,3,-1,0,unknown,yes,2026-08-17 06:00:00
34,management,married,tertiary,no,3031,no,no,cellular,14,aug,94,6,-1,0,unknown,no,2026-08-17 07:00:00
30,services,married,secondary,no,-176,yes,no,cellular,30,jul,47,31,-1,0,unknown,no,2026-08-17 08:00:00
39,services,married,secondary,no,949,yes,no,cellular,29,jul,75,8,-1,0,unknown,no,2026-08-17 09:00:00
35,blue-collar,married,primary,no,883,yes,yes,unknown,20,jun,18,5,-1,0,unknown,no,2026-08-17 10:00:00
58,retired,married,unknown,no,9004,no,no,cellular,21,jul,891,4,-1,0,unknown,yes,2026-08-17 11:00:00
39,entrepreneur,divorced,secondary,no,-271,yes,no,cellular,7,may,406,1,-1,0,unknown,no,2026-08-17 12:00:00
34,entrepreneur,married,secondary,no,3119,yes,no,unknown,21,may,250,4,-1,0,unknown,no,2026-08-17 13:00:00
53,technician,single,unknown,no,5331,no,no,cellular,21,nov,302,1,-1,0,unknown,no,2026-08-17 14:00:00
35,technician,married,secondary,no,883,yes,no,cellular,7,may,333,1,351,1,failure,no,2026-08-17 15:00:00
31,technician,single,tertiary,no,-241,yes,no,cellular,18,may,333,2,355,1,failure,no,2026-08-17 16:00:00
48,services,married,secondary,no,22,no,no,cellular,2,feb,429,2,-1,0,unknown,no,2026-08-17 17:00:00
46,management,single,tertiary,no,2223,no,no,unknown,12,jun,67,3,-1,0,unknown,no,2026-08-17 18:00:00
33,blue-collar,married,secondary,no,370,yes,no,cellular,8,apr,249,1,-1,0,unknown,no,2026-08-17 19:00:00
24,retired,single,secondary,no,366,no,yes,unknown,16,may,234,2,-1,0,unknown,no,2026-08-17 20:00:00
25,unknown,single,secondary,no,3,no,no,cellular,7,jul,136,1,-1,0,unknown,no,2026-08-17 21:00:00
51,technician,married,secondary,no,-153,no,no,cellular,20,aug,62,4,-1,0,unknown,no,2026-08-17 22:00:00
47,blue-collar,divorced,secondary,no,-4,yes,no,cellular,16,jul,77,1,-1,0,unknown,no,2026-08-17 23:00:00
42,admin.,married,secondary,no,-465,no,yes,cellular,23,jul,102,1,-1,0,unknown,no,2026-08-18 00:00:00
33,blue-collar,married,secondary,yes,-354,yes,yes,cellular,28,jan,104,1,245,2,failure,no,2026-08-18 01:00:00
60,retired,married,secondary,no,0,no,no,cellular,25,aug,87,2,-1,0,unknown,no,2026-08-18 02:00:00
37,management,married,tertiary,no,2672,yes,no,cellular,11,aug,549,1,-1,0,unknown,no,2026-08-18 03:00:00
41,blue-collar,married,secondary,no,1100,yes,no,cellular,18,nov,397,1,173,2,failure,no,2026-08-18 04:00:00
30,technician,single,tertiary,no,975,yes,no,unknown,26,may,603,1,-1,0,unknown,no,2026-08-18 05:00:00
26,student,single,secondary,no,864,yes,no,cellular,15,may,659,1,-1,0,unknown,yes,2026-08-18 06:00:00
42,housemaid,married,primary,no,128,no,no,cellular,6,aug,492,2,-1,0,unknown,no,2026-08-18 07:00:00
61,management,married,secondary,no,967,no,no,cellular,20,aug,180,1,-1,0,unknown,no,2026-08-18 08:00:00
40,blue-collar,married,primary,no,48,no,no,unknown,9,jun,100,5,-1,0,unknown,no,2026-08-18 09:00:00
66,retired,married,secondary,no,154,no,no,cellular,15,jul,268,5,181,2,failure,yes,2026-08-18 10:00:00
32,technician,married,secondary,no,0,yes,no,unknown,6,may,176,2,-1,0,unknown,no,2026-08-18 11:00:00
42,admin.,married,secondary,no,976,yes,no,cellular,18,jul,69,7,-1,0,unknown,no,2026-08-18 12:00:00
42,admin.,divorced,secondary,no,2397,yes,no,cellular,15,apr,239,2,320,2,failure,no,2026-08-18 13:00:00
59,management,divorced,tertiary,no,844,no,yes,unknown,27,may,100,2,-1,0,unknown,no,2026-08-18 14:00:00
32,admin.,single,secondary,no,555,yes,no,cellular,9,sep,344,1,-1,0,unknown,yes,2026-08-18 15:00:00
57,technician,married,secondary,no,7554,no,no,telephone,28,oct,141,1,-1,0,unknown,yes,2026-08-18 16:00:00
38,services,married,secondary,no,293,no,no,unknown,20,jun,70,2,-1,0,unknown,no,2026-08-18 17:00:00
34,entrepreneur,married,tertiary,no,146,yes,no,cellular,14,jul,788,2,-1,0,unknown,yes,2026-08-18 18:00:00
33,blue-collar,married,primary,no,716,yes,no,unknown,7,may,83,3,-1,0,unknown,no,2026-08-18 19:00:00
35,management,married,tertiary,no,867,yes,no,unknown,2,jun,230,3,-1,0,unknown,yes,2026-08-18 20:00:00
32,blue-collar,single,secondary,no,476,yes,yes,unknown,19,may,503,2,-1,0,unknown,no,2026-08-18 21:00:00
25,student,single,unknown,no,10788,no,no,cellular,23,dec,102,2,210,2,other,no,2026-08-18 22:00:00
30,student,single,tertiary,no,2030,yes,no,unknown,28,may,27,2,-1,0,unknown,no,2026-08-18 23:00:00
27,technician,married,secondary,no,130,yes,no,cellular,7,may,265,3,-1,0,unknown,no,2026-08-19 00:00:00
36,blue-collar,single,secondary,yes,-1157,yes,no,cellular,13,may,323,2,-1,0,unknown,no,2026-08-19 01:00:00
49,admin.,married,secondary,no,14440,yes,no,cellular,21,nov,60,1,-1,0,unknown,no,2026-08-19 02:00:00
32,technician,divorced,tertiary,no,0,yes,yes,unknown,23,may,80,1,-1,0,unknown,no,2026-08-19 03:00:00
41,admin.,divorced,secondary,no,322,yes,no,unknown,6,may,87,4,-1,0,unknown,no,2026-08-19 04:00:00
33,services,married,secondary,no,5034,yes,no,unknown,8,may,207,3,-1,0,unknown,no,2026-08-19 05:00:00
48,blue-collar,divorced,secondary,no,602,yes,no,unknown,12,may,231,1,-1,0,unknown,no,2026-08-19 06:00:00
58,retired,married,secondary,no,5435,yes,no,unknown,6,may,118,1,-1,0,unknown,no,2026-08-19 07:00:00
57,services,divorced,secondary,no,4664,no,no,cellular,30,jul,103,1,-1,0,unknown,no,2026-08-19 08:00:00
33,technician,single,secondary,no,-479,no,no,cellular,7,aug,235,1,-1,0,unknown,no,2026-08-19 09:00:00
36,technician,single,secondary,no,76,yes,no,cellular,31,jul,109,5,-1,0,unknown,no,2026-08-19 10:00:00
45,services,married,secondary,no,-1621,yes,yes,cellular,15,may,8,2,346,5,failure,no,2026-08-19 11:00:00
37,management,single,secondary,no,0,yes,yes,cellular,2,apr,450,2,-1,0,unknown,no,2026-08-19 12:00:00
31,management,single,tertiary,no,587,yes,no,cellular,20,apr,16,4,-1,0,unknown,no,2026-08-19 13:00:00
45,entrepreneur,married,tertiary,no,98,no,no,cellular,1,jun,761,2,-1,0,unknown,no,2026-08-19 14:00:00
34,management,divorced,tertiary,no,70,yes,no,unknown,22,jul,5,1,701,6,other,no,2026-08-19 15:00:00
33,self-employed,married,tertiary,no,263,no,no,cellular,4,may,119,2,-1,0,unknown,no,2026-08-19 16:00:00
35,admin.,married,secondary,no,404,yes,no,unknown,29,may,539,1,-1,0,unknown,yes,2026-08-19 17:00:00
48,management,married,unknown,no,970,no,no,cellular,31,jul,67,2,-1,0,unknown,no,2026-08-19 18:00:00
60,retired,divorced,tertiary,no,2131,no,no,cellular,10,jul,421,6,-1,0,unknown,no,2026-08-19 19:00:00
41,blue-collar,married,primary,no,1654,yes,no,unknown,14,may,35,1,-1,0,unknown,no,2026-08-19 20:00:00
33,housemaid,married,primary,no,2054,no,no,cellular,25,aug,472,6,-1,0,unknown,yes,2026-08-19 21:00:00
48,blue-collar,married,primary,no,3837,no,yes,cellular,21,nov,120,1,-1,0,unknown,no,2026-08-19 22:00:00
43,services,married,secondary,no,774,no,no,cellular,24,jun,482,1,91,2,success,yes,2026-08-19 23:00:00
36,management,single,tertiary,no,3343,no,no,cellular,18,nov,307,1,-1,0,unknown,no,2026-08-20 00:00:00
34,blue-collar,married,secondary,no,584,yes,no,cellular,18,jul,154,2,-1,0,unknown,no,2026-08-20 01:00:00
51,admin.,married,secondary,no,684,yes,no,cellular,20,nov,68,1,-1,0,unknown,no,2026-08-20 02:00:00
55,blue-collar,married,primary,no,7303,yes,no,cellular,7,aug,166,3,-1,0,unknown,no,2026-08-20 03:00:00
35,self-employed,married,tertiary,no,560,yes,no,cellular,17,nov,46,1,-1,0,unknown,no,2026-08-20 04:00:00
55,services,married,secondary,no,529,yes,no,cellular,29,jul,137,2,-1,0,unknown,no,2026-08-20 05:00:00
55,blue-collar,married,unknown,no,1665,no,no,telephone,30,jul,89,2,-1,0,unknown,no,2026-08-20 06:00:00
53,retired,divorced,primary,no,2997,no,no,unknown,9,jun,162,1,-1,0,unknown,no,2026-08-20 07:00:00
57,retired,married,secondary,no,91,no,yes,unknown,3,jul,256,3,-1,0,unknown,no,2026-08-20 08:00:00
27,blue-collar,married,secondary,no,191,yes,no,cellular,20,apr,401,2,-1,0,unknown,no,2026-08-20 09:00:00
48,management,married,secondary,no,0,no,no,cellular,19,nov,20,4,-1,0,unknown,no,2026-08-20 10:00:00
52,management,married,tertiary,no,659,no,no,cellular,23,jul,517,4,-1,0,unknown,no,2026-08-20 11:00:00
55,retired,married,primary,no,-90,yes,yes,unknown,7,may,634,2,-1,0,unknown,no,2026-08-20 12:00:00
32,technician,single,tertiary,no,2481,no,no,cellular,18,aug,547,11,-1,0,unknown,no,2026-08-20 13:00:00
45,entrepreneur,married,primary,no,1953,yes,no,unknown,15,may,95,3,-1,0,unknown,no,2026-08-20 14:00:00
48,technician,married,secondary,no,466,no,no,cellular,19,aug,99,7,-1,0,unknown,no,2026-08-20 15:00:00
32,technician,married,tertiary,no,2976,yes,no,cellular,10,may,269,5,94,6,success,no,2026-08-20 16:00:00
57,retired,married,primary,no,4,no,no,cellular,21,jul,50,5,-1,0,unknown,no,2026-08-20 17:00:00
41,technician,married,secondary,no,2185,yes,no,cellular,7,apr,157,4,309,4,other,no,2026-08-20 18:00:00
43,admin.,single,secondary,no,985,yes,yes,unknown,20,jun,51,19,-1,0,unknown,no,2026-08-20 19:00:00
37,management,married,tertiary,no,6743,no,no,cellular,28,aug,13,13,-1,0,unknown,no,2026-08-20 20:00:00
55,admin.,married,secondary,no,-480,no,no,cellular,16,jul,538,2,-1,0,unknown,no,2026-08-20 21:00:00
33,management,married,tertiary,no,184,no,no,cellular,5,feb,113,1,-1,0,unknown,no,2026-08-20 22:00:00
34,housemaid,single,secondary,no,1408,yes,no,unknown,23,may,245,1,-1,0,unknown,no,2026-08-20 23:00:00
36,management,married,tertiary,no,46,no,no,cellular,25,aug,84,4,-1,0,unknown,no,2026-08-21 00:00:00
31,admin.,married,secondary,no,-581,yes,no,unknown,2,jun,562,3,-1,0,unknown,no,2026-08-21 01:00:00
33,blue-collar,single,secondary,no,697,no,no,cellular,6,feb,860,2,-1,0,unknown,yes,2026-08-21 02:00:00
32,self-employed,married,secondary,no,-33,yes,no,cellular,18,may,158,1,355,3,failure,no,2026-08-21 03:00:00
35,management,married,tertiary,no,14,yes,yes,unknown,8,may,64,1,-1,0,unknown,no,2026-08-21 04:00:00
49,blue-collar,married,primary,no,762,yes,no,cellular,7,may,373,2,360,4,failure,no,2026-08-21 05:00:00
48,blue-collar,married,primary,no,231,yes,no,unknown,9,may,752,3,-1,0,unknown,no,2026-08-21 06:00:00
36,admin.,married,secondary,no,421,yes,no,cellular,20,apr,246,2,334,3,other,no,2026-08-21 07:00:00
34,entrepreneur,married,tertiary,no,0,yes,no,cellular,6,may,611,1,183,1,failure,yes,2026-08-21 08:00:00
35,management,single,secondary,no,3384,yes,no,cellular,31,jul,372,2,-1,0,unknown,no,2026-08-21 09:00:00
40,blue-collar,single,primary,no,1,no,no,unknown,20,jun,18,11,-1,0,unknown,no,2026-08-21 10:00:00
59,self-employed,married,secondary,no,1986,no,no,unknown,11,jun,139,1,-1,0,unknown,no,2026-08-21 11:00:00
54,self-employed,married,tertiary,no,1510,no,no,telephone,5,jun,800,2,-1,0,unknown,no,2026-08-21 12:00:00
51,services,divorced,secondary,no,242,no,yes,cellular,14,jul,1336,4,-1,0,unknown,yes,2026-08-21 13:00:00
39,admin.,single,secondary,no,782,yes,no,cellular,2,jun,162,2,28,15,failure,no,2026-08-21 14:00:00
43,admin.,married,secondary,no,429,yes,yes,unknown,3,jun,35,32,-1,0,unknown,no,2026-08-21 15:00:00
42,management,single,secondary,no,1064,yes,no,cellular,31,jul,14,35,-1,0,unknown,no,2026-08-21 16:00:00
30,self-employed,single,tertiary,no,1495,no,no,cellular,6,aug,898,2,-1,0,unknown,no,2026-08-21 17:00:00
58,housemaid,divorced,primary,no,57,no,no,unknown,17,jun,117,3,-1,0,unknown,no,2026-08-21 18:00:00
40,services,married,primary,no,-9,yes,no,unknown,15,may,920,2,-1,0,unknown,yes,2026-08-21 19:00:00
24,technician,single,secondary,no,820,yes,no,unknown,23,may,665,1,-1,0,unknown,no,2026-08-21 20:00:00
32,technician,single,secondary,no,6710,no,no,cellular,21,nov,48,1,-1,0,unknown,no,2026-08-21 21:00:00
55,services,divorced,secondary,no,379,no,no,cellular,27,may,275,3,219,2,other,no,2026-08-21 22:00:00
38,technician,single,secondary,no,31,yes,no,cellular,11,jul,891,2,-1,0,unknown,no,2026-08-21 23:00:00
34,blue-collar,married,secondary,no,848,yes,no,unknown,6,may,684,2,-1,0,unknown,no,2026-08-22 00:00:00
27,unemployed,single,secondary,no,92,yes,no,cellular,30,jan,274,4,-1,0,unknown,no,2026-08-22 01:00:00
43,blue-collar,divorced,secondary,no,-447,yes,no,cellular,17,apr,85,1,-1,0,unknown,no,2026-08-22 02:00:00
52,self-employed,married,secondary,no,3720,no,no,cellular,20,nov,114,2,-1,0,unknown,no,2026-08-22 03:00:00
34,services,married,secondary,no,302,yes,no,unknown,7,may,124,1,-1,0,unknown,no,2026-08-22 04:00:00
60,technician,married,secondary,no,914,no,no,unknown,4,aug,64,1,-1,0,unknown,no,2026-08-22 05:00:00
37,technician,married,tertiary,no,1733,yes,no,cellular,12,may,524,3,326,1,other,no,2026-08-22 06:00:00
56,management,divorced,tertiary,no,-563,no,no,cellular,16,jul,79,1,-1,0,unknown,no,2026-08-22 07:00:00
41,blue-collar,married,secondary,no,-100,yes,no,unknown,16,jun,20,21,-1,0,unknown,no,2026-08-22 08:00:00
29,blue-collar,single,secondary,no,336,yes,no,cellular,4,feb,197,1,-1,0,unknown,no,2026-08-22 09:00:00
56,blue-collar,married,secondary,no,1210,no,no,unknown,11,jun,935,1,-1,0,unknown,yes,2026-08-22 10:00:00
35,unknown,married,unknown,no,0,no,no,unknown,6,jun,159,3,-1,0,unknown,no,2026-08-22 11:00:00
39,management,single,tertiary,no,0,yes,no,cellular,22,may,271,1,93,3,success,yes,2026-08-22 12:00:00
37,management,married,secondary,no,4056,no,no,cellular,18,nov,114,1,-1,0,unknown,no,2026-08-22 13:00:00
34,admin.,single,secondary,no,1103,yes,no,unknown,28,may,89,1,-1,0,unknown,no,2026-08-22 14:00:00
32,technician,single,tertiary,no,932,yes,no,cellular,16,apr,944,1,318,1,failure,yes,2026-08-22 15:00:00
29,management,married,secondary,no,231,no,no,cellular,14,may,1075,1,14,1,failure,yes,2026-08-22 16:00:00
26,student,single,secondary,no,766,no,no,cellular,9,apr,125,6,-1,0,unknown,no,2026-08-22 17:00:00
30,student,single,tertiary,no,699,no,no,cellular,28,jan,396,1,-1,0,unknown,no,2026-08-22 18:00:00
45,management,married,unknown,no,1525,no,no,cellular,29,jul,36,2,-1,0,unknown,no,2026-08-22 19:00:00
43,admin.,married,secondary,no,506,no,no,unknown,20,jun,398,1,-1,0,unknown,no,2026-08-22 20:00:00
28,services,single,secondary,no,1347,no,no,telephone,11,oct,317,2,108,14,other,no,2026-08-22 21:00:00
34,management,married,tertiary,no,1352,no,no,cellular,8,aug,265,2,-1,0,unknown,no,2026-08-22 22:00:00
30,management,single,tertiary,no,280,no,no,cellular,12,aug,100,1,-1,0,unknown,no,2026-08-22 23:00:00
46,management,married,tertiary,no,1139,no,no,cellular,31,jul,466,4,-1,0,unknown,no,2026-08-23 00:00:00
55,housemaid,single,primary,no,0,no,no,unknown,5,jun,247,1,-1,0,unknown,no,2026-08-23 01:00:00
26,blue-collar,single,secondary,no,2007,no,no,cellular,13,jul,272,3,182,2,success,yes,2026-08-23 02:00:00
52,management,married,primary,yes,57,yes,yes,cellular,20,nov,45,1,196,1,failure,no,2026-08-23 03:00:00
33,unemployed,single,tertiary,no,4874,no,no,telephone,22,feb,363,2,-1,0,unknown,no,2026-08-23 04:00:00
54,unknown,married,secondary,no,1241,no,no,unknown,16,jun,97,6,-1,0,unknown,no,2026-08-23 05:00:00
41,services,married,secondary,no,146,yes,yes,unknown,3,jun,199,1,-1,0,unknown,no,2026-08-23 06:00:00
59,retired,married,primary,no,4007,no,no,cellular,26,mar,157,2,116,4,failure,no,2026-08-23 07:00:00
33,services,married,secondary,no,0,yes,yes,cellular,7,apr,487,1,-1,0,unknown,no,2026-08-23 08:00:00
28,management,single,tertiary,no,12956,yes,no,cellular,2,jul,940,1,399,3,success,yes,2026-08-23 09:00:00
35,technician,married,secondary,no,2201,no,no,telephone,12,apr,350,1,-1,0,unknown,yes,2026-08-23 10:00:00
33,technician,single,secondary,no,220,yes,no,cellular,8,may,197,1,-1,0,unknown,no,2026-08-23 11:00:00
45,technician,married,secondary,no,865,no,no,cellular,29,aug,80,4,-1,0,unknown,no,2026-08-23 12:00:00
46,blue-collar,married,secondary,no,1272,no,no,cellular,25,aug,164,4,-1,0,unknown,no,2026-08-23 13:00:00
45,entrepreneur,married,primary,no,-100,yes,no,unknown,27,may,240,6,-1,0,unknown,no,2026-08-23 14:00:00
42,self-employed,married,secondary,no,357,no,no,cellular,22,aug,94,4,-1,0,unknown,no,2026-08-23 15:00:00
40,management,married,tertiary,no,384,no,no,cellular,20,apr,200,3,327,2,failure,no,2026-08-23 16:00:00
54,unemployed,married,secondary,no,1561,no,no,cellular,25,may,352,3,186,2,failure,yes,2026-08-23 17:00:00
41,blue-collar,married,primary,no,3140,yes,no,unknown,13,may,87,9,-1,0,unknown,no,2026-08-23 18:00:00
28,management,single,secondary,no,1861,no,no,cellular,29,jan,43,2,-1,0,unknown,no,2026-08-23 19:00:00
35,unemployed,married,tertiary,no,1057,yes,no,cellular,8,apr,902,2,-1,0,unknown,no,2026-08-23 20:00:00
31,services,divorced,secondary,no,39,yes,no,cellular,18,may,13,8,-1,0,unknown,no,2026-08-23 21:00:00
46,entrepreneur,divorced,tertiary,no,567,yes,no,cellular,17,nov,554,2,-1,0,unknown,no,2026-08-23 22:00:00
34,technician,married,secondary,no,223,yes,no,cellular,15,jul,202,3,-1,0,unknown,no,2026-08-23 23:00:00
27,blue-collar,married,secondary,no,411,yes,yes,unknown,27,may,123,1,-1,0,unknown,no,2026-08-24 00:00:00
56,management,married,tertiary,no,16377,no,no,cellular,13,aug,107,8,-1,0,unknown,no,2026-08-24 01:00:00
68,retired,divorced,secondary,no,4189,no,no,telephone,14,jul,897,2,-1,0,unknown,yes,2026-08-24 02:00:00
32,management,single,unknown,no,787,no,no,cellular,28,jan,92,1,-1,0,unknown,no,2026-08-24 03:00:00
38,admin.,single,secondary,no,-213,yes,yes,cellular,4,feb,519,1,-1,0,unknown,no,2026-08-24 04:00:00
41,management,divorced,secondary,no,71,yes,no,unknown,26,may,60,3,-1,0,unknown,no,2026-08-24 05:00:00
53,entrepreneur,married,primary,no,-257,yes,yes,unknown,18,jun,249,5,-1,0,unknown,no,2026-08-24 06:00:00
30,admin.,single,secondary,no,313,yes,no,cellular,4,feb,1121,2,-1,0,unknown,yes,2026-08-24 07:00:00
57,unknown,married,unknown,no,19268,no,no,unknown,23,oct,301,1,-1,0,unknown,yes,2026-08-24 08:00:00
44,blue-collar,divorced,secondary,no,272,yes,no,cellular,14,jul,51,2,-1,0,unknown,no,2026-08-24 09:00:00
37,management,married,tertiary,no,4436,no,no,cellular,13,aug,846,5,-1,0,unknown,yes,2026-08-24 10:00:00
53,services,married,secondary,no,-391,no,no,cellular,14,jul,122,3,-1,0,unknown,no,2026-08-24 11:00:00
35,technician,married,tertiary,no,432,no,no,cellular,12,aug,104,8,-1,0,unknown,no,2026-08-24 12:00:00
71,technician,married,secondary,no,3020,no,no,telephone,30,jul,304,1,270,3,failure,yes,2026-08-24 13:00:00
29,admin.,single,unknown,no,175,no,no,unknown,28,may,597,3,-1,0,unknown,no,2026-08-24 14:00:00
57,retired,married,secondary,no,107,no,no,cellular,14,jul,85,2,-1,0,unknown,no,2026-08-24 15:00:00
53,management,married,tertiary,no,0,no,no,cellular,28,jan,1745,2,-1,0,unknown,no,2026-08-24 16:00:00
33,management,single,tertiary,no,3495,yes,yes,cellular,21,nov,11,2,-1,0,unknown,no,2026-08-24 17:00:00
77,retired,married,primary,no,1385,no,no,telephone,8,sep,160,4,-1,0,unknown,no,2026-08-24 18:00:00
33,blue-collar,married,primary,no,2456,yes,no,cellular,21,nov,552,3,127,1,failure,no,2026-08-24 19:00:00
49,unemployed,married,tertiary,no,-471,yes,no,cellular,20,nov,77,3,185,7,failure,no,2026-08-24 20:00:00
32,management,single,tertiary,no,1836,no,no,cellular,27,aug,96,9,-1,0,unknown,no,2026-08-24 21:00:00
30,technician,single,secondary,no,254,yes,yes,cellular,24,jun,167,3,416,2,unknown,no,2026-08-24 22:00:00
40,admin.,divorced,secondary,no,220,yes,no,cellular,18,may,197,2,-1,0,unknown,no,2026-08-24 23:00:00
25,student,single,secondary,no,14657,yes,no,cellular,12,may,194,3,-1,0,unknown,no,2026-08-25 00:00:00
29,technician,single,secondary,no,544,yes,no,unknown,13,may,360,1,-1,0,unknown,no,2026-08-25 01:00:00
27,management,married,secondary,no,2071,no,no,cellular,4,jun,449,1,-1,0,unknown,yes,2026-08-25 02:00:00
49,blue-collar,married,secondary,no,3309,yes,no,cellular,15,may,349,2,-1,0,unknown,no,2026-08-25 03:00:00
40,management,married,secondary,no,394,yes,no,cellular,16,jul,60,5,-1,0,unknown,no,2026-08-25 04:00:00
56,management,married,tertiary,no,746,no,no,cellular,30,apr,193,1,-1,0,unknown,no,2026-08-25 05:00:00
45,blue-collar,married,secondary,no,1583,yes,no,cellular,7,aug,84,7,-1,0,unknown,no,2026-08-25 06:00:00
59,retired,married,secondary,no,2126,no,no,cellular,18,mar,359,1,343,1,failure,no,2026-08-25 07:00:00
34,technician,divorced,tertiary,no,1242,yes,no,unknown,29,may,578,3,-1,0,unknown,no,2026-08-25 08:00:00
46,services,married,secondary,no,25,no,yes,unknown,25,jun,167,2,-1,0,unknown,no,2026-08-25 09:00:00
54,technician,divorced,secondary,no,1114,yes,no,cellular,30,jan,81,1,-1,0,unknown,no,2026-08-25 10:00:00
35,admin.,single,secondary,no,128,no,no,unknown,12,jun,46,1,-1,0,unknown,no,2026-08-25 11:00:00
36,services,single,secondary,no,774,yes,no,cellular,3,feb,231,2,259,1,failure,no,2026-08-25 12:00:00
32,admin.,married,secondary,no,280,yes,no,cellular,18,jul,59,4,-1,0,unknown,no,2026-08-25 13:00:00
30,technician,married,tertiary,no,8351,no,no,cellular,11,aug,345,3,-1,0,unknown,no,2026-08-25 14:00:00
33,services,single,secondary,no,1659,yes,no,cellular,18,may,133,2,353,6,failure,no,2026-08-25 15:00:00
35,blue-collar,single,secondary,no,142,yes,no,cellular,7,may,266,2,168,1,failure,no,2026-08-25 16:00:00
49,blue-collar,married,primary,no,4830,yes,no,unknown,6,jun,350,1,-1,0,unknown,no,2026-08-25 17:00:00
58,retired,married,secondary,no,3909,yes,no,unknown,3,jun,80,1,-1,0,unknown,no,2026-08-25 18:00:00
25,student,single,tertiary,no,0,yes,no,cellular,7,may,178,1,-1,0,unknown,no,2026-08-25 19:00:00
59,retired,married,secondary,no,836,yes,no,unknown,7,may,106,1,-1,0,unknown,no,2026-08-25 20:00:00
52,blue-collar,single,primary,no,1837,yes,no,cellular,21,nov,217,1,-1,0,unknown,no,2026-08-25 21:00:00
47,admin.,married,secondary,no,1358,yes,no,cellular,14,may,80,4,-1,0,unknown,no,2026-08-25 22:00:00
33,management,married,tertiary,no,442,yes,no,unknown,7,may,463,1,-1,0,unknown,no,2026-08-25 23:00:00
32,admin.,single,secondary,no,314,no,yes,cellular,23,apr,91,4,156,1,other,no,2026-08-26 00:00:00
48,technician,divorced,secondary,no,177,yes,no,unknown,8,may,471,1,-1,0,unknown,no,2026-08-26 01:00:00
30,management,single,tertiary,no,112,yes,no,unknown,7,may,245,1,-1,0,unknown,no,2026-08-26 02:00:00
36,management,married,tertiary,no,3839,no,no,cellular,19,nov,146,1,-1,0,unknown,no,2026-08-26 03:00:00
36,admin.,divorced,tertiary,no,281,no,no,cellular,30,jan,60,2,2,1,other,no,2026-08-26 04:00:00
27,student,single,secondary,no,279,no,no,cellular,12,oct,323,1,-1,0,unknown,yes,2026-08-26 05:00:00
41,services,married,secondary,no,803,yes,no,unknown,28,may,88,3,-1,0,unknown,no,2026-08-26 06:00:00
54,management,divorced,tertiary,no,1288,no,no,cellular,28,jan,515,3,-1,0,unknown,no,2026-08-26 07:00:00
45,blue-collar,married,primary,no,193,yes,yes,cellular,29,jul,116,2,-1,0,unknown,no,2026-08-26 08:00:00
51,unemployed,married,tertiary,no,1801,no,no,cellular,16,apr,838,3,-1,0,unknown,yes,2026-08-26 09:00:00
33,management,single,tertiary,no,0,no,no,cellular,28,aug,59,10,-1,0,unknown,no,2026-08-26 10:00:00
23,student,single,secondary,no,43,no,no,unknown,27,aug,4,1,-1,0,unknown,no,2026-08-26 11:00:00
53,retired,married,secondary,no,-27,no,no,unknown,13,may,209,9,-1,0,unknown,no,2026-08-26 12:00:00
42,entrepreneur,married,secondary,no,0,yes,yes,unknown,29,may,128,3,-1,0,unknown,no,2026-08-26 13:00:00
37,management,single,tertiary,no,-533,no,no,cellular,26,aug,234,4,-1,0,unknown,no,2026-08-26 14:00:00
41,management,married,tertiary,no,30,yes,no,cellular,15,may,101,4,291,6,failure,no,2026-08-26 15:00:00
31,blue-collar,divorced,secondary,no,-452,yes,no,unknown,26,may,182,5,-1,0,unknown,no,2026-08-26 16:00:00
39,management,married,secondary,no,363,yes,yes,cellular,17,jul,184,1,-1,0,unknown,no,2026-08-26 17:00:00
60,retired,married,primary,no,-382,yes,no,unknown,26,may,140,2,-1,0,unknown,no,2026-08-26 18:00:00
37,technician,married,secondary,no,1784,yes,no,cellular,6,may,372,1,-1,0,unknown,no,2026-08-26 19:00:00
32,entrepreneur,married,secondary,no,390,no,no,cellular,30,nov,152,1,-1,0,unknown,no,2026-08-26 20:00:00
32,blue-collar,single,secondary,no,3036,yes,no,cellular,31,jul,52,5,-1,0,unknown,no,2026-08-26 21:00:00
45,unknown,married,unknown,no,1979,no,no,unknown,17,jun,76,3,-1,0,unknown,no,2026-08-26 22:00:00
41,admin.,single,secondary,yes,0,no,yes,cellular,21,nov,305,6,-1,0,unknown,no,2026-08-26 23:00:00
38,blue-collar,divorced,primary,no,0,no,no,unknown,12,jun,49,2,-1,0,unknown,no,2026-08-27 00:00:00
53,retired,divorced,secondary,no,-24,no,no,unknown,11,jun,303,1,-1,0,unknown,no,2026-08-27 01:00:00
55,management,married,tertiary,no,12675,no,no,cellular,19,nov,195,2,-1,0,unknown,no,2026-08-27 02:00:00
40,blue-collar,married,secondary,no,1508,no,no,cellular,3,nov,177,2,85,3,failure,no,2026-08-27 03:00:00
33,blue-collar,divorced,secondary,no,75,yes,yes,unknown,12,may,94,2,-1,0,unknown,no,2026-08-27 04:00:00
40,services,married,secondary,no,22,yes,yes,telephone,9,jul,145,2,-1,0,unknown,no,2026-08-27 05:00:00
49,retired,single,unknown,no,332,no,no,unknown,18,jun,163,2,-1,0,unknown,no,2026-08-27 06:00:00
28,management,married,tertiary,no,3516,no,no,cellular,17,jul,232,1,-1,0,unknown,no,2026-08-27 07:00:00
37,blue-collar,married,primary,no,1222,yes,no,cellular,6,may,206,1,-1,0,unknown,no,2026-08-27 08:00:00
40,housemaid,married,secondary,no,2064,no,no,cellular,12,aug,107,1,-1,0,unknown,no,2026-08-27 09:00:00
82,retired,married,primary,no,8603,no,no,cellular,7,jul,429,1,-1,0,unknown,yes,2026-08-27 10:00:00
45,blue-collar,married,primary,no,185,no,no,cellular,18,aug,34,14,-1,0,unknown,no,2026-08-27 11:00:00
47,services,single,secondary,no,591,no,no,cellular,29,jul,397,1,-1,0,unknown,no,2026-08-27 12:00:00
29,technician,married,tertiary,no,534,no,no,cellular,30,apr,452,2,-1,0,unknown,no,2026-08-27 13:00:00
32,services,single,secondary,no,344,no,yes,cellular,21,nov,21,7,141,9,other,no,2026-08-27 14:00:00
50,management,married,tertiary,no,0,no,no,cellular,21,aug,89,2,-1,0,unknown,no,2026-08-27 15:00:00
64,housemaid,married,primary,no,67,no,no,telephone,25,aug,153,1,-1,0,unknown,no,2026-08-27 16:00:00
24,self-employed,single,unknown,no,1179,no,no,cellular,10,feb,122,1,-1,0,unknown,no,2026-08-27 17:00:00
59,retired,married,primary,no,0,yes,no,cellular,28,jul,20,4,-1,0,unknown,no,2026-08-27 18:00:00
26,management,married,tertiary,no,17,no,yes,cellular,11,jul,522,1,-1,0,unknown,no,2026-08-27 19:00:00
55,retired,married,secondary,no,991,no,no,cellular,11,jul,593,2,-1,0,unknown,no,2026-08-27 20:00:00
41,blue-collar,divorced,primary,no,1887,no,no,unknown,12,jun,168,2,-1,0,unknown,no,2026-08-27 21:00:00
52,technician,single,secondary,no,1262,no,yes,cellular,17,nov,216,1,-1,0,unknown,no,2026-08-27 22:00:00
38,admin.,married,secondary,no,1559,no,no,cellular,3,mar,136,2,280,1,failure,yes,2026-08-27 23:00:00
30,blue-collar,single,unknown,no,306,yes,no,cellular,17,apr,314,1,-1,0,unknown,no,2026-08-28 00:00:00
56,blue-collar,married,primary,no,313,no,no,cellular,28,aug,24,16,-1,0,unknown,no,2026-08-28 01:00:00
33,management,married,tertiary,no,6,yes,no,cellular,8,jul,1111,1,-1,0,unknown,no,2026-08-28 02:00:00
30,management,married,tertiary,no,265,yes,no,unknown,26,may,45,4,-1,0,unknown,no,2026-08-28 03:00:00
51,technician,married,secondary,no,2682,no,no,unknown,18,jun,56,1,-1,0,unknown,no,2026-08-28 04:00:00
37,blue-collar,married,primary,no,398,yes,yes,unknown,20,may,309,1,-1,0,unknown,no,2026-08-28 05:00:00
46,self-employed,divorced,secondary,no,0,no,no,unknown,10,aug,6,1,-1,0,unknown,no,2026-08-28 06:00:00
41,housemaid,single,primary,no,1179,yes,no,unknown,11,jun,950,4,-1,0,unknown,no,2026-08-28 07:00:00
27,admin.,single,secondary,no,-145,yes,no,telephone,15,may,289,8,-1,0,unknown,no,2026-08-28 08:00:00
22,student,single,tertiary,no,691,no,no,cellular,19,aug,338,1,-1,0,unknown,yes,2026-08-28 09:00:00
60,retired,married,primary,no,60,yes,no,unknown,5,may,219,1,-1,0,unknown,no,2026-08-28 10:00:00
58,retired,married,primary,no,90,yes,no,unknown,27,may,144,1,-1,0,unknown,no,2026-08-28 11:00:00
57,technician,divorced,secondary,no,1168,no,no,unknown,20,jun,74,5,-1,0,unknown,no,2026-08-28 12:00:00
37,unemployed,married,primary,no,236,yes,no,cellular,4,feb,101,1,-1,0,unknown,no,2026-08-28 13:00:00
38,housemaid,married,primary,no,3577,no,no,unknown,6,jun,190,2,-1,0,unknown,no,2026-08-28 14:00:00
41,technician,married,secondary,no,493,yes,no,unknown,16,may,130,3,-1,0,unknown,no,2026-08-28 15:00:00
58,admin.,married,unknown,no,4318,no,no,unknown,5,jun,307,2,-1,0,unknown,no,2026-08-28 16:00:00
47,technician,married,secondary,no,636,no,no,cellular,4,aug,416,2,-1,0,unknown,no,2026-08-28 17:00:00
60,blue-collar,married,unknown,no,3563,no,no,cellular,13,aug,159,2,-1,0,unknown,no,2026-08-28 18:00:00
37,management,married,tertiary,no,11391,yes,no,cellular,21,nov,103,1,-1,0,unknown,no,2026-08-28 19:00:00
51,admin.,married,primary,no,2,yes,no,cellular,5,may,295,1,-1,0,unknown,no,2026-08-28 20:00:00
30,technician,single,secondary,no,0,yes,no,unknown,6,may,369,1,-1,0,unknown,no,2026-08-28 21:00:00
36,entrepreneur,married,tertiary,no,99,yes,no,cellular,21,jul,165,2,-1,0,unknown,no,2026-08-28 22:00:00
35,management,married,tertiary,no,753,no,no,cellular,27,aug,111,9,-1,0,unknown,no,2026-08-28 23:00:00
33,technician,single,secondary,no,163,yes,no,cellular,20,aug,627,2,-1,0,unknown,yes,2026-08-29 00:00:00
56,blue-collar,married,primary,no,173,yes,yes,telephone,23,jul,31,2,-1,0,unknown,no,2026-08-29 01:00:00
49,housemaid,married,primary,no,0,no,no,telephone,9,jul,106,1,-1,0,unknown,no,2026-08-29 02:00:00
30,technician,single,secondary,no,44,no,no,cellular,11,aug,187,2,-1,0,unknown,no,2026-08-29 03:00:00
48,management,married,tertiary,no,5320,yes,no,unknown,20,jun,792,1,-1,0,unknown,yes,2026-08-29 04:00:00
33,technician,single,secondary,no,313,yes,no,unknown,21,may,291,2,-1,0,unknown,no,2026-08-29 05:00:00
73,retired,married,unknown,no,519,no,no,telephone,16,oct,434,1,57,1,failure,yes,2026-08-29 06:00:00
48,admin.,married,primary,no,4459,yes,no,cellular,3,apr,439,2,240,1,failure,no,2026-08-29 07:00:00
25,blue-collar,married,secondary,no,-102,no,no,cellular,25,jul,466,1,-1,0,unknown,no,2026-08-29 08:00:00
53,management,married,tertiary,no,9072,no,no,cellular,18,nov,117,2,-1,0,unknown,no,2026-08-29 09:00:00
30,technician,married,secondary,no,671,no,no,cellular,11,aug,96,2,-1,0,unknown,no,2026-08-29 10:00:00
59,blue-collar,married,primary,no,0,yes,yes,cellular,21,aug,140,5,-1,0,unknown,no,2026-08-29 11:00:00
54,management,divorced,tertiary,no,92,no,yes,telephone,7,jul,86,4,-1,0,unknown,no,2026-08-29 12:00:00
52,technician,divorced,secondary,no,5102,no,no,cellular,8,aug,117,2,-1,0,unknown,no,2026-08-29 13:00:00
36,management,married,tertiary,no,918,no,no,cellular,28,aug,58,8,-1,0,unknown,no,2026-08-29 14:00:00
31,technician,single,tertiary,no,1166,yes,no,cellular,21,nov,119,2,171,1,failure,no,2026-08-29 15:00:00
43,management,divorced,tertiary,no,221,yes,no,cellular,11,may,313,1,369,2,failure,no,2026-08-29 16:00:00
29,blue-collar,married,secondary,no,3310,no,no,cellular,5,feb,276,2,-1,0,unknown,no,2026-08-29 17:00:00
27,services,single,secondary,no,0,no,no,cellular,6,feb,145,1,-1,0,unknown,no,2026-08-29 18:00:00
38,blue-collar,married,primary,no,506,yes,yes,unknown,12,jun,122,1,-1,0,unknown,no,2026-08-29 19:00:00
45,management,divorced,tertiary,no,6200,no,no,cellular,29,jul,103,2,-1,0,unknown,no,2026-08-29 20:00:00
49,management,divorced,tertiary,no,557,yes,no,unknown,20,jun,126,5,-1,0,unknown,no,2026-08-29 21:00:00
33,technician,single,secondary,yes,329,no,no,cellular,12,aug,137,2,-1,0,unknown,no,2026-08-29 22:00:00
32,services,married,secondary,no,180,yes,no,telephone,15,may,45,2,-1,0,unknown,no,2026-08-29 23:00:00
35,admin.,married,secondary,no,69,yes,yes,unknown,6,may,235,2,-1,0,unknown,no,2026-08-30 00:00:00
36,blue-collar,married,primary,no,277,yes,yes,cellular,5,feb,239,2,-1,0,unknown,no,2026-08-30 01:00:00
44,management,married,tertiary,no,795,no,no,cellular,28,aug,99,24,-1,0,unknown,no,2026-08-30 02:00:00
34,technician,married,secondary,no,-346,yes,no,unknown,3,jul,115,4,-1,0,unknown,no,2026-08-30 03:00:00
19,student,single,primary,no,56,no,no,cellular,12,aug,246,1,-1,0,unknown,no,2026-08-30 04:00:00
36,entrepreneur,married,unknown,no,60,no,no,unknown,9,jun,557,2,-1,0,unknown,no,2026-08-30 05:00:00
46,management,married,tertiary,no,-3,no,no,cellular,25,aug,728,4,-1,0,unknown,no,2026-08-30 06:00:00
32,management,single,tertiary,no,4262,yes,no,cellular,20,apr,246,1,152,1,failure,no,2026-08-30 07:00:00
35,technician,married,secondary,no,1546,yes,no,cellular,20,nov,148,4,-1,0,unknown,no,2026-08-30 08:00:00
32,admin.,married,secondary,no,20011,no,no,cellular,20,apr,234,1,-1,0,unknown,no,2026-08-30 09:00:00
52,management,married,tertiary,no,994,no,no,cellular,8,sep,127,1,370,4,failure,no,2026-08-30 10:00:00
48,unknown,married,unknown,no,286,no,no,cellular,30,jul,166,2,-1,0,unknown,no,2026-08-30 11:00:00
34,blue-collar,married,primary,no,-480,yes,yes,cellular,8,jul,225,1,-1,0,unknown,no,2026-08-30 12:00:00
53,technician,divorced,secondary,no,173,no,yes,unknown,1,jul,157,1,-1,0,unknown,no,2026-08-30 13:00:00
31,management,single,tertiary,no,350,no,no,cellular,29,aug,71,24,-1,0,unknown,no,2026-08-30 14:00:00
32,technician,married,secondary,no,56,yes,no,cellular,8,may,126,1,359,5,other,no,2026-08-30 15:00:00
33,blue-collar,married,primary,no,-191,yes,yes,cellular,9,jul,1290,4,-1,0,unknown,yes,2026-08-30 16:00:00
29,services,single,tertiary,no,1788,no,no,cellular,4,feb,303,1,100,1,success,no,2026-08-30 17:00:00
34,housemaid,married,tertiary,no,4958,yes,no,cellular,19,nov,175,1,183,1,failure,no,2026-08-30 18:00:00
30,services,married,tertiary,no,1019,no,no,cellular,4,feb,155,1,234,1,other,no,2026-08-30 19:00:00
33,services,divorced,secondary,no,69,yes,no,cellular,2,feb,300,2,-1,0,unknown,no,2026-08-30 20:00:00
51,admin.,married,secondary,no,1204,no,no,cellular,29,mar,317,4,-1,0,unknown,no,2026-08-30 21:00:00
44,self-employed,married,tertiary,no,11757,no,no,cellular,7,may,152,2,-1,0,unknown,no,2026-08-30 22:00:00
39,services,married,secondary,no,1970,yes,no,unknown,8,jun,30,1,404,2,success,no,2026-08-30 23:00:00
43,management,married,tertiary,no,1712,yes,no,cellular,14,may,254,11,-1,0,unknown,no,2026-08-31 00:00:00
33,blue-collar,married,secondary,no,91,yes,no,cellular,14,apr,283,2,-1,0,unknown,no,2026-08-31 01:00:00
43,technician,married,secondary,no,4056,no,no,cellular,4,feb,154,2,-1,0,unknown,no,2026-08-31 02:00:00
51,services,married,secondary,no,325,yes,no,unknown,20,jun,123,4,-1,0,unknown,no,2026-08-31 03:00:00
34,admin.,divorced,secondary,no,140,yes,no,cellular,8,may,81,2,365,1,failure,no,2026-08-31 04:00:00
31,technician,single,tertiary,no,426,yes,no,unknown,23,may,82,7,-1,0,unknown,no,2026-08-31 05:00:00
31,technician,single,tertiary,no,56,no,no,unknown,15,may,320,3,-1,0,unknown,no,2026-08-31 06:00:00
41,blue-collar,married,primary,no,3803,yes,no,cellular,20,nov,611,3,-1,0,unknown,no,2026-08-31 07:00:00
47,management,married,tertiary,no,0,no,no,unknown,5,jun,265,2,-1,0,unknown,no,2026-08-31 08:00:00
33,technician,married,tertiary,no,16992,yes,no,unknown,29,may,58,1,-1,0,unknown,no,2026-08-31 09:00:00
50,entrepreneur,divorced,tertiary,no,101,no,no,cellular,20,aug,132,2,-1,0,unknown,no,2026-08-31 10:00:00
56,management,married,tertiary,no,1407,no,no,cellular,1,jun,388,1,-1,0,unknown,no,2026-08-31 11:00:00
45,housemaid,married,primary,no,106,no,no,cellular,4,aug,205,1,-1,0,unknown,no,2026-08-31 12:00:00
45,technician,single,unknown,no,7108,yes,yes,unknown,30,may,1212,3,-1,0,unknown,no,2026-08-31 13:00:00
43,housemaid,married,secondary,no,618,no,no,unknown,17,jun,89,4,-1,0,unknown,no,2026-08-31 14:00:00
33,management,married,tertiary,no,273,yes,no,unknown,16,may,803,1,-1,0,unknown,yes,2026-08-31 15:00:00
25,student,single,unknown,no,92,no,no,cellular,27,may,297,1,-1,0,unknown,no,2026-08-31 16:00:00
39,blue-collar,married,primary,no,33,yes,no,cellular,4,feb,211,1,-1,0,unknown,no,2026-08-31 17:00:00
46,admin.,married,unknown,no,-1092,yes,no,cellular,12,may,75,5,-1,0,unknown,no,2026-08-31 18:00:00
35,admin.,married,secondary,no,-488,yes,no,unknown,2,jun,97,4,-1,0,unknown,no,2026-08-31 19:00:00
34,management,married,tertiary,no,0,yes,yes,cellular,10,jul,129,1,-1,0,unknown,no,2026-08-31 20:00:00
59,management,divorced,tertiary,yes,0,no,no,cellular,4,feb,47,2,-1,0,unknown,no,2026-08-31 21:00:00
49,blue-collar,single,primary,yes,-2604,yes,no,cellular,18,nov,142,1,-1,0,unknown,no,2026-08-31 22:00:00
47,technician,married,secondary,no,644,no,no,telephone,28,jan,54,3,160,13,failure,no,2026-08-31 23:00:00
46,technician,married,secondary,no,292,no,yes,cellular,28,aug,7,13,-1,0,unknown,no,2026-09-01 00:00:00
32,housemaid,married,primary,no,7,no,yes,unknown,27,jun,110,1,-1,0,unknown,no,2026-09-01 01:00:00
31,management,single,tertiary,no,533,no,no,cellular,12,nov,90,3,93,6,success,yes,2026-09-01 02:00:00
32,entrepreneur,married,tertiary,no,0,yes,yes,cellular,18,nov,95,1,-1,0,unknown,no,2026-09-01 03:00:00
30,blue-collar,single,secondary,no,573,yes,no,unknown,12,may,116,2,-1,0,unknown,no,2026-09-01 04:00:00
81,retired,married,secondary,no,1,no,no,cellular,19,aug,65,5,-1,0,unknown,no,2026-09-01 05:00:00
41,technician,divorced,secondary,no,1545,no,yes,cellular,13,aug,183,2,-1,0,unknown,no,2026-09-01 06:00:00
23,blue-collar,single,unknown,no,817,yes,no,cellular,18,may,123,1,-1,0,unknown,no,2026-09-01 07:00:00
50,admin.,divorced,secondary,no,769,no,no,cellular,28,jul,72,2,363,4,failure,no,2026-09-01 08:00:00
36,entrepreneur,married,tertiary,no,0,yes,no,cellular,9,apr,339,1,-1,0,unknown,no,2026-09-01 09:00:00
55,management,divorced,tertiary,no,25,no,no,unknown,16,jun,404,3,-1,0,unknown,no,2026-09-01 10:00:00
45,self-employed,married,tertiary,no,1265,yes,no,cellular,6,feb,79,2,-1,0,unknown,no,2026-09-01 11:00:00
59,unknown,married,tertiary,no,499,no,no,cellular,29,jan,966,1,-1,0,unknown,no,2026-09-01 12:00:00
34,technician,single,secondary,no,920,yes,no,cellular,29,oct,250,1,342,5,failure,no,2026-09-01 13:00:00
28,technician,single,secondary,no,31,no,no,cellular,8,jul,323,2,-1,0,unknown,no,2026-09-01 14:00:00
48,management,married,tertiary,no,190,no,no,cellular,25,aug,14,22,-1,0,unknown,no,2026-09-01 15:00:00
30,management,married,tertiary,no,112,yes,no,cellular,29,jan,464,2,258,1,other,no,2026-09-01 16:00:00
36,services,single,secondary,no,92,yes,no,cellular,17,apr,36,1,-1,0,unknown,no,2026-09-01 17:00:00
59,management,married,tertiary,no,2764,no,no,cellular,24,dec,237,1,206,2,failure,no,2026-09-01 18:00:00
35,services,married,primary,no,764,no,no,cellular,12,may,706,3,-1,0,unknown,no,2026-09-01 19:00:00
33,technician,married,tertiary,no,2586,no,no,cellular,11,aug,117,3,-1,0,unknown,no,2026-09-01 20:00:00
40,blue-collar,married,secondary,no,10,yes,no,unknown,9,may,1692,2,-1,0,unknown,yes,2026-09-01 21:00:00
28,technician,single,secondary,no,1581,no,yes,cellular,7,jul,576,2,-1,0,unknown,no,2026-09-01 22:00:00
32,housemaid,married,primary,no,51,yes,no,cellular,12,may,324,1,-1,0,unknown,no,2026-09-01 23:00:00
57,admin.,married,secondary,no,2518,yes,no,cellular,11,jul,82,2,-1,0,unknown,no,2026-09-02 00:00:00
30,management,married,secondary,no,0,no,no,cellular,22,aug,78,2,-1,0,unknown,no,2026-09-02 01:00:00
53,self-employed,married,secondary,no,1066,yes,no,cellular,18,nov,110,1,186,3,failure,no,2026-09-02 02:00:00
29,services,single,secondary,no,2099,yes,yes,unknown,19,may,171,2,-1,0,unknown,no,2026-09-02 03:00:00
47,housemaid,single,tertiary,no,3232,no,no,telephone,6,oct,541,1,204,3,failure,no,2026-09-02 04:00:00
78,retired,divorced,unknown,no,0,no,no,telephone,8,oct,259,1,-1,0,unknown,no,2026-09-02 05:00:00
36,blue-collar,married,secondary,no,-557,yes,yes,cellular,29,jan,484,1,253,1,failure,no,2026-09-02 06:00:00
39,unknown,married,primary,no,2860,no,no,unknown,19,jun,133,1,-1,0,unknown,no,2026-09-02 07:00:00
31,management,married,secondary,no,678,yes,no,cellular,29,jan,249,1,259,4,failure,no,2026-09-02 08:00:00
49,blue-collar,married,primary,no,186,yes,no,unknown,9,may,241,1,-1,0,unknown,no,2026-09-02 09:00:00
43,blue-collar,married,secondary,no,130,no,no,cellular,5,may,156,1,337,3,failure,no,2026-09-02 10:00:00
31,admin.,married,secondary,no,728,yes,yes,unknown,28,may,104,4,-1,0,unknown,no,2026-09-02 11:00:00
58,blue-collar,married,secondary,no,3148,no,yes,cellular,13,aug,57,2,-1,0,unknown,no,2026-09-02 12:00:00
32,blue-collar,married,secondary,no,4471,yes,no,cellular,3,feb,197,1,270,2,failure,no,2026-09-02 13:00:00
35,management,married,tertiary,no,0,yes,no,cellular,7,apr,139,1,243,2,other,no,2026-09-02 14:00:00
39,blue-collar,married,primary,no,385,yes,no,unknown,16,may,225,4,-1,0,unknown,no,2026-09-02 15:00:00
46,management,married,tertiary,no,1720,no,no,cellular,5,aug,250,2,-1,0,unknown,no,2026-09-02 16:00:00
28,services,single,secondary,no,6332,yes,no,telephone,7,may,149,1,343,4,failure,no,2026-09-02 17:00:00
56,technician,married,secondary,no,3931,no,no,cellular,14,apr,115,1,-1,0,unknown,no,2026-09-02 18:00:00
33,admin.,married,tertiary,no,69,no,yes,cellular,4,may,77,2,-1,0,unknown,no,2026-09-02 19:00:00
58,blue-collar,married,secondary,no,1826,yes,no,unknown,19,jun,47,3,-1,0,unknown,no,2026-09-02 20:00:00
56,admin.,married,secondary,no,2796,no,no,telephone,31,jul,39,3,-1,0,unknown,no,2026-09-02 21:00:00
34,services,married,secondary,no,1314,yes,no,cellular,13,may,124,1,-1,0,unknown,no,2026-09-02 22:00:00
31,admin.,married,secondary,no,352,no,no,telephone,28,oct,60,1,-1,0,unknown,no,2026-09-02 23:00:00
47,blue-collar,married,secondary,no,232,yes,yes,cellular,14,aug,90,4,-1,0,unknown,no,2026-09-03 00:00:00
38,blue-collar,married,primary,no,580,yes,no,unknown,30,may,572,6,-1,0,unknown,no,2026-09-03 01:00:00
35,management,married,tertiary,no,440,yes,no,unknown,20,may,110,1,-1,0,unknown,no,2026-09-03 02:00:00
55,self-employed,married,secondary,no,2408,no,no,telephone,20,nov,172,1,-1,0,unknown,no,2026-09-03 03:00:00
41,blue-collar,married,primary,no,1172,yes,no,unknown,15,may,153,1,-1,0,unknown,no,2026-09-03 04:00:00
31,blue-collar,married,secondary,no,1716,yes,no,cellular,13,apr,542,2,340,2,other,no,2026-09-03 05:00:00
56,retired,married,primary,no,1906,no,yes,unknown,19,jun,45,9,-1,0,unknown,no,2026-09-03 06:00:00
45,management,married,tertiary,no,226,yes,no,cellular,15,feb,91,4,185,6,success,yes,2026-09-03 07:00:00
28,technician,married,secondary,no,7449,yes,no,cellular,7,may,193,1,-1,0,unknown,no,2026-09-03 08:00:00
42,admin.,single,unknown,no,22,no,no,unknown,19,jun,246,3,-1,0,unknown,no,2026-09-03 09:00:00
28,services,married,secondary,no,458,yes,no,cellular,13,may,19,11,-1,0,unknown,no,2026-09-03 10:00:00
38,management,married,tertiary,no,0,no,no,cellular,5,feb,214,2,-1,0,unknown,no,2026-09-03 11:00:00
54,retired,married,primary,no,136,yes,no,cellular,3,apr,352,1,332,2,failure,no,2026-09-03 12:00:00
49,entrepreneur,married,secondary,no,1160,yes,no,unknown,14,may,153,1,-1,0,unknown,no,2026-09-03 13:00:00
26,admin.,single,secondary,no,1327,no,no,cellular,30,apr,104,1,31,4,failure,no,2026-09-03 14:00:00
59,management,divorced,primary,no,13308,yes,no,unknown,13,may,131,1,-1,0,unknown,no,2026-09-03 15:00:00
60,blue-collar,married,primary,no,5788,yes,no,unknown,15,may,203,2,-1,0,unknown,no,2026-09-03 16:00:00
21,student,single,secondary,no,398,yes,no,cellular,11,may,295,3,-1,0,unknown,no,2026-09-03 17:00:00
48,management,married,tertiary,no,879,no,no,cellular,19,nov,136,3,-1,0,unknown,no,2026-09-03 18:00:00
36,blue-collar,married,secondary,no,-477,yes,no,cellular,30,jan,473,2,-1,0,unknown,no,2026-09-03 19:00:00
33,services,married,secondary,no,881,yes,no,unknown,21,may,67,5,-1,0,unknown,no,2026-09-03 20:00:00
29,blue-collar,married,primary,no,7,yes,no,cellular,12,may,69,3,-1,0,unknown,no,2026-09-03 21:00:00
40,technician,married,secondary,no,500,yes,no,cellular,17,jul,175,3,-1,0,unknown,no,2026-09-03 22:00:00
69,retired,married,primary,no,279,no,no,telephone,12,aug,26,1,-1,0,unknown,no,2026-09-03 23:00:00
46,admin.,divorced,secondary,no,2196,no,no,cellular,28,jul,573,5,-1,0,unknown,yes,2026-09-04 00:00:00
39,admin.,married,secondary,no,732,no,no,cellular,23,apr,522,4,-1,0,unknown,yes,2026-09-04 01:00:00
52,blue-collar,married,secondary,no,6429,no,no,telephone,18,aug,138,4,-1,0,unknown,no,2026-09-04 02:00:00
56,services,married,secondary,no,654,no,no,cellular,15,sep,875,1,-1,0,unknown,yes,2026-09-04 03:00:00
26,blue-collar,single,secondary,no,153,yes,no,unknown,9,may,386,1,-1,0,unknown,no,2026-09-04 04:00:00
40,blue-collar,married,primary,no,127,yes,no,cellular,17,apr,76,1,-1,0,unknown,no,2026-09-04 05:00:00
43,management,married,tertiary,no,1059,no,yes,cellular,1,jun,335,2,-1,0,unknown,yes,2026-09-04 06:00:00
33,admin.,single,secondary,no,555,yes,no,cellular,9,sep,204,1,365,1,success,yes,2026-09-04 07:00:00
71,retired,married,secondary,no,2850,no,no,cellular,17,feb,185,1,-1,0,unknown,yes,2026-09-04 08:00:00
59,blue-collar,single,primary,no,-86,no,no,cellular,11,jul,16,2,-1,0,unknown,no,2026-09-04 09:00:00
32,services,single,secondary,no,459,yes,no,unknown,8,may,202,2,-1,0,unknown,no,2026-09-04 10:00:00
33,management,divorced,secondary,no,5,yes,no,unknown,13,may,1346,1,-1,0,unknown,yes,2026-09-04 11:00:00
46,blue-collar,single,primary,no,501,yes,no,cellular,6,may,207,1,-1,0,unknown,no,2026-09-04 12:00:00
38,blue-collar,married,secondary,no,1407,yes,no,cellular,14,may,169,3,174,7,failure,no,2026-09-04 13:00:00
55,retired,married,secondary,no,185,no,no,cellular,28,aug,26,4,-1,0,unknown,no,2026-09-04 14:00:00
54,blue-collar,married,secondary,no,1480,yes,no,unknown,14,may,108,1,-1,0,unknown,no,2026-09-04 15:00:00
53,technician,married,secondary,no,1357,yes,no,cellular,20,aug,123,2,-1,0,unknown,no,2026-09-04 16:00:00
53,blue-collar,married,secondary,no,1852,yes,no,unknown,29,may,134,4,-1,0,unknown,no,2026-09-04 17:00:00
23,admin.,single,tertiary,no,897,yes,no,cellular,8,feb,190,2,280,8,failure,yes,2026-09-04 18:00:00
36,management,divorced,tertiary,no,2397,no,no,cellular,25,aug,93,9,-1,0,unknown,no,2026-09-04 19:00:00
42,management,married,tertiary,no,1435,yes,no,cellular,7,may,1148,1,-1,0,unknown,yes,2026-09-04 20:00:00
59,unemployed,married,secondary,no,1226,no,no,cellular,6,feb,270,3,-1,0,unknown,no,2026-09-04 21:00:00
49,management,married,tertiary,no,0,no,no,cellular,27,aug,56,6,-1,0,unknown,no,2026-09-04 22:00:00
42,management,married,secondary,no,-105,yes,no,cellular,28,aug,60,2,-1,0,unknown,no,2026-09-04 23:00:00
32,technician,married,secondary,no,449,no,no,cellular,23,jul,106,3,-1,0,unknown,no,2026-09-05 00:00:00
54,housemaid,divorced,secondary,yes,34,no,no,cellular,21,jul,208,3,-1,0,unknown,no,2026-09-05 01:00:00
42,self-employed,married,tertiary,no,-426,yes,no,telephone,23,jul,160,7,-1,0,unknown,no,2026-09-05 02:00:00
30,admin.,single,secondary,no,613,yes,no,cellular,17,apr,180,2,302,1,failure,no,2026-09-05 03:00:00
36,blue-collar,married,unknown,no,444,no,no,cellular,8,mar,139,6,279,2,failure,no,2026-09-05 04:00:00
26,entrepreneur,single,secondary,no,681,no,yes,unknown,27,may,137,1,-1,0,unknown,no,2026-09-05 05:00:00
29,admin.,single,secondary,no,2802,no,yes,unknown,4,jul,840,2,-1,0,unknown,no,2026-09-05 06:00:00
26,admin.,single,secondary,no,338,no,no,cellular,29,jan,245,1,92,3,success,no,2026-09-05 07:00:00
40,management,divorced,tertiary,no,502,yes,no,cellular,3,feb,267,4,270,3,other,no,2026-09-05 08:00:00
57,technician,married,tertiary,no,4043,yes,no,cellular,7,aug,122,4,-1,0,unknown,no,2026-09-05 09:00:00
56,technician,married,secondary,no,124,yes,no,cellular,28,jul,341,12,-1,0,unknown,no,2026-09-05 10:00:00
30,technician,single,secondary,no,158,no,no,cellular,6,oct,144,1,-1,0,unknown,yes,2026-09-05 11:00:00
36,blue-collar,married,primary,no,973,yes,yes,unknown,23,may,293,1,-1,0,unknown,no,2026-09-05 12:00:00
37,management,married,tertiary,no,49,no,yes,cellular,22,aug,132,1,-1,0,unknown,no,2026-09-05 13:00:00
43,technician,married,secondary,no,8541,yes,no,unknown,23,may,259,9,-1,0,unknown,no,2026-09-05 14:00:00
43,technician,single,tertiary,no,275,yes,no,telephone,14,may,151,2,360,1,other,no,2026-09-05 15:00:00
34,management,single,tertiary,no,8038,yes,no,cellular,20,apr,29,3,152,1,failure,no,2026-09-05 16:00:00
42,blue-collar,married,secondary,no,-336,yes,no,cellular,14,jul,151,2,-1,0,unknown,no,2026-09-05 17:00:00
54,blue-collar,divorced,primary,no,-182,no,no,cellular,9,jul,98,1,-1,0,unknown,no,2026-09-05 18:00:00
35,technician,single,tertiary,no,2012,yes,no,unknown,20,may,413,2,-1,0,unknown,no,2026-09-05 19:00:00
43,management,single,tertiary,no,5658,no,no,unknown,12,jun,462,3,-1,0,unknown,no,2026-09-05 20:00:00
29,unemployed,single,primary,no,115,no,no,cellular,29,jan,61,2,-1,0,unknown,no,2026-09-05 21:00:00
29,services,married,primary,no,711,yes,no,unknown,3,jun,136,4,-1,0,unknown,no,2026-09-05 22:00:00
44,blue-collar,married,primary,no,3753,yes,no,unknown,28,may,122,4,-1,0,unknown,no,2026-09-05 23:00:00
44,management,married,tertiary,no,7818,no,no,cellular,27,may,412,1,-1,0,unknown,yes,2026-09-06 00:00:00
60,management,married,tertiary,no,328,yes,no,unknown,20,may,72,5,-1,0,unknown,no,2026-09-06 01:00:00
41,technician,married,secondary,no,871,yes,no,unknown,6,may,145,1,-1,0,unknown,no,2026-09-06 02:00:00
35,admin.,single,tertiary,no,153,yes,no,cellular,13,may,37,3,302,3,other,no,2026-09-06 03:00:00
49,housemaid,divorced,unknown,no,2754,no,no,unknown,6,jun,18,2,-1,0,unknown,no,2026-09-06 04:00:00
34,services,married,secondary,no,0,no,no,unknown,27,may,56,2,-1,0,unknown,no,2026-09-06 05:00:00
26,student,single,tertiary,no,37,yes,no,unknown,8,may,108,1,-1,0,unknown,no,2026-09-06 06:00:00
44,blue-collar,married,secondary,yes,105,yes,no,cellular,20,apr,586,1,-1,0,unknown,yes,2026-09-06 07:00:00
33,services,married,secondary,yes,-319,yes,no,cellular,25,jul,142,1,-1,0,unknown,no,2026-09-06 08:00:00
53,admin.,married,secondary,no,10541,no,no,cellular,9,nov,178,1,-1,0,unknown,yes,2026-09-06 09:00:00
36,management,married,tertiary,no,771,yes,no,unknown,28,may,357,1,-1,0,unknown,no,2026-09-06 10:00:00
29,admin.,single,secondary,no,-349,yes,no,cellular,15,may,233,4,-1,0,unknown,no,2026-09-06 11:00:00
39,technician,married,secondary,no,375,yes,yes,telephone,17,apr,777,2,-1,0,unknown,no,2026-09-06 12:00:00
44,technician,married,tertiary,no,1454,no,no,unknown,11,jun,156,2,-1,0,unknown,no,2026-09-06 13:00:00
36,management,single,tertiary,no,181,yes,no,cellular,13,may,159,2,278,4,failure,no,2026-09-06 14:00:00
44,admin.,divorced,secondary,no,449,yes,yes,unknown,28,may,195,4,-1,0,unknown,no,2026-09-06 15:00:00
33,management,married,tertiary,no,2071,no,no,cellular,8,aug,106,2,-1,0,unknown,no,2026-09-06 16:00:00
55,services,married,secondary,no,-31,no,yes,cellular,13,aug,81,2,-1,0,unknown,no,2026-09-06 17:00:00
47,retired,married,primary,no,-468,no,yes,unknown,25,jun,268,1,-1,0,unknown,no,2026-09-06 18:00:00
31,management,single,tertiary,no,30,no,no,cellular,8,aug,161,2,-1,0,unknown,no,2026-09-06 19:00:00
32,blue-collar,single,secondary,no,2285,yes,no,unknown,14,may,413,2,-1,0,unknown,no,2026-09-06 20:00:00
29,management,single,secondary,no,3317,no,yes,telephone,4,may,640,7,-1,0,unknown,yes,2026-09-06 21:00:00
40,technician,single,secondary,no,872,yes,no,cellular,28,aug,71,4,-1,0,unknown,no,2026-09-06 22:00:00
49,technician,married,secondary,no,-142,yes,yes,cellular,23,jul,73,4,-1,0,unknown,no,2026-09-06 23:00:00
57,technician,married,secondary,no,589,yes,no,cellular,2,feb,223,1,76,4,failure,no,2026-09-07 00:00:00
28,technician,single,secondary,no,213,yes,no,unknown,19,may,267,1,-1,0,unknown,no,2026-09-07 01:00:00
30,technician,married,secondary,no,-280,yes,no,cellular,25,jul,246,2,-1,0,unknown,no,2026-09-07 02:00:00
33,management,single,tertiary,no,816,yes,no,cellular,11,oct,383,2,503,2,failure,yes,2026-09-07 03:00:00
41,blue-collar,married,secondary,no,203,no,no,cellular,2,jul,342,2,-1,0,unknown,yes,2026-09-07 04:00:00
34,technician,married,secondary,no,-74,yes,no,cellular,7,jul,98,2,347,4,failure,no,2026-09-07 05:00:00
33,unknown,single,secondary,no,1522,no,yes,cellular,19,nov,966,1,-1,0,unknown,no,2026-09-07 06:00:00
30,admin.,single,tertiary,no,1535,no,no,cellular,18,aug,67,4,-1,0,unknown,no,2026-09-07 07:00:00
33,blue-collar,divorced,secondary,no,474,no,no,cellular,22,jul,400,2,-1,0,unknown,no,2026-09-07 08:00:00
69,retired,divorced,secondary,no,1806,no,no,cellular,1,jul,148,2,-1,0,unknown,no,2026-09-07 09:00:00
25,technician,single,secondary,no,616,no,yes,cellular,28,jul,117,4,-1,0,unknown,no,2026-09-07 10:00:00
45,blue-collar,married,primary,no,700,yes,no,telephone,13,may,29,4,-1,0,unknown,no,2026-09-07 11:00:00
31,blue-collar,single,secondary,no,-161,no,no,cellular,11,jul,196,2,-1,0,unknown,no,2026-09-07 12:00:00
37,management,married,tertiary,no,751,yes,no,cellular,2,feb,186,4,-1,0,unknown,no,2026-09-07 13:00:00
66,retired,married,primary,no,206,no,no,cellular,9,feb,479,1,-1,0,unknown,yes,2026-09-07 14:00:00
49,management,divorced,tertiary,no,20727,no,no,cellular,1,apr,285,3,132,2,failure,no,2026-09-07 15:00:00
38,blue-collar,divorced,secondary,no,226,yes,no,cellular,15,may,167,4,-1,0,unknown,no,2026-09-07 16:00:00
33,technician,married,tertiary,no,525,yes,yes,cellular,30,jan,499,1,247,1,failure,no,2026-09-07 17:00:00
39,admin.,married,primary,no,-439,yes,no,unknown,15,may,347,8,-1,0,unknown,no,2026-09-07 18:00:00
44,technician,married,secondary,no,1901,no,no,cellular,6,aug,165,2,-1,0,unknown,no,2026-09-07 19:00:00
31,entrepreneur,single,secondary,no,0,yes,no,cellular,15,may,56,1,176,1,failure,no,2026-09-07 20:00:00
41,self-employed,married,secondary,yes,0,yes,no,cellular,17,nov,789,1,-1,0,unknown,yes,2026-09-07 21:00:00
35,blue-collar,married,primary,no,0,no,yes,cellular,2,feb,154,2,-1,0,unknown,no,2026-09-07 22:00:00
31,unemployed,married,secondary,no,296,yes,no,unknown,20,may,378,3,-1,0,unknown,no,2026-09-07 23:00:00
30,blue-collar,single,secondary,no,0,yes,no,telephone,23,jul,40,5,-1,0,unknown,no,2026-09-08 00:00:00
36,unemployed,divorced,secondary,no,5,yes,no,cellular,8,jul,305,1,-1,0,unknown,no,2026-09-08 01:00:00
34,technician,single,tertiary,no,632,no,no,cellular,22,aug,215,10,-1,0,unknown,no,2026-09-08 02:00:00
37,admin.,married,tertiary,no,3913,yes,no,cellular,16,jul,57,2,80,1,success,no,2026-09-08 03:00:00
29,technician,single,tertiary,no,-229,yes,no,cellular,21,jul,416,4,-1,0,unknown,no,2026-09-08 04:00:00
55,housemaid,married,primary,no,1642,no,no,cellular,13,aug,295,2,-1,0,unknown,no,2026-09-08 05:00:00
61,management,married,tertiary,no,477,yes,no,cellular,29,oct,377,1,520,1,other,yes,2026-09-08 06:00:00
37,management,single,tertiary,no,8066,no,no,telephone,13,aug,57,1,-1,0,unknown,no,2026-09-08 07:00:00
48,management,married,tertiary,no,1147,no,no,cellular,5,aug,389,1,64,2,success,yes,2026-09-08 08:00:00
31,blue-collar,single,primary,no,3466,yes,no,telephone,29,jan,267,3,183,25,other,no,2026-09-08 09:00:00
38,blue-collar,married,primary,no,1099,yes,no,cellular,15,may,22,5,-1,0,unknown,no,2026-09-08 10:00:00
33,blue-collar,married,secondary,no,249,yes,no,cellular,14,may,7,7,287,4,failure,no,2026-09-08 11:00:00
46,blue-collar,married,secondary,no,1109,yes,no,cellular,19,aug,221,12,-1,0,unknown,no,2026-09-08 12:00:00
47,blue-collar,married,secondary,no,690,yes,no,cellular,9,jul,113,1,-1,0,unknown,no,2026-09-08 13:00:00
53,entrepreneur,married,secondary,no,0,yes,no,telephone,10,jul,311,27,-1,0,unknown,no,2026-09-08 14:00:00
32,management,single,tertiary,no,718,yes,no,cellular,15,jun,95,1,-1,0,unknown,yes,2026-09-08 15:00:00
74,retired,married,unknown,no,7819,no,no,cellular,6,aug,165,3,-1,0,unknown,no,2026-09-08 16:00:00
32,services,single,secondary,no,545,yes,no,cellular,18,may,192,1,180,1,failure,no,2026-09-08 17:00:00
52,technician,married,secondary,no,963,yes,no,unknown,29,may,74,2,-1,0,unknown,no,2026-09-08 18:00:00
65,admin.,married,secondary,no,952,no,no,cellular,6,sep,255,1,96,1,success,yes,2026-09-08 19:00:00
43,management,married,tertiary,no,248,no,no,cellular,7,aug,229,4,-1,0,unknown,no,2026-09-08 20:00:00
26,admin.,single,secondary,no,1099,no,no,cellular,15,jan,99,2,225,13,other,no,2026-09-08 21:00:00
30,admin.,married,secondary,no,695,yes,no,cellular,13,apr,478,2,-1,0,unknown,no,2026-09-08 22:00:00
40,blue-collar,married,primary,yes,-23,no,yes,cellular,7,jul,756,3,-1,0,unknown,no,2026-09-08 23:00:00
35,management,married,tertiary,no,1650,no,no,cellular,8,aug,885,5,-1,0,unknown,no,2026-09-09 00:00:00
38,technician,married,secondary,no,0,no,no,cellular,28,aug,176,10,-1,0,unknown,no,2026-09-09 01:00:00
31,management,married,tertiary,no,459,no,no,cellular,28,aug,13,14,-1,0,unknown,no,2026-09-09 02:00:00
31,blue-collar,married,secondary,no,1243,yes,no,unknown,21,may,32,1,-1,0,unknown,no,2026-09-09 03:00:00
46,management,married,tertiary,no,2851,yes,yes,cellular,15,may,77,4,-1,0,unknown,no,2026-09-09 04:00:00
34,admin.,married,secondary,no,287,yes,no,unknown,2,jun,149,8,-1,0,unknown,no,2026-09-09 05:00:00
34,blue-collar,divorced,secondary,no,-301,yes,yes,cellular,18,may,465,2,-1,0,unknown,no,2026-09-09 06:00:00
37,self-employed,divorced,tertiary,no,1513,no,no,unknown,30,may,510,1,-1,0,unknown,no,2026-09-09 07:00:00
31,services,single,secondary,no,6737,yes,no,cellular,13,may,12,7,-1,0,unknown,no,2026-09-09 08:00:00
60,retired,married,secondary,no,374,no,no,cellular,19,aug,276,2,-1,0,unknown,no,2026-09-09 09:00:00
48,services,married,secondary,no,6127,yes,no,unknown,15,may,97,1,-1,0,unknown,no,2026-09-09 10:00:00
41,services,divorced,secondary,no,0,yes,no,cellular,9,jul,126,1,-1,0,unknown,no,2026-09-09 11:00:00
40,services,married,primary,no,33,no,no,unknown,26,may,70,3,-1,0,unknown,no,2026-09-09 12:00:00
39,technician,married,secondary,no,394,no,no,cellular,11,aug,218,2,-1,0,unknown,no,2026-09-09 13:00:00
41,self-employed,married,secondary,no,13489,no,no,cellular,21,nov,124,2,-1,0,unknown,no,2026-09-09 14:00:00
59,management,married,tertiary,no,5865,yes,no,cellular,21,jul,250,1,-1,0,unknown,no,2026-09-09 15:00:00
32,technician,married,secondary,no,444,no,no,cellular,29,aug,63,2,-1,0,unknown,no,2026-09-09 16:00:00
33,unemployed,married,primary,no,574,yes,no,cellular,20,apr,334,2,-1,0,unknown,no,2026-09-09 17:00:00
52,admin.,married,secondary,no,5122,no,yes,cellular,7,aug,218,7,-1,0,unknown,no,2026-09-09 18:00:00
46,admin.,divorced,secondary,no,207,yes,no,unknown,7,may,485,4,-1,0,unknown,no,2026-09-09 19:00:00
34,blue-collar,married,primary,no,277,yes,no,cellular,17,apr,76,2,-1,0,unknown,no,2026-09-09 20:00:00
35,blue-collar,single,secondary,no,2227,yes,no,cellular,7,may,219,1,-1,0,unknown,no,2026-09-09 21:00:00
43,blue-collar,married,primary,no,778,yes,yes,unknown,15,may,284,5,-1,0,unknown,no,2026-09-09 22:00:00
60,retired,married,secondary,no,263,no,no,cellular,2,jul,317,1,330,2,failure,no,2026-09-09 23:00:00
46,management,married,tertiary,no,477,yes,no,unknown,20,may,128,6,-1,0,unknown,no,2026-09-10 00:00:00
35,technician,divorced,secondary,yes,-52,yes,no,unknown,20,may,265,1,-1,0,unknown,no,2026-09-10 01:00:00
56,blue-collar,married,secondary,no,659,yes,no,cellular,29,jul,64,3,-1,0,unknown,no,2026-09-10 02:00:00
33,services,single,secondary,no,1646,yes,no,telephone,7,may,317,2,-1,0,unknown,no,2026-09-10 03:00:00
32,blue-collar,married,primary,no,206,yes,no,unknown,20,may,205,2,-1,0,unknown,no,2026-09-10 04:00:00
39,self-employed,married,primary,no,2077,yes,no,cellular,31,jul,88,21,-1,0,unknown,no,2026-09-10 05:00:00
38,management,single,tertiary,no,6490,no,no,telephone,10,nov,125,1,-1,0,unknown,no,2026-09-10 06:00:00
52,admin.,divorced,secondary,no,26,yes,no,unknown,13,may,215,1,-1,0,unknown,no,2026-09-10 07:00:00
31,services,married,secondary,no,-414,yes,no,cellular,6,may,1369,3,-1,0,unknown,no,2026-09-10 08:00:00
42,housemaid,married,secondary,no,314,yes,yes,cellular,17,apr,727,2,-1,0,unknown,no,2026-09-10 09:00:00
32,management,married,tertiary,no,1232,no,no,cellular,25,aug,97,4,-1,0,unknown,no,2026-09-10 10:00:00
58,retired,divorced,secondary,no,8266,yes,no,cellular,2,feb,98,2,271,1,failure,no,2026-09-10 11:00:00
49,blue-collar,married,secondary,no,26,yes,no,unknown,6,may,276,2,-1,0,unknown,no,2026-09-10 12:00:00
29,student,single,unknown,no,795,no,no,cellular,7,aug,173,2,-1,0,unknown,no,2026-09-10 13:00:00
81,retired,married,primary,no,1154,no,no,telephone,17,sep,231,1,-1,0,unknown,yes,2026-09-10 14:00:00
36,blue-collar,divorced,secondary,no,-11,no,no,unknown,5,jun,152,2,-1,0,unknown,no,2026-09-10 15:00:00
43,blue-collar,married,secondary,no,1096,no,yes,unknown,30,may,180,1,-1,0,unknown,no,2026-09-10 16:00:00
31,blue-collar,single,secondary,no,5607,no,no,unknown,20,may,261,1,-1,0,unknown,no,2026-09-10 17:00:00
32,management,single,tertiary,no,3199,no,no,cellular,12,aug,58,3,-1,0,unknown,no,2026-09-10 18:00:00
42,technician,married,tertiary,no,725,yes,yes,telephone,3,feb,124,3,252,3,failure,no,2026-09-10 19:00:00
43,management,married,tertiary,no,3518,no,no,cellular,28,dec,206,2,196,2,success,yes,2026-09-10 20:00:00
30,services,divorced,secondary,no,436,yes,no,cellular,17,jun,1720,1,-1,0,unknown,yes,2026-09-10 21:00:00
47,blue-collar,married,secondary,no,1143,yes,no,unknown,4,jun,79,1,-1,0,unknown,no,2026-09-10 22:00:00
49,technician,divorced,secondary,no,1669,yes,no,unknown,20,jun,34,3,-1,0,unknown,no,2026-09-10 23:00:00
49,housemaid,divorced,primary,no,164,yes,no,unknown,9,may,1080,5,-1,0,unknown,no,2026-09-11 00:00:00
58,blue-collar,married,primary,no,5445,yes,no,cellular,14,apr,391,1,-1,0,unknown,no,2026-09-11 01:00:00
26,management,single,tertiary,no,4116,yes,no,cellular,5,may,301,1,-1,0,unknown,no,2026-09-11 02:00:00
30,admin.,single,secondary,no,43,yes,no,cellular,14,may,91,1,370,2,failure,no,2026-09-11 03:00:00
45,technician,married,secondary,no,366,no,yes,cellular,3,feb,235,2,169,12,failure,no,2026-09-11 04:00:00
48,blue-collar,divorced,primary,no,323,no,no,unknown,2,jun,230,2,-1,0,unknown,no,2026-09-11 05:00:00
30,technician,single,secondary,no,148,yes,yes,cellular,15,may,115,5,-1,0,unknown,no,2026-09-11 06:00:00
32,technician,single,secondary,no,309,yes,yes,cellular,16,apr,346,1,234,3,failure,no,2026-09-11 07:00:00
47,technician,married,tertiary,no,1430,yes,no,cellular,24,jul,120,11,-1,0,unknown,no,2026-09-11 08:00:00
34,services,married,secondary,no,1414,yes,no,unknown,26,may,192,4,-1,0,unknown,no,2026-09-11 09:00:00
50,retired,married,primary,no,172,yes,yes,cellular,15,may,7,6,-1,0,unknown,no,2026-09-11 10:00:00
47,management,married,tertiary,no,33,yes,yes,unknown,20,jun,14,25,-1,0,unknown,no,2026-09-11 11:00:00
48,admin.,married,secondary,no,-509,no,yes,cellular,8,jul,302,3,-1,0,unknown,no,2026-09-11 12:00:00
32,services,single,secondary,no,6857,no,no,cellular,2,feb,216,1,-1,0,unknown,no,2026-09-11 13:00:00
50,services,divorced,secondary,no,641,no,no,cellular,25,may,128,3,-1,0,unknown,no,2026-09-11 14:00:00
54,management,married,tertiary,no,446,no,no,cellular,2,jun,122,2,91,8,failure,no,2026-09-11 15:00:00
45,admin.,married,secondary,no,1206,no,no,telephone,8,feb,309,1,446,3,failure,yes,2026-09-11 16:00:00
59,retired,divorced,tertiary,no,979,yes,no,cellular,2,feb,281,1,-1,0,unknown,no,2026-09-11 17:00:00
36,management,married,tertiary,no,86,yes,no,cellular,3,sep,104,1,380,3,failure,no,2026-09-11 18:00:00
24,student,single,tertiary,no,603,yes,no,cellular,12,may,157,5,-1,0,unknown,no,2026-09-11 19:00:00
31,management,single,tertiary,no,2592,no,no,cellular,12,may,349,2,174,1,failure,no,2026-09-11 20:00:00
53,retired,married,tertiary,no,1778,no,no,cellular,19,nov,186,2,-1,0,unknown,no,2026-09-11 21:00:00
66,retired,married,tertiary,no,908,no,no,cellular,28,jan,156,2,-1,0,unknown,no,2026-09-11 22:00:00
54,technician,divorced,secondary,no,83,yes,no,unknown,6,may,190,3,-1,0,unknown,no,2026-09-11 23:00:00
32,technician,married,tertiary,no,-1053,yes,no,cellular,21,jul,357,3,-1,0,unknown,no,2026-09-12 00:00:00
35,technician,single,tertiary,no,1362,yes,no,unknown,21,may,230,1,-1,0,unknown,no,2026-09-12 01:00:00
32,management,married,tertiary,no,3158,no,yes,cellular,5,aug,142,1,-1,0,unknown,no,2026-09-12 02:00:00
47,technician,married,secondary,no,-107,no,no,cellular,8,jul,236,2,-1,0,unknown,no,2026-09-12 03:00:00
39,services,married,primary,no,324,yes,no,cellular,8,may,340,2,312,4,failure,no,2026-09-12 04:00:00
44,blue-collar,married,primary,no,271,yes,yes,unknown,9,may,94,1,-1,0,unknown,no,2026-09-12 05:00:00
26,student,single,tertiary,no,1134,no,no,cellular,21,apr,464,4,-1,0,unknown,yes,2026-09-12 06:00:00
45,management,married,secondary,no,0,no,no,unknown,5,jun,65,2,-1,0,unknown,no,2026-09-12 07:00:00
37,blue-collar,married,secondary,no,223,yes,no,cellular,11,may,552,2,301,2,failure,no,2026-09-12 08:00:00
56,housemaid,married,primary,no,445,no,no,cellular,21,nov,13,6,-1,0,unknown,no,2026-09-12 09:00:00
33,unemployed,married,tertiary,no,302,yes,yes,cellular,16,apr,670,1,-1,0,unknown,no,2026-09-12 10:00:00
70,retired,married,secondary,no,1310,no,no,cellular,15,oct,634,1,-1,0,unknown,no,2026-09-12 11:00:00
43,blue-collar,married,primary,no,575,no,no,cellular,2,feb,237,1,-1,0,unknown,no,2026-09-12 12:00:00
55,retired,married,secondary,no,493,yes,no,unknown,13,may,647,7,-1,0,unknown,no,2026-09-12 13:00:00
31,blue-collar,married,secondary,no,92,yes,no,telephone,29,jan,23,1,-1,0,unknown,no,2026-09-12 14:00:00
60,services,married,secondary,no,8837,yes,no,unknown,16,may,144,4,-1,0,unknown,no,2026-09-12 15:00:00
33,technician,married,secondary,no,1026,no,no,cellular,4,aug,87,1,1,5,failure,no,2026-09-12 16:00:00
32,technician,married,tertiary,no,1503,yes,yes,cellular,13,may,44,1,278,2,failure,no,2026-09-12 17:00:00
43,management,divorced,tertiary,no,36,no,no,cellular,26,may,118,1,102,2,failure,no,2026-09-12 18:00:00
53,management,married,tertiary,no,37,no,no,cellular,28,aug,51,9,-1,0,unknown,no,2026-09-12 19:00:00
42,blue-collar,married,primary,no,574,yes,no,cellular,6,apr,357,2,327,2,failure,no,2026-09-12 20:00:00
26,student,single,unknown,no,603,no,no,cellular,28,oct,73,1,-1,0,unknown,no,2026-09-12 21:00:00
38,entrepreneur,married,secondary,no,157,no,yes,cellular,15,may,57,11,366,1,other,no,2026-09-12 22:00:00
31,technician,single,secondary,no,628,yes,no,unknown,12,may,1083,2,-1,0,unknown,no,2026-09-12 23:00:00
35,blue-collar,divorced,secondary,no,0,yes,no,cellular,13,may,404,2,-1,0,unknown,no,2026-09-13 00:00:00
58,retired,married,primary,no,565,no,no,telephone,8,oct,153,1,93,1,success,yes,2026-09-13 01:00:00
35,blue-collar,married,primary,no,2708,yes,no,unknown,30,may,178,2,-1,0,unknown,no,2026-09-13 02:00:00
53,management,divorced,tertiary,no,0,no,no,unknown,9,may,44,2,-1,0,unknown,no,2026-09-13 03:00:00
50,blue-collar,married,secondary,no,0,no,no,cellular,27,aug,78,3,-1,0,unknown,no,2026-09-13 04:00:00
55,admin.,married,secondary,no,1102,yes,no,unknown,15,may,126,2,-1,0,unknown,no,2026-09-13 05:00:00
34,blue-collar,married,primary,no,-319,yes,yes,cellular,9,jul,134,4,-1,0,unknown,no,2026-09-13 06:00:00
32,management,divorced,tertiary,no,-634,yes,yes,unknown,27,may,275,1,-1,0,unknown,no,2026-09-13 07:00:00
52,retired,married,secondary,no,0,no,no,cellular,22,aug,351,5,-1,0,unknown,no,2026-09-13 08:00:00
30,management,married,tertiary,no,-328,yes,no,unknown,14,may,242,5,-1,0,unknown,no,2026-09-13 09:00:00
21,technician,single,secondary,no,64,yes,no,cellular,7,may,16,1,-1,0,unknown,no,2026-09-13 10:00:00
24,technician,single,secondary,no,-192,yes,no,unknown,13,may,125,1,-1,0,unknown,no,2026-09-13 11:00:00
42,management,single,tertiary,no,0,no,no,cellular,25,aug,129,4,-1,0,unknown,no,2026-09-13 12:00:00
47,admin.,married,secondary,no,0,no,no,cellular,9,apr,159,1,-1,0,unknown,no,2026-09-13 13:00:00
33,admin.,married,secondary,no,519,yes,no,telephone,6,may,175,1,-1,0,unknown,no,2026-09-13 14:00:00
48,blue-collar,married,secondary,no,478,yes,yes,unknown,16,may,168,2,-1,0,unknown,no,2026-09-13 15:00:00
30,management,single,tertiary,no,1636,no,no,unknown,6,jun,301,2,-1,0,unknown,no,2026-09-13 16:00:00
32,blue-collar,married,secondary,no,883,yes,yes,unknown,30,may,59,1,-1,0,unknown,no,2026-09-13 17:00:00
52,unknown,married,primary,no,547,no,no,unknown,6,jun,33,2,-1,0,unknown,no,2026-09-13 18:00:00
31,management,married,tertiary,no,2196,yes,no,cellular,26,may,299,2,-1,0,unknown,no,2026-09-13 19:00:00
40,admin.,single,secondary,no,2378,yes,no,unknown,2,jun,65,1,-1,0,unknown,no,2026-09-13 20:00:00
26,services,single,secondary,no,335,no,no,telephone,29,jan,393,2,-1,0,unknown,no,2026-09-13 21:00:00
30,management,single,secondary,no,186,yes,no,cellular,20,nov,235,3,-1,0,unknown,no,2026-09-13 22:00:00
38,management,single,tertiary,no,493,yes,no,cellular,11,may,553,1,367,7,failure,no,2026-09-13 23:00:00
56,management,divorced,tertiary,no,-676,yes,yes,unknown,27,may,181,1,-1,0,unknown,no,2026-09-14 00:00:00
43,technician,married,secondary,no,369,yes,no,unknown,4,jun,75,3,-1,0,unknown,no,2026-09-14 01:00:00
36,technician,single,tertiary,no,391,yes,no,cellular,15,may,185,1,350,8,failure,no,2026-09-14 02:00:00
26,blue-collar,single,secondary,no,199,yes,yes,unknown,12,may,125,1,-1,0,unknown,no,2026-09-14 03:00:00
45,entrepreneur,divorced,tertiary,no,1273,yes,yes,cellular,20,nov,206,2,162,3,failure,no,2026-09-14 04:00:00
42,admin.,divorced,secondary,no,-106,yes,no,cellular,15,may,495,1,347,3,failure,no,2026-09-14 05:00:00
28,unemployed,single,tertiary,no,0,no,no,telephone,2,feb,39,1,-1,0,unknown,no,2026-09-14 06:00:00
50,technician,divorced,secondary,no,0,no,no,cellular,2,feb,91,2,-1,0,unknown,no,2026-09-14 07:00:00
39,management,divorced,tertiary,no,547,yes,no,cellular,29,jan,317,2,260,4,failure,no,2026-09-14 08:00:00
45,admin.,married,tertiary,no,2552,no,no,cellular,1,jun,69,1,293,7,failure,yes,2026-09-14 09:00:00
55,blue-collar,divorced,primary,no,39,yes,no,unknown,13,may,343,1,-1,0,unknown,no,2026-09-14 10:00:00
38,blue-collar,married,secondary,no,137,no,no,cellular,10,jul,624,1,-1,0,unknown,no,2026-09-14 11:00:00
45,management,married,secondary,no,38,yes,no,cellular,19,nov,159,1,188,2,failure,no,2026-09-14 12:00:00
30,student,single,secondary,no,7387,no,no,cellular,16,mar,93,1,-1,0,unknown,no,2026-09-14 13:00:00
45,technician,married,unknown,no,473,yes,no,unknown,27,may,147,1,-1,0,unknown,no,2026-09-14 14:00:00
44,admin.,single,secondary,no,-84,yes,no,unknown,8,may,32,3,-1,0,unknown,no,2026-09-14 15:00:00
28,blue-collar,single,secondary,no,524,yes,no,cellular,6,may,554,2,-1,0,unknown,yes,2026-09-14 16:00:00
57,retired,married,secondary,no,-222,no,no,unknown,14,may,248,2,-1,0,unknown,no,2026-09-14 17:00:00
47,admin.,divorced,secondary,no,2232,no,no,cellular,27,may,439,1,103,1,success,yes,2026-09-14 18:00:00
56,retired,married,secondary,no,0,no,no,telephone,31,jul,45,2,-1,0,unknown,no,2026-09-14 19:00:00
45,housemaid,single,secondary,no,5287,no,no,unknown,6,jun,252,2,-1,0,unknown,no,2026-09-14 20:00:00
41,services,married,unknown,no,1538,no,no,cellular,29,jul,710,2,-1,0,unknown,yes,2026-09-14 21:00:00
28,unemployed,single,primary,no,236,no,no,cellular,6,feb,460,3,-1,0,unknown,no,2026-09-14 22:00:00
30,services,married,secondary,no,5,no,yes,cellular,10,jul,829,5,-1,0,unknown,yes,2026-09-14 23:00:00
38,management,married,tertiary,no,-113,yes,no,cellular,17,apr,141,1,323,3,failure,no,2026-09-15 00:00:00
62,retired,married,tertiary,no,4692,yes,no,cellular,15,oct,73,1,-1,0,unknown,no,2026-09-15 01:00:00
31,entrepreneur,married,tertiary,no,5156,yes,no,cellular,28,jul,147,3,-1,0,unknown,no,2026-09-15 02:00:00
46,housemaid,married,primary,no,296,yes,no,unknown,20,jun,205,4,-1,0,unknown,no,2026-09-15 03:00:00
42,services,married,secondary,no,3236,no,no,unknown,18,jun,521,11,-1,0,unknown,no,2026-09-15 04:00:00
53,blue-collar,single,primary,no,354,yes,no,unknown,17,jun,96,2,-1,0,unknown,no,2026-09-15 05:00:00
27,management,single,tertiary,no,2821,yes,no,cellular,17,apr,186,2,-1,0,unknown,no,2026-09-15 06:00:00
50,admin.,divorced,secondary,no,223,no,no,cellular,5,feb,221,1,-1,0,unknown,no,2026-09-15 07:00:00
33,student,married,tertiary,no,3214,no,no,cellular,20,nov,60,1,-1,0,unknown,no,2026-09-15 08:00:00
43,management,married,tertiary,no,144,yes,no,unknown,7,may,131,3,-1,0,unknown,no,2026-09-15 09:00:00
55,technician,single,tertiary,no,-703,yes,no,cellular,8,may,123,3,-1,0,unknown,no,2026-09-15 10:00:00
29,services,single,secondary,no,23,yes,yes,cellular,18,may,159,3,371,2,other,no,2026-09-15 11:00:00
43,retired,married,primary,no,7298,no,no,unknown,11,jun,36,2,-1,0,unknown,no,2026-09-15 12:00:00
43,management,married,tertiary,no,4004,yes,no,unknown,15,may,190,2,-1,0,unknown,no,2026-09-15 13:00:00
37,blue-collar,married,primary,no,4997,no,no,unknown,9,jun,172,2,-1,0,unknown,no,2026-09-15 14:00:00
60,technician,married,secondary,no,2389,yes,yes,cellular,4,may,287,1,-1,0,unknown,no,2026-09-15 15:00:00
30,blue-collar,married,primary,no,184,yes,no,unknown,23,may,217,1,-1,0,unknown,no,2026-09-15 16:00:00
41,admin.,divorced,secondary,no,-365,yes,no,unknown,28,may,226,10,-1,0,unknown,no,2026-09-15 17:00:00
26,student,single,secondary,no,963,no,no,unknown,21,aug,11,1,304,1,other,no,2026-09-15 18:00:00
32,technician,single,tertiary,no,195,yes,no,cellular,22,aug,239,2,-1,0,unknown,no,2026-09-15 19:00:00
42,management,married,tertiary,no,877,yes,no,unknown,14,may,238,1,-1,0,unknown,no,2026-09-15 20:00:00
30,admin.,single,secondary,no,387,yes,no,unknown,8,may,75,1,-1,0,unknown,no,2026-09-15 21:00:00
40,management,married,tertiary,no,-29,no,no,unknown,8,may,406,2,-1,0,unknown,no,2026-09-15 22:00:00
43,entrepreneur,single,tertiary,no,744,no,yes,cellular,20,nov,90,4,114,4,failure,no,2026-09-15 23:00:00
47,management,married,tertiary,no,296,yes,no,cellular,8,may,500,1,-1,0,unknown,no,2026-09-16 00:00:00
33,management,single,tertiary,no,3161,yes,no,cellular,2,apr,313,3,-1,0,unknown,yes,2026-09-16 01:00:00
36,blue-collar,married,secondary,no,342,yes,no,cellular,18,nov,305,1,-1,0,unknown,no,2026-09-16 02:00:00
49,management,married,tertiary,no,2147,no,no,cellular,21,nov,123,2,-1,0,unknown,no,2026-09-16 03:00:00
46,admin.,married,secondary,no,526,no,yes,cellular,31,jul,251,3,-1,0,unknown,no,2026-09-16 04:00:00
58,admin.,married,secondary,no,3635,no,no,unknown,13,may,273,2,-1,0,unknown,no,2026-09-16 05:00:00
44,technician,married,secondary,no,0,yes,no,unknown,30,may,243,3,-1,0,unknown,no,2026-09-16 06:00:00
52,admin.,married,primary,no,204,no,no,cellular,19,aug,123,2,-1,0,unknown,no,2026-09-16 07:00:00
32,technician,single,tertiary,no,8047,yes,no,cellular,28,aug,16,13,-1,0,unknown,no,2026-09-16 08:00:00
53,management,divorced,tertiary,no,3158,no,no,cellular,31,jul,126,23,-1,0,unknown,no,2026-09-16 09:00:00
36,management,married,tertiary,no,-547,yes,no,cellular,30,apr,267,1,259,2,failure,no,2026-09-16 10:00:00
27,admin.,married,tertiary,no,2855,no,no,cellular,25,jan,240,1,301,3,failure,yes,2026-09-16 11:00:00
46,blue-collar,married,secondary,no,0,yes,no,unknown,29,may,328,2,-1,0,unknown,no,2026-09-16 12:00:00
32,management,single,secondary,no,-119,yes,no,cellular,13,may,231,1,370,1,other,no,2026-09-16 13:00:00
57,retired,married,secondary,no,1841,no,no,cellular,18,dec,127,2,196,1,success,no,2026-09-16 14:00:00
39,self-employed,married,tertiary,no,1492,yes,no,cellular,30,jan,227,1,189,1,failure,no,2026-09-16 15:00:00
38,admin.,married,secondary,no,9618,yes,no,unknown,9,jun,214,1,-1,0,unknown,no,2026-09-16 16:00:00
37,technician,married,secondary,no,507,yes,yes,unknown,23,may,157,1,-1,0,unknown,no,2026-09-16 17:00:00
56,blue-collar,married,unknown,no,3197,no,no,cellular,25,aug,83,13,-1,0,unknown,no,2026-09-16 18:00:00
43,admin.,single,secondary,no,6,no,no,cellular,4,feb,58,1,264,1,failure,no,2026-09-16 19:00:00
31,management,married,tertiary,no,414,yes,no,cellular,11,may,498,2,-1,0,unknown,no,2026-09-16 20:00:00
44,technician,married,tertiary,no,1818,yes,yes,cellular,3,nov,88,2,83,2,failure,no,2026-09-16 21:00:00
44,blue-collar,married,primary,no,976,yes,no,cellular,11,may,164,2,-1,0,unknown,no,2026-09-16 22:00:00
49,admin.,married,secondary,no,635,no,no,cellular,25,aug,220,3,-1,0,unknown,no,2026-09-16 23:00:00
34,blue-collar,married,primary,no,500,yes,no,cellular,18,nov,240,2,182,1,failure,no,2026-09-17 00:00:00
46,services,married,secondary,no,0,yes,no,cellular,22,jun,154,1,124,1,other,no,2026-09-17 01:00:00
28,services,single,secondary,no,45,yes,no,unknown,16,may,345,1,-1,0,unknown,no,2026-09-17 02:00:00
48,management,married,tertiary,no,-1232,yes,no,unknown,6,jun,183,1,-1,0,unknown,no,2026-09-17 03:00:00
33,blue-collar,single,secondary,no,1387,no,no,cellular,5,feb,185,1,-1,0,unknown,no,2026-09-17 04:00:00
30,management,married,tertiary,no,134,yes,no,unknown,19,may,70,1,-1,0,unknown,no,2026-09-17 05:00:00
30,technician,single,tertiary,no,187,no,no,cellular,28,aug,66,4,-1,0,unknown,no,2026-09-17 06:00:00
29,services,married,secondary,no,1135,yes,no,cellular,26,may,407,2,98,1,success,no,2026-09-17 07:00:00
33,self-employed,married,secondary,no,215,yes,no,cellular,29,jul,543,12,-1,0,unknown,no,2026-09-17 08:00:00
24,admin.,single,secondary,no,-507,yes,no,unknown,27,may,446,1,-1,0,unknown,no,2026-09-17 09:00:00
60,services,married,secondary,no,4428,no,no,cellular,5,aug,382,1,97,5,other,no,2026-09-17 10:00:00
36,management,married,tertiary,no,170,no,no,cellular,7,aug,493,2,-1,0,unknown,no,2026-09-17 11:00:00
34,admin.,divorced,secondary,no,-251,no,no,cellular,18,jul,641,1,-1,0,unknown,yes,2026-09-17 12:00:00
32,blue-collar,married,secondary,no,920,yes,no,unknown,21,may,135,2,-1,0,unknown,no,2026-09-17 13:00:00
43,management,married,tertiary,no,3186,no,no,cellular,20,aug,151,1,-1,0,unknown,no,2026-09-17 14:00:00
42,technician,married,tertiary,no,239,yes,yes,unknown,6,may,191,3,-1,0,unknown,no,2026-09-17 15:00:00
52,self-employed,single,primary,no,217,no,yes,cellular,15,jul,193,6,-1,0,unknown,no,2026-09-17 16:00:00
32,management,married,tertiary,no,944,yes,yes,unknown,4,jun,292,1,-1,0,unknown,no,2026-09-17 17:00:00
56,services,divorced,secondary,no,1007,no,no,cellular,29,jul,88,6,-1,0,unknown,no,2026-09-17 18:00:00
48,technician,divorced,tertiary,no,2328,no,no,cellular,27,aug,129,7,-1,0,unknown,no,2026-09-17 19:00:00
49,admin.,single,primary,no,655,yes,no,cellular,13,may,32,5,-1,0,unknown,no,2026-09-17 20:00:00
38,services,single,primary,no,-87,yes,no,cellular,13,may,531,1,-1,0,unknown,no,2026-09-17 21:00:00
42,technician,single,secondary,no,-15,no,no,cellular,17,nov,89,1,145,1,failure,no,2026-09-17 22:00:00
43,services,divorced,secondary,no,7816,yes,no,telephone,15,may,16,3,-1,0,unknown,no,2026-09-17 23:00:00
52,admin.,married,tertiary,no,17,no,no,cellular,21,aug,97,4,-1,0,unknown,no,2026-09-18 00:00:00
53,blue-collar,married,secondary,no,1023,yes,no,unknown,21,may,150,3,-1,0,unknown,no,2026-09-18 01:00:00
37,technician,married,tertiary,no,2043,no,no,cellular,22,aug,143,4,-1,0,unknown,no,2026-09-18 02:00:00
35,admin.,divorced,secondary,no,356,yes,no,unknown,29,may,76,1,-1,0,unknown,no,2026-09-18 03:00:00
35,technician,married,secondary,no,1140,yes,no,cellular,14,jul,69,2,-1,0,unknown,no,2026-09-18 04:00:00
54,management,divorced,unknown,no,901,no,no,unknown,20,jun,7,3,-1,0,unknown,no,2026-09-18 05:00:00
28,services,married,secondary,no,3019,no,no,unknown,2,jun,303,2,-1,0,unknown,no,2026-09-18 06:00:00
54,blue-collar,married,unknown,no,6251,yes,no,unknown,29,may,421,3,-1,0,unknown,no,2026-09-18 07:00:00
51,management,married,tertiary,no,-714,no,no,cellular,18,jul,83,2,-1,0,unknown,no,2026-09-18 08:00:00
59,blue-collar,married,primary,no,14,yes,yes,cellular,18,nov,319,2,182,1,failure,no,2026-09-18 09:00:00
22,student,single,secondary,no,254,no,no,cellular,13,jan,143,2,-1,0,unknown,yes,2026-09-18 10:00:00
42,technician,married,secondary,no,994,yes,no,cellular,11,aug,149,1,78,5,failure,yes,2026-09-18 11:00:00
36,technician,single,tertiary,no,162,yes,no,unknown,20,may,216,2,-1,0,unknown,no,2026-09-18 12:00:00
57,technician,married,secondary,no,458,no,yes,cellular,15,jul,177,3,-1,0,unknown,no,2026-09-18 13:00:00
52,blue-collar,divorced,primary,no,0,yes,yes,unknown,20,may,47,1,-1,0,unknown,no,2026-09-18 14:00:00
52,technician,married,tertiary,no,0,no,no,cellular,9,aug,145,3,94,4,success,no,2026-09-18 15:00:00
33,management,married,secondary,no,94,yes,no,cellular,17,jul,62,1,-1,0,unknown,no,2026-09-18 16:00:00
25,management,single,tertiary,no,380,no,no,cellular,12,jul,167,1,-1,0,unknown,no,2026-09-18 17:00:00
44,technician,single,tertiary,no,222,yes,yes,unknown,3,jul,89,1,-1,0,unknown,no,2026-09-18 18:00:00
40,admin.,married,secondary,no,-253,yes,no,cellular,9,jul,177,1,-1,0,unknown,no,2026-09-18 19:00:00
46,blue-collar,divorced,primary,yes,-17,no,yes,cellular,4,feb,81,2,-1,0,unknown,no,2026-09-18 20:00:00
33,blue-collar,married,secondary,no,0,no,no,unknown,23,may,211,3,-1,0,unknown,no,2026-09-18 21:00:00
39,services,married,secondary,no,100,yes,no,cellular,8,may,132,1,-1,0,unknown,no,2026-09-18 22:00:00
37,blue-collar,single,primary,no,5473,no,yes,unknown,9,jun,198,2,-1,0,unknown,no,2026-09-18 23:00:00
37,management,divorced,tertiary,no,241,yes,no,unknown,30,may,126,1,-1,0,unknown,no,2026-09-19 00:00:00
38,blue-collar,married,primary,no,6091,no,no,unknown,17,jun,189,1,-1,0,unknown,no,2026-09-19 01:00:00
47,admin.,divorced,tertiary,no,846,yes,no,cellular,13,may,85,2,370,2,failure,no,2026-09-19 02:00:00
29,student,single,secondary,no,1093,yes,no,unknown,29,may,368,2,-1,0,unknown,no,2026-09-19 03:00:00
60,retired,married,primary,no,600,no,no,cellular,19,aug,99,6,-1,0,unknown,no,2026-09-19 04:00:00
58,management,married,tertiary,no,3342,no,no,cellular,5,feb,344,5,-1,0,unknown,yes,2026-09-19 05:00:00
53,blue-collar,married,primary,no,-1455,yes,no,unknown,23,may,169,2,-1,0,unknown,no,2026-09-19 06:00:00
41,blue-collar,single,secondary,no,304,yes,no,unknown,30,may,395,2,-1,0,unknown,no,2026-09-19 07:00:00
60,retired,divorced,secondary,no,-639,yes,no,cellular,15,may,585,1,-1,0,unknown,yes,2026-09-19 08:00:00
50,blue-collar,married,primary,no,111,yes,no,telephone,15,may,8,6,366,1,other,no,2026-09-19 09:00:00
39,admin.,married,secondary,no,70,yes,no,cellular,31,jul,13,11,-1,0,unknown,no,2026-09-19 10:00:00
27,entrepreneur,single,tertiary,no,512,yes,yes,unknown,3,jun,220,1,-1,0,unknown,no,2026-09-19 11:00:00
46,services,divorced,secondary,no,281,yes,yes,cellular,6,may,267,1,-1,0,unknown,no,2026-09-19 12:00:00
45,technician,married,secondary,no,2403,no,no,cellular,13,feb,147,2,84,1,failure,no,2026-09-19 13:00:00
28,management,single,secondary,no,265,yes,no,cellular,25,jul,194,2,-1,0,unknown,no,2026-09-19 14:00:00
30,management,married,tertiary,no,0,yes,no,unknown,27,may,175,1,-1,0,unknown,no,2026-09-19 15:00:00
38,blue-collar,divorced,secondary,no,614,yes,no,cellular,16,apr,314,2,331,1,failure,no,2026-09-19 16:00:00
55,unemployed,married,secondary,no,12,no,no,cellular,8,apr,167,1,-1,0,unknown,no,2026-09-19 17:00:00
30,self-employed,married,tertiary,no,-517,yes,yes,cellular,22,aug,123,2,-1,0,unknown,no,2026-09-19 18:00:00
50,management,single,tertiary,no,567,yes,no,cellular,29,jan,50,1,258,8,failure,no,2026-09-19 19:00:00
33,admin.,married,tertiary,no,281,yes,no,cellular,6,may,257,1,365,1,failure,no,2026-09-19 20:00:00
33,management,married,tertiary,no,22867,yes,no,cellular,10,feb,165,1,92,5,success,no,2026-09-19 21:00:00
30,technician,single,tertiary,no,419,yes,yes,unknown,28,may,299,3,-1,0,unknown,no,2026-09-19 22:00:00
57,retired,divorced,primary,no,0,no,no,telephone,28,jul,1037,3,-1,0,unknown,no,2026-09-19 23:00:00
45,admin.,married,primary,no,895,yes,no,unknown,29,may,480,2,-1,0,unknown,no,2026-09-20 00:00:00
30,technician,single,secondary,no,908,yes,no,unknown,21,may,27,1,-1,0,unknown,no,2026-09-20 01:00:00
41,admin.,single,secondary,no,30,yes,no,unknown,14,may,211,3,-1,0,unknown,no,2026-09-20 02:00:00
52,admin.,divorced,secondary,no,1135,yes,no,cellular,14,may,248,1,-1,0,unknown,no,2026-09-20 03:00:00
31,services,married,primary,no,997,yes,no,cellular,3,feb,256,1,190,3,failure,no,2026-09-20 04:00:00
37,self-employed,married,secondary,no,2260,yes,no,unknown,30,may,370,3,-1,0,unknown,no,2026-09-20 05:00:00
28,unemployed,single,tertiary,no,1638,no,no,cellular,29,jan,238,1,-1,0,unknown,no,2026-09-20 06:00:00
34,management,single,secondary,no,356,yes,no,cellular,30,jul,52,7,-1,0,unknown,no,2026-09-20 07:00:00
40,admin.,single,secondary,no,664,no,no,cellular,19,nov,188,2,121,2,success,no,2026-09-20 08:00:00
31,blue-collar,single,secondary,no,1257,yes,no,cellular,14,may,350,2,-1,0,unknown,no,2026-09-20 09:00:00
38,blue-collar,married,primary,no,2322,no,no,unknown,19,jun,207,1,-1,0,unknown,no,2026-09-20 10:00:00
34,blue-collar,single,secondary,no,1698,yes,no,unknown,27,may,39,7,-1,0,unknown,no,2026-09-20 11:00:00
41,blue-collar,married,secondary,no,114,yes,no,unknown,2,jun,82,3,-1,0,unknown,no,2026-09-20 12:00:00
30,student,single,tertiary,no,34,yes,no,unknown,6,may,289,1,-1,0,unknown,no,2026-09-20 13:00:00
33,technician,divorced,secondary,yes,-305,no,yes,unknown,9,may,109,1,-1,0,unknown,no,2026-09-20 14:00:00
37,technician,married,secondary,no,264,yes,yes,cellular,20,apr,414,2,285,1,failure,no,2026-09-20 15:00:00
26,student,single,unknown,no,689,no,no,cellular,25,may,678,2,-1,0,unknown,yes,2026-09-20 16:00:00
56,retired,married,primary,no,122,no,yes,cellular,9,jul,145,1,-1,0,unknown,no,2026-09-20 17:00:00
44,blue-collar,divorced,secondary,no,1258,yes,no,cellular,6,feb,607,4,-1,0,unknown,no,2026-09-20 18:00:00
46,management,married,tertiary,no,222,no,no,cellular,5,feb,92,1,-1,0,unknown,no,2026-09-20 19:00:00
56,technician,married,secondary,no,4063,no,yes,telephone,28,jul,31,4,-1,0,unknown,no,2026-09-20 20:00:00
45,technician,divorced,secondary,no,415,yes,no,cellular,6,feb,74,3,-1,0,unknown,no,2026-09-20 21:00:00
44,blue-collar,single,primary,no,1308,no,yes,unknown,19,jun,161,1,-1,0,unknown,no,2026-09-20 22:00:00
31,management,single,tertiary,no,515,no,no,cellular,1,jun,296,5,-1,0,unknown,yes,2026-09-20 23:00:00
38,admin.,single,secondary,no,435,no,no,unknown,19,jun,117,2,-1,0,unknown,no,2026-09-21 00:00:00
52,technician,married,secondary,no,475,yes,no,cellular,28,jul,121,3,-1,0,unknown,no,2026-09-21 01:00:00
28,admin.,married,secondary,no,1119,yes,no,cellular,12,may,74,1,-1,0,unknown,no,2026-09-21 02:00:00
19,student,single,secondary,no,424,no,no,cellular,30,jun,121,3,195,2,other,no,2026-09-21 03:00:00
29,technician,married,tertiary,no,1413,yes,no,cellular,17,jul,170,4,-1,0,unknown,no,2026-09-21 04:00:00
33,management,married,tertiary,no,2604,no,no,cellular,8,aug,167,2,-1,0,unknown,no,2026-09-21 05:00:00
40,entrepreneur,married,tertiary,no,2310,yes,yes,cellular,8,apr,120,1,294,1,failure,no,2026-09-21 06:00:00
50,management,married,secondary,no,-1,no,no,cellular,22,jul,139,1,-1,0,unknown,no,2026-09-21 07:00:00
36,entrepreneur,married,secondary,no,302,yes,no,cellular,17,apr,112,1,-1,0,unknown,no,2026-09-21 08:00:00
31,admin.,single,secondary,no,190,no,no,cellular,30,apr,514,1,-1,0,unknown,yes,2026-09-21 09:00:00
32,management,single,tertiary,no,151,yes,no,unknown,6,may,118,1,-1,0,unknown,no,2026-09-21 10:00:00
63,entrepreneur,married,tertiary,no,2707,no,no,telephone,16,nov,57,4,-1,0,unknown,no,2026-09-21 11:00:00
47,technician,married,secondary,no,1981,yes,no,cellular,21,jul,919,2,-1,0,unknown,yes,2026-09-21 12:00:00
28,blue-collar,married,secondary,no,1238,yes,no,unknown,14,may,246,1,-1,0,unknown,no,2026-09-21 13:00:00
32,technician,single,tertiary,no,0,no,no,cellular,7,aug,268,2,-1,0,unknown,no,2026-09-21 14:00:00
50,technician,divorced,secondary,no,0,yes,no,cellular,13,aug,120,2,91,6,failure,no,2026-09-21 15:00:00
44,admin.,married,primary,no,-92,no,yes,cellular,28,jul,526,5,-1,0,unknown,no,2026-09-21 16:00:00
36,unemployed,single,tertiary,no,1291,no,no,cellular,3,feb,298,1,-1,0,unknown,yes,2026-09-21 17:00:00
31,blue-collar,married,secondary,no,3653,yes,yes,cellular,21,nov,252,1,168,4,failure,no,2026-09-21 18:00:00
38,services,married,secondary,no,2289,no,no,unknown,18,jun,89,5,-1,0,unknown,no,2026-09-21 19:00:00
49,blue-collar,married,secondary,no,3348,no,no,cellular,4,aug,144,1,-1,0,unknown,no,2026-09-21 20:00:00
79,retired,married,secondary,no,723,no,no,telephone,22,jun,295,3,-1,0,unknown,no,2026-09-21 21:00:00
25,admin.,single,secondary,no,230,no,no,telephone,30,jul,394,14,-1,0,unknown,no,2026-09-21 22:00:00
38,management,divorced,tertiary,no,554,no,no,cellular,12,aug,138,4,-1,0,unknown,no,2026-09-21 23:00:00
29,blue-collar,married,secondary,no,-114,yes,no,cellular,15,may,132,2,359,2,failure,no,2026-09-22 00:00:00
41,unemployed,married,secondary,no,274,yes,no,cellular,29,jul,207,4,-1,0,unknown,no,2026-09-22 01:00:00
35,admin.,married,secondary,no,126,yes,no,cellular,8,apr,268,1,-1,0,unknown,no,2026-09-22 02:00:00
42,blue-collar,married,secondary,no,273,no,no,unknown,12,jun,315,1,-1,0,unknown,no,2026-09-22 03:00:00
41,housemaid,married,primary,no,379,no,yes,unknown,4,sep,9,1,-1,0,unknown,no,2026-09-22 04:00:00
46,technician,married,secondary,no,68,yes,yes,cellular,18,nov,111,2,155,3,failure,no,2026-09-22 05:00:00
29,management,single,tertiary,no,265,no,no,cellular,22,may,491,1,-1,0,unknown,yes,2026-09-22 06:00:00
30,admin.,single,secondary,yes,-35,yes,no,unknown,14,may,1204,4,-1,0,unknown,no,2026-09-22 07:00:00
49,management,married,tertiary,no,350,no,no,cellular,12,aug,238,6,-1,0,unknown,no,2026-09-22 08:00:00
50,admin.,married,secondary,no,242,yes,no,cellular,20,aug,69,4,-1,0,unknown,no,2026-09-22 09:00:00
32,technician,single,secondary,no,6471,yes,yes,unknown,26,may,349,4,-1,0,unknown,no,2026-09-22 10:00:00
40,admin.,married,secondary,no,1010,yes,no,unknown,14,may,283,1,-1,0,unknown,no,2026-09-22 11:00:00
51,unknown,married,unknown,no,2642,no,no,cellular,29,jul,52,6,-1,0,unknown,no,2026-09-22 12:00:00
53,blue-collar,married,unknown,no,-491,yes,no,unknown,20,jun,124,4,-1,0,unknown,no,2026-09-22 13:00:00
76,retired,married,primary,no,2223,no,no,telephone,4,feb,429,1,-1,0,unknown,yes,2026-09-22 14:00:00
26,student,single,secondary,no,477,no,no,cellular,9,feb,58,2,-1,0,unknown,no,2026-09-22 15:00:00
49,technician,married,secondary,no,27,no,no,cellular,22,aug,57,2,-1,0,unknown,no,2026-09-22 16:00:00
41,technician,married,secondary,no,0,yes,no,telephone,4,dec,43,1,-1,0,unknown,no,2026-09-22 17:00:00
47,admin.,married,secondary,no,298,yes,no,cellular,11,may,183,1,-1,0,unknown,no,2026-09-22 18:00:00
33,self-employed,single,tertiary,no,1354,yes,no,cellular,16,apr,270,1,147,2,failure,no,2026-09-22 19:00:00
40,blue-collar,married,secondary,no,4,yes,yes,unknown,7,may,263,1,-1,0,unknown,no,2026-09-22 20:00:00
44,admin.,married,secondary,no,1497,no,no,unknown,9,jun,60,1,-1,0,unknown,no,2026-09-22 21:00:00
35,unemployed,married,secondary,no,2228,no,no,unknown,19,jun,461,2,-1,0,unknown,no,2026-09-22 22:00:00
31,management,married,tertiary,no,804,no,no,cellular,28,jan,146,1,-1,0,unknown,no,2026-09-22 23:00:00
26,services,married,secondary,no,54,yes,no,unknown,13,may,116,1,-1,0,unknown,no,2026-09-23 00:00:00
49,management,married,tertiary,no,865,no,no,cellular,28,jan,280,1,-1,0,unknown,no,2026-09-23 01:00:00
45,technician,single,tertiary,no,302,yes,no,unknown,20,jun,36,4,-1,0,unknown,no,2026-09-23 02:00:00
40,blue-collar,divorced,secondary,no,0,yes,no,unknown,6,may,121,2,-1,0,unknown,no,2026-09-23 03:00:00
37,management,single,tertiary,no,1449,no,no,unknown,3,jun,291,1,-1,0,unknown,no,2026-09-23 04:00:00
33,management,married,secondary,no,369,no,no,cellular,11,feb,446,1,-1,0,unknown,yes,2026-09-23 05:00:00
39,management,single,primary,no,375,no,no,telephone,31,jul,80,2,-1,0,unknown,no,2026-09-23 06:00:00
33,admin.,single,secondary,no,32,no,no,cellular,11,jul,43,1,-1,0,unknown,no,2026-09-23 07:00:00
33,services,married,secondary,no,-329,yes,no,cellular,9,apr,113,1,-1,0,unknown,no,2026-09-23 08:00:00
30,admin.,single,secondary,no,222,yes,no,cellular,7,may,455,1,-1,0,unknown,no,2026-09-23 09:00:00
50,blue-collar,married,secondary,no,606,yes,no,unknown,14,may,673,2,-1,0,unknown,no,2026-09-23 10:00:00
31,entrepreneur,single,tertiary,no,247,yes,yes,unknown,2,jun,273,1,-1,0,unknown,no,2026-09-23 11:00:00
37,admin.,single,secondary,no,781,no,no,cellular,20,aug,75,1,-1,0,unknown,no,2026-09-23 12:00:00
38,blue-collar,married,secondary,no,2283,yes,no,cellular,14,jul,221,3,-1,0,unknown,no,2026-09-23 13:00:00
48,admin.,divorced,secondary,no,955,yes,no,cellular,4,feb,108,2,265,3,other,no,2026-09-23 14:00:00
28,blue-collar,married,secondary,no,781,yes,no,unknown,27,may,749,2,-1,0,unknown,no,2026-09-23 15:00:00
26,student,single,secondary,no,5296,no,no,telephone,12,aug,127,1,-1,0,unknown,no,2026-09-23 16:00:00
29,unemployed,single,secondary,no,523,no,no,cellular,5,feb,351,1,-1,0,unknown,no,2026-09-23 17:00:00
79,retired,married,secondary,no,668,no,no,telephone,2,jul,363,1,-1,0,unknown,yes,2026-09-23 18:00:00
25,blue-collar,single,secondary,no,913,yes,no,cellular,7,jul,113,4,-1,0,unknown,no,2026-09-23 19:00:00
36,technician,divorced,secondary,no,433,no,no,cellular,22,aug,173,3,-1,0,unknown,no,2026-09-23 20:00:00
40,management,married,tertiary,no,3160,no,no,cellular,26,aug,100,4,-1,0,unknown,no,2026-09-23 21:00:00
31,services,married,secondary,no,0,no,yes,unknown,9,may,81,6,-1,0,unknown,no,2026-09-23 22:00:00
52,retired,married,secondary,no,1052,yes,no,unknown,29,may,35,1,-1,0,unknown,no,2026-09-23 23:00:00
31,unemployed,single,secondary,no,315,no,no,cellular,30,jan,130,1,2,1,other,no,2026-09-24 00:00:00
50,management,single,unknown,no,4666,no,no,cellular,19,nov,11,3,166,3,other,no,2026-09-24 01:00:00
48,services,married,secondary,no,300,no,no,cellular,14,aug,350,4,-1,0,unknown,no,2026-09-24 02:00:00
46,services,married,primary,no,599,no,no,cellular,22,aug,257,2,-1,0,unknown,no,2026-09-24 03:00:00
46,housemaid,married,secondary,no,38,no,no,cellular,25,nov,541,1,-1,0,unknown,yes,2026-09-24 04:00:00
47,admin.,married,secondary,no,1715,no,no,cellular,22,jul,211,8,-1,0,unknown,no,2026-09-24 05:00:00
24,admin.,single,secondary,no,99,no,no,cellular,4,may,65,3,89,3,failure,no,2026-09-24 06:00:00
45,admin.,married,secondary,no,1501,yes,no,cellular,13,may,189,3,-1,0,unknown,no,2026-09-24 07:00:00
31,management,married,tertiary,no,-181,yes,no,cellular,8,may,127,1,170,2,failure,no,2026-09-24 08:00:00
54,technician,single,secondary,no,473,yes,no,cellular,18,aug,134,6,-1,0,unknown,no,2026-09-24 09:00:00
42,management,married,tertiary,no,479,yes,no,unknown,28,may,217,2,-1,0,unknown,no,2026-09-24 10:00:00
33,management,single,tertiary,no,2294,yes,no,cellular,18,may,81,1,178,1,other,no,2026-09-24 11:00:00
45,technician,married,secondary,no,1831,no,no,cellular,27,may,275,2,-1,0,unknown,yes,2026-09-24 12:00:00
30,blue-collar,married,secondary,no,579,yes,yes,unknown,2,jun,381,2,-1,0,unknown,no,2026-09-24 13:00:00
55,admin.,single,secondary,no,1854,yes,no,unknown,30,may,34,2,-1,0,unknown,no,2026-09-24 14:00:00
46,admin.,divorced,secondary,no,660,yes,no,cellular,29,jan,1026,1,259,2,failure,no,2026-09-24 15:00:00
45,management,married,tertiary,no,77,yes,no,cellular,17,nov,59,1,-1,0,unknown,no,2026-09-24 16:00:00
49,blue-collar,divorced,primary,no,15,yes,no,unknown,27,may,550,7,-1,0,unknown,no,2026-09-24 17:00:00
40,blue-collar,married,primary,no,1758,yes,no,unknown,16,may,1230,3,-1,0,unknown,yes,2026-09-24 18:00:00
37,blue-collar,married,primary,no,1322,yes,no,cellular,21,nov,14,8,185,1,other,no,2026-09-24 19:00:00
24,student,single,secondary,no,7,yes,no,unknown,30,may,86,3,-1,0,unknown,no,2026-09-24 20:00:00
52,technician,married,secondary,no,3151,no,no,cellular,6,aug,89,2,-1,0,unknown,no,2026-09-24 21:00:00
34,services,divorced,secondary,no,1826,yes,no,cellular,11,may,212,1,-1,0,unknown,no,2026-09-24 22:00:00
55,technician,married,unknown,no,4746,yes,no,cellular,21,nov,237,2,182,3,failure,no,2026-09-24 23:00:00
51,management,married,tertiary,no,0,yes,yes,unknown,29,may,410,5,-1,0,unknown,no,2026-09-25 00:00:00
75,retired,married,primary,no,3324,no,no,cellular,2,feb,149,1,-1,0,unknown,no,2026-09-25 01:00:00
30,technician,single,tertiary,no,0,yes,no,cellular,18,nov,342,2,174,1,failure,no,2026-09-25 02:00:00
31,admin.,single,secondary,no,513,yes,no,unknown,13,may,180,1,-1,0,unknown,no,2026-09-25 03:00:00
30,technician,single,secondary,no,865,no,no,cellular,4,feb,114,1,-1,0,unknown,no,2026-09-25 04:00:00
53,blue-collar,married,secondary,no,-8,no,no,cellular,5,aug,794,1,-1,0,unknown,yes,2026-09-25 05:00:00
30,self-employed,married,tertiary,no,694,no,no,cellular,7,aug,185,4,-1,0,unknown,no,2026-09-25 06:00:00
35,admin.,divorced,secondary,no,534,no,no,cellular,15,may,669,1,312,3,failure,yes,2026-09-25 07:00:00
48,management,married,secondary,no,11146,no,no,unknown,6,jun,136,1,-1,0,unknown,no,2026-09-25 08:00:00
34,student,single,secondary,no,188,yes,no,cellular,31,jul,12,5,-1,0,unknown,no,2026-09-25 09:00:00
44,blue-collar,married,secondary,no,630,no,no,cellular,30,apr,192,2,-1,0,unknown,no,2026-09-25 10:00:00
42,technician,married,secondary,no,439,no,no,cellular,20,aug,143,2,-1,0,unknown,no,2026-09-25 11:00:00
27,management,single,tertiary,no,151,yes,no,cellular,16,jul,496,1,-1,0,unknown,yes,2026-09-25 12:00:00
39,blue-collar,single,primary,no,366,yes,yes,cellular,7,jul,166,1,-1,0,unknown,no,2026-09-25 13:00:00
40,services,married,primary,no,44,yes,no,unknown,16,may,144,1,-1,0,unknown,no,2026-09-25 14:00:00
45,technician,divorced,secondary,no,982,yes,no,cellular,17,aug,123,2,454,3,success,no,2026-09-25 15:00:00
36,management,single,tertiary,no,1869,yes,no,unknown,21,may,122,2,-1,0,unknown,no,2026-09-25 16:00:00
38,management,married,tertiary,no,465,yes,yes,cellular,15,jul,156,4,-1,0,unknown,no,2026-09-25 17:00:00
30,management,divorced,tertiary,yes,-1105,yes,no,cellular,11,may,686,1,-1,0,unknown,no,2026-09-25 18:00:00
45,technician,divorced,secondary,no,976,yes,no,cellular,17,apr,183,1,338,2,failure,no,2026-09-25 19:00:00
46,retired,single,primary,no,1190,no,no,unknown,6,jun,316,2,-1,0,unknown,no,2026-09-25 20:00:00
46,technician,divorced,tertiary,no,7318,no,no,unknown,20,jun,11,5,-1,0,unknown,no,2026-09-25 21:00:00
54,management,married,secondary,no,-133,yes,no,cellular,17,apr,76,1,343,2,failure,no,2026-09-25 22:00:00
73,retired,married,primary,no,279,no,no,cellular,28,jan,399,3,-1,0,unknown,yes,2026-09-25 23:00:00
45,services,married,secondary,no,4005,yes,no,cellular,17,nov,141,1,-1,0,unknown,no,2026-09-26 00:00:00
33,admin.,single,secondary,no,315,yes,yes,cellular,14,may,888,3,-1,0,unknown,yes,2026-09-26 01:00:00
40,admin.,married,secondary,no,0,yes,yes,unknown,29,may,49,3,-1,0,unknown,no,2026-09-26 02:00:00
34,blue-collar,single,secondary,no,855,yes,no,cellular,16,jul,578,1,-1,0,unknown,yes,2026-09-26 03:00:00
49,blue-collar,married,primary,no,361,yes,no,unknown,16,jun,513,2,-1,0,unknown,yes,2026-09-26 04:00:00
32,admin.,married,secondary,no,-4,no,no,cellular,8,may,47,5,-1,0,unknown,no,2026-09-26 05:00:00
59,retired,divorced,secondary,no,5583,yes,no,cellular,30,apr,720,1,-1,0,unknown,yes,2026-09-26 06:00:00
30,technician,married,secondary,no,152,yes,yes,unknown,5,may,213,2,-1,0,unknown,no,2026-09-26 07:00:00
37,technician,married,tertiary,no,3043,yes,no,cellular,5,may,249,1,300,1,failure,no,2026-09-26 08:00:00
31,management,single,tertiary,no,1899,no,no,telephone,22,nov,1914,1,-1,0,unknown,no,2026-09-26 09:00:00
38,entrepreneur,married,secondary,no,2849,yes,no,unknown,28,may,166,3,-1,0,unknown,no,2026-09-26 10:00:00
31,admin.,single,secondary,no,50,no,no,cellular,29,jan,395,1,-1,0,unknown,no,2026-09-26 11:00:00
35,technician,single,tertiary,no,275,yes,no,cellular,6,may,157,3,254,5,failure,no,2026-09-26 12:00:00
30,blue-collar,single,secondary,no,-477,yes,yes,unknown,27,may,220,2,-1,0,unknown,no,2026-09-26 13:00:00
56,blue-collar,married,secondary,no,277,no,no,unknown,20,jun,9,13,-1,0,unknown,no,2026-09-26 14:00:00
35,housemaid,married,primary,no,218,yes,no,cellular,9,jul,127,1,-1,0,unknown,no,2026-09-26 15:00:00
38,management,single,tertiary,no,93,yes,yes,unknown,16,jun,394,3,-1,0,unknown,no,2026-09-26 16:00:00
30,management,single,tertiary,no,6164,yes,no,unknown,27,may,152,11,-1,0,unknown,no,2026-09-26 17:00:00
50,admin.,divorced,secondary,no,3043,yes,no,unknown,3,jun,113,4,-1,0,unknown,no,2026-09-26 18:00:00
29,admin.,single,secondary,no,382,yes,no,unknown,12,may,460,1,-1,0,unknown,no,2026-09-26 19:00:00
36,blue-collar,married,secondary,no,1049,yes,no,cellular,14,may,224,4,-1,0,unknown,yes,2026-09-26 20:00:00
38,technician,married,secondary,no,976,yes,no,cellular,18,may,32,8,308,3,success,no,2026-09-26 21:00:00
59,admin.,married,secondary,no,302,no,yes,cellular,8,jul,250,2,-1,0,unknown,no,2026-09-26 22:00:00
44,blue-collar,married,primary,no,143,yes,no,unknown,7,may,153,1,-1,0,unknown,no,2026-09-26 23:00:00
40,services,single,secondary,no,19343,yes,no,cellular,21,nov,13,4,179,4,failure,no,2026-09-27 00:00:00
26,self-employed,single,secondary,no,3676,no,no,cellular,7,apr,148,1,-1,0,unknown,yes,2026-09-27 01:00:00
52,services,married,secondary,no,108,yes,no,unknown,15,may,543,12,-1,0,unknown,no,2026-09-27 02:00:00
53,self-employed,divorced,tertiary,no,8,no,no,cellular,28,jan,201,3,-1,0,unknown,no,2026-09-27 03:00:00
40,technician,single,secondary,no,822,yes,yes,cellular,29,jan,155,2,245,3,failure,no,2026-09-27 04:00:00
27,admin.,married,secondary,no,3,yes,no,unknown,23,may,159,5,-1,0,unknown,no,2026-09-27 05:00:00
37,management,married,tertiary,no,238,no,no,cellular,3,feb,185,1,92,1,success,yes,2026-09-27 06:00:00
32,technician,single,tertiary,no,2204,yes,no,cellular,21,nov,11,4,-1,0,unknown,no,2026-09-27 07:00:00
41,technician,married,secondary,no,978,no,no,cellular,29,jul,55,2,-1,0,unknown,no,2026-09-27 08:00:00
60,management,divorced,secondary,no,773,yes,yes,unknown,16,may,597,22,-1,0,unknown,no,2026-09-27 09:00:00
38,blue-collar,married,secondary,no,332,yes,no,unknown,12,may,184,4,-1,0,unknown,no,2026-09-27 10:00:00
23,student,single,secondary,no,480,no,no,cellular,11,aug,162,1,-1,0,unknown,no,2026-09-27 11:00:00
52,entrepreneur,married,tertiary,no,54,yes,yes,telephone,18,nov,103,1,-1,0,unknown,no,2026-09-27 12:00:00
38,blue-collar,married,secondary,no,1731,yes,yes,cellular,14,may,162,2,350,4,failure,no,2026-09-27 13:00:00
32,management,married,tertiary,no,607,yes,no,unknown,18,jun,1060,5,-1,0,unknown,yes,2026-09-27 14:00:00
57,management,married,tertiary,no,246,yes,no,cellular,23,jul,322,2,-1,0,unknown,no,2026-09-27 15:00:00
32,management,single,tertiary,no,9317,no,no,cellular,2,nov,92,3,-1,0,unknown,no,2026-09-27 16:00:00
44,blue-collar,single,secondary,no,25,yes,no,cellular,12,may,244,3,-1,0,unknown,no,2026-09-27 17:00:00
34,admin.,single,tertiary,no,1077,no,no,cellular,19,oct,218,1,151,5,other,no,2026-09-27 18:00:00
38,management,married,secondary,no,93,no,no,unknown,3,jul,515,2,-1,0,unknown,no,2026-09-27 19:00:00
47,admin.,single,secondary,no,1305,no,no,cellular,29,jul,172,2,-1,0,unknown,no,2026-09-27 20:00:00
40,blue-collar,married,primary,no,902,yes,no,unknown,15,may,619,4,-1,0,unknown,no,2026-09-27 21:00:00
45,services,divorced,secondary,no,88,no,yes,cellular,7,jul,332,1,-1,0,unknown,no,2026-09-27 22:00:00
32,technician,divorced,secondary,no,3345,yes,no,cellular,19,aug,1200,3,-1,0,unknown,no,2026-09-27 23:00:00
32,unemployed,married,secondary,no,0,no,no,cellular,19,nov,303,3,-1,0,unknown,no,2026-09-28 00:00:00
31,management,single,secondary,no,1090,yes,no,cellular,8,may,50,1,303,1,failure,no,2026-09-28 01:00:00
55,retired,married,tertiary,no,2996,no,no,unknown,5,jun,49,1,-1,0,unknown,no,2026-09-28 02:00:00
49,unknown,married,secondary,no,4846,no,no,unknown,20,jun,638,9,-1,0,unknown,no,2026-09-28 03:00:00
53,technician,married,secondary,no,4930,no,yes,cellular,2,feb,228,2,-1,0,unknown,no,2026-09-28 04:00:00
35,management,single,secondary,no,0,no,no,cellular,21,aug,163,1,-1,0,unknown,no,2026-09-28 05:00:00
36,services,married,secondary,no,52,yes,no,cellular,7,sep,351,1,95,6,success,yes,2026-09-28 06:00:00
31,services,single,secondary,no,831,yes,no,cellular,21,nov,106,2,-1,0,unknown,no,2026-09-28 07:00:00
42,management,married,tertiary,no,36,no,no,cellular,14,aug,366,2,-1,0,unknown,no,2026-09-28 08:00:00
44,unemployed,divorced,tertiary,no,0,no,no,cellular,5,feb,1960,3,-1,0,unknown,yes,2026-09-28 09:00:00
35,technician,single,secondary,no,127,no,no,cellular,22,aug,203,1,-1,0,unknown,no,2026-09-28 10:00:00
47,admin.,divorced,secondary,no,207,yes,no,cellular,2,feb,244,1,271,4,failure,no,2026-09-28 11:00:00
52,technician,married,tertiary,no,1785,no,no,cellular,10,nov,133,3,89,1,failure,no,2026-09-28 12:00:00
51,housemaid,married,tertiary,no,990,no,no,telephone,21,aug,189,5,-1,0,unknown,no,2026-09-28 13:00:00
50,unemployed,married,secondary,no,297,yes,no,cellular,31,jul,29,10,-1,0,unknown,no,2026-09-28 14:00:00
34,management,single,tertiary,no,13014,no,no,cellular,13,aug,738,1,-1,0,unknown,yes,2026-09-28 15:00:00
36,management,single,tertiary,no,548,yes,no,cellular,16,jul,254,3,-1,0,unknown,no,2026-09-28 16:00:00
29,admin.,divorced,secondary,no,-254,yes,no,cellular,14,may,406,2,-1,0,unknown,yes,2026-09-28 17:00:00
49,admin.,married,secondary,no,10250,yes,no,telephone,24,oct,97,1,-1,0,unknown,yes,2026-09-28 18:00:00
30,management,single,tertiary,no,5359,no,no,cellular,19,aug,145,1,84,2,success,yes,2026-09-28 19:00:00
50,blue-collar,divorced,unknown,no,2812,yes,no,unknown,20,jun,17,37,-1,0,unknown,no,2026-09-28 20:00:00
52,admin.,married,secondary,no,2851,no,yes,telephone,2,feb,35,1,-1,0,unknown,no,2026-09-28 21:00:00
37,services,married,secondary,no,775,no,no,cellular,14,aug,150,2,-1,0,unknown,yes,2026-09-28 22:00:00
60,retired,married,secondary,no,2722,no,no,cellular,12,aug,506,2,-1,0,unknown,yes,2026-09-28 23:00:00
55,housemaid,married,primary,no,578,no,no,cellular,11,aug,189,2,-1,0,unknown,no,2026-09-29 00:00:00
33,management,single,tertiary,no,-2,no,yes,cellular,25,aug,147,6,-1,0,unknown,no,2026-09-29 01:00:00
31,admin.,single,secondary,no,523,no,yes,cellular,2,feb,323,1,109,5,failure,no,2026-09-29 02:00:00
40,technician,married,secondary,no,5811,yes,no,cellular,18,nov,172,1,-1,0,unknown,no,2026-09-29 03:00:00
54,management,single,tertiary,no,2081,no,no,cellular,15,jun,147,1,-1,0,unknown,no,2026-09-29 04:00:00
38,technician,married,secondary,no,10596,no,no,cellular,19,aug,195,1,197,4,other,yes,2026-09-29 05:00:00
82,retired,married,secondary,no,0,no,no,telephone,12,aug,150,2,-1,0,unknown,no,2026-09-29 06:00:00
32,management,single,tertiary,no,3050,yes,no,unknown,23,may,298,1,-1,0,unknown,no,2026-09-29 07:00:00
42,entrepreneur,married,primary,no,319,yes,no,telephone,8,may,17,9,-1,0,unknown,no,2026-09-29 08:00:00
40,management,married,tertiary,no,315,no,no,cellular,19,nov,321,1,-1,0,unknown,no,2026-09-29 09:00:00
26,unemployed,single,tertiary,no,814,no,no,cellular,28,jan,1387,1,-1,0,unknown,yes,2026-09-29 10:00:00
30,management,single,tertiary,no,2317,yes,no,unknown,26,may,260,5,-1,0,unknown,no,2026-09-29 11:00:00
34,management,married,tertiary,no,82,no,no,cellular,31,jul,134,5,-1,0,unknown,no,2026-09-29 12:00:00
46,housemaid,married,tertiary,no,184,no,no,cellular,3,jun,167,1,-1,0,unknown,no,2026-09-29 13:00:00
54,unknown,married,primary,no,981,no,no,cellular,22,aug,651,12,-1,0,unknown,no,2026-09-29 14:00:00
33,admin.,married,secondary,no,1604,no,no,cellular,13,aug,78,2,-1,0,unknown,no,2026-09-29 15:00:00
27,technician,married,secondary,no,-428,no,no,cellular,7,jul,451,1,-1,0,unknown,no,2026-09-29 16:00:00
26,services,married,secondary,no,285,no,no,cellular,28,jan,100,1,-1,0,unknown,no,2026-09-29 17:00:00
37,services,married,secondary,no,775,no,yes,cellular,25,jul,1000,1,-1,0,unknown,yes,2026-09-29 18:00:00
43,blue-collar,married,unknown,no,24,yes,no,unknown,13,may,23,2,-1,0,unknown,no,2026-09-29 19:00:00
49,entrepreneur,divorced,tertiary,no,1342,yes,yes,cellular,18,nov,89,1,-1,0,unknown,no,2026-09-29 20:00:00
53,blue-collar,married,primary,no,1794,yes,no,cellular,17,apr,557,1,-1,0,unknown,no,2026-09-29 21:00:00
61,management,married,secondary,no,1471,no,no,cellular,13,nov,632,1,93,2,failure,no,2026-09-29 22:00:00
41,self-employed,single,tertiary,no,428,yes,no,cellular,11,may,106,1,-1,0,unknown,no,2026-09-29 23:00:00
54,management,married,tertiary,no,3,no,yes,cellular,8,jul,443,1,-1,0,unknown,no,2026-09-30 00:00:00
38,self-employed,divorced,secondary,no,0,no,no,unknown,6,jun,261,2,-1,0,unknown,no,2026-09-30 01:00:00
34,management,married,tertiary,no,676,no,no,cellular,7,may,156,1,177,1,success,no,2026-09-30 02:00:00
31,management,single,tertiary,no,924,no,no,cellular,27,feb,172,1,-1,0,unknown,yes,2026-09-30 03:00:00
41,admin.,divorced,secondary,no,639,yes,no,cellular,8,may,88,1,-1,0,unknown,no,2026-09-30 04:00:00
39,housemaid,married,tertiary,no,315,no,no,cellular,28,aug,53,4,-1,0,unknown,no,2026-09-30 05:00:00
33,admin.,married,secondary,no,1077,yes,no,cellular,18,may,432,3,374,3,other,no,2026-09-30 06:00:00
44,services,married,secondary,no,1326,no,no,cellular,30,jul,96,1,-1,0,unknown,no,2026-09-30 07:00:00
33,technician,single,tertiary,no,5234,no,no,unknown,2,jun,213,3,-1,0,unknown,no,2026-09-30 08:00:00
46,unemployed,married,secondary,no,594,no,no,cellular,4,feb,197,2,-1,0,unknown,no,2026-09-30 09:00:00
40,management,married,secondary,yes,-1545,no,no,cellular,27,aug,70,13,-1,0,unknown,no,2026-09-30 10:00:00
27,student,single,unknown,no,6424,no,no,cellular,29,jan,129,2,-1,0,unknown,no,2026-09-30 11:00:00
30,management,married,tertiary,no,8089,yes,no,cellular,18,mar,232,2,294,2,failure,yes,2026-09-30 12:00:00
36,blue-collar,married,secondary,no,29,yes,yes,cellular,31,jul,345,1,-1,0,unknown,no,2026-09-30 13:00:00
28,management,single,tertiary,no,788,yes,yes,cellular,18,may,169,1,-1,0,unknown,no,2026-09-30 14:00:00
36,management,married,tertiary,no,495,no,no,cellular,11,sep,91,1,37,5,success,yes,2026-09-30 15:00:00
42,admin.,married,secondary,no,445,yes,no,unknown,7,may,202,2,-1,0,unknown,no,2026-09-30 16:00:00
33,services,married,secondary,no,1553,yes,no,unknown,27,may,492,8,-1,0,unknown,no,2026-09-30 17:00:00
55,blue-collar,married,primary,no,771,no,no,cellular,29,aug,98,19,-1,0,unknown,no,2026-09-30 18:00:00
47,housemaid,married,primary,no,823,no,no,unknown,19,jun,191,3,-1,0,unknown,no,2026-09-30 19:00:00
35,entrepreneur,married,tertiary,no,1859,yes,no,cellular,14,jul,227,2,-1,0,unknown,no,2026-09-30 20:00:00
26,blue-collar,single,secondary,no,65,no,no,unknown,16,may,161,3,-1,0,unknown,no,2026-09-30 21:00:00
53,blue-collar,married,secondary,no,1777,yes,no,unknown,20,jun,253,1,-1,0,unknown,no,2026-09-30 22:00:00
47,management,single,tertiary,no,0,no,no,unknown,11,jun,58,3,-1,0,unknown,no,2026-09-30 23:00:00
43,technician,married,tertiary,no,1201,yes,yes,cellular,18,nov,82,1,97,3,failure,no,2026-10-01 00:00:00
36,admin.,divorced,tertiary,no,125,yes,no,unknown,26,may,172,1,-1,0,unknown,no,2026-10-01 01:00:00
60,retired,married,primary,no,0,yes,no,cellular,17,apr,68,3,343,1,other,no,2026-10-01 02:00:00
56,blue-collar,single,primary,no,533,no,yes,cellular,11,jul,166,1,-1,0,unknown,no,2026-10-01 03:00:00
29,management,single,tertiary,no,2344,yes,no,cellular,20,jul,288,1,133,2,failure,no,2026-10-01 04:00:00
50,management,divorced,tertiary,no,810,no,no,cellular,15,sep,91,1,103,3,success,yes,2026-10-01 05:00:00
41,services,married,secondary,no,1717,yes,no,cellular,8,may,520,2,343,3,other,no,2026-10-01 06:00:00
58,blue-collar,married,secondary,no,238,no,no,cellular,15,may,122,8,-1,0,unknown,no,2026-10-01 07:00:00
55,blue-collar,married,primary,no,4103,no,no,cellular,19,nov,291,1,-1,0,unknown,no,2026-10-01 08:00:00
55,housemaid,married,secondary,no,5,no,no,cellular,11,jul,269,2,-1,0,unknown,no,2026-10-01 09:00:00
33,management,married,tertiary,no,3456,yes,no,unknown,3,jun,258,2,-1,0,unknown,no,2026-10-01 10:00:00
50,entrepreneur,married,tertiary,no,2410,no,no,cellular,21,nov,65,1,-1,0,unknown,no,2026-10-01 11:00:00
51,unknown,married,unknown,no,1585,no,no,telephone,30,oct,152,4,-1,0,unknown,no,2026-10-01 12:00:00
40,management,married,tertiary,no,351,yes,no,cellular,29,jan,338,1,254,3,failure,no,2026-10-01 13:00:00
39,admin.,single,tertiary,no,2600,yes,no,unknown,17,jun,77,1,-1,0,unknown,no,2026-10-01 14:00:00
42,blue-collar,married,primary,no,530,no,no,unknown,11,jun,850,8,-1,0,unknown,no,2026-10-01 15:00:00
59,blue-collar,married,primary,no,0,no,no,cellular,25,aug,128,5,-1,0,unknown,no,2026-10-01 16:00:00
46,self-employed,single,secondary,no,526,no,no,cellular,30,apr,523,1,87,2,other,yes,2026-10-01 17:00:00
38,services,married,secondary,no,105,no,no,cellular,30,jul,244,2,-1,0,unknown,no,2026-10-01 18:00:00
53,blue-collar,married,secondary,no,175,yes,no,unknown,8,may,49,4,-1,0,unknown,no,2026-10-01 19:00:00
49,technician,married,tertiary,no,6138,no,no,unknown,20,jun,100,3,-1,0,unknown,no,2026-10-01 20:00:00
42,management,married,tertiary,no,-1485,yes,no,unknown,29,may,221,2,-1,0,unknown,no,2026-10-01 21:00:00
30,blue-collar,single,secondary,no,183,yes,no,cellular,18,jul,610,1,-1,0,unknown,yes,2026-10-01 22:00:00
34,blue-collar,married,primary,no,60,yes,no,unknown,26,may,23,10,-1,0,unknown,no,2026-10-01 23:00:00
66,retired,single,tertiary,no,0,no,no,cellular,12,oct,79,2,-1,0,unknown,no,2026-10-02 00:00:00
44,services,married,secondary,no,-230,yes,yes,cellular,20,nov,352,1,177,1,failure,no,2026-10-02 01:00:00
41,blue-collar,single,secondary,no,537,yes,no,cellular,5,may,233,1,-1,0,unknown,no,2026-10-02 02:00:00
53,blue-collar,married,primary,no,1138,yes,no,cellular,6,aug,375,2,-1,0,unknown,no,2026-10-02 03:00:00
34,blue-collar,married,secondary,no,241,yes,yes,unknown,26,may,85,1,-1,0,unknown,no,2026-10-02 04:00:00
75,retired,married,primary,no,2970,no,no,cellular,12,aug,641,1,-1,0,unknown,yes,2026-10-02 05:00:00
32,blue-collar,married,primary,no,50,yes,no,cellular,13,may,275,1,370,2,failure,no,2026-10-02 06:00:00
27,services,single,secondary,no,353,yes,no,cellular,15,may,663,1,-1,0,unknown,yes,2026-10-02 07:00:00
44,blue-collar,married,primary,no,711,no,no,unknown,17,jun,291,1,-1,0,unknown,no,2026-10-02 08:00:00
39,management,single,tertiary,no,-85,yes,no,unknown,8,may,423,2,-1,0,unknown,no,2026-10-02 09:00:00
31,management,single,tertiary,no,130,yes,no,cellular,5,may,155,1,-1,0,unknown,no,2026-10-02 10:00:00
37,unemployed,married,secondary,no,4969,yes,no,cellular,6,may,169,1,-1,0,unknown,no,2026-10-02 11:00:00
22,admin.,single,secondary,no,118,yes,no,cellular,15,may,564,3,-1,0,unknown,no,2026-10-02 12:00:00
41,technician,married,secondary,no,2576,yes,yes,cellular,8,may,296,5,361,11,failure,no,2026-10-02 13:00:00
42,admin.,single,secondary,no,734,yes,no,cellular,16,apr,332,2,317,3,failure,no,2026-10-02 14:00:00
31,self-employed,married,tertiary,no,81,yes,no,cellular,16,jul,57,8,-1,0,unknown,no,2026-10-02 15:00:00
38,admin.,married,tertiary,no,605,no,no,cellular,18,nov,147,2,-1,0,unknown,no,2026-10-02 16:00:00
58,unemployed,married,secondary,no,3867,yes,no,telephone,11,may,159,1,364,2,failure,no,2026-10-02 17:00:00
35,management,married,tertiary,no,3083,no,no,unknown,20,jun,274,9,-1,0,unknown,no,2026-10-02 18:00:00
59,services,married,secondary,no,307,yes,yes,unknown,6,may,250,7,-1,0,unknown,no,2026-10-02 19:00:00
43,technician,divorced,secondary,no,0,no,no,unknown,14,may,333,1,-1,0,unknown,no,2026-10-02 20:00:00
36,entrepreneur,married,tertiary,no,280,yes,no,cellular,7,may,252,1,351,1,failure,no,2026-10-02 21:00:00
60,admin.,married,secondary,no,290,yes,no,unknown,5,may,583,1,-1,0,unknown,no,2026-10-02 22:00:00
31,blue-collar,married,primary,no,0,yes,yes,unknown,12,may,59,4,-1,0,unknown,no,2026-10-02 23:00:00
33,technician,single,secondary,no,177,yes,no,unknown,23,may,293,1,-1,0,unknown,no,2026-10-03 00:00:00
36,services,married,secondary,no,1024,yes,no,unknown,18,jun,111,2,-1,0,unknown,no,2026-10-03 01:00:00
33,management,divorced,tertiary,no,1,yes,no,cellular,5,feb,26,8,267,1,other,no,2026-10-03 02:00:00
30,management,married,tertiary,no,357,yes,no,cellular,8,apr,78,2,289,2,other,no,2026-10-03 03:00:00
32,services,single,tertiary,no,-233,yes,no,unknown,28,may,140,2,-1,0,unknown,no,2026-10-03 04:00:00
32,blue-collar,single,secondary,no,228,no,no,telephone,23,apr,67,3,-1,0,unknown,no,2026-10-03 05:00:00
53,management,married,tertiary,no,1945,no,no,telephone,7,aug,262,7,-1,0,unknown,no,2026-10-03 06:00:00
39,blue-collar,married,primary,no,780,yes,no,unknown,20,may,311,1,-1,0,unknown,no,2026-10-03 07:00:00
57,management,married,primary,no,0,no,no,unknown,19,may,455,1,-1,0,unknown,no,2026-10-03 08:00:00
32,self-employed,married,secondary,no,1942,yes,no,unknown,30,may,84,9,-1,0,unknown,no,2026-10-03 09:00:00
49,technician,married,secondary,no,808,yes,no,cellular,28,jan,1232,1,-1,0,unknown,yes,2026-10-03 10:00:00
40,admin.,married,secondary,no,67,no,no,cellular,21,nov,199,2,-1,0,unknown,no,2026-10-03 11:00:00
58,services,married,secondary,no,818,no,no,cellular,22,aug,283,1,-1,0,unknown,no,2026-10-03 12:00:00
48,blue-collar,married,primary,no,649,no,no,unknown,19,jun,136,2,-1,0,unknown,no,2026-10-03 13:00:00
56,retired,divorced,primary,no,0,no,no,unknown,5,jun,27,1,-1,0,unknown,no,2026-10-03 14:00:00
48,management,married,secondary,yes,-998,yes,no,cellular,18,nov,173,1,-1,0,unknown,no,2026-10-03 15:00:00
36,technician,married,secondary,no,-342,yes,no,cellular,28,jul,170,3,-1,0,unknown,no,2026-10-03 16:00:00
45,technician,married,secondary,no,2433,no,no,cellular,4,aug,81,1,-1,0,unknown,no,2026-10-03 17:00:00
38,admin.,married,secondary,no,755,yes,no,cellular,17,feb,120,1,-1,0,unknown,yes,2026-10-03 18:00:00
44,management,divorced,tertiary,no,0,no,no,unknown,18,jun,491,3,-1,0,unknown,no,2026-10-03 19:00:00
47,unemployed,single,tertiary,no,44,no,no,cellular,15,feb,374,1,185,1,success,no,2026-10-03 20:00:00
37,admin.,single,secondary,no,245,yes,yes,unknown,7,may,732,2,-1,0,unknown,yes,2026-10-03 21:00:00
49,management,single,tertiary,no,1556,yes,no,cellular,28,jul,674,3,-1,0,unknown,no,2026-10-03 22:00:00
62,retired,married,primary,no,3738,no,no,telephone,10,aug,151,3,185,1,failure,no,2026-10-03 23:00:00
