age,job,marital,education,default,balance,housing,loan,contact,day,month,duration,campaign,pdays,previous,poutcome,y,event_time
32,services,married,secondary,no,3839,yes,no,cellular,18,nov,100,2,189,1,failure,no,2025-01-13 00:00:00
39,admin.,married,secondary,no,350,yes,no,telephone,14,jul,109,6,-1,0,unknown,no,2025-01-13 01:00:00
31,blue-collar,single,primary,no,2369,yes,yes,cellular,20,nov,470,2,-1,0,unknown,no,2025-01-13 02:00:00
32,services,married,tertiary,no,0,no,no,cellular,21,nov,80,1,-1,0,unknown,no,2025-01-13 03:00:00
37,unknown,married,unknown,no,1699,no,no,unknown,9,jun,63,1,-1,0,unknown,no,2025-01-13 04:00:00
60,management,divorced,tertiary,no,581,yes,no,cellular,8,aug,89,2,-1,0,unknown,no,2025-01-13 05:00:00
55,self-employed,married,secondary,no,-196,yes,no,unknown,20,may,210,2,-1,0,unknown,no,2025-01-13 06:00:00
29,blue-collar,married,secondary,no,-95,yes,no,cellular,18,may,164,1,370,1,failure,no,2025-01-13 07:00:00
52,blue-collar,married,secondary,no,1027,no,no,cellular,23,jul,59,1,-1,0,unknown,no,2025-01-13 08:00:00
31,technician,divorced,secondary,no,202,yes,no,cellular,18,jul,146,1,-1,0,unknown,no,2025-01-13 09:00:00
51,entrepreneur,married,tertiary,no,3,no,no,cellular,19,nov,276,2,-1,0,unknown,no,2025-01-13 10:00:00
30,technician,single,tertiary,no,6683,no,no,cellular,30,jan,180,1,-1,0,unknown,no,2025-01-13 11:00:00
60,blue-collar,married,primary,no,5,no,no,cellular,4,may,494,1,95,2,success,yes,2025-01-13 12:00:00
34,unemployed,single,primary,no,451,no,no,cellular,29,jan,157,1,-1,0,unknown,no,2025-01-13 13:00:00
55,services,divorced,secondary,no,935,no,no,cellular,14,jul,65,2,-1,0,unknown,no,2025-01-13 14:00:00
33,technician,married,tertiary,no,145,yes,no,cellular,20,nov,262,3,-1,0,unknown,no,2025-01-13 15:00:00
49,services,married,secondary,no,2416,yes,no,cellular,16,apr,1366,1,-1,0,unknown,yes,2025-01-13 16:00:00
46,services,divorced,secondary,no,348,yes,no,cellular,20,apr,323,1,-1,0,unknown,no,2025-01-13 17:00:00
50,management,married,tertiary,no,0,no,no,unknown,20,jun,26,4,-1,0,unknown,no,2025-01-13 18:00:00
31,student,married,primary,no,46,yes,no,cellular,10,jul,487,1,-1,0,unknown,yes,2025-01-13 19:00:00
46,management,divorced,tertiary,no,302,no,no,cellular,18,aug,80,13,-1,0,unknown,no,2025-01-13 20:00:00
50,management,married,tertiary,no,0,no,no,unknown,6,may,326,1,-1,0,unknown,no,2025-01-13 21:00:00
19,student,single,secondary,no,329,no,no,cellular,30,apr,169,1,190,2,success,yes,2025-01-13 22:00:00
29,technician,single,secondary,no,142,yes,yes,unknown,20,jun,312,2,-1,0,unknown,no,2025-01-13 23:00:00
26,management,single,tertiary,no,0,no,yes,cellular,2,feb,145,1,199,1,failure,no,2025-01-14 00:00:00
30,management,single,tertiary,no,317,no,no,cellular,12,aug,134,8,-1,0,unknown,no,2025-01-14 01:00:00
49,entrepreneur,married,secondary,no,89,yes,no,cellular,12,may,351,1,-1,0,unknown,no,2025-01-14 02:00:00
47,management,married,tertiary,no,0,no,no,cellular,27,oct,508,1,-1,0,unknown,yes,2025-01-14 03:00:00
24,services,single,secondary,no,14,yes,no,cellular,7,may,241,1,-1,0,unknown,no,2025-01-14 04:00:00
32,blue-collar,married,primary,no,323,yes,no,unknown,21,may,530,2,-1,0,unknown,no,2025-01-14 05:00:00
47,blue-collar,married,primary,yes,-1385,yes,yes,unknown,15,may,77,1,-1,0,unknown,no,2025-01-14 06:00:00
32,management,married,tertiary,no,71,no,no,cellular,2,feb,75,1,-1,0,unknown,no,2025-01-14 07:00:00
54,admin.,married,tertiary,no,184,no,no,unknown,5,may,673,2,-1,0,unknown,yes,2025-01-14 08:00:00
43,admin.,married,secondary,no,132,no,no,cellular,19,aug,574,1,84,3,success,yes,2025-01-14 09:00:00
35,management,divorced,tertiary,no,3751,yes,no,cellular,16,apr,75,2,-1,0,unknown,no,2025-01-14 10:00:00
31,entrepreneur,single,secondary,no,131,yes,no,cellular,21,jul,157,1,-1,0,unknown,no,2025-01-14 11:00:00
29,management,married,tertiary,no,0,yes,no,cellular,6,may,667,2,-1,0,unknown,yes,2025-01-14 12:00:00
31,services,married,secondary,no,490,yes,no,cellular,21,nov,394,5,179,2,other,no,2025-01-14 13:00:00
36,technician,single,secondary,no,1102,no,no,telephone,6,feb,236,4,-1,0,unknown,no,2025-01-14 14:00:00
34,blue-collar,married,secondary,no,360,yes,no,telephone,19,nov,46,1,182,2,failure,no,2025-01-14 15:00:00
40,management,married,tertiary,no,11,yes,no,cellular,18,nov,65,2,-1,0,unknown,no,2025-01-14 16:00:00
56,services,divorced,secondary,no,72,yes,yes,cellular,7,may,263,1,357,4,failure,no,2025-01-14 17:00:00
35,blue-collar,married,primary,no,456,yes,no,unknown,2,jun,71,1,-1,0,unknown,no,2025-01-14 18:00:00
27,student,single,tertiary,no,1,no,no,cellular,25,jul,73,1,-1,0,unknown,no,2025-01-14 19:00:00
24,technician,single,secondary,no,81,yes,no,cellular,18,may,333,1,-1,0,unknown,no,2025-01-14 20:00:00
45,management,married,tertiary,no,96,yes,no,cellular,20,nov,167,1,127,1,failure,no,2025-01-14 21:00:00
36,technician,married,secondary,no,-456,yes,no,cellular,11,jul,252,1,-1,0,unknown,no,2025-01-14 22:00:00
49,technician,divorced,primary,no,1807,no,yes,unknown,3,jul,122,3,-1,0,unknown,no,2025-01-14 23:00:00
37,technician,divorced,secondary,no,-24,yes,no,cellular,4,feb,33,2,-1,0,unknown,no,2025-01-15 00:00:00
51,retired,married,primary,no,34,yes,no,cellular,16,jul,69,2,-1,0,unknown,no,2025-01-15 01:00:00
64,retired,married,secondary,no,588,no,no,cellular,16,jul,574,1,179,3,success,yes,2025-01-15 02:00:00
41,services,divorced,secondary,yes,-198,no,yes,unknown,14,may,133,1,-1,0,unknown,no,2025-01-15 03:00:00
29,unemployed,single,secondary,no,1562,yes,no,cellular,5,feb,286,1,-1,0,unknown,no,2025-01-15 04:00:00
60,technician,married,tertiary,no,6573,yes,no,cellular,6,nov,126,2,87,2,failure,no,2025-01-15 05:00:00
42,technician,married,tertiary,no,849,no,no,cellular,13,aug,403,2,-1,0,unknown,no,2025-01-15 06:00:00
34,technician,single,secondary,no,2683,no,no,cellular,28,jul,73,2,-1,0,unknown,no,2025-01-15 07:00:00
31,technician,single,secondary,no,18,no,no,cellular,2,jul,109,1,-1,0,unknown,no,2025-01-15 08:00:00
55,management,divorced,secondary,no,698,yes,yes,cellular,6,feb,25,1,-1,0,unknown,no,2025-01-15 09:00:00
37,admin.,married,secondary,no,352,yes,no,cellular,24,jul,107,2,-1,0,unknown,no,2025-01-15 10:00:00
27,blue-collar,married,secondary,no,-330,yes,yes,cellular,14,may,88,1,353,2,failure,no,2025-01-15 11:00:00
36,technician,single,secondary,no,23,yes,no,cellular,18,may,69,2,333,2,failure,no,2025-01-15 12:00:00
49,management,married,tertiary,no,5969,no,no,cellular,30,jul,258,2,-1,0,unknown,no,2025-01-15 13:00:00
46,management,married,primary,no,-268,yes,no,unknown,27,may,99,1,-1,0,unknown,no,2025-01-15 14:00:00
26,management,single,tertiary,no,2356,yes,no,cellular,23,jul,252,6,-1,0,unknown,no,2025-01-15 15:00:00
44,entrepreneur,married,tertiary,no,121,no,no,cellular,9,nov,248,1,91,1,success,yes,2025-01-15 16:00:00
54,entrepreneur,married,secondary,no,0,yes,no,cellular,5,may,387,2,287,1,failure,no,2025-01-15 17:00:00
35,management,married,tertiary,no,5057,yes,no,unknown,4,jun,193,10,-1,0,unknown,no,2025-01-15 18:00:00
39,services,single,secondary,no,300,yes,yes,unknown,28,may,180,2,-1,0,unknown,no,2025-01-15 19:00:00
25,admin.,single,secondary,no,289,yes,no,cellular,21,jul,127,3,-1,0,unknown,no,2025-01-15 20:00:00
36,technician,single,tertiary,no,40,no,no,cellular,26,aug,359,3,-1,0,unknown,no,2025-01-15 21:00:00
35,technician,single,secondary,yes,-30,no,no,cellular,28,aug,32,2,-1,0,unknown,no,2025-01-15 22:00:00
56,retired,single,secondary,no,4365,no,no,unknown,20,jun,361,1,-1,0,unknown,no,2025-01-15 23:00:00
53,blue-collar,married,secondary,no,5700,yes,no,unknown,14,may,97,1,-1,0,unknown,no,2025-01-16 00:00:00
30,blue-collar,single,secondary,no,0,yes,no,cellular,14,jul,768,2,-1,0,unknown,no,2025-01-16 01:00:00
33,student,single,unknown,no,1170,no,no,cellular,30,apr,352,1,-1,0,unknown,yes,2025-01-16 02:00:00
32,technician,single,tertiary,no,1732,no,no,cellular,12,aug,140,4,-1,0,unknown,no,2025-01-16 03:00:00
51,admin.,married,secondary,no,1216,no,no,cellular,25,nov,421,1,-1,0,unknown,no,2025-01-16 04:00:00
38,technician,married,secondary,no,196,no,no,cellular,22,aug,252,2,-1,0,unknown,no,2025-01-16 05:00:00
27,unemployed,single,primary,no,1088,no,no,cellular,3,feb,201,1,-1,0,unknown,no,2025-01-16 06:00:00
50,management,divorced,tertiary,no,356,no,no,cellular,8,may,198,2,358,5,other,no,2025-01-16 07:00:00
44,services,divorced,secondary,no,7,yes,yes,unknown,7,may,238,3,-1,0,unknown,no,2025-01-16 08:00:00
30,technician,single,secondary,no,938,no,no,cellular,25,jun,171,1,141,3,other,no,2025-01-16 09:00:00
58,management,married,unknown,no,1065,yes,no,unknown,5,may,213,3,-1,0,unknown,no,2025-01-16 10:00:00
23,services,single,secondary,no,91,yes,no,unknown,16,may,374,2,-1,0,unknown,no,2025-01-16 11:00:00
36,management,single,tertiary,no,202,no,no,cellular,13,aug,150,4,-1,0,unknown,no,2025-01-16 12:00:00
32,unemployed,married,secondary,no,11524,yes,no,cellular,19,nov,289,3,-1,0,unknown,no,2025-01-16 13:00:00
45,management,married,tertiary,no,203,no,no,unknown,16,jun,202,4,-1,0,unknown,no,2025-01-16 14:00:00
57,management,married,tertiary,no,0,yes,no,cellular,21,nov,67,1,-1,0,unknown,no,2025-01-16 15:00:00
52,blue-collar,divorced,primary,no,2800,no,no,unknown,19,jun,149,1,-1,0,unknown,no,2025-01-16 16:00:00
51,entrepreneur,married,secondary,yes,-2082,no,yes,cellular,28,jul,123,6,-1,0,unknown,no,2025-01-16 17:00:00
30,management,single,tertiary,no,440,yes,no,cellular,11,sep,129,2,-1,0,unknown,no,2025-01-16 18:00:00
37,admin.,married,secondary,no,2991,yes,no,cellular,22,jul,139,3,-1,0,unknown,no,2025-01-16 19:00:00
33,services,single,tertiary,no,1268,yes,no,cellular,3,jun,2219,1,28,2,failure,no,2025-01-16 20:00:00
49,services,married,primary,no,0,no,no,telephone,28,jul,127,7,-1,0,unknown,no,2025-01-16 21:00:00
52,blue-collar,married,primary,no,10,no,no,cellular,6,aug,588,3,-1,0,unknown,no,2025-01-16 22:00:00
44,management,married,tertiary,no,6203,yes,yes,cellular,17,nov,58,1,188,1,failure,no,2025-01-16 23:00:00
35,blue-collar,married,secondary,no,11,no,no,unknown,3,jun,32,3,-1,0,unknown,no,2025-01-17 00:00:00
59,blue-collar,married,primary,no,11066,no,no,telephone,14,apr,86,6,-1,0,unknown,no,2025-01-17 01:00:00
57,blue-collar,married,primary,no,52,yes,no,unknown,5,may,38,1,-1,0,unknown,no,2025-01-17 02:00:00
27,unemployed,single,secondary,no,154,no,no,telephone,9,feb,24,5,-1,0,unknown,no,2025-01-17 03:00:00
33,management,married,tertiary,no,1323,no,no,cellular,1,jun,327,1,-1,0,unknown,yes,2025-01-17 04:00:00
38,admin.,divorced,secondary,no,930,yes,no,cellular,5,may,46,1,-1,0,unknown,no,2025-01-17 05:00:00
52,blue-collar,married,primary,no,9804,yes,yes,cellular,18,aug,155,4,-1,0,unknown,no,2025-01-17 06:00:00
45,retired,married,secondary,no,22,no,yes,telephone,6,aug,276,3,-1,0,unknown,no,2025-01-17 07:00:00
36,management,divorced,tertiary,no,81,no,yes,cellular,22,jul,560,1,-1,0,unknown,yes,2025-01-17 08:00:00
51,technician,married,secondary,no,856,no,no,cellular,17,nov,99,2,-1,0,unknown,no,2025-01-17 09:00:00
46,housemaid,married,primary,no,0,no,no,telephone,2,feb,161,1,-1,0,unknown,no,2025-01-17 10:00:00
32,technician,married,secondary,no,344,yes,no,cellular,20,nov,179,1,197,1,failure,no,2025-01-17 11:00:00
37,admin.,single,secondary,no,-332,yes,no,unknown,23,may,284,2,-1,0,unknown,no,2025-01-17 12:00:00
47,technician,married,secondary,no,1167,yes,no,cellular,4,aug,505,1,96,6,success,yes,2025-01-17 13:00:00
32,admin.,single,secondary,no,471,no,yes,cellular,2,apr,243,3,-1,0,unknown,yes,2025-01-17 14:00:00
69,retired,divorced,primary,no,482,no,no,cellular,2,jul,260,2,-1,0,unknown,yes,2025-01-17 15:00:00
37,admin.,married,secondary,no,2254,no,no,telephone,2,feb,233,2,-1,0,unknown,no,2025-01-17 16:00:00
35,technician,single,tertiary,no,303,no,no,cellular,13,aug,713,2,-1,0,unknown,no,2025-01-17 17:00:00
48,blue-collar,married,primary,no,235,yes,no,unknown,2,jun,58,4,-1,0,unknown,no,2025-01-17 18:00:00
22,admin.,single,tertiary,no,897,yes,no,cellular,4,feb,133,4,-1,0,unknown,yes,2025-01-17 19:00:00
56,technician,married,secondary,no,150,yes,yes,cellular,11,may,102,6,349,1,failure,no,2025-01-17 20:00:00
37,management,married,tertiary,no,1403,yes,no,cellular,10,jul,91,15,-1,0,unknown,no,2025-01-17 21:00:00
43,blue-collar,married,primary,no,-423,yes,yes,cellular,11,may,457,1,-1,0,unknown,no,2025-01-17 22:00:00
50,services,married,secondary,no,748,no,yes,unknown,19,jun,147,1,-1,0,unknown,no,2025-01-17 23:00:00
28,management,single,tertiary,no,293,yes,no,cellular,14,may,265,1,-1,0,unknown,no,2025-01-18 00:00:00
38,services,married,secondary,no,497,yes,yes,unknown,19,may,88,5,-1,0,unknown,no,2025-01-18 01:00:00
28,student,single,secondary,no,154,yes,no,unknown,20,may,21,9,-1,0,unknown,no,2025-01-18 02:00:00
42,management,married,unknown,no,1519,no,no,cellular,19,jul,268,1,-1,0,unknown,yes,2025-01-18 03:00:00
30,blue-collar,single,tertiary,no,4127,yes,no,telephone,21,nov,47,4,-1,0,unknown,no,2025-01-18 04:00:00
43,management,single,tertiary,no,1077,no,yes,telephone,28,aug,48,3,-1,0,unknown,no,2025-01-18 05:00:00
29,self-employed,single,tertiary,no,8749,no,no,telephone,17,feb,141,7,-1,0,unknown,no,2025-01-18 06:00:00
38,blue-collar,married,primary,no,-537,yes,no,unknown,2,jun,171,1,-1,0,unknown,no,2025-01-18 07:00:00
50,self-employed,single,tertiary,no,21,yes,no,cellular,18,nov,157,1,188,1,failure,no,2025-01-18 08:00:00
34,blue-collar,married,primary,no,1031,yes,no,unknown,29,may,751,3,-1,0,unknown,yes,2025-01-18 09:00:00
32,technician,single,secondary,no,-398,no,yes,cellular,7,jul,387,2,-1,0,unknown,no,2025-01-18 10:00:00
53,admin.,divorced,unknown,no,257,no,no,cellular,11,jul,1310,2,-1,0,unknown,yes,2025-01-18 11:00:00
26,entrepreneur,married,secondary,no,-142,yes,no,cellular,17,jul,126,1,-1,0,unknown,no,2025-01-18 12:00:00
31,admin.,married,secondary,no,0,yes,no,unknown,14,may,40,2,-1,0,unknown,no,2025-01-18 13:00:00
30,technician,married,secondary,no,0,yes,no,cellular,14,may,47,3,-1,0,unknown,no,2025-01-18 14:00:00
51,services,married,secondary,no,867,yes,no,cellular,7,jul,422,3,-1,0,unknown,no,2025-01-18 15:00:00
40,services,single,secondary,no,573,yes,no,cellular,14,may,329,1,-1,0,unknown,no,2025-01-18 16:00:00
38,admin.,married,secondary,no,11303,no,no,cellular,28,dec,473,2,216,2,failure,yes,2025-01-18 17:00:00
33,technician,single,tertiary,no,2340,no,no,cellular,31,aug,65,5,97,3,failure,no,2025-01-18 18:00:00
31,services,married,secondary,no,6,yes,no,cellular,14,jul,155,2,-1,0,unknown,no,2025-01-18 19:00:00
43,blue-collar,married,secondary,yes,128,yes,no,cellular,3,feb,71,1,-1,0,unknown,no,2025-01-18 20:00:00
33,management,single,tertiary,no,7419,yes,no,cellular,15,may,21,8,331,29,failure,no,2025-01-18 21:00:00
34,services,married,secondary,no,0,no,yes,unknown,2,jul,193,4,-1,0,unknown,no,2025-01-18 22:00:00
41,blue-collar,married,secondary,no,1384,yes,no,unknown,15,may,1162,4,-1,0,unknown,yes,2025-01-18 23:00:00
37,management,married,tertiary,no,46,yes,no,cellular,15,apr,154,1,-1,0,unknown,no,2025-01-19 00:00:00
33,management,married,tertiary,no,1323,no,no,cellular,15,sep,109,2,106,1,success,no,2025-01-19 01:00:00
47,management,married,tertiary,no,643,yes,no,unknown,8,may,155,1,-1,0,unknown,no,2025-01-19 02:00:00
27,admin.,single,secondary,no,192,no,no,telephone,28,jul,1076,17,-1,0,unknown,yes,2025-01-19 03:00:00
60,technician,single,tertiary,no,2934,no,no,cellular,8,aug,233,2,-1,0,unknown,no,2025-01-19 04:00:00
29,admin.,single,secondary,no,2,no,no,cellular,4,nov,85,1,142,1,failure,no,2025-01-19 05:00:00
35,unemployed,married,secondary,no,978,no,no,cellular,29,dec,1370,3,209,3,success,yes,2025-01-19 06:00:00
43,unemployed,married,secondary,no,775,no,no,cellular,16,dec,325,1,124,2,failure,no,2025-01-19 07:00:00
57,management,divorced,unknown,no,2986,no,no,unknown,1,jun,1563,1,166,3,success,no,2025-01-19 08:00:00
46,technician,married,secondary,no,15120,no,no,cellular,21,nov,27,3,108,3,other,no,2025-01-19 09:00:00
39,admin.,married,secondary,no,835,yes,no,unknown,5,jun,135,1,-1,0,unknown,no,2025-01-19 10:00:00
39,technician,divorced,secondary,no,507,no,no,cellular,20,aug,173,4,-1,0,unknown,no,2025-01-19 11:00:00
37,services,divorced,secondary,no,241,yes,no,cellular,14,may,189,1,371,1,failure,no,2025-01-19 12:00:00
33,technician,married,secondary,no,852,no,no,cellular,14,aug,388,8,-1,0,unknown,no,2025-01-19 13:00:00
39,management,single,tertiary,no,12437,no,no,telephone,18,nov,40,1,-1,0,unknown,no,2025-01-19 14:00:00
38,technician,married,secondary,no,565,no,no,cellular,20,aug,93,2,-1,0,unknown,no,2025-01-19 15:00:00
54,retired,divorced,primary,no,52,no,no,unknown,19,jun,184,3,-1,0,unknown,no,2025-01-19 16:00:00
29,technician,single,secondary,no,205,yes,no,cellular,17,apr,218,1,340,3,failure,no,2025-01-19 17:00:00
45,blue-collar,married,secondary,no,-35,yes,yes,unknown,20,jun,145,24,-1,0,unknown,no,2025-01-19 18:00:00
28,unemployed,single,secondary,no,-34,no,no,cellular,15,jul,355,1,-1,0,unknown,no,2025-01-19 19:00:00
43,blue-collar,married,secondary,no,314,yes,yes,cellular,20,apr,247,3,339,2,failure,no,2025-01-19 20:00:00
29,management,married,tertiary,no,2451,yes,no,unknown,28,may,58,1,-1,0,unknown,no,2025-01-19 21:00:00
35,admin.,married,secondary,no,10133,no,yes,cellular,18,may,382,2,-1,0,unknown,no,2025-01-19 22:00:00
36,blue-collar,married,secondary,no,1563,no,no,cellular,29,jul,449,2,-1,0,unknown,no,2025-01-19 23:00:00
46,self-employed,married,tertiary,no,137,yes,yes,unknown,5,may,246,1,-1,0,unknown,no,2025-01-20 00:00:00
33,technician,single,secondary,no,1064,yes,no,cellular,15,may,173,2,-1,0,unknown,no,2025-01-20 01:00:00
45,management,married,tertiary,no,3329,no,no,unknown,17,jun,311,2,-1,0,unknown,no,2025-01-20 02:00:00
49,blue-collar,single,primary,no,1040,no,no,cellular,8,jul,474,2,-1,0,unknown,no,2025-01-20 03:00:00
31,management,single,tertiary,no,74,yes,yes,cellular,15,may,13,11,-1,0,unknown,no,2025-01-20 04:00:00
27,housemaid,single,primary,no,494,no,no,cellular,5,feb,16,10,-1,0,unknown,no,2025-01-20 05:00:00
55,retired,married,secondary,no,85,no,no,unknown,3,jul,228,2,-1,0,unknown,no,2025-01-20 06:00:00
51,services,married,tertiary,no,0,no,no,cellular,7,aug,297,8,-1,0,unknown,no,2025-01-20 07:00:00
46,housemaid,married,primary,no,201,yes,no,cellular,21,jul,91,1,-1,0,unknown,no,2025-01-20 08:00:00
43,management,married,tertiary,no,3186,no,no,cellular,16,nov,380,1,88,1,failure,yes,2025-01-20 09:00:00
40,management,married,tertiary,no,0,no,no,cellular,14,jul,109,8,-1,0,unknown,no,2025-01-20 10:00:00
45,blue-collar,married,primary,no,31,no,no,cellular,8,apr,393,2,310,1,other,no,2025-01-20 11:00:00
24,student,single,secondary,no,867,no,no,cellular,2,aug,135,7,108,8,other,no,2025-01-20 12:00:00
33,management,married,tertiary,no,1071,no,no,cellular,2,feb,84,2,174,4,failure,no,2025-01-20 13:00:00
30,management,married,tertiary,no,-27,yes,no,unknown,27,may,29,2,-1,0,unknown,no,2025-01-20 14:00:00
35,management,single,tertiary,no,565,yes,no,unknown,30,may,763,1,-1,0,unknown,yes,2025-01-20 15:00:00
56,technician,married,secondary,no,582,yes,no,cellular,24,jul,114,4,-1,0,unknown,no,2025-01-20 16:00:00
53,management,married,tertiary,no,1619,no,no,unknown,5,jun,89,1,-1,0,unknown,no,2025-01-20 17:00:00
52,technician,married,unknown,no,668,yes,no,cellular,31,jul,212,4,-1,0,unknown,no,2025-01-20 18:00:00
30,self-employed,married,primary,no,674,yes,no,cellular,21,nov,72,2,-1,0,unknown,no,2025-01-20 19:00:00
36,self-employed,divorced,secondary,no,-38,yes,no,cellular,18,nov,244,2,-1,0,unknown,no,2025-01-20 20:00:00
31,blue-collar,single,secondary,no,0,no,no,cellular,14,jul,387,2,-1,0,unknown,no,2025-01-20 21:00:00
40,blue-collar,married,secondary,no,1539,yes,no,cellular,14,jul,204,3,-1,0,unknown,no,2025-01-20 22:00:00
46,self-employed,married,tertiary,no,8,no,no,cellular,13,oct,182,1,-1,0,unknown,no,2025-01-20 23:00:00
33,student,single,unknown,no,2321,no,no,cellular,15,apr,699,2,381,2,failure,no,2025-01-21 00:00:00
38,technician,divorced,secondary,no,566,yes,no,cellular,8,may,44,2,275,2,failure,no,2025-01-21 01:00:00
34,management,married,tertiary,no,573,no,no,cellular,10,aug,122,1,-1,0,unknown,no,2025-01-21 02:00:00
59,management,married,secondary,no,4412,no,no,cellular,2,nov,162,2,-1,0,unknown,yes,2025-01-21 03:00:00
21,student,single,unknown,no,137,yes,no,unknown,12,may,198,3,-1,0,unknown,no,2025-01-21 04:00:00
82,retired,married,tertiary,no,278,no,no,cellular,16,feb,223,7,-1,0,unknown,no,2025-01-21 05:00:00
34,management,married,tertiary,no,0,no,no,cellular,22,jul,81,2,-1,0,unknown,no,2025-01-21 06:00:00
30,blue-collar,married,secondary,no,1177,no,yes,cellular,8,jul,220,2,-1,0,unknown,no,2025-01-21 07:00:00
54,retired,married,primary,no,208,no,no,unknown,12,may,255,1,-1,0,unknown,no,2025-01-21 08:00:00
32,admin.,divorced,tertiary,no,-2,yes,no,cellular,6,may,103,3,168,1,failure,no,2025-01-21 09:00:00
65,admin.,married,secondary,no,11240,yes,no,telephone,28,oct,149,1,-1,0,unknown,no,2025-01-21 10:00:00
27,blue-collar,single,secondary,no,14,no,no,unknown,14,may,72,2,-1,0,unknown,no,2025-01-21 11:00:00
38,admin.,married,secondary,no,0,yes,no,telephone,16,jul,264,5,-1,0,unknown,no,2025-01-21 12:00:00
59,technician,married,secondary,no,0,no,no,unknown,1,jul,249,1,-1,0,unknown,no,2025-01-21 13:00:00
38,entrepreneur,married,secondary,no,65,no,no,cellular,5,feb,173,1,-1,0,unknown,no,2025-01-21 14:00:00
57,management,married,tertiary,yes,1218,yes,no,cellular,18,jul,317,6,-1,0,unknown,no,2025-01-21 15:00:00
46,technician,single,secondary,yes,-1124,yes,yes,unknown,9,may,206,2,-1,0,unknown,no,2025-01-21 16:00:00
30,management,single,tertiary,no,1268,no,no,cellular,16,jul,73,4,-1,0,unknown,no,2025-01-21 17:00:00
37,management,divorced,tertiary,no,488,yes,no,cellular,17,sep,328,1,854,2,failure,yes,2025-01-21 18:00:00
44,management,married,tertiary,no,-1636,yes,yes,cellular,11,may,257,1,-1,0,unknown,no,2025-01-21 19:00:00
53,entrepreneur,married,secondary,no,111,yes,no,unknown,15,may,750,2,-1,0,unknown,no,2025-01-21 20:00:00
60,retired,married,secondary,no,0,no,no,telephone,31,jul,576,20,-1,0,unknown,no,2025-01-21 21:00:00
30,management,single,tertiary,no,265,no,no,cellular,25,nov,295,1,93,3,success,no,2025-01-21 22:00:00
48,admin.,married,primary,no,3644,yes,yes,telephone,31,jul,1039,9,-1,0,unknown,yes,2025-01-21 23:00:00
50,blue-collar,married,primary,no,0,no,no,cellular,11,aug,72,5,-1,0,unknown,no,2025-01-22 00:00:00
32,services,married,secondary,no,2578,no,no,cellular,29,jul,86,3,-1,0,unknown,no,2025-01-22 01:00:00
56,technician,married,primary,no,1232,no,no,cellular,7,apr,44,1,-1,0,unknown,no,2025-01-22 02:00:00
45,technician,married,secondary,no,2776,yes,no,cellular,27,jul,287,2,181,1,success,yes,2025-01-22 03:00:00
54,management,divorced,secondary,no,2762,no,no,cellular,22,aug,309,7,-1,0,unknown,no,2025-01-22 04:00:00
37,management,single,tertiary,no,-70,no,yes,cellular,29,jan,147,2,-1,0,unknown,no,2025-01-22 05:00:00
38,entrepreneur,married,tertiary,no,0,yes,no,cellular,18,nov,185,3,-1,0,unknown,no,2025-01-22 06:00:00
46,blue-collar,married,secondary,no,1673,yes,no,cellular,29,aug,56,10,-1,0,unknown,no,2025-01-22 07:00:00
33,management,single,tertiary,no,3770,no,no,cellular,28,jan,757,2,-1,0,unknown,no,2025-01-22 08:00:00
33,management,single,tertiary,no,4409,no,no,cellular,20,nov,92,2,-1,0,unknown,no,2025-01-22 09:00:00
33,blue-collar,married,secondary,no,175,yes,no,unknown,15,may,392,2,-1,0,unknown,no,2025-01-22 10:00:00
57,retired,married,unknown,no,1621,yes,no,unknown,19,jun,108,1,-1,0,unknown,no,2025-01-22 11:00:00
31,services,single,secondary,no,481,yes,no,cellular,20,nov,106,2,183,2,failure,no,2025-01-22 12:00:00
35,technician,married,secondary,no,150,no,no,cellular,18,aug,242,5,-1,0,unknown,no,2025-01-22 13:00:00
35,technician,single,secondary,no,-51,no,no,unknown,2,jul,134,2,-1,0,unknown,no,2025-01-22 14:00:00
65,retired,married,primary,no,3713,no,no,cellular,7,apr,43,3,-1,0,unknown,no,2025-01-22 15:00:00
49,blue-collar,married,unknown,no,3096,no,no,unknown,16,jun,147,2,-1,0,unknown,no,2025-01-22 16:00:00
33,admin.,single,tertiary,no,272,yes,no,cellular,1,jun,326,1,237,2,failure,yes,2025-01-22 17:00:00
32,management,divorced,primary,no,137,yes,no,unknown,20,may,13,12,-1,0,unknown,no,2025-01-22 18:00:00
57,technician,married,tertiary,no,2887,yes,no,cellular,11,feb,123,1,-1,0,unknown,no,2025-01-22 19:00:00
41,entrepreneur,married,tertiary,no,10,yes,no,cellular,8,may,196,2,172,2,other,no,2025-01-22 20:00:00
59,retired,married,primary,no,3648,no,no,telephone,19,jun,1321,3,-1,0,unknown,yes,2025-01-22 21:00:00
34,blue-collar,married,primary,no,698,yes,no,cellular,4,may,83,5,-1,0,unknown,no,2025-01-22 22:00:00
50,management,married,tertiary,no,1612,yes,no,cellular,10,jul,103,1,-1,0,unknown,no,2025-01-22 23:00:00
42,management,married,tertiary,no,11093,no,no,cellular,2,feb,156,2,-1,0,unknown,no,2025-01-23 00:00:00
35,admin.,married,tertiary,no,429,yes,no,cellular,5,feb,143,2,-1,0,unknown,no,2025-01-23 01:00:00
52,blue-collar,married,unknown,no,742,no,no,cellular,4,aug,629,1,-1,0,unknown,no,2025-01-23 02:00:00
36,management,single,tertiary,no,7506,yes,no,cellular,6,may,839,2,188,1,success,yes,2025-01-23 03:00:00
40,blue-collar,single,unknown,no,24,yes,no,unknown,5,may,185,1,-1,0,unknown,no,2025-01-23 04:00:00
45,blue-collar,married,secondary,no,54,yes,no,cellular,7,may,279,1,367,1,failure,no,2025-01-23 05:00:00
19,student,single,secondary,no,302,no,no,cellular,16,jul,205,1,-1,0,unknown,yes,2025-01-23 06:00:00
39,blue-collar,single,secondary,no,0,yes,no,cellular,14,may,9,10,330,10,other,no,2025-01-23 07:00:00
26,technician,single,secondary,no,68,no,yes,cellular,8,jul,141,3,-1,0,unknown,no,2025-01-23 08:00:00
34,admin.,divorced,secondary,no,151,yes,no,cellular,12,may,131,1,361,1,other,no,2025-01-23 09:00:00
25,services,single,tertiary,no,130,yes,no,cellular,16,jul,49,1,-1,0,unknown,no,2025-01-23 10:00:00
46,blue-collar,divorced,secondary,no,168,yes,no,cellular,20,apr,255,1,336,4,other,no,2025-01-23 11:00:00
55,services,married,primary,no,255,yes,no,unknown,6,may,285,1,-1,0,unknown,no,2025-01-23 12:00:00
59,retired,married,tertiary,no,0,no,no,cellular,26,aug,94,2,-1,0,unknown,no,2025-01-23 13:00:00
32,admin.,married,secondary,no,342,no,no,cellular,29,jan,179,1,-1,0,unknown,no,2025-01-23 14:00:00
44,blue-collar,married,secondary,no,54,yes,no,unknown,5,may,197,1,-1,0,unknown,no,2025-01-23 15:00:00
27,blue-collar,single,secondary,no,535,no,no,cellular,15,feb,171,1,91,2,success,yes,2025-01-23 16:00:00
37,housemaid,single,tertiary,no,206,no,no,cellular,27,aug,115,5,-1,0,unknown,no,2025-01-23 17:00:00
37,admin.,married,secondary,no,0,yes,no,cellular,14,jul,235,3,-1,0,unknown,no,2025-01-23 18:00:00
59,unemployed,married,tertiary,no,6,yes,no,cellular,9,jul,275,1,-1,0,unknown,no,2025-01-23 19:00:00
36,blue-collar,married,secondary,no,-53,yes,no,cellular,20,apr,9,5,322,8,other,no,2025-01-23 20:00:00
36,entrepreneur,married,tertiary,no,84,no,yes,cellular,15,jul,306,14,-1,0,unknown,no,2025-01-23 21:00:00
58,housemaid,married,primary,no,260,yes,no,telephone,15,may,71,5,364,3,failure,no,2025-01-23 22:00:00
59,management,divorced,tertiary,no,81,no,no,cellular,26,may,140,1,-1,0,unknown,no,2025-01-23 23:00:00
34,blue-collar,married,primary,no,2720,yes,no,cellular,16,apr,115,2,146,5,failure,no,2025-01-24 00:00:00
55,blue-collar,single,secondary,no,82,no,yes,cellular,7,jul,500,1,-1,0,unknown,no,2025-01-24 01:00:00
50,blue-collar,married,unknown,no,605,yes,no,unknown,15,may,200,1,-1,0,unknown,no,2025-01-24 02:00:00
22,student,single,secondary,no,216,no,no,cellular,6,aug,178,1,179,2,success,yes,2025-01-24 03:00:00
42,blue-collar,single,primary,no,19,yes,no,unknown,7,may,158,1,-1,0,unknown,no,2025-01-24 04:00:00
59,housemaid,single,secondary,no,26172,no,no,cellular,18,nov,54,2,-1,0,unknown,no,2025-01-24 05:00:00
35,management,married,tertiary,no,1336,no,no,unknown,21,may,59,2,-1,0,unknown,no,2025-01-24 06:00:00
50,blue-collar,married,secondary,no,19,no,no,cellular,17,jul,209,4,-1,0,unknown,no,2025-01-24 07:00:00
36,admin.,single,tertiary,no,2622,no,no,cellular,19,nov,640,1,127,5,failure,no,2025-01-24 08:00:00
45,admin.,married,secondary,no,840,yes,no,unknown,30,may,54,3,-1,0,unknown,no,2025-01-24 09:00:00
65,retired,divorced,secondary,no,828,no,no,cellular,13,jul,305,1,-1,0,unknown,yes,2025-01-24 10:00:00
28,management,married,tertiary,no,250,yes,no,cellular,21,jul,475,4,-1,0,unknown,no,2025-01-24 11:00:00
43,blue-collar,married,secondary,no,1324,yes,no,telephone,12,may,179,5,-1,0,unknown,no,2025-01-24 12:00:00
55,management,married,tertiary,no,655,no,no,cellular,28,jul,167,6,-1,0,unknown,no,2025-01-24 13:00:00
55,services,married,secondary,no,752,no,no,unknown,17,jun,204,2,-1,0,unknown,no,2025-01-24 14:00:00
27,blue-collar,single,secondary,no,-289,yes,yes,cellular,5,may,94,5,-1,0,unknown,no,2025-01-24 15:00:00
33,unemployed,married,tertiary,no,3335,no,no,cellular,15,jun,92,1,301,6,failure,no,2025-01-24 16:00:00
29,admin.,married,primary,no,624,yes,no,unknown,12,may,246,1,-1,0,unknown,no,2025-01-24 17:00:00
31,management,married,tertiary,no,325,yes,no,cellular,18,jul,1139,2,-1,0,unknown,yes,2025-01-24 18:00:00
54,technician,divorced,secondary,no,2868,no,no,cellular,18,nov,42,1,-1,0,unknown,no,2025-01-24 19:00:00
35,services,single,secondary,no,1227,yes,yes,unknown,28,may,283,3,-1,0,unknown,no,2025-01-24 20:00:00
45,management,married,primary,no,2690,no,no,telephone,29,jul,145,4,-1,0,unknown,no,2025-01-24 21:00:00
35,management,married,tertiary,no,387,yes,no,cellular,16,jul,254,2,-1,0,unknown,no,2025-01-24 22:00:00
41,admin.,married,secondary,no,-76,yes,no,cellular,16,apr,263,1,-1,0,unknown,no,2025-01-24 23:00:00
26,technician,single,secondary,no,206,no,no,cellular,29,jan,89,1,-1,0,unknown,no,2025-01-25 00:00:00
26,blue-collar,single,secondary,no,5829,no,no,cellular,23,jul,41,2,-1,0,unknown,no,2025-01-25 01:00:00
57,retired,married,tertiary,no,11254,no,no,cellular,30,jul,229,2,-1,0,unknown,no,2025-01-25 02:00:00
32,services,married,secondary,no,2796,yes,no,unknown,3,jun,143,8,-1,0,unknown,no,2025-01-25 03:00:00
29,blue-collar,married,secondary,no,457,yes,no,cellular,20,apr,72,3,341,1,other,no,2025-01-25 04:00:00
33,management,married,tertiary,no,415,no,no,cellular,4,may,75,5,167,1,other,no,2025-01-25 05:00:00
40,management,married,tertiary,no,1217,yes,yes,cellular,18,nov,155,1,-1,0,unknown,no,2025-01-25 06:00:00
28,blue-collar,married,secondary,no,0,yes,no,unknown,27,may,548,1,-1,0,unknown,no,2025-01-25 07:00:00
52,entrepreneur,divorced,primary,no,278,yes,no,unknown,7,may,688,2,-1,0,unknown,no,2025-01-25 08:00:00
28,blue-collar,single,secondary,no,1065,yes,yes,cellular,17,apr,406,1,317,1,failure,no,2025-01-25 09:00:00
29,technician,married,secondary,no,-910,yes,no,cellular,21,jul,260,1,-1,0,unknown,no,2025-01-25 10:00:00
32,blue-collar,single,secondary,no,3,yes,no,unknown,23,may,108,3,-1,0,unknown,no,2025-01-25 11:00:00
54,technician,married,secondary,no,465,yes,yes,cellular,17,nov,92,1,-1,0,unknown,no,2025-01-25 12:00:00
39,management,married,tertiary,no,399,no,no,cellular,9,apr,504,1,-1,0,unknown,no,2025-01-25 13:00:00
30,services,single,secondary,no,187,yes,no,unknown,23,may,110,1,-1,0,unknown,no,2025-01-25 14:00:00
43,technician,single,tertiary,no,58,no,no,cellular,22,aug,97,2,-1,0,unknown,no,2025-01-25 15:00:00
32,unemployed,married,tertiary,no,0,no,no,cellular,4,feb,106,1,-1,0,unknown,no,2025-01-25 16:00:00
34,admin.,single,secondary,no,713,no,no,cellular,5,feb,124,2,-1,0,unknown,no,2025-01-25 17:00:00
46,blue-collar,married,unknown,no,55,no,no,cellular,23,jul,55,1,-1,0,unknown,no,2025-01-25 18:00:00
34,management,single,tertiary,no,5452,no,no,cellular,20,apr,96,1,245,5,other,no,2025-01-25 19:00:00
72,retired,married,primary,no,2079,no,no,cellular,13,aug,100,1,191,3,other,no,2025-01-25 20:00:00
62,retired,married,secondary,no,569,no,no,cellular,3,aug,187,2,180,6,success,yes,2025-01-25 21:00:00
44,management,married,tertiary,no,12392,yes,no,cellular,13,may,177,3,343,1,other,no,2025-01-25 22:00:00
31,management,married,tertiary,no,29230,no,no,cellular,25,aug,50,9,-1,0,unknown,no,2025-01-25 23:00:00
33,management,married,tertiary,no,516,yes,no,cellular,19,nov,245,4,-1,0,unknown,no,2025-01-26 00:00:00
52,unknown,married,tertiary,no,1618,no,no,cellular,29,jan,184,2,-1,0,unknown,no,2025-01-26 01:00:00
42,technician,single,tertiary,no,-380,yes,no,cellular,6,may,413,1,294,1,other,no,2025-01-26 02:00:00
35,management,divorced,tertiary,no,36,yes,no,unknown,13,may,182,6,-1,0,unknown,no,2025-01-26 03:00:00
25,admin.,single,secondary,no,0,no,yes,cellular,8,jul,238,3,-1,0,unknown,no,2025-01-26 04:00:00
29,management,married,tertiary,no,1258,yes,no,cellular,29,jan,287,1,-1,0,unknown,no,2025-01-26 05:00:00
33,blue-collar,married,secondary,no,0,yes,no,unknown,29,jul,331,1,-1,0,unknown,no,2025-01-26 06:00:00
51,self-employed,married,tertiary,no,5350,yes,yes,cellular,31,jul,612,4,-1,0,unknown,yes,2025-01-26 07:00:00
40,self-employed,single,tertiary,no,265,no,no,cellular,5,feb,121,3,-1,0,unknown,no,2025-01-26 08:00:00
39,management,single,secondary,no,113,yes,no,telephone,27,aug,23,9,-1,0,unknown,no,2025-01-26 09:00:00
45,unknown,married,secondary,no,2119,no,no,cellular,19,aug,120,15,-1,0,unknown,no,2025-01-26 10:00:00
32,management,single,tertiary,no,710,no,no,cellular,5,aug,683,2,-1,0,unknown,no,2025-01-26 11:00:00
51,management,married,tertiary,no,2455,yes,no,cellular,21,jul,553,1,-1,0,unknown,yes,2025-01-26 12:00:00
34,technician,married,secondary,no,56,no,no,cellular,19,aug,91,2,-1,0,unknown,no,2025-01-26 13:00:00
48,admin.,divorced,unknown,no,-70,no,no,cellular,14,may,243,1,-1,0,unknown,no,2025-01-26 14:00:00
36,technician,married,secondary,no,1345,yes,no,unknown,30,may,231,3,-1,0,unknown,no,2025-01-26 15:00:00
42,technician,married,secondary,no,8899,yes,no,cellular,20,nov,75,2,-1,0,unknown,no,2025-01-26 16:00:00
36,self-employed,single,tertiary,no,3560,no,no,cellular,18,nov,658,3,169,2,failure,no,2025-01-26 17:00:00
35,management,married,tertiary,no,4124,yes,no,cellular,23,jul,350,2,445,7,other,yes,2025-01-26 18:00:00
38,blue-collar,married,secondary,no,926,no,yes,unknown,6,jun,189,3,-1,0,unknown,no,2025-01-26 19:00:00
58,unemployed,married,tertiary,no,0,no,yes,cellular,22,jul,85,3,-1,0,unknown,no,2025-01-26 20:00:00
35,technician,married,secondary,no,905,no,yes,cellular,21,aug,114,2,-1,0,unknown,no,2025-01-26 21:00:00
59,blue-collar,married,primary,no,4143,no,no,unknown,19,jun,122,1,-1,0,unknown,no,2025-01-26 22:00:00
37,admin.,married,secondary,no,10465,no,no,unknown,17,jun,144,6,-1,0,unknown,no,2025-01-26 23:00:00
40,retired,single,secondary,no,1734,yes,no,unknown,3,jun,123,4,-1,0,unknown,no,2025-01-27 00:00:00
45,technician,married,tertiary,no,1780,no,no,cellular,11,aug,52,4,-1,0,unknown,no,2025-01-27 01:00:00
58,unemployed,married,secondary,no,610,yes,no,telephone,29,jul,246,2,-1,0,unknown,no,2025-01-27 02:00:00
58,technician,divorced,secondary,no,2270,no,no,unknown,20,jun,24,4,-1,0,unknown,no,2025-01-27 03:00:00
32,entrepreneur,married,unknown,no,73,yes,no,cellular,9,jul,175,1,-1,0,unknown,no,2025-01-27 04:00:00
49,blue-collar,married,secondary,no,3779,yes,no,cellular,12,aug,178,9,-1,0,unknown,no,2025-01-27 05:00:00
51,technician,married,secondary,no,58,yes,no,cellular,11,jul,128,2,-1,0,unknown,no,2025-01-27 06:00:00
55,technician,divorced,secondary,no,225,no,yes,cellular,14,jul,116,2,-1,0,unknown,no,2025-01-27 07:00:00
32,management,single,tertiary,no,154,no,yes,cellular,21,aug,301,3,-1,0,unknown,no,2025-01-27 08:00:00
45,services,married,secondary,no,1343,no,yes,cellular,8,jul,220,1,-1,0,unknown,no,2025-01-27 09:00:00
28,blue-collar,divorced,unknown,no,101,yes,no,unknown,28,may,126,4,-1,0,unknown,no,2025-01-27 10:00:00
25,management,single,tertiary,no,3902,no,no,cellular,23,sep,856,1,-1,0,unknown,yes,2025-01-27 11:00:00
47,management,divorced,tertiary,no,2105,no,yes,cellular,21,jul,363,1,-1,0,unknown,no,2025-01-27 12:00:00
36,blue-collar,married,secondary,no,580,no,no,cellular,10,jul,633,1,-1,0,unknown,no,2025-01-27 13:00:00
49,self-employed,married,tertiary,no,2143,no,no,cellular,20,nov,226,3,-1,0,unknown,no,2025-01-27 14:00:00
51,management,single,tertiary,no,4305,yes,no,cellular,4,may,126,1,-1,0,unknown,no,2025-01-27 15:00:00
36,student,single,secondary,no,624,no,no,cellular,5,feb,518,2,8,1,other,no,2025-01-27 16:00:00
39,services,married,secondary,no,2843,yes,no,unknown,19,jun,585,1,-1,0,unknown,yes,2025-01-27 17:00:00
30,services,married,secondary,no,52,yes,yes,cellular,11,may,295,1,-1,0,unknown,no,2025-01-27 18:00:00
51,management,divorced,tertiary,no,3415,yes,no,unknown,19,jun,677,1,-1,0,unknown,no,2025-01-27 19:00:00
23,student,single,primary,no,1235,no,no,cellular,12,jun,39,3,-1,0,unknown,no,2025-01-27 20:00:00
44,technician,single,secondary,no,-34,no,yes,cellular,27,aug,14,13,-1,0,unknown,no,2025-01-27 21:00:00
36,services,single,secondary,no,511,yes,yes,cellular,30,jan,706,1,252,1,failure,no,2025-01-27 22:00:00
28,unemployed,married,secondary,no,-42,yes,yes,cellular,31,jul,143,4,-1,0,unknown,no,2025-01-27 23:00:00
55,retired,married,secondary,no,393,no,yes,cellular,25,may,176,1,-1,0,unknown,no,2025-01-28 00:00:00
47,blue-collar,married,primary,no,-301,yes,no,cellular,5,may,277,1,-1,0,unknown,no,2025-01-28 01:00:00
30,technician,single,secondary,no,11,no,no,cellular,5,feb,363,6,-1,0,unknown,no,2025-01-28 02:00:00
37,blue-collar,married,secondary,no,190,yes,no,unknown,9,may,83,2,-1,0,unknown,no,2025-01-28 03:00:00
44,management,married,tertiary,no,786,yes,no,unknown,20,jun,15,7,-1,0,unknown,no,2025-01-28 04:00:00
39,technician,married,secondary,no,3825,no,yes,cellular,25,aug,94,6,-1,0,unknown,no,2025-01-28 05:00:00
37,blue-collar,married,secondary,no,121,yes,no,unknown,8,may,617,2,-1,0,unknown,no,2025-01-28 06:00:00
47,services,married,secondary,no,1306,yes,no,unknown,9,may,252,4,-1,0,unknown,no,2025-01-28 07:00:00
26,services,married,secondary,no,-379,yes,yes,cellular,22,jul,1237,7,-1,0,unknown,yes,2025-01-28 08:00:00
24,blue-collar,married,secondary,no,1222,yes,no,cellular,20,apr,369,1,-1,0,unknown,no,2025-01-28 09:00:00
42,technician,married,secondary,yes,55,yes,no,cellular,21,jul,291,1,-1,0,unknown,no,2025-01-28 10:00:00
58,retired,married,unknown,no,937,no,no,cellular,5,aug,155,1,-1,0,unknown,no,2025-01-28 11:00:00
33,services,single,secondary,no,200,yes,no,cellular,17,nov,252,1,-1,0,unknown,no,2025-01-28 12:00:00
56,technician,divorced,secondary,no,179,no,no,cellular,18,jul,536,1,-1,0,unknown,yes,2025-01-28 13:00:00
56,blue-collar,divorced,primary,yes,-1,no,no,cellular,18,jul,304,3,-1,0,unknown,no,2025-01-28 14:00:00
34,unemployed,married,tertiary,no,822,no,no,unknown,1,aug,11,1,-1,0,unknown,no,2025-01-28 15:00:00
33,technician,married,secondary,no,884,yes,no,unknown,23,may,271,1,-1,0,unknown,no,2025-01-28 16:00:00
28,services,single,secondary,no,115,yes,no,unknown,21,may,66,13,-1,0,unknown,no,2025-01-28 17:00:00
46,blue-collar,divorced,secondary,no,1074,yes,no,cellular,14,may,277,2,-1,0,unknown,no,2025-01-28 18:00:00
34,services,married,secondary,no,7,yes,no,cellular,12,may,377,1,357,1,failure,no,2025-01-28 19:00:00
44,technician,married,secondary,no,8938,yes,no,unknown,3,jun,94,18,-1,0,unknown,no,2025-01-28 20:00:00
53,services,married,unknown,no,18,no,no,unknown,5,may,503,2,-1,0,unknown,no,2025-01-28 21:00:00
39,services,single,secondary,no,230,no,yes,cellular,8,jul,106,1,-1,0,unknown,no,2025-01-28 22:00:00
66,housemaid,divorced,primary,no,3701,no,no,telephone,3,mar,834,1,-1,0,unknown,yes,2025-01-28 23:00:00
38,services,single,secondary,no,4317,yes,no,cellular,2,feb,216,2,-1,0,unknown,no,2025-01-29 00:00:00
29,self-employed,single,tertiary,no,579,no,no,unknown,30,may,296,2,-1,0,unknown,no,2025-01-29 01:00:00
34,management,married,tertiary,no,937,no,no,cellular,23,sep,405,1,391,3,failure,no,2025-01-29 02:00:00
33,management,single,tertiary,no,215,yes,no,cellular,28,jan,144,1,-1,0,unknown,no,2025-01-29 03:00:00
54,admin.,married,secondary,no,426,yes,no,cellular,17,apr,74,2,323,1,failure,no,2025-01-29 04:00:00
51,technician,married,secondary,no,371,yes,yes,cellular,21,oct,287,1,-1,0,unknown,yes,2025-01-29 05:00:00
35,management,single,tertiary,no,863,no,no,cellular,11,aug,481,2,-1,0,unknown,no,2025-01-29 06:00:00
32,technician,single,secondary,no,-5,no,yes,cellular,26,aug,300,4,-1,0,unknown,no,2025-01-29 07:00:00
36,blue-collar,married,secondary,no,3266,yes,no,cellular,21,nov,94,1,-1,0,unknown,no,2025-01-29 08:00:00
37,admin.,divorced,secondary,no,3834,yes,no,unknown,21,may,72,1,-1,0,unknown,no,2025-01-29 09:00:00
55,retired,married,secondary,no,0,no,no,cellular,4,aug,1110,1,-1,0,unknown,yes,2025-01-29 10:00:00
32,admin.,single,unknown,no,393,no,no,cellular,3,feb,169,2,-1,0,unknown,no,2025-01-29 11:00:00
48,blue-collar,married,primary,no,5366,yes,no,unknown,21,may,248,3,-1,0,unknown,no,2025-01-29 12:00:00
30,unemployed,single,secondary,no,2616,no,no,cellular,5,feb,301,1,-1,0,unknown,no,2025-01-29 13:00:00
58,technician,married,unknown,no,1617,yes,no,cellular,5,feb,109,4,274,2,failure,no,2025-01-29 14:00:00
52,services,married,secondary,no,2257,yes,no,telephone,18,nov,102,2,188,1,failure,no,2025-01-29 15:00:00
41,management,married,tertiary,no,615,yes,no,unknown,29,may,37,1,-1,0,unknown,no,2025-01-29 16:00:00
49,services,married,secondary,no,486,yes,yes,unknown,30,may,43,2,-1,0,unknown,no,2025-01-29 17:00:00
25,student,single,secondary,no,8,no,no,cellular,22,apr,107,2,-1,0,unknown,yes,2025-01-29 18:00:00
38,technician,single,secondary,no,50,no,no,cellular,29,aug,98,2,-1,0,unknown,no,2025-01-29 19:00:00
57,housemaid,single,secondary,no,254,no,no,cellular,8,oct,676,1,-1,0,unknown,no,2025-01-29 20:00:00
50,technician,married,tertiary,no,247,no,no,unknown,23,may,173,1,-1,0,unknown,no,2025-01-29 21:00:00
31,housemaid,single,secondary,no,1301,yes,no,unknown,16,may,69,15,-1,0,unknown,no,2025-01-29 22:00:00
34,technician,single,tertiary,no,1393,yes,no,cellular,15,apr,540,3,271,3,success,no,2025-01-29 23:00:00
46,management,single,tertiary,no,-867,yes,yes,unknown,21,may,222,5,-1,0,unknown,no,2025-01-30 00:00:00
22,technician,single,secondary,no,333,no,yes,telephone,12,nov,129,1,-1,0,unknown,no,2025-01-30 01:00:00
44,blue-collar,married,secondary,no,0,no,no,unknown,18,jun,26,7,-1,0,unknown,no,2025-01-30 02:00:00
49,management,married,tertiary,no,7007,no,no,cellular,17,nov,325,2,-1,0,unknown,no,2025-01-30 03:00:00
34,management,married,tertiary,no,0,no,no,cellular,18,aug,431,6,-1,0,unknown,no,2025-01-30 04:00:00
50,blue-collar,married,secondary,no,2719,yes,no,cellular,14,may,97,2,-1,0,unknown,no,2025-01-30 05:00:00
47,blue-collar,married,primary,no,1092,no,yes,unknown,30,may,41,8,-1,0,unknown,no,2025-01-30 06:00:00
36,technician,married,tertiary,no,606,yes,no,unknown,4,jun,159,1,-1,0,unknown,no,2025-01-30 07:00:00
26,technician,single,secondary,no,237,yes,no,cellular,4,may,1091,3,-1,0,unknown,yes,2025-01-30 08:00:00
48,management,married,tertiary,no,866,no,no,cellular,29,jan,146,2,-1,0,unknown,no,2025-01-30 09:00:00
37,technician,married,secondary,no,275,yes,no,unknown,5,may,132,1,-1,0,unknown,no,2025-01-30 10:00:00
30,services,married,secondary,no,357,yes,no,unknown,27,may,659,4,-1,0,unknown,no,2025-01-30 11:00:00
22,blue-collar,single,secondary,no,0,yes,no,unknown,5,may,179,2,-1,0,unknown,no,2025-01-30 12:00:00
34,management,single,tertiary,no,99,no,no,cellular,18,jul,70,1,-1,0,unknown,no,2025-01-30 13:00:00
41,management,married,tertiary,no,768,no,no,cellular,7,aug,229,3,-1,0,unknown,no,2025-01-30 14:00:00
38,management,single,tertiary,no,16957,yes,no,telephone,29,jan,208,1,247,2,failure,no,2025-01-30 15:00:00
36,student,single,secondary,no,904,no,no,unknown,20,jun,10,8,-1,0,unknown,no,2025-01-30 16:00:00
32,entrepreneur,single,tertiary,no,890,yes,yes,cellular,28,aug,27,10,-1,0,unknown,no,2025-01-30 17:00:00
43,services,married,primary,no,822,yes,no,unknown,16,may,112,1,-1,0,unknown,no,2025-01-30 18:00:00
53,technician,married,secondary,no,757,no,no,cellular,4,feb,20,5,-1,0,unknown,no,2025-01-30 19:00:00
45,housemaid,married,secondary,no,698,yes,no,unknown,17,jun,160,4,-1,0,unknown,no,2025-01-30 20:00:00
55,technician,single,tertiary,no,-528,no,no,cellular,28,jul,246,2,-1,0,unknown,no,2025-01-30 21:00:00
32,unemployed,married,secondary,no,262,no,no,cellular,29,jan,203,1,-1,0,unknown,no,2025-01-30 22:00:00
33,management,married,tertiary,no,5878,no,no,cellular,23,oct,438,1,430,2,failure,yes,2025-01-30 23:00:00
34,management,married,tertiary,no,417,yes,no,cellular,18,nov,138,1,-1,0,unknown,no,2025-01-31 00:00:00
39,admin.,married,secondary,no,179,no,no,unknown,6,sep,36,1,-1,0,unknown,no,2025-01-31 01:00:00
26,blue-collar,single,secondary,no,786,yes,yes,unknown,14,may,103,5,-1,0,unknown,no,2025-01-31 02:00:00
54,blue-collar,divorced,primary,no,2062,yes,no,unknown,14,may,438,2,-1,0,unknown,no,2025-01-31 03:00:00
49,self-employed,divorced,secondary,no,-478,yes,yes,cellular,20,nov,291,1,-1,0,unknown,no,2025-01-31 04:00:00
34,management,married,tertiary,no,188,no,no,cellular,5,may,399,1,-1,0,unknown,no,2025-01-31 05:00:00
29,technician,single,tertiary,no,865,no,no,cellular,17,may,248,3,243,1,failure,no,2025-01-31 06:00:00
60,services,married,tertiary,no,4256,yes,no,cellular,16,aug,239,3,761,1,other,yes,2025-01-31 07:00:00
42,admin.,divorced,secondary,no,154,yes,no,cellular,13,may,133,2,-1,0,unknown,no,2025-01-31 08:00:00
44,blue-collar,single,primary,no,343,yes,yes,cellular,18,may,19,7,-1,0,unknown,no,2025-01-31 09:00:00
26,technician,single,tertiary,no,822,no,no,telephone,3,feb,371,3,-1,0,unknown,no,2025-01-31 10:00:00
31,technician,single,tertiary,no,50,no,no,cellular,21,aug,794,1,-1,0,unknown,no,2025-01-31 11:00:00
32,blue-collar,married,secondary,no,34,yes,no,cellular,5,may,321,2,-1,0,unknown,no,2025-01-31 12:00:00
29,blue-collar,married,secondary,no,415,yes,no,cellular,11,may,128,3,-1,0,unknown,no,2025-01-31 13:00:00
34,services,married,secondary,no,457,yes,no,unknown,30,may,67,2,-1,0,unknown,no,2025-01-31 14:00:00
31,blue-collar,single,secondary,no,-343,no,yes,cellular,28,jul,120,4,-1,0,unknown,no,2025-01-31 15:00:00
53,blue-collar,married,primary,no,2144,yes,no,cellular,7,may,217,2,342,1,failure,no,2025-01-31 16:00:00
28,admin.,single,secondary,no,19,no,no,cellular,8,jul,78,4,-1,0,unknown,no,2025-01-31 17:00:00
35,management,single,tertiary,no,538,no,no,cellular,22,dec,410,3,165,2,other,yes,2025-01-31 18:00:00
69,retired,married,secondary,no,3588,yes,no,cellular,10,dec,429,1,-1,0,unknown,yes,2025-01-31 19:00:00
47,self-employed,married,tertiary,no,1245,no,no,cellular,26,aug,17,15,-1,0,unknown,no,2025-01-31 20:00:00
59,technician,married,tertiary,no,6573,yes,no,telephone,10,nov,4918,1,-1,0,unknown,no,2025-01-31 21:00:00
34,technician,married,secondary,no,118,yes,no,cellular,18,may,53,4,262,2,failure,no,2025-01-31 22:00:00
55,services,married,secondary,no,1150,no,yes,cellular,23,jul,218,3,-1,0,unknown,no,2025-01-31 23:00:00
44,entrepreneur,married,tertiary,no,624,no,no,telephone,14,aug,552,2,-1,0,unknown,yes,2025-02-01 00:00:00
46,technician,married,unknown,no,3914,yes,no,cellular,30,apr,247,1,-1,0,unknown,no,2025-02-01 01:00:00
28,services,single,secondary,no,2921,yes,no,unknown,28,may,136,1,-1,0,unknown,no,2025-02-01 02:00:00
33,blue-collar,single,secondary,no,231,yes,no,unknown,2,jun,466,1,-1,0,unknown,no,2025-02-01 03:00:00
47,services,married,unknown,no,1229,no,yes,cellular,21,jul,89,20,-1,0,unknown,no,2025-02-01 04:00:00
31,admin.,married,tertiary,no,80,yes,yes,cellular,13,oct,63,1,-1,0,unknown,no,2025-02-01 05:00:00
38,management,single,tertiary,no,38,no,no,cellular,20,aug,105,2,-1,0,unknown,no,2025-02-01 06:00:00
37,management,married,secondary,no,209,no,no,cellular,14,oct,183,3,528,7,unknown,no,2025-02-01 07:00:00
58,unemployed,married,secondary,no,1625,no,no,cellular,5,feb,286,2,-1,0,unknown,yes,2025-02-01 08:00:00
56,blue-collar,married,primary,no,0,no,no,cellular,7,aug,152,6,-1,0,unknown,no,2025-02-01 09:00:00
70,retired,married,secondary,no,1024,no,no,cellular,17,apr,278,1,-1,0,unknown,no,2025-02-01 10:00:00
40,management,divorced,secondary,no,108,no,no,cellular,9,feb,10,6,-1,0,unknown,no,2025-02-01 11:00:00
28,services,single,secondary,no,373,yes,no,cellular,18,may,115,2,-1,0,unknown,no,2025-02-01 12:00:00
41,blue-collar,married,secondary,no,59,yes,no,unknown,15,may,75,8,-1,0,unknown,no,2025-02-01 13:00:00
31,blue-collar,single,secondary,no,39,yes,no,cellular,15,may,123,5,-1,0,unknown,no,2025-02-01 14:00:00
49,services,married,secondary,no,4300,yes,yes,cellular,8,may,134,1,256,6,failure,no,2025-02-01 15:00:00
31,admin.,married,secondary,no,62,no,no,cellular,17,apr,346,2,-1,0,unknown,no,2025-02-01 16:00:00
25,student,single,secondary,no,2354,no,no,cellular,30,apr,149,1,84,7,success,no,2025-02-01 17:00:00
34,blue-collar,single,tertiary,no,42,no,no,cellular,5,aug,297,1,-1,0,unknown,no,2025-02-01 18:00:00
26,blue-collar,single,primary,no,93,yes,no,cellular,14,may,43,3,-1,0,unknown,no,2025-02-01 19:00:00
48,entrepreneur,divorced,tertiary,no,3520,yes,no,cellular,20,nov,73,4,-1,0,unknown,no,2025-02-01 20:00:00
43,services,married,secondary,no,-392,no,yes,cellular,8,jul,185,1,-1,0,unknown,no,2025-02-01 21:00:00
52,blue-collar,married,secondary,no,-397,no,yes,cellular,4,aug,151,1,-1,0,unknown,no,2025-02-01 22:00:00
31,management,single,tertiary,no,4533,no,no,cellular,14,jun,262,3,98,3,other,no,2025-02-01 23:00:00
27,services,married,secondary,no,891,yes,no,cellular,18,jul,240,1,-1,0,unknown,no,2025-02-02 00:00:00
46,management,divorced,tertiary,no,0,no,no,cellular,20,aug,50,2,-1,0,unknown,no,2025-02-02 01:00:00
31,management,single,tertiary,no,623,no,no,cellular,4,jun,117,1,-1,0,unknown,no,2025-02-02 02:00:00
38,admin.,divorced,secondary,no,19,yes,no,unknown,30,may,604,2,-1,0,unknown,yes,2025-02-02 03:00:00
59,housemaid,married,primary,no,182,no,no,cellular,30,apr,92,1,86,1,failure,no,2025-02-02 04:00:00
37,blue-collar,married,primary,no,223,yes,no,cellular,7,may,569,1,297,3,failure,no,2025-02-02 05:00:00
45,self-employed,married,secondary,no,140,yes,no,cellular,6,aug,192,3,-1,0,unknown,no,2025-02-02 06:00:00
28,management,single,tertiary,no,678,no,yes,cellular,4,may,115,3,-1,0,unknown,no,2025-02-02 07:00:00
31,services,married,secondary,no,182,no,no,cellular,20,aug,231,2,-1,0,unknown,no,2025-02-02 08:00:00
43,services,married,secondary,no,978,yes,yes,unknown,26,may,82,2,-1,0,unknown,no,2025-02-02 09:00:00
51,unemployed,married,tertiary,no,174,no,yes,cellular,11,jul,222,7,-1,0,unknown,no,2025-02-02 10:00:00
27,technician,single,secondary,no,487,yes,no,cellular,23,jul,319,1,-1,0,unknown,no,2025-02-02 11:00:00
41,management,single,tertiary,no,7595,no,no,cellular,17,nov,1121,2,-1,0,unknown,no,2025-02-02 12:00:00
44,entrepreneur,married,secondary,no,887,yes,no,cellular,17,apr,519,1,14,2,failure,no,2025-02-02 13:00:00
36,technician,married,secondary,no,3763,yes,no,unknown,20,may,83,1,-1,0,unknown,no,2025-02-02 14:00:00
34,technician,divorced,primary,no,3744,yes,no,unknown,21,may,489,2,-1,0,unknown,no,2025-02-02 15:00:00
33,management,married,tertiary,no,594,yes,yes,cellular,9,feb,21,5,-1,0,unknown,no,2025-02-02 16:00:00
38,services,single,secondary,no,36,yes,no,unknown,19,may,143,1,-1,0,unknown,no,2025-02-02 17:00:00
57,services,married,secondary,no,1556,yes,no,cellular,20,nov,340,1,-1,0,unknown,no,2025-02-02 18:00:00
30,technician,single,secondary,no,133,yes,no,cellular,29,jan,113,2,-1,0,unknown,no,2025-02-02 19:00:00
55,blue-collar,married,secondary,no,660,no,no,unknown,5,jun,348,1,-1,0,unknown,no,2025-02-02 20:00:00
36,services,divorced,secondary,no,-330,yes,yes,unknown,27,may,207,2,-1,0,unknown,no,2025-02-02 21:00:00
44,management,married,unknown,no,187,yes,no,unknown,7,may,185,1,-1,0,unknown,no,2025-02-02 22:00:00
51,housemaid,married,primary,no,137,no,no,cellular,14,aug,169,2,-1,0,unknown,no,2025-02-02 23:00:00
39,management,single,tertiary,no,816,yes,no,cellular,27,aug,37,3,-1,0,unknown,no,2025-02-03 00:00:00
51,self-employed,married,tertiary,no,833,no,no,cellular,31,jul,77,3,-1,0,unknown,no,2025-02-03 01:00:00
43,blue-collar,single,primary,no,181,yes,no,cellular,7,may,174,1,343,2,failure,no,2025-02-03 02:00:00
42,self-employed,divorced,secondary,no,484,yes,no,cellular,17,jul,277,3,-1,0,unknown,no,2025-02-03 03:00:00
35,admin.,single,secondary,no,182,yes,no,unknown,3,jun,117,1,-1,0,unknown,no,2025-02-03 04:00:00
47,services,single,unknown,no,1784,no,no,cellular,19,oct,385,2,-1,0,unknown,yes,2025-02-03 05:00:00
33,management,married,tertiary,no,81,yes,no,cellular,22,may,104,1,186,1,failure,no,2025-02-03 06:00:00
28,admin.,married,secondary,no,1428,yes,no,cellular,16,apr,495,1,-1,0,unknown,no,2025-02-03 07:00:00
49,admin.,married,secondary,no,0,no,no,cellular,1,jun,1460,1,-1,0,unknown,yes,2025-02-03 08:00:00
48,blue-collar,divorced,primary,no,0,no,no,cellular,11,jul,324,2,-1,0,unknown,no,2025-02-03 09:00:00
30,technician,single,secondary,no,5,no,no,cellular,19,aug,120,6,-1,0,unknown,no,2025-02-03 10:00:00
39,admin.,divorced,tertiary,no,1176,no,no,cellular,22,feb,327,1,-1,0,unknown,no,2025-02-03 11:00:00
28,services,single,secondary,no,5090,yes,no,unknown,6,may,1297,3,-1,0,unknown,yes,2025-02-03 12:00:00
53,services,divorced,secondary,yes,0,no,yes,unknown,3,jul,172,10,-1,0,unknown,no,2025-02-03 13:00:00
38,technician,married,secondary,no,257,no,no,cellular,26,aug,57,10,-1,0,unknown,no,2025-02-03 14:00:00
37,blue-collar,single,secondary,no,115,yes,no,unknown,12,may,74,1,-1,0,unknown,no,2025-02-03 15:00:00
32,blue-collar,single,secondary,no,217,yes,no,cellular,15,may,692,3,-1,0,unknown,yes,2025-02-03 16:00:00
33,management,single,tertiary,no,215,yes,no,cellular,27,mar,101,1,-1,0,unknown,no,2025-02-03 17:00:00
53,blue-collar,married,unknown,no,0,no,no,cellular,21,aug,150,2,-1,0,unknown,no,2025-02-03 18:00:00
60,management,divorced,primary,no,2694,no,no,telephone,6,jul,295,1,-1,0,unknown,no,2025-02-03 19:00:00
31,services,single,secondary,no,78,yes,yes,cellular,7,jul,104,1,-1,0,unknown,no,2025-02-03 20:00:00
37,unemployed,single,tertiary,no,1291,no,no,cellular,5,aug,150,1,97,2,success,yes,2025-02-03 21:00:00
51,management,divorced,tertiary,no,318,yes,no,cellular,6,may,102,2,355,2,failure,no,2025-02-03 22:00:00
32,blue-collar,single,primary,no,1959,no,no,cellular,20,nov,348,3,-1,0,unknown,no,2025-02-03 23:00:00
42,entrepreneur,married,tertiary,no,0,no,no,cellular,9,jul,236,1,-1,0,unknown,no,2025-02-04 00:00:00
39,blue-collar,married,secondary,no,98,no,no,cellular,31,jul,119,1,-1,0,unknown,no,2025-02-04 01:00:00
30,blue-collar,married,primary,no,4,yes,no,unknown,8,may,32,2,-1,0,unknown,no,2025-02-04 02:00:00
44,blue-collar,married,secondary,no,17,yes,no,unknown,19,jun,153,14,-1,0,unknown,no,2025-02-04 03:00:00
33,blue-collar,single,secondary,no,13494,yes,no,unknown,20,jun,27,25,-1,0,unknown,no,2025-02-04 04:00:00
36,blue-collar,married,secondary,no,0,yes,yes,cellular,20,apr,240,1,326,1,success,no,2025-02-04 05:00:00
31,admin.,single,tertiary,no,-218,yes,no,unknown,2,jun,227,15,-1,0,unknown,no,2025-02-04 06:00:00
38,management,married,secondary,no,242,no,no,cellular,17,nov,88,2,-1,0,unknown,no,2025-02-04 07:00:00
32,technician,single,tertiary,no,1150,no,no,cellular,8,aug,31,2,-1,0,unknown,no,2025-02-04 08:00:00
42,services,married,secondary,no,3689,yes,no,unknown,3,jun,363,1,-1,0,unknown,no,2025-02-04 09:00:00
45,entrepreneur,married,tertiary,no,20138,yes,no,cellular,20,nov,871,5,-1,0,unknown,yes,2025-02-04 10:00:00
27,services,married,secondary,no,834,no,no,cellular,29,jan,265,2,-1,0,unknown,no,2025-02-04 11:00:00
58,retired,married,secondary,no,168,no,no,cellular,20,aug,183,4,-1,0,unknown,no,2025-02-04 12:00:00
41,technician,married,secondary,no,-215,no,yes,cellular,10,jul,277,1,-1,0,unknown,no,2025-02-04 13:00:00
37,management,married,tertiary,no,21,yes,no,cellular,5,feb,89,2,252,2,failure,no,2025-02-04 14:00:00
31,services,divorced,secondary,no,81,yes,no,cellular,16,apr,139,1,-1,0,unknown,no,2025-02-04 15:00:00
29,student,single,unknown,no,7585,no,no,cellular,3,mar,145,2,198,1,failure,yes,2025-02-04 16:00:00
27,technician,married,tertiary,no,13,yes,no,telephone,6,feb,24,5,-1,0,unknown,no,2025-02-04 17:00:00
38,services,married,tertiary,no,1018,no,no,unknown,16,jun,325,3,-1,0,unknown,no,2025-02-04 18:00:00
54,management,divorced,secondary,no,300,yes,no,cellular,20,nov,562,2,-1,0,unknown,yes,2025-02-04 19:00:00
33,blue-collar,married,secondary,no,-45,yes,no,unknown,26,may,240,2,-1,0,unknown,no,2025-02-04 20:00:00
33,blue-collar,married,secondary,no,1464,yes,no,unknown,23,may,588,3,-1,0,unknown,yes,2025-02-04 21:00:00
33,blue-collar,single,tertiary,no,3446,yes,no,cellular,28,apr,83,2,-1,0,unknown,no,2025-02-04 22:00:00
71,retired,married,secondary,no,1998,no,no,cellular,23,jun,201,1,-1,0,unknown,no,2025-02-04 23:00:00
58,blue-collar,married,unknown,no,703,no,no,unknown,20,jun,37,3,-1,0,unknown,no,2025-02-05 00:00:00
58,blue-collar,married,secondary,no,381,no,no,cellular,11,nov,79,4,-1,0,unknown,no,2025-02-05 01:00:00
39,management,divorced,primary,no,516,yes,no,cellular,8,may,207,2,-1,0,unknown,no,2025-02-05 02:00:00
31,technician,single,tertiary,no,236,yes,no,cellular,30,jan,200,1,259,1,failure,no,2025-02-05 03:00:00
59,management,married,tertiary,no,3342,no,no,cellular,18,mar,467,2,188,6,other,yes,2025-02-05 04:00:00
60,retired,married,primary,no,115,no,no,cellular,11,aug,82,2,-1,0,unknown,no,2025-02-05 05:00:00
26,student,single,tertiary,no,255,no,no,cellular,26,may,264,2,-1,0,unknown,no,2025-02-05 06:00:00
46,admin.,married,secondary,no,664,no,no,cellular,5,aug,295,2,-1,0,unknown,no,2025-02-05 07:00:00
40,admin.,divorced,secondary,no,1967,yes,no,unknown,11,jun,363,1,-1,0,unknown,no,2025-02-05 08:00:00
52,management,single,tertiary,no,5728,yes,no,cellular,21,nov,79,3,-1,0,unknown,no,2025-02-05 09:00:00
34,services,single,secondary,no,-96,yes,no,unknown,2,jun,269,3,-1,0,unknown,no,2025-02-05 10:00:00
25,blue-collar,single,secondary,no,-2,no,yes,cellular,23,jul,273,2,-1,0,unknown,no,2025-02-05 11:00:00
53,management,married,tertiary,no,1343,no,no,cellular,5,aug,129,4,-1,0,unknown,no,2025-02-05 12:00:00
54,technician,married,secondary,no,10185,no,no,cellular,10,aug,559,1,70,2,other,yes,2025-02-05 13:00:00
34,management,married,tertiary,no,1036,yes,no,cellular,19,nov,54,7,-1,0,unknown,no,2025-02-05 14:00:00
31,management,single,tertiary,no,730,no,no,cellular,27,aug,108,6,-1,0,unknown,no,2025-02-05 15:00:00
44,admin.,divorced,secondary,no,145,no,yes,telephone,9,jul,672,6,-1,0,unknown,no,2025-02-05 16:00:00
32,management,single,tertiary,no,316,yes,no,cellular,29,jan,215,3,-1,0,unknown,no,2025-02-05 17:00:00
31,technician,married,tertiary,no,11,no,no,cellular,27,aug,651,2,-1,0,unknown,no,2025-02-05 18:00:00
33,management,single,tertiary,no,1956,no,no,telephone,8,nov,76,1,-1,0,unknown,no,2025-02-05 19:00:00
28,blue-collar,married,secondary,no,1687,yes,no,cellular,20,apr,121,2,-1,0,unknown,no,2025-02-05 20:00:00
34,entrepreneur,married,tertiary,no,7962,yes,no,cellular,20,nov,96,2,-1,0,unknown,no,2025-02-05 21:00:00
34,management,married,tertiary,no,4131,yes,no,unknown,27,may,172,7,-1,0,unknown,no,2025-02-05 22:00:00
26,admin.,single,secondary,no,766,no,no,cellular,15,oct,457,2,-1,0,unknown,yes,2025-02-05 23:00:00
27,services,single,secondary,no,118,yes,yes,unknown,12,may,53,1,-1,0,unknown,no,2025-02-06 00:00:00
51,blue-collar,married,primary,no,0,no,no,cellular,7,aug,228,6,-1,0,unknown,no,2025-02-06 01:00:00
58,management,married,tertiary,no,1384,yes,no,cellular,27,mar,342,1,-1,0,unknown,yes,2025-02-06 02:00:00
41,blue-collar,divorced,secondary,no,793,yes,no,cellular,15,may,123,1,365,1,failure,no,2025-02-06 03:00:00
37,technician,married,secondary,no,261,no,no,cellular,29,aug,301,4,-1,0,unknown,no,2025-02-06 04:00:00
44,blue-collar,married,primary,no,23,yes,no,unknown,13,may,135,1,-1,0,unknown,no,2025-02-06 05:00:00
55,services,married,secondary,no,244,yes,no,cellular,8,may,171,1,-1,0,unknown,no,2025-02-06 06:00:00
28,entrepreneur,married,secondary,no,8,yes,no,unknown,27,may,1297,1,-1,0,unknown,no,2025-02-06 07:00:00
27,technician,single,secondary,no,598,yes,no,cellular,18,may,309,2,-1,0,unknown,no,2025-02-06 08:00:00
47,management,married,tertiary,no,2306,no,no,telephone,6,aug,239,4,-1,0,unknown,yes,2025-02-06 09:00:00
50,technician,married,primary,no,139,no,no,unknown,5,may,114,2,-1,0,unknown,no,2025-02-06 10:00:00
56,blue-collar,married,secondary,no,300,no,no,cellular,20,aug,184,3,-1,0,unknown,no,2025-02-06 11:00:00
33,management,single,tertiary,no,641,yes,no,cellular,4,feb,147,1,253,7,other,no,2025-02-06 12:00:00
55,blue-collar,married,unknown,no,196,no,no,cellular,21,aug,168,2,-1,0,unknown,no,2025-02-06 13:00:00
40,blue-collar,married,primary,no,-476,yes,no,unknown,30,may,105,2,-1,0,unknown,no,2025-02-06 14:00:00
33,admin.,married,secondary,no,51,yes,yes,cellular,25,oct,253,1,284,3,success,yes,2025-02-06 15:00:00
70,retired,married,secondary,no,6422,no,no,cellular,10,mar,122,1,-1,0,unknown,yes,2025-02-06 16:00:00
35,self-employed,divorced,tertiary,no,1354,yes,no,unknown,23,may,736,2,-1,0,unknown,yes,2025-02-06 17:00:00
30,admin.,married,secondary,no,692,yes,no,cellular,11,may,290,1,-1,0,unknown,no,2025-02-06 18:00:00
30,management,single,tertiary,no,5074,yes,no,cellular,25,jul,153,2,-1,0,unknown,no,2025-02-06 19:00:00
56,management,married,secondary,no,1560,yes,no,cellular,9,jul,89,1,-1,0,unknown,no,2025-02-06 20:00:00
22,technician,single,secondary,no,356,yes,no,unknown,27,may,518,2,-1,0,unknown,no,2025-02-06 21:00:00
55,blue-collar,married,secondary,no,754,no,no,cellular,2,feb,218,3,-1,0,unknown,no,2025-02-06 22:00:00
58,technician,married,secondary,no,86,no,no,cellular,30,jul,95,3,-1,0,unknown,no,2025-02-06 23:00:00
39,technician,single,secondary,no,2,yes,yes,telephone,31,jul,14,29,-1,0,unknown,no,2025-02-07 00:00:00
42,management,married,tertiary,yes,0,yes,no,cellular,4,feb,358,2,-1,0,unknown,no,2025-02-07 01:00:00
35,technician,single,unknown,no,726,yes,no,cellular,5,may,163,1,-1,0,unknown,no,2025-02-07 02:00:00
33,technician,single,secondary,no,1500,no,no,cellular,7,aug,133,4,-1,0,unknown,no,2025-02-07 03:00:00
29,admin.,divorced,secondary,no,120,no,yes,cellular,3,feb,197,1,-1,0,unknown,no,2025-02-07 04:00:00
46,housemaid,single,primary,no,10889,no,no,cellular,19,oct,167,3,-1,0,unknown,no,2025-02-07 05:00:00
55,retired,divorced,tertiary,no,0,no,no,cellular,18,may,616,1,370,1,success,yes,2025-02-07 06:00:00
29,blue-collar,single,secondary,no,353,yes,no,unknown,4,jun,184,1,-1,0,unknown,no,2025-02-07 07:00:00
33,services,single,secondary,no,0,yes,no,unknown,20,may,134,3,-1,0,unknown,no,2025-02-07 08:00:00
26,admin.,single,secondary,no,0,yes,no,cellular,13,may,204,3,-1,0,unknown,no,2025-02-07 09:00:00
25,student,single,tertiary,no,58,no,no,cellular,24,jul,139,5,-1,0,unknown,yes,2025-02-07 10:00:00
50,entrepreneur,married,tertiary,no,-168,yes,no,cellular,23,jul,1327,2,-1,0,unknown,yes,2025-02-07 11:00:00
51,technician,married,secondary,no,2242,no,no,cellular,18,aug,498,3,-1,0,unknown,no,2025-02-07 12:00:00
48,blue-collar,married,primary,no,0,no,no,unknown,17,jun,104,2,-1,0,unknown,no,2025-02-07 13:00:00
35,technician,married,secondary,no,513,yes,no,cellular,18,jul,377,1,-1,0,unknown,no,2025-02-07 14:00:00
34,admin.,divorced,secondary,no,25,no,no,cellular,11,jul,666,2,-1,0,unknown,no,2025-02-07 15:00:00
46,technician,married,secondary,no,1590,yes,no,cellular,15,jul,59,2,-1,0,unknown,no,2025-02-07 16:00:00
42,technician,single,secondary,no,275,no,no,cellular,29,jul,522,3,-1,0,unknown,no,2025-02-07 17:00:00
44,management,married,tertiary,no,677,yes,no,unknown,12,jun,130,2,-1,0,unknown,no,2025-02-07 18:00:00
37,blue-collar,single,primary,no,117,yes,no,unknown,16,may,196,3,-1,0,unknown,no,2025-02-07 19:00:00
43,management,married,tertiary,no,0,no,no,cellular,2,feb,319,2,-1,0,unknown,no,2025-02-07 20:00:00
42,blue-collar,married,secondary,no,1297,yes,no,cellular,3,apr,697,2,-1,0,unknown,no,2025-02-07 21:00:00
34,technician,divorced,tertiary,no,1317,yes,no,cellular,15,may,239,1,-1,0,unknown,no,2025-02-07 22:00:00
31,management,single,tertiary,no,2,no,no,cellular,8,aug,848,1,-1,0,unknown,yes,2025-02-07 23:00:00
53,entrepreneur,single,unknown,no,717,no,no,cellular,30,jul,594,2,-1,0,unknown,no,2025-02-08 00:00:00
29,admin.,single,tertiary,no,135,no,no,cellular,7,dec,248,1,-1,0,unknown,no,2025-02-08 01:00:00
36,management,married,tertiary,no,549,yes,no,cellular,17,apr,151,4,150,2,failure,no,2025-02-08 02:00:00
32,technician,married,secondary,no,212,yes,no,cellular,11,aug,98,2,-1,0,unknown,no,2025-02-08 03:00:00
41,blue-collar,married,secondary,no,926,yes,no,cellular,11,may,306,2,347,1,other,no,2025-02-08 04:00:00
27,technician,single,secondary,no,-646,yes,no,cellular,25,jul,135,8,-1,0,unknown,no,2025-02-08 05:00:00
58,entrepreneur,married,primary,no,52499,no,no,unknown,6,jun,198,2,-1,0,unknown,no,2025-02-08 06:00:00
27,management,single,secondary,no,843,no,no,cellular,12,jul,123,2,185,1,success,no,2025-02-08 07:00:00
40,technician,married,primary,no,644,yes,no,cellular,16,apr,118,2,336,1,failure,no,2025-02-08 08:00:00
44,technician,married,secondary,no,608,no,no,cellular,26,aug,128,2,-1,0,unknown,no,2025-02-08 09:00:00
35,admin.,single,tertiary,no,170,no,no,unknown,12,jul,12,1,-1,0,unknown,no,2025-02-08 10:00:00
57,services,single,secondary,no,0,no,no,cellular,6,aug,355,1,-1,0,unknown,yes,2025-02-08 11:00:00
58,admin.,married,secondary,no,855,no,no,cellular,14,aug,81,2,-1,0,unknown,no,2025-02-08 12:00:00
42,self-employed,married,tertiary,no,-266,no,yes,unknown,25,jun,322,1,-1,0,unknown,no,2025-02-08 13:00:00
48,blue-collar,married,secondary,no,558,yes,no,telephone,5,feb,708,8,-1,0,unknown,no,2025-02-08 14:00:00
50,management,married,tertiary,no,463,no,yes,cellular,17,nov,141,3,-1,0,unknown,no,2025-02-08 15:00:00
30,blue-collar,single,secondary,no,931,yes,no,unknown,30,may,65,7,-1,0,unknown,no,2025-02-08 16:00:00
44,technician,married,secondary,no,2857,no,no,cellular,5,aug,318,2,-1,0,unknown,no,2025-02-08 17:00:00
29,technician,single,secondary,no,382,no,no,cellular,5,aug,409,4,-1,0,unknown,yes,2025-02-08 18:00:00
36,technician,single,secondary,no,376,no,no,cellular,13,aug,479,1,-1,0,unknown,yes,2025-02-08 19:00:00
45,unemployed,divorced,secondary,no,728,yes,yes,cellular,6,may,156,2,169,1,failure,no,2025-02-08 20:00:00
42,self-employed,married,secondary,no,0,no,no,cellular,14,aug,277,4,-1,0,unknown,no,2025-02-08 21:00:00
42,management,married,tertiary,no,298,no,no,cellular,8,jul,214,4,115,6,failure,no,2025-02-08 22:00:00
28,admin.,single,secondary,no,177,yes,yes,cellular,6,may,150,1,-1,0,unknown,no,2025-02-08 23:00:00
32,blue-collar,single,secondary,no,760,yes,no,cellular,16,apr,445,1,148,2,other,no,2025-02-09 00:00:00
38,admin.,single,unknown,no,31,no,no,cellular,20,apr,59,3,-1,0,unknown,no,2025-02-09 01:00:00
33,technician,single,tertiary,no,125,no,no,telephone,29,aug,66,2,-1,0,unknown,no,2025-02-09 02:00:00
34,technician,divorced,secondary,no,7,yes,yes,cellular,21,nov,94,2,199,1,failure,no,2025-02-09 03:00:00
30,technician,married,secondary,no,2107,no,no,cellular,4,may,23,5,-1,0,unknown,no,2025-02-09 04:00:00
41,management,married,tertiary,no,-499,no,no,cellular,31,jul,21,17,-1,0,unknown,no,2025-02-09 05:00:00
51,management,single,tertiary,no,2139,no,no,cellular,17,nov,176,2,-1,0,unknown,no,2025-02-09 06:00:00
40,entrepreneur,divorced,tertiary,no,1225,yes,no,cellular,11,jul,919,2,-1,0,unknown,no,2025-02-09 07:00:00
36,admin.,single,secondary,no,810,yes,no,unknown,17,jun,296,1,-1,0,unknown,no,2025-02-09 08:00:00
29,self-employed,married,tertiary,no,242,yes,no,cellular,18,jul,73,4,-1,0,unknown,no,2025-02-09 09:00:00
54,technician,married,secondary,no,472,yes,yes,unknown,17,nov,229,2,150,1,failure,no,2025-02-09 10:00:00
30,services,married,secondary,no,253,yes,no,cellular,5,may,235,2,-1,0,unknown,no,2025-02-09 11:00:00
43,admin.,single,secondary,no,1119,no,no,telephone,22,jul,119,2,-1,0,unknown,no,2025-02-09 12:00:00
35,technician,married,secondary,no,-288,yes,yes,cellular,30,apr,126,3,-1,0,unknown,no,2025-02-09 13:00:00
27,admin.,single,secondary,no,255,no,no,cellular,12,feb,123,1,182,4,success,no,2025-02-09 14:00:00
79,retired,married,primary,no,3481,no,no,telephone,17,apr,82,4,-1,0,unknown,no,2025-02-09 15:00:00
26,technician,single,secondary,no,626,yes,no,cellular,15,may,412,2,-1,0,unknown,no,2025-02-09 16:00:00
48,unemployed,married,primary,no,9622,no,no,cellular,12,aug,787,6,-1,0,unknown,no,2025-02-09 17:00:00
46,technician,married,secondary,no,1740,yes,no,cellular,11,may,333,1,-1,0,unknown,no,2025-02-09 18:00:00
53,management,married,tertiary,no,1356,yes,no,cellular,5,aug,397,2,93,2,failure,no,2025-02-09 19:00:00
37,technician,married,secondary,no,720,yes,no,cellular,14,may,365,6,36,3,failure,no,2025-02-09 20:00:00
26,entrepreneur,single,secondary,no,101,yes,no,unknown,13,may,723,1,-1,0,unknown,no,2025-02-09 21:00:00
60,entrepreneur,married,secondary,no,2525,yes,no,unknown,2,jun,94,4,-1,0,unknown,no,2025-02-09 22:00:00
41,services,married,secondary,no,6618,yes,no,unknown,4,jul,104,1,-1,0,unknown,no,2025-02-09 23:00:00
43,unknown,single,unknown,no,181,no,no,telephone,28,jan,41,1,-1,0,unknown,no,2025-02-10 00:00:00
45,blue-collar,married,primary,no,1291,yes,no,cellular,28,aug,189,17,-1,0,unknown,no,2025-02-10 01:00:00
38,unemployed,married,primary,no,338,no,no,unknown,19,jun,219,2,-1,0,unknown,no,2025-02-10 02:00:00
57,retired,single,secondary,no,630,no,no,unknown,19,jun,276,1,-1,0,unknown,no,2025-02-10 03:00:00
37,self-employed,married,tertiary,no,11387,no,no,cellular,14,jan,153,1,225,2,other,no,2025-02-10 04:00:00
26,blue-collar,single,secondary,no,4146,no,no,cellular,17,jul,628,1,-1,0,unknown,no,2025-02-10 05:00:00
30,services,married,secondary,no,33,no,no,cellular,18,nov,36,1,-1,0,unknown,no,2025-02-10 06:00:00
37,management,married,tertiary,no,785,yes,no,cellular,17,nov,219,2,-1,0,unknown,no,2025-02-10 07:00:00
31,technician,divorced,secondary,no,304,no,no,cellular,2,feb,133,2,-1,0,unknown,no,2025-02-10 08:00:00
55,blue-collar,divorced,secondary,no,1613,yes,no,cellular,3,apr,296,1,270,3,failure,yes,2025-02-10 09:00:00
51,technician,divorced,secondary,no,1096,no,no,cellular,3,feb,138,1,-1,0,unknown,no,2025-02-10 10:00:00
32,management,married,tertiary,no,937,no,no,unknown,17,nov,76,1,-1,0,unknown,no,2025-02-10 11:00:00
24,admin.,single,secondary,no,753,yes,no,cellular,30,mar,259,15,-1,0,unknown,no,2025-02-10 12:00:00
45,blue-collar,married,primary,no,658,yes,no,telephone,20,apr,406,3,270,2,failure,no,2025-02-10 13:00:00
25,services,single,secondary,no,3856,yes,no,unknown,20,jun,16,28,-1,0,unknown,no,2025-02-10 14:00:00
34,self-employed,single,secondary,no,55,yes,no,cellular,18,may,155,1,-1,0,unknown,no,2025-02-10 15:00:00
29,admin.,single,secondary,no,1277,no,no,cellular,20,jul,165,2,481,1,success,yes,2025-02-10 16:00:00
36,blue-collar,married,secondary,no,2627,yes,no,unknown,18,jun,94,1,-1,0,unknown,no,2025-02-10 17:00:00
51,blue-collar,married,secondary,no,598,yes,no,telephone,18,jul,53,4,-1,0,unknown,no,2025-02-10 18:00:00
28,student,single,tertiary,no,1096,no,no,cellular,28,jan,81,2,-1,0,unknown,no,2025-02-10 19:00:00
34,blue-collar,single,secondary,no,79,no,yes,cellular,20,nov,104,1,-1,0,unknown,no,2025-02-10 20:00:00
54,admin.,divorced,secondary,no,912,yes,no,unknown,19,may,258,1,-1,0,unknown,no,2025-02-10 21:00:00
51,management,married,tertiary,no,656,yes,no,cellular,25,jul,268,2,-1,0,unknown,no,2025-02-10 22:00:00
48,admin.,married,secondary,no,292,yes,yes,cellular,29,jul,164,6,-1,0,unknown,no,2025-02-10 23:00:00
30,management,married,tertiary,no,1077,no,no,cellular,9,dec,124,1,-1,0,unknown,no,2025-02-11 00:00:00
26,self-employed,married,tertiary,no,10005,yes,no,cellular,17,jul,84,2,-1,0,unknown,no,2025-02-11 01:00:00
49,management,married,tertiary,no,6493,yes,no,telephone,17,nov,180,1,-1,0,unknown,no,2025-02-11 02:00:00
31,services,married,secondary,yes,29,no,no,cellular,21,nov,240,3,-1,0,unknown,no,2025-02-11 03:00:00
27,blue-collar,married,secondary,no,1,yes,no,cellular,17,jul,259,1,-1,0,unknown,no,2025-02-11 04:00:00
44,management,married,tertiary,no,0,yes,no,cellular,20,aug,141,3,-1,0,unknown,no,2025-02-11 05:00:00
52,management,married,tertiary,no,3163,no,no,cellular,25,aug,56,6,-1,0,unknown,no,2025-02-11 06:00:00
29,entrepreneur,single,primary,no,97,yes,no,cellular,29,jan,200,1,-1,0,unknown,no,2025-02-11 07:00:00
29,blue-collar,married,primary,no,0,yes,no,unknown,13,may,53,1,-1,0,unknown,no,2025-02-11 08:00:00
34,blue-collar,single,secondary,no,869,no,no,cellular,31,aug,89,1,-1,0,unknown,no,2025-02-11 09:00:00
48,technician,married,secondary,no,302,yes,no,unknown,26,may,208,3,-1,0,unknown,no,2025-02-11 10:00:00
32,admin.,married,secondary,no,-370,yes,no,unknown,27,may,98,1,-1,0,unknown,no,2025-02-11 11:00:00
44,management,married,tertiary,no,149,yes,no,cellular,29,jan,507,1,220,2,success,no,2025-02-11 12:00:00
54,management,married,tertiary,no,11246,no,no,cellular,19,nov,122,2,-1,0,unknown,no,2025-02-11 13:00:00
37,housemaid,married,primary,no,94,yes,no,cellular,20,apr,114,2,-1,0,unknown,no,2025-02-11 14:00:00
31,admin.,single,secondary,no,358,yes,no,unknown,15,may,124,2,-1,0,unknown,no,2025-02-11 15:00:00
51,housemaid,married,primary,no,339,no,no,cellular,4,sep,313,1,-1,0,unknown,no,2025-02-11 16:00:00
57,management,married,unknown,no,0,no,no,cellular,30,sep,585,1,-1,0,unknown,no,2025-02-11 17:00:00
45,blue-collar,married,unknown,no,349,yes,no,cellular,17,apr,179,2,336,2,other,no,2025-02-11 18:00:00
52,management,divorced,secondary,no,-607,yes,no,cellular,13,may,449,6,-1,0,unknown,no,2025-02-11 19:00:00
43,management,married,tertiary,no,228,yes,no,cellular,26,may,55,1,113,1,failure,no,2025-02-11 20:00:00
43,unemployed,married,primary,no,9262,yes,no,cellular,6,may,45,1,-1,0,unknown,no,2025-02-11 21:00:00
35,management,divorced,tertiary,no,788,yes,no,unknown,7,may,297,3,-1,0,unknown,no,2025-02-11 22:00:00
46,blue-collar,married,secondary,no,0,yes,no,unknown,26,may,208,2,-1,0,unknown,no,2025-02-11 23:00:00
36,management,married,tertiary,no,3770,yes,no,cellular,31,jul,150,4,-1,0,unknown,no,2025-02-12 00:00:00
35,technician,single,tertiary,no,33,no,no,cellular,29,aug,300,2,-1,0,unknown,no,2025-02-12 01:00:00
29,unemployed,single,tertiary,no,1311,no,no,cellular,28,aug,622,1,-1,0,unknown,yes,2025-02-12 02:00:00
36,management,married,tertiary,no,2415,yes,no,telephone,22,oct,73,1,86,4,other,no,2025-02-12 03:00:00
45,admin.,divorced,secondary,no,109,yes,no,unknown,16,may,122,1,-1,0,unknown,no,2025-02-12 04:00:00
50,blue-collar,married,primary,no,162,yes,no,cellular,7,may,924,3,-1,0,unknown,no,2025-02-12 05:00:00
19,student,single,primary,no,608,no,no,cellular,12,may,236,1,180,2,success,yes,2025-02-12 06:00:00
52,blue-collar,married,secondary,no,6933,no,no,cellular,19,nov,273,2,-1,0,unknown,no,2025-02-12 07:00:00
30,blue-collar,single,secondary,no,1837,yes,no,cellular,18,may,109,2,-1,0,unknown,no,2025-02-12 08:00:00
31,blue-collar,married,secondary,no,125,yes,no,cellular,14,may,201,1,350,2,failure,no,2025-02-12 09:00:00
31,management,single,tertiary,no,59,yes,yes,cellular,6,may,1347,2,363,1,failure,yes,2025-02-12 10:00:00
50,technician,divorced,secondary,no,-54,yes,yes,cellular,13,may,698,2,292,1,failure,yes,2025-02-12 11:00:00
36,unemployed,married,secondary,no,-872,yes,yes,unknown,21,may,153,1,-1,0,unknown,no,2025-02-12 12:00:00
40,admin.,married,secondary,no,457,no,no,unknown,12,jul,9,1,-1,0,unknown,no,2025-02-12 13:00:00
30,blue-collar,single,secondary,no,-276,no,yes,cellular,4,feb,361,8,-1,0,unknown,no,2025-02-12 14:00:00
32,admin.,single,secondary,no,976,yes,no,cellular,28,jul,644,3,-1,0,unknown,no,2025-02-12 15:00:00
39,blue-collar,married,secondary,no,285,yes,yes,unknown,6,may,209,1,-1,0,unknown,no,2025-02-12 16:00:00
32,services,married,secondary,no,204,yes,yes,unknown,20,may,307,3,-1,0,unknown,no,2025-02-12 17:00:00
53,management,married,tertiary,no,5261,no,yes,cellular,25,jul,1209,3,-1,0,unknown,no,2025-02-12 18:00:00
41,admin.,divorced,secondary,no,783,yes,yes,cellular,14,may,135,3,363,2,failure,no,2025-02-12 19:00:00
45,services,married,secondary,no,0,no,yes,cellular,8,jul,47,7,-1,0,unknown,no,2025-02-12 20:00:00
54,blue-collar,married,primary,no,316,yes,no,cellular,14,may,240,1,-1,0,unknown,no,2025-02-12 21:00:00
73,retired,married,primary,no,9160,no,no,cellular,11,nov,516,2,90,3,other,no,2025-02-12 22:00:00
47,technician,married,tertiary,no,192,yes,no,unknown,26,may,596,1,-1,0,unknown,no,2025-02-12 23:00:00
41,entrepreneur,married,tertiary,no,143,no,yes,cellular,16,jul,141,1,-1,0,unknown,no,2025-02-13 00:00:00
37,services,married,secondary,no,3,yes,no,cellular,12,jun,105,4,318,6,failure,no,2025-02-13 01:00:00
57,retired,married,primary,no,641,no,yes,telephone,30,jan,124,4,-1,0,unknown,no,2025-02-13 02:00:00
41,entrepreneur,married,secondary,no,2480,yes,no,unknown,11,jun,394,2,-1,0,unknown,no,2025-02-13 03:00:00
48,management,single,tertiary,no,334,yes,no,cellular,28,sep,600,2,92,12,success,yes,2025-02-13 04:00:00
27,technician,single,tertiary,no,15161,no,no,cellular,2,jun,74,1,120,1,success,yes,2025-02-13 05:00:00
34,technician,married,tertiary,no,127,no,no,cellular,3,jun,117,1,-1,0,unknown,yes,2025-02-13 06:00:00
31,blue-collar,single,secondary,no,26,no,no,cellular,5,feb,103,1,-1,0,unknown,no,2025-02-13 07:00:00
40,admin.,single,secondary,no,2360,yes,no,cellular,20,apr,15,2,-1,0,unknown,no,2025-02-13 08:00:00
48,services,married,primary,yes,-583,yes,no,unknown,2,jun,25,7,-1,0,unknown,no,2025-02-13 09:00:00
54,management,married,tertiary,no,0,yes,no,cellular,10,jul,144,1,-1,0,unknown,no,2025-02-13 10:00:00
51,blue-collar,married,secondary,no,0,yes,no,cellular,21,nov,8,6,-1,0,unknown,no,2025-02-13 11:00:00
57,retired,married,secondary,no,519,yes,no,unknown,3,jun,393,3,-1,0,unknown,no,2025-02-13 12:00:00
52,management,divorced,tertiary,no,0,no,no,cellular,27,aug,153,4,-1,0,unknown,no,2025-02-13 13:00:00
51,services,divorced,secondary,no,234,no,no,cellular,9,jul,281,3,-1,0,unknown,no,2025-02-13 14:00:00
31,management,single,tertiary,no,11821,no,no,cellular,18,aug,384,11,-1,0,unknown,yes,2025-02-13 15:00:00
39,blue-collar,married,primary,no,-186,no,yes,unknown,18,jun,320,3,-1,0,unknown,no,2025-02-13 16:00:00
34,blue-collar,married,primary,no,479,no,no,cellular,11,jul,772,1,-1,0,unknown,no,2025-02-13 17:00:00
30,technician,single,secondary,no,151,no,no,cellular,3,feb,276,2,-1,0,unknown,no,2025-02-13 18:00:00
37,management,married,tertiary,no,4039,no,yes,cellular,25,jul,106,2,-1,0,unknown,no,2025-02-13 19:00:00
30,admin.,single,secondary,no,4448,no,no,cellular,11,feb,112,8,-1,0,unknown,yes,2025-02-13 20:00:00
31,management,single,tertiary,no,-307,yes,yes,unknown,26,may,91,2,-1,0,unknown,no,2025-02-13 21:00:00
56,entrepreneur,divorced,tertiary,no,386,no,no,cellular,21,nov,65,4,-1,0,unknown,no,2025-02-13 22:00:00
34,blue-collar,single,secondary,no,341,yes,no,unknown,8,may,195,1,-1,0,unknown,no,2025-02-13 23:00:00
67,retired,married,primary,no,10776,no,no,telephone,14,aug,176,2,99,17,other,no,2025-02-14 00:00:00
37,technician,single,secondary,no,265,yes,yes,cellular,3,feb,140,1,366,2,failure,yes,2025-02-14 01:00:00
22,technician,single,secondary,no,890,yes,no,cellular,20,apr,294,2,-1,0,unknown,no,2025-02-14 02:00:00
52,management,married,tertiary,no,967,no,no,cellular,25,aug,472,10,-1,0,unknown,no,2025-02-14 03:00:00
34,admin.,married,secondary,no,-312,yes,no,unknown,9,may,232,1,-1,0,unknown,no,2025-02-14 04:00:00
38,technician,married,tertiary,no,34,no,yes,cellular,3,jun,88,1,-1,0,unknown,no,2025-02-14 05:00:00
43,blue-collar,married,secondary,no,-210,yes,no,cellular,17,nov,523,2,-1,0,unknown,no,2025-02-14 06:00:00
27,self-employed,single,tertiary,no,5214,yes,no,unknown,28,may,94,1,-1,0,unknown,no,2025-02-14 07:00:00
28,services,married,secondary,no,6,yes,no,unknown,8,may,667,1,-1,0,unknown,no,2025-02-14 08:00:00
70,retired,married,secondary,no,616,no,no,cellular,27,apr,149,2,182,1,failure,no,2025-02-14 09:00:00
28,admin.,single,secondary,no,-7,no,yes,unknown,26,jun,3183,2,-1,0,unknown,yes,2025-02-14 10:00:00
48,services,married,secondary,no,2877,yes,no,cellular,18,nov,77,1,168,1,failure,no,2025-02-14 11:00:00
36,management,married,tertiary,no,1313,no,no,cellular,26,aug,80,6,-1,0,unknown,no,2025-02-14 12:00:00
27,services,single,secondary,no,0,yes,no,cellular,31,jul,35,6,-1,0,unknown,no,2025-02-14 13:00:00
27,technician,single,secondary,no,3305,no,yes,cellular,28,jul,78,3,-1,0,unknown,no,2025-02-14 14:00:00
57,management,married,tertiary,no,473,no,no,cellular,1,jun,295,1,-1,0,unknown,yes,2025-02-14 15:00:00
31,blue-collar,divorced,secondary,no,387,yes,no,unknown,12,may,220,3,-1,0,unknown,no,2025-02-14 16:00:00
27,services,single,secondary,no,-72,yes,no,cellular,5,may,276,1,309,9,failure,no,2025-02-14 17:00:00
58,admin.,married,secondary,no,1464,yes,yes,unknown,5,jun,53,29,-1,0,unknown,no,2025-02-14 18:00:00
29,blue-collar,married,secondary,no,87,yes,no,unknown,6,jun,1330,3,-1,0,unknown,no,2025-02-14 19:00:00
53,admin.,married,primary,no,6280,no,no,cellular,4,aug,441,2,-1,0,unknown,no,2025-02-14 20:00:00
48,unemployed,married,secondary,no,817,no,no,cellular,14,jan,517,1,282,4,success,yes,2025-02-14 21:00:00
43,technician,single,secondary,no,11269,no,no,unknown,29,may,92,1,-1,0,unknown,no,2025-02-14 22:00:00
34,blue-collar,married,primary,no,329,yes,no,cellular,17,apr,952,1,343,1,failure,yes,2025-02-14 23:00:00
74,retired,married,secondary,no,921,no,no,telephone,17,apr,394,2,-1,0,unknown,yes,2025-02-15 00:00:00
31,housemaid,married,primary,no,979,no,yes,cellular,18,aug,298,10,-1,0,unknown,no,2025-02-15 01:00:00
34,technician,single,secondary,no,258,no,no,cellular,2,feb,103,1,-1,0,unknown,no,2025-02-15 02:00:00
30,entrepreneur,single,secondary,no,638,no,no,cellular,14,jul,358,6,-1,0,unknown,no,2025-02-15 03:00:00
43,unknown,married,secondary,no,703,yes,no,cellular,7,may,96,3,301,1,failure,no,2025-02-15 04:00:00
43,blue-collar,married,primary,no,-25,yes,no,cellular,12,may,254,4,365,2,failure,no,2025-02-15 05:00:00
37,blue-collar,married,secondary,no,1293,no,no,unknown,6,may,652,1,-1,0,unknown,no,2025-02-15 06:00:00
57,retired,married,secondary,no,485,no,no,cellular,2,feb,79,2,187,2,failure,no,2025-02-15 07:00:00
44,services,married,primary,no,1161,yes,no,cellular,19,nov,402,1,184,5,failure,no,2025-02-15 08:00:00
49,technician,married,secondary,no,177,yes,yes,cellular,8,jul,191,1,-1,0,unknown,no,2025-02-15 09:00:00
43,blue-collar,married,primary,no,487,yes,no,unknown,7,may,548,2,-1,0,unknown,no,2025-02-15 10:00:00
25,technician,married,tertiary,no,839,yes,no,cellular,18,may,700,3,-1,0,unknown,yes,2025-02-15 11:00:00
30,services,married,unknown,no,840,no,no,cellular,29,jan,163,2,-1,0,unknown,no,2025-02-15 12:00:00
56,unemployed,married,secondary,no,1350,no,no,cellular,2,jun,211,1,-1,0,unknown,no,2025-02-15 13:00:00
60,technician,single,secondary,no,0,no,no,telephone,29,aug,86,2,-1,0,unknown,no,2025-02-15 14:00:00
39,services,married,secondary,no,18,yes,yes,cellular,20,apr,155,1,154,2,failure,no,2025-02-15 15:00:00
24,blue-collar,married,primary,no,933,yes,no,unknown,28,may,62,3,-1,0,unknown,no,2025-02-15 16:00:00
40,technician,single,tertiary,no,226,no,no,cellular,15,jan,176,2,-1,0,unknown,no,2025-02-15 17:00:00
28,blue-collar,single,secondary,no,1705,no,no,cellular,17,dec,412,2,-1,0,unknown,yes,2025-02-15 18:00:00
40,technician,married,tertiary,no,296,no,no,unknown,19,may,198,1,-1,0,unknown,no,2025-02-15 19:00:00
27,management,single,tertiary,no,7,no,no,cellular,27,may,483,2,-1,0,unknown,no,2025-02-15 20:00:00
43,management,divorced,tertiary,no,0,yes,no,unknown,8,may,123,2,-1,0,unknown,no,2025-02-15 21:00:00
30,technician,single,secondary,no,7,no,no,cellular,26,aug,75,4,-1,0,unknown,no,2025-02-15 22:00:00
33,blue-collar,married,primary,no,240,yes,no,unknown,21,may,373,3,-1,0,unknown,no,2025-02-15 23:00:00
41,admin.,divorced,secondary,no,110,yes,yes,cellular,5,feb,76,2,-1,0,unknown,no,2025-02-16 00:00:00
27,technician,married,secondary,no,1103,no,no,unknown,4,jun,123,1,-1,0,unknown,no,2025-02-16 01:00:00
40,technician,married,tertiary,no,0,yes,no,cellular,17,jul,383,3,-1,0,unknown,no,2025-02-16 02:00:00
34,admin.,married,secondary,no,45,yes,no,cellular,18,nov,79,1,-1,0,unknown,no,2025-02-16 03:00:00
55,management,divorced,unknown,no,2,yes,no,unknown,19,may,95,1,-1,0,unknown,no,2025-02-16 04:00:00
59,retired,married,primary,no,56,no,no,cellular,21,aug,432,5,-1,0,unknown,no,2025-02-16 05:00:00
33,services,married,tertiary,no,546,yes,yes,cellular,3,feb,54,2,270,1,failure,no,2025-02-16 06:00:00
27,blue-collar,single,secondary,no,77,no,yes,cellular,7,jul,497,1,-1,0,unknown,no,2025-02-16 07:00:00
41,blue-collar,single,secondary,no,656,no,no,unknown,6,jun,178,1,-1,0,unknown,no,2025-02-16 08:00:00
26,services,single,primary,no,-32,yes,no,cellular,18,may,486,2,336,6,other,no,2025-02-16 09:00:00
60,blue-collar,married,secondary,no,2879,yes,no,cellular,5,aug,122,1,-1,0,unknown,no,2025-02-16 10:00:00
33,admin.,married,secondary,no,471,yes,no,unknown,2,jun,214,2,-1,0,unknown,no,2025-02-16 11:00:00
33,technician,single,secondary,no,2085,no,no,cellular,9,feb,501,2,-1,0,unknown,yes,2025-02-16 12:00:00
27,blue-collar,single,secondary,no,-208,yes,no,unknown,21,may,127,2,-1,0,unknown,no,2025-02-16 13:00:00
45,admin.,married,primary,no,-407,yes,yes,cellular,29,jan,503,2,224,18,other,no,2025-02-16 14:00:00
56,entrepreneur,married,secondary,no,5838,no,no,cellular,2,feb,116,2,230,2,failure,no,2025-02-16 15:00:00
52,blue-collar,divorced,primary,no,-97,yes,yes,unknown,9,may,167,4,-1,0,unknown,no,2025-02-16 16:00:00
29,blue-collar,married,secondary,no,8,yes,yes,cellular,10,jul,627,1,-1,0,unknown,yes,2025-02-16 17:00:00
45,blue-collar,married,secondary,no,159,yes,yes,unknown,30,may,251,2,-1,0,unknown,no,2025-02-16 18:00:00
42,services,married,secondary,no,1152,yes,no,cellular,29,jan,168,1,-1,0,unknown,no,2025-02-16 19:00:00
42,technician,single,secondary,no,60,yes,yes,cellular,30,jan,183,2,241,1,other,no,2025-02-16 20:00:00
53,admin.,divorced,secondary,no,2647,yes,no,cellular,9,apr,494,1,-1,0,unknown,no,2025-02-16 21:00:00
75,retired,married,secondary,no,26452,no,no,telephone,15,jul,219,2,-1,0,unknown,no,2025-02-16 22:00:00
57,unemployed,married,secondary,no,3030,no,no,cellular,6,feb,142,2,-1,0,unknown,no,2025-02-16 23:00:00
54,management,married,tertiary,no,2960,yes,no,cellular,13,feb,94,9,85,1,failure,no,2025-02-17 00:00:00
57,admin.,divorced,secondary,no,6157,no,yes,cellular,21,nov,45,2,-1,0,unknown,no,2025-02-17 01:00:00
38,technician,married,secondary,no,0,no,no,cellular,28,aug,82,4,-1,0,unknown,no,2025-02-17 02:00:00
28,technician,single,secondary,no,799,yes,no,cellular,25,jul,295,1,-1,0,unknown,no,2025-02-17 03:00:00
60,retired,married,secondary,no,8590,no,no,unknown,5,jun,85,1,-1,0,unknown,no,2025-02-17 04:00:00
59,management,divorced,tertiary,no,-232,no,yes,cellular,16,jul,97,2,-1,0,unknown,no,2025-02-17 05:00:00
39,blue-collar,divorced,primary,yes,-294,yes,no,unknown,5,jun,181,2,-1,0,unknown,no,2025-02-17 06:00:00
35,entrepreneur,married,primary,no,-394,yes,no,cellular,20,nov,217,3,-1,0,unknown,no,2025-02-17 07:00:00
28,services,single,secondary,no,2385,yes,no,unknown,4,jun,119,2,-1,0,unknown,no,2025-02-17 08:00:00
32,management,married,tertiary,no,820,yes,no,cellular,17,jul,738,3,-1,0,unknown,no,2025-02-17 09:00:00
42,technician,divorced,secondary,no,-106,yes,no,unknown,29,may,95,1,-1,0,unknown,no,2025-02-17 10:00:00
26,blue-collar,single,secondary,no,191,yes,no,cellular,6,may,550,1,-1,0,unknown,yes,2025-02-17 11:00:00
33,technician,divorced,secondary,no,7,yes,yes,unknown,6,may,87,1,-1,0,unknown,no,2025-02-17 12:00:00
72,retired,single,tertiary,no,1285,no,no,telephone,1,feb,280,2,91,7,failure,no,2025-02-17 13:00:00
31,technician,single,secondary,no,1014,yes,no,cellular,23,jul,158,4,-1,0,unknown,no,2025-02-17 14:00:00
40,management,married,primary,no,214,yes,no,cellular,20,nov,59,4,-1,0,unknown,no,2025-02-17 15:00:00
46,admin.,married,secondary,no,-42,no,yes,telephone,28,jul,181,12,-1,0,unknown,no,2025-02-17 16:00:00
61,self-employed,divorced,tertiary,no,6,yes,no,cellular,13,oct,210,1,182,2,success,yes,2025-02-17 17:00:00
30,services,married,secondary,no,675,yes,no,unknown,21,may,232,1,-1,0,unknown,no,2025-02-17 18:00:00
53,blue-collar,single,unknown,no,160,yes,no,cellular,7,may,589,2,-1,0,unknown,no,2025-02-17 19:00:00
28,management,married,tertiary,no,22,yes,no,cellular,31,jul,59,3,-1,0,unknown,no,2025-02-17 20:00:00
35,blue-collar,married,primary,no,623,yes,no,cellular,6,may,97,2,-1,0,unknown,no,2025-02-17 21:00:00
40,blue-collar,married,secondary,no,11084,no,no,unknown,11,jun,113,1,-1,0,unknown,no,2025-02-17 22:00:00
31,student,single,secondary,no,334,yes,no,cellular,5,feb,195,4,233,2,other,no,2025-02-17 23:00:00
47,admin.,married,secondary,no,520,no,no,telephone,9,feb,7,6,-1,0,unknown,no,2025-02-18 00:00:00
58,blue-collar,single,secondary,no,3612,yes,no,cellular,15,apr,563,1,-1,0,unknown,no,2025-02-18 01:00:00
34,blue-collar,single,secondary,no,128,yes,no,unknown,23,may,114,4,-1,0,unknown,no,2025-02-18 02:00:00
36,admin.,married,secondary,no,90,no,no,unknown,18,jun,166,3,-1,0,unknown,no,2025-02-18 03:00:00
41,services,married,secondary,no,1141,yes,no,unknown,27,may,228,1,-1,0,unknown,no,2025-02-18 04:00:00
44,blue-collar,married,secondary,no,879,yes,no,cellular,3,apr,383,1,-1,0,unknown,no,2025-02-18 05:00:00
50,blue-collar,married,primary,no,61,yes,no,unknown,5,may,621,3,-1,0,unknown,no,2025-02-18 06:00:00
30,blue-collar,married,secondary,no,2850,no,no,unknown,8,may,181,2,-1,0,unknown,no,2025-02-18 07:00:00
26,management,single,tertiary,no,350,no,no,cellular,8,jul,367,1,-1,0,unknown,no,2025-02-18 08:00:00
44,entrepreneur,married,secondary,no,692,no,no,unknown,18,jun,73,4,-1,0,unknown,no,2025-02-18 09:00:00
25,management,single,tertiary,no,1628,no,no,cellular,2,jun,91,1,-1,0,unknown,no,2025-02-18 10:00:00
50,management,married,tertiary,no,85,no,yes,cellular,1,jun,141,1,-1,0,unknown,no,2025-02-18 11:00:00
25,services,single,secondary,no,199,no,no,cellular,16,aug,111,2,95,3,other,no,2025-02-18 12:00:00
35,admin.,single,secondary,no,414,yes,no,unknown,13,may,386,2,-1,0,unknown,no,2025-02-18 13:00:00
55,housemaid,divorced,tertiary,no,6920,yes,no,unknown,6,may,406,3,-1,0,unknown,no,2025-02-18 14:00:00
31,admin.,single,secondary,no,-182,yes,no,cellular,7,jul,181,2,-1,0,unknown,no,2025-02-18 15:00:00
48,self-employed,married,secondary,no,1559,no,no,cellular,4,feb,130,2,-1,0,unknown,no,2025-02-18 16:00:00
26,blue-collar,married,secondary,yes,20,yes,no,unknown,8,may,200,1,-1,0,unknown,no,2025-02-18 17:00:00
44,management,married,tertiary,no,0,no,no,cellular,8,jul,54,2,-1,0,unknown,no,2025-02-18 18:00:00
75,retired,divorced,primary,no,37127,no,no,cellular,11,feb,505,1,-1,0,unknown,no,2025-02-18 19:00:00
35,self-employed,single,secondary,no,271,yes,no,unknown,20,may,68,1,-1,0,unknown,no,2025-02-18 20:00:00
42,blue-collar,single,primary,no,92,no,no,cellular,30,jul,86,2,-1,0,unknown,no,2025-02-18 21:00:00
30,services,single,secondary,no,432,yes,no,unknown,20,may,340,3,-1,0,unknown,no,2025-02-18 22:00:00
40,blue-collar,married,primary,no,117,yes,no,unknown,9,may,215,2,-1,0,unknown,no,2025-02-18 23:00:00
57,services,divorced,secondary,no,1024,yes,no,unknown,26,may,360,6,-1,0,unknown,no,2025-02-19 00:00:00
38,admin.,single,secondary,no,-211,no,yes,cellular,31,jul,166,2,-1,0,unknown,no,2025-02-19 01:00:00
34,blue-collar,divorced,primary,no,390,yes,no,cellular,15,may,372,2,371,2,success,no,2025-02-19 02:00:00
50,technician,married,secondary,no,2406,yes,no,telephone,14,jul,197,5,-1,0,unknown,no,2025-02-19 03:00:00
48,admin.,married,secondary,no,490,no,no,cellular,6,aug,136,2,-1,0,unknown,no,2025-02-19 04:00:00
34,management,divorced,tertiary,no,582,no,no,cellular,20,nov,209,3,-1,0,unknown,no,2025-02-19 05:00:00
38,blue-collar,married,primary,no,714,yes,no,unknown,29,may,225,3,-1,0,unknown,no,2025-02-19 06:00:00
53,blue-collar,divorced,primary,no,2656,yes,no,unknown,30,may,1980,2,-1,0,unknown,yes,2025-02-19 07:00:00
41,management,married,tertiary,no,-456,no,no,cellular,14,apr,427,4,144,1,failure,no,2025-02-19 08:00:00
24,student,single,secondary,no,382,no,no,cellular,30,apr,567,2,-1,0,unknown,yes,2025-02-19 09:00:00
39,services,divorced,secondary,no,892,yes,no,cellular,20,nov,34,1,171,1,failure,no,2025-02-19 10:00:00
49,technician,married,secondary,no,5244,no,no,cellular,25,aug,60,4,-1,0,unknown,no,2025-02-19 11:00:00
42,unemployed,married,secondary,no,4544,no,no,cellular,17,nov,77,2,-1,0,unknown,no,2025-02-19 12:00:00
35,management,single,tertiary,no,205,yes,no,unknown,16,may,512,1,-1,0,unknown,no,2025-02-19 13:00:00
57,services,married,secondary,no,-37,no,yes,telephone,16,jul,31,6,-1,0,unknown,no,2025-02-19 14:00:00
30,services,married,secondary,no,-111,yes,no,cellular,5,may,154,1,-1,0,unknown,no,2025-02-19 15:00:00
51,blue-collar,married,primary,no,603,yes,no,cellular,24,jul,853,2,-1,0,unknown,yes,2025-02-19 16:00:00
33,management,married,tertiary,no,0,yes,no,cellular,17,apr,378,1,-1,0,unknown,yes,2025-02-19 17:00:00
59,retired,married,primary,no,1115,no,no,unknown,19,jun,834,1,-1,0,unknown,yes,2025-02-19 18:00:00
34,management,single,tertiary,no,966,yes,no,cellular,21,nov,393,1,101,3,failure,no,2025-02-19 19:00:00
59,management,married,tertiary,no,0,yes,yes,cellular,20,apr,392,1,-1,0,unknown,yes,2025-02-19 20:00:00
37,entrepreneur,single,tertiary,no,-274,yes,yes,unknown,27,may,237,2,-1,0,unknown,no,2025-02-19 21:00:00
34,admin.,married,tertiary,no,0,yes,yes,cellular,3,aug,108,2,180,7,failure,no,2025-02-19 22:00:00
36,management,married,tertiary,no,0,yes,yes,cellular,14,jul,119,2,-1,0,unknown,no,2025-02-19 23:00:00
35,blue-collar,married,secondary,no,5639,yes,no,cellular,20,nov,945,2,-1,0,unknown,yes,2025-02-20 00:00:00
58,housemaid,married,primary,no,3957,no,no,unknown,17,jun,76,4,-1,0,unknown,no,2025-02-20 01:00:00
36,technician,married,tertiary,no,4596,yes,no,cellular,8,oct,234,2,175,2,success,yes,2025-02-20 02:00:00
38,management,married,tertiary,no,1199,no,no,cellular,4,aug,178,1,1,1,success,yes,2025-02-20 03:00:00
35,technician,single,tertiary,no,670,no,no,cellular,13,oct,301,2,-1,0,unknown,yes,2025-02-20 04:00:00
34,admin.,single,secondary,no,296,no,no,cellular,7,jul,147,4,-1,0,unknown,no,2025-02-20 05:00:00
39,management,married,secondary,no,18,yes,no,cellular,21,aug,102,1,91,1,failure,no,2025-02-20 06:00:00
32,services,married,secondary,no,401,yes,no,unknown,15,may,294,2,-1,0,unknown,no,2025-02-20 07:00:00
24,blue-collar,married,secondary,no,-389,yes,yes,unknown,4,jun,1242,1,-1,0,unknown,yes,2025-02-20 08:00:00
60,retired,married,secondary,no,2086,yes,no,unknown,15,may,182,2,-1,0,unknown,no,2025-02-20 09:00:00
27,management,single,tertiary,no,72,yes,no,cellular,28,jul,131,7,-1,0,unknown,no,2025-02-20 10:00:00
38,admin.,married,secondary,no,1283,yes,no,cellular,29,jul,60,6,-1,0,unknown,no,2025-02-20 11:00:00
74,retired,divorced,tertiary,no,3810,yes,no,cellular,17,may,492,1,-1,0,unknown,no,2025-02-20 12:00:00
55,management,married,tertiary,no,10957,no,no,unknown,11,jun,514,4,-1,0,unknown,no,2025-02-20 13:00:00
34,technician,single,secondary,no,112,no,no,cellular,20,aug,123,2,-1,0,unknown,no,2025-02-20 14:00:00
33,technician,single,secondary,yes,-374,no,yes,cellular,20,aug,160,2,-1,0,unknown,no,2025-02-20 15:00:00
48,management,married,tertiary,no,60,no,no,telephone,7,may,376,2,339,7,failure,no,2025-02-20 16:00:00
47,technician,single,secondary,no,-239,yes,yes,cellular,7,jul,973,3,-1,0,unknown,yes,2025-02-20 17:00:00
51,blue-collar,married,unknown,no,1883,yes,no,unknown,5,may,57,1,-1,0,unknown,no,2025-02-20 18:00:00
41,technician,married,secondary,no,359,yes,no,cellular,17,apr,210,1,-1,0,unknown,no,2025-02-20 19:00:00
44,self-employed,married,primary,no,414,yes,no,cellular,4,feb,138,1,272,2,other,no,2025-02-20 20:00:00
42,technician,married,secondary,no,9324,no,no,cellular,27,aug,67,4,-1,0,unknown,no,2025-02-20 21:00:00
35,technician,married,secondary,no,0,yes,no,cellular,9,nov,524,1,96,5,success,yes,2025-02-20 22:00:00
57,housemaid,married,primary,no,1870,no,no,unknown,17,jun,129,1,-1,0,unknown,no,2025-02-20 23:00:00
54,management,married,tertiary,no,2650,yes,yes,cellular,19,nov,50,1,-1,0,unknown,no,2025-02-21 00:00:00
48,blue-collar,married,primary,no,1876,yes,no,unknown,20,jun,11,3,-1,0,unknown,no,2025-02-21 01:00:00
45,technician,married,secondary,no,1410,no,no,cellular,11,aug,71,2,-1,0,unknown,no,2025-02-21 02:00:00
33,management,single,tertiary,no,312,no,no,cellular,11,aug,271,1,369,3,failure,no,2025-02-21 03:00:00
29,admin.,single,secondary,no,1,no,no,telephone,9,jul,372,1,-1,0,unknown,no,2025-02-21 04:00:00
53,technician,divorced,secondary,no,258,yes,yes,cellular,5,may,48,2,-1,0,unknown,no,2025-02-21 05:00:00
30,management,divorced,tertiary,no,46,no,no,cellular,13,aug,382,3,-1,0,unknown,no,2025-02-21 06:00:00
38,technician,single,secondary,no,258,no,yes,unknown,20,jun,587,2,-1,0,unknown,no,2025-02-21 07:00:00
60,technician,married,secondary,no,-410,no,no,cellular,19,aug,143,2,-1,0,unknown,no,2025-02-21 08:00:00
37,technician,married,secondary,no,5115,yes,no,cellular,17,nov,1210,2,171,4,failure,yes,2025-02-21 09:00:00
33,management,single,tertiary,no,59,yes,no,cellular,8,aug,215,4,-1,0,unknown,no,2025-02-21 10:00:00
35,blue-collar,married,primary,no,159,yes,yes,cellular,12,may,826,1,-1,0,unknown,yes,2025-02-21 11:00:00
36,blue-collar,married,primary,no,38,yes,yes,cellular,13,may,285,2,335,1,other,no,2025-02-21 12:00:00
31,technician,married,tertiary,no,3192,yes,no,cellular,7,sep,179,1,186,2,failure,no,2025-02-21 13:00:00
50,housemaid,married,primary,no,152,no,no,cellular,7,aug,107,4,-1,0,unknown,no,2025-02-21 14:00:00
55,technician,married,tertiary,no,874,yes,no,unknown,15,may,314,11,-1,0,unknown,no,2025-02-21 15:00:00
44,self-employed,divorced,tertiary,no,1070,yes,no,cellular,11,nov,172,1,91,5,success,yes,2025-02-21 16:00:00
57,technician,married,tertiary,no,-1,no,no,unknown,14,may,850,2,-1,0,unknown,yes,2025-02-21 17:00:00
36,management,married,tertiary,no,-26,no,no,cellular,17,apr,214,2,-1,0,unknown,no,2025-02-21 18:00:00
60,retired,married,secondary,no,938,no,no,cellular,13,jan,380,3,-1,0,unknown,yes,2025-02-21 19:00:00
47,admin.,married,secondary,no,1265,yes,yes,cellular,20,apr,250,2,-1,0,unknown,no,2025-02-21 20:00:00
50,admin.,single,secondary,no,642,no,no,cellular,18,nov,435,1,-1,0,unknown,no,2025-02-21 21:00:00
47,services,married,secondary,no,1315,no,no,cellular,20,nov,329,4,-1,0,unknown,yes,2025-02-21 22:00:00
54,technician,married,secondary,no,2102,yes,no,cellular,5,apr,547,1,626,2,failure,yes,2025-02-21 23:00:00
41,management,married,secondary,no,6,no,no,cellular,5,may,123,1,-1,0,unknown,no,2025-02-22 00:00:00
48,management,married,tertiary,no,1147,no,no,cellular,3,dec,155,1,120,3,success,yes,2025-02-22 01:00:00
50,entrepreneur,married,tertiary,no,230,no,no,telephone,30,jul,1089,4,-1,0,unknown,yes,2025-02-22 02:00:00
28,technician,married,secondary,no,1180,yes,no,unknown,29,may,637,3,-1,0,unknown,no,2025-02-22 03:00:00
40,services,married,secondary,no,56,yes,no,cellular,12,may,700,3,-1,0,unknown,no,2025-02-22 04:00:00
34,self-employed,married,tertiary,no,13354,no,no,telephone,21,nov,26,5,-1,0,unknown,no,2025-02-22 05:00:00
51,entrepreneur,married,tertiary,no,209,no,no,cellular,17,nov,130,1,111,2,failure,no,2025-02-22 06:00:00
34,management,single,tertiary,no,0,yes,no,unknown,2,jun,83,1,-1,0,unknown,no,2025-02-22 07:00:00
45,management,married,tertiary,no,4112,no,no,cellular,18,aug,140,13,-1,0,unknown,no,2025-02-22 08:00:00
23,student,single,unknown,no,565,no,no,cellular,28,may,162,7,-1,0,unknown,no,2025-02-22 09:00:00
56,management,married,primary,no,772,yes,no,telephone,20,nov,291,1,-1,0,unknown,no,2025-02-22 10:00:00
46,blue-collar,married,primary,no,537,no,no,unknown,26,may,222,5,-1,0,unknown,no,2025-02-22 11:00:00
51,services,married,secondary,no,393,yes,yes,cellular,30,jul,111,8,-1,0,unknown,no,2025-02-22 12:00:00
32,blue-collar,single,secondary,no,-204,yes,yes,unknown,26,may,202,2,-1,0,unknown,no,2025-02-22 13:00:00
31,technician,single,secondary,no,1970,no,no,telephone,17,apr,284,3,-1,0,unknown,no,2025-02-22 14:00:00
36,blue-collar,single,primary,no,1313,yes,no,unknown,20,jun,8,10,-1,0,unknown,no,2025-02-22 15:00:00
29,services,divorced,secondary,no,161,yes,yes,cellular,12,may,286,5,-1,0,unknown,no,2025-02-22 16:00:00
37,technician,married,secondary,no,163,no,yes,cellular,28,aug,9,24,-1,0,unknown,no,2025-02-22 17:00:00
26,housemaid,married,primary,no,158,no,yes,cellular,8,jul,416,4,-1,0,unknown,no,2025-02-22 18:00:00
34,services,married,secondary,no,2211,no,no,unknown,8,may,149,1,-1,0,unknown,no,2025-02-22 19:00:00
44,management,married,secondary,no,488,no,yes,cellular,30,jul,292,11,-1,0,unknown,no,2025-02-22 20:00:00
33,technician,divorced,tertiary,no,39,no,no,cellular,19,aug,123,5,-1,0,unknown,no,2025-02-22 21:00:00
39,blue-collar,married,secondary,no,123,yes,no,unknown,6,jun,165,3,-1,0,unknown,no,2025-02-22 22:00:00
53,technician,married,tertiary,no,0,yes,no,cellular,21,aug,53,1,-1,0,unknown,no,2025-02-22 23:00:00
33,management,married,tertiary,no,2441,yes,yes,cellular,16,apr,257,2,148,1,failure,no,2025-02-23 00:00:00
24,admin.,single,secondary,no,60,yes,no,cellular,16,apr,417,2,-1,0,unknown,no,2025-02-23 01:00:00
45,blue-collar,married,primary,no,55,no,no,cellular,7,jul,112,3,-1,0,unknown,no,2025-02-23 02:00:00
44,self-employed,divorced,secondary,no,522,yes,no,cellular,8,apr,241,1,-1,0,unknown,no,2025-02-23 03:00:00
27,unemployed,single,secondary,no,1972,no,no,cellular,6,apr,97,1,-1,0,unknown,no,2025-02-23 04:00:00
54,management,married,tertiary,no,4112,no,no,unknown,19,jun,86,1,-1,0,unknown,no,2025-02-23 05:00:00
42,services,married,tertiary,no,12223,yes,no,cellular,19,nov,36,1,-1,0,unknown,no,2025-02-23 06:00:00
39,technician,married,secondary,no,140,no,no,cellular,22,aug,110,1,-1,0,unknown,no,2025-02-23 07:00:00
26,services,single,secondary,no,81,yes,no,cellular,28,jul,63,2,-1,0,unknown,no,2025-02-23 08:00:00
40,admin.,married,secondary,no,0,no,no,unknown,16,jun,368,12,-1,0,unknown,no,2025-02-23 09:00:00
48,management,single,tertiary,no,648,yes,no,cellular,31,jul,462,2,-1,0,unknown,no,2025-02-23 10:00:00
25,entrepreneur,single,tertiary,no,0,no,no,unknown,25,jun,347,1,-1,0,unknown,no,2025-02-23 11:00:00
50,management,married,tertiary,no,469,no,no,cellular,16,oct,170,1,183,1,success,yes,2025-02-23 12:00:00
41,admin.,single,secondary,no,3895,yes,no,cellular,14,may,305,3,296,11,other,no,2025-02-23 13:00:00
34,blue-collar,married,secondary,no,130,no,yes,cellular,21,jul,156,1,-1,0,unknown,no,2025-02-23 14:00:00
31,technician,single,tertiary,no,1166,yes,no,unknown,3,jun,207,1,-1,0,unknown,no,2025-02-23 15:00:00
32,blue-collar,married,secondary,no,517,yes,no,unknown,5,may,528,1,-1,0,unknown,no,2025-02-23 16:00:00
26,blue-collar,single,secondary,no,114,no,yes,cellular,29,jul,361,4,-1,0,unknown,no,2025-02-23 17:00:00
38,admin.,single,secondary,no,221,yes,no,cellular,4,feb,93,2,274,2,failure,no,2025-02-23 18:00:00
33,technician,single,tertiary,no,0,no,no,cellular,5,aug,122,1,-1,0,unknown,no,2025-02-23 19:00:00
33,admin.,married,tertiary,no,205,no,no,unknown,1,jul,156,2,-1,0,unknown,no,2025-02-23 20:00:00
80,retired,married,tertiary,no,3669,no,no,cellular,30,jun,166,1,-1,0,unknown,no,2025-02-23 21:00:00
38,blue-collar,married,secondary,no,1403,no,no,unknown,19,jun,146,2,-1,0,unknown,no,2025-02-23 22:00:00
49,services,married,primary,no,0,yes,no,cellular,6,may,445,2,166,3,failure,yes,2025-02-23 23:00:00
29,admin.,single,secondary,no,0,yes,no,cellular,5,may,187,1,365,1,other,no,2025-02-24 00:00:00
31,blue-collar,married,secondary,no,3659,no,no,unknown,2,jun,180,1,-1,0,unknown,no,2025-02-24 01:00:00
37,services,married,primary,no,0,yes,no,unknown,26,may,581,1,-1,0,unknown,no,2025-02-24 02:00:00
49,blue-collar,divorced,secondary,yes,259,no,no,unknown,16,may,283,2,-1,0,unknown,no,2025-02-24 03:00:00
36,management,married,tertiary,no,128,no,no,cellular,8,jul,733,1,-1,0,unknown,no,2025-02-24 04:00:00
25,unemployed,married,secondary,no,285,yes,no,unknown,29,may,859,2,-1,0,unknown,no,2025-02-24 05:00:00
30,technician,single,secondary,no,4787,yes,no,cellular,18,nov,266,1,167,2,failure,no,2025-02-24 06:00:00
27,management,single,tertiary,yes,0,yes,no,unknown,16,may,89,2,-1,0,unknown,no,2025-02-24 07:00:00
40,technician,married,secondary,no,296,no,no,cellular,31,jul,253,2,-1,0,unknown,no,2025-02-24 08:00:00
48,blue-collar,single,primary,no,623,yes,no,cellular,2,feb,1425,2,-1,0,unknown,yes,2025-02-24 09:00:00
36,management,single,tertiary,no,442,yes,yes,cellular,29,jul,102,3,-1,0,unknown,no,2025-02-24 10:00:00
57,housemaid,married,primary,no,53,no,no,unknown,1,jul,215,3,-1,0,unknown,no,2025-02-24 11:00:00
30,technician,single,tertiary,no,0,no,no,cellular,22,aug,69,2,-1,0,unknown,no,2025-02-24 12:00:00
60,retired,married,tertiary,no,3461,no,no,cellular,3,feb,128,2,-1,0,unknown,no,2025-02-24 13:00:00
28,blue-collar,single,primary,no,348,yes,yes,unknown,14,may,305,3,-1,0,unknown,no,2025-02-24 14:00:00
29,management,married,tertiary,no,1366,yes,no,unknown,29,may,273,3,-1,0,unknown,no,2025-02-24 15:00:00
34,technician,married,secondary,no,1092,no,no,unknown,23,may,268,1,-1,0,unknown,no,2025-02-24 16:00:00
41,technician,married,secondary,no,923,yes,no,cellular,7,jul,141,3,-1,0,unknown,no,2025-02-24 17:00:00
35,management,married,tertiary,no,2161,no,no,cellular,9,sep,569,3,-1,0,unknown,yes,2025-02-24 18:00:00
56,retired,married,primary,no,681,no,no,cellular,20,aug,204,4,-1,0,unknown,no,2025-02-24 19:00:00
40,blue-collar,divorced,primary,no,737,yes,yes,unknown,12,may,102,1,-1,0,unknown,no,2025-02-24 20:00:00
33,management,single,tertiary,no,659,yes,no,cellular,19,nov,311,1,-1,0,unknown,no,2025-02-24 21:00:00
24,blue-collar,single,secondary,no,117,yes,yes,unknown,12,may,470,1,-1,0,unknown,no,2025-02-24 22:00:00
49,management,married,tertiary,no,0,no,no,cellular,19,nov,209,3,-1,0,unknown,no,2025-02-24 23:00:00
36,blue-collar,divorced,secondary,no,625,yes,no,unknown,21,may,265,2,-1,0,unknown,no,2025-02-25 00:00:00
27,technician,single,secondary,no,527,yes,no,unknown,9,may,118,1,-1,0,unknown,no,2025-02-25 01:00:00
38,blue-collar,single,primary,no,1351,no,no,cellular,10,jul,96,1,-1,0,unknown,no,2025-02-25 02:00:00
39,services,divorced,secondary,no,229,yes,no,cellular,4,feb,238,1,-1,0,unknown,no,2025-02-25 03:00:00
50,technician,divorced,secondary,no,-556,yes,yes,cellular,22,jul,270,2,-1,0,unknown,no,2025-02-25 04:00:00
29,management,single,tertiary,no,1273,yes,no,cellular,15,may,44,9,-1,0,unknown,no,2025-02-25 05:00:00
33,self-employed,married,secondary,no,77,no,no,cellular,28,aug,958,6,-1,0,unknown,no,2025-02-25 06:00:00
58,blue-collar,married,primary,no,853,no,no,cellular,7,jul,317,3,-1,0,unknown,no,2025-02-25 07:00:00
34,management,married,tertiary,no,902,yes,no,cellular,14,may,159,1,367,2,other,no,2025-02-25 08:00:00
55,management,divorced,secondary,no,394,no,no,unknown,5,jun,119,3,-1,0,unknown,no,2025-02-25 09:00:00
41,blue-collar,married,secondary,no,113,no,no,cellular,25,jul,92,15,-1,0,unknown,no,2025-02-25 10:00:00
54,blue-collar,married,primary,no,946,no,no,cellular,27,aug,116,9,-1,0,unknown,no,2025-02-25 11:00:00
32,services,married,secondary,no,1082,yes,no,cellular,19,nov,770,1,-1,0,unknown,no,2025-02-25 12:00:00
45,management,married,tertiary,no,1186,no,no,cellular,29,aug,25,7,-1,0,unknown,no,2025-02-25 13:00:00
57,management,married,tertiary,no,2770,no,yes,telephone,21,jul,158,1,-1,0,unknown,no,2025-02-25 14:00:00
50,blue-collar,married,secondary,no,283,yes,no,cellular,7,aug,226,3,-1,0,unknown,no,2025-02-25 15:00:00
54,unemployed,divorced,secondary,no,1664,no,no,cellular,15,sep,106,1,105,3,success,yes,2025-02-25 16:00:00
42,blue-collar,married,secondary,no,0,yes,no,cellular,30,jan,82,2,-1,0,unknown,no,2025-02-25 17:00:00
37,management,divorced,tertiary,no,199,yes,no,unknown,18,oct,50,1,-1,0,unknown,no,2025-02-25 18:00:00
22,management,single,tertiary,no,760,no,no,telephone,7,dec,6,1,-1,0,unknown,no,2025-02-25 19:00:00
40,management,divorced,tertiary,no,69,yes,no,cellular,30,jul,149,2,-1,0,unknown,no,2025-02-25 20:00:00
30,management,single,tertiary,no,16922,yes,no,cellular,5,aug,198,1,-1,0,unknown,no,2025-02-25 21:00:00
41,blue-collar,divorced,primary,no,285,yes,no,cellular,20,apr,1272,2,-1,0,unknown,yes,2025-02-25 22:00:00
36,blue-collar,married,secondary,no,195,yes,yes,cellular,7,may,1297,2,-1,0,unknown,no,2025-02-25 23:00:00
35,technician,married,tertiary,no,7050,no,no,cellular,11,aug,222,3,182,4,success,yes,2025-02-26 00:00:00
30,services,married,secondary,no,683,yes,no,cellular,15,may,66,1,-1,0,unknown,no,2025-02-26 01:00:00
38,unemployed,married,secondary,no,-673,yes,no,unknown,26,may,364,1,-1,0,unknown,no,2025-02-26 02:00:00
26,technician,single,tertiary,no,1118,yes,no,unknown,4,jun,209,2,-1,0,unknown,no,2025-02-26 03:00:00
29,admin.,single,secondary,no,3528,no,no,cellular,4,may,104,1,208,1,success,no,2025-02-26 04:00:00
52,technician,single,tertiary,no,1308,yes,no,unknown,29,may,361,1,-1,0,unknown,no,2025-02-26 05:00:00
32,management,single,tertiary,no,17,no,no,cellular,22,aug,72,4,-1,0,unknown,no,2025-02-26 06:00:00
47,admin.,married,secondary,no,290,yes,no,cellular,22,jul,1352,2,-1,0,unknown,yes,2025-02-26 07:00:00
55,blue-collar,married,primary,no,119,no,no,cellular,29,jan,118,1,-1,0,unknown,no,2025-02-26 08:00:00
51,admin.,single,secondary,no,895,no,no,cellular,23,jul,638,2,-1,0,unknown,yes,2025-02-26 09:00:00
57,technician,married,secondary,no,792,yes,no,unknown,5,may,65,2,-1,0,unknown,no,2025-02-26 10:00:00
37,technician,divorced,secondary,no,23,no,no,cellular,20,aug,289,2,-1,0,unknown,no,2025-02-26 11:00:00
38,blue-collar,single,primary,no,-100,yes,no,unknown,21,may,189,2,-1,0,unknown,no,2025-02-26 12:00:00
59,blue-collar,married,unknown,no,-278,yes,no,unknown,13,may,318,2,-1,0,unknown,no,2025-02-26 13:00:00
80,retired,married,primary,no,997,no,no,cellular,28,jan,151,1,91,3,success,yes,2025-02-26 14:00:00
25,services,single,secondary,no,55,yes,yes,unknown,28,may,217,1,-1,0,unknown,no,2025-02-26 15:00:00
37,management,married,tertiary,no,825,yes,no,cellular,11,aug,214,5,-1,0,unknown,no,2025-02-26 16:00:00
37,blue-collar,married,primary,no,655,yes,no,cellular,5,feb,127,2,258,4,failure,no,2025-02-26 17:00:00
32,services,divorced,secondary,no,453,yes,no,cellular,17,apr,329,1,150,2,failure,no,2025-02-26 18:00:00
32,entrepreneur,married,secondary,no,390,no,no,cellular,6,sep,440,1,280,1,failure,yes,2025-02-26 19:00:00
39,management,single,tertiary,no,4023,yes,no,cellular,29,jan,126,2,238,8,other,no,2025-02-26 20:00:00
32,blue-collar,married,primary,no,388,yes,no,cellular,15,apr,171,2,-1,0,unknown,no,2025-02-26 21:00:00
35,services,divorced,tertiary,no,877,yes,no,cellular,15,apr,61,3,-1,0,unknown,no,2025-02-26 22:00:00
34,blue-collar,married,secondary,no,3990,yes,no,cellular,18,nov,591,2,117,7,failure,no,2025-02-26 23:00:00
32,management,single,tertiary,no,0,yes,no,cellular,20,apr,415,2,-1,0,unknown,no,2025-02-27 00:00:00
57,management,divorced,unknown,no,0,no,no,cellular,27,mar,102,1,-1,0,unknown,no,2025-02-27 01:00:00
31,student,single,secondary,no,216,no,no,cellular,3,jun,138,1,-1,0,unknown,no,2025-02-27 02:00:00
53,management,married,tertiary,no,241,yes,no,cellular,19,nov,137,1,-1,0,unknown,no,2025-02-27 03:00:00
42,blue-collar,married,primary,no,2111,yes,no,cellular,7,may,86,2,-1,0,unknown,no,2025-02-27 04:00:00
54,management,married,tertiary,no,2226,yes,no,unknown,9,jun,514,3,-1,0,unknown,no,2025-02-27 05:00:00
31,blue-collar,single,secondary,no,-806,yes,yes,cellular,24,jul,205,3,-1,0,unknown,no,2025-02-27 06:00:00
40,unemployed,divorced,secondary,no,388,no,no,cellular,29,jan,95,1,-1,0,unknown,no,2025-02-27 07:00:00
41,admin.,married,secondary,no,1794,yes,no,unknown,14,may,135,2,-1,0,unknown,no,2025-02-27 08:00:00
32,services,single,tertiary,no,1743,yes,no,cellular,1,apr,1156,1,261,3,other,no,2025-02-27 09:00:00
53,blue-collar,married,primary,no,751,yes,no,cellular,3,feb,1528,2,-1,0,unknown,yes,2025-02-27 10:00:00
37,technician,divorced,secondary,no,3068,yes,yes,cellular,20,nov,370,2,195,1,other,yes,2025-02-27 11:00:00
40,technician,divorced,secondary,no,93,no,no,cellular,2,feb,123,2,-1,0,unknown,no,2025-02-27 12:00:00
36,management,married,tertiary,no,0,yes,no,cellular,20,nov,139,1,-1,0,unknown,no,2025-02-27 13:00:00
34,blue-collar,married,secondary,no,315,no,no,cellular,4,may,76,4,89,3,success,no,2025-02-27 14:00:00
59,management,married,unknown,no,8674,no,no,cellular,5,mar,64,1,-1,0,unknown,no,2025-02-27 15:00:00
75,retired,married,secondary,no,468,no,no,telephone,24,jun,316,1,-1,0,unknown,no,2025-02-27 16:00:00
40,management,married,tertiary,no,481,yes,no,unknown,28,may,198,2,-1,0,unknown,no,2025-02-27 17:00:00
60,management,divorced,tertiary,no,-4057,yes,no,cellular,18,may,242,6,-1,0,unknown,no,2025-02-27 18:00:00
54,technician,divorced,secondary,no,1252,yes,no,cellular,11,may,101,1,350,1,failure,no,2025-02-27 19:00:00
35,admin.,divorced,secondary,no,3636,no,yes,cellular,21,nov,808,2,-1,0,unknown,yes,2025-02-27 20:00:00
32,technician,married,unknown,no,102,yes,no,unknown,21,may,12,11,-1,0,unknown,no,2025-02-27 21:00:00
28,blue-collar,married,secondary,no,597,yes,no,unknown,8,may,223,2,-1,0,unknown,no,2025-02-27 22:00:00
29,technician,single,secondary,no,3527,no,yes,cellular,10,jul,171,5,-1,0,unknown,no,2025-02-27 23:00:00
35,management,married,secondary,no,1,yes,no,unknown,29,may,246,2,-1,0,unknown,no,2025-02-28 00:00:00
22,student,single,tertiary,no,1161,no,yes,cellular,16,jun,119,1,-1,0,unknown,no,2025-02-28 01:00:00
39,technician,married,secondary,no,425,yes,no,cellular,6,aug,562,3,-1,0,unknown,no,2025-02-28 02:00:00
35,unemployed,married,secondary,yes,1054,yes,yes,cellular,21,nov,106,1,-1,0,unknown,no,2025-02-28 03:00:00
28,management,married,tertiary,no,82,yes,yes,unknown,16,may,225,1,-1,0,unknown,no,2025-02-28 04:00:00
27,blue-collar,single,secondary,no,535,no,no,cellular,16,nov,183,1,94,1,success,yes,2025-02-28 05:00:00
30,admin.,single,secondary,no,394,yes,yes,cellular,31,jul,75,3,-1,0,unknown,no,2025-02-28 06:00:00
35,management,married,tertiary,no,2682,yes,no,cellular,9,jul,156,1,-1,0,unknown,no,2025-02-28 07:00:00
26,services,single,tertiary,no,0,no,yes,telephone,1,jul,261,4,-1,0,unknown,yes,2025-02-28 08:00:00
36,admin.,single,secondary,no,185,yes,no,cellular,15,may,61,4,371,5,other,no,2025-02-28 09:00:00
51,services,divorced,secondary,no,-245,yes,yes,unknown,28,may,612,2,-1,0,unknown,no,2025-02-28 10:00:00
53,management,married,tertiary,no,2578,no,no,cellular,4,aug,958,2,-1,0,unknown,no,2025-02-28 11:00:00
31,self-employed,single,tertiary,no,217,no,no,cellular,19,nov,501,4,-1,0,unknown,no,2025-02-28 12:00:00
22,blue-collar,single,primary,no,3198,yes,no,unknown,28,may,109,2,-1,0,unknown,no,2025-02-28 13:00:00
36,management,married,tertiary,no,1198,yes,no,cellular,9,apr,278,3,-1,0,unknown,no,2025-02-28 14:00:00
31,management,single,tertiary,no,635,yes,no,unknown,15,may,293,2,-1,0,unknown,no,2025-02-28 15:00:00
37,blue-collar,single,secondary,no,88,yes,no,unknown,6,may,128,2,-1,0,unknown,no,2025-02-28 16:00:00
27,management,single,tertiary,no,616,yes,no,cellular,22,may,685,1,101,1,other,yes,2025-02-28 17:00:00
45,blue-collar,married,secondary,no,776,yes,no,cellular,6,feb,232,4,253,1,failure,no,2025-02-28 18:00:00
57,retired,married,secondary,no,939,no,yes,telephone,29,jan,267,2,-1,0,unknown,no,2025-02-28 19:00:00
42,housemaid,married,primary,no,4279,yes,no,cellular,5,feb,97,1,198,1,failure,no,2025-02-28 20:00:00
31,management,divorced,tertiary,no,297,no,no,cellular,12,aug,127,1,-1,0,unknown,no,2025-02-28 21:00:00
59,retired,married,secondary,no,997,no,yes,cellular,11,aug,250,4,-1,0,unknown,no,2025-02-28 22:00:00
39,management,married,tertiary,no,1373,no,no,cellular,19,aug,386,2,-1,0,unknown,no,2025-02-28 23:00:00
34,technician,married,secondary,no,6107,no,no,cellular,21,nov,114,3,-1,0,unknown,no,2025-03-01 00:00:00
51,management,married,tertiary,no,0,yes,no,cellular,23,jul,58,2,-1,0,unknown,no,2025-03-01 01:00:00
33,entrepreneur,married,tertiary,no,964,yes,no,cellular,18,may,97,1,180,3,failure,no,2025-03-01 02:00:00
49,blue-collar,married,primary,no,387,yes,yes,unknown,3,jun,67,5,-1,0,unknown,no,2025-03-01 03:00:00
38,management,married,tertiary,no,7255,yes,no,cellular,3,jun,78,2,44,2,failure,no,2025-03-01 04:00:00
59,housemaid,divorced,primary,no,2518,no,no,cellular,30,jul,675,3,-1,0,unknown,yes,2025-03-01 05:00:00
33,blue-collar,married,secondary,no,1454,yes,no,cellular,20,apr,322,2,-1,0,unknown,no,2025-03-01 06:00:00
44,blue-collar,married,secondary,no,373,yes,no,unknown,8,may,122,2,-1,0,unknown,no,2025-03-01 07:00:00
55,blue-collar,married,unknown,no,-102,yes,no,unknown,23,may,35,1,-1,0,unknown,no,2025-03-01 08:00:00
46,blue-collar,married,primary,yes,575,no,no,cellular,6,aug,127,3,-1,0,unknown,no,2025-03-01 09:00:00
38,unemployed,married,primary,no,-363,no,no,unknown,12,jun,340,2,-1,0,unknown,no,2025-03-01 10:00:00
26,technician,married,secondary,no,876,yes,no,unknown,28,may,713,1,-1,0,unknown,no,2025-03-01 11:00:00
32,admin.,married,secondary,no,901,yes,no,cellular,20,nov,140,1,-1,0,unknown,no,2025-03-01 12:00:00
34,admin.,single,secondary,no,852,no,no,cellular,14,apr,108,2,-1,0,unknown,no,2025-03-01 13:00:00
59,technician,married,secondary,no,2528,no,yes,unknown,19,jun,216,1,-1,0,unknown,no,2025-03-01 14:00:00
89,retired,married,primary,no,0,no,no,telephone,27,sep,157,5,-1,0,unknown,no,2025-03-01 15:00:00
57,technician,married,secondary,no,1741,no,no,cellular,23,jul,364,2,-1,0,unknown,no,2025-03-01 16:00:00
47,entrepreneur,married,secondary,no,136,yes,no,unknown,20,may,132,1,-1,0,unknown,no,2025-03-01 17:00:00
29,blue-collar,single,secondary,no,114,yes,no,cellular,6,may,500,1,-1,0,unknown,no,2025-03-01 18:00:00
29,management,married,tertiary,no,-6,yes,no,unknown,9,may,324,1,-1,0,unknown,no,2025-03-01 19:00:00
44,unemployed,single,secondary,no,3945,no,no,cellular,28,jan,255,1,-1,0,unknown,no,2025-03-01 20:00:00
33,technician,single,secondary,no,4240,yes,no,cellular,20,apr,508,1,-1,0,unknown,no,2025-03-01 21:00:00
40,unemployed,married,tertiary,no,2135,yes,no,unknown,20,jun,95,1,-1,0,unknown,no,2025-03-01 22:00:00
31,management,single,tertiary,no,1858,no,no,cellular,12,aug,453,3,-1,0,unknown,yes,2025-03-01 23:00:00
33,admin.,single,secondary,no,101,yes,no,unknown,6,may,392,1,-1,0,unknown,no,2025-03-02 00:00:00
47,blue-collar,married,secondary,no,3285,no,no,cellular,31,jul,248,5,-1,0,unknown,no,2025-03-02 01:00:00
34,services,married,secondary,no,404,yes,no,cellular,9,apr,208,12,337,1,failure,no,2025-03-02 02:00:00
44,management,married,tertiary,no,764,no,yes,cellular,15,jul,97,5,-1,0,unknown,no,2025-03-02 03:00:00
43,blue-collar,married,secondary,no,7973,yes,no,cellular,14,may,100,2,-1,0,unknown,no,2025-03-02 04:00:00
48,management,married,tertiary,no,0,yes,no,cellular,26,aug,204,2,-1,0,unknown,no,2025-03-02 05:00:00
32,management,single,tertiary,no,1077,no,no,cellular,5,aug,200,1,717,4,failure,no,2025-03-02 06:00:00
25,admin.,single,secondary,no,66,yes,no,unknown,9,jun,271,3,-1,0,unknown,no,2025-03-02 07:00:00
37,blue-collar,married,unknown,no,897,yes,no,cellular,13,apr,119,2,280,2,failure,no,2025-03-02 08:00:00
48,blue-collar,married,primary,no,9004,no,no,unknown,14,may,158,3,-1,0,unknown,no,2025-03-02 09:00:00
52,admin.,single,secondary,no,2332,no,no,cellular,29,jul,108,2,-1,0,unknown,no,2025-03-02 10:00:00
41,services,married,primary,no,510,no,no,unknown,9,jun,316,2,-1,0,unknown,no,2025-03-02 11:00:00
48,services,married,secondary,no,1555,no,no,cellular,2,feb,121,1,-1,0,unknown,no,2025-03-02 12:00:00
41,technician,married,secondary,no,169,yes,no,unknown,7,may,296,2,-1,0,unknown,no,2025-03-02 13:00:00
47,admin.,married,secondary,no,175,yes,no,cellular,15,may,236,4,262,7,failure,no,2025-03-02 14:00:00
38,blue-collar,married,secondary,no,194,yes,no,cellular,17,apr,576,4,340,7,failure,no,2025-03-02 15:00:00
53,blue-collar,single,unknown,no,0,no,no,unknown,12,may,140,7,-1,0,unknown,no,2025-03-02 16:00:00
47,management,single,tertiary,no,-295,no,yes,cellular,22,jul,333,2,-1,0,unknown,no,2025-03-02 17:00:00
33,blue-collar,married,primary,no,3704,yes,no,unknown,6,jun,447,2,-1,0,unknown,no,2025-03-02 18:00:00
48,admin.,married,secondary,no,13551,no,no,unknown,11,jun,89,3,-1,0,unknown,no,2025-03-02 19:00:00
70,retired,divorced,secondary,no,0,no,no,cellular,8,sep,206,1,-1,0,unknown,yes,2025-03-02 20:00:00
33,management,married,tertiary,no,2441,yes,yes,cellular,19,nov,154,1,-1,0,unknown,no,2025-03-02 21:00:00
30,management,single,tertiary,no,16935,no,no,cellular,28,oct,108,1,-1,0,unknown,no,2025-03-02 22:00:00
30,management,single,tertiary,no,6,yes,no,unknown,23,may,274,2,-1,0,unknown,no,2025-03-02 23:00:00
56,technician,married,tertiary,no,272,no,no,cellular,26,aug,103,2,-1,0,unknown,no,2025-03-03 00:00:00
35,admin.,single,secondary,no,57,yes,no,cellular,18,may,173,1,-1,0,unknown,no,2025-03-03 01:00:00
57,housemaid,married,primary,no,85,no,no,unknown,27,jun,194,1,-1,0,unknown,no,2025-03-03 02:00:00
36,management,married,tertiary,no,1257,no,no,cellular,8,feb,108,9,101,1,other,no,2025-03-03 03:00:00
50,technician,married,tertiary,no,133,no,no,cellular,4,aug,155,1,-1,0,unknown,no,2025-03-03 04:00:00
57,retired,married,secondary,no,156,no,yes,unknown,4,jul,106,2,-1,0,unknown,no,2025-03-03 05:00:00
55,management,divorced,tertiary,no,2383,no,no,cellular,5,aug,1019,2,63,2,success,yes,2025-03-03 06:00:00
33,management,single,tertiary,no,417,yes,no,cellular,6,feb,83,1,-1,0,unknown,no,2025-03-03 07:00:00
40,self-employed,married,secondary,no,672,yes,no,unknown,5,may,164,2,-1,0,unknown,no,2025-03-03 08:00:00
31,admin.,single,secondary,no,140,yes,yes,cellular,5,may,111,1,-1,0,unknown,no,2025-03-03 09:00:00
25,services,single,secondary,no,79,no,yes,cellular,21,jul,24,28,-1,0,unknown,no,2025-03-03 10:00:00
27,blue-collar,married,secondary,no,556,yes,no,cellular,9,feb,11,7,-1,0,unknown,no,2025-03-03 11:00:00
58,retired,married,primary,no,0,yes,no,unknown,16,jun,204,4,-1,0,unknown,no,2025-03-03 12:00:00
29,admin.,single,tertiary,no,-197,no,no,unknown,6,aug,47,1,-1,0,unknown,no,2025-03-03 13:00:00
36,management,married,tertiary,no,618,no,no,cellular,3,feb,280,2,-1,0,unknown,no,2025-03-03 14:00:00
57,technician,married,secondary,no,0,no,no,unknown,13,may,44,1,-1,0,unknown,no,2025-03-03 15:00:00
29,management,single,secondary,no,0,yes,no,cellular,22,jul,403,7,-1,0,unknown,no,2025-03-03 16:00:00
30,management,single,tertiary,no,756,no,no,cellular,13,aug,321,4,-1,0,unknown,no,2025-03-03 17:00:00
38,services,married,secondary,no,250,no,no,unknown,17,jun,72,1,-1,0,unknown,no,2025-03-03 18:00:00
64,technician,married,secondary,no,1473,yes,no,cellular,13,feb,121,2,-1,0,unknown,no,2025-03-03 19:00:00
37,services,married,secondary,no,580,yes,no,unknown,2,jun,469,2,-1,0,unknown,no,2025-03-03 20:00:00
31,admin.,married,secondary,no,236,yes,yes,telephone,4,may,211,3,-1,0,unknown,no,2025-03-03 21:00:00
29,self-employed,married,tertiary,no,0,yes,yes,cellular,31,jul,46,28,-1,0,unknown,no,2025-03-03 22:00:00
40,management,married,tertiary,no,486,yes,yes,cellular,17,nov,69,2,-1,0,unknown,no,2025-03-03 23:00:00
31,admin.,single,secondary,no,387,yes,no,cellular,13,may,228,2,370,1,failure,no,2025-03-04 00:00:00
34,management,married,secondary,no,724,yes,no,cellular,25,may,305,1,-1,0,unknown,no,2025-03-04 01:00:00
31,management,single,tertiary,no,5205,no,no,cellular,9,jun,529,2,-1,0,unknown,yes,2025-03-04 02:00:00
42,management,single,tertiary,no,433,yes,no,unknown,25,jun,375,2,-1,0,unknown,no,2025-03-04 03:00:00
33,management,married,secondary,no,1423,yes,no,cellular,15,may,333,2,364,3,failure,no,2025-03-04 04:00:00
37,management,married,secondary,no,341,no,no,unknown,3,jun,120,2,-1,0,unknown,no,2025-03-04 05:00:00
32,management,married,tertiary,no,663,no,yes,cellular,22,jul,62,3,-1,0,unknown,no,2025-03-04 06:00:00
34,blue-collar,married,primary,no,1873,yes,no,cellular,2,feb,192,1,-1,0,unknown,no,2025-03-04 07:00:00
47,admin.,married,secondary,no,533,no,yes,unknown,9,jun,128,1,-1,0,unknown,no,2025-03-04 08:00:00
51,admin.,divorced,secondary,no,74,yes,no,cellular,25,jul,79,2,-1,0,unknown,no,2025-03-04 09:00:00
40,services,married,secondary,no,17,no,no,cellular,4,jun,78,1,-1,0,unknown,no,2025-03-04 10:00:00
44,admin.,single,secondary,no,275,yes,no,cellular,14,may,7,5,367,4,failure,no,2025-03-04 11:00:00
33,blue-collar,married,secondary,no,25,yes,no,unknown,23,may,3,3,-1,0,unknown,no,2025-03-04 12:00:00
34,management,married,unknown,yes,-353,yes,no,unknown,15,may,328,1,-1,0,unknown,no,2025-03-04 13:00:00
39,blue-collar,married,secondary,no,281,no,no,unknown,20,jun,78,7,-1,0,unknown,no,2025-03-04 14:00:00
57,admin.,single,secondary,no,0,no,no,cellular,28,jul,261,4,-1,0,unknown,no,2025-03-04 15:00:00
46,blue-collar,married,primary,no,676,yes,no,cellular,20,nov,825,6,174,4,failure,no,2025-03-04 16:00:00
40,admin.,married,secondary,no,2621,no,yes,cellular,9,jul,607,4,-1,0,unknown,no,2025-03-04 17:00:00
27,blue-collar,single,secondary,yes,-233,yes,no,cellular,6,may,728,1,-1,0,unknown,no,2025-03-04 18:00:00
44,services,married,secondary,no,938,no,no,unknown,12,jun,406,1,-1,0,unknown,no,2025-03-04 19:00:00
40,admin.,divorced,secondary,no,2129,no,no,cellular,30,apr,452,1,-1,0,unknown,yes,2025-03-04 20:00:00
30,technician,single,tertiary,no,432,yes,yes,unknown,3,jun,180,3,-1,0,unknown,no,2025-03-04 21:00:00
42,management,divorced,tertiary,no,580,yes,no,cellular,31,jul,216,2,-1,0,unknown,no,2025-03-04 22:00:00
31,admin.,married,secondary,no,113,yes,no,cellular,18,nov,474,3,-1,0,unknown,no,2025-03-04 23:00:00
50,blue-collar,divorced,primary,no,-19,yes,no,cellular,21,jul,407,11,-1,0,unknown,no,2025-03-05 00:00:00
35,blue-collar,married,secondary,no,609,yes,no,telephone,10,jul,136,1,-1,0,unknown,no,2025-03-05 01:00:00
31,entrepreneur,married,tertiary,no,79,yes,no,unknown,18,oct,558,1,-1,0,unknown,no,2025-03-05 02:00:00
31,blue-collar,married,primary,no,-199,yes,yes,telephone,12,may,149,5,299,10,failure,no,2025-03-05 03:00:00
50,blue-collar,married,secondary,no,160,yes,no,unknown,13,may,334,1,-1,0,unknown,no,2025-03-05 04:00:00
36,self-employed,single,primary,no,235,yes,no,unknown,29,may,141,9,-1,0,unknown,no,2025-03-05 05:00:00
53,technician,married,unknown,no,619,no,no,unknown,17,jun,198,6,-1,0,unknown,no,2025-03-05 06:00:00
54,unknown,married,unknown,no,895,no,no,cellular,7,oct,335,1,-1,0,unknown,yes,2025-03-05 07:00:00
29,blue-collar,married,secondary,no,9,yes,no,cellular,25,jul,236,8,-1,0,unknown,no,2025-03-05 08:00:00
45,blue-collar,single,secondary,yes,0,yes,no,cellular,14,may,17,7,287,13,other,no,2025-03-05 09:00:00
46,entrepreneur,married,secondary,no,131,yes,no,cellular,20,apr,69,2,-1,0,unknown,no,2025-03-05 10:00:00
36,management,married,tertiary,no,27359,yes,no,unknown,3,jun,71,2,-1,0,unknown,no,2025-03-05 11:00:00
38,admin.,married,secondary,no,599,yes,no,cellular,4,feb,331,2,-1,0,unknown,no,2025-03-05 12:00:00
28,admin.,married,secondary,no,242,yes,no,unknown,17,sep,47,1,779,12,failure,no,2025-03-05 13:00:00
62,management,married,tertiary,no,10373,no,no,cellular,17,nov,140,3,97,3,failure,no,2025-03-05 14:00:00
30,technician,married,secondary,no,4,yes,no,cellular,8,may,17,5,-1,0,unknown,no,2025-03-05 15:00:00
48,blue-collar,married,secondary,no,-202,yes,yes,cellular,19,nov,565,1,112,4,failure,no,2025-03-05 16:00:00
43,admin.,married,secondary,no,9173,no,no,cellular,29,jul,80,2,-1,0,unknown,no,2025-03-05 17:00:00
52,blue-collar,married,secondary,no,409,no,no,cellular,8,aug,137,2,-1,0,unknown,no,2025-03-05 18:00:00
55,services,married,secondary,no,1989,no,no,cellular,28,apr,139,2,-1,0,unknown,no,2025-03-05 19:00:00
27,student,divorced,unknown,no,383,no,no,unknown,9,jul,15,1,-1,0,unknown,no,2025-03-05 20:00:00
53,management,married,tertiary,no,3366,no,no,telephone,20,nov,278,6,112,2,failure,no,2025-03-05 21:00:00
36,student,single,unknown,no,417,no,no,cellular,10,aug,304,1,181,1,success,yes,2025-03-05 22:00:00
59,technician,married,secondary,no,1866,no,no,telephone,3,feb,288,2,215,1,other,no,2025-03-05 23:00:00
34,technician,married,tertiary,no,932,yes,no,cellular,4,jun,218,1,-1,0,unknown,no,2025-03-06 00:00:00
53,self-employed,divorced,secondary,no,1287,no,no,unknown,20,jun,12,3,-1,0,unknown,no,2025-03-06 01:00:00
37,management,married,secondary,no,859,no,no,cellular,28,aug,246,15,-1,0,unknown,no,2025-03-06 02:00:00
45,services,married,secondary,no,9077,yes,no,unknown,15,may,139,1,-1,0,unknown,no,2025-03-06 03:00:00
48,management,divorced,tertiary,no,249,no,no,cellular,6,aug,293,6,-1,0,unknown,no,2025-03-06 04:00:00
33,self-employed,married,tertiary,no,-103,yes,no,cellular,19,nov,149,2,175,1,failure,no,2025-03-06 05:00:00
25,student,single,tertiary,no,1189,no,no,cellular,3,jun,165,1,-1,0,unknown,yes,2025-03-06 06:00:00
34,management,married,tertiary,no,1036,yes,no,cellular,2,mar,78,4,103,7,failure,no,2025-03-06 07:00:00
37,technician,married,secondary,no,511,yes,no,unknown,13,may,232,4,-1,0,unknown,no,2025-03-06 08:00:00
31,technician,married,secondary,no,3706,yes,no,cellular,20,nov,129,1,-1,0,unknown,no,2025-03-06 09:00:00
60,retired,married,primary,no,364,yes,no,unknown,6,may,631,2,-1,0,unknown,no,2025-03-06 10:00:00
27,management,single,tertiary,no,-98,yes,yes,unknown,16,may,344,2,-1,0,unknown,no,2025-03-06 11:00:00
39,blue-collar,single,secondary,no,254,no,no,cellular,27,may,128,4,-1,0,unknown,no,2025-03-06 12:00:00
34,technician,single,secondary,no,2583,no,no,cellular,28,aug,64,1,95,2,failure,no,2025-03-06 13:00:00
42,blue-collar,married,primary,no,201,yes,no,cellular,11,aug,265,1,103,3,success,yes,2025-03-06 14:00:00
37,services,single,secondary,no,459,no,no,telephone,16,jul,61,14,-1,0,unknown,no,2025-03-06 15:00:00
50,blue-collar,married,primary,no,5356,no,no,unknown,13,may,289,1,-1,0,unknown,no,2025-03-06 16:00:00
41,admin.,married,secondary,no,158,yes,no,cellular,24,mar,115,2,-1,0,unknown,no,2025-03-06 17:00:00
26,technician,single,tertiary,no,1972,yes,no,cellular,29,jan,221,2,-1,0,unknown,no,2025-03-06 18:00:00
27,management,single,tertiary,no,6791,no,no,telephone,22,mar,174,2,229,28,success,no,2025-03-06 19:00:00
49,admin.,married,secondary,no,-209,no,no,unknown,30,may,171,1,-1,0,unknown,no,2025-03-06 20:00:00
26,admin.,single,secondary,no,985,yes,no,cellular,6,may,267,2,-1,0,unknown,no,2025-03-06 21:00:00
57,retired,single,tertiary,no,842,no,no,cellular,13,aug,284,3,-1,0,unknown,yes,2025-03-06 22:00:00
45,management,married,tertiary,no,3857,yes,no,cellular,11,aug,425,2,190,1,failure,no,2025-03-06 23:00:00
27,management,single,tertiary,no,390,no,no,cellular,9,feb,120,2,104,2,failure,yes,2025-03-07 00:00:00
40,blue-collar,single,secondary,no,1,yes,no,unknown,8,may,190,1,-1,0,unknown,no,2025-03-07 01:00:00
33,technician,single,secondary,no,374,yes,yes,unknown,2,jun,185,1,-1,0,unknown,no,2025-03-07 02:00:00
39,blue-collar,married,secondary,no,3832,yes,no,unknown,20,jun,14,13,-1,0,unknown,no,2025-03-07 03:00:00
60,retired,married,secondary,no,3570,no,no,telephone,28,jul,112,2,-1,0,unknown,no,2025-03-07 04:00:00
35,blue-collar,married,secondary,no,3181,yes,no,cellular,18,may,28,6,-1,0,unknown,no,2025-03-07 05:00:00
39,self-employed,divorced,tertiary,no,0,no,no,cellular,8,aug,34,2,-1,0,unknown,no,2025-03-07 06:00:00
36,admin.,married,tertiary,no,0,yes,no,cellular,18,jul,837,8,-1,0,unknown,no,2025-03-07 07:00:00
42,management,married,tertiary,no,4,yes,no,cellular,17,jul,795,1,-1,0,unknown,yes,2025-03-07 08:00:00
47,management,married,tertiary,no,1224,no,no,cellular,21,aug,189,2,-1,0,unknown,no,2025-03-07 09:00:00
32,management,single,tertiary,no,1613,no,no,cellular,21,nov,24,5,-1,0,unknown,no,2025-03-07 10:00:00
33,technician,single,tertiary,no,3689,no,no,cellular,27,aug,445,3,-1,0,unknown,yes,2025-03-07 11:00:00
25,technician,single,secondary,no,139,no,yes,cellular,12,oct,138,1,-1,0,unknown,yes,2025-03-07 12:00:00
26,management,single,tertiary,no,222,no,no,cellular,28,jun,247,1,63,2,success,yes,2025-03-07 13:00:00
25,services,single,secondary,no,1119,yes,no,cellular,18,may,1063,1,-1,0,unknown,yes,2025-03-07 14:00:00
33,blue-collar,divorced,primary,no,142,yes,no,telephone,11,may,41,2,300,5,failure,no,2025-03-07 15:00:00
46,technician,divorced,secondary,no,387,yes,yes,cellular,3,apr,298,1,-1,0,unknown,no,2025-03-07 16:00:00
36,technician,married,unknown,no,756,no,no,cellular,11,jul,396,3,-1,0,unknown,no,2025-03-07 17:00:00
38,management,married,tertiary,no,6999,no,no,unknown,20,jun,11,2,-1,0,unknown,no,2025-03-07 18:00:00
29,management,single,tertiary,no,765,no,no,cellular,16,nov,238,1,-1,0,unknown,yes,2025-03-07 19:00:00
60,technician,married,primary,no,4243,yes,no,cellular,4,feb,387,1,251,1,failure,no,2025-03-07 20:00:00
34,management,married,tertiary,no,577,yes,no,cellular,18,nov,80,1,-1,0,unknown,no,2025-03-07 21:00:00
35,technician,married,secondary,no,1577,yes,yes,cellular,17,nov,53,1,-1,0,unknown,no,2025-03-07 22:00:00
25,technician,single,secondary,no,534,no,no,cellular,15,jul,167,7,-1,0,unknown,no,2025-03-07 23:00:00
29,admin.,divorced,secondary,no,891,no,no,unknown,12,may,820,1,-1,0,unknown,no,2025-03-08 00:00:00
36,management,married,tertiary,no,428,no,no,unknown,28,may,121,1,-1,0,unknown,no,2025-03-08 01:00:00
29,management,married,tertiary,no,805,no,no,cellular,28,jan,70,1,-1,0,unknown,no,2025-03-08 02:00:00
49,housemaid,married,primary,no,0,yes,no,cellular,25,jul,42,3,-1,0,unknown,no,2025-03-08 03:00:00
72,retired,married,primary,no,4657,no,no,telephone,23,mar,255,1,91,8,success,yes,2025-03-08 04:00:00
26,admin.,single,secondary,yes,-42,no,yes,cellular,30,jul,305,3,-1,0,unknown,no,2025-03-08 05:00:00
23,admin.,single,tertiary,no,0,no,no,cellular,5,mar,168,2,-1,0,unknown,no,2025-03-08 06:00:00
58,retired,married,primary,no,1351,yes,no,telephone,17,apr,392,3,-1,0,unknown,no,2025-03-08 07:00:00
52,admin.,single,secondary,no,2398,yes,no,cellular,3,nov,412,1,-1,0,unknown,yes,2025-03-08 08:00:00
48,management,married,tertiary,yes,-4,no,no,cellular,5,aug,97,1,-1,0,unknown,no,2025-03-08 09:00:00
44,management,married,tertiary,no,2365,no,yes,cellular,26,may,159,3,-1,0,unknown,no,2025-03-08 10:00:00
72,retired,married,primary,no,4657,no,no,cellular,22,dec,305,3,309,5,success,yes,2025-03-08 11:00:00
32,services,single,secondary,no,-408,yes,no,unknown,23,may,253,2,-1,0,unknown,no,2025-03-08 12:00:00
33,management,single,tertiary,no,2465,no,no,cellular,16,nov,139,2,95,1,success,no,2025-03-08 13:00:00
32,blue-collar,divorced,secondary,no,880,yes,yes,unknown,4,jun,112,1,-1,0,unknown,no,2025-03-08 14:00:00
38,services,married,secondary,no,1,no,yes,cellular,21,nov,152,2,-1,0,unknown,no,2025-03-08 15:00:00
54,blue-collar,married,primary,no,0,yes,no,cellular,12,may,77,4,341,2,failure,no,2025-03-08 16:00:00
52,blue-collar,married,secondary,no,580,no,no,cellular,21,nov,965,2,-1,0,unknown,yes,2025-03-08 17:00:00
33,services,married,secondary,no,360,yes,no,cellular,29,jan,103,1,185,13,other,no,2025-03-08 18:00:00
34,services,divorced,secondary,no,78,yes,no,unknown,7,may,35,3,-1,0,unknown,no,2025-03-08 19:00:00
44,technician,single,tertiary,no,166,yes,no,unknown,13,may,267,3,-1,0,unknown,no,2025-03-08 20:00:00
33,technician,single,secondary,no,18,no,no,cellular,22,aug,93,2,-1,0,unknown,no,2025-03-08 21:00:00
67,retired,divorced,secondary,no,704,no,no,cellular,8,feb,186,2,97,1,success,yes,2025-03-08 22:00:00
43,entrepreneur,married,primary,no,346,yes,no,cellular,21,nov,9,5,-1,0,unknown,no,2025-03-08 23:00:00
33,management,married,tertiary,no,4149,no,yes,cellular,18,jul,159,2,-1,0,unknown,no,2025-03-09 00:00:00
46,blue-collar,married,primary,no,1844,no,no,unknown,19,jun,29,1,-1,0,unknown,no,2025-03-09 01:00:00
38,admin.,divorced,secondary,no,308,yes,no,unknown,6,may,102,1,-1,0,unknown,no,2025-03-09 02:00:00
46,technician,married,secondary,no,518,no,no,cellular,25,aug,68,6,-1,0,unknown,no,2025-03-09 03:00:00
33,management,single,tertiary,no,5437,no,no,cellular,10,aug,131,1,98,2,success,no,2025-03-09 04:00:00
33,management,married,tertiary,no,130,no,no,cellular,25,aug,121,8,-1,0,unknown,no,2025-03-09 05:00:00
30,technician,single,secondary,no,2567,no,no,cellular,18,jun,813,4,-1,0,unknown,yes,2025-03-09 06:00:00
44,blue-collar,single,secondary,no,712,yes,yes,cellular,6,apr,740,3,-1,0,unknown,yes,2025-03-09 07:00:00
44,entrepreneur,married,secondary,yes,-848,yes,no,unknown,19,may,468,1,-1,0,unknown,no,2025-03-09 08:00:00
42,admin.,married,secondary,no,445,yes,no,unknown,5,may,67,1,-1,0,unknown,no,2025-03-09 09:00:00
43,blue-collar,married,secondary,no,184,no,yes,cellular,16,jul,1019,11,-1,0,unknown,yes,2025-03-09 10:00:00
44,technician,married,secondary,no,3444,no,no,cellular,6,aug,212,3,-1,0,unknown,no,2025-03-09 11:00:00
34,blue-collar,married,secondary,no,1897,yes,yes,cellular,19,nov,441,1,-1,0,unknown,no,2025-03-09 12:00:00
33,self-employed,married,secondary,no,0,yes,no,cellular,31,jul,14,23,-1,0,unknown,no,2025-03-09 13:00:00
27,housemaid,married,primary,no,275,yes,no,cellular,14,may,196,2,-1,0,unknown,no,2025-03-09 14:00:00
31,technician,single,secondary,no,622,no,no,cellular,4,feb,15,5,-1,0,unknown,no,2025-03-09 15:00:00
35,blue-collar,single,secondary,no,0,yes,no,cellular,11,may,371,1,305,1,failure,no,2025-03-09 16:00:00
42,management,married,tertiary,no,2137,no,no,cellular,19,aug,121,4,-1,0,unknown,no,2025-03-09 17:00:00
51,services,divorced,secondary,no,65,no,yes,cellular,15,jul,881,1,-1,0,unknown,yes,2025-03-09 18:00:00
38,services,single,secondary,no,570,yes,no,unknown,5,may,75,2,-1,0,unknown,no,2025-03-09 19:00:00
51,unknown,single,unknown,no,0,no,no,unknown,5,jun,409,1,-1,0,unknown,no,2025-03-09 20:00:00
29,student,single,tertiary,no,80,yes,no,cellular,15,may,15,5,361,1,failure,no,2025-03-09 21:00:00
37,management,married,tertiary,no,156,no,no,cellular,19,nov,366,3,-1,0,unknown,yes,2025-03-09 22:00:00
27,blue-collar,single,primary,no,5,yes,no,cellular,18,may,182,1,-1,0,unknown,no,2025-03-09 23:00:00
28,services,single,secondary,no,525,no,no,cellular,23,jul,81,1,-1,0,unknown,no,2025-03-10 00:00:00
29,management,single,tertiary,no,536,no,no,cellular,29,jan,418,2,-1,0,unknown,no,2025-03-10 01:00:00
26,technician,married,tertiary,no,-488,yes,no,unknown,3,jun,320,1,-1,0,unknown,no,2025-03-10 02:00:00
47,entrepreneur,divorced,secondary,no,392,yes,yes,cellular,19,nov,125,1,-1,0,unknown,no,2025-03-10 03:00:00
32,technician,single,secondary,no,535,yes,yes,unknown,27,may,156,2,-1,0,unknown,no,2025-03-10 04:00:00
77,retired,married,secondary,no,638,no,no,cellular,11,feb,288,1,188,1,success,yes,2025-03-10 05:00:00
49,blue-collar,married,primary,no,3659,yes,no,unknown,7,may,160,1,-1,0,unknown,no,2025-03-10 06:00:00
47,blue-collar,married,primary,no,1865,yes,no,unknown,8,may,380,3,-1,0,unknown,no,2025-03-10 07:00:00
60,retired,divorced,tertiary,no,2,no,no,cellular,2,mar,228,4,390,2,other,yes,2025-03-10 08:00:00
41,blue-collar,married,secondary,no,1354,yes,no,cellular,4,may,106,2,-1,0,unknown,no,2025-03-10 09:00:00
31,management,single,tertiary,no,155,yes,no,cellular,5,aug,291,1,-1,0,unknown,no,2025-03-10 10:00:00
44,technician,divorced,secondary,no,14,no,no,cellular,13,aug,234,1,-1,0,unknown,yes,2025-03-10 11:00:00
45,technician,married,secondary,no,1415,yes,no,cellular,17,nov,483,1,116,1,failure,no,2025-03-10 12:00:00
32,technician,single,tertiary,no,392,yes,no,cellular,1,apr,957,2,131,2,failure,no,2025-03-10 13:00:00
63,retired,single,tertiary,no,70,no,no,cellular,27,jul,82,2,-1,0,unknown,no,2025-03-10 14:00:00
31,blue-collar,married,secondary,no,1779,yes,no,unknown,5,jun,85,2,-1,0,unknown,no,2025-03-10 15:00:00
53,blue-collar,married,secondary,no,-108,yes,no,cellular,12,may,11,12,175,3,other,no,2025-03-10 16:00:00
32,blue-collar,single,secondary,no,3662,no,no,telephone,28,jan,309,1,-1,0,unknown,no,2025-03-10 17:00:00
24,technician,single,tertiary,no,10,yes,no,cellular,18,may,78,2,367,2,other,no,2025-03-10 18:00:00
35,management,single,tertiary,no,824,yes,no,cellular,16,apr,693,2,-1,0,unknown,no,2025-03-10 19:00:00
30,technician,single,tertiary,no,198,yes,no,cellular,16,apr,308,1,-1,0,unknown,no,2025-03-10 20:00:00
42,blue-collar,married,primary,no,15,yes,no,unknown,6,may,230,1,-1,0,unknown,no,2025-03-10 21:00:00
55,management,married,tertiary,no,7803,no,no,cellular,15,jan,441,1,-1,0,unknown,yes,2025-03-10 22:00:00
69,retired,married,secondary,no,0,no,no,cellular,28,apr,184,2,126,2,other,yes,2025-03-10 23:00:00
38,technician,married,secondary,no,61,yes,no,unknown,28,may,97,1,-1,0,unknown,no,2025-03-11 00:00:00
54,technician,married,secondary,no,42,no,yes,unknown,3,jul,389,2,-1,0,unknown,no,2025-03-11 01:00:00
28,student,married,tertiary,no,803,yes,no,cellular,25,may,324,1,-1,0,unknown,no,2025-03-11 02:00:00
52,unemployed,divorced,secondary,no,230,no,no,cellular,24,dec,422,2,-1,0,unknown,yes,2025-03-11 03:00:00
26,technician,married,secondary,no,370,no,yes,cellular,8,jul,1061,4,-1,0,unknown,yes,2025-03-11 04:00:00
32,technician,married,secondary,no,484,yes,no,cellular,12,aug,668,2,463,1,success,yes,2025-03-11 05:00:00
55,admin.,married,secondary,no,602,no,no,cellular,7,sep,350,1,98,5,success,yes,2025-03-11 06:00:00
34,blue-collar,married,secondary,no,1988,yes,no,telephone,29,jan,53,1,266,2,failure,no,2025-03-11 07:00:00
45,blue-collar,married,primary,no,0,yes,yes,cellular,12,may,36,3,172,5,failure,no,2025-03-11 08:00:00
37,blue-collar,single,secondary,no,7622,yes,yes,telephone,6,may,111,1,-1,0,unknown,no,2025-03-11 09:00:00
52,blue-collar,married,unknown,no,33,no,no,telephone,8,may,301,1,-1,0,unknown,no,2025-03-11 10:00:00
30,unemployed,single,primary,no,15261,no,no,cellular,9,feb,43,5,-1,0,unknown,no,2025-03-11 11:00:00
77,retired,married,tertiary,no,7802,no,no,telephone,4,may,421,1,92,2,success,yes,2025-03-11 12:00:00
34,services,married,secondary,no,0,yes,no,cellular,29,jul,55,3,-1,0,unknown,no,2025-03-11 13:00:00
51,retired,divorced,primary,no,1193,yes,no,cellular,30,jul,85,2,-1,0,unknown,no,2025-03-11 14:00:00
69,management,married,secondary,no,4,no,no,cellular,23,oct,114,4,-1,0,unknown,no,2025-03-11 15:00:00
58,blue-collar,married,secondary,no,886,no,no,unknown,16,may,302,4,-1,0,unknown,no,2025-03-11 16:00:00
58,retired,married,primary,no,235,yes,no,unknown,5,may,167,1,-1,0,unknown,no,2025-03-11 17:00:00
34,technician,married,tertiary,no,0,no,no,cellular,6,oct,89,1,133,1,failure,no,2025-03-11 18:00:00
37,admin.,divorced,secondary,no,796,no,no,unknown,19,jun,104,1,-1,0,unknown,no,2025-03-11 19:00:00
32,blue-collar,married,secondary,no,759,yes,no,cellular,9,apr,317,5,-1,0,unknown,yes,2025-03-11 20:00:00
41,admin.,single,secondary,no,400,yes,no,unknown,4,jun,99,6,-1,0,unknown,no,2025-03-11 21:00:00
54,management,married,tertiary,no,1014,no,yes,cellular,30,apr,240,1,162,2,failure,yes,2025-03-11 22:00:00
42,technician,married,secondary,no,162,yes,no,cellular,11,may,139,1,-1,0,unknown,no,2025-03-11 23:00:00
43,blue-collar,married,secondary,no,-19,yes,no,cellular,5,feb,124,3,-1,0,unknown,no,2025-03-12 00:00:00
36,services,married,secondary,no,1746,yes,no,cellular,7,apr,15,1,316,1,failure,no,2025-03-12 01:00:00
54,unemployed,married,secondary,no,3250,no,no,cellular,31,jul,94,3,-1,0,unknown,no,2025-03-12 02:00:00
43,blue-collar,married,secondary,no,57,yes,no,cellular,25,jul,188,5,-1,0,unknown,no,2025-03-12 03:00:00
27,services,single,secondary,no,230,no,no,unknown,27,jul,5,1,-1,0,unknown,no,2025-03-12 04:00:00
38,blue-collar,married,primary,no,451,yes,no,unknown,2,jun,128,3,-1,0,unknown,no,2025-03-12 05:00:00
37,management,married,tertiary,no,658,yes,no,cellular,5,may,838,1,-1,0,unknown,yes,2025-03-12 06:00:00
36,management,married,tertiary,no,2660,no,no,cellular,6,aug,252,2,-1,0,unknown,no,2025-03-12 07:00:00
31,services,single,secondary,no,1599,no,no,cellular,30,apr,226,1,78,2,success,no,2025-03-12 08:00:00
43,services,married,secondary,no,2145,no,no,cellular,22,may,271,1,183,3,failure,yes,2025-03-12 09:00:00
50,admin.,single,secondary,no,424,yes,no,unknown,12,may,72,2,-1,0,unknown,no,2025-03-12 10:00:00
56,retired,married,primary,no,-299,yes,no,unknown,28,may,68,1,-1,0,unknown,no,2025-03-12 11:00:00
34,admin.,married,secondary,no,804,yes,no,cellular,23,jul,256,9,-1,0,unknown,no,2025-03-12 12:00:00
46,services,married,secondary,no,9077,yes,no,cellular,17,apr,427,2,337,1,failure,no,2025-03-12 13:00:00
50,blue-collar,married,primary,no,33,yes,no,unknown,2,jun,134,8,-1,0,unknown,no,2025-03-12 14:00:00
35,technician,single,tertiary,no,0,yes,no,cellular,6,aug,411,2,-1,0,unknown,no,2025-03-12 15:00:00
28,entrepreneur,single,tertiary,no,104,no,no,cellular,30,apr,170,1,-1,0,unknown,no,2025-03-12 16:00:00
81,retired,divorced,primary,no,519,no,no,telephone,9,sep,488,1,-1,0,unknown,no,2025-03-12 17:00:00
32,blue-collar,married,secondary,no,-428,yes,no,unknown,13,may,518,1,-1,0,unknown,no,2025-03-12 18:00:00
26,blue-collar,single,primary,no,-295,yes,no,cellular,6,may,138,1,-1,0,unknown,no,2025-03-12 19:00:00
33,entrepreneur,married,secondary,no,-118,yes,yes,unknown,27,may,421,3,-1,0,unknown,no,2025-03-12 20:00:00
39,technician,married,secondary,no,0,yes,no,unknown,5,may,203,1,-1,0,unknown,no,2025-03-12 21:00:00
45,management,married,unknown,no,2466,no,no,telephone,27,mar,124,1,-1,0,unknown,no,2025-03-12 22:00:00
46,management,married,tertiary,no,618,yes,no,unknown,13,may,54,3,-1,0,unknown,no,2025-03-12 23:00:00
54,services,married,primary,no,392,no,no,cellular,18,aug,254,8,-1,0,unknown,no,2025-03-13 00:00:00
48,blue-collar,married,secondary,no,5089,yes,no,cellular,18,may,30,7,-1,0,unknown,no,2025-03-13 01:00:00
50,entrepreneur,married,tertiary,no,8649,yes,no,cellular,20,nov,141,1,-1,0,unknown,no,2025-03-13 02:00:00
39,blue-collar,married,primary,no,476,yes,no,cellular,12,may,212,1,349,4,failure,no,2025-03-13 03:00:00
47,admin.,single,primary,no,683,no,no,cellular,20,nov,101,1,-1,0,unknown,no,2025-03-13 04:00:00
47,technician,married,secondary,no,335,no,no,cellular,4,may,417,1,76,1,success,yes,2025-03-13 05:00:00
54,admin.,married,unknown,no,907,yes,no,unknown,15,may,71,1,-1,0,unknown,no,2025-03-13 06:00:00
41,entrepreneur,married,unknown,no,89,yes,no,unknown,6,may,333,2,-1,0,unknown,no,2025-03-13 07:00:00
39,technician,single,secondary,no,102,yes,no,cellular,14,aug,272,2,-1,0,unknown,no,2025-03-13 08:00:00
41,blue-collar,single,secondary,no,3851,no,no,cellular,19,nov,130,1,-1,0,unknown,no,2025-03-13 09:00:00
53,management,divorced,tertiary,no,5187,no,yes,cellular,17,nov,560,2,-1,0,unknown,no,2025-03-13 10:00:00
53,blue-collar,married,primary,no,252,no,no,cellular,31,jul,727,4,-1,0,unknown,yes,2025-03-13 11:00:00
27,technician,single,tertiary,no,290,no,no,cellular,10,aug,88,1,-1,0,unknown,no,2025-03-13 12:00:00
42,management,married,tertiary,no,223,no,no,cellular,6,aug,92,6,-1,0,unknown,no,2025-03-13 13:00:00
30,blue-collar,single,secondary,no,180,no,no,cellular,14,jul,203,1,183,2,failure,no,2025-03-13 14:00:00
30,technician,single,tertiary,no,1,no,no,cellular,20,aug,88,2,-1,0,unknown,no,2025-03-13 15:00:00
29,management,single,tertiary,no,637,yes,no,cellular,3,jun,340,1,119,1,failure,yes,2025-03-13 16:00:00
33,entrepreneur,single,tertiary,no,327,yes,yes,unknown,6,jun,562,2,-1,0,unknown,no,2025-03-13 17:00:00
29,services,married,secondary,no,399,no,no,cellular,18,dec,454,6,199,1,failure,no,2025-03-13 18:00:00
38,services,married,secondary,yes,-242,yes,yes,unknown,20,may,236,2,-1,0,unknown,no,2025-03-13 19:00:00
24,blue-collar,married,secondary,no,-254,yes,yes,unknown,27,may,290,2,-1,0,unknown,no,2025-03-13 20:00:00
35,management,married,tertiary,no,1078,yes,no,cellular,31,jul,48,4,-1,0,unknown,no,2025-03-13 21:00:00
37,blue-collar,married,primary,no,380,yes,yes,cellular,4,jul,548,2,-1,0,unknown,no,2025-03-13 22:00:00
58,self-employed,married,primary,no,1013,yes,no,cellular,11,aug,206,1,461,1,failure,yes,2025-03-13 23:00:00
36,technician,married,secondary,no,196,yes,no,cellular,20,aug,687,2,-1,0,unknown,no,2025-03-14 00:00:00
40,admin.,single,secondary,no,315,yes,no,cellular,20,apr,44,1,-1,0,unknown,no,2025-03-14 01:00:00
27,blue-collar,married,secondary,no,373,yes,no,unknown,4,jun,49,1,-1,0,unknown,no,2025-03-14 02:00:00
60,retired,married,primary,no,1664,yes,no,unknown,4,jun,142,2,-1,0,unknown,no,2025-03-14 03:00:00
28,management,single,secondary,no,171,no,no,cellular,5,jun,324,1,87,1,success,yes,2025-03-14 04:00:00
32,blue-collar,married,secondary,no,715,yes,no,unknown,8,may,108,2,-1,0,unknown,no,2025-03-14 05:00:00
33,self-employed,married,secondary,no,173,no,no,cellular,18,aug,26,5,-1,0,unknown,no,2025-03-14 06:00:00
34,management,married,tertiary,no,62,no,no,cellular,7,aug,169,2,-1,0,unknown,no,2025-03-14 07:00:00
32,management,single,tertiary,no,1271,yes,no,unknown,20,may,51,1,-1,0,unknown,no,2025-03-14 08:00:00
57,self-employed,married,unknown,no,964,no,no,unknown,11,jun,70,5,-1,0,unknown,no,2025-03-14 09:00:00
53,retired,married,primary,no,3,no,no,cellular,30,jan,114,4,-1,0,unknown,no,2025-03-14 10:00:00
32,housemaid,single,tertiary,no,4,yes,no,cellular,21,aug,776,2,-1,0,unknown,no,2025-03-14 11:00:00
36,admin.,single,secondary,no,268,no,yes,cellular,29,jan,719,1,-1,0,unknown,no,2025-03-14 12:00:00
38,blue-collar,married,secondary,no,99,no,no,telephone,29,jan,191,2,-1,0,unknown,no,2025-03-14 13:00:00
59,retired,married,primary,no,0,no,no,cellular,19,aug,288,2,-1,0,unknown,no,2025-03-14 14:00:00
38,management,single,tertiary,no,0,yes,no,unknown,8,may,92,3,-1,0,unknown,no,2025-03-14 15:00:00
44,services,married,secondary,no,-254,no,no,unknown,20,jun,25,1,-1,0,unknown,no,2025-03-14 16:00:00
32,blue-collar,married,secondary,no,578,yes,no,cellular,30,jan,206,3,-1,0,unknown,no,2025-03-14 17:00:00
38,blue-collar,married,secondary,no,1556,yes,no,cellular,12,may,191,3,-1,0,unknown,no,2025-03-14 18:00:00
30,unemployed,single,tertiary,no,4082,no,no,telephone,14,jun,215,1,459,17,other,no,2025-03-14 19:00:00
73,retired,married,primary,no,796,no,no,cellular,23,oct,427,1,182,2,failure,yes,2025-03-14 20:00:00
29,entrepreneur,single,secondary,no,158,yes,no,cellular,25,jul,241,2,-1,0,unknown,no,2025-03-14 21:00:00
49,services,married,secondary,no,153,no,no,cellular,6,aug,123,4,-1,0,unknown,no,2025-03-14 22:00:00
29,admin.,single,secondary,no,266,yes,no,cellular,6,may,540,1,-1,0,unknown,yes,2025-03-14 23:00:00
38,entrepreneur,married,tertiary,no,1514,no,yes,cellular,21,nov,160,3,120,3,failure,no,2025-03-15 00:00:00
39,services,single,primary,no,4453,yes,no,cellular,10,jul,156,1,-1,0,unknown,no,2025-03-15 01:00:00
53,management,married,tertiary,no,57,no,yes,cellular,19,nov,84,3,-1,0,unknown,no,2025-03-15 02:00:00
44,blue-collar,divorced,secondary,no,370,yes,no,cellular,11,may,128,1,369,1,failure,no,2025-03-15 03:00:00
36,self-employed,single,tertiary,no,977,no,no,unknown,20,jun,172,2,-1,0,unknown,no,2025-03-15 04:00:00
44,technician,divorced,secondary,no,65,no,no,cellular,21,aug,148,4,-1,0,unknown,no,2025-03-15 05:00:00
31,blue-collar,single,secondary,yes,-575,yes,no,unknown,2,jun,153,9,-1,0,unknown,no,2025-03-15 06:00:00
57,retired,married,secondary,yes,32,yes,no,cellular,15,may,476,3,-1,0,unknown,no,2025-03-15 07:00:00
56,retired,divorced,secondary,no,4166,yes,no,unknown,16,may,378,1,-1,0,unknown,no,2025-03-15 08:00:00
39,housemaid,married,primary,no,694,yes,yes,cellular,18,nov,91,1,168,2,other,no,2025-03-15 09:00:00
34,management,divorced,tertiary,no,4231,yes,no,cellular,11,aug,382,2,-1,0,unknown,no,2025-03-15 10:00:00
59,housemaid,married,primary,no,5501,no,no,unknown,9,jun,172,4,-1,0,unknown,no,2025-03-15 11:00:00
71,retired,divorced,secondary,no,0,no,no,cellular,26,feb,771,1,171,1,success,yes,2025-03-15 12:00:00
41,management,married,tertiary,yes,852,yes,yes,cellular,27,aug,157,10,-1,0,unknown,no,2025-03-15 13:00:00
63,technician,married,secondary,no,896,yes,no,cellular,28,jan,115,3,91,4,other,no,2025-03-15 14:00:00
52,services,married,primary,no,3016,yes,yes,cellular,3,feb,142,1,-1,0,unknown,no,2025-03-15 15:00:00
27,entrepreneur,single,tertiary,no,81,no,no,cellular,5,feb,197,1,199,3,failure,no,2025-03-15 16:00:00
42,services,married,secondary,no,9277,yes,no,cellular,15,may,395,1,361,3,other,no,2025-03-15 17:00:00
30,management,single,tertiary,no,1761,yes,no,cellular,15,may,229,2,294,1,other,no,2025-03-15 18:00:00
38,blue-collar,single,unknown,no,573,yes,no,unknown,12,may,334,7,-1,0,unknown,no,2025-03-15 19:00:00
30,technician,single,secondary,no,-208,yes,yes,unknown,13,may,108,1,-1,0,unknown,no,2025-03-15 20:00:00
27,technician,single,tertiary,no,-152,yes,yes,cellular,29,jan,236,2,-1,0,unknown,no,2025-03-15 21:00:00
39,blue-collar,married,primary,no,592,yes,no,unknown,2,jun,222,2,-1,0,unknown,no,2025-03-15 22:00:00
46,technician,divorced,secondary,no,3455,yes,no,cellular,20,nov,120,4,190,2,failure,no,2025-03-15 23:00:00
35,management,single,tertiary,no,2749,no,no,cellular,13,may,127,1,-1,0,unknown,no,2025-03-16 00:00:00
55,blue-collar,married,primary,no,571,yes,no,unknown,16,may,323,4,-1,0,unknown,no,2025-03-16 01:00:00
35,admin.,married,secondary,no,-112,no,no,cellular,29,jul,394,4,-1,0,unknown,no,2025-03-16 02:00:00
41,management,married,tertiary,no,832,yes,yes,cellular,21,nov,164,1,176,1,failure,no,2025-03-16 03:00:00
42,blue-collar,married,primary,no,1059,yes,no,unknown,20,may,163,2,-1,0,unknown,no,2025-03-16 04:00:00
51,entrepreneur,married,unknown,no,606,yes,no,unknown,28,may,560,9,-1,0,unknown,yes,2025-03-16 05:00:00
50,services,single,secondary,no,1205,yes,no,unknown,6,jun,82,2,-1,0,unknown,no,2025-03-16 06:00:00
67,retired,married,primary,no,2391,no,no,cellular,28,jun,737,6,186,10,other,yes,2025-03-16 07:00:00
36,blue-collar,married,unknown,no,1033,no,no,unknown,5,may,238,2,-1,0,unknown,no,2025-03-16 08:00:00
27,services,single,secondary,no,339,no,no,cellular,4,jun,182,1,-1,0,unknown,yes,2025-03-16 09:00:00
36,unemployed,single,primary,no,4148,no,no,cellular,30,jan,193,3,-1,0,unknown,no,2025-03-16 10:00:00
55,blue-collar,married,secondary,no,-256,yes,yes,unknown,9,may,136,2,-1,0,unknown,no,2025-03-16 11:00:00
56,retired,married,secondary,no,415,no,no,cellular,22,aug,158,2,-1,0,unknown,no,2025-03-16 12:00:00
38,technician,married,tertiary,no,128,no,no,cellular,13,aug,183,5,-1,0,unknown,no,2025-03-16 13:00:00
53,blue-collar,married,unknown,no,5624,no,no,cellular,29,jul,153,2,-1,0,unknown,no,2025-03-16 14:00:00
71,retired,married,unknown,no,362,no,no,telephone,12,feb,139,2,-1,0,unknown,no,2025-03-16 15:00:00
31,technician,single,secondary,no,433,no,no,cellular,11,aug,1504,2,-1,0,unknown,no,2025-03-16 16:00:00
48,technician,married,primary,yes,-530,no,yes,cellular,19,nov,119,1,-1,0,unknown,no,2025-03-16 17:00:00
31,services,married,secondary,no,-489,yes,yes,cellular,19,nov,392,3,-1,0,unknown,no,2025-03-16 18:00:00
31,technician,single,secondary,no,1819,yes,no,unknown,15,may,226,2,-1,0,unknown,no,2025-03-16 19:00:00
31,unemployed,married,secondary,no,375,yes,no,cellular,17,apr,218,1,-1,0,unknown,no,2025-03-16 20:00:00
47,admin.,married,secondary,no,1808,no,yes,cellular,17,jul,125,1,-1,0,unknown,no,2025-03-16 21:00:00
22,services,single,primary,no,35,yes,no,unknown,28,may,106,3,-1,0,unknown,no,2025-03-16 22:00:00
50,admin.,divorced,secondary,no,556,yes,no,cellular,25,jul,305,1,-1,0,unknown,no,2025-03-16 23:00:00
32,blue-collar,married,secondary,no,-208,yes,yes,unknown,9,may,325,1,-1,0,unknown,no,2025-03-17 00:00:00
47,unemployed,divorced,secondary,no,947,no,no,cellular,5,feb,124,2,-1,0,unknown,no,2025-03-17 01:00:00
28,blue-collar,single,secondary,no,6307,yes,no,unknown,28,may,615,1,-1,0,unknown,no,2025-03-17 02:00:00
43,management,married,secondary,no,452,yes,no,unknown,16,may,107,2,-1,0,unknown,no,2025-03-17 03:00:00
28,admin.,married,secondary,no,511,no,no,cellular,28,jan,485,1,-1,0,unknown,no,2025-03-17 04:00:00
26,blue-collar,single,secondary,no,384,yes,no,cellular,18,may,16,1,364,2,other,no,2025-03-17 05:00:00
33,technician,married,secondary,no,763,no,no,cellular,13,aug,182,8,-1,0,unknown,no,2025-03-17 06:00:00
24,student,single,secondary,no,423,yes,no,unknown,5,may,226,3,-1,0,unknown,no,2025-03-17 07:00:00
35,management,divorced,tertiary,no,538,yes,no,cellular,21,nov,109,2,193,4,failure,no,2025-03-17 08:00:00
33,admin.,divorced,secondary,no,420,yes,no,telephone,6,feb,112,2,-1,0,unknown,no,2025-03-17 09:00:00
46,blue-collar,married,primary,no,278,no,no,cellular,21,aug,153,3,-1,0,unknown,no,2025-03-17 10:00:00
38,management,single,tertiary,no,673,yes,no,unknown,7,may,184,1,-1,0,unknown,no,2025-03-17 11:00:00
21,student,single,unknown,no,1506,no,no,cellular,14,sep,340,1,-1,0,unknown,yes,2025-03-17 12:00:00
57,blue-collar,married,primary,no,24,no,no,unknown,16,jun,109,2,-1,0,unknown,no,2025-03-17 13:00:00
64,retired,married,primary,no,5871,no,no,cellular,3,nov,195,1,-1,0,unknown,no,2025-03-17 14:00:00
22,services,single,secondary,no,3,yes,no,cellular,6,may,156,1,-1,0,unknown,no,2025-03-17 15:00:00
31,technician,single,tertiary,no,221,yes,no,unknown,19,may,145,3,-1,0,unknown,no,2025-03-17 16:00:00
32,technician,single,secondary,no,-420,no,no,cellular,22,aug,586,2,-1,0,unknown,no,2025-03-17 17:00:00
29,unemployed,single,tertiary,no,0,yes,no,cellular,9,feb,102,3,12,3,other,no,2025-03-17 18:00:00
37,blue-collar,married,secondary,no,168,yes,no,cellular,17,apr,266,2,-1,0,unknown,no,2025-03-17 19:00:00
54,admin.,married,tertiary,no,-690,yes,yes,unknown,29,may,230,4,-1,0,unknown,no,2025-03-17 20:00:00
47,technician,married,secondary,no,0,no,no,telephone,14,jul,81,2,-1,0,unknown,no,2025-03-17 21:00:00
42,blue-collar,married,primary,no,1978,yes,no,cellular,20,apr,68,4,-1,0,unknown,no,2025-03-17 22:00:00
58,blue-collar,married,primary,no,5788,no,no,unknown,29,may,130,2,-1,0,unknown,no,2025-03-17 23:00:00
33,admin.,single,secondary,no,91,yes,no,cellular,17,apr,400,2,-1,0,unknown,no,2025-03-18 00:00:00
50,retired,married,secondary,no,1047,no,no,cellular,21,nov,98,5,-1,0,unknown,no,2025-03-18 01:00:00
39,blue-collar,married,secondary,no,5222,yes,no,unknown,28,may,102,1,-1,0,unknown,no,2025-03-18 02:00:00
36,unemployed,married,tertiary,no,73,no,no,cellular,23,jul,172,2,-1,0,unknown,no,2025-03-18 03:00:00
31,management,single,tertiary,no,775,yes,no,cellular,20,apr,207,1,308,2,failure,no,2025-03-18 04:00:00
54,retired,married,secondary,no,303,yes,no,cellular,20,apr,240,1,349,2,failure,no,2025-03-18 05:00:00
62,retired,married,tertiary,no,2557,yes,no,cellular,10,nov,404,1,57,8,success,yes,2025-03-18 06:00:00
39,services,married,secondary,no,823,yes,yes,cellular,28,jul,780,2,-1,0,unknown,no,2025-03-18 07:00:00
37,unemployed,married,secondary,no,63,no,no,cellular,5,feb,434,1,-1,0,unknown,no,2025-03-18 08:00:00
33,blue-collar,single,secondary,no,1794,yes,no,cellular,12,may,360,1,173,1,other,no,2025-03-18 09:00:00
47,management,divorced,tertiary,no,697,yes,no,cellular,30,jan,139,1,-1,0,unknown,no,2025-03-18 10:00:00
46,services,divorced,secondary,no,2268,yes,no,cellular,13,may,281,3,-1,0,unknown,no,2025-03-18 11:00:00
24,services,single,secondary,no,53,yes,yes,unknown,28,may,226,1,-1,0,unknown,no,2025-03-18 12:00:00
37,admin.,single,secondary,no,9,yes,no,cellular,14,may,165,1,-1,0,unknown,no,2025-03-18 13:00:00
42,management,married,tertiary,no,187,no,no,cellular,11,aug,64,1,-1,0,unknown,no,2025-03-18 14:00:00
36,technician,single,secondary,no,265,yes,yes,unknown,5,may,348,1,-1,0,unknown,no,2025-03-18 15:00:00
29,admin.,single,secondary,no,345,no,no,cellular,11,mar,60,3,-1,0,unknown,no,2025-03-18 16:00:00
56,blue-collar,married,primary,no,770,yes,no,unknown,20,jun,59,3,-1,0,unknown,no,2025-03-18 17:00:00
27,technician,single,secondary,no,261,yes,no,cellular,29,jan,236,2,247,2,failure,no,2025-03-18 18:00:00
42,management,single,tertiary,no,1673,no,no,cellular,18,nov,43,2,-1,0,unknown,no,2025-03-18 19:00:00
59,technician,married,secondary,no,0,yes,no,cellular,14,apr,145,1,-1,0,unknown,no,2025-03-18 20:00:00
52,entrepreneur,divorced,tertiary,no,199,yes,yes,unknown,12,jun,246,2,-1,0,unknown,no,2025-03-18 21:00:00
31,technician,single,tertiary,no,438,yes,no,cellular,12,aug,130,2,-1,0,unknown,no,2025-03-18 22:00:00
40,services,married,secondary,no,900,yes,yes,cellular,14,jul,84,2,-1,0,unknown,no,2025-03-18 23:00:00
59,retired,divorced,primary,no,643,yes,no,unknown,13,may,354,2,-1,0,unknown,no,2025-03-19 00:00:00
41,blue-collar,married,unknown,no,0,no,yes,cellular,25,jul,210,4,-1,0,unknown,no,2025-03-19 01:00:00
50,admin.,married,primary,no,429,no,no,unknown,29,may,60,2,-1,0,unknown,no,2025-03-19 02:00:00
27,blue-collar,single,primary,no,409,yes,no,cellular,18,may,276,4,301,2,success,no,2025-03-19 03:00:00
49,technician,married,tertiary,no,8422,yes,no,cellular,20,nov,166,3,-1,0,unknown,no,2025-03-19 04:00:00
42,blue-collar,married,primary,no,517,yes,no,cellular,31,jul,101,7,-1,0,unknown,no,2025-03-19 05:00:00
26,management,single,secondary,no,565,yes,no,unknown,6,jun,582,11,-1,0,unknown,no,2025-03-19 06:00:00
30,management,single,tertiary,no,2995,yes,no,cellular,18,nov,329,1,-1,0,unknown,no,2025-03-19 07:00:00
50,management,married,tertiary,no,1477,yes,no,cellular,18,nov,283,2,-1,0,unknown,no,2025-03-19 08:00:00
38,self-employed,married,secondary,no,8094,no,no,cellular,22,may,94,7,-1,0,unknown,no,2025-03-19 09:00:00
32,student,married,secondary,no,0,no,no,cellular,28,jan,558,1,-1,0,unknown,no,2025-03-19 10:00:00
36,blue-collar,married,primary,no,106,yes,no,cellular,18,may,31,6,-1,0,unknown,no,2025-03-19 11:00:00
29,admin.,single,secondary,no,731,no,no,cellular,14,apr,107,3,-1,0,unknown,yes,2025-03-19 12:00:00
30,technician,single,secondary,no,800,no,no,telephone,28,jan,60,2,-1,0,unknown,no,2025-03-19 13:00:00
71,retired,married,secondary,no,91,no,no,telephone,9,dec,87,6,-1,0,unknown,no,2025-03-19 14:00:00
36,management,married,tertiary,no,630,no,no,cellular,2,feb,285,1,-1,0,unknown,yes,2025-03-19 15:00:00
34,technician,married,secondary,no,1,yes,no,cellular,19,nov,108,1,-1,0,unknown,no,2025-03-19 16:00:00
40,admin.,married,tertiary,no,1108,no,no,cellular,26,oct,61,2,76,3,failure,no,2025-03-19 17:00:00
24,management,single,tertiary,no,2845,no,no,cellular,30,apr,779,2,-1,0,unknown,yes,2025-03-19 18:00:00
31,services,single,secondary,no,887,no,no,cellular,30,jan,427,1,-1,0,unknown,no,2025-03-19 19:00:00
44,technician,married,secondary,no,1,no,yes,unknown,2,jul,108,3,-1,0,unknown,no,2025-03-19 20:00:00
38,technician,married,secondary,no,635,no,no,unknown,5,jun,31,5,-1,0,unknown,no,2025-03-19 21:00:00
54,blue-collar,married,primary,no,211,no,no,cellular,25,aug,160,6,-1,0,unknown,no,2025-03-19 22:00:00
55,services,married,unknown,no,-45,yes,no,unknown,16,may,764,7,-1,0,unknown,no,2025-03-19 23:00:00
50,technician,married,secondary,no,0,no,no,telephone,22,aug,295,5,-1,0,unknown,no,2025-03-20 00:00:00
33,technician,married,tertiary,no,-482,yes,no,cellular,29,jul,90,3,-1,0,unknown,no,2025-03-20 01:00:00
38,management,single,tertiary,no,2368,yes,no,cellular,18,may,241,3,-1,0,unknown,no,2025-03-20 02:00:00
32,technician,married,secondary,no,660,no,no,cellular,25,oct,226,2,490,1,failure,yes,2025-03-20 03:00:00
47,blue-collar,married,primary,no,0,no,no,cellular,21,jul,71,1,-1,0,unknown,no,2025-03-20 04:00:00
54,management,married,tertiary,no,2216,yes,no,cellular,13,oct,167,1,-1,0,unknown,no,2025-03-20 05:00:00
28,management,single,tertiary,no,866,no,no,cellular,23,mar,191,2,-1,0,unknown,yes,2025-03-20 06:00:00
46,technician,married,secondary,no,863,yes,no,cellular,3,feb,67,3,-1,0,unknown,no,2025-03-20 07:00:00
32,admin.,married,secondary,no,-1,no,no,cellular,8,jul,228,2,-1,0,unknown,no,2025-03-20 08:00:00
32,blue-collar,divorced,primary,no,380,no,no,cellular,25,jul,48,2,-1,0,unknown,no,2025-03-20 09:00:00
43,management,married,tertiary,no,1258,no,no,unknown,20,oct,312,1,-1,0,unknown,yes,2025-03-20 10:00:00
31,services,married,secondary,no,-230,yes,yes,cellular,16,jul,715,1,-1,0,unknown,no,2025-03-20 11:00:00
28,self-employed,married,tertiary,no,0,yes,no,unknown,9,jul,139,1,-1,0,unknown,no,2025-03-20 12:00:00
37,technician,married,secondary,no,494,yes,no,cellular,2,feb,247,2,269,3,failure,no,2025-03-20 13:00:00
43,management,married,tertiary,no,5523,no,no,unknown,11,jun,78,1,-1,0,unknown,no,2025-03-20 14:00:00
52,blue-collar,married,primary,no,359,no,no,telephone,26,aug,361,14,-1,0,unknown,no,2025-03-20 15:00:00
28,services,single,secondary,no,1820,yes,no,cellular,5,feb,134,2,203,1,success,no,2025-03-20 16:00:00
46,technician,married,secondary,no,399,no,no,cellular,21,jul,156,1,-1,0,unknown,no,2025-03-20 17:00:00
46,admin.,married,secondary,no,4048,yes,no,unknown,15,may,360,1,-1,0,unknown,no,2025-03-20 18:00:00
28,technician,single,secondary,no,981,yes,no,cellular,24,jul,225,1,-1,0,unknown,no,2025-03-20 19:00:00
38,blue-collar,married,primary,no,10443,no,no,cellular,19,nov,370,1,-1,0,unknown,no,2025-03-20 20:00:00
29,admin.,married,primary,no,131,yes,no,cellular,20,apr,353,4,-1,0,unknown,no,2025-03-20 21:00:00
51,admin.,married,secondary,no,255,no,no,cellular,29,aug,158,2,-1,0,unknown,no,2025-03-20 22:00:00
42,admin.,married,secondary,no,128,yes,no,unknown,13,may,190,1,-1,0,unknown,no,2025-03-20 23:00:00
23,blue-collar,married,primary,no,531,yes,no,cellular,15,may,509,3,345,9,other,no,2025-03-21 00:00:00
37,services,single,secondary,no,510,yes,no,unknown,26,may,322,1,-1,0,unknown,no,2025-03-21 01:00:00
31,technician,single,tertiary,no,-564,yes,yes,cellular,28,aug,49,15,-1,0,unknown,no,2025-03-21 02:00:00
43,unemployed,divorced,secondary,no,1577,yes,no,cellular,19,nov,87,1,-1,0,unknown,no,2025-03-21 03:00:00
28,technician,single,secondary,no,122,no,no,cellular,3,feb,155,4,-1,0,unknown,no,2025-03-21 04:00:00
38,management,married,secondary,no,1574,no,no,unknown,5,jun,636,1,-1,0,unknown,no,2025-03-21 05:00:00
39,services,married,secondary,no,1142,yes,no,unknown,6,may,276,1,-1,0,unknown,no,2025-03-21 06:00:00
57,blue-collar,married,secondary,no,5270,yes,no,telephone,17,nov,101,1,-1,0,unknown,no,2025-03-21 07:00:00
57,entrepreneur,married,tertiary,no,1114,no,no,unknown,6,jun,139,2,-1,0,unknown,no,2025-03-21 08:00:00
39,blue-collar,single,secondary,no,0,no,no,cellular,22,jul,864,4,-1,0,unknown,yes,2025-03-21 09:00:00
39,technician,married,secondary,no,214,yes,no,unknown,27,may,386,11,-1,0,unknown,no,2025-03-21 10:00:00
25,student,single,secondary,no,679,no,no,cellular,25,oct,297,5,94,6,other,yes,2025-03-21 11:00:00
53,services,married,primary,no,49,no,no,unknown,28,may,152,1,-1,0,unknown,no,2025-03-21 12:00:00
20,services,single,secondary,no,-103,yes,no,unknown,13,may,180,1,-1,0,unknown,no,2025-03-21 13:00:00
33,student,divorced,secondary,no,422,no,no,cellular,6,aug,406,3,-1,0,unknown,no,2025-03-21 14:00:00
44,management,married,tertiary,no,1732,yes,no,unknown,30,may,43,1,-1,0,unknown,no,2025-03-21 15:00:00
32,technician,divorced,secondary,no,0,yes,no,cellular,10,aug,540,2,-1,0,unknown,no,2025-03-21 16:00:00
31,management,single,secondary,no,36,no,no,cellular,27,aug,105,2,-1,0,unknown,no,2025-03-21 17:00:00
51,housemaid,married,primary,no,605,no,no,cellular,28,aug,270,14,-1,0,unknown,no,2025-03-21 18:00:00
56,blue-collar,married,primary,no,1137,no,no,telephone,2,jul,176,1,-1,0,unknown,yes,2025-03-21 19:00:00
37,services,single,secondary,no,1175,yes,no,unknown,16,jun,92,2,-1,0,unknown,no,2025-03-21 20:00:00
39,management,married,primary,no,1873,no,no,unknown,9,jun,161,2,-1,0,unknown,no,2025-03-21 21:00:00
31,technician,single,secondary,no,506,no,no,cellular,21,aug,43,4,-1,0,unknown,no,2025-03-21 22:00:00
43,services,married,primary,no,3,yes,no,unknown,5,may,186,2,-1,0,unknown,no,2025-03-21 23:00:00
55,unemployed,single,primary,no,274,no,no,cellular,9,feb,7,5,-1,0,unknown,no,2025-03-22 00:00:00
44,housemaid,married,primary,no,0,no,no,telephone,31,jul,21,38,-1,0,unknown,no,2025-03-22 01:00:00
38,management,married,tertiary,no,1199,no,no,cellular,3,aug,482,1,-1,0,unknown,yes,2025-03-22 02:00:00
52,services,married,secondary,no,627,no,no,cellular,29,aug,174,10,-1,0,unknown,no,2025-03-22 03:00:00
20,student,single,primary,no,6991,no,no,cellular,12,aug,178,2,-1,0,unknown,yes,2025-03-22 04:00:00
50,management,married,tertiary,no,0,yes,no,unknown,6,jun,243,7,-1,0,unknown,no,2025-03-22 05:00:00
57,services,married,secondary,no,6,no,no,cellular,21,nov,1182,1,-1,0,unknown,no,2025-03-22 06:00:00
37,admin.,married,secondary,no,-557,yes,yes,cellular,15,may,284,15,-1,0,unknown,no,2025-03-22 07:00:00
32,blue-collar,married,primary,no,-145,yes,yes,cellular,7,may,273,1,-1,0,unknown,no,2025-03-22 08:00:00
32,management,married,tertiary,no,6274,yes,no,cellular,17,nov,500,2,-1,0,unknown,no,2025-03-22 09:00:00
43,blue-collar,divorced,primary,no,1260,no,yes,unknown,6,jun,17,4,-1,0,unknown,no,2025-03-22 10:00:00
71,entrepreneur,married,tertiary,no,15265,no,no,cellular,25,feb,865,1,192,2,failure,no,2025-03-22 11:00:00
51,admin.,married,secondary,no,1535,no,yes,cellular,20,nov,365,1,-1,0,unknown,no,2025-03-22 12:00:00
49,blue-collar,married,secondary,no,-55,no,no,unknown,17,jun,150,3,-1,0,unknown,no,2025-03-22 13:00:00
43,technician,divorced,secondary,no,177,yes,no,unknown,8,may,209,3,-1,0,unknown,no,2025-03-22 14:00:00
35,blue-collar,single,secondary,no,278,no,no,cellular,2,feb,60,1,-1,0,unknown,no,2025-03-22 15:00:00
41,admin.,single,secondary,no,1322,yes,no,cellular,29,jan,58,1,266,1,failure,no,2025-03-22 16:00:00
28,technician,single,secondary,no,216,yes,no,unknown,13,may,66,1,-1,0,unknown,no,2025-03-22 17:00:00
38,housemaid,single,primary,no,199,yes,no,cellular,12,may,1203,1,306,1,failure,yes,2025-03-22 18:00:00
32,services,married,secondary,no,442,yes,no,unknown,8,may,207,1,-1,0,unknown,no,2025-03-22 19:00:00
46,blue-collar,married,secondary,no,2836,yes,no,cellular,14,may,13,7,358,7,other,no,2025-03-22 20:00:00
41,management,single,tertiary,no,869,no,no,cellular,29,jan,524,2,-1,0,unknown,no,2025-03-22 21:00:00
33,services,single,secondary,no,489,yes,no,cellular,4,may,297,4,334,1,other,yes,2025-03-22 22:00:00
32,blue-collar,married,secondary,no,544,no,no,unknown,29,may,69,3,-1,0,unknown,no,2025-03-22 23:00:00
29,unemployed,single,secondary,no,486,no,no,telephone,14,aug,151,1,106,1,failure,no,2025-03-23 00:00:00
53,admin.,married,secondary,no,849,yes,no,cellular,6,feb,3102,3,-1,0,unknown,yes,2025-03-23 01:00:00
56,management,single,secondary,no,237,yes,no,telephone,17,nov,117,3,131,4,failure,no,2025-03-23 02:00:00
30,blue-collar,married,primary,no,595,yes,no,unknown,23,may,231,1,-1,0,unknown,no,2025-03-23 03:00:00
34,entrepreneur,single,secondary,yes,-200,no,yes,cellular,25,jul,248,5,-1,0,unknown,no,2025-03-23 04:00:00
45,technician,married,secondary,no,2922,no,no,cellular,30,jul,153,3,-1,0,unknown,no,2025-03-23 05:00:00
50,retired,divorced,tertiary,no,-300,no,yes,cellular,25,aug,692,4,-1,0,unknown,no,2025-03-23 06:00:00
37,management,married,tertiary,no,489,yes,no,cellular,21,nov,202,1,106,5,failure,no,2025-03-23 07:00:00
49,services,married,secondary,no,180,yes,yes,unknown,2,jun,392,3,-1,0,unknown,no,2025-03-23 08:00:00
32,technician,married,secondary,no,473,no,yes,cellular,7,may,292,3,-1,0,unknown,yes,2025-03-23 09:00:00
57,management,divorced,tertiary,no,15062,no,no,telephone,20,nov,76,9,-1,0,unknown,no,2025-03-23 10:00:00
49,management,married,tertiary,no,92,yes,no,unknown,6,may,221,2,-1,0,unknown,no,2025-03-23 11:00:00
45,management,married,tertiary,no,1866,no,no,unknown,11,jun,116,7,-1,0,unknown,no,2025-03-23 12:00:00
59,unemployed,divorced,secondary,no,2026,no,no,cellular,2,jun,395,1,-1,0,unknown,no,2025-03-23 13:00:00
35,admin.,married,secondary,no,332,no,no,cellular,9,jul,199,2,-1,0,unknown,no,2025-03-23 14:00:00
68,retired,married,secondary,no,445,no,no,cellular,18,feb,475,1,-1,0,unknown,yes,2025-03-23 15:00:00
34,self-employed,married,tertiary,no,442,yes,no,cellular,30,apr,69,1,164,2,other,no,2025-03-23 16:00:00
46,housemaid,married,secondary,no,505,no,no,cellular,28,aug,26,7,-1,0,unknown,no,2025-03-23 17:00:00
35,management,married,tertiary,no,2374,yes,yes,cellular,20,jul,174,2,215,6,other,no,2025-03-23 18:00:00
32,admin.,married,tertiary,no,390,yes,yes,cellular,5,may,100,1,243,1,other,no,2025-03-23 19:00:00
24,services,single,secondary,no,-141,yes,no,unknown,4,jun,654,2,-1,0,unknown,no,2025-03-23 20:00:00
39,management,married,tertiary,no,500,yes,no,cellular,17,nov,257,1,178,2,other,no,2025-03-23 21:00:00
34,entrepreneur,married,secondary,no,393,yes,no,cellular,7,may,174,1,293,3,failure,no,2025-03-23 22:00:00
50,services,married,secondary,no,753,no,no,unknown,18,jun,59,2,-1,0,unknown,no,2025-03-23 23:00:00
31,blue-collar,married,secondary,no,631,yes,no,cellular,20,apr,211,2,152,2,failure,no,2025-03-24 00:00:00
34,services,single,secondary,no,0,yes,no,unknown,5,may,142,1,-1,0,unknown,no,2025-03-24 01:00:00
31,technician,single,tertiary,no,4979,no,yes,cellular,27,aug,33,2,-1,0,unknown,no,2025-03-24 02:00:00
25,technician,single,secondary,no,5695,no,no,cellular,16,nov,124,1,-1,0,unknown,no,2025-03-24 03:00:00
23,admin.,single,secondary,no,281,yes,no,unknown,13,may,124,1,-1,0,unknown,no,2025-03-24 04:00:00
35,management,married,tertiary,no,2387,yes,yes,unknown,2,jun,289,2,-1,0,unknown,no,2025-03-24 05:00:00
31,services,single,secondary,no,205,yes,no,cellular,15,apr,465,1,-1,0,unknown,no,2025-03-24 06:00:00
37,blue-collar,single,secondary,no,3344,yes,no,unknown,26,may,85,5,-1,0,unknown,no,2025-03-24 07:00:00
38,entrepreneur,married,tertiary,no,0,no,no,cellular,23,jul,532,2,-1,0,unknown,yes,2025-03-24 08:00:00
34,housemaid,married,tertiary,no,4958,yes,no,cellular,20,apr,11,5,152,2,failure,no,2025-03-24 09:00:00
46,unknown,single,secondary,no,0,no,no,unknown,17,jun,156,4,-1,0,unknown,no,2025-03-24 10:00:00
40,technician,divorced,secondary,no,311,no,no,cellular,6,aug,738,2,-1,0,unknown,yes,2025-03-24 11:00:00
42,unknown,single,secondary,no,1456,no,no,unknown,12,jun,56,1,-1,0,unknown,no,2025-03-24 12:00:00
29,technician,single,tertiary,no,2489,yes,no,cellular,7,dec,1002,3,283,2,success,no,2025-03-24 13:00:00
45,services,married,secondary,no,-75,yes,no,cellular,2,feb,134,1,252,1,failure,no,2025-03-24 14:00:00
50,blue-collar,married,primary,no,2610,yes,yes,unknown,20,may,181,6,-1,0,unknown,no,2025-03-24 15:00:00
38,management,married,tertiary,no,1354,yes,no,cellular,29,jan,50,2,-1,0,unknown,no,2025-03-24 16:00:00
36,management,single,tertiary,no,467,no,no,cellular,5,feb,305,2,-1,0,unknown,no,2025-03-24 17:00:00
26,management,married,tertiary,no,784,yes,yes,cellular,5,may,247,2,358,2,failure,no,2025-03-24 18:00:00
36,admin.,single,secondary,no,9002,yes,yes,cellular,10,jul,793,1,-1,0,unknown,no,2025-03-24 19:00:00
41,technician,single,secondary,no,0,no,no,unknown,9,jun,229,2,-1,0,unknown,no,2025-03-24 20:00:00
43,blue-collar,married,secondary,no,173,no,yes,telephone,9,jul,238,8,-1,0,unknown,no,2025-03-24 21:00:00
31,management,married,unknown,no,668,no,no,cellular,18,nov,75,2,-1,0,unknown,no,2025-03-24 22:00:00
59,unknown,divorced,unknown,no,27,no,no,unknown,5,may,347,3,-1,0,unknown,no,2025-03-24 23:00:00
29,blue-collar,single,secondary,no,9,yes,no,cellular,11,may,262,3,-1,0,unknown,no,2025-03-25 00:00:00
29,management,married,tertiary,no,0,no,yes,cellular,8,jul,574,2,-1,0,unknown,no,2025-03-25 01:00:00
32,admin.,married,secondary,no,31,no,no,cellular,28,aug,125,2,95,1,failure,no,2025-03-25 02:00:00
36,technician,married,secondary,no,1731,yes,yes,unknown,28,may,207,1,-1,0,unknown,no,2025-03-25 03:00:00
39,management,married,tertiary,no,28433,no,no,cellular,13,aug,247,2,-1,0,unknown,no,2025-03-25 04:00:00
38,self-employed,married,secondary,no,173,no,no,cellular,18,aug,205,4,-1,0,unknown,no,2025-03-25 05:00:00
40,technician,married,secondary,no,192,no,no,cellular,7,aug,266,2,-1,0,unknown,no,2025-03-25 06:00:00
39,technician,single,tertiary,no,1522,yes,no,cellular,28,aug,15,8,-1,0,unknown,no,2025-03-25 07:00:00
37,student,single,unknown,no,444,no,no,cellular,14,aug,137,1,102,5,success,yes,2025-03-25 08:00:00
34,blue-collar,married,secondary,no,8558,yes,no,unknown,2,jun,466,2,-1,0,unknown,no,2025-03-25 09:00:00
42,services,married,secondary,no,-91,yes,yes,cellular,5,feb,43,1,-1,0,unknown,no,2025-03-25 10:00:00
38,management,married,tertiary,no,385,yes,no,telephone,28,oct,154,1,-1,0,unknown,yes,2025-03-25 11:00:00
40,management,married,tertiary,no,0,no,no,cellular,10,nov,147,1,96,8,success,yes,2025-03-25 12:00:00
32,admin.,married,secondary,no,305,yes,no,unknown,30,may,200,3,-1,0,unknown,no,2025-03-25 13:00:00
33,technician,single,secondary,no,513,yes,no,unknown,9,may,53,4,-1,0,unknown,no,2025-03-25 14:00:00
47,unemployed,married,secondary,no,0,no,no,unknown,19,jun,284,1,-1,0,unknown,no,2025-03-25 15:00:00
32,technician,single,secondary,no,0,yes,yes,unknown,26,may,916,2,-1,0,unknown,no,2025-03-25 16:00:00
50,management,married,tertiary,no,938,no,no,cellular,6,aug,148,2,98,1,success,no,2025-03-25 17:00:00
59,unemployed,married,secondary,no,561,no,no,telephone,19,oct,323,2,-1,0,unknown,no,2025-03-25 18:00:00
29,admin.,married,secondary,no,265,yes,no,unknown,23,may,329,2,-1,0,unknown,no,2025-03-25 19:00:00
38,management,single,tertiary,no,1515,yes,no,telephone,31,jul,42,5,-1,0,unknown,no,2025-03-25 20:00:00
57,unemployed,married,secondary,no,7357,no,no,cellular,5,feb,604,1,-1,0,unknown,no,2025-03-25 21:00:00
46,services,married,secondary,no,417,yes,no,cellular,30,jan,219,1,2,1,other,no,2025-03-25 22:00:00
24,services,single,secondary,no,-92,yes,no,cellular,18,may,245,1,-1,0,unknown,no,2025-03-25 23:00:00
32,admin.,married,secondary,no,203,yes,yes,cellular,7,may,219,2,-1,0,unknown,no,2025-03-26 00:00:00
36,blue-collar,married,secondary,no,89,yes,no,cellular,7,may,62,6,366,2,failure,no,2025-03-26 01:00:00
43,admin.,married,primary,no,15,yes,no,unknown,13,may,304,2,-1,0,unknown,no,2025-03-26 02:00:00
33,blue-collar,married,primary,no,-132,yes,yes,cellular,18,may,170,6,-1,0,unknown,no,2025-03-26 03:00:00
50,admin.,married,secondary,no,10250,yes,no,cellular,7,dec,254,3,385,2,other,yes,2025-03-26 04:00:00
36,blue-collar,single,secondary,no,376,yes,yes,cellular,4,feb,180,1,274,3,failure,no,2025-03-26 05:00:00
31,unemployed,married,secondary,no,86,yes,yes,unknown,3,jun,963,2,-1,0,unknown,yes,2025-03-26 06:00:00
39,services,married,secondary,no,-311,yes,no,cellular,6,may,55,2,345,2,other,no,2025-03-26 07:00:00
35,management,single,tertiary,no,3137,yes,no,unknown,23,may,72,3,-1,0,unknown,no,2025-03-26 08:00:00
27,admin.,married,secondary,no,0,yes,no,cellular,6,may,837,1,-1,0,unknown,yes,2025-03-26 09:00:00
21,management,single,secondary,no,691,no,no,cellular,13,aug,219,1,101,2,other,no,2025-03-26 10:00:00
37,blue-collar,married,primary,no,-738,yes,no,cellular,5,may,303,1,-1,0,unknown,no,2025-03-26 11:00:00
54,management,divorced,tertiary,no,787,no,no,cellular,6,aug,90,2,-1,0,unknown,no,2025-03-26 12:00:00
40,management,single,tertiary,no,0,no,no,cellular,26,aug,58,7,-1,0,unknown,no,2025-03-26 13:00:00
32,admin.,single,secondary,no,344,no,no,cellular,26,may,530,2,-1,0,unknown,yes,2025-03-26 14:00:00
51,management,married,tertiary,no,19313,no,no,telephone,21,nov,36,1,-1,0,unknown,no,2025-03-26 15:00:00
29,management,married,tertiary,no,465,yes,no,cellular,16,jul,191,1,-1,0,unknown,no,2025-03-26 16:00:00
27,admin.,married,secondary,no,-393,yes,yes,unknown,23,may,235,2,-1,0,unknown,no,2025-03-26 17:00:00
32,blue-collar,married,secondary,no,678,yes,no,cellular,6,may,147,1,-1,0,unknown,no,2025-03-26 18:00:00
30,management,single,tertiary,no,-218,yes,no,cellular,27,aug,13,15,-1,0,unknown,no,2025-03-26 19:00:00
40,services,single,secondary,no,326,yes,no,cellular,6,may,242,2,169,2,failure,no,2025-03-26 20:00:00
37,management,single,tertiary,no,600,yes,no,unknown,5,may,152,1,-1,0,unknown,no,2025-03-26 21:00:00
40,admin.,married,primary,no,189,yes,no,unknown,27,may,160,2,-1,0,unknown,no,2025-03-26 22:00:00
43,blue-collar,married,secondary,no,130,yes,no,cellular,9,feb,146,3,256,1,failure,no,2025-03-26 23:00:00
35,management,single,tertiary,no,2187,yes,no,cellular,29,jul,229,1,174,13,other,no,2025-03-27 00:00:00
58,housemaid,divorced,primary,no,0,no,no,cellular,11,jul,965,2,-1,0,unknown,no,2025-03-27 01:00:00
24,student,single,secondary,no,0,no,no,cellular,13,aug,74,2,-1,0,unknown,no,2025-03-27 02:00:00
34,technician,married,tertiary,no,0,yes,no,unknown,20,may,185,12,-1,0,unknown,no,2025-03-27 03:00:00
47,technician,married,secondary,no,1740,yes,no,cellular,13,sep,502,1,490,1,failure,no,2025-03-27 04:00:00
32,management,single,secondary,no,249,yes,no,unknown,2,jun,258,1,-1,0,unknown,no,2025-03-27 05:00:00
49,services,married,secondary,no,400,no,no,cellular,21,aug,151,3,-1,0,unknown,no,2025-03-27 06:00:00
35,blue-collar,married,secondary,no,0,yes,no,cellular,9,jul,277,1,-1,0,unknown,no,2025-03-27 07:00:00
34,admin.,married,secondary,no,-33,yes,yes,cellular,10,jul,961,1,-1,0,unknown,yes,2025-03-27 08:00:00
50,services,married,secondary,no,378,no,yes,telephone,18,jul,55,9,-1,0,unknown,no,2025-03-27 09:00:00
29,entrepreneur,married,primary,no,519,yes,no,cellular,18,jul,120,1,-1,0,unknown,no,2025-03-27 10:00:00
45,blue-collar,married,primary,no,714,no,no,unknown,12,jun,108,1,-1,0,unknown,no,2025-03-27 11:00:00
26,blue-collar,single,primary,no,37,yes,no,cellular,18,may,121,5,-1,0,unknown,no,2025-03-27 12:00:00
35,management,married,tertiary,no,323,no,no,cellular,11,jan,261,2,-1,0,unknown,yes,2025-03-27 13:00:00
36,entrepreneur,single,primary,no,5,no,no,cellular,12,may,396,1,172,3,failure,no,2025-03-27 14:00:00
51,technician,married,secondary,no,8863,no,no,cellular,19,nov,435,2,-1,0,unknown,no,2025-03-27 15:00:00
50,entrepreneur,married,primary,no,1327,no,yes,cellular,24,jul,325,1,-1,0,unknown,no,2025-03-27 16:00:00
32,technician,single,tertiary,no,2340,no,no,cellular,18,feb,89,2,-1,0,unknown,yes,2025-03-27 17:00:00
45,housemaid,married,primary,no,8692,yes,no,cellular,14,oct,108,1,-1,0,unknown,no,2025-03-27 18:00:00
31,services,married,secondary,no,272,yes,no,unknown,13,may,133,12,-1,0,unknown,no,2025-03-27 19:00:00
43,services,married,secondary,no,-456,yes,no,unknown,29,may,102,4,-1,0,unknown,no,2025-03-27 20:00:00
34,technician,married,secondary,no,19,yes,no,unknown,5,may,362,4,-1,0,unknown,no,2025-03-27 21:00:00
38,self-employed,married,secondary,no,746,no,no,unknown,20,jun,256,3,-1,0,unknown,no,2025-03-27 22:00:00
43,management,married,tertiary,no,1050,yes,yes,cellular,18,jul,67,11,-1,0,unknown,no,2025-03-27 23:00:00
29,technician,married,secondary,no,132,yes,yes,cellular,30,apr,88,1,-1,0,unknown,no,2025-03-28 00:00:00
29,admin.,married,tertiary,no,238,no,no,cellular,11,aug,97,1,78,3,success,no,2025-03-28 01:00:00
30,management,single,tertiary,no,115,no,no,cellular,12,aug,154,2,-1,0,unknown,no,2025-03-28 02:00:00
31,entrepreneur,single,secondary,no,379,yes,no,cellular,18,jul,570,2,-1,0,unknown,no,2025-03-28 03:00:00
45,blue-collar,married,primary,no,419,no,no,cellular,18,aug,113,4,-1,0,unknown,no,2025-03-28 04:00:00
69,retired,married,tertiary,no,473,no,no,cellular,21,oct,110,1,106,2,failure,no,2025-03-28 05:00:00
32,management,single,tertiary,no,4,yes,no,unknown,9,may,179,2,-1,0,unknown,no,2025-03-28 06:00:00
39,admin.,single,secondary,no,6512,no,no,unknown,20,jun,16,6,-1,0,unknown,no,2025-03-28 07:00:00
29,technician,single,secondary,no,382,no,no,cellular,27,aug,64,3,202,3,other,no,2025-03-28 08:00:00
26,blue-collar,single,secondary,no,339,yes,no,unknown,26,may,165,5,-1,0,unknown,no,2025-03-28 09:00:00
54,management,divorced,primary,no,210,no,no,cellular,18,nov,178,1,-1,0,unknown,no,2025-03-28 10:00:00
24,blue-collar,married,secondary,no,984,yes,no,unknown,26,may,89,3,-1,0,unknown,no,2025-03-28 11:00:00
38,technician,divorced,tertiary,no,348,no,no,unknown,20,jun,446,1,-1,0,unknown,no,2025-03-28 12:00:00
30,unemployed,divorced,secondary,no,1144,yes,no,unknown,6,may,252,1,-1,0,unknown,no,2025-03-28 13:00:00
47,admin.,married,secondary,no,26,no,yes,cellular,18,jul,71,3,-1,0,unknown,no,2025-03-28 14:00:00
33,management,single,tertiary,no,76,yes,no,unknown,7,may,256,3,-1,0,unknown,no,2025-03-28 15:00:00
39,unknown,single,secondary,no,914,no,no,unknown,5,jun,20,1,-1,0,unknown,no,2025-03-28 16:00:00
54,blue-collar,married,primary,no,1298,no,no,telephone,17,jul,304,4,-1,0,unknown,no,2025-03-28 17:00:00
59,blue-collar,married,secondary,no,57,yes,no,unknown,5,may,98,1,-1,0,unknown,no,2025-03-28 18:00:00
58,blue-collar,married,secondary,no,590,no,yes,cellular,19,nov,136,1,167,1,failure,no,2025-03-28 19:00:00
31,blue-collar,married,primary,no,76,no,yes,telephone,7,jul,146,4,-1,0,unknown,no,2025-03-28 20:00:00
39,services,married,secondary,no,-404,yes,no,cellular,11,may,344,1,-1,0,unknown,no,2025-03-28 21:00:00
56,management,divorced,tertiary,no,982,no,no,unknown,5,jun,152,1,-1,0,unknown,no,2025-03-28 22:00:00
39,blue-collar,married,primary,no,1506,yes,no,cellular,11,may,299,2,-1,0,unknown,no,2025-03-28 23:00:00
34,admin.,divorced,secondary,no,66,no,no,cellular,3,feb,11,6,-1,0,unknown,no,2025-03-29 00:00:00
42,technician,divorced,secondary,no,305,yes,no,cellular,28,aug,82,4,-1,0,unknown,no,2025-03-29 01:00:00
26,services,single,primary,no,179,yes,yes,cellular,28,jul,333,4,-1,0,unknown,no,2025-03-29 02:00:00
51,admin.,single,secondary,no,2685,no,no,unknown,20,jun,78,2,-1,0,unknown,no,2025-03-29 03:00:00
43,services,married,secondary,no,-1,no,no,cellular,30,jul,605,2,-1,0,unknown,no,2025-03-29 04:00:00
37,technician,single,tertiary,no,6101,no,no,cellular,4,may,60,5,87,1,success,no,2025-03-29 05:00:00
55,housemaid,married,secondary,no,5,no,no,cellular,2,feb,269,1,206,2,failure,no,2025-03-29 06:00:00
35,blue-collar,single,secondary,no,41,yes,no,cellular,11,may,14,5,-1,0,unknown,no,2025-03-29 07:00:00
32,management,married,tertiary,no,422,yes,no,cellular,3,feb,182,5,-1,0,unknown,no,2025-03-29 08:00:00
39,blue-collar,married,primary,no,481,yes,no,unknown,8,may,204,1,-1,0,unknown,no,2025-03-29 09:00:00
48,housemaid,divorced,secondary,no,57,no,no,cellular,19,nov,134,1,-1,0,unknown,no,2025-03-29 10:00:00
50,blue-collar,single,tertiary,no,218,no,no,cellular,28,jan,268,1,-1,0,unknown,no,2025-03-29 11:00:00
27,services,married,secondary,no,54,yes,no,cellular,18,may,97,1,370,1,failure,no,2025-03-29 12:00:00
39,management,married,tertiary,no,88,no,no,cellular,19,aug,349,4,-1,0,unknown,no,2025-03-29 13:00:00
50,technician,divorced,secondary,no,-298,yes,no,cellular,6,feb,68,8,-1,0,unknown,no,2025-03-29 14:00:00
28,technician,single,tertiary,no,426,no,no,cellular,18,may,11,4,355,1,other,no,2025-03-29 15:00:00
30,technician,single,tertiary,no,3086,yes,no,cellular,20,nov,150,1,-1,0,unknown,no,2025-03-29 16:00:00
40,management,married,tertiary,no,52527,no,no,cellular,21,aug,140,11,-1,0,unknown,no,2025-03-29 17:00:00
52,blue-collar,divorced,primary,no,1250,no,no,unknown,16,jun,342,1,-1,0,unknown,no,2025-03-29 18:00:00
36,housemaid,single,secondary,no,28,no,yes,cellular,11,aug,149,2,-1,0,unknown,no,2025-03-29 19:00:00
44,blue-collar,divorced,primary,no,68,yes,no,unknown,27,may,310,1,-1,0,unknown,no,2025-03-29 20:00:00
46,blue-collar,married,secondary,no,-1400,yes,no,telephone,6,may,309,3,355,4,failure,no,2025-03-29 21:00:00
37,entrepreneur,single,tertiary,no,108,no,no,unknown,11,jun,157,6,-1,0,unknown,no,2025-03-29 22:00:00
42,blue-collar,married,primary,no,807,yes,no,cellular,19,nov,1057,1,-1,0,unknown,yes,2025-03-29 23:00:00
35,admin.,married,secondary,no,2,yes,no,cellular,18,mar,194,1,-1,0,unknown,yes,2025-03-30 00:00:00
35,blue-collar,married,secondary,no,365,yes,yes,cellular,20,apr,63,2,-1,0,unknown,no,2025-03-30 01:00:00
30,entrepreneur,married,secondary,no,2551,yes,no,unknown,5,jun,142,2,-1,0,unknown,no,2025-03-30 02:00:00
36,management,married,tertiary,no,22,no,no,cellular,2,oct,91,2,-1,0,unknown,no,2025-03-30 03:00:00
34,admin.,single,secondary,no,5057,yes,no,cellular,19,nov,73,1,-1,0,unknown,no,2025-03-30 04:00:00
51,retired,divorced,secondary,no,1679,no,no,cellular,12,aug,417,1,365,9,other,yes,2025-03-30 05:00:00
33,technician,married,secondary,no,0,no,no,cellular,25,aug,296,8,-1,0,unknown,no,2025-03-30 06:00:00
38,admin.,married,tertiary,no,669,yes,yes,cellular,31,jul,129,2,-1,0,unknown,no,2025-03-30 07:00:00
21,blue-collar,married,primary,no,-172,yes,yes,cellular,15,may,409,1,361,3,failure,yes,2025-03-30 08:00:00
34,technician,single,secondary,no,94,yes,no,cellular,26,aug,541,2,-1,0,unknown,no,2025-03-30 09:00:00
45,blue-collar,married,unknown,no,110,yes,no,unknown,15,may,377,4,-1,0,unknown,no,2025-03-30 10:00:00
38,blue-collar,single,tertiary,no,263,yes,no,cellular,14,jul,84,6,-1,0,unknown,no,2025-03-30 11:00:00
48,blue-collar,married,secondary,no,1562,no,no,unknown,17,jun,50,2,-1,0,unknown,no,2025-03-30 12:00:00
48,technician,single,secondary,no,957,no,no,cellular,26,aug,198,5,-1,0,unknown,no,2025-03-30 13:00:00
38,admin.,married,secondary,no,0,no,no,unknown,5,may,151,1,-1,0,unknown,no,2025-03-30 14:00:00
30,student,single,secondary,no,0,yes,no,cellular,19,nov,661,1,-1,0,unknown,no,2025-03-30 15:00:00
28,blue-collar,single,secondary,no,475,no,no,telephone,10,jul,30,2,-1,0,unknown,no,2025-03-30 16:00:00
43,technician,married,tertiary,no,527,yes,no,unknown,26,may,166,12,-1,0,unknown,no,2025-03-30 17:00:00
31,blue-collar,divorced,secondary,no,1125,no,yes,unknown,15,may,548,1,-1,0,unknown,no,2025-03-30 18:00:00
49,admin.,single,tertiary,no,228,yes,no,cellular,2,jun,407,1,92,1,success,yes,2025-03-30 19:00:00
49,services,married,secondary,no,202,yes,no,cellular,17,nov,651,2,104,1,failure,yes,2025-03-30 20:00:00
41,blue-collar,married,primary,no,13,yes,no,cellular,6,may,358,2,306,1,failure,no,2025-03-30 21:00:00
34,housemaid,married,tertiary,no,0,no,no,cellular,18,aug,148,1,84,2,failure,yes,2025-03-30 22:00:00
58,blue-collar,married,secondary,no,1298,yes,no,cellular,29,jan,522,2,245,4,failure,no,2025-03-30 23:00:00
60,admin.,married,unknown,no,1088,yes,no,cellular,26,may,149,1,-1,0,unknown,no,2025-03-31 00:00:00
30,technician,married,tertiary,no,1454,no,no,telephone,30,jan,276,3,-1,0,unknown,no,2025-03-31 01:00:00
70,retired,married,primary,no,324,no,no,cellular,11,aug,632,1,308,6,other,yes,2025-03-31 02:00:00
39,technician,married,unknown,no,839,no,no,unknown,30,may,825,2,-1,0,unknown,no,2025-03-31 03:00:00
34,management,married,tertiary,no,4831,yes,no,cellular,4,feb,265,1,-1,0,unknown,no,2025-03-31 04:00:00
33,blue-collar,married,secondary,no,-241,yes,yes,unknown,27,may,169,1,-1,0,unknown,no,2025-03-31 05:00:00
45,technician,single,tertiary,no,2087,no,no,cellular,29,aug,29,14,-1,0,unknown,no,2025-03-31 06:00:00
37,services,married,secondary,no,651,no,no,unknown,9,jun,220,2,-1,0,unknown,no,2025-03-31 07:00:00
57,retired,married,secondary,no,12917,yes,no,unknown,2,jun,91,3,-1,0,unknown,no,2025-03-31 08:00:00
60,retired,married,primary,no,-63,yes,no,cellular,7,jul,1434,5,-1,0,unknown,no,2025-03-31 09:00:00
44,management,divorced,tertiary,no,2422,yes,no,cellular,21,jul,141,2,-1,0,unknown,no,2025-03-31 10:00:00
56,retired,married,secondary,no,-1206,yes,no,cellular,15,jun,382,2,-1,0,unknown,yes,2025-03-31 11:00:00
38,management,married,tertiary,no,0,yes,no,unknown,20,jun,211,2,-1,0,unknown,no,2025-03-31 12:00:00
42,blue-collar,married,secondary,no,-336,yes,no,cellular,13,may,318,3,303,2,failure,no,2025-03-31 13:00:00
49,services,married,secondary,no,2201,yes,no,unknown,15,may,233,3,-1,0,unknown,no,2025-03-31 14:00:00
33,management,married,tertiary,no,4020,yes,yes,cellular,15,apr,251,1,-1,0,unknown,no,2025-03-31 15:00:00
52,blue-collar,married,primary,no,4711,yes,no,cellular,28,jul,228,2,-1,0,unknown,no,2025-03-31 16:00:00
29,services,single,secondary,no,0,no,no,cellular,17,jul,58,1,-1,0,unknown,no,2025-03-31 17:00:00
29,blue-collar,single,primary,no,80,yes,no,unknown,28,may,678,1,-1,0,unknown,no,2025-03-31 18:00:00
28,unemployed,single,tertiary,no,0,no,no,cellular,6,feb,15,9,-1,0,unknown,no,2025-03-31 19:00:00
40,unknown,married,unknown,no,35,no,no,unknown,19,jun,40,1,-1,0,unknown,no,2025-03-31 20:00:00
59,retired,married,secondary,no,242,no,yes,cellular,5,feb,17,10,-1,0,unknown,no,2025-03-31 21:00:00
32,management,married,tertiary,no,0,yes,no,unknown,16,may,387,1,-1,0,unknown,no,2025-03-31 22:00:00
42,blue-collar,divorced,primary,no,299,yes,no,unknown,13,may,253,2,-1,0,unknown,no,2025-03-31 23:00:00
41,blue-collar,married,primary,no,-75,yes,no,cellular,18,may,115,1,-1,0,unknown,no,2025-04-01 00:00:00
33,entrepreneur,married,secondary,no,-122,no,no,cellular,24,jul,123,5,-1,0,unknown,no,2025-04-01 01:00:00
42,management,married,secondary,no,275,yes,no,cellular,6,may,139,6,-1,0,unknown,no,2025-04-01 02:00:00
34,student,single,primary,no,3004,no,no,unknown,28,may,49,3,-1,0,unknown,no,2025-04-01 03:00:00
30,management,married,tertiary,no,367,no,no,cellular,4,feb,170,2,-1,0,unknown,no,2025-04-01 04:00:00
59,management,married,tertiary,no,82,yes,no,cellular,17,apr,324,4,-1,0,unknown,no,2025-04-01 05:00:00
52,retired,married,unknown,no,3303,no,no,unknown,6,jun,33,1,-1,0,unknown,no,2025-04-01 06:00:00
36,management,single,tertiary,no,774,no,no,cellular,19,nov,193,2,-1,0,unknown,no,2025-04-01 07:00:00
45,entrepreneur,married,secondary,no,4688,no,no,cellular,7,jul,112,10,-1,0,unknown,no,2025-04-01 08:00:00
35,admin.,married,secondary,no,788,yes,no,unknown,26,may,223,1,-1,0,unknown,no,2025-04-01 09:00:00
31,management,single,tertiary,no,596,no,no,cellular,17,dec,184,6,196,2,failure,no,2025-04-01 10:00:00
26,entrepreneur,single,secondary,no,265,yes,no,unknown,28,may,593,1,-1,0,unknown,no,2025-04-01 11:00:00
54,admin.,married,secondary,no,263,no,yes,telephone,29,jan,283,4,195,7,failure,no,2025-04-01 12:00:00
38,housemaid,divorced,tertiary,no,4312,no,no,cellular,21,nov,407,4,182,2,other,no,2025-04-01 13:00:00
34,blue-collar,married,secondary,no,457,yes,yes,unknown,27,may,188,1,-1,0,unknown,no,2025-04-01 14:00:00
32,management,married,tertiary,no,312,no,no,cellular,11,aug,67,4,-1,0,unknown,no,2025-04-01 15:00:00
34,blue-collar,married,primary,no,905,yes,no,unknown,30,may,28,8,-1,0,unknown,no,2025-04-01 16:00:00
35,management,married,tertiary,no,94,yes,no,unknown,17,nov,108,1,-1,0,unknown,no,2025-04-01 17:00:00
26,services,single,secondary,no,37,no,yes,cellular,2,feb,219,5,-1,0,unknown,no,2025-04-01 18:00:00
31,management,married,tertiary,no,477,yes,no,cellular,21,nov,77,5,-1,0,unknown,no,2025-04-01 19:00:00
50,blue-collar,married,primary,no,-37,yes,no,unknown,12,may,78,3,-1,0,unknown,no,2025-04-01 20:00:00
71,retired,divorced,secondary,no,4380,no,no,cellular,22,sep,369,1,-1,0,unknown,yes,2025-04-01 21:00:00
56,retired,married,primary,no,1448,yes,yes,telephone,20,nov,16,1,-1,0,unknown,no,2025-04-01 22:00:00
32,admin.,single,secondary,no,294,yes,no,unknown,28,may,97,2,-1,0,unknown,no,2025-04-01 23:00:00
29,management,single,tertiary,no,502,no,no,cellular,12,apr,366,2,199,3,other,no,2025-04-02 00:00:00
37,blue-collar,married,secondary,no,3269,yes,yes,cellular,14,may,121,2,-1,0,unknown,no,2025-04-02 01:00:00
46,blue-collar,married,primary,no,57,yes,no,cellular,16,apr,797,1,-1,0,unknown,no,2025-04-02 02:00:00
53,blue-collar,married,secondary,no,66,no,no,unknown,6,jun,360,2,-1,0,unknown,no,2025-04-02 03:00:00
30,technician,single,secondary,no,-232,no,yes,cellular,7,aug,118,2,-1,0,unknown,no,2025-04-02 04:00:00
43,technician,married,tertiary,no,591,yes,no,cellular,12,may,123,4,277,2,failure,no,2025-04-02 05:00:00
32,housemaid,married,primary,no,0,no,no,telephone,8,jul,63,3,-1,0,unknown,no,2025-04-02 06:00:00
67,retired,married,secondary,no,1443,no,no,cellular,8,apr,245,1,-1,0,unknown,yes,2025-04-02 07:00:00
50,admin.,divorced,secondary,no,1111,yes,no,cellular,17,apr,50,1,-1,0,unknown,no,2025-04-02 08:00:00
32,blue-collar,married,secondary,no,536,yes,no,unknown,9,may,208,2,-1,0,unknown,no,2025-04-02 09:00:00
34,technician,single,secondary,no,60,no,no,cellular,7,aug,274,2,-1,0,unknown,no,2025-04-02 10:00:00
46,blue-collar,married,primary,no,1114,yes,no,unknown,15,may,490,3,-1,0,unknown,no,2025-04-02 11:00:00
31,blue-collar,married,secondary,no,77,yes,no,unknown,27,may,371,2,-1,0,unknown,no,2025-04-02 12:00:00
36,entrepreneur,married,secondary,no,0,yes,no,cellular,11,may,187,1,174,1,failure,no,2025-04-02 13:00:00
48,unemployed,single,unknown,no,11298,yes,no,cellular,9,feb,97,2,-1,0,unknown,no,2025-04-02 14:00:00
30,blue-collar,single,secondary,no,161,no,yes,telephone,8,sep,298,3,-1,0,unknown,yes,2025-04-02 15:00:00
53,management,married,tertiary,no,2578,no,no,cellular,19,nov,299,4,107,2,failure,no,2025-04-02 16:00:00
32,blue-collar,married,secondary,no,225,yes,no,cellular,17,apr,574,1,150,1,failure,yes,2025-04-02 17:00:00
33,blue-collar,married,secondary,no,379,yes,yes,cellular,16,jun,263,2,-1,0,unknown,yes,2025-04-02 18:00:00
48,technician,married,secondary,no,164,no,no,cellular,27,aug,76,4,-1,0,unknown,no,2025-04-02 19:00:00
43,unemployed,divorced,secondary,no,1854,no,no,cellular,30,apr,323,1,-1,0,unknown,yes,2025-04-02 20:00:00
47,self-employed,married,tertiary,no,751,no,no,cellular,24,jul,408,14,-1,0,unknown,no,2025-04-02 21:00:00
47,blue-collar,married,unknown,no,1506,yes,no,unknown,5,may,92,1,-1,0,unknown,no,2025-04-02 22:00:00
43,unemployed,married,secondary,no,0,yes,no,unknown,6,may,245,1,-1,0,unknown,no,2025-04-02 23:00:00
26,blue-collar,married,primary,no,0,yes,no,unknown,21,may,425,1,-1,0,unknown,no,2025-04-03 00:00:00
39,management,married,tertiary,no,20932,no,no,cellular,21,nov,127,2,-1,0,unknown,no,2025-04-03 01:00:00
51,technician,married,secondary,no,196,yes,yes,cellular,17,feb,88,1,-1,0,unknown,yes,2025-04-03 02:00:00
48,management,married,primary,no,247,yes,yes,unknown,14,may,145,1,-1,0,unknown,no,2025-04-03 03:00:00
39,admin.,divorced,secondary,no,-328,no,yes,cellular,31,jul,16,27,-1,0,unknown,no,2025-04-03 04:00:00
60,admin.,married,secondary,no,4120,yes,yes,unknown,30,may,422,2,-1,0,unknown,no,2025-04-03 05:00:00
27,management,single,tertiary,no,136,no,yes,cellular,8,jul,146,1,-1,0,unknown,no,2025-04-03 06:00:00
57,admin.,single,secondary,no,5768,yes,no,unknown,19,jun,512,1,-1,0,unknown,yes,2025-04-03 07:00:00
33,technician,married,tertiary,no,79,yes,yes,cellular,9,feb,390,8,-1,0,unknown,no,2025-04-03 08:00:00
56,blue-collar,married,primary,no,373,yes,no,cellular,12,may,179,1,350,1,failure,no,2025-04-03 09:00:00
60,retired,divorced,primary,no,61,yes,no,telephone,23,jul,197,2,-1,0,unknown,no,2025-04-03 10:00:00
54,retired,married,secondary,no,1371,no,no,telephone,25,jul,1492,2,-1,0,unknown,yes,2025-04-03 11:00:00
25,blue-collar,married,secondary,no,101,no,yes,cellular,8,jul,460,3,-1,0,unknown,yes,2025-04-03 12:00:00
42,technician,married,secondary,no,297,no,no,unknown,20,jun,65,1,-1,0,unknown,no,2025-04-03 13:00:00
44,blue-collar,married,primary,no,-14,yes,yes,unknown,19,may,179,4,-1,0,unknown,no,2025-04-03 14:00:00
53,management,married,tertiary,no,4928,yes,no,unknown,15,may,738,7,-1,0,unknown,no,2025-04-03 15:00:00
34,blue-collar,married,primary,no,139,yes,no,unknown,9,may,106,1,-1,0,unknown,no,2025-04-03 16:00:00
57,retired,married,primary,no,1947,no,no,cellular,3,sep,126,1,185,7,success,no,2025-04-03 17:00:00
34,blue-collar,married,secondary,no,250,yes,no,unknown,29,may,193,6,-1,0,unknown,no,2025-04-03 18:00:00
45,blue-collar,married,secondary,no,3,no,yes,telephone,30,jul,154,2,-1,0,unknown,no,2025-04-03 19:00:00
37,management,married,tertiary,no,860,yes,no,cellular,17,apr,818,2,332,15,failure,no,2025-04-03 20:00:00
40,admin.,single,secondary,no,1112,yes,no,cellular,15,may,104,2,-1,0,unknown,no,2025-04-03 21:00:00
35,technician,single,tertiary,no,211,no,no,cellular,4,aug,53,1,-1,0,unknown,no,2025-04-03 22:00:00
39,admin.,divorced,secondary,no,284,yes,yes,cellular,16,apr,772,1,-1,0,unknown,no,2025-04-03 23:00:00
52,management,single,tertiary,no,83,no,no,cellular,26,aug,1223,6,-1,0,unknown,yes,2025-04-04 00:00:00
45,entrepreneur,married,tertiary,no,0,yes,no,cellular,29,jul,100,3,-1,0,unknown,no,2025-04-04 01:00:00
35,management,married,tertiary,no,1095,yes,no,cellular,19,nov,210,2,-1,0,unknown,no,2025-04-04 02:00:00
57,blue-collar,married,primary,no,696,yes,no,cellular,13,aug,89,6,-1,0,unknown,no,2025-04-04 03:00:00
18,student,single,unknown,no,108,no,no,cellular,8,sep,169,1,-1,0,unknown,yes,2025-04-04 04:00:00
33,admin.,married,secondary,no,2374,yes,no,cellular,14,apr,706,2,-1,0,unknown,no,2025-04-04 05:00:00
47,technician,divorced,tertiary,no,405,yes,no,cellular,30,jan,236,1,260,1,failure,no,2025-04-04 06:00:00
34,admin.,single,secondary,no,4447,yes,no,cellular,10,mar,75,2,-1,0,unknown,no,2025-04-04 07:00:00
28,services,single,secondary,no,437,yes,yes,cellular,17,apr,219,1,322,2,failure,no,2025-04-04 08:00:00
41,technician,married,secondary,no,305,yes,yes,cellular,10,jul,61,4,-1,0,unknown,no,2025-04-04 09:00:00
60,retired,divorced,secondary,no,1923,no,no,cellular,27,may,282,1,-1,0,unknown,no,2025-04-04 10:00:00
31,self-employed,single,secondary,no,203,no,yes,cellular,19,nov,177,1,-1,0,unknown,no,2025-04-04 11:00:00
47,admin.,single,secondary,no,1693,yes,no,cellular,22,oct,608,2,92,4,other,yes,2025-04-04 12:00:00
37,admin.,married,secondary,no,7,yes,no,cellular,27,may,224,7,105,1,other,no,2025-04-04 13:00:00
43,technician,married,secondary,no,282,no,yes,cellular,21,nov,48,2,-1,0,unknown,no,2025-04-04 14:00:00
33,technician,single,tertiary,no,8097,no,yes,cellular,21,aug,500,2,-1,0,unknown,no,2025-04-04 15:00:00
39,admin.,single,secondary,no,782,yes,no,cellular,20,nov,162,3,-1,0,unknown,no,2025-04-04 16:00:00
31,management,single,tertiary,no,5691,yes,no,cellular,21,nov,37,2,123,1,failure,no,2025-04-04 17:00:00
49,management,divorced,tertiary,no,351,yes,no,cellular,21,jul,356,2,-1,0,unknown,no,2025-04-04 18:00:00
48,blue-collar,married,secondary,no,525,yes,no,cellular,12,may,325,2,-1,0,unknown,no,2025-04-04 19:00:00
47,technician,married,secondary,no,19,yes,no,unknown,6,may,105,2,-1,0,unknown,no,2025-04-04 20:00:00
64,self-employed,married,tertiary,no,661,no,no,cellular,21,dec,367,2,294,2,failure,yes,2025-04-04 21:00:00
59,unemployed,divorced,secondary,no,2921,no,no,telephone,3,feb,251,1,-1,0,unknown,no,2025-04-04 22:00:00
48,entrepreneur,married,secondary,no,104,yes,yes,cellular,18,nov,55,1,-1,0,unknown,no,2025-04-04 23:00:00
37,housemaid,married,secondary,no,187,no,no,unknown,12,jun,165,1,-1,0,unknown,no,2025-04-05 00:00:00
46,technician,married,primary,no,718,yes,no,cellular,6,feb,80,2,268,1,failure,no,2025-04-05 01:00:00
37,management,married,tertiary,no,1393,no,yes,unknown,11,jun,129,3,-1,0,unknown,no,2025-04-05 02:00:00
40,admin.,married,secondary,no,947,no,no,unknown,6,jun,160,1,-1,0,unknown,no,2025-04-05 03:00:00
50,technician,married,tertiary,no,329,no,no,cellular,19,aug,329,4,-1,0,unknown,no,2025-04-05 04:00:00
40,retired,married,primary,no,407,yes,no,cellular,2,feb,200,1,271,1,failure,no,2025-04-05 05:00:00
56,admin.,married,unknown,no,1167,no,no,cellular,12,aug,465,9,-1,0,unknown,no,2025-04-05 06:00:00
32,admin.,married,secondary,no,31,no,no,cellular,25,may,101,1,-1,0,unknown,no,2025-04-05 07:00:00
45,management,married,tertiary,no,22815,no,no,cellular,26,aug,653,8,-1,0,unknown,no,2025-04-05 08:00:00
30,technician,single,secondary,no,0,no,no,cellular,28,aug,102,10,-1,0,unknown,no,2025-04-05 09:00:00
35,technician,married,secondary,no,463,yes,no,telephone,7,aug,309,4,-1,0,unknown,no,2025-04-05 10:00:00
41,technician,single,secondary,no,631,no,no,telephone,4,jun,111,3,-1,0,unknown,no,2025-04-05 11:00:00
28,technician,divorced,tertiary,no,47,no,no,cellular,21,jul,304,3,-1,0,unknown,no,2025-04-05 12:00:00
35,technician,married,secondary,no,251,yes,yes,unknown,1,jul,128,3,-1,0,unknown,no,2025-04-05 13:00:00
27,management,single,tertiary,no,574,yes,no,cellular,18,may,196,3,-1,0,unknown,no,2025-04-05 14:00:00
30,blue-collar,married,primary,no,5956,yes,yes,unknown,4,jul,538,1,-1,0,unknown,no,2025-04-05 15:00:00
38,self-employed,married,secondary,no,290,yes,no,unknown,20,may,369,1,-1,0,unknown,no,2025-04-05 16:00:00
45,technician,married,unknown,no,557,yes,no,cellular,15,jul,80,4,-1,0,unknown,no,2025-04-05 17:00:00
61,blue-collar,married,primary,no,7879,no,no,telephone,28,jul,186,9,-1,0,unknown,no,2025-04-05 18:00:00
32,management,single,tertiary,no,202,no,no,cellular,4,may,16,5,-1,0,unknown,no,2025-04-05 19:00:00
56,technician,single,secondary,no,1437,yes,no,cellular,20,nov,367,8,-1,0,unknown,no,2025-04-05 20:00:00
49,blue-collar,married,secondary,no,134,yes,yes,unknown,27,may,265,2,-1,0,unknown,no,2025-04-05 21:00:00
37,student,single,secondary,no,681,no,no,cellular,5,feb,187,1,8,1,other,no,2025-04-05 22:00:00
37,technician,married,secondary,no,-254,yes,yes,unknown,28,may,256,2,-1,0,unknown,no,2025-04-05 23:00:00
29,technician,married,secondary,no,492,yes,no,cellular,9,jul,259,1,-1,0,unknown,no,2025-04-06 00:00:00
30,management,single,tertiary,no,499,yes,no,cellular,13,aug,92,2,90,1,failure,no,2025-04-06 01:00:00
42,blue-collar,married,secondary,no,414,yes,no,cellular,17,apr,400,3,-1,0,unknown,no,2025-04-06 02:00:00
32,technician,single,tertiary,no,1625,no,no,cellular,22,may,796,1,109,1,failure,yes,2025-04-06 03:00:00
39,entrepreneur,divorced,tertiary,yes,-251,no,no,unknown,20,jun,421,6,-1,0,unknown,no,2025-04-06 04:00:00
38,services,married,secondary,no,-349,yes,no,cellular,20,apr,111,2,328,5,failure,no,2025-04-06 05:00:00
27,admin.,single,secondary,no,54,yes,no,cellular,14,may,252,2,-1,0,unknown,no,2025-04-06 06:00:00
39,management,single,tertiary,no,490,no,no,unknown,20,jun,44,3,-1,0,unknown,no,2025-04-06 07:00:00
40,admin.,single,secondary,no,2040,yes,no,cellular,18,may,906,2,350,2,failure,yes,2025-04-06 08:00:00
32,management,single,tertiary,no,1625,yes,no,cellular,19,aug,451,6,-1,0,unknown,no,2025-04-06 09:00:00
68,retired,married,secondary,no,2469,yes,no,telephone,15,jul,552,2,-1,0,unknown,yes,2025-04-06 10:00:00
40,blue-collar,married,secondary,no,0,yes,no,cellular,17,nov,113,1,-1,0,unknown,no,2025-04-06 11:00:00
46,management,married,tertiary,no,4879,no,no,cellular,31,jul,195,3,-1,0,unknown,no,2025-04-06 12:00:00
39,blue-collar,divorced,secondary,no,36,yes,no,unknown,12,may,109,2,-1,0,unknown,no,2025-04-06 13:00:00
39,blue-collar,married,secondary,no,1309,no,yes,telephone,10,jul,37,1,-1,0,unknown,no,2025-04-06 14:00:00
22,student,single,unknown,no,466,no,no,cellular,30,jun,377,1,-1,0,unknown,yes,2025-04-06 15:00:00
41,blue-collar,divorced,primary,yes,210,yes,no,unknown,13,may,383,1,-1,0,unknown,no,2025-04-06 16:00:00
27,technician,single,secondary,no,842,no,no,cellular,30,jul,273,1,91,1,other,no,2025-04-06 17:00:00
43,blue-collar,divorced,secondary,no,110,yes,yes,unknown,6,may,448,1,-1,0,unknown,no,2025-04-06 18:00:00
60,technician,married,unknown,no,0,yes,no,unknown,8,may,77,1,-1,0,unknown,no,2025-04-06 19:00:00
33,blue-collar,married,secondary,no,0,yes,yes,cellular,6,may,155,5,-1,0,unknown,no,2025-04-06 20:00:00
52,blue-collar,married,primary,no,1524,no,no,cellular,3,jul,1007,6,-1,0,unknown,yes,2025-04-06 21:00:00
39,self-employed,married,primary,no,2165,yes,no,cellular,18,nov,213,1,-1,0,unknown,no,2025-04-06 22:00:00
30,blue-collar,married,secondary,no,253,yes,no,unknown,23,may,160,2,-1,0,unknown,no,2025-04-06 23:00:00
36,admin.,divorced,secondary,no,454,yes,no,cellular,18,nov,165,1,131,1,failure,no,2025-04-07 00:00:00
58,unemployed,married,tertiary,no,1333,no,no,cellular,1,oct,278,1,-1,0,unknown,no,2025-04-07 01:00:00
57,management,divorced,tertiary,no,52,yes,no,cellular,8,may,40,3,359,8,other,no,2025-04-07 02:00:00
36,blue-collar,married,secondary,no,-128,no,yes,telephone,14,jul,821,3,-1,0,unknown,no,2025-04-07 03:00:00
55,blue-collar,married,primary,no,81,yes,no,unknown,28,may,172,1,-1,0,unknown,no,2025-04-07 04:00:00
49,blue-collar,divorced,primary,no,0,yes,no,cellular,29,jul,468,2,-1,0,unknown,no,2025-04-07 05:00:00
45,management,married,tertiary,no,849,no,no,unknown,13,may,60,1,-1,0,unknown,no,2025-04-07 06:00:00
38,housemaid,married,secondary,no,634,no,no,unknown,11,jun,105,4,-1,0,unknown,no,2025-04-07 07:00:00
54,management,divorced,primary,no,0,no,no,unknown,6,may,472,1,-1,0,unknown,no,2025-04-07 08:00:00
70,housemaid,divorced,primary,no,1311,no,no,cellular,11,aug,651,1,-1,0,unknown,yes,2025-04-07 09:00:00
26,admin.,single,secondary,no,92,yes,no,unknown,13,may,259,1,-1,0,unknown,no,2025-04-07 10:00:00
52,unemployed,married,primary,no,3175,no,no,cellular,2,feb,165,1,-1,0,unknown,no,2025-04-07 11:00:00
45,housemaid,divorced,tertiary,no,2098,no,no,unknown,20,jun,81,3,-1,0,unknown,no,2025-04-07 12:00:00
31,blue-collar,single,secondary,no,-64,no,no,cellular,21,jul,37,1,-1,0,unknown,no,2025-04-07 13:00:00
55,blue-collar,single,secondary,no,197,no,no,cellular,30,jul,95,6,-1,0,unknown,no,2025-04-07 14:00:00
47,blue-collar,divorced,secondary,no,25,yes,no,cellular,7,may,166,1,-1,0,unknown,no,2025-04-07 15:00:00
64,retired,divorced,secondary,no,4833,no,no,cellular,22,apr,247,2,251,1,failure,no,2025-04-07 16:00:00
73,retired,married,primary,no,542,no,no,telephone,29,apr,107,5,-1,0,unknown,no,2025-04-07 17:00:00
49,blue-collar,married,secondary,no,1743,no,no,unknown,18,jun,68,1,-1,0,unknown,no,2025-04-07 18:00:00
42,self-employed,married,secondary,no,1508,yes,no,cellular,29,jul,178,3,-1,0,unknown,no,2025-04-07 19:00:00
44,technician,single,unknown,no,509,no,no,cellular,22,apr,71,7,-1,0,unknown,no,2025-04-07 20:00:00
27,technician,single,tertiary,no,11862,no,no,telephone,25,may,281,5,101,1,success,no,2025-04-07 21:00:00
43,admin.,single,secondary,no,-247,yes,yes,cellular,2,feb,751,2,76,4,failure,yes,2025-04-07 22:00:00
39,management,married,tertiary,no,942,yes,no,cellular,13,may,564,2,265,4,other,no,2025-04-07 23:00:00
31,technician,married,secondary,no,17,yes,yes,unknown,6,may,120,1,-1,0,unknown,no,2025-04-08 00:00:00
37,blue-collar,married,secondary,no,504,yes,no,cellular,20,apr,87,2,347,2,failure,no,2025-04-08 01:00:00
58,admin.,married,secondary,no,2777,yes,no,telephone,2,nov,214,3,-1,0,unknown,no,2025-04-08 02:00:00
54,technician,married,secondary,no,479,no,no,cellular,12,aug,222,3,-1,0,unknown,no,2025-04-08 03:00:00
24,blue-collar,single,secondary,no,-438,yes,no,unknown,27,may,410,1,-1,0,unknown,no,2025-04-08 04:00:00
45,technician,married,secondary,no,1998,no,no,cellular,4,may,237,5,-1,0,unknown,yes,2025-04-08 05:00:00
29,entrepreneur,married,secondary,no,926,yes,no,cellular,15,jul,169,2,-1,0,unknown,no,2025-04-08 06:00:00
55,technician,married,secondary,no,2760,yes,no,unknown,30,may,267,14,-1,0,unknown,no,2025-04-08 07:00:00
56,management,married,primary,no,199,yes,yes,cellular,4,feb,331,2,209,1,failure,no,2025-04-08 08:00:00
26,blue-collar,single,primary,no,155,yes,no,cellular,29,jan,291,1,244,4,failure,no,2025-04-08 09:00:00
34,blue-collar,married,secondary,no,7216,yes,no,unknown,26,may,143,2,-1,0,unknown,no,2025-04-08 10:00:00
60,retired,married,secondary,no,926,yes,no,unknown,13,may,291,2,-1,0,unknown,no,2025-04-08 11:00:00
34,management,married,tertiary,no,1778,no,no,cellular,5,aug,329,2,181,4,failure,no,2025-04-08 12:00:00
26,student,single,secondary,no,3090,no,no,cellular,26,jul,379,1,339,1,failure,no,2025-04-08 13:00:00
26,management,single,tertiary,no,592,no,no,telephone,29,jan,145,2,164,1,other,no,2025-04-08 14:00:00
32,services,single,secondary,no,2881,no,no,cellular,2,jul,356,1,-1,0,unknown,yes,2025-04-08 15:00:00
29,technician,single,tertiary,no,406,yes,no,cellular,17,jul,119,1,-1,0,unknown,no,2025-04-08 16:00:00
35,services,divorced,secondary,no,-121,yes,yes,cellular,1,apr,73,1,-1,0,unknown,no,2025-04-08 17:00:00
41,management,married,tertiary,no,1559,no,no,cellular,28,aug,74,7,-1,0,unknown,no,2025-04-08 18:00:00
33,technician,married,tertiary,no,326,yes,no,cellular,17,nov,238,1,-1,0,unknown,no,2025-04-08 19:00:00
32,blue-collar,married,primary,no,12705,yes,no,cellular,20,nov,211,1,-1,0,unknown,no,2025-04-08 20:00:00
44,services,married,secondary,no,1450,yes,no,cellular,14,apr,356,1,314,2,failure,no,2025-04-08 21:00:00
44,blue-collar,married,primary,no,753,yes,no,unknown,8,may,151,2,-1,0,unknown,no,2025-04-08 22:00:00
33,technician,divorced,secondary,no,855,yes,no,cellular,15,may,124,3,-1,0,unknown,no,2025-04-08 23:00:00
35,technician,divorced,secondary,no,-281,no,no,cellular,4,aug,148,1,-1,0,unknown,no,2025-04-09 00:00:00
28,admin.,married,secondary,no,-31,yes,no,cellular,12,may,369,1,-1,0,unknown,no,2025-04-09 01:00:00
41,management,married,tertiary,no,4063,yes,no,cellular,21,nov,110,2,-1,0,unknown,no,2025-04-09 02:00:00
60,retired,married,secondary,no,8332,no,no,cellular,16,mar,279,1,194,7,other,yes,2025-04-09 03:00:00
42,services,married,secondary,no,6754,no,yes,cellular,20,nov,81,2,-1,0,unknown,no,2025-04-09 04:00:00
32,technician,single,unknown,no,354,no,no,cellular,21,nov,278,2,-1,0,unknown,no,2025-04-09 05:00:00
41,self-employed,married,primary,no,204,no,no,cellular,13,aug,111,7,-1,0,unknown,no,2025-04-09 06:00:00
70,retired,married,primary,no,2346,no,no,cellular,1,jun,421,1,97,6,success,no,2025-04-09 07:00:00
46,entrepreneur,married,secondary,no,4000,no,no,cellular,30,jul,251,3,-1,0,unknown,no,2025-04-09 08:00:00
32,blue-collar,married,secondary,no,0,yes,no,unknown,7,may,298,1,-1,0,unknown,no,2025-04-09 09:00:00
39,housemaid,married,secondary,no,4136,yes,no,cellular,19,nov,194,2,170,3,failure,no,2025-04-09 10:00:00
33,management,married,tertiary,no,741,no,no,cellular,5,feb,283,1,260,1,failure,no,2025-04-09 11:00:00
30,blue-collar,married,primary,no,5956,yes,yes,cellular,20,nov,405,1,139,1,failure,no,2025-04-09 12:00:00
25,student,single,secondary,no,1957,no,no,cellular,24,jun,1207,4,385,1,failure,yes,2025-04-09 13:00:00
36,technician,divorced,secondary,no,1156,yes,yes,cellular,28,jul,141,7,-1,0,unknown,no,2025-04-09 14:00:00
45,blue-collar,married,secondary,no,430,no,yes,cellular,21,aug,140,2,-1,0,unknown,no,2025-04-09 15:00:00
53,management,married,primary,no,798,yes,no,telephone,2,feb,45,1,217,2,failure,no,2025-04-09 16:00:00
42,blue-collar,married,secondary,no,165,yes,no,unknown,23,may,333,2,-1,0,unknown,no,2025-04-09 17:00:00
32,management,single,tertiary,no,1010,yes,no,cellular,16,jul,924,1,-1,0,unknown,no,2025-04-09 18:00:00
42,services,divorced,secondary,no,167,no,no,unknown,16,jun,119,1,-1,0,unknown,no,2025-04-09 19:00:00
34,management,married,tertiary,no,47,no,no,cellular,26,may,244,1,-1,0,unknown,no,2025-04-09 20:00:00
32,blue-collar,married,primary,no,268,yes,yes,cellular,18,may,189,1,-1,0,unknown,no,2025-04-09 21:00:00
28,blue-collar,single,secondary,no,-303,yes,no,unknown,23,may,277,2,-1,0,unknown,no,2025-04-09 22:00:00
46,technician,married,secondary,no,9299,no,no,cellular,19,jul,1148,1,276,2,other,yes,2025-04-09 23:00:00
48,blue-collar,married,secondary,no,2345,yes,yes,cellular,5,may,306,2,-1,0,unknown,no,2025-04-10 00:00:00
36,admin.,single,secondary,no,8,no,no,cellular,21,aug,115,2,-1,0,unknown,no,2025-04-10 01:00:00
52,blue-collar,married,secondary,no,1797,yes,no,cellular,27,nov,92,2,99,1,failure,no,2025-04-10 02:00:00
27,admin.,married,secondary,no,-48,yes,no,unknown,20,jun,168,2,-1,0,unknown,no,2025-04-10 03:00:00
27,self-employed,married,secondary,yes,254,yes,yes,cellular,29,jan,194,1,188,1,failure,no,2025-04-10 04:00:00
44,technician,married,secondary,no,0,yes,no,unknown,5,may,225,2,-1,0,unknown,no,2025-04-10 05:00:00
62,unemployed,married,secondary,no,1625,no,no,telephone,23,apr,155,1,-1,0,unknown,no,2025-04-10 06:00:00
29,management,married,tertiary,no,1474,yes,yes,unknown,29,may,79,3,-1,0,unknown,no,2025-04-10 07:00:00
32,management,married,tertiary,no,710,yes,no,cellular,17,jul,181,2,-1,0,unknown,no,2025-04-10 08:00:00
51,admin.,married,secondary,no,2662,no,no,telephone,28,jan,148,2,-1,0,unknown,no,2025-04-10 09:00:00
39,housemaid,married,secondary,no,0,yes,no,cellular,29,jul,218,4,-1,0,unknown,no,2025-04-10 10:00:00
58,self-employed,married,tertiary,no,6237,yes,no,cellular,20,nov,88,2,-1,0,unknown,no,2025-04-10 11:00:00
57,services,married,secondary,no,84,yes,no,unknown,15,may,59,1,-1,0,unknown,no,2025-04-10 12:00:00
30,entrepreneur,married,secondary,no,-346,yes,yes,cellular,22,jul,88,1,-1,0,unknown,no,2025-04-10 13:00:00
57,technician,married,tertiary,no,31,no,yes,cellular,26,aug,395,2,-1,0,unknown,no,2025-04-10 14:00:00
32,management,single,tertiary,no,887,yes,no,cellular,24,jul,53,5,-1,0,unknown,no,2025-04-10 15:00:00
37,technician,married,secondary,no,1016,yes,yes,telephone,12,nov,24,1,-1,0,unknown,no,2025-04-10 16:00:00
33,technician,single,secondary,no,2583,no,no,cellular,6,feb,129,1,-1,0,unknown,no,2025-04-10 17:00:00
46,management,married,tertiary,no,212,yes,no,cellular,29,aug,515,3,-1,0,unknown,no,2025-04-10 18:00:00
52,services,divorced,secondary,no,2455,no,no,cellular,25,jul,289,1,-1,0,unknown,no,2025-04-10 19:00:00
38,technician,married,tertiary,no,732,no,no,cellular,2,nov,53,2,161,1,failure,no,2025-04-10 20:00:00
36,blue-collar,single,secondary,no,35,yes,no,unknown,3,jun,435,3,-1,0,unknown,no,2025-04-10 21:00:00
27,student,single,unknown,no,1444,no,no,cellular,2,feb,248,2,-1,0,unknown,no,2025-04-10 22:00:00
54,management,married,tertiary,no,17008,no,no,cellular,19,nov,151,2,-1,0,unknown,no,2025-04-10 23:00:00
31,blue-collar,married,secondary,no,-325,yes,yes,unknown,27,may,389,2,-1,0,unknown,no,2025-04-11 00:00:00
32,blue-collar,single,secondary,no,313,yes,yes,unknown,5,jun,67,2,-1,0,unknown,no,2025-04-11 01:00:00
51,services,married,secondary,no,1191,no,yes,cellular,17,nov,214,1,-1,0,unknown,no,2025-04-11 02:00:00
36,admin.,single,tertiary,no,1568,no,no,unknown,17,jun,433,2,-1,0,unknown,no,2025-04-11 03:00:00
57,admin.,divorced,primary,no,987,no,no,unknown,16,jun,295,2,-1,0,unknown,no,2025-04-11 04:00:00
34,admin.,married,secondary,no,147,yes,yes,cellular,29,jul,57,7,-1,0,unknown,no,2025-04-11 05:00:00
59,blue-collar,divorced,primary,no,4399,yes,no,telephone,31,jul,69,8,-1,0,unknown,no,2025-04-11 06:00:00
31,blue-collar,single,secondary,no,4415,yes,no,unknown,2,jun,329,1,-1,0,unknown,no,2025-04-11 07:00:00
42,entrepreneur,divorced,secondary,no,3780,yes,no,cellular,19,nov,104,3,-1,0,unknown,no,2025-04-11 08:00:00
39,management,married,tertiary,no,0,yes,no,cellular,11,may,112,1,-1,0,unknown,no,2025-04-11 09:00:00
28,services,single,secondary,no,339,no,no,cellular,3,dec,350,1,182,1,success,yes,2025-04-11 10:00:00
35,admin.,single,secondary,no,0,yes,no,cellular,8,may,376,3,-1,0,unknown,no,2025-04-11 11:00:00
36,blue-collar,married,primary,no,-453,yes,no,unknown,19,jun,130,1,-1,0,unknown,no,2025-04-11 12:00:00
37,management,single,tertiary,no,3452,yes,no,cellular,29,aug,8,9,-1,0,unknown,no,2025-04-11 13:00:00
38,technician,married,tertiary,no,127,yes,no,cellular,14,oct,113,1,50,2,success,no,2025-04-11 14:00:00
55,entrepreneur,married,secondary,no,5838,no,no,unknown,17,jun,115,2,-1,0,unknown,no,2025-04-11 15:00:00
36,technician,married,secondary,no,1975,no,no,cellular,18,jul,835,1,-1,0,unknown,no,2025-04-11 16:00:00
28,blue-collar,single,secondary,no,352,yes,yes,unknown,27,may,125,3,-1,0,unknown,no,2025-04-11 17:00:00
30,services,divorced,secondary,no,21,no,no,cellular,17,jul,49,1,-1,0,unknown,no,2025-04-11 18:00:00
56,management,married,tertiary,no,4,yes,yes,cellular,30,jan,299,1,2,5,other,no,2025-04-11 19:00:00
49,entrepreneur,married,secondary,no,167,yes,yes,unknown,6,may,198,3,-1,0,unknown,no,2025-04-11 20:00:00
45,management,divorced,secondary,no,0,yes,no,cellular,6,may,1079,3,-1,0,unknown,no,2025-04-11 21:00:00
50,management,married,unknown,no,5043,yes,yes,cellular,8,apr,201,1,-1,0,unknown,no,2025-04-11 22:00:00
31,blue-collar,married,primary,no,554,yes,no,cellular,14,may,317,1,352,5,failure,no,2025-04-11 23:00:00
33,blue-collar,single,secondary,no,213,yes,no,unknown,2,jun,163,2,-1,0,unknown,no,2025-04-12 00:00:00
31,management,divorced,tertiary,no,1742,yes,no,cellular,20,apr,156,1,-1,0,unknown,no,2025-04-12 01:00:00
43,management,divorced,secondary,no,693,yes,no,unknown,5,may,124,3,-1,0,unknown,no,2025-04-12 02:00:00
24,admin.,single,secondary,no,172,no,no,cellular,3,feb,114,1,-1,0,unknown,no,2025-04-12 03:00:00
32,admin.,single,secondary,no,45,yes,yes,cellular,14,may,908,3,344,7,other,no,2025-04-12 04:00:00
28,blue-collar,married,tertiary,no,417,yes,yes,cellular,6,may,523,2,363,2,failure,no,2025-04-12 05:00:00
31,management,single,tertiary,no,0,yes,no,cellular,8,sep,76,1,-1,0,unknown,no,2025-04-12 06:00:00
34,services,married,secondary,no,0,yes,no,unknown,19,may,115,4,-1,0,unknown,no,2025-04-12 07:00:00
36,admin.,single,secondary,no,1281,no,no,telephone,24,jul,119,2,-1,0,unknown,no,2025-04-12 08:00:00
26,technician,single,secondary,no,4859,no,no,cellular,19,oct,90,2,92,3,other,no,2025-04-12 09:00:00
39,blue-collar,married,secondary,no,94,yes,yes,cellular,19,nov,181,1,-1,0,unknown,no,2025-04-12 10:00:00
55,blue-collar,married,secondary,no,1078,yes,yes,cellular,15,may,41,1,-1,0,unknown,no,2025-04-12 11:00:00
37,management,married,tertiary,no,223,no,no,unknown,18,jun,24,10,-1,0,unknown,no,2025-04-12 12:00:00
79,retired,married,secondary,no,2661,no,no,cellular,10,nov,254,5,-1,0,unknown,yes,2025-04-12 13:00:00
43,management,divorced,tertiary,no,99,no,no,cellular,29,jan,24,3,-1,0,unknown,no,2025-04-12 14:00:00
27,technician,single,secondary,no,1,yes,no,unknown,2,jun,261,8,-1,0,unknown,no,2025-04-12 15:00:00
40,admin.,married,secondary,no,1142,yes,no,cellular,4,feb,126,1,-1,0,unknown,no,2025-04-12 16:00:00
35,management,married,tertiary,no,972,yes,yes,cellular,25,jul,23,16,-1,0,unknown,no,2025-04-12 17:00:00
35,technician,single,tertiary,no,817,yes,no,cellular,21,nov,12,5,-1,0,unknown,no,2025-04-12 18:00:00
32,technician,married,tertiary,no,0,no,yes,cellular,24,jul,184,6,-1,0,unknown,no,2025-04-12 19:00:00
45,admin.,married,secondary,no,524,yes,no,cellular,23,jul,808,1,-1,0,unknown,yes,2025-04-12 20:00:00
27,entrepreneur,single,tertiary,no,0,yes,no,unknown,4,jun,103,2,-1,0,unknown,no,2025-04-12 21:00:00
36,services,single,secondary,no,1482,yes,no,cellular,18,nov,177,2,174,1,other,no,2025-04-12 22:00:00
45,blue-collar,married,secondary,no,4646,yes,no,unknown,13,may,118,1,-1,0,unknown,no,2025-04-12 23:00:00
57,technician,divorced,secondary,no,0,yes,no,unknown,14,may,360,2,-1,0,unknown,no,2025-04-13 00:00:00
36,technician,single,secondary,no,210,no,no,cellular,2,feb,65,1,-1,0,unknown,no,2025-04-13 01:00:00
33,blue-collar,married,primary,no,3868,yes,no,unknown,2,jun,445,1,-1,0,unknown,no,2025-04-13 02:00:00
40,management,married,primary,no,1231,yes,yes,unknown,15,may,184,2,-1,0,unknown,no,2025-04-13 03:00:00
35,blue-collar,single,secondary,no,142,yes,no,cellular,20,nov,155,1,-1,0,unknown,no,2025-04-13 04:00:00
33,services,married,secondary,no,244,yes,no,cellular,18,nov,231,2,-1,0,unknown,no,2025-04-13 05:00:00
26,student,single,secondary,no,1209,yes,no,cellular,7,may,57,4,-1,0,unknown,no,2025-04-13 06:00:00
27,technician,married,secondary,no,1577,yes,yes,unknown,28,may,266,2,-1,0,unknown,no,2025-04-13 07:00:00
73,retired,married,tertiary,no,1843,no,no,cellular,11,sep,106,2,-1,0,unknown,yes,2025-04-13 08:00:00
37,blue-collar,married,secondary,no,121,yes,yes,cellular,13,may,302,4,-1,0,unknown,no,2025-04-13 09:00:00
30,services,single,secondary,no,1268,yes,no,cellular,8,apr,105,4,320,8,other,yes,2025-04-13 10:00:00
31,blue-collar,married,secondary,no,298,yes,no,unknown,28,may,154,3,-1,0,unknown,no,2025-04-13 11:00:00
54,admin.,divorced,secondary,no,1872,no,no,cellular,13,feb,439,5,-1,0,unknown,yes,2025-04-13 12:00:00
32,admin.,married,tertiary,no,653,no,no,cellular,2,jun,84,1,-1,0,unknown,yes,2025-04-13 13:00:00
36,technician,married,tertiary,no,4596,yes,no,cellular,16,apr,901,2,-1,0,unknown,yes,2025-04-13 14:00:00
40,technician,single,secondary,no,572,no,no,cellular,21,aug,971,2,-1,0,unknown,no,2025-04-13 15:00:00
29,services,married,tertiary,no,62,yes,yes,unknown,16,may,280,2,-1,0,unknown,no,2025-04-13 16:00:00
35,blue-collar,single,secondary,no,88,yes,no,unknown,16,may,344,4,-1,0,unknown,no,2025-04-13 17:00:00
51,entrepreneur,married,primary,no,726,yes,yes,cellular,15,apr,87,2,-1,0,unknown,no,2025-04-13 18:00:00
49,services,divorced,secondary,no,3649,yes,yes,unknown,15,may,150,1,-1,0,unknown,no,2025-04-13 19:00:00
63,retired,married,secondary,no,2896,no,no,cellular,4,mar,180,2,-1,0,unknown,yes,2025-04-13 20:00:00
46,blue-collar,married,primary,no,2023,yes,no,cellular,21,nov,118,1,-1,0,unknown,no,2025-04-13 21:00:00
37,admin.,married,unknown,no,463,yes,no,unknown,11,jun,158,1,-1,0,unknown,no,2025-04-13 22:00:00
35,management,single,tertiary,no,7218,no,no,cellular,14,aug,224,3,-1,0,unknown,no,2025-04-13 23:00:00
47,management,single,tertiary,no,8106,no,no,cellular,29,jul,340,3,-1,0,unknown,no,2025-04-14 00:00:00
48,management,single,tertiary,no,86,no,no,cellular,28,jun,281,3,186,6,other,yes,2025-04-14 01:00:00
33,admin.,single,secondary,no,346,yes,no,cellular,5,may,24,7,354,2,other,no,2025-04-14 02:00:00
37,management,married,tertiary,no,115,no,no,unknown,7,may,36,1,-1,0,unknown,no,2025-04-14 03:00:00
42,self-employed,single,tertiary,no,1225,no,no,cellular,18,aug,104,3,-1,0,unknown,no,2025-04-14 04:00:00
43,entrepreneur,married,secondary,no,1516,yes,no,unknown,14,may,318,1,-1,0,unknown,no,2025-04-14 05:00:00
34,technician,single,secondary,no,52,no,no,cellular,19,aug,90,4,-1,0,unknown,no,2025-04-14 06:00:00
32,services,divorced,secondary,no,130,yes,no,cellular,30,jan,194,3,-1,0,unknown,no,2025-04-14 07:00:00
51,services,married,secondary,no,135,no,no,cellular,25,aug,105,4,-1,0,unknown,no,2025-04-14 08:00:00
54,housemaid,married,secondary,no,209,yes,yes,cellular,25,jul,97,1,-1,0,unknown,no,2025-04-14 09:00:00
30,management,married,tertiary,no,168,yes,no,cellular,18,may,229,2,355,1,failure,no,2025-04-14 10:00:00
36,management,single,tertiary,no,1531,yes,no,cellular,8,may,81,3,170,1,failure,no,2025-04-14 11:00:00
31,services,single,secondary,no,0,yes,no,cellular,20,apr,400,1,-1,0,unknown,no,2025-04-14 12:00:00
43,management,married,tertiary,no,0,no,no,cellular,31,jul,107,17,-1,0,unknown,no,2025-04-14 13:00:00
43,management,married,tertiary,no,3518,no,no,cellular,15,jun,181,2,-1,0,unknown,yes,2025-04-14 14:00:00
38,services,married,secondary,no,5,no,no,unknown,5,jun,115,2,-1,0,unknown,no,2025-04-14 15:00:00
47,admin.,married,secondary,no,0,no,no,cellular,5,aug,109,4,-1,0,unknown,no,2025-04-14 16:00:00
30,management,divorced,tertiary,no,317,no,no,cellular,12,aug,72,2,-1,0,unknown,no,2025-04-14 17:00:00
35,entrepreneur,single,secondary,no,12961,yes,no,unknown,21,may,272,2,-1,0,unknown,no,2025-04-14 18:00:00
30,management,single,tertiary,no,9634,no,no,cellular,21,nov,402,4,101,5,failure,no,2025-04-14 19:00:00
29,admin.,married,secondary,no,-193,no,no,cellular,18,jul,126,2,-1,0,unknown,no,2025-04-14 20:00:00
27,unknown,single,tertiary,no,6421,no,no,telephone,28,jan,147,4,-1,0,unknown,no,2025-04-14 21:00:00
39,unknown,married,secondary,no,1701,no,no,unknown,6,jun,140,1,-1,0,unknown,no,2025-04-14 22:00:00
30,management,single,tertiary,no,19796,no,no,cellular,20,nov,41,1,-1,0,unknown,no,2025-04-14 23:00:00
36,blue-collar,married,secondary,yes,-2,no,no,unknown,2,jun,316,1,-1,0,unknown,no,2025-04-15 00:00:00
40,self-employed,single,tertiary,no,41,no,no,telephone,29,aug,104,2,-1,0,unknown,no,2025-04-15 01:00:00
49,blue-collar,married,secondary,no,102,no,no,cellular,29,aug,210,2,-1,0,unknown,no,2025-04-15 02:00:00
33,blue-collar,married,primary,no,2720,yes,no,unknown,26,may,147,3,-1,0,unknown,no,2025-04-15 03:00:00
25,services,single,secondary,no,2311,no,yes,cellular,21,jul,1105,2,-1,0,unknown,yes,2025-04-15 04:00:00
42,management,married,tertiary,no,157,yes,yes,cellular,28,jan,136,1,-1,0,unknown,no,2025-04-15 05:00:00
51,technician,single,secondary,no,17092,no,no,cellular,17,nov,35,1,-1,0,unknown,no,2025-04-15 06:00:00
31,blue-collar,married,primary,no,4728,yes,no,cellular,19,nov,114,1,183,3,other,no,2025-04-15 07:00:00
54,blue-collar,divorced,secondary,no,244,yes,yes,cellular,18,may,9,11,350,11,other,no,2025-04-15 08:00:00
44,blue-collar,single,secondary,no,259,yes,no,unknown,6,jun,163,2,-1,0,unknown,no,2025-04-15 09:00:00
27,technician,single,secondary,no,-211,yes,no,cellular,7,may,146,1,349,3,failure,no,2025-04-15 10:00:00
53,management,married,tertiary,no,6571,no,no,cellular,3,feb,208,1,-1,0,unknown,yes,2025-04-15 11:00:00
34,housemaid,married,primary,no,-1,yes,no,cellular,9,jul,272,1,-1,0,unknown,no,2025-04-15 12:00:00
32,management,single,tertiary,no,2280,yes,no,cellular,19,nov,206,2,-1,0,unknown,no,2025-04-15 13:00:00
54,blue-collar,married,primary,no,69,no,no,cellular,17,nov,71,1,-1,0,unknown,no,2025-04-15 14:00:00
54,housemaid,married,unknown,no,4789,no,no,unknown,11,jun,83,1,-1,0,unknown,no,2025-04-15 15:00:00
43,entrepreneur,married,tertiary,no,1,yes,yes,cellular,15,jul,61,2,-1,0,unknown,no,2025-04-15 16:00:00
56,retired,married,tertiary,no,3708,no,no,unknown,16,jun,210,2,-1,0,unknown,no,2025-04-15 17:00:00
39,technician,married,secondary,no,10685,yes,no,cellular,25,jul,1369,9,-1,0,unknown,yes,2025-04-15 18:00:00
34,blue-collar,married,secondary,yes,-745,yes,yes,cellular,11,jul,131,2,-1,0,unknown,no,2025-04-15 19:00:00
45,management,married,tertiary,no,80,no,yes,cellular,19,nov,157,1,-1,0,unknown,no,2025-04-15 20:00:00
58,technician,married,secondary,no,116,no,no,unknown,16,jun,580,3,-1,0,unknown,no,2025-04-15 21:00:00
38,management,single,tertiary,no,126,yes,no,unknown,30,may,355,2,-1,0,unknown,no,2025-04-15 22:00:00
55,self-employed,married,secondary,no,12159,yes,no,cellular,20,nov,142,2,174,2,failure,no,2025-04-15 23:00:00
48,unemployed,married,primary,no,296,yes,no,unknown,9,may,164,8,-1,0,unknown,no,2025-04-16 00:00:00
39,self-employed,divorced,tertiary,no,155,no,no,cellular,19,nov,449,2,-1,0,unknown,no,2025-04-16 01:00:00
40,blue-collar,single,secondary,no,6915,yes,no,cellular,4,feb,156,2,-1,0,unknown,no,2025-04-16 02:00:00
29,blue-collar,married,primary,no,5,yes,yes,telephone,21,jul,53,1,-1,0,unknown,no,2025-04-16 03:00:00
59,management,married,primary,no,3694,yes,no,unknown,5,jun,21,10,-1,0,unknown,no,2025-04-16 04:00:00
51,entrepreneur,married,secondary,no,653,yes,no,cellular,20,nov,16,9,112,37,other,no,2025-04-16 05:00:00
53,management,married,tertiary,no,193,no,no,unknown,14,may,521,2,-1,0,unknown,no,2025-04-16 06:00:00
41,blue-collar,married,primary,no,17,no,no,cellular,8,jul,117,3,-1,0,unknown,no,2025-04-16 07:00:00
47,technician,married,tertiary,no,831,yes,no,unknown,5,may,316,3,-1,0,unknown,no,2025-04-16 08:00:00
31,admin.,married,secondary,no,337,no,no,unknown,12,may,51,1,-1,0,unknown,no,2025-04-16 09:00:00
50,entrepreneur,married,secondary,no,1857,no,yes,unknown,19,jun,26,2,-1,0,unknown,no,2025-04-16 10:00:00
49,management,married,tertiary,no,378,yes,no,unknown,5,may,230,1,-1,0,unknown,no,2025-04-16 11:00:00
58,retired,married,secondary,no,4725,no,no,cellular,5,aug,241,1,-1,0,unknown,no,2025-04-16 12:00:00
28,student,single,secondary,no,5916,no,no,cellular,20,mar,93,5,-1,0,unknown,no,2025-04-16 13:00:00
45,admin.,married,secondary,no,3307,no,no,cellular,30,jul,129,2,-1,0,unknown,no,2025-04-16 14:00:00
40,housemaid,married,primary,no,118,yes,no,cellular,5,feb,162,2,-1,0,unknown,no,2025-04-16 15:00:00
53,management,married,tertiary,no,3105,yes,yes,cellular,21,nov,84,2,-1,0,unknown,no,2025-04-16 16:00:00
45,blue-collar,married,primary,no,18,yes,no,unknown,26,may,90,2,-1,0,unknown,no,2025-04-16 17:00:00
40,blue-collar,divorced,unknown,no,528,yes,no,cellular,13,may,340,2,357,5,failure,no,2025-04-16 18:00:00
36,admin.,single,secondary,no,47,no,yes,cellular,9,jul,36,6,-1,0,unknown,no,2025-04-16 19:00:00
34,management,single,tertiary,no,27,no,yes,cellular,22,jul,255,1,-1,0,unknown,no,2025-04-16 20:00:00
33,technician,single,secondary,no,1994,yes,no,unknown,2,jun,57,9,-1,0,unknown,no,2025-04-16 21:00:00
40,technician,married,secondary,no,1159,no,no,telephone,21,oct,19,1,-1,0,unknown,no,2025-04-16 22:00:00
35,blue-collar,divorced,primary,no,-5,no,no,unknown,6,jun,48,5,-1,0,unknown,no,2025-04-16 23:00:00
31,blue-collar,married,primary,no,19,yes,no,unknown,7,may,241,2,-1,0,unknown,no,2025-04-17 00:00:00
52,unemployed,married,secondary,no,94,no,no,cellular,10,feb,153,1,92,13,success,yes,2025-04-17 01:00:00
32,management,single,tertiary,no,1831,yes,no,cellular,20,apr,86,2,-1,0,unknown,no,2025-04-17 02:00:00
57,retired,married,secondary,no,466,no,no,cellular,5,aug,641,2,-1,0,unknown,yes,2025-04-17 03:00:00
48,technician,married,secondary,no,-500,yes,no,unknown,7,may,78,5,-1,0,unknown,no,2025-04-17 04:00:00
30,management,married,tertiary,no,86,yes,yes,cellular,19,nov,155,1,97,2,other,no,2025-04-17 05:00:00
37,blue-collar,married,secondary,no,-251,yes,no,cellular,12,may,146,3,370,1,failure,no,2025-04-17 06:00:00
34,services,single,secondary,no,313,yes,no,cellular,14,jul,634,3,-1,0,unknown,no,2025-04-17 07:00:00
54,housemaid,married,secondary,no,736,yes,no,cellular,16,apr,268,1,331,1,failure,no,2025-04-17 08:00:00
45,unemployed,divorced,primary,no,407,yes,no,cellular,17,apr,196,1,-1,0,unknown,no,2025-04-17 09:00:00
27,technician,single,secondary,no,1359,no,yes,telephone,25,jul,199,1,-1,0,unknown,no,2025-04-17 10:00:00
39,admin.,married,secondary,no,-288,no,no,unknown,23,may,151,9,-1,0,unknown,no,2025-04-17 11:00:00
44,housemaid,married,primary,no,-227,no,yes,cellular,7,jul,153,1,-1,0,unknown,no,2025-04-17 12:00:00
43,blue-collar,married,primary,no,985,yes,no,cellular,16,apr,35,1,-1,0,unknown,no,2025-04-17 13:00:00
35,blue-collar,single,secondary,no,1239,yes,no,cellular,29,jan,112,1,195,1,failure,no,2025-04-17 14:00:00
45,technician,married,tertiary,no,12766,no,no,cellular,22,aug,129,3,-1,0,unknown,no,2025-04-17 15:00:00
58,retired,married,secondary,no,13189,no,yes,cellular,6,aug,181,2,-1,0,unknown,no,2025-04-17 16:00:00
53,technician,divorced,secondary,no,394,no,no,cellular,25,aug,103,5,-1,0,unknown,no,2025-04-17 17:00:00
45,retired,married,primary,no,-24,no,no,cellular,10,jul,164,5,-1,0,unknown,no,2025-04-17 18:00:00
41,technician,married,secondary,no,130,no,no,unknown,17,jun,160,3,-1,0,unknown,no,2025-04-17 19:00:00
46,blue-collar,married,unknown,no,-619,yes,no,unknown,28,may,96,1,-1,0,unknown,no,2025-04-17 20:00:00
39,admin.,single,secondary,no,1078,no,no,unknown,3,jun,199,3,-1,0,unknown,no,2025-04-17 21:00:00
44,technician,married,secondary,no,296,yes,yes,unknown,5,jun,169,1,-1,0,unknown,no,2025-04-17 22:00:00
32,admin.,single,unknown,no,2692,yes,no,cellular,18,may,99,2,-1,0,unknown,no,2025-04-17 23:00:00
56,services,married,secondary,no,4763,yes,no,telephone,28,jul,106,6,-1,0,unknown,no,2025-04-18 00:00:00
44,management,married,tertiary,no,1752,no,no,cellular,26,aug,312,2,-1,0,unknown,no,2025-04-18 01:00:00
47,self-employed,married,primary,no,10697,no,no,cellular,20,nov,274,2,-1,0,unknown,no,2025-04-18 02:00:00
30,technician,single,tertiary,no,3291,yes,no,unknown,19,may,1218,3,-1,0,unknown,yes,2025-04-18 03:00:00
53,technician,married,secondary,no,10185,no,no,cellular,23,mar,115,1,-1,0,unknown,yes,2025-04-18 04:00:00
31,blue-collar,single,secondary,no,1415,yes,no,unknown,7,may,485,1,-1,0,unknown,no,2025-04-18 05:00:00
47,management,divorced,tertiary,no,447,no,yes,unknown,7,may,126,1,-1,0,unknown,no,2025-04-18 06:00:00
42,self-employed,married,tertiary,no,1430,yes,yes,unknown,20,jun,16,3,-1,0,unknown,no,2025-04-18 07:00:00
50,services,married,primary,no,5024,yes,yes,cellular,7,may,661,1,267,11,other,yes,2025-04-18 08:00:00
39,blue-collar,married,unknown,no,0,no,no,cellular,2,feb,731,1,193,3,failure,no,2025-04-18 09:00:00
40,blue-collar,single,unknown,no,1074,yes,no,cellular,18,may,504,1,-1,0,unknown,no,2025-04-18 10:00:00
33,blue-collar,married,secondary,no,2254,yes,no,cellular,20,nov,89,1,-1,0,unknown,no,2025-04-18 11:00:00
30,admin.,single,secondary,no,52,no,yes,cellular,7,jul,422,1,-1,0,unknown,no,2025-04-18 12:00:00
44,blue-collar,married,secondary,no,249,yes,yes,unknown,5,jun,173,3,-1,0,unknown,no,2025-04-18 13:00:00
61,housemaid,married,primary,no,211,no,no,cellular,31,aug,443,2,186,3,failure,yes,2025-04-18 14:00:00
33,blue-collar,married,secondary,no,157,yes,no,cellular,18,nov,110,1,182,1,failure,no,2025-04-18 15:00:00
56,technician,married,secondary,no,2558,no,no,unknown,19,jun,288,1,-1,0,unknown,no,2025-04-18 16:00:00
49,technician,divorced,secondary,no,95,yes,no,cellular,8,may,90,1,-1,0,unknown,no,2025-04-18 17:00:00
43,management,single,tertiary,no,0,no,no,cellular,30,jun,275,2,296,1,failure,yes,2025-04-18 18:00:00
31,blue-collar,single,secondary,no,0,yes,no,cellular,7,may,113,2,345,1,other,no,2025-04-18 19:00:00
41,technician,married,secondary,no,1788,no,no,cellular,28,aug,222,1,-1,0,unknown,no,2025-04-18 20:00:00
64,retired,married,unknown,no,679,no,no,telephone,16,nov,167,1,-1,0,unknown,yes,2025-04-18 21:00:00
41,blue-collar,single,secondary,no,842,yes,no,unknown,5,may,144,3,-1,0,unknown,no,2025-04-18 22:00:00
35,technician,divorced,secondary,yes,362,no,no,cellular,29,jan,329,2,240,8,other,no,2025-04-18 23:00:00
55,technician,married,secondary,no,10185,no,no,cellular,11,aug,248,1,180,4,success,no,2025-04-19 00:00:00
31,technician,single,tertiary,no,176,no,no,cellular,21,aug,241,4,-1,0,unknown,no,2025-04-19 01:00:00
41,technician,married,tertiary,no,585,yes,no,telephone,20,apr,60,1,-1,0,unknown,no,2025-04-19 02:00:00
33,blue-collar,married,secondary,no,3259,yes,no,unknown,20,may,182,1,-1,0,unknown,no,2025-04-19 03:00:00
80,retired,married,secondary,no,668,no,no,telephone,8,jul,250,1,371,1,success,yes,2025-04-19 04:00:00
34,management,married,tertiary,no,363,no,no,unknown,21,may,171,5,-1,0,unknown,no,2025-04-19 05:00:00
51,entrepreneur,married,tertiary,no,36935,yes,no,cellular,21,nov,41,1,-1,0,unknown,no,2025-04-19 06:00:00
76,retired,married,secondary,no,852,no,no,telephone,3,feb,283,2,-1,0,unknown,no,2025-04-19 07:00:00
32,services,divorced,secondary,no,5267,yes,no,unknown,6,jun,178,2,-1,0,unknown,no,2025-04-19 08:00:00
50,blue-collar,married,primary,no,0,no,no,unknown,5,may,233,3,-1,0,unknown,no,2025-04-19 09:00:00
40,management,married,tertiary,no,0,yes,no,cellular,8,may,232,1,-1,0,unknown,no,2025-04-19 10:00:00
37,blue-collar,married,unknown,no,603,yes,no,unknown,23,may,773,2,-1,0,unknown,no,2025-04-19 11:00:00
37,blue-collar,married,primary,no,1160,yes,no,unknown,9,may,255,2,-1,0,unknown,no,2025-04-19 12:00:00
25,student,single,tertiary,no,538,yes,no,cellular,20,apr,226,1,-1,0,unknown,no,2025-04-19 13:00:00
36,technician,single,secondary,no,333,no,no,cellular,7,aug,44,2,-1,0,unknown,no,2025-04-19 14:00:00
34,blue-collar,married,primary,no,567,no,yes,cellular,8,jul,241,3,-1,0,unknown,no,2025-04-19 15:00:00
30,services,married,secondary,no,4,yes,no,cellular,11,jul,188,2,-1,0,unknown,no,2025-04-19 16:00:00
45,blue-collar,married,primary,no,85,no,no,cellular,29,aug,133,4,-1,0,unknown,no,2025-04-19 17:00:00
35,management,single,tertiary,no,643,yes,no,unknown,23,may,322,1,-1,0,unknown,no,2025-04-19 18:00:00
50,management,married,unknown,no,0,no,no,cellular,9,jul,99,2,-1,0,unknown,no,2025-04-19 19:00:00
59,retired,divorced,secondary,no,479,no,no,cellular,4,feb,37,5,-1,0,unknown,no,2025-04-19 20:00:00
48,technician,married,unknown,no,2005,yes,no,unknown,30,may,152,1,-1,0,unknown,no,2025-04-19 21:00:00
36,admin.,single,secondary,no,148,yes,no,cellular,15,may,1357,4,374,2,failure,yes,2025-04-19 22:00:00
58,technician,divorced,secondary,no,-147,yes,yes,cellular,28,jul,95,3,-1,0,unknown,no,2025-04-19 23:00:00
39,blue-collar,married,secondary,no,72,yes,no,unknown,7,may,425,6,-1,0,unknown,no,2025-04-20 00:00:00
20,student,single,tertiary,no,2764,yes,no,unknown,29,may,139,2,-1,0,unknown,no,2025-04-20 01:00:00
31,entrepreneur,married,tertiary,no,0,yes,yes,cellular,11,jul,151,2,-1,0,unknown,no,2025-04-20 02:00:00
22,student,single,unknown,no,3317,no,no,cellular,10,aug,148,1,-1,0,unknown,no,2025-04-20 03:00:00
35,blue-collar,divorced,primary,no,13,no,yes,cellular,9,jul,364,1,-1,0,unknown,no,2025-04-20 04:00:00
27,housemaid,married,secondary,yes,65,yes,yes,cellular,17,jul,59,1,-1,0,unknown,no,2025-04-20 05:00:00
48,management,married,secondary,no,410,yes,no,cellular,12,may,116,1,-1,0,unknown,no,2025-04-20 06:00:00
31,unknown,single,tertiary,no,0,no,no,cellular,7,jul,57,1,-1,0,unknown,no,2025-04-20 07:00:00
46,admin.,single,secondary,no,19,yes,yes,cellular,18,jul,328,1,-1,0,unknown,no,2025-04-20 08:00:00
62,housemaid,married,unknown,no,2021,no,no,telephone,26,feb,361,1,-1,0,unknown,yes,2025-04-20 09:00:00
60,admin.,married,secondary,no,2552,no,yes,cellular,30,jan,255,2,2,4,other,no,2025-04-20 10:00:00
48,management,divorced,tertiary,no,1144,yes,no,cellular,17,nov,78,1,-1,0,unknown,no,2025-04-20 11:00:00
56,management,single,secondary,no,237,yes,no,telephone,9,jul,236,4,-1,0,unknown,no,2025-04-20 12:00:00
21,student,single,primary,no,1596,no,no,cellular,26,aug,115,1,93,2,failure,no,2025-04-20 13:00:00
42,management,single,tertiary,no,328,yes,yes,cellular,17,nov,125,1,-1,0,unknown,no,2025-04-20 14:00:00
36,management,married,tertiary,no,1041,yes,no,cellular,14,may,480,2,-1,0,unknown,no,2025-04-20 15:00:00
22,admin.,single,tertiary,no,377,no,no,cellular,5,jun,155,1,-1,0,unknown,no,2025-04-20 16:00:00
32,technician,single,tertiary,no,741,yes,no,cellular,11,aug,238,1,-1,0,unknown,no,2025-04-20 17:00:00
27,technician,married,secondary,no,0,yes,no,cellular,30,jul,138,8,-1,0,unknown,no,2025-04-20 18:00:00
28,technician,single,secondary,no,525,no,no,cellular,3,feb,176,2,-1,0,unknown,no,2025-04-20 19:00:00
36,admin.,single,secondary,no,0,yes,yes,telephone,7,may,63,1,168,3,failure,no,2025-04-20 20:00:00
34,management,single,tertiary,no,5945,yes,no,cellular,8,may,285,1,170,1,failure,no,2025-04-20 21:00:00
53,entrepreneur,married,tertiary,no,71,no,yes,cellular,29,jan,86,1,-1,0,unknown,no,2025-04-20 22:00:00
30,technician,single,tertiary,no,-522,yes,no,unknown,13,may,375,1,-1,0,unknown,no,2025-04-20 23:00:00
45,unemployed,married,secondary,no,56,yes,no,cellular,6,may,195,1,-1,0,unknown,no,2025-04-21 00:00:00
32,technician,single,tertiary,no,1813,no,no,cellular,5,feb,102,1,-1,0,unknown,no,2025-04-21 01:00:00
30,services,single,secondary,yes,-261,yes,no,cellular,29,jan,1139,2,255,1,other,no,2025-04-21 02:00:00
29,admin.,divorced,secondary,yes,-489,yes,no,unknown,4,jun,249,2,-1,0,unknown,no,2025-04-21 03:00:00
77,retired,divorced,secondary,no,3417,no,no,cellular,12,nov,134,1,-1,0,unknown,yes,2025-04-21 04:00:00
60,management,married,primary,no,8334,no,no,cellular,18,jun,143,1,49,7,other,no,2025-04-21 05:00:00
30,self-employed,married,secondary,no,421,yes,yes,unknown,17,jun,62,4,-1,0,unknown,no,2025-04-21 06:00:00
35,technician,married,tertiary,no,-290,yes,yes,cellular,24,jul,265,3,-1,0,unknown,no,2025-04-21 07:00:00
31,admin.,divorced,tertiary,no,146,yes,no,unknown,16,may,297,1,-1,0,unknown,no,2025-04-21 08:00:00
39,management,married,secondary,no,517,yes,no,cellular,3,apr,240,1,136,5,failure,no,2025-04-21 09:00:00
27,student,single,secondary,no,67,no,no,telephone,14,nov,239,1,-1,0,unknown,yes,2025-04-21 10:00:00
44,blue-collar,married,secondary,no,0,yes,no,cellular,17,nov,139,3,-1,0,unknown,no,2025-04-21 11:00:00
55,admin.,married,secondary,no,332,yes,no,unknown,14,may,217,1,-1,0,unknown,no,2025-04-21 12:00:00
40,services,married,secondary,no,-378,yes,yes,cellular,13,may,541,1,295,6,failure,no,2025-04-21 13:00:00
34,management,married,tertiary,no,396,no,yes,cellular,19,aug,166,3,-1,0,unknown,no,2025-04-21 14:00:00
23,unemployed,single,tertiary,no,993,no,no,cellular,27,oct,409,1,91,4,success,no,2025-04-21 15:00:00
28,blue-collar,single,secondary,yes,0,yes,no,unknown,4,jun,237,1,-1,0,unknown,no,2025-04-21 16:00:00
30,technician,single,secondary,no,0,no,no,cellular,13,aug,173,4,562,1,failure,no,2025-04-21 17:00:00
36,blue-collar,divorced,secondary,no,808,no,no,unknown,16,jun,163,1,-1,0,unknown,no,2025-04-21 18:00:00
25,admin.,married,secondary,no,789,yes,no,cellular,23,jul,202,1,-1,0,unknown,no,2025-04-21 19:00:00
37,admin.,married,secondary,no,1093,no,no,unknown,9,jun,160,1,-1,0,unknown,no,2025-04-21 20:00:00
38,management,divorced,tertiary,no,1927,yes,yes,cellular,29,jan,527,1,-1,0,unknown,no,2025-04-21 21:00:00
27,admin.,single,tertiary,no,3672,yes,no,cellular,15,may,157,2,351,5,failure,no,2025-04-21 22:00:00
44,management,married,tertiary,no,167,no,no,cellular,27,apr,96,2,-1,0,unknown,no,2025-04-21 23:00:00
47,management,married,tertiary,no,4495,no,no,cellular,7,aug,156,8,-1,0,unknown,no,2025-04-22 00:00:00
47,management,single,tertiary,no,153,yes,no,cellular,18,nov,192,2,-1,0,unknown,no,2025-04-22 01:00:00
25,admin.,single,tertiary,no,3730,yes,no,cellular,27,feb,353,1,-1,0,unknown,yes,2025-04-22 02:00:00
46,housemaid,married,primary,no,1085,no,no,cellular,6,aug,265,8,-1,0,unknown,no,2025-04-22 03:00:00
53,management,divorced,secondary,no,519,yes,no,cellular,5,aug,126,1,-1,0,unknown,no,2025-04-22 04:00:00
53,unemployed,married,secondary,no,2057,yes,no,unknown,20,jun,134,1,-1,0,unknown,no,2025-04-22 05:00:00
38,student,married,secondary,no,140,no,no,cellular,28,aug,12,21,-1,0,unknown,no,2025-04-22 06:00:00
25,services,single,secondary,yes,57,yes,yes,unknown,13,may,190,5,-1,0,unknown,no,2025-04-22 07:00:00
55,blue-collar,married,primary,no,828,yes,no,unknown,30,may,246,1,-1,0,unknown,no,2025-04-22 08:00:00
52,housemaid,married,secondary,no,234,no,no,cellular,20,nov,208,1,-1,0,unknown,no,2025-04-22 09:00:00
51,admin.,single,tertiary,no,16,yes,no,cellular,30,jan,158,1,-1,0,unknown,no,2025-04-22 10:00:00
55,management,single,secondary,no,1507,yes,no,cellular,30,jul,114,3,-1,0,unknown,no,2025-04-22 11:00:00
34,technician,married,tertiary,no,0,no,no,cellular,21,jul,589,2,-1,0,unknown,no,2025-04-22 12:00:00
27,admin.,single,secondary,no,1,no,no,cellular,3,jun,42,1,-1,0,unknown,no,2025-04-22 13:00:00
44,management,single,tertiary,no,1277,yes,no,cellular,17,apr,77,1,268,4,other,no,2025-04-22 14:00:00
29,management,single,tertiary,no,0,yes,no,cellular,13,may,155,1,351,1,failure,no,2025-04-22 15:00:00
38,admin.,divorced,secondary,no,859,yes,yes,cellular,8,may,52,1,302,4,failure,no,2025-04-22 16:00:00
59,unknown,married,unknown,no,1541,no,no,cellular,5,aug,790,1,-1,0,unknown,no,2025-04-22 17:00:00
38,self-employed,married,secondary,no,-17,yes,no,cellular,17,apr,110,3,326,1,other,no,2025-04-22 18:00:00
26,services,single,secondary,no,2047,yes,no,cellular,15,may,457,1,-1,0,unknown,no,2025-04-22 19:00:00
35,technician,married,secondary,no,0,no,no,cellular,28,aug,19,14,-1,0,unknown,no,2025-04-22 20:00:00
41,blue-collar,married,primary,no,595,yes,no,cellular,11,may,54,1,-1,0,unknown,no,2025-04-22 21:00:00
56,blue-collar,married,primary,no,3498,no,no,cellular,15,apr,264,2,-1,0,unknown,yes,2025-04-22 22:00:00
35,technician,married,tertiary,no,0,yes,yes,cellular,23,sep,112,1,62,6,other,no,2025-04-22 23:00:00
33,technician,married,secondary,no,81,no,no,cellular,19,aug,671,2,-1,0,unknown,no,2025-04-23 00:00:00
31,management,single,tertiary,no,165,no,yes,cellular,8,aug,523,2,-1,0,unknown,yes,2025-04-23 01:00:00
32,technician,married,secondary,no,0,yes,yes,cellular,10,jul,428,1,-1,0,unknown,no,2025-04-23 02:00:00
45,management,divorced,tertiary,no,702,no,yes,cellular,9,jul,110,1,-1,0,unknown,no,2025-04-23 03:00:00
47,blue-collar,married,primary,no,3451,no,yes,cellular,21,nov,125,2,-1,0,unknown,no,2025-04-23 04:00:00
42,technician,married,secondary,no,782,yes,no,cellular,17,jul,536,2,-1,0,unknown,no,2025-04-23 05:00:00
28,management,single,tertiary,no,-328,yes,no,telephone,2,feb,318,2,-1,0,unknown,no,2025-04-23 06:00:00
30,housemaid,single,tertiary,no,868,no,no,cellular,7,aug,387,2,-1,0,unknown,no,2025-04-23 07:00:00
43,blue-collar,divorced,primary,no,-97,yes,yes,cellular,31,jul,747,4,-1,0,unknown,no,2025-04-23 08:00:00
32,admin.,married,secondary,no,1661,yes,no,cellular,5,feb,76,1,209,2,failure,no,2025-04-23 09:00:00
42,technician,married,unknown,no,1559,no,no,cellular,30,apr,368,1,-1,0,unknown,yes,2025-04-23 10:00:00
47,technician,married,secondary,no,0,no,no,unknown,11,nov,74,1,-1,0,unknown,no,2025-04-23 11:00:00
32,management,married,tertiary,no,3154,no,no,cellular,3,jun,126,1,44,4,failure,no,2025-04-23 12:00:00
35,blue-collar,married,secondary,no,314,yes,no,unknown,2,jun,464,1,-1,0,unknown,no,2025-04-23 13:00:00
36,blue-collar,divorced,secondary,no,2843,no,no,cellular,12,feb,473,1,182,1,success,no,2025-04-23 14:00:00
52,blue-collar,married,secondary,no,46,yes,no,unknown,8,may,132,1,-1,0,unknown,no,2025-04-23 15:00:00
41,blue-collar,married,primary,no,5560,yes,no,cellular,12,may,280,2,335,3,failure,no,2025-04-23 16:00:00
44,admin.,married,secondary,no,598,no,no,cellular,31,jul,88,5,-1,0,unknown,no,2025-04-23 17:00:00
47,technician,divorced,unknown,no,442,yes,no,cellular,11,may,85,1,-1,0,unknown,no,2025-04-23 18:00:00
54,management,married,unknown,no,876,yes,no,cellular,28,jan,66,2,198,3,failure,no,2025-04-23 19:00:00
41,technician,married,secondary,no,1066,no,no,cellular,11,feb,109,3,-1,0,unknown,yes,2025-04-23 20:00:00
70,retired,married,secondary,no,2815,no,no,cellular,26,apr,125,2,182,1,failure,no,2025-04-23 21:00:00
56,management,married,primary,no,0,no,no,unknown,5,jun,153,2,-1,0,unknown,no,2025-04-23 22:00:00
72,retired,married,unknown,no,1940,no,no,telephone,4,dec,705,2,-1,0,unknown,yes,2025-04-23 23:00:00
34,blue-collar,single,secondary,no,375,yes,no,cellular,20,apr,55,1,-1,0,unknown,no,2025-04-24 00:00:00
52,technician,married,secondary,no,141,no,no,cellular,25,aug,160,7,-1,0,unknown,no,2025-04-24 01:00:00
55,admin.,married,secondary,no,9329,no,no,cellular,22,jun,136,1,95,1,failure,no,2025-04-24 02:00:00
48,entrepreneur,single,secondary,no,0,yes,no,cellular,6,may,236,1,-1,0,unknown,no,2025-04-24 03:00:00
41,management,single,secondary,no,764,no,no,cellular,12,jun,230,2,-1,0,unknown,no,2025-04-24 04:00:00
27,services,single,secondary,no,1043,yes,no,unknown,27,may,376,2,-1,0,unknown,no,2025-04-24 05:00:00
65,retired,married,secondary,no,20806,no,no,telephone,8,apr,523,2,-1,0,unknown,yes,2025-04-24 06:00:00
42,admin.,single,tertiary,no,3465,yes,no,unknown,23,may,373,9,-1,0,unknown,no,2025-04-24 07:00:00
30,admin.,married,tertiary,no,1717,no,yes,unknown,2,jul,218,2,-1,0,unknown,no,2025-04-24 08:00:00
58,admin.,married,unknown,no,2180,no,no,cellular,18,aug,273,4,-1,0,unknown,no,2025-04-24 09:00:00
55,technician,divorced,tertiary,no,1402,no,no,cellular,19,aug,187,4,-1,0,unknown,no,2025-04-24 10:00:00
32,technician,married,secondary,no,963,no,no,cellular,28,aug,15,13,-1,0,unknown,no,2025-04-24 11:00:00
35,technician,married,tertiary,no,0,yes,yes,cellular,21,nov,86,1,-1,0,unknown,no,2025-04-24 12:00:00
49,blue-collar,married,secondary,no,-417,no,no,cellular,27,aug,13,20,-1,0,unknown,no,2025-04-24 13:00:00
30,technician,single,tertiary,no,0,no,no,cellular,15,sep,214,2,-1,0,unknown,no,2025-04-24 14:00:00
32,blue-collar,married,secondary,no,363,yes,no,unknown,13,may,431,1,-1,0,unknown,no,2025-04-24 15:00:00
50,management,divorced,tertiary,no,813,yes,no,cellular,31,jul,7,2,-1,0,unknown,no,2025-04-24 16:00:00
37,services,married,secondary,no,483,yes,no,cellular,30,jan,188,1,-1,0,unknown,no,2025-04-24 17:00:00
40,technician,single,secondary,no,360,yes,no,unknown,9,may,73,1,-1,0,unknown,no,2025-04-24 18:00:00
30,management,married,tertiary,no,-181,yes,no,cellular,19,nov,621,2,-1,0,unknown,no,2025-04-24 19:00:00
41,technician,married,secondary,no,994,no,no,cellular,22,aug,117,4,-1,0,unknown,no,2025-04-24 20:00:00
33,technician,divorced,secondary,no,488,no,no,cellular,5,aug,332,2,-1,0,unknown,no,2025-04-24 21:00:00
35,technician,married,secondary,no,688,no,no,cellular,14,aug,137,2,-1,0,unknown,no,2025-04-24 22:00:00
35,admin.,divorced,tertiary,no,1555,yes,no,unknown,9,may,26,2,-1,0,unknown,no,2025-04-24 23:00:00
37,services,divorced,secondary,no,731,yes,no,cellular,5,may,160,1,-1,0,unknown,no,2025-04-25 00:00:00
37,blue-collar,married,secondary,no,1731,yes,yes,unknown,29,may,148,4,-1,0,unknown,no,2025-04-25 01:00:00
55,technician,married,secondary,no,3207,no,no,cellular,28,jan,158,2,153,12,failure,no,2025-04-25 02:00:00
34,management,married,tertiary,no,201,no,no,telephone,4,may,21,5,-1,0,unknown,no,2025-04-25 03:00:00
21,student,single,secondary,no,232,yes,no,unknown,21,may,110,2,-1,0,unknown,no,2025-04-25 04:00:00
56,technician,married,secondary,no,0,yes,yes,cellular,29,apr,152,1,223,3,other,no,2025-04-25 05:00:00
40,housemaid,married,secondary,no,163,no,no,cellular,13,aug,158,7,-1,0,unknown,no,2025-04-25 06:00:00
40,management,married,tertiary,no,3352,yes,no,cellular,19,nov,639,2,27,1,success,yes,2025-04-25 07:00:00
55,admin.,divorced,secondary,no,0,yes,yes,cellular,7,oct,122,1,245,4,failure,no,2025-04-25 08:00:00
30,technician,single,secondary,no,790,no,no,cellular,20,aug,696,3,-1,0,unknown,no,2025-04-25 09:00:00
50,blue-collar,divorced,primary,no,15,yes,no,cellular,12,may,173,2,350,7,failure,no,2025-04-25 10:00:00
30,management,single,tertiary,no,5561,yes,no,cellular,27,feb,195,1,100,1,success,yes,2025-04-25 11:00:00
32,technician,single,tertiary,no,703,yes,no,cellular,3,feb,489,2,271,2,success,no,2025-04-25 12:00:00
27,blue-collar,married,unknown,no,409,yes,no,cellular,18,may,525,1,-1,0,unknown,yes,2025-04-25 13:00:00
51,management,married,tertiary,no,583,no,no,cellular,26,may,109,1,-1,0,unknown,no,2025-04-25 14:00:00
44,management,single,secondary,no,1012,no,no,unknown,9,jun,440,1,-1,0,unknown,no,2025-04-25 15:00:00
36,admin.,married,secondary,no,1295,no,no,unknown,16,jun,232,3,-1,0,unknown,no,2025-04-25 16:00:00
37,admin.,single,secondary,no,0,no,no,cellular,9,jul,397,6,-1,0,unknown,no,2025-04-25 17:00:00
31,blue-collar,married,secondary,no,512,yes,no,cellular,18,may,109,2,-1,0,unknown,no,2025-04-25 18:00:00
52,technician,divorced,secondary,no,409,yes,no,unknown,15,may,73,7,-1,0,unknown,no,2025-04-25 19:00:00
52,admin.,divorced,secondary,no,340,yes,no,cellular,17,apr,463,1,344,1,failure,no,2025-04-25 20:00:00
52,housemaid,married,primary,no,335,no,no,cellular,22,aug,217,5,-1,0,unknown,no,2025-04-25 21:00:00
30,management,married,tertiary,no,2960,no,no,cellular,11,aug,370,4,-1,0,unknown,no,2025-04-25 22:00:00
28,management,married,tertiary,no,3,yes,no,unknown,7,may,122,5,-1,0,unknown,no,2025-04-25 23:00:00
30,blue-collar,single,unknown,yes,-149,yes,yes,unknown,12,may,164,3,-1,0,unknown,no,2025-04-26 00:00:00
36,unemployed,married,secondary,no,1453,no,no,unknown,6,jun,386,1,-1,0,unknown,no,2025-04-26 01:00:00
28,blue-collar,single,secondary,no,369,yes,no,unknown,23,may,411,3,-1,0,unknown,no,2025-04-26 02:00:00
31,management,single,secondary,no,301,yes,no,unknown,6,may,82,1,-1,0,unknown,no,2025-04-26 03:00:00
35,blue-collar,married,secondary,no,1993,yes,no,cellular,8,apr,462,2,-1,0,unknown,no,2025-04-26 04:00:00
23,student,single,secondary,no,0,no,no,cellular,30,apr,297,1,83,6,success,yes,2025-04-26 05:00:00
52,blue-collar,married,tertiary,no,297,yes,no,cellular,18,nov,62,2,195,1,failure,no,2025-04-26 06:00:00
27,admin.,single,secondary,yes,1110,yes,yes,cellular,31,jul,25,36,-1,0,unknown,no,2025-04-26 07:00:00
29,technician,single,tertiary,no,68,yes,no,cellular,20,apr,658,1,-1,0,unknown,no,2025-04-26 08:00:00
36,blue-collar,married,primary,no,656,yes,no,cellular,28,jul,71,4,-1,0,unknown,no,2025-04-26 09:00:00
40,retired,married,primary,no,658,yes,no,cellular,4,feb,132,1,-1,0,unknown,no,2025-04-26 10:00:00
25,technician,single,secondary,no,959,no,no,cellular,9,jul,144,5,-1,0,unknown,no,2025-04-26 11:00:00
32,technician,single,tertiary,no,388,no,no,cellular,2,aug,100,8,95,3,success,no,2025-04-26 12:00:00
43,management,married,tertiary,no,1253,no,yes,cellular,18,aug,52,3,-1,0,unknown,no,2025-04-26 13:00:00
54,blue-collar,married,primary,no,38,no,no,cellular,28,jul,115,8,-1,0,unknown,no,2025-04-26 14:00:00
31,technician,single,tertiary,no,208,no,no,cellular,12,aug,1344,7,-1,0,unknown,yes,2025-04-26 15:00:00
37,services,married,secondary,no,780,yes,no,unknown,4,jun,125,5,-1,0,unknown,no,2025-04-26 16:00:00
57,entrepreneur,divorced,secondary,no,-37,no,no,unknown,5,may,173,1,-1,0,unknown,no,2025-04-26 17:00:00
57,retired,married,secondary,no,573,no,no,unknown,20,jun,53,11,-1,0,unknown,no,2025-04-26 18:00:00
30,management,single,tertiary,no,5561,yes,no,cellular,19,nov,511,1,-1,0,unknown,yes,2025-04-26 19:00:00
37,blue-collar,married,secondary,no,222,yes,no,cellular,15,may,7,6,357,1,failure,no,2025-04-26 20:00:00
37,management,married,tertiary,no,108,yes,yes,cellular,4,jun,262,2,-1,0,unknown,yes,2025-04-26 21:00:00
46,blue-collar,married,primary,no,587,yes,no,unknown,8,may,173,2,-1,0,unknown,no,2025-04-26 22:00:00
41,blue-collar,divorced,primary,no,548,yes,yes,cellular,4,feb,149,1,250,1,failure,no,2025-04-26 23:00:00
33,technician,married,secondary,no,0,yes,no,cellular,4,feb,56,1,274,2,failure,no,2025-04-27 00:00:00
43,blue-collar,married,secondary,no,470,yes,yes,unknown,26,may,185,1,-1,0,unknown,no,2025-04-27 01:00:00
34,services,single,primary,no,496,yes,no,cellular,5,feb,173,1,-1,0,unknown,no,2025-04-27 02:00:00
41,blue-collar,married,secondary,no,72,yes,no,cellular,4,may,130,3,312,3,failure,no,2025-04-27 03:00:00
55,blue-collar,married,secondary,no,983,no,no,telephone,11,jul,41,2,-1,0,unknown,no,2025-04-27 04:00:00
31,blue-collar,married,unknown,no,-120,yes,no,cellular,17,jul,231,2,-1,0,unknown,no,2025-04-27 05:00:00
45,blue-collar,married,unknown,no,909,yes,no,cellular,30,jan,166,1,262,1,other,no,2025-04-27 06:00:00
56,retired,married,secondary,no,878,no,no,unknown,20,jun,123,3,-1,0,unknown,no,2025-04-27 07:00:00
29,student,single,secondary,no,67,no,no,cellular,23,feb,211,1,187,5,success,yes,2025-04-27 08:00:00
41,management,married,secondary,no,0,yes,no,cellular,2,feb,154,2,264,1,other,no,2025-04-27 09:00:00
39,self-employed,married,secondary,no,235,no,no,unknown,9,jun,217,1,-1,0,unknown,no,2025-04-27 10:00:00
46,entrepreneur,married,unknown,no,676,yes,yes,unknown,15,may,106,3,-1,0,unknown,no,2025-04-27 11:00:00
48,services,divorced,primary,no,2805,no,yes,cellular,23,jul,212,2,-1,0,unknown,no,2025-04-27 12:00:00
42,management,married,tertiary,no,2309,yes,no,unknown,21,may,64,3,-1,0,unknown,no,2025-04-27 13:00:00
33,admin.,divorced,secondary,no,1128,yes,no,unknown,8,may,139,2,-1,0,unknown,no,2025-04-27 14:00:00
37,entrepreneur,married,tertiary,no,0,yes,yes,cellular,24,jul,226,6,-1,0,unknown,no,2025-04-27 15:00:00
61,retired,married,primary,no,103,no,no,cellular,7,dec,292,1,-1,0,unknown,no,2025-04-27 16:00:00
31,housemaid,married,tertiary,no,2190,yes,no,telephone,12,may,25,6,258,18,other,no,2025-04-27 17:00:00
33,student,single,unknown,no,5969,no,no,cellular,4,sep,156,2,127,8,failure,no,2025-04-27 18:00:00
46,blue-collar,married,primary,no,201,no,no,cellular,29,aug,163,6,-1,0,unknown,no,2025-04-27 19:00:00
30,blue-collar,single,secondary,no,130,no,no,telephone,5,dec,291,1,-1,0,unknown,no,2025-04-27 20:00:00
49,technician,married,unknown,no,15,no,no,unknown,6,may,92,2,-1,0,unknown,no,2025-04-27 21:00:00
59,management,married,tertiary,no,296,no,yes,cellular,15,jul,805,3,-1,0,unknown,yes,2025-04-27 22:00:00
51,admin.,married,secondary,no,1535,no,no,cellular,12,aug,359,2,-1,0,unknown,no,2025-04-27 23:00:00
52,management,divorced,tertiary,no,-297,yes,no,unknown,20,jun,11,21,-1,0,unknown,no,2025-04-28 00:00:00
44,admin.,married,secondary,yes,0,no,yes,unknown,30,jun,76,3,-1,0,unknown,no,2025-04-28 01:00:00
59,admin.,married,primary,no,4387,yes,no,telephone,16,jul,73,6,-1,0,unknown,no,2025-04-28 02:00:00
32,technician,single,secondary,no,-472,yes,yes,cellular,18,may,121,2,-1,0,unknown,no,2025-04-28 03:00:00
32,technician,divorced,secondary,no,211,yes,yes,unknown,29,may,230,4,-1,0,unknown,no,2025-04-28 04:00:00
43,services,married,secondary,no,-45,yes,yes,cellular,3,feb,140,3,-1,0,unknown,no,2025-04-28 05:00:00
37,blue-collar,single,secondary,no,133,yes,no,cellular,11,may,1388,2,-1,0,unknown,yes,2025-04-28 06:00:00
32,blue-collar,married,primary,no,5511,no,no,cellular,16,apr,408,2,231,16,other,no,2025-04-28 07:00:00
54,self-employed,married,tertiary,no,269,yes,no,cellular,17,jul,81,3,-1,0,unknown,no,2025-04-28 08:00:00
51,blue-collar,married,secondary,no,0,no,no,cellular,18,nov,73,1,-1,0,unknown,no,2025-04-28 09:00:00
48,blue-collar,married,secondary,no,1791,no,no,cellular,7,aug,63,2,-1,0,unknown,no,2025-04-28 10:00:00
30,technician,married,tertiary,no,14355,no,no,cellular,7,aug,244,2,-1,0,unknown,no,2025-04-28 11:00:00
29,management,single,tertiary,no,268,no,no,cellular,16,apr,667,1,-1,0,unknown,yes,2025-04-28 12:00:00
64,retired,married,primary,no,2140,no,no,cellular,16,mar,881,3,155,2,failure,yes,2025-04-28 13:00:00
47,unemployed,married,secondary,no,926,no,no,cellular,14,aug,436,1,403,5,success,yes,2025-04-28 14:00:00
35,blue-collar,single,secondary,no,0,yes,no,cellular,9,feb,226,3,280,1,other,no,2025-04-28 15:00:00
41,management,married,tertiary,no,326,no,no,cellular,6,feb,163,1,182,2,failure,no,2025-04-28 16:00:00
51,entrepreneur,divorced,tertiary,no,2109,no,no,cellular,12,apr,119,1,181,2,success,no,2025-04-28 17:00:00
57,blue-collar,married,primary,no,42,yes,no,unknown,21,may,384,3,-1,0,unknown,no,2025-04-28 18:00:00
60,management,married,tertiary,no,340,no,yes,cellular,10,jul,361,2,-1,0,unknown,no,2025-04-28 19:00:00
33,management,single,tertiary,no,2360,yes,no,cellular,20,nov,268,1,-1,0,unknown,no,2025-04-28 20:00:00
48,services,single,secondary,no,2749,no,no,cellular,19,nov,442,1,-1,0,unknown,no,2025-04-28 21:00:00
51,unemployed,divorced,tertiary,no,5,no,no,cellular,18,nov,124,1,-1,0,unknown,no,2025-04-28 22:00:00
68,retired,married,primary,no,7945,no,no,cellular,27,apr,252,1,181,1,failure,no,2025-04-28 23:00:00
35,management,single,tertiary,no,4788,yes,no,unknown,3,jun,227,1,-1,0,unknown,no,2025-04-29 00:00:00
42,services,married,secondary,no,1048,yes,no,cellular,17,nov,71,1,186,1,failure,no,2025-04-29 01:00:00
59,retired,married,secondary,no,1887,no,no,cellular,28,aug,88,8,-1,0,unknown,no,2025-04-29 02:00:00
37,blue-collar,married,primary,no,2814,yes,no,cellular,20,nov,619,3,-1,0,unknown,no,2025-04-29 03:00:00
49,admin.,married,secondary,no,1788,yes,no,unknown,11,jun,274,2,-1,0,unknown,no,2025-04-29 04:00:00
30,blue-collar,married,primary,no,1127,yes,no,unknown,29,may,13,1,-1,0,unknown,no,2025-04-29 05:00:00
40,blue-collar,single,secondary,no,3,no,no,cellular,19,nov,998,1,-1,0,unknown,yes,2025-04-29 06:00:00
25,student,single,tertiary,no,253,no,no,cellular,4,may,597,1,-1,0,unknown,yes,2025-04-29 07:00:00
36,management,single,tertiary,no,3850,yes,no,cellular,12,aug,239,2,100,4,failure,yes,2025-04-29 08:00:00
55,blue-collar,married,secondary,no,1218,no,no,cellular,20,aug,107,2,-1,0,unknown,no,2025-04-29 09:00:00
35,technician,single,secondary,no,23,yes,no,unknown,19,jun,113,2,-1,0,unknown,no,2025-04-29 10:00:00
39,technician,divorced,tertiary,no,1832,no,no,unknown,16,jun,353,2,-1,0,unknown,no,2025-04-29 11:00:00
36,self-employed,married,secondary,no,611,no,no,cellular,11,jul,126,2,-1,0,unknown,no,2025-04-29 12:00:00
30,blue-collar,single,secondary,no,3,yes,no,cellular,25,jul,51,1,-1,0,unknown,no,2025-04-29 13:00:00
37,services,married,secondary,no,345,yes,yes,cellular,16,apr,114,1,148,1,failure,no,2025-04-29 14:00:00
26,management,single,tertiary,no,194,no,no,cellular,22,apr,407,2,-1,0,unknown,yes,2025-04-29 15:00:00
27,services,single,secondary,no,150,no,no,cellular,13,apr,81,3,-1,0,unknown,no,2025-04-29 16:00:00
27,blue-collar,single,primary,no,265,yes,no,cellular,13,may,1119,2,-1,0,unknown,yes,2025-04-29 17:00:00
54,management,married,tertiary,no,107,yes,no,unknown,29,may,324,3,-1,0,unknown,no,2025-04-29 18:00:00
34,blue-collar,single,secondary,no,1759,no,yes,cellular,25,jul,695,1,-1,0,unknown,yes,2025-04-29 19:00:00
35,services,single,secondary,no,2110,no,yes,cellular,7,jul,39,1,-1,0,unknown,no,2025-04-29 20:00:00
42,blue-collar,married,primary,no,7735,yes,no,cellular,13,apr,166,1,144,2,failure,no,2025-04-29 21:00:00
39,blue-collar,married,primary,no,0,no,no,unknown,6,jun,178,1,-1,0,unknown,no,2025-04-29 22:00:00
48,admin.,married,secondary,no,315,yes,no,cellular,12,may,165,1,-1,0,unknown,no,2025-04-29 23:00:00
40,technician,married,tertiary,no,1759,yes,no,cellular,19,nov,87,2,-1,0,unknown,no,2025-04-30 00:00:00
49,admin.,married,secondary,no,3608,yes,no,cellular,30,apr,252,1,168,1,success,yes,2025-04-30 01:00:00
33,technician,married,secondary,no,303,yes,no,cellular,3,feb,355,1,301,5,success,yes,2025-04-30 02:00:00
30,management,married,tertiary,no,86,yes,yes,cellular,7,may,255,6,169,3,failure,no,2025-04-30 03:00:00
44,technician,divorced,secondary,no,177,yes,no,cellular,8,may,364,1,365,3,failure,no,2025-04-30 04:00:00
58,blue-collar,married,primary,no,47,no,no,cellular,6,aug,281,2,-1,0,unknown,no,2025-04-30 05:00:00
52,retired,married,secondary,no,1282,no,no,unknown,19,jun,148,5,-1,0,unknown,no,2025-04-30 06:00:00
41,blue-collar,married,primary,no,-692,yes,no,cellular,16,apr,370,3,282,2,failure,no,2025-04-30 07:00:00
29,blue-collar,married,secondary,no,201,yes,no,unknown,28,may,180,2,-1,0,unknown,no,2025-04-30 08:00:00
60,retired,divorced,primary,no,685,no,yes,telephone,21,jul,89,1,-1,0,unknown,no,2025-04-30 09:00:00
43,blue-collar,married,primary,no,336,yes,no,unknown,9,may,256,5,-1,0,unknown,no,2025-04-30 10:00:00
26,management,single,tertiary,no,761,no,no,cellular,2,feb,362,1,-1,0,unknown,no,2025-04-30 11:00:00
35,technician,married,secondary,no,254,no,no,cellular,8,aug,153,7,-1,0,unknown,no,2025-04-30 12:00:00
41,services,divorced,secondary,no,787,yes,no,cellular,8,may,297,2,-1,0,unknown,no,2025-04-30 13:00:00
31,management,married,tertiary,no,582,yes,no,cellular,15,jul,58,2,-1,0,unknown,no,2025-04-30 14:00:00
28,blue-collar,married,primary,no,115,yes,no,unknown,28,may,78,4,-1,0,unknown,no,2025-04-30 15:00:00
30,blue-collar,married,primary,no,-68,yes,no,cellular,25,jul,394,2,-1,0,unknown,no,2025-04-30 16:00:00
39,management,married,tertiary,no,51,no,no,cellular,20,aug,140,2,-1,0,unknown,no,2025-04-30 17:00:00
43,technician,married,secondary,no,48,yes,no,cellular,8,jul,89,1,-1,0,unknown,no,2025-04-30 18:00:00
29,blue-collar,single,secondary,no,445,yes,no,unknown,21,may,139,2,-1,0,unknown,no,2025-04-30 19:00:00
27,admin.,married,secondary,no,4144,yes,no,unknown,4,jun,132,1,-1,0,unknown,no,2025-04-30 20:00:00
37,blue-collar,married,primary,no,1534,yes,no,unknown,3,jun,126,4,-1,0,unknown,no,2025-04-30 21:00:00
50,management,married,tertiary,no,332,yes,no,unknown,2,jun,68,4,-1,0,unknown,no,2025-04-30 22:00:00
51,blue-collar,married,secondary,no,22,yes,no,unknown,16,may,336,2,-1,0,unknown,no,2025-04-30 23:00:00
56,admin.,married,unknown,no,681,no,no,cellular,13,aug,900,2,-1,0,unknown,no,2025-05-01 00:00:00
57,blue-collar,married,secondary,no,75,no,no,cellular,8,jul,157,8,-1,0,unknown,no,2025-05-01 01:00:00
39,management,married,tertiary,no,0,yes,no,unknown,2,jun,46,2,-1,0,unknown,no,2025-05-01 02:00:00
36,blue-collar,married,secondary,no,777,yes,no,cellular,6,may,185,3,-1,0,unknown,no,2025-05-01 03:00:00
50,services,single,secondary,no,1716,yes,no,cellular,7,apr,272,1,-1,0,unknown,no,2025-05-01 04:00:00
58,admin.,married,primary,no,879,yes,no,unknown,16,may,242,7,-1,0,unknown,no,2025-05-01 05:00:00
57,retired,divorced,tertiary,no,3875,no,no,cellular,19,nov,130,2,-1,0,unknown,no,2025-05-01 06:00:00
60,housemaid,married,primary,no,726,no,yes,cellular,30,jul,94,5,-1,0,unknown,no,2025-05-01 07:00:00
33,services,married,secondary,no,837,yes,no,cellular,28,jul,301,2,-1,0,unknown,no,2025-05-01 08:00:00
26,student,single,secondary,no,2784,yes,no,unknown,27,may,264,1,-1,0,unknown,no,2025-05-01 09:00:00
54,technician,married,secondary,no,306,no,no,cellular,2,feb,107,1,-1,0,unknown,no,2025-05-01 10:00:00
29,blue-collar,divorced,unknown,no,17,yes,no,unknown,13,may,31,2,-1,0,unknown,no,2025-05-01 11:00:00
44,admin.,married,secondary,no,100,yes,no,cellular,15,jul,71,4,-1,0,unknown,no,2025-05-01 12:00:00
28,management,single,tertiary,no,3611,no,no,cellular,26,feb,141,2,-1,0,unknown,yes,2025-05-01 13:00:00
27,student,single,secondary,no,1177,no,no,cellular,3,mar,133,1,-1,0,unknown,no,2025-05-01 14:00:00
44,technician,single,tertiary,no,2033,no,no,cellular,3,sep,444,1,99,1,failure,yes,2025-05-01 15:00:00
54,blue-collar,married,primary,no,24,yes,no,unknown,15,may,34,1,-1,0,unknown,no,2025-05-01 16:00:00
36,management,married,tertiary,no,659,no,no,cellular,28,aug,90,13,-1,0,unknown,no,2025-05-01 17:00:00
35,technician,divorced,unknown,no,244,no,no,cellular,21,jul,54,10,-1,0,unknown,no,2025-05-01 18:00:00
33,technician,divorced,secondary,no,140,yes,no,unknown,5,may,227,1,-1,0,unknown,no,2025-05-01 19:00:00
35,entrepreneur,married,secondary,no,1309,yes,no,cellular,18,nov,73,3,-1,0,unknown,no,2025-05-01 20:00:00
26,unemployed,single,secondary,no,340,no,no,cellular,28,jan,128,1,-1,0,unknown,no,2025-05-01 21:00:00
46,blue-collar,married,secondary,no,182,no,no,cellular,4,feb,56,1,-1,0,unknown,no,2025-05-01 22:00:00
37,blue-collar,divorced,secondary,no,-333,yes,no,unknown,27,may,345,1,-1,0,unknown,no,2025-05-01 23:00:00
36,self-employed,single,secondary,no,1173,yes,yes,unknown,20,jun,50,5,-1,0,unknown,no,2025-05-02 00:00:00
34,blue-collar,married,primary,no,2320,yes,no,cellular,18,nov,63,1,-1,0,unknown,no,2025-05-02 01:00:00
48,blue-collar,married,secondary,no,-85,yes,no,cellular,13,may,56,1,343,1,other,no,2025-05-02 02:00:00
35,blue-collar,married,secondary,no,-172,yes,no,cellular,31,jul,14,32,-1,0,unknown,no,2025-05-02 03:00:00
42,management,married,tertiary,no,372,yes,no,cellular,4,aug,153,3,1,2,success,yes,2025-05-02 04:00:00
50,admin.,married,secondary,no,-130,yes,no,cellular,10,jul,328,1,-1,0,unknown,no,2025-05-02 05:00:00
34,management,single,tertiary,no,-322,no,no,unknown,9,may,198,1,-1,0,unknown,no,2025-05-02 06:00:00
41,blue-collar,single,primary,no,74,no,no,unknown,9,jul,193,4,-1,0,unknown,no,2025-05-02 07:00:00
38,management,single,tertiary,no,16957,yes,no,unknown,27,may,142,2,-1,0,unknown,no,2025-05-02 08:00:00
48,unemployed,married,secondary,no,0,no,no,telephone,31,jul,35,11,-1,0,unknown,no,2025-05-02 09:00:00
33,management,divorced,tertiary,no,0,yes,no,cellular,8,may,212,2,-1,0,unknown,no,2025-05-02 10:00:00
54,retired,married,primary,no,11,yes,yes,cellular,18,aug,48,10,-1,0,unknown,no,2025-05-02 11:00:00
58,admin.,married,primary,no,549,no,no,unknown,5,jun,82,2,-1,0,unknown,no,2025-05-02 12:00:00
34,blue-collar,married,primary,no,358,yes,no,unknown,23,may,100,4,-1,0,unknown,no,2025-05-02 13:00:00
56,management,married,tertiary,no,15520,no,no,cellular,18,nov,420,1,-1,0,unknown,no,2025-05-02 14:00:00
57,blue-collar,married,primary,no,1460,no,no,unknown,13,may,91,2,-1,0,unknown,no,2025-05-02 15:00:00
31,blue-collar,married,primary,no,224,yes,no,cellular,18,may,119,1,-1,0,unknown,no,2025-05-02 16:00:00
41,admin.,divorced,secondary,no,6046,yes,yes,telephone,15,mar,300,6,182,2,success,yes,2025-05-02 17:00:00
30,management,single,tertiary,no,528,yes,no,unknown,8,may,145,4,-1,0,unknown,no,2025-05-02 18:00:00
49,blue-collar,married,secondary,no,598,yes,no,cellular,15,may,219,6,-1,0,unknown,no,2025-05-02 19:00:00
35,services,married,secondary,no,843,yes,no,unknown,27,may,120,2,-1,0,unknown,no,2025-05-02 20:00:00
56,admin.,married,unknown,no,1848,yes,no,cellular,4,feb,147,2,260,1,failure,no,2025-05-02 21:00:00
41,technician,married,secondary,no,741,yes,no,cellular,6,may,606,3,335,6,other,no,2025-05-02 22:00:00
57,technician,married,secondary,no,2625,no,no,cellular,14,aug,465,2,-1,0,unknown,no,2025-05-02 23:00:00
44,blue-collar,married,secondary,no,3224,yes,no,unknown,30,may,306,1,-1,0,unknown,no,2025-05-03 00:00:00
45,blue-collar,single,primary,no,847,no,no,cellular,31,jul,294,3,-1,0,unknown,no,2025-05-03 01:00:00
22,student,single,secondary,no,249,no,no,unknown,5,sep,11,1,-1,0,unknown,no,2025-05-03 02:00:00
33,management,single,tertiary,no,224,no,no,cellular,23,jun,342,2,107,2,success,yes,2025-05-03 03:00:00
51,self-employed,married,primary,no,10,no,no,unknown,6,jun,513,3,-1,0,unknown,no,2025-05-03 04:00:00
35,admin.,married,secondary,no,725,yes,no,cellular,20,nov,219,7,133,1,failure,no,2025-05-03 05:00:00
49,technician,married,secondary,no,3466,yes,no,cellular,25,aug,161,3,410,2,success,no,2025-05-03 06:00:00
62,retired,married,primary,no,1742,no,no,cellular,14,jun,167,2,98,6,other,yes,2025-05-03 07:00:00
34,management,married,tertiary,no,46,no,no,cellular,19,aug,729,5,-1,0,unknown,no,2025-05-03 08:00:00
57,services,single,secondary,no,2236,yes,no,telephone,20,nov,51,8,190,2,failure,no,2025-05-03 09:00:00
44,technician,married,secondary,no,1196,yes,yes,unknown,28,may,61,1,-1,0,unknown,no,2025-05-03 10:00:00
40,management,married,tertiary,no,0,yes,no,cellular,2,feb,279,1,-1,0,unknown,no,2025-05-03 11:00:00
30,admin.,single,secondary,no,239,yes,no,cellular,7,may,115,3,-1,0,unknown,no,2025-05-03 12:00:00
41,blue-collar,married,primary,no,241,yes,no,cellular,20,apr,170,1,150,1,failure,no,2025-05-03 13:00:00
29,management,single,tertiary,no,697,no,no,cellular,4,feb,206,1,-1,0,unknown,yes,2025-05-03 14:00:00
25,services,single,secondary,no,556,yes,yes,unknown,4,jun,361,1,-1,0,unknown,no,2025-05-03 15:00:00
33,management,married,tertiary,no,73,yes,no,cellular,2,feb,214,1,-1,0,unknown,no,2025-05-03 16:00:00
35,blue-collar,married,primary,no,526,yes,no,cellular,2,feb,914,2,-1,0,unknown,no,2025-05-03 17:00:00
58,blue-collar,married,primary,no,226,yes,yes,cellular,10,may,135,3,-1,0,unknown,no,2025-05-03 18:00:00
59,blue-collar,married,secondary,no,104,yes,no,unknown,2,jun,92,5,-1,0,unknown,no,2025-05-03 19:00:00
29,management,single,tertiary,no,2389,no,no,cellular,4,jun,277,3,-1,0,unknown,no,2025-05-03 20:00:00
55,management,single,tertiary,no,1092,yes,yes,unknown,15,may,202,4,-1,0,unknown,no,2025-05-03 21:00:00
40,admin.,married,secondary,no,-769,yes,yes,cellular,17,jul,64,1,-1,0,unknown,no,2025-05-03 22:00:00
37,management,married,tertiary,no,784,yes,no,cellular,9,feb,41,3,-1,0,unknown,no,2025-05-03 23:00:00
48,blue-collar,married,secondary,no,341,yes,yes,unknown,26,jun,251,3,-1,0,unknown,no,2025-05-04 00:00:00
81,retired,married,primary,no,243,no,no,cellular,27,oct,131,1,-1,0,unknown,yes,2025-05-04 01:00:00
35,technician,divorced,secondary,no,308,no,no,cellular,22,aug,77,2,-1,0,unknown,no,2025-05-04 02:00:00
35,management,single,tertiary,no,1379,no,no,cellular,20,nov,370,1,-1,0,unknown,no,2025-05-04 03:00:00
45,management,married,tertiary,no,677,yes,no,cellular,12,may,253,3,334,2,failure,no,2025-05-04 04:00:00
27,admin.,married,secondary,no,158,yes,no,cellular,25,jul,124,2,-1,0,unknown,no,2025-05-04 05:00:00
25,admin.,single,secondary,no,105,no,yes,cellular,21,jul,392,1,-1,0,unknown,no,2025-05-04 06:00:00
28,services,single,secondary,no,-260,yes,no,unknown,12,may,170,2,-1,0,unknown,no,2025-05-04 07:00:00
39,blue-collar,married,secondary,no,62,yes,no,cellular,7,may,877,3,-1,0,unknown,yes,2025-05-04 08:00:00
35,management,married,tertiary,no,2161,no,no,cellular,9,mar,139,2,181,3,success,yes,2025-05-04 09:00:00
39,admin.,married,secondary,no,6421,no,yes,unknown,20,may,661,1,-1,0,unknown,no,2025-05-04 10:00:00
44,management,single,tertiary,no,300,yes,no,cellular,17,nov,48,1,-1,0,unknown,no,2025-05-04 11:00:00
29,technician,married,tertiary,no,4557,no,no,cellular,28,jan,103,2,-1,0,unknown,no,2025-05-04 12:00:00
53,technician,married,secondary,no,3398,no,yes,telephone,20,nov,88,6,113,13,other,no,2025-05-04 13:00:00
43,admin.,married,secondary,no,616,yes,no,unknown,9,may,168,2,-1,0,unknown,no,2025-05-04 14:00:00
39,blue-collar,married,primary,no,12,no,no,unknown,20,jun,210,2,-1,0,unknown,no,2025-05-04 15:00:00
31,management,single,tertiary,no,4319,yes,no,cellular,29,apr,153,4,161,1,failure,no,2025-05-04 16:00:00
24,services,single,secondary,yes,-122,yes,no,unknown,13,may,1000,1,-1,0,unknown,yes,2025-05-04 17:00:00
29,management,divorced,tertiary,no,607,yes,yes,unknown,8,may,240,3,-1,0,unknown,no,2025-05-04 18:00:00
48,management,divorced,tertiary,no,0,no,no,cellular,25,aug,110,3,-1,0,unknown,no,2025-05-04 19:00:00
39,housemaid,married,secondary,no,42,yes,no,telephone,25,jul,120,1,-1,0,unknown,no,2025-05-04 20:00:00
39,technician,single,secondary,no,12,yes,no,cellular,15,may,500,2,352,2,failure,no,2025-05-04 21:00:00
54,technician,divorced,secondary,no,784,yes,yes,unknown,15,may,579,1,-1,0,unknown,no,2025-05-04 22:00:00
35,blue-collar,single,secondary,no,40,yes,no,unknown,9,may,617,4,-1,0,unknown,yes,2025-05-04 23:00:00
54,admin.,married,primary,no,546,yes,no,telephone,9,apr,40,1,-1,0,unknown,no,2025-05-05 00:00:00
43,admin.,married,secondary,no,5048,no,no,telephone,31,jul,214,3,-1,0,unknown,no,2025-05-05 01:00:00
48,management,married,tertiary,no,494,no,no,cellular,29,aug,81,8,-1,0,unknown,no,2025-05-05 02:00:00
44,management,married,unknown,no,282,no,no,cellular,9,mar,700,2,154,3,success,yes,2025-05-05 03:00:00
41,management,married,tertiary,no,517,yes,no,unknown,5,may,251,1,-1,0,unknown,no,2025-05-05 04:00:00
22,student,single,unknown,no,549,no,no,cellular,2,sep,154,1,-1,0,unknown,no,2025-05-05 05:00:00
39,unknown,single,secondary,no,0,no,no,unknown,6,jun,188,1,-1,0,unknown,no,2025-05-05 06:00:00
45,management,divorced,tertiary,no,854,no,yes,cellular,8,jul,730,1,-1,0,unknown,yes,2025-05-05 07:00:00
31,technician,married,tertiary,no,0,no,no,cellular,29,aug,70,2,-1,0,unknown,no,2025-05-05 08:00:00
32,services,single,secondary,no,441,no,yes,cellular,25,jul,135,2,-1,0,unknown,no,2025-05-05 09:00:00
35,services,married,secondary,no,0,no,no,unknown,30,may,147,9,-1,0,unknown,no,2025-05-05 10:00:00
50,blue-collar,married,primary,no,1179,no,no,unknown,19,jun,30,1,-1,0,unknown,no,2025-05-05 11:00:00
36,blue-collar,married,secondary,no,928,no,no,cellular,17,apr,224,3,-1,0,unknown,no,2025-05-05 12:00:00
43,admin.,married,tertiary,no,1924,yes,no,unknown,7,may,244,7,-1,0,unknown,no,2025-05-05 13:00:00
19,student,single,primary,no,1247,no,no,cellular,23,apr,94,1,-1,0,unknown,no,2025-05-05 14:00:00
31,management,married,tertiary,no,2,yes,no,cellular,17,jul,234,1,-1,0,unknown,no,2025-05-05 15:00:00
41,blue-collar,single,primary,no,0,yes,no,unknown,16,may,522,5,-1,0,unknown,no,2025-05-05 16:00:00
50,unemployed,married,secondary,no,1772,no,no,cellular,29,jul,206,4,-1,0,unknown,no,2025-05-05 17:00:00
31,blue-collar,single,secondary,no,23,no,no,cellular,21,nov,116,1,-1,0,unknown,no,2025-05-05 18:00:00
35,technician,married,tertiary,no,7050,no,no,cellular,10,feb,278,3,187,1,success,yes,2025-05-05 19:00:00
37,unemployed,divorced,secondary,no,74,yes,no,unknown,7,may,150,1,-1,0,unknown,no,2025-05-05 20:00:00
30,self-employed,married,tertiary,no,1596,yes,no,cellular,19,aug,195,2,-1,0,unknown,no,2025-05-05 21:00:00
37,blue-collar,married,primary,no,0,no,no,cellular,18,nov,850,2,-1,0,unknown,no,2025-05-05 22:00:00
32,admin.,divorced,secondary,no,714,no,no,cellular,2,feb,221,1,-1,0,unknown,no,2025-05-05 23:00:00
30,technician,single,tertiary,no,1070,no,no,cellular,14,dec,446,2,-1,0,unknown,no,2025-05-06 00:00:00
50,management,married,tertiary,no,412,yes,yes,cellular,11,aug,40,5,-1,0,unknown,no,2025-05-06 01:00:00
41,admin.,married,secondary,no,920,yes,yes,unknown,27,may,239,1,-1,0,unknown,no,2025-05-06 02:00:00
37,blue-collar,married,secondary,no,14,yes,no,cellular,31,jul,38,18,-1,0,unknown,no,2025-05-06 03:00:00
35,entrepreneur,married,tertiary,no,7962,yes,no,cellular,9,apr,275,2,140,2,failure,no,2025-05-06 04:00:00
56,admin.,divorced,secondary,no,1693,no,no,cellular,26,oct,238,4,442,4,failure,yes,2025-05-06 05:00:00
54,blue-collar,divorced,primary,no,0,yes,no,cellular,21,nov,219,2,-1,0,unknown,no,2025-05-06 06:00:00
61,retired,married,primary,no,2686,no,no,telephone,22,oct,84,3,-1,0,unknown,no,2025-05-06 07:00:00
26,technician,single,secondary,no,-211,yes,no,unknown,23,may,164,3,-1,0,unknown,no,2025-05-06 08:00:00
34,blue-collar,married,secondary,no,3990,yes,no,cellular,24,jul,633,7,-1,0,unknown,no,2025-05-06 09:00:00
37,management,single,tertiary,no,5340,yes,no,cellular,19,nov,101,2,104,4,failure,no,2025-05-06 10:00:00
35,management,single,tertiary,no,0,no,no,cellular,18,aug,276,5,-1,0,unknown,no,2025-05-06 11:00:00
35,technician,single,secondary,no,103,yes,no,unknown,26,may,290,2,-1,0,unknown,no,2025-05-06 12:00:00
51,management,married,tertiary,no,0,yes,no,unknown,30,may,151,1,-1,0,unknown,no,2025-05-06 13:00:00
36,technician,married,secondary,no,8119,no,no,unknown,21,may,24,1,-1,0,unknown,no,2025-05-06 14:00:00
36,admin.,single,tertiary,no,635,no,no,cellular,13,feb,56,1,-1,0,unknown,no,2025-05-06 15:00:00
32,self-employed,married,tertiary,no,1464,no,no,telephone,14,aug,133,2,-1,0,unknown,no,2025-05-06 16:00:00
53,entrepreneur,married,tertiary,no,1961,no,no,cellular,15,dec,351,1,-1,0,unknown,yes,2025-05-06 17:00:00
59,technician,married,secondary,no,201,no,no,cellular,5,feb,52,1,8,7,other,no,2025-05-06 18:00:00
57,technician,married,unknown,no,587,no,no,telephone,5,feb,131,3,-1,0,unknown,no,2025-05-06 19:00:00
41,blue-collar,married,secondary,no,51,yes,no,unknown,29,may,39,22,-1,0,unknown,no,2025-05-06 20:00:00
38,admin.,married,secondary,no,3732,yes,no,unknown,21,may,379,2,-1,0,unknown,no,2025-05-06 21:00:00
56,technician,married,tertiary,yes,-736,no,no,cellular,31,jul,258,8,-1,0,unknown,no,2025-05-06 22:00:00
31,services,single,secondary,no,13,no,yes,cellular,6,feb,1019,2,-1,0,unknown,yes,2025-05-06 23:00:00
32,admin.,single,secondary,no,223,yes,yes,unknown,27,may,236,4,-1,0,unknown,no,2025-05-07 00:00:00
24,blue-collar,married,secondary,no,951,yes,no,unknown,12,may,744,2,-1,0,unknown,no,2025-05-07 01:00:00
25,blue-collar,single,secondary,no,509,no,no,cellular,5,mar,418,1,-1,0,unknown,yes,2025-05-07 02:00:00
35,technician,married,secondary,no,0,no,no,cellular,11,aug,309,2,-1,0,unknown,no,2025-05-07 03:00:00
33,management,single,tertiary,no,1423,yes,no,cellular,16,apr,633,3,248,2,other,no,2025-05-07 04:00:00
50,services,married,secondary,no,961,no,yes,cellular,14,aug,757,4,-1,0,unknown,no,2025-05-07 05:00:00
44,management,married,tertiary,no,126,yes,no,unknown,13,may,92,1,-1,0,unknown,no,2025-05-07 06:00:00
44,technician,married,secondary,no,2316,yes,no,cellular,10,jul,81,3,-1,0,unknown,no,2025-05-07 07:00:00
33,admin.,single,secondary,no,241,no,no,cellular,22,jul,490,1,-1,0,unknown,no,2025-05-07 08:00:00
45,blue-collar,married,secondary,no,771,yes,no,unknown,19,may,221,2,-1,0,unknown,no,2025-05-07 09:00:00
33,management,married,tertiary,no,0,no,yes,cellular,21,aug,148,3,-1,0,unknown,no,2025-05-07 10:00:00
31,management,married,tertiary,no,216,no,no,cellular,22,jul,47,1,-1,0,unknown,no,2025-05-07 11:00:00
52,management,married,tertiary,no,3737,yes,no,unknown,19,jun,574,4,-1,0,unknown,no,2025-05-07 12:00:00
43,management,married,tertiary,no,40,no,no,cellular,10,feb,147,1,-1,0,unknown,yes,2025-05-07 13:00:00
49,blue-collar,married,secondary,no,1946,no,no,cellular,19,oct,192,1,95,1,success,yes,2025-05-07 14:00:00
31,admin.,single,secondary,no,2398,yes,no,unknown,2,jun,16,13,-1,0,unknown,no,2025-05-07 15:00:00
32,admin.,single,secondary,no,1466,yes,no,unknown,12,may,264,2,-1,0,unknown,no,2025-05-07 16:00:00
33,technician,single,secondary,no,189,yes,no,unknown,14,may,260,1,-1,0,unknown,no,2025-05-07 17:00:00
46,unknown,married,unknown,no,677,no,no,cellular,3,feb,425,1,82,1,failure,no,2025-05-07 18:00:00
46,management,single,secondary,no,5993,no,no,cellular,20,may,165,1,56,3,failure,no,2025-05-07 19:00:00
28,services,single,secondary,no,387,no,no,cellular,3,feb,158,5,-1,0,unknown,no,2025-05-07 20:00:00
45,blue-collar,married,primary,no,942,no,yes,cellular,9,jul,295,1,-1,0,unknown,no,2025-05-07 21:00:00
54,blue-collar,married,secondary,no,2255,no,no,cellular,25,aug,304,6,-1,0,unknown,no,2025-05-07 22:00:00
40,blue-collar,married,primary,no,343,no,no,unknown,6,jun,292,2,-1,0,unknown,no,2025-05-07 23:00:00
30,services,single,secondary,no,85,yes,no,cellular,10,jul,81,7,-1,0,unknown,no,2025-05-08 00:00:00
33,management,single,tertiary,no,1308,no,no,cellular,7,aug,194,6,-1,0,unknown,no,2025-05-08 01:00:00
53,management,married,tertiary,no,-670,no,yes,cellular,11,jul,86,2,-1,0,unknown,no,2025-05-08 02:00:00
44,blue-collar,single,secondary,no,0,yes,no,cellular,4,may,64,2,19,1,failure,no,2025-05-08 03:00:00
40,management,single,tertiary,no,1247,yes,no,cellular,9,jul,157,1,-1,0,unknown,no,2025-05-08 04:00:00
24,services,married,secondary,yes,110,yes,no,unknown,23,may,27,1,-1,0,unknown,no,2025-05-08 05:00:00
41,blue-collar,married,primary,no,89,yes,no,cellular,15,may,58,3,359,2,other,no,2025-05-08 06:00:00
35,entrepreneur,married,secondary,no,6851,yes,no,cellular,19,nov,225,1,-1,0,unknown,no,2025-05-08 07:00:00
29,admin.,married,tertiary,no,26,yes,no,unknown,28,may,45,1,-1,0,unknown,no,2025-05-08 08:00:00
38,technician,married,secondary,no,2264,yes,no,cellular,17,apr,204,1,-1,0,unknown,no,2025-05-08 09:00:00
27,blue-collar,married,secondary,no,1600,yes,no,unknown,21,may,135,1,-1,0,unknown,no,2025-05-08 10:00:00
49,management,married,tertiary,no,224,yes,no,cellular,28,jul,68,3,-1,0,unknown,no,2025-05-08 11:00:00
27,services,single,secondary,no,3110,yes,no,unknown,3,jun,356,2,-1,0,unknown,no,2025-05-08 12:00:00
32,blue-collar,divorced,primary,no,174,yes,no,telephone,18,jul,11,1,-1,0,unknown,no,2025-05-08 13:00:00
31,entrepreneur,married,tertiary,no,425,yes,no,cellular,11,may,96,2,-1,0,unknown,no,2025-05-08 14:00:00
27,blue-collar,single,secondary,no,-46,yes,no,cellular,3,dec,97,3,199,8,other,no,2025-05-08 15:00:00
34,blue-collar,single,secondary,no,213,yes,no,cellular,11,may,47,1,343,2,failure,no,2025-05-08 16:00:00
30,management,single,tertiary,no,4,yes,no,cellular,17,jul,284,1,-1,0,unknown,no,2025-05-08 17:00:00
59,blue-collar,married,primary,no,63,no,no,cellular,22,aug,176,6,-1,0,unknown,no,2025-05-08 18:00:00
51,self-employed,married,tertiary,no,50,yes,no,cellular,14,jul,364,3,-1,0,unknown,no,2025-05-08 19:00:00
43,technician,married,secondary,no,3723,yes,no,cellular,11,aug,134,4,-1,0,unknown,no,2025-05-08 20:00:00
55,retired,married,secondary,no,2749,yes,yes,unknown,29,may,58,2,-1,0,unknown,no,2025-05-08 21:00:00
42,management,divorced,secondary,no,283,yes,no,cellular,23,jul,761,1,-1,0,unknown,yes,2025-05-08 22:00:00
33,admin.,married,unknown,no,2780,no,no,cellular,19,nov,485,1,-1,0,unknown,yes,2025-05-08 23:00:00
47,management,divorced,tertiary,no,94,yes,no,cellular,31,jul,9,19,-1,0,unknown,no,2025-05-09 00:00:00
45,blue-collar,married,secondary,no,87,yes,no,cellular,14,may,96,1,360,3,failure,no,2025-05-09 01:00:00
27,student,single,secondary,no,538,no,no,cellular,4,jun,124,2,-1,0,unknown,yes,2025-05-09 02:00:00
38,management,married,tertiary,no,1101,yes,no,telephone,9,nov,43,1,-1,0,unknown,no,2025-05-09 03:00:00
36,services,married,tertiary,no,562,no,no,cellular,25,may,90,1,-1,0,unknown,no,2025-05-09 04:00:00
31,management,single,tertiary,no,3142,yes,no,cellular,18,jul,164,1,-1,0,unknown,no,2025-05-09 05:00:00
44,services,married,secondary,no,983,no,no,cellular,28,jan,123,1,-1,0,unknown,no,2025-05-09 06:00:00
55,unemployed,divorced,secondary,no,309,no,no,cellular,21,oct,467,2,184,1,success,yes,2025-05-09 07:00:00
61,retired,married,primary,no,1742,no,no,cellular,11,sep,90,4,-1,0,unknown,no,2025-05-09 08:00:00
42,blue-collar,married,secondary,no,0,no,no,cellular,21,jul,91,2,-1,0,unknown,no,2025-05-09 09:00:00
28,technician,single,secondary,no,1,yes,no,unknown,29,may,364,3,-1,0,unknown,no,2025-05-09 10:00:00
47,entrepreneur,married,unknown,no,1481,yes,no,cellular,6,may,64,2,364,3,failure,no,2025-05-09 11:00:00
27,blue-collar,married,secondary,no,1028,yes,yes,cellular,14,may,580,1,329,1,failure,no,2025-05-09 12:00:00
43,services,married,secondary,no,87,no,no,cellular,22,jul,183,1,-1,0,unknown,no,2025-05-09 13:00:00
41,technician,married,secondary,no,335,no,no,cellular,18,aug,169,3,-1,0,unknown,no,2025-05-09 14:00:00
33,management,married,tertiary,no,1122,no,no,cellular,30,apr,187,10,-1,0,unknown,no,2025-05-09 15:00:00
39,services,married,secondary,no,2040,yes,no,cellular,12,may,312,6,-1,0,unknown,no,2025-05-09 16:00:00
43,management,single,secondary,no,1029,yes,no,unknown,2,jun,145,1,-1,0,unknown,no,2025-05-09 17:00:00
31,technician,single,secondary,no,7567,no,no,cellular,11,aug,70,2,-1,0,unknown,no,2025-05-09 18:00:00
48,technician,married,secondary,no,197,no,yes,cellular,3,feb,47,2,222,3,other,no,2025-05-09 19:00:00
33,technician,married,secondary,no,14850,yes,no,cellular,5,feb,122,5,-1,0,unknown,no,2025-05-09 20:00:00
46,services,married,secondary,no,-11,yes,no,cellular,28,aug,74,6,-1,0,unknown,no,2025-05-09 21:00:00
55,housemaid,married,primary,no,1537,no,no,unknown,19,jun,359,1,-1,0,unknown,no,2025-05-09 22:00:00
32,technician,single,tertiary,no,948,yes,no,cellular,6,apr,223,2,-1,0,unknown,no,2025-05-09 23:00:00
58,blue-collar,married,secondary,no,842,no,no,cellular,12,aug,253,2,-1,0,unknown,no,2025-05-10 00:00:00
24,services,single,secondary,no,258,yes,no,cellular,18,may,248,1,-1,0,unknown,no,2025-05-10 01:00:00
30,management,married,tertiary,no,1390,no,no,cellular,20,aug,552,4,-1,0,unknown,no,2025-05-10 02:00:00
33,self-employed,married,tertiary,no,-103,yes,no,unknown,28,may,268,1,-1,0,unknown,no,2025-05-10 03:00:00
32,blue-collar,married,primary,no,8291,no,no,unknown,20,may,131,1,-1,0,unknown,no,2025-05-10 04:00:00
31,technician,single,secondary,yes,25,no,no,cellular,2,feb,381,1,-1,0,unknown,no,2025-05-10 05:00:00
55,retired,divorced,tertiary,no,-458,yes,no,cellular,23,jul,1331,3,-1,0,unknown,no,2025-05-10 06:00:00
29,services,married,secondary,no,308,yes,no,unknown,28,may,75,1,-1,0,unknown,no,2025-05-10 07:00:00
49,blue-collar,married,primary,no,355,yes,no,unknown,2,jun,253,7,-1,0,unknown,no,2025-05-10 08:00:00
58,management,married,tertiary,no,2183,yes,no,cellular,22,jul,209,1,-1,0,unknown,no,2025-05-10 09:00:00
36,self-employed,married,secondary,no,1006,yes,no,cellular,21,nov,89,2,-1,0,unknown,no,2025-05-10 10:00:00
35,services,married,secondary,no,0,yes,no,telephone,18,jul,183,9,-1,0,unknown,no,2025-05-10 11:00:00
31,admin.,single,secondary,no,1588,yes,no,unknown,3,jun,14,1,-1,0,unknown,no,2025-05-10 12:00:00
35,entrepreneur,married,secondary,no,24,yes,no,unknown,20,may,81,1,-1,0,unknown,no,2025-05-10 13:00:00
38,blue-collar,married,secondary,no,732,yes,yes,unknown,20,may,269,1,-1,0,unknown,no,2025-05-10 14:00:00
30,blue-collar,divorced,secondary,no,-209,yes,no,unknown,6,may,188,2,-1,0,unknown,no,2025-05-10 15:00:00
52,unknown,married,unknown,no,5361,no,no,cellular,5,aug,607,3,-1,0,unknown,yes,2025-05-10 16:00:00
30,technician,single,tertiary,no,4561,yes,no,cellular,14,aug,103,2,-1,0,unknown,no,2025-05-10 17:00:00
30,technician,married,secondary,no,2278,no,yes,telephone,19,nov,47,1,-1,0,unknown,no,2025-05-10 18:00:00
43,services,divorced,secondary,no,130,yes,no,unknown,8,may,193,1,-1,0,unknown,no,2025-05-10 19:00:00
42,services,divorced,secondary,no,466,no,no,cellular,28,jan,48,1,-1,0,unknown,no,2025-05-10 20:00:00
58,management,single,tertiary,no,2297,no,no,cellular,13,aug,96,2,-1,0,unknown,no,2025-05-10 21:00:00
37,admin.,divorced,secondary,no,-113,yes,no,unknown,14,may,5,2,-1,0,unknown,no,2025-05-10 22:00:00
30,admin.,married,secondary,no,490,yes,no,cellular,3,feb,82,6,251,4,other,no,2025-05-10 23:00:00
54,entrepreneur,married,tertiary,no,1544,no,yes,cellular,5,feb,85,7,196,3,failure,no,2025-05-11 00:00:00
36,entrepreneur,married,secondary,no,0,yes,no,cellular,29,jan,344,3,-1,0,unknown,no,2025-05-11 01:00:00
39,management,single,tertiary,no,1648,no,no,cellular,19,oct,123,1,-1,0,unknown,no,2025-05-11 02:00:00
28,blue-collar,married,secondary,no,228,yes,no,unknown,3,jun,328,9,-1,0,unknown,no,2025-05-11 03:00:00
34,management,divorced,tertiary,no,5754,yes,no,unknown,21,may,56,1,-1,0,unknown,no,2025-05-11 04:00:00
40,unemployed,married,secondary,no,270,yes,no,cellular,14,may,255,2,345,1,failure,no,2025-05-11 05:00:00
31,blue-collar,married,secondary,no,1787,yes,no,unknown,20,may,201,4,-1,0,unknown,no,2025-05-11 06:00:00
35,blue-collar,married,secondary,no,260,yes,no,telephone,13,may,155,6,-1,0,unknown,no,2025-05-11 07:00:00
54,technician,married,secondary,no,658,no,no,cellular,12,aug,398,4,-1,0,unknown,no,2025-05-11 08:00:00
31,technician,married,secondary,no,40,yes,no,cellular,20,nov,294,2,-1,0,unknown,no,2025-05-11 09:00:00
68,retired,divorced,primary,no,476,no,no,telephone,28,jun,363,1,-1,0,unknown,yes,2025-05-11 10:00:00
31,services,single,tertiary,no,461,no,no,cellular,20,nov,145,1,-1,0,unknown,no,2025-05-11 11:00:00
53,technician,divorced,primary,no,7290,yes,no,unknown,30,may,153,1,-1,0,unknown,no,2025-05-11 12:00:00
39,blue-collar,single,secondary,no,393,yes,no,unknown,11,jun,339,1,-1,0,unknown,no,2025-05-11 13:00:00
25,services,single,secondary,no,382,yes,no,unknown,13,may,392,1,-1,0,unknown,no,2025-05-11 14:00:00
38,management,married,tertiary,no,238,no,no,cellular,4,may,131,1,90,2,success,no,2025-05-11 15:00:00
29,blue-collar,married,primary,no,-382,yes,no,cellular,28,jul,35,2,-1,0,unknown,no,2025-05-11 16:00:00
59,technician,married,secondary,no,3562,no,no,cellular,13,aug,121,1,-1,0,unknown,no,2025-05-11 17:00:00
33,management,divorced,secondary,no,321,no,yes,cellular,30,jul,151,10,-1,0,unknown,no,2025-05-11 18:00:00
65,management,married,tertiary,no,1097,no,no,cellular,12,jan,131,1,196,1,other,no,2025-05-11 19:00:00
41,blue-collar,married,primary,no,406,yes,no,unknown,9,may,2462,1,-1,0,unknown,no,2025-05-11 20:00:00
41,management,single,tertiary,no,572,yes,no,unknown,8,may,8,2,-1,0,unknown,no,2025-05-11 21:00:00
55,retired,married,primary,no,2325,yes,yes,telephone,8,aug,87,7,-1,0,unknown,no,2025-05-11 22:00:00
36,blue-collar,married,secondary,no,2894,yes,no,cellular,18,nov,91,1,124,1,failure,no,2025-05-11 23:00:00
28,management,married,secondary,no,466,yes,no,cellular,25,may,123,2,-1,0,unknown,no,2025-05-12 00:00:00
36,blue-collar,married,primary,no,59,yes,no,cellular,6,may,225,2,-1,0,unknown,no,2025-05-12 01:00:00
51,blue-collar,married,unknown,no,41,yes,no,telephone,9,jul,16,43,-1,0,unknown,no,2025-05-12 02:00:00
58,services,married,secondary,no,688,no,no,cellular,6,aug,152,2,-1,0,unknown,no,2025-05-12 03:00:00
29,admin.,single,tertiary,no,41,yes,no,cellular,13,aug,148,2,-1,0,unknown,yes,2025-05-12 04:00:00
45,admin.,married,secondary,no,72,yes,yes,cellular,15,may,262,2,352,2,failure,no,2025-05-12 05:00:00
48,technician,divorced,tertiary,no,855,no,no,cellular,6,aug,68,4,-1,0,unknown,no,2025-05-12 06:00:00
45,management,single,tertiary,no,4831,no,no,cellular,29,jan,479,11,-1,0,unknown,yes,2025-05-12 07:00:00
82,retired,married,unknown,no,211,no,no,telephone,22,apr,195,3,-1,0,unknown,no,2025-05-12 08:00:00
34,technician,single,secondary,no,268,yes,no,cellular,8,may,248,1,343,9,failure,no,2025-05-12 09:00:00
39,services,married,secondary,no,636,yes,no,telephone,12,may,15,1,-1,0,unknown,no,2025-05-12 10:00:00
47,blue-collar,divorced,secondary,no,169,yes,no,cellular,8,may,141,2,-1,0,unknown,no,2025-05-12 11:00:00
33,technician,married,secondary,no,6699,no,no,cellular,9,nov,425,1,462,1,failure,no,2025-05-12 12:00:00
34,blue-collar,married,primary,no,425,yes,no,cellular,16,jul,1389,7,-1,0,unknown,no,2025-05-12 13:00:00
31,services,single,secondary,no,0,yes,no,unknown,28,may,231,2,-1,0,unknown,no,2025-05-12 14:00:00
38,admin.,divorced,secondary,no,407,yes,yes,cellular,19,aug,89,1,-1,0,unknown,no,2025-05-12 15:00:00
43,blue-collar,married,secondary,no,5997,yes,no,cellular,15,may,270,3,-1,0,unknown,no,2025-05-12 16:00:00
38,housemaid,married,secondary,no,0,yes,no,unknown,6,may,59,3,-1,0,unknown,no,2025-05-12 17:00:00
34,blue-collar,married,secondary,no,1979,yes,no,cellular,20,nov,283,1,-1,0,unknown,no,2025-05-12 18:00:00
39,blue-collar,married,primary,no,104,yes,no,unknown,4,jun,624,2,-1,0,unknown,no,2025-05-12 19:00:00
51,blue-collar,divorced,secondary,no,78,yes,no,unknown,27,may,723,2,-1,0,unknown,no,2025-05-12 20:00:00
60,management,married,unknown,no,0,no,no,cellular,4,feb,273,1,-1,0,unknown,no,2025-05-12 21:00:00
27,blue-collar,single,primary,no,881,yes,no,unknown,4,jun,156,3,-1,0,unknown,no,2025-05-12 22:00:00
58,technician,married,secondary,no,796,no,no,cellular,4,aug,422,1,-1,0,unknown,no,2025-05-12 23:00:00
30,technician,single,secondary,no,383,yes,yes,cellular,19,nov,145,3,-1,0,unknown,no,2025-05-13 00:00:00
42,blue-collar,single,secondary,no,1279,yes,no,unknown,18,jun,347,4,-1,0,unknown,no,2025-05-13 01:00:00
48,blue-collar,married,secondary,no,7408,no,yes,cellular,4,feb,101,2,-1,0,unknown,no,2025-05-13 02:00:00
30,services,single,secondary,no,1487,no,yes,unknown,27,jun,207,3,-1,0,unknown,no,2025-05-13 03:00:00
27,blue-collar,single,secondary,no,2486,yes,no,unknown,29,may,733,1,-1,0,unknown,yes,2025-05-13 04:00:00
33,management,single,tertiary,no,201,yes,no,unknown,20,may,280,1,-1,0,unknown,no,2025-05-13 05:00:00
30,services,single,tertiary,no,136,yes,yes,unknown,16,may,208,5,-1,0,unknown,no,2025-05-13 06:00:00
50,housemaid,married,secondary,no,1954,no,yes,cellular,28,jul,438,4,-1,0,unknown,no,2025-05-13 07:00:00
46,blue-collar,married,unknown,no,9328,yes,no,cellular,5,may,725,3,-1,0,unknown,yes,2025-05-13 08:00:00
61,retired,married,tertiary,no,3140,yes,yes,cellular,6,aug,975,4,98,1,unknown,yes,2025-05-13 09:00:00
31,blue-collar,single,secondary,no,369,yes,yes,unknown,27,may,30,8,-1,0,unknown,no,2025-05-13 10:00:00
36,blue-collar,single,secondary,no,3254,yes,no,unknown,28,may,300,3,-1,0,unknown,no,2025-05-13 11:00:00
38,admin.,married,secondary,no,884,yes,no,unknown,5,jun,57,2,-1,0,unknown,no,2025-05-13 12:00:00
49,management,divorced,tertiary,no,-2049,yes,no,unknown,30,may,169,3,-1,0,unknown,no,2025-05-13 13:00:00
45,blue-collar,married,unknown,no,550,no,yes,unknown,20,jun,97,1,-1,0,unknown,no,2025-05-13 14:00:00
31,management,single,tertiary,no,0,yes,no,cellular,15,apr,185,2,-1,0,unknown,no,2025-05-13 15:00:00
53,technician,married,unknown,no,6921,yes,no,cellular,19,nov,130,3,188,2,other,no,2025-05-13 16:00:00
44,services,divorced,secondary,no,0,yes,yes,unknown,13,may,97,1,-1,0,unknown,no,2025-05-13 17:00:00
33,management,single,tertiary,no,1962,no,no,cellular,13,jul,363,1,181,1,failure,yes,2025-05-13 18:00:00
33,admin.,married,tertiary,no,46,yes,no,cellular,18,nov,95,1,-1,0,unknown,no,2025-05-13 19:00:00
58,retired,married,unknown,no,0,no,no,cellular,11,aug,273,2,-1,0,unknown,no,2025-05-13 20:00:00
45,management,single,tertiary,no,483,no,no,cellular,23,feb,95,2,265,11,other,yes,2025-05-13 21:00:00
56,management,married,tertiary,no,79,no,no,cellular,7,aug,82,2,-1,0,unknown,no,2025-05-13 22:00:00
31,technician,single,secondary,no,23,yes,no,cellular,14,may,97,1,370,1,failure,no,2025-05-13 23:00:00
28,housemaid,married,secondary,no,1294,yes,no,cellular,8,jul,401,2,-1,0,unknown,no,2025-05-14 00:00:00
42,blue-collar,divorced,primary,no,28,yes,no,unknown,5,may,126,3,-1,0,unknown,no,2025-05-14 01:00:00
34,technician,married,secondary,no,-173,no,no,cellular,28,aug,85,2,-1,0,unknown,no,2025-05-14 02:00:00
34,admin.,single,tertiary,no,3092,no,no,cellular,19,nov,115,1,-1,0,unknown,no,2025-05-14 03:00:00
43,retired,married,secondary,no,520,yes,no,unknown,20,may,15,13,-1,0,unknown,no,2025-05-14 04:00:00
46,admin.,married,primary,no,40,yes,no,unknown,7,may,591,3,-1,0,unknown,no,2025-05-14 05:00:00
24,management,married,unknown,no,448,no,no,cellular,14,apr,324,1,-1,0,unknown,yes,2025-05-14 06:00:00
43,technician,married,secondary,no,1667,no,yes,cellular,4,feb,1213,3,-1,0,unknown,no,2025-05-14 07:00:00
60,retired,married,secondary,no,404,no,no,cellular,21,aug,335,2,-1,0,unknown,no,2025-05-14 08:00:00
41,management,married,tertiary,no,13874,no,no,cellular,5,feb,255,1,234,2,other,no,2025-05-14 09:00:00
31,technician,single,secondary,no,1,yes,no,unknown,20,may,71,3,-1,0,unknown,no,2025-05-14 10:00:00
36,technician,single,secondary,no,35,no,no,cellular,29,aug,493,2,-1,0,unknown,no,2025-05-14 11:00:00
42,blue-collar,married,primary,no,0,no,no,telephone,12,may,24,1,-1,0,unknown,no,2025-05-14 12:00:00
44,management,married,tertiary,no,1036,no,no,cellular,25,sep,491,1,-1,0,unknown,no,2025-05-14 13:00:00
37,management,single,tertiary,no,156,no,no,cellular,5,feb,7,10,-1,0,unknown,no,2025-05-14 14:00:00
37,management,married,tertiary,no,0,yes,no,unknown,12,may,346,4,-1,0,unknown,no,2025-05-14 15:00:00
40,blue-collar,divorced,unknown,no,2357,no,no,unknown,18,jun,66,3,-1,0,unknown,no,2025-05-14 16:00:00
34,blue-collar,married,primary,no,2798,yes,no,cellular,20,apr,297,4,-1,0,unknown,no,2025-05-14 17:00:00
38,technician,single,secondary,no,283,yes,no,unknown,26,may,193,1,-1,0,unknown,no,2025-05-14 18:00:00
47,management,single,tertiary,no,512,no,no,cellular,15,jul,98,2,-1,0,unknown,no,2025-05-14 19:00:00
36,blue-collar,married,unknown,no,714,no,no,unknown,9,may,277,3,-1,0,unknown,no,2025-05-14 20:00:00
45,blue-collar,married,secondary,no,392,yes,no,cellular,17,jul,80,2,-1,0,unknown,no,2025-05-14 21:00:00
43,management,single,tertiary,no,-50,yes,yes,cellular,18,jul,30,2,-1,0,unknown,no,2025-05-14 22:00:00
46,blue-collar,married,secondary,no,836,no,no,cellular,27,aug,199,4,-1,0,unknown,no,2025-05-14 23:00:00
59,retired,married,primary,no,6,no,no,cellular,7,aug,448,3,-1,0,unknown,no,2025-05-15 00:00:00
51,blue-collar,married,primary,no,1869,no,no,unknown,17,jun,30,3,-1,0,unknown,no,2025-05-15 01:00:00
40,management,married,tertiary,no,995,yes,no,cellular,22,jul,96,2,-1,0,unknown,no,2025-05-15 02:00:00
39,self-employed,single,tertiary,no,1132,yes,no,unknown,3,jun,216,1,-1,0,unknown,no,2025-05-15 03:00:00
57,retired,married,primary,no,75,no,no,cellular,28,aug,118,2,-1,0,unknown,no,2025-05-15 04:00:00
27,blue-collar,married,primary,no,1535,yes,no,cellular,15,may,238,1,-1,0,unknown,no,2025-05-15 05:00:00
37,management,single,tertiary,no,8828,no,no,unknown,12,jun,1010,3,-1,0,unknown,yes,2025-05-15 06:00:00
51,self-employed,married,tertiary,no,126,yes,no,cellular,10,jul,412,1,-1,0,unknown,no,2025-05-15 07:00:00
27,blue-collar,married,secondary,no,419,yes,no,unknown,4,jun,1181,2,-1,0,unknown,yes,2025-05-15 08:00:00
41,blue-collar,married,secondary,no,-940,yes,yes,cellular,6,may,206,2,-1,0,unknown,no,2025-05-15 09:00:00
30,blue-collar,single,primary,no,1803,yes,no,cellular,12,may,202,2,-1,0,unknown,no,2025-05-15 10:00:00
47,management,married,secondary,no,1083,no,no,cellular,25,aug,141,4,-1,0,unknown,no,2025-05-15 11:00:00
57,entrepreneur,married,secondary,no,294,yes,no,unknown,5,may,746,2,-1,0,unknown,no,2025-05-15 12:00:00
59,admin.,married,secondary,no,1575,yes,no,cellular,12,may,301,3,263,11,success,no,2025-05-15 13:00:00
30,management,single,tertiary,no,0,no,no,cellular,19,aug,292,2,-1,0,unknown,no,2025-05-15 14:00:00
38,blue-collar,married,primary,no,190,yes,no,telephone,19,nov,623,1,175,1,other,yes,2025-05-15 15:00:00
30,services,married,secondary,no,48,yes,no,cellular,31,jul,662,13,-1,0,unknown,yes,2025-05-15 16:00:00
48,admin.,married,secondary,no,3064,yes,no,telephone,15,jul,159,2,-1,0,unknown,no,2025-05-15 17:00:00
34,technician,married,secondary,no,222,yes,no,unknown,12,may,149,6,-1,0,unknown,no,2025-05-15 18:00:00
46,technician,single,secondary,no,3494,yes,no,unknown,20,jun,87,1,-1,0,unknown,no,2025-05-15 19:00:00
56,management,married,tertiary,no,14344,yes,no,cellular,5,feb,358,1,-1,0,unknown,no,2025-05-15 20:00:00
47,technician,single,secondary,no,-504,no,yes,cellular,22,jul,108,1,-1,0,unknown,no,2025-05-15 21:00:00
33,management,divorced,tertiary,no,471,no,no,unknown,23,may,215,4,-1,0,unknown,no,2025-05-15 22:00:00
45,management,married,tertiary,no,-206,yes,no,cellular,6,may,337,2,-1,0,unknown,no,2025-05-15 23:00:00
52,services,married,secondary,no,3241,yes,no,unknown,13,may,105,1,-1,0,unknown,no,2025-05-16 00:00:00
30,management,married,tertiary,no,6432,yes,no,cellular,21,nov,206,2,119,3,other,no,2025-05-16 01:00:00
30,technician,married,secondary,no,455,yes,no,cellular,21,nov,758,1,-1,0,unknown,yes,2025-05-16 02:00:00
41,management,married,tertiary,no,1072,yes,no,cellular,7,may,199,1,-1,0,unknown,no,2025-05-16 03:00:00
38,technician,married,secondary,no,-735,yes,no,unknown,27,may,134,2,-1,0,unknown,no,2025-05-16 04:00:00
30,services,single,secondary,no,0,yes,no,cellular,18,may,131,6,363,9,failure,no,2025-05-16 05:00:00
53,admin.,married,tertiary,no,1379,no,no,cellular,4,aug,68,1,-1,0,unknown,no,2025-05-16 06:00:00
42,technician,married,secondary,no,233,no,no,cellular,20,aug,143,4,-1,0,unknown,no,2025-05-16 07:00:00
92,retired,married,unknown,no,775,no,no,cellular,26,jan,164,4,96,3,success,yes,2025-05-16 08:00:00
30,admin.,single,secondary,no,278,yes,no,cellular,15,may,148,1,-1,0,unknown,no,2025-05-16 09:00:00
30,management,married,tertiary,no,805,no,no,cellular,10,aug,134,3,194,1,failure,no,2025-05-16 10:00:00
42,admin.,married,secondary,yes,-9,no,no,unknown,20,jun,248,1,-1,0,unknown,no,2025-05-16 11:00:00
53,admin.,married,secondary,no,1661,yes,yes,cellular,17,nov,85,1,-1,0,unknown,no,2025-05-16 12:00:00
32,blue-collar,divorced,unknown,yes,-274,yes,yes,unknown,23,may,456,2,-1,0,unknown,no,2025-05-16 13:00:00
45,admin.,married,secondary,no,857,yes,no,cellular,21,nov,169,1,92,20,other,no,2025-05-16 14:00:00
31,admin.,single,secondary,no,1270,yes,no,cellular,14,may,291,1,364,1,other,no,2025-05-16 15:00:00
28,self-employed,single,tertiary,no,226,no,yes,cellular,8,jul,191,1,-1,0,unknown,no,2025-05-16 16:00:00
36,entrepreneur,married,tertiary,no,-502,yes,no,cellular,20,apr,22,4,-1,0,unknown,no,2025-05-16 17:00:00
41,blue-collar,married,secondary,no,641,yes,no,unknown,13,may,161,1,-1,0,unknown,no,2025-05-16 18:00:00
55,blue-collar,married,secondary,no,49,yes,no,cellular,7,jul,494,4,-1,0,unknown,yes,2025-05-16 19:00:00
36,services,married,secondary,no,-260,yes,no,unknown,30,may,91,2,-1,0,unknown,no,2025-05-16 20:00:00
60,blue-collar,married,primary,no,631,no,no,cellular,12,aug,429,2,-1,0,unknown,yes,2025-05-16 21:00:00
39,blue-collar,married,primary,no,451,yes,no,unknown,20,may,383,1,-1,0,unknown,no,2025-05-16 22:00:00
48,technician,married,secondary,no,862,no,no,cellular,30,jul,160,2,-1,0,unknown,no,2025-05-16 23:00:00
42,blue-collar,married,primary,no,608,yes,no,cellular,8,may,67,2,-1,0,unknown,no,2025-05-17 00:00:00
36,admin.,single,secondary,no,-17,yes,no,unknown,5,jun,159,2,-1,0,unknown,no,2025-05-17 01:00:00
52,services,married,secondary,no,-888,no,no,cellular,16,jul,135,1,-1,0,unknown,no,2025-05-17 02:00:00
27,technician,single,tertiary,no,501,no,yes,telephone,30,jan,370,4,-1,0,unknown,no,2025-05-17 03:00:00
58,retired,married,tertiary,no,138,no,no,cellular,7,may,143,1,346,5,failure,no,2025-05-17 04:00:00
32,self-employed,single,tertiary,no,444,no,no,cellular,19,nov,101,1,-1,0,unknown,no,2025-05-17 05:00:00
31,management,married,tertiary,no,1331,no,no,cellular,30,apr,297,1,86,3,success,yes,2025-05-17 06:00:00
46,blue-collar,divorced,secondary,no,1480,yes,no,unknown,15,may,257,1,-1,0,unknown,no,2025-05-17 07:00:00
58,retired,married,tertiary,no,2084,yes,no,unknown,2,jun,75,5,-1,0,unknown,no,2025-05-17 08:00:00
31,admin.,married,secondary,no,11839,yes,yes,cellular,20,nov,533,2,-1,0,unknown,no,2025-05-17 09:00:00
45,services,single,secondary,no,1377,yes,no,unknown,28,may,171,5,-1,0,unknown,no,2025-05-17 10:00:00
23,technician,single,unknown,no,231,yes,no,cellular,7,may,560,3,367,1,other,no,2025-05-17 11:00:00
39,admin.,married,secondary,no,2019,yes,no,unknown,20,may,166,1,-1,0,unknown,no,2025-05-17 12:00:00
52,services,divorced,secondary,no,36,yes,yes,cellular,11,may,930,1,-1,0,unknown,yes,2025-05-17 13:00:00
41,management,married,tertiary,no,103,no,yes,cellular,6,aug,65,2,-1,0,unknown,no,2025-05-17 14:00:00
56,admin.,married,secondary,no,33,no,yes,cellular,19,nov,111,1,-1,0,unknown,no,2025-05-17 15:00:00
29,management,married,tertiary,no,-45,no,no,cellular,2,feb,180,1,-1,0,unknown,no,2025-05-17 16:00:00
27,blue-collar,married,secondary,no,61,yes,no,unknown,19,jun,1012,1,-1,0,unknown,yes,2025-05-17 17:00:00
41,technician,married,secondary,no,1602,yes,no,cellular,2,jun,142,1,-1,0,unknown,no,2025-05-17 18:00:00
32,self-employed,married,tertiary,no,428,no,yes,cellular,3,feb,142,2,-1,0,unknown,no,2025-05-17 19:00:00
36,technician,single,secondary,no,1614,yes,no,unknown,2,jun,164,1,-1,0,unknown,no,2025-05-17 20:00:00
46,admin.,divorced,secondary,no,1939,yes,no,unknown,29,may,119,1,-1,0,unknown,no,2025-05-17 21:00:00
48,technician,single,secondary,no,434,no,no,cellular,13,aug,183,1,-1,0,unknown,no,2025-05-17 22:00:00
38,management,married,tertiary,no,-299,yes,no,cellular,30,jul,86,3,-1,0,unknown,no,2025-05-17 23:00:00
