age,job,marital,education,default,balance,housing,loan,contact,day,month,duration,campaign,pdays,previous,poutcome,y,event_time
34,blue-collar,married,primary,no,363,yes,no,cellular,18,may,98,5,-1,0,unknown,no,2025-05-19 00:00:00
34,admin.,married,secondary,no,-314,yes,yes,cellular,20,apr,374,3,307,3,other,no,2025-05-19 01:00:00
30,technician,single,secondary,no,8,no,no,cellular,19,aug,28,17,-1,0,unknown,no,2025-05-19 02:00:00
31,management,single,tertiary,no,630,no,no,cellular,2,feb,70,2,-1,0,unknown,no,2025-05-19 03:00:00
45,blue-collar,married,secondary,no,863,yes,no,cellular,14,apr,565,2,-1,0,unknown,no,2025-05-19 04:00:00
42,services,married,secondary,no,1376,yes,no,cellular,2,jun,271,2,92,4,success,yes,2025-05-19 05:00:00
56,management,divorced,tertiary,no,10532,no,no,cellular,7,aug,324,1,-1,0,unknown,yes,2025-05-19 06:00:00
37,self-employed,single,tertiary,no,984,no,no,unknown,6,jun,334,1,-1,0,unknown,no,2025-05-19 07:00:00
57,retired,married,secondary,no,657,no,no,cellular,5,aug,454,1,-1,0,unknown,no,2025-05-19 08:00:00
33,admin.,married,tertiary,no,882,no,no,telephone,21,oct,39,1,151,3,failure,no,2025-05-19 09:00:00
30,technician,single,secondary,no,167,no,no,cellular,28,aug,35,14,-1,0,unknown,no,2025-05-19 10:00:00
49,unemployed,divorced,secondary,no,66,no,no,cellular,9,jul,218,3,-1,0,unknown,no,2025-05-19 11:00:00
31,services,married,tertiary,yes,-90,no,yes,unknown,1,jul,173,1,-1,0,unknown,no,2025-05-19 12:00:00
59,retired,married,primary,no,-119,yes,no,unknown,6,may,289,1,-1,0,unknown,no,2025-05-19 13:00:00
54,blue-collar,married,secondary,no,898,no,no,telephone,30,jul,641,2,-1,0,unknown,no,2025-05-19 14:00:00
53,technician,married,secondary,no,1319,no,no,unknown,19,jun,1318,3,-1,0,unknown,yes,2025-05-19 15:00:00
45,retired,married,primary,no,0,no,no,unknown,3,jun,290,1,-1,0,unknown,no,2025-05-19 16:00:00
56,technician,divorced,secondary,no,1561,no,no,cellular,13,aug,75,1,-1,0,unknown,no,2025-05-19 17:00:00
53,management,married,tertiary,no,3443,yes,no,unknown,28,may,48,2,-1,0,unknown,no,2025-05-19 18:00:00
42,management,single,tertiary,no,336,yes,no,cellular,2,feb,142,6,195,3,failure,no,2025-05-19 19:00:00
37,management,single,tertiary,no,0,no,no,cellular,26,aug,99,6,-1,0,unknown,no,2025-05-19 20:00:00
30,blue-collar,married,secondary,no,-135,yes,no,cellular,18,may,57,1,-1,0,unknown,no,2025-05-19 21:00:00
52,blue-collar,married,secondary,no,8180,yes,no,cellular,13,apr,81,1,144,1,failure,no,2025-05-19 22:00:00
55,entrepreneur,married,tertiary,no,323,yes,yes,cellular,13,may,200,1,-1,0,unknown,no,2025-05-19 23:00:00
46,management,married,tertiary,no,1600,yes,yes,cellular,11,aug,1244,1,-1,0,unknown,yes,2025-05-20 00:00:00
37,services,single,secondary,no,244,no,no,unknown,5,jun,70,1,-1,0,unknown,no,2025-05-20 01:00:00
37,blue-collar,married,secondary,no,194,yes,no,unknown,12,may,566,7,-1,0,unknown,no,2025-05-20 02:00:00
46,management,married,tertiary,no,1808,no,no,cellular,8,aug,172,2,-1,0,unknown,no,2025-05-20 03:00:00
44,admin.,single,tertiary,no,10,no,no,unknown,1,jul,158,2,-1,0,unknown,no,2025-05-20 04:00:00
40,technician,married,secondary,no,694,yes,no,cellular,10,aug,107,4,68,11,success,no,2025-05-20 05:00:00
36,management,single,tertiary,no,2745,yes,no,cellular,8,aug,306,3,-1,0,unknown,no,2025-05-20 06:00:00
47,blue-collar,married,secondary,no,303,no,no,unknown,11,jun,261,1,-1,0,unknown,no,2025-05-20 07:00:00
41,technician,single,secondary,no,28,no,no,unknown,16,may,51,1,-1,0,unknown,no,2025-05-20 08:00:00
42,self-employed,divorced,tertiary,no,360,yes,no,unknown,24,jun,110,5,-1,0,unknown,no,2025-05-20 09:00:00
37,technician,married,secondary,yes,0,no,yes,cellular,24,jul,101,1,-1,0,unknown,no,2025-05-20 10:00:00
52,blue-collar,single,secondary,no,1541,yes,no,unknown,14,may,243,1,-1,0,unknown,no,2025-05-20 11:00:00
39,management,divorced,tertiary,no,295,no,no,cellular,28,aug,68,2,-1,0,unknown,no,2025-05-20 12:00:00
32,blue-collar,married,secondary,no,22,yes,no,cellular,14,may,145,1,-1,0,unknown,no,2025-05-20 13:00:00
35,management,married,tertiary,no,697,no,no,cellular,5,jun,57,2,304,1,failure,no,2025-05-20 14:00:00
50,admin.,divorced,tertiary,no,66,yes,no,cellular,17,nov,77,2,-1,0,unknown,no,2025-05-20 15:00:00
45,unemployed,divorced,secondary,no,3354,yes,no,unknown,29,may,746,1,-1,0,unknown,yes,2025-05-20 16:00:00
39,technician,divorced,secondary,no,8,no,no,cellular,29,aug,1028,2,-1,0,unknown,no,2025-05-20 17:00:00
32,management,married,tertiary,no,210,no,no,cellular,14,jul,121,3,-1,0,unknown,no,2025-05-20 18:00:00
19,student,single,secondary,no,526,no,no,cellular,1,jul,174,1,199,3,failure,no,2025-05-20 19:00:00
35,technician,single,secondary,no,450,yes,no,cellular,13,may,63,1,-1,0,unknown,no,2025-05-20 20:00:00
54,management,married,unknown,no,527,yes,no,cellular,30,apr,112,1,281,3,failure,no,2025-05-20 21:00:00
39,management,married,primary,no,551,no,yes,cellular,7,jul,107,5,-1,0,unknown,no,2025-05-20 22:00:00
31,technician,single,secondary,no,279,no,no,cellular,12,aug,213,2,-1,0,unknown,no,2025-05-20 23:00:00
40,management,married,tertiary,no,0,no,no,cellular,18,aug,261,7,-1,0,unknown,no,2025-05-21 00:00:00
31,management,single,tertiary,no,-26,yes,yes,unknown,23,may,448,1,-1,0,unknown,no,2025-05-21 01:00:00
31,services,married,secondary,no,1273,yes,no,unknown,23,may,442,1,-1,0,unknown,no,2025-05-21 02:00:00
43,blue-collar,divorced,secondary,no,-259,no,no,cellular,17,nov,732,1,171,2,other,no,2025-05-21 03:00:00
24,admin.,single,tertiary,no,1141,yes,no,unknown,23,may,230,1,-1,0,unknown,no,2025-05-21 04:00:00
45,technician,divorced,secondary,no,1309,yes,no,cellular,19,nov,298,1,170,2,failure,no,2025-05-21 05:00:00
26,blue-collar,single,secondary,no,0,yes,no,cellular,18,may,82,4,-1,0,unknown,no,2025-05-21 06:00:00
32,management,single,tertiary,no,5276,no,no,cellular,21,nov,299,1,-1,0,unknown,no,2025-05-21 07:00:00
35,blue-collar,married,secondary,no,913,yes,no,cellular,17,apr,738,2,-1,0,unknown,no,2025-05-21 08:00:00
37,services,married,secondary,no,4017,no,no,cellular,30,apr,665,2,196,1,success,yes,2025-05-21 09:00:00
42,retired,married,primary,no,0,yes,no,unknown,8,may,186,2,-1,0,unknown,no,2025-05-21 10:00:00
42,management,divorced,tertiary,no,16,no,no,cellular,19,nov,140,3,-1,0,unknown,no,2025-05-21 11:00:00
45,management,married,tertiary,no,0,yes,yes,unknown,13,may,147,1,-1,0,unknown,no,2025-05-21 12:00:00
45,management,married,secondary,no,1134,no,yes,cellular,9,feb,102,4,-1,0,unknown,no,2025-05-21 13:00:00
59,services,married,primary,no,124,no,no,unknown,17,jun,41,2,-1,0,unknown,no,2025-05-21 14:00:00
39,technician,divorced,secondary,no,511,no,yes,cellular,23,jul,148,1,-1,0,unknown,no,2025-05-21 15:00:00
52,technician,married,unknown,no,2709,yes,no,telephone,9,feb,48,7,-1,0,unknown,no,2025-05-21 16:00:00
33,admin.,single,primary,no,-258,yes,no,unknown,28,may,193,2,-1,0,unknown,no,2025-05-21 17:00:00
53,admin.,married,secondary,no,-1601,no,yes,cellular,13,may,82,2,-1,0,unknown,no,2025-05-21 18:00:00
52,retired,married,secondary,no,411,yes,no,cellular,3,feb,180,3,200,10,other,no,2025-05-21 19:00:00
52,blue-collar,divorced,primary,no,-191,yes,no,unknown,15,may,755,1,-1,0,unknown,yes,2025-05-21 20:00:00
45,technician,married,secondary,no,1686,no,no,cellular,28,jan,355,1,-1,0,unknown,no,2025-05-21 21:00:00
30,blue-collar,married,primary,no,392,yes,no,unknown,19,may,351,1,-1,0,unknown,no,2025-05-21 22:00:00
43,blue-collar,divorced,secondary,no,688,yes,no,cellular,14,may,149,3,-1,0,unknown,no,2025-05-21 23:00:00
40,technician,married,secondary,no,56,no,no,cellular,29,aug,77,2,-1,0,unknown,no,2025-05-22 00:00:00
28,services,single,secondary,no,2954,yes,no,unknown,28,may,149,2,-1,0,unknown,no,2025-05-22 01:00:00
25,technician,married,unknown,no,776,yes,no,unknown,27,may,290,1,-1,0,unknown,no,2025-05-22 02:00:00
37,unemployed,single,secondary,no,443,no,no,cellular,29,jan,1600,1,-1,0,unknown,yes,2025-05-22 03:00:00
24,student,single,secondary,no,82,yes,no,unknown,5,may,204,2,-1,0,unknown,no,2025-05-22 04:00:00
30,admin.,divorced,secondary,no,377,yes,no,unknown,4,jun,524,15,-1,0,unknown,yes,2025-05-22 05:00:00
45,technician,married,secondary,no,2020,yes,no,cellular,17,nov,62,1,131,1,failure,no,2025-05-22 06:00:00
29,management,divorced,tertiary,no,415,yes,yes,unknown,28,may,449,4,-1,0,unknown,no,2025-05-22 07:00:00
26,admin.,married,secondary,no,8,yes,yes,cellular,24,jul,46,1,-1,0,unknown,no,2025-05-22 08:00:00
54,management,married,secondary,no,1150,no,no,cellular,3,apr,660,1,-1,0,unknown,no,2025-05-22 09:00:00
27,admin.,single,secondary,no,456,no,no,cellular,13,may,104,1,-1,0,unknown,no,2025-05-22 10:00:00
27,technician,single,tertiary,no,1976,no,no,cellular,18,mar,394,2,101,1,other,no,2025-05-22 11:00:00
42,management,married,primary,no,0,no,no,unknown,9,jun,108,1,-1,0,unknown,no,2025-05-22 12:00:00
32,technician,single,tertiary,no,390,yes,no,unknown,23,may,85,1,-1,0,unknown,no,2025-05-22 13:00:00
53,management,married,tertiary,no,8563,yes,no,cellular,18,nov,69,1,-1,0,unknown,no,2025-05-22 14:00:00
56,technician,married,primary,no,314,yes,yes,unknown,5,jun,75,1,-1,0,unknown,no,2025-05-22 15:00:00
54,admin.,married,secondary,no,191,yes,yes,telephone,17,nov,44,1,-1,0,unknown,no,2025-05-22 16:00:00
43,admin.,married,secondary,no,1625,yes,yes,cellular,21,jul,56,1,-1,0,unknown,no,2025-05-22 17:00:00
25,blue-collar,single,secondary,no,1857,yes,no,cellular,13,jul,195,2,91,10,success,yes,2025-05-22 18:00:00
33,technician,single,tertiary,no,196,yes,no,cellular,12,may,183,5,-1,0,unknown,no,2025-05-22 19:00:00
34,blue-collar,married,secondary,no,406,no,yes,cellular,11,jul,113,2,-1,0,unknown,no,2025-05-22 20:00:00
43,blue-collar,married,primary,no,720,no,no,unknown,25,jun,168,8,-1,0,unknown,no,2025-05-22 21:00:00
45,blue-collar,married,primary,no,-485,yes,no,cellular,7,aug,122,2,-1,0,unknown,no,2025-05-22 22:00:00
41,technician,single,secondary,no,618,no,no,cellular,5,feb,1056,1,-1,0,unknown,no,2025-05-22 23:00:00
50,blue-collar,married,primary,no,40,yes,no,unknown,8,may,152,1,-1,0,unknown,no,2025-05-23 00:00:00
37,services,married,secondary,no,1543,yes,no,cellular,22,may,298,1,10,6,failure,yes,2025-05-23 01:00:00
45,management,married,tertiary,no,766,yes,no,telephone,25,jul,59,15,-1,0,unknown,no,2025-05-23 02:00:00
32,technician,married,secondary,no,3184,yes,no,cellular,11,aug,135,2,-1,0,unknown,no,2025-05-23 03:00:00
33,blue-collar,divorced,secondary,no,0,no,no,cellular,25,jul,374,2,-1,0,unknown,no,2025-05-23 04:00:00
31,entrepreneur,married,tertiary,no,1216,no,no,cellular,8,aug,150,4,-1,0,unknown,no,2025-05-23 05:00:00
46,admin.,married,secondary,no,-143,yes,no,unknown,23,may,1034,9,-1,0,unknown,no,2025-05-23 06:00:00
38,blue-collar,single,secondary,no,397,yes,no,cellular,17,apr,282,1,-1,0,unknown,no,2025-05-23 07:00:00
29,admin.,married,secondary,no,69,yes,no,cellular,13,may,77,4,-1,0,unknown,no,2025-05-23 08:00:00
38,entrepreneur,married,tertiary,no,898,yes,no,unknown,6,may,132,2,-1,0,unknown,no,2025-05-23 09:00:00
32,management,single,tertiary,no,1218,yes,no,telephone,28,jan,70,2,-1,0,unknown,no,2025-05-23 10:00:00
31,technician,single,tertiary,no,438,yes,no,cellular,20,nov,165,1,100,2,failure,no,2025-05-23 11:00:00
58,retired,married,primary,no,10628,no,no,cellular,30,jul,189,4,-1,0,unknown,no,2025-05-23 12:00:00
35,technician,married,tertiary,no,489,no,no,cellular,5,aug,592,2,-1,0,unknown,no,2025-05-23 13:00:00
33,technician,single,tertiary,no,109,yes,yes,telephone,15,may,12,4,176,3,other,no,2025-05-23 14:00:00
38,admin.,married,secondary,no,271,no,no,cellular,7,apr,60,3,-1,0,unknown,no,2025-05-23 15:00:00
45,blue-collar,married,primary,no,816,yes,no,unknown,2,jun,80,3,-1,0,unknown,no,2025-05-23 16:00:00
35,blue-collar,married,secondary,no,975,yes,no,cellular,16,jul,102,1,-1,0,unknown,no,2025-05-23 17:00:00
57,retired,married,secondary,no,191,no,no,cellular,14,aug,127,4,-1,0,unknown,no,2025-05-23 18:00:00
46,blue-collar,single,secondary,no,338,yes,no,cellular,20,apr,178,4,-1,0,unknown,no,2025-05-23 19:00:00
43,self-employed,married,tertiary,no,10072,no,no,cellular,24,feb,145,1,100,4,failure,no,2025-05-23 20:00:00
38,entrepreneur,married,tertiary,no,1110,yes,no,cellular,20,nov,888,2,183,2,failure,yes,2025-05-23 21:00:00
55,entrepreneur,married,tertiary,no,82,no,no,cellular,3,jun,97,1,-1,0,unknown,no,2025-05-23 22:00:00
34,management,married,tertiary,no,8000,no,no,cellular,12,feb,291,1,260,2,failure,yes,2025-05-23 23:00:00
53,technician,divorced,primary,no,-834,yes,yes,cellular,8,jul,130,1,-1,0,unknown,no,2025-05-24 00:00:00
60,retired,married,secondary,no,1390,no,yes,unknown,13,may,58,2,-1,0,unknown,no,2025-05-24 01:00:00
45,management,married,tertiary,yes,-577,yes,yes,cellular,24,jul,204,1,-1,0,unknown,no,2025-05-24 02:00:00
70,management,married,tertiary,no,1295,no,no,cellular,26,mar,698,1,-1,0,unknown,no,2025-05-24 03:00:00
39,blue-collar,married,secondary,no,130,yes,no,unknown,13,may,141,6,-1,0,unknown,no,2025-05-24 04:00:00
60,blue-collar,married,primary,no,2221,no,no,cellular,6,aug,2191,2,-1,0,unknown,no,2025-05-24 05:00:00
34,unemployed,married,secondary,no,200,yes,no,unknown,26,may,155,6,-1,0,unknown,no,2025-05-24 06:00:00
32,management,single,tertiary,no,643,no,no,cellular,22,oct,287,1,-1,0,unknown,no,2025-05-24 07:00:00
59,blue-collar,divorced,secondary,no,1774,no,yes,cellular,5,feb,14,9,-1,0,unknown,no,2025-05-24 08:00:00
34,admin.,single,primary,no,0,yes,yes,cellular,6,may,172,4,-1,0,unknown,no,2025-05-24 09:00:00
40,blue-collar,married,secondary,no,563,yes,no,unknown,7,may,615,1,-1,0,unknown,no,2025-05-24 10:00:00
47,blue-collar,married,primary,no,430,no,no,unknown,8,may,89,8,-1,0,unknown,no,2025-05-24 11:00:00
24,student,single,secondary,no,8165,no,no,cellular,15,sep,216,1,-1,0,unknown,yes,2025-05-24 12:00:00
45,admin.,married,secondary,no,434,no,yes,cellular,24,jul,180,19,-1,0,unknown,no,2025-05-24 13:00:00
32,admin.,single,secondary,no,708,no,no,unknown,9,may,109,1,-1,0,unknown,no,2025-05-24 14:00:00
52,housemaid,married,tertiary,no,51,no,no,unknown,3,jul,88,1,-1,0,unknown,no,2025-05-24 15:00:00
26,blue-collar,single,primary,no,3342,yes,no,unknown,4,jun,329,4,-1,0,unknown,no,2025-05-24 16:00:00
51,management,single,tertiary,no,0,yes,no,telephone,29,jan,121,1,244,2,failure,no,2025-05-24 17:00:00
45,management,divorced,tertiary,no,2237,yes,no,cellular,8,may,128,3,322,2,failure,no,2025-05-24 18:00:00
44,blue-collar,married,tertiary,no,1371,no,no,cellular,13,may,788,3,363,4,other,no,2025-05-24 19:00:00
55,blue-collar,married,secondary,no,840,yes,no,unknown,6,may,310,2,-1,0,unknown,no,2025-05-24 20:00:00
40,management,single,tertiary,no,0,yes,no,cellular,23,feb,228,2,182,6,failure,yes,2025-05-24 21:00:00
26,entrepreneur,married,tertiary,no,38,yes,no,cellular,12,may,119,1,294,5,failure,no,2025-05-24 22:00:00
36,self-employed,married,secondary,no,1184,yes,no,cellular,6,apr,1063,1,-1,0,unknown,yes,2025-05-24 23:00:00
34,management,married,tertiary,no,468,no,no,cellular,21,aug,104,2,-1,0,unknown,no,2025-05-25 00:00:00
39,technician,divorced,secondary,no,411,yes,no,cellular,7,may,17,2,-1,0,unknown,no,2025-05-25 01:00:00
39,unemployed,married,secondary,no,0,yes,no,unknown,3,jun,73,1,-1,0,unknown,no,2025-05-25 02:00:00
35,management,married,tertiary,no,0,yes,no,cellular,21,jul,295,3,-1,0,unknown,no,2025-05-25 03:00:00
25,technician,single,tertiary,no,3630,no,no,telephone,9,jun,221,7,-1,0,unknown,yes,2025-05-25 04:00:00
44,technician,divorced,tertiary,no,245,yes,no,cellular,2,feb,347,2,-1,0,unknown,no,2025-05-25 05:00:00
33,management,single,tertiary,no,437,yes,no,cellular,20,apr,199,2,150,5,failure,no,2025-05-25 06:00:00
30,technician,single,secondary,no,0,no,no,cellular,27,aug,109,2,-1,0,unknown,no,2025-05-25 07:00:00
49,admin.,married,secondary,no,3620,no,no,cellular,4,may,346,2,-1,0,unknown,no,2025-05-25 08:00:00
29,self-employed,married,tertiary,no,246,no,no,cellular,23,apr,90,14,-1,0,unknown,no,2025-05-25 09:00:00
56,retired,divorced,secondary,no,1005,no,yes,cellular,30,jul,69,4,-1,0,unknown,no,2025-05-25 10:00:00
53,services,married,primary,no,574,yes,no,unknown,20,may,121,2,-1,0,unknown,no,2025-05-25 11:00:00
43,blue-collar,married,primary,no,249,yes,no,cellular,18,may,33,5,298,2,other,no,2025-05-25 12:00:00
40,entrepreneur,married,tertiary,no,121,yes,no,cellular,22,jul,80,1,-1,0,unknown,no,2025-05-25 13:00:00
50,entrepreneur,divorced,tertiary,no,223,no,no,cellular,7,jul,264,5,-1,0,unknown,no,2025-05-25 14:00:00
52,unemployed,married,secondary,no,9139,no,no,cellular,13,aug,684,2,-1,0,unknown,no,2025-05-25 15:00:00
58,retired,divorced,tertiary,no,264,yes,yes,cellular,8,jul,523,3,-1,0,unknown,no,2025-05-25 16:00:00
34,technician,divorced,secondary,no,592,yes,no,cellular,7,may,67,3,-1,0,unknown,no,2025-05-25 17:00:00
34,technician,married,tertiary,no,4,yes,no,telephone,24,jul,70,1,-1,0,unknown,no,2025-05-25 18:00:00
36,blue-collar,married,secondary,no,-251,yes,no,unknown,7,may,162,1,-1,0,unknown,no,2025-05-25 19:00:00
41,technician,married,unknown,no,-391,yes,yes,cellular,23,jul,137,1,-1,0,unknown,no,2025-05-25 20:00:00
35,management,divorced,tertiary,no,141,no,yes,cellular,20,nov,728,1,-1,0,unknown,yes,2025-05-25 21:00:00
32,technician,single,tertiary,no,785,yes,no,cellular,21,nov,53,2,-1,0,unknown,no,2025-05-25 22:00:00
27,management,single,tertiary,no,587,no,no,cellular,4,jun,101,3,-1,0,unknown,no,2025-05-25 23:00:00
59,retired,married,primary,no,3648,no,no,telephone,23,oct,257,2,126,3,success,yes,2025-05-26 00:00:00
52,management,married,secondary,no,-588,yes,no,cellular,22,jul,81,4,-1,0,unknown,no,2025-05-26 01:00:00
35,blue-collar,married,secondary,no,731,yes,no,cellular,20,apr,179,2,-1,0,unknown,no,2025-05-26 02:00:00
27,blue-collar,single,primary,no,553,yes,no,unknown,20,jun,157,3,-1,0,unknown,no,2025-05-26 03:00:00
37,management,married,tertiary,no,142,no,no,unknown,20,jun,553,2,-1,0,unknown,no,2025-05-26 04:00:00
47,technician,married,tertiary,no,0,no,no,cellular,17,nov,120,1,-1,0,unknown,no,2025-05-26 05:00:00
37,blue-collar,single,secondary,no,111,yes,no,unknown,9,may,217,2,-1,0,unknown,no,2025-05-26 06:00:00
30,services,single,secondary,no,334,no,no,cellular,29,jan,389,2,-1,0,unknown,no,2025-05-26 07:00:00
46,blue-collar,married,primary,no,248,no,yes,cellular,6,aug,196,2,-1,0,unknown,no,2025-05-26 08:00:00
44,blue-collar,married,primary,no,134,yes,no,cellular,7,may,378,1,-1,0,unknown,no,2025-05-26 09:00:00
33,admin.,single,secondary,no,549,yes,no,cellular,14,apr,44,2,-1,0,unknown,no,2025-05-26 10:00:00
34,admin.,single,secondary,no,673,yes,no,cellular,29,jan,89,1,260,2,failure,no,2025-05-26 11:00:00
41,blue-collar,married,primary,no,-52,yes,yes,cellular,20,nov,642,2,-1,0,unknown,no,2025-05-26 12:00:00
28,blue-collar,married,secondary,no,1325,yes,no,cellular,15,may,242,1,-1,0,unknown,no,2025-05-26 13:00:00
32,technician,single,secondary,no,4843,no,no,cellular,8,aug,63,4,-1,0,unknown,no,2025-05-26 14:00:00
33,technician,single,tertiary,no,27,no,no,cellular,19,aug,332,2,-1,0,unknown,no,2025-05-26 15:00:00
40,management,married,tertiary,no,832,yes,yes,unknown,29,may,126,1,-1,0,unknown,no,2025-05-26 16:00:00
33,blue-collar,married,secondary,no,2761,yes,no,cellular,18,may,325,1,-1,0,unknown,no,2025-05-26 17:00:00
51,blue-collar,divorced,primary,no,602,yes,no,cellular,11,may,347,1,284,2,failure,no,2025-05-26 18:00:00
48,management,single,tertiary,no,906,yes,no,telephone,29,jul,289,9,-1,0,unknown,no,2025-05-26 19:00:00
52,technician,married,secondary,no,234,no,no,cellular,17,nov,255,1,-1,0,unknown,yes,2025-05-26 20:00:00
41,services,married,secondary,no,1141,yes,no,cellular,29,jan,75,1,247,1,failure,no,2025-05-26 21:00:00
26,blue-collar,single,secondary,no,1,yes,no,cellular,22,jul,36,2,-1,0,unknown,no,2025-05-26 22:00:00
29,services,married,secondary,no,19,yes,no,cellular,29,jul,327,6,-1,0,unknown,no,2025-05-26 23:00:00
27,services,single,secondary,no,683,yes,no,unknown,9,may,44,3,-1,0,unknown,no,2025-05-27 00:00:00
47,admin.,married,secondary,no,6703,no,no,cellular,14,aug,252,3,-1,0,unknown,no,2025-05-27 01:00:00
35,management,single,tertiary,no,53,no,yes,cellular,12,aug,80,4,-1,0,unknown,no,2025-05-27 02:00:00
56,blue-collar,married,secondary,no,876,yes,no,telephone,18,may,93,2,-1,0,unknown,no,2025-05-27 03:00:00
31,blue-collar,single,secondary,no,75,yes,no,unknown,19,may,346,1,-1,0,unknown,no,2025-05-27 04:00:00
35,technician,married,secondary,no,1368,no,no,cellular,27,may,329,1,41,2,other,yes,2025-05-27 05:00:00
46,blue-collar,married,secondary,no,4707,yes,no,unknown,23,may,93,8,-1,0,unknown,no,2025-05-27 06:00:00
41,management,married,tertiary,no,2226,no,no,cellular,7,aug,182,2,99,1,failure,yes,2025-05-27 07:00:00
42,technician,married,secondary,no,0,no,yes,unknown,8,may,7,3,-1,0,unknown,no,2025-05-27 08:00:00
34,management,single,tertiary,no,2570,no,no,unknown,28,may,190,3,-1,0,unknown,no,2025-05-27 09:00:00
54,technician,divorced,secondary,no,765,yes,yes,cellular,15,jul,812,3,-1,0,unknown,no,2025-05-27 10:00:00
58,retired,married,primary,no,5506,no,no,telephone,29,jul,81,4,-1,0,unknown,no,2025-05-27 11:00:00
33,technician,single,secondary,no,671,no,no,cellular,8,aug,45,2,-1,0,unknown,no,2025-05-27 12:00:00
38,blue-collar,married,secondary,no,4771,yes,no,cellular,17,apr,217,1,-1,0,unknown,no,2025-05-27 13:00:00
38,management,married,tertiary,no,3436,no,no,cellular,21,nov,663,4,-1,0,unknown,yes,2025-05-27 14:00:00
46,management,married,tertiary,no,466,yes,no,cellular,31,jul,109,8,-1,0,unknown,no,2025-05-27 15:00:00
53,retired,divorced,secondary,no,797,no,no,unknown,20,jun,14,6,-1,0,unknown,no,2025-05-27 16:00:00
38,management,married,tertiary,no,49,no,no,unknown,30,may,108,3,-1,0,unknown,no,2025-05-27 17:00:00
41,unemployed,married,primary,no,2636,no,no,unknown,19,jun,318,1,-1,0,unknown,no,2025-05-27 18:00:00
26,blue-collar,single,secondary,no,-32,yes,yes,cellular,31,jul,14,6,-1,0,unknown,no,2025-05-27 19:00:00
40,technician,married,secondary,no,95,no,no,cellular,13,aug,156,4,-1,0,unknown,no,2025-05-27 20:00:00
42,blue-collar,single,secondary,no,583,no,no,cellular,28,jan,567,3,-1,0,unknown,no,2025-05-27 21:00:00
38,management,married,tertiary,no,238,no,no,cellular,4,aug,139,1,92,3,failure,yes,2025-05-27 22:00:00
36,management,married,tertiary,no,-296,yes,no,cellular,14,may,113,3,-1,0,unknown,no,2025-05-27 23:00:00
50,management,married,tertiary,yes,72,no,no,cellular,22,aug,171,13,-1,0,unknown,no,2025-05-28 00:00:00
32,blue-collar,married,unknown,no,1267,yes,no,cellular,18,may,66,2,-1,0,unknown,no,2025-05-28 01:00:00
51,blue-collar,single,primary,no,368,yes,no,unknown,9,may,205,1,-1,0,unknown,no,2025-05-28 02:00:00
27,technician,single,tertiary,no,1526,yes,no,unknown,6,jun,342,10,-1,0,unknown,no,2025-05-28 03:00:00
58,retired,married,tertiary,no,5087,no,no,cellular,20,nov,63,2,154,1,failure,no,2025-05-28 04:00:00
39,admin.,single,secondary,no,573,yes,no,unknown,7,may,329,1,-1,0,unknown,no,2025-05-28 05:00:00
59,self-employed,married,primary,no,0,yes,no,telephone,28,jul,97,2,-1,0,unknown,no,2025-05-28 06:00:00
38,admin.,married,secondary,no,47,yes,yes,cellular,31,jul,50,11,-1,0,unknown,no,2025-05-28 07:00:00
65,management,married,secondary,no,5251,no,no,telephone,14,apr,226,5,-1,0,unknown,no,2025-05-28 08:00:00
48,housemaid,married,primary,no,379,no,no,cellular,17,jul,402,2,-1,0,unknown,no,2025-05-28 09:00:00
40,technician,single,primary,no,340,yes,no,unknown,29,may,146,1,-1,0,unknown,no,2025-05-28 10:00:00
51,retired,married,secondary,no,3003,yes,no,cellular,7,jul,149,3,-1,0,unknown,no,2025-05-28 11:00:00
29,technician,married,secondary,no,7836,yes,no,unknown,19,jun,155,1,-1,0,unknown,no,2025-05-28 12:00:00
48,entrepreneur,married,unknown,no,3233,no,no,unknown,9,jun,66,6,-1,0,unknown,no,2025-05-28 13:00:00
39,blue-collar,married,secondary,no,660,yes,yes,cellular,20,nov,180,1,185,2,failure,no,2025-05-28 14:00:00
45,management,married,tertiary,no,5450,no,no,cellular,8,aug,188,2,-1,0,unknown,no,2025-05-28 15:00:00
21,technician,single,secondary,no,519,no,no,unknown,4,oct,5,1,-1,0,unknown,no,2025-05-28 16:00:00
35,admin.,divorced,secondary,no,1085,no,no,cellular,4,feb,195,6,97,12,other,yes,2025-05-28 17:00:00
36,management,divorced,tertiary,yes,-1,yes,yes,unknown,23,may,268,1,-1,0,unknown,no,2025-05-28 18:00:00
54,retired,married,secondary,no,529,yes,no,unknown,5,may,1492,1,-1,0,unknown,no,2025-05-28 19:00:00
54,unemployed,single,tertiary,no,252,yes,no,cellular,21,jul,101,1,-1,0,unknown,no,2025-05-28 20:00:00
47,admin.,married,secondary,no,829,yes,yes,cellular,18,nov,48,1,188,1,failure,no,2025-05-28 21:00:00
34,blue-collar,married,primary,no,602,yes,no,cellular,16,jul,680,1,-1,0,unknown,no,2025-05-28 22:00:00
42,blue-collar,single,primary,no,-68,yes,yes,unknown,26,may,167,1,-1,0,unknown,no,2025-05-28 23:00:00
27,technician,single,secondary,no,8,yes,no,unknown,20,may,777,3,-1,0,unknown,no,2025-05-29 00:00:00
37,admin.,single,secondary,no,3049,yes,yes,unknown,29,may,153,1,-1,0,unknown,no,2025-05-29 01:00:00
24,blue-collar,single,secondary,no,1421,yes,no,cellular,18,may,209,2,-1,0,unknown,no,2025-05-29 02:00:00
34,technician,single,tertiary,no,332,no,no,cellular,18,aug,75,7,-1,0,unknown,no,2025-05-29 03:00:00
60,retired,married,secondary,no,4820,no,no,unknown,5,jun,419,1,-1,0,unknown,no,2025-05-29 04:00:00
37,management,married,tertiary,no,-9,no,no,cellular,29,aug,168,2,-1,0,unknown,no,2025-05-29 05:00:00
35,technician,single,tertiary,no,2650,no,no,cellular,25,aug,133,8,-1,0,unknown,no,2025-05-29 06:00:00
33,admin.,married,secondary,no,6,yes,no,cellular,20,apr,386,1,349,3,other,no,2025-05-29 07:00:00
57,admin.,married,secondary,no,808,no,no,cellular,14,jul,417,3,-1,0,unknown,no,2025-05-29 08:00:00
31,blue-collar,single,secondary,no,2089,yes,no,unknown,20,may,34,1,-1,0,unknown,no,2025-05-29 09:00:00
28,blue-collar,single,primary,no,643,yes,no,unknown,15,may,297,1,-1,0,unknown,no,2025-05-29 10:00:00
34,entrepreneur,married,primary,no,0,yes,no,cellular,11,may,547,1,-1,0,unknown,no,2025-05-29 11:00:00
35,blue-collar,married,secondary,no,-461,no,no,unknown,23,may,339,1,-1,0,unknown,no,2025-05-29 12:00:00
53,admin.,divorced,secondary,no,0,yes,no,cellular,5,may,246,1,344,1,failure,no,2025-05-29 13:00:00
54,services,married,tertiary,no,0,no,no,cellular,28,aug,282,2,-1,0,unknown,no,2025-05-29 14:00:00
34,management,married,tertiary,no,415,no,yes,cellular,23,jul,361,2,-1,0,unknown,no,2025-05-29 15:00:00
43,admin.,married,tertiary,no,1317,yes,no,cellular,4,feb,112,1,-1,0,unknown,no,2025-05-29 16:00:00
39,blue-collar,married,primary,no,3705,yes,no,unknown,16,jun,77,1,-1,0,unknown,no,2025-05-29 17:00:00
47,admin.,divorced,secondary,no,0,no,no,cellular,3,apr,335,1,-1,0,unknown,no,2025-05-29 18:00:00
32,management,divorced,tertiary,no,312,yes,yes,unknown,19,may,886,3,-1,0,unknown,no,2025-05-29 19:00:00
30,management,single,tertiary,no,1191,no,no,cellular,11,aug,381,4,-1,0,unknown,no,2025-05-29 20:00:00
31,management,single,tertiary,no,2983,yes,no,cellular,2,jul,153,1,-1,0,unknown,no,2025-05-29 21:00:00
29,blue-collar,single,secondary,no,309,yes,no,cellular,11,may,471,3,-1,0,unknown,no,2025-05-29 22:00:00
38,admin.,married,secondary,no,4196,yes,no,cellular,12,may,193,2,-1,0,unknown,no,2025-05-29 23:00:00
25,admin.,single,secondary,no,122,yes,no,cellular,7,may,481,2,-1,0,unknown,yes,2025-05-30 00:00:00
27,services,single,secondary,no,1636,yes,no,unknown,28,may,282,2,-1,0,unknown,no,2025-05-30 01:00:00
53,management,married,tertiary,no,761,no,yes,cellular,28,aug,85,6,-1,0,unknown,no,2025-05-30 02:00:00
28,admin.,single,secondary,no,230,no,no,cellular,25,jul,118,3,-1,0,unknown,no,2025-05-30 03:00:00
53,admin.,married,secondary,no,4493,no,no,cellular,8,may,286,2,168,3,failure,no,2025-05-30 04:00:00
39,management,married,secondary,no,794,yes,no,cellular,4,feb,71,1,243,3,failure,no,2025-05-30 05:00:00
35,unemployed,single,secondary,no,0,no,no,cellular,31,jul,299,3,-1,0,unknown,no,2025-05-30 06:00:00
30,services,single,unknown,no,347,yes,no,unknown,21,may,225,1,-1,0,unknown,no,2025-05-30 07:00:00
29,technician,single,tertiary,no,41,yes,yes,cellular,5,may,151,1,-1,0,unknown,no,2025-05-30 08:00:00
33,management,married,tertiary,no,3,yes,no,cellular,18,jul,163,7,-1,0,unknown,no,2025-05-30 09:00:00
38,entrepreneur,married,primary,no,-786,yes,no,cellular,7,may,126,1,-1,0,unknown,no,2025-05-30 10:00:00
30,management,single,tertiary,no,13774,no,no,cellular,14,sep,380,1,-1,0,unknown,no,2025-05-30 11:00:00
42,services,married,secondary,no,-246,yes,no,unknown,7,may,149,1,-1,0,unknown,no,2025-05-30 12:00:00
41,blue-collar,married,primary,no,389,yes,no,unknown,16,jun,127,2,-1,0,unknown,no,2025-05-30 13:00:00
49,technician,divorced,secondary,no,-53,yes,yes,unknown,26,jun,253,1,-1,0,unknown,no,2025-05-30 14:00:00
44,technician,divorced,secondary,no,414,yes,yes,unknown,6,jun,81,2,-1,0,unknown,no,2025-05-30 15:00:00
43,technician,single,tertiary,no,4243,yes,no,unknown,23,may,30,10,-1,0,unknown,no,2025-05-30 16:00:00
33,housemaid,married,primary,no,1713,yes,no,unknown,8,may,22,1,-1,0,unknown,no,2025-05-30 17:00:00
32,technician,single,secondary,no,230,yes,no,cellular,25,aug,256,8,-1,0,unknown,no,2025-05-30 18:00:00
52,management,married,tertiary,no,25,no,yes,cellular,15,jul,170,3,-1,0,unknown,no,2025-05-30 19:00:00
43,unemployed,married,secondary,no,553,no,no,telephone,4,feb,125,1,-1,0,unknown,no,2025-05-30 20:00:00
30,management,married,tertiary,no,10884,no,no,cellular,4,may,333,2,-1,0,unknown,yes,2025-05-30 21:00:00
49,blue-collar,married,secondary,no,1111,yes,yes,cellular,14,apr,104,3,-1,0,unknown,no,2025-05-30 22:00:00
42,blue-collar,married,secondary,no,1540,yes,yes,cellular,18,nov,158,1,-1,0,unknown,no,2025-05-30 23:00:00
30,self-employed,single,primary,no,163,no,no,cellular,9,feb,224,3,-1,0,unknown,no,2025-05-31 00:00:00
51,admin.,married,secondary,no,-287,yes,no,cellular,12,may,814,1,-1,0,unknown,no,2025-05-31 01:00:00
34,blue-collar,married,primary,no,654,no,no,cellular,25,jul,152,1,-1,0,unknown,no,2025-05-31 02:00:00
43,self-employed,married,secondary,no,634,yes,no,cellular,17,nov,65,1,131,1,failure,no,2025-05-31 03:00:00
27,management,single,tertiary,no,2648,no,no,cellular,5,feb,917,1,-1,0,unknown,yes,2025-05-31 04:00:00
18,student,single,unknown,no,108,no,no,cellular,10,aug,167,1,-1,0,unknown,yes,2025-05-31 05:00:00
34,management,married,tertiary,no,91,no,no,cellular,17,apr,144,1,281,1,failure,no,2025-05-31 06:00:00
32,services,married,secondary,no,914,no,no,cellular,15,jun,372,1,-1,0,unknown,yes,2025-05-31 07:00:00
32,self-employed,married,tertiary,no,102,no,no,cellular,22,aug,398,5,-1,0,unknown,no,2025-05-31 08:00:00
35,self-employed,married,tertiary,no,2427,no,no,cellular,12,aug,175,3,31,10,success,yes,2025-05-31 09:00:00
32,admin.,married,secondary,no,-169,no,no,telephone,14,jul,310,3,-1,0,unknown,no,2025-05-31 10:00:00
44,admin.,married,tertiary,no,348,yes,yes,cellular,16,feb,170,2,-1,0,unknown,yes,2025-05-31 11:00:00
29,blue-collar,married,primary,no,4281,yes,no,unknown,4,jun,235,2,-1,0,unknown,no,2025-05-31 12:00:00
29,blue-collar,married,secondary,no,-565,yes,no,unknown,18,jun,164,3,-1,0,unknown,no,2025-05-31 13:00:00
46,management,married,tertiary,no,810,yes,yes,cellular,15,may,33,2,176,1,other,no,2025-05-31 14:00:00
54,housemaid,divorced,secondary,no,1327,no,no,unknown,5,jun,115,2,-1,0,unknown,no,2025-05-31 15:00:00
37,technician,single,secondary,no,7867,yes,no,unknown,21,may,36,2,-1,0,unknown,no,2025-05-31 16:00:00
57,management,married,tertiary,no,10583,no,no,cellular,25,mar,272,1,178,6,success,yes,2025-05-31 17:00:00
36,blue-collar,divorced,primary,no,3202,yes,no,unknown,21,may,290,2,-1,0,unknown,no,2025-05-31 18:00:00
55,management,divorced,tertiary,no,347,yes,no,cellular,2,feb,115,1,-1,0,unknown,no,2025-05-31 19:00:00
39,blue-collar,married,secondary,no,-405,yes,no,cellular,8,may,177,1,-1,0,unknown,no,2025-05-31 20:00:00
35,management,married,tertiary,no,0,yes,no,cellular,21,jul,199,3,-1,0,unknown,no,2025-05-31 21:00:00
39,management,married,secondary,no,1585,yes,no,cellular,30,jan,82,2,-1,0,unknown,no,2025-05-31 22:00:00
57,technician,married,primary,no,3376,yes,no,telephone,2,jun,421,2,-1,0,unknown,yes,2025-05-31 23:00:00
34,services,married,secondary,no,-451,yes,yes,cellular,23,jul,498,1,-1,0,unknown,no,2025-06-01 00:00:00
40,management,married,tertiary,no,143,no,no,cellular,13,aug,832,6,-1,0,unknown,no,2025-06-01 01:00:00
38,technician,single,secondary,no,382,yes,no,cellular,12,aug,180,2,-1,0,unknown,no,2025-06-01 02:00:00
38,student,single,unknown,no,444,no,no,cellular,8,mar,157,3,206,6,success,no,2025-06-01 03:00:00
35,technician,single,tertiary,no,275,yes,no,cellular,25,aug,63,5,-1,0,unknown,no,2025-06-01 04:00:00
51,blue-collar,divorced,primary,no,-28,no,yes,unknown,2,jul,220,2,-1,0,unknown,no,2025-06-01 05:00:00
41,technician,single,unknown,no,5372,yes,no,cellular,13,jan,248,3,-1,0,unknown,yes,2025-06-01 06:00:00
44,blue-collar,single,secondary,no,-215,yes,no,unknown,27,may,163,2,-1,0,unknown,no,2025-06-01 07:00:00
35,technician,married,secondary,no,0,no,no,cellular,14,jul,460,3,-1,0,unknown,no,2025-06-01 08:00:00
35,services,married,secondary,no,-315,yes,no,cellular,11,may,330,2,368,2,failure,no,2025-06-01 09:00:00
41,technician,married,tertiary,no,63,no,no,cellular,25,aug,36,3,-1,0,unknown,no,2025-06-01 10:00:00
27,technician,single,secondary,no,740,yes,no,cellular,5,may,294,1,-1,0,unknown,no,2025-06-01 11:00:00
28,services,single,secondary,no,0,no,no,cellular,2,feb,188,1,206,2,other,no,2025-06-01 12:00:00
50,housemaid,divorced,primary,no,34,yes,no,cellular,22,jul,160,2,-1,0,unknown,no,2025-06-01 13:00:00
26,admin.,single,primary,no,-122,yes,no,unknown,23,jun,670,3,-1,0,unknown,yes,2025-06-01 14:00:00
25,management,single,tertiary,no,1602,yes,no,cellular,26,may,154,1,-1,0,unknown,no,2025-06-01 15:00:00
26,technician,married,secondary,no,523,no,no,cellular,4,jun,221,1,126,1,failure,no,2025-06-01 16:00:00
59,blue-collar,married,secondary,no,0,no,no,unknown,6,jun,135,1,-1,0,unknown,no,2025-06-01 17:00:00
26,admin.,single,secondary,no,81,no,yes,cellular,10,jul,604,1,-1,0,unknown,no,2025-06-01 18:00:00
45,technician,married,tertiary,no,43,yes,no,unknown,6,jun,184,4,-1,0,unknown,no,2025-06-01 19:00:00
36,blue-collar,married,primary,no,-402,no,no,unknown,21,may,173,6,-1,0,unknown,no,2025-06-01 20:00:00
38,blue-collar,single,secondary,no,57,yes,no,unknown,9,may,21,1,-1,0,unknown,no,2025-06-01 21:00:00
36,admin.,divorced,secondary,no,307,yes,no,unknown,13,may,121,2,-1,0,unknown,no,2025-06-01 22:00:00
44,blue-collar,married,primary,no,-82,no,yes,unknown,17,jun,181,1,-1,0,unknown,no,2025-06-01 23:00:00
38,technician,married,secondary,no,6728,no,no,cellular,21,aug,252,4,-1,0,unknown,yes,2025-06-02 00:00:00
55,admin.,married,secondary,no,0,no,no,cellular,23,sep,180,2,238,3,success,no,2025-06-02 01:00:00
42,services,divorced,secondary,no,372,yes,yes,unknown,6,may,121,2,-1,0,unknown,no,2025-06-02 02:00:00
47,admin.,divorced,secondary,no,162,yes,no,unknown,9,may,203,4,-1,0,unknown,no,2025-06-02 03:00:00
48,management,single,tertiary,no,4558,no,no,cellular,14,aug,145,2,-1,0,unknown,no,2025-06-02 04:00:00
35,self-employed,single,tertiary,no,935,yes,no,unknown,28,may,259,2,-1,0,unknown,no,2025-06-02 05:00:00
34,management,married,primary,no,2026,yes,no,unknown,17,jun,100,8,-1,0,unknown,no,2025-06-02 06:00:00
29,technician,single,secondary,no,120,no,no,cellular,2,feb,110,3,-1,0,unknown,no,2025-06-02 07:00:00
59,blue-collar,married,secondary,no,32,yes,no,cellular,18,may,201,5,-1,0,unknown,no,2025-06-02 08:00:00
56,technician,divorced,secondary,no,99,yes,no,unknown,6,may,155,2,-1,0,unknown,no,2025-06-02 09:00:00
29,technician,single,secondary,no,6911,no,no,unknown,14,may,323,5,-1,0,unknown,no,2025-06-02 10:00:00
31,technician,single,tertiary,no,3222,yes,no,cellular,28,jan,175,1,-1,0,unknown,no,2025-06-02 11:00:00
54,technician,divorced,secondary,no,258,no,no,cellular,3,feb,294,3,-1,0,unknown,no,2025-06-02 12:00:00
46,blue-collar,married,secondary,no,7,no,no,unknown,17,jun,110,2,-1,0,unknown,no,2025-06-02 13:00:00
56,admin.,married,secondary,no,3554,no,no,cellular,3,jun,151,1,-1,0,unknown,no,2025-06-02 14:00:00
32,services,married,secondary,no,4885,yes,yes,cellular,18,nov,400,2,-1,0,unknown,no,2025-06-02 15:00:00
61,admin.,divorced,secondary,no,4519,no,no,cellular,6,sep,145,1,391,11,other,no,2025-06-02 16:00:00
54,management,married,tertiary,no,-305,yes,no,unknown,26,may,280,3,-1,0,unknown,no,2025-06-02 17:00:00
46,blue-collar,married,secondary,no,398,yes,yes,cellular,6,aug,128,2,-1,0,unknown,no,2025-06-02 18:00:00
31,blue-collar,married,secondary,no,492,yes,no,cellular,6,feb,99,1,-1,0,unknown,no,2025-06-02 19:00:00
44,technician,single,secondary,no,3959,yes,no,cellular,21,nov,187,1,-1,0,unknown,no,2025-06-02 20:00:00
55,admin.,married,secondary,no,865,yes,no,cellular,17,apr,85,1,151,1,failure,no,2025-06-02 21:00:00
42,services,married,secondary,no,1165,yes,no,cellular,18,may,485,6,-1,0,unknown,no,2025-06-02 22:00:00
58,technician,single,secondary,no,409,no,yes,cellular,14,jul,643,2,-1,0,unknown,no,2025-06-02 23:00:00
36,admin.,single,secondary,no,2556,yes,no,cellular,13,apr,342,1,-1,0,unknown,no,2025-06-03 00:00:00
35,technician,married,secondary,no,257,yes,yes,cellular,20,apr,307,4,-1,0,unknown,no,2025-06-03 01:00:00
47,management,divorced,tertiary,no,84,yes,no,unknown,9,may,229,5,-1,0,unknown,no,2025-06-03 02:00:00
26,blue-collar,single,secondary,no,535,yes,yes,unknown,28,may,252,1,-1,0,unknown,no,2025-06-03 03:00:00
55,management,married,tertiary,no,10065,no,no,cellular,20,nov,197,5,177,3,failure,no,2025-06-03 04:00:00
48,blue-collar,single,primary,no,3688,yes,no,cellular,17,apr,422,1,-1,0,unknown,no,2025-06-03 05:00:00
33,management,single,tertiary,no,718,yes,no,cellular,29,jun,271,1,84,3,success,yes,2025-06-03 06:00:00
29,management,single,tertiary,no,2344,yes,no,cellular,9,mar,265,2,-1,0,unknown,no,2025-06-03 07:00:00
31,management,married,tertiary,no,3897,yes,no,cellular,8,aug,231,3,-1,0,unknown,no,2025-06-03 08:00:00
52,management,married,tertiary,no,732,no,no,telephone,4,feb,48,1,-1,0,unknown,no,2025-06-03 09:00:00
42,services,married,secondary,no,3465,yes,yes,cellular,16,jul,1039,2,-1,0,unknown,yes,2025-06-03 10:00:00
55,blue-collar,married,primary,no,0,no,no,cellular,5,aug,334,2,-1,0,unknown,no,2025-06-03 11:00:00
36,blue-collar,married,secondary,no,80,yes,yes,cellular,5,may,234,1,165,4,failure,no,2025-06-03 12:00:00
33,admin.,divorced,secondary,no,818,yes,yes,cellular,16,apr,301,3,-1,0,unknown,no,2025-06-03 13:00:00
39,self-employed,married,secondary,no,4722,yes,no,unknown,17,jun,483,1,-1,0,unknown,no,2025-06-03 14:00:00
30,blue-collar,single,primary,no,4009,yes,no,unknown,23,may,260,4,-1,0,unknown,no,2025-06-03 15:00:00
30,blue-collar,married,secondary,no,187,yes,no,unknown,26,may,272,6,-1,0,unknown,no,2025-06-03 16:00:00
30,blue-collar,single,secondary,no,6900,no,no,cellular,21,nov,816,1,-1,0,unknown,no,2025-06-03 17:00:00
44,student,single,unknown,no,5078,no,no,unknown,20,jun,17,5,-1,0,unknown,no,2025-06-03 18:00:00
57,technician,divorced,secondary,no,910,yes,no,unknown,3,jun,183,2,-1,0,unknown,no,2025-06-03 19:00:00
43,blue-collar,married,primary,no,126,yes,no,unknown,8,may,170,2,-1,0,unknown,no,2025-06-03 20:00:00
37,blue-collar,divorced,secondary,no,752,yes,no,cellular,17,apr,153,3,-1,0,unknown,no,2025-06-03 21:00:00
50,management,married,tertiary,no,106,yes,no,unknown,15,may,388,2,-1,0,unknown,no,2025-06-03 22:00:00
30,student,single,tertiary,no,0,no,no,cellular,6,feb,10,5,-1,0,unknown,no,2025-06-03 23:00:00
52,admin.,divorced,secondary,no,-209,yes,yes,unknown,23,may,161,1,-1,0,unknown,no,2025-06-04 00:00:00
30,retired,single,secondary,no,48,no,no,cellular,18,may,142,2,300,1,other,no,2025-06-04 01:00:00
40,technician,divorced,secondary,no,16,yes,no,telephone,12,may,34,12,347,5,other,no,2025-06-04 02:00:00
46,services,married,secondary,no,216,yes,no,unknown,6,may,524,2,-1,0,unknown,no,2025-06-04 03:00:00
45,management,married,tertiary,no,103,yes,no,unknown,7,may,35,4,-1,0,unknown,no,2025-06-04 04:00:00
36,technician,single,secondary,no,-333,yes,yes,unknown,9,may,847,1,-1,0,unknown,no,2025-06-04 05:00:00
48,management,married,tertiary,no,998,yes,no,cellular,29,jan,121,3,-1,0,unknown,no,2025-06-04 06:00:00
39,blue-collar,married,primary,no,3419,yes,no,cellular,13,may,155,1,327,5,failure,no,2025-06-04 07:00:00
60,admin.,married,secondary,no,2058,no,no,unknown,20,jun,48,10,-1,0,unknown,no,2025-06-04 08:00:00
40,services,married,secondary,no,1938,no,no,unknown,29,may,37,1,-1,0,unknown,no,2025-06-04 09:00:00
46,entrepreneur,single,tertiary,no,580,yes,no,unknown,13,may,36,1,-1,0,unknown,no,2025-06-04 10:00:00
36,services,single,secondary,no,0,yes,no,cellular,15,may,1002,4,-1,0,unknown,yes,2025-06-04 11:00:00
57,retired,married,tertiary,no,34,no,yes,cellular,28,jan,139,1,-1,0,unknown,no,2025-06-04 12:00:00
60,self-employed,married,secondary,no,546,no,no,cellular,4,aug,428,2,-1,0,unknown,no,2025-06-04 13:00:00
51,blue-collar,married,secondary,no,707,yes,no,telephone,13,may,97,5,-1,0,unknown,no,2025-06-04 14:00:00
45,services,married,secondary,no,24,yes,no,cellular,15,jul,192,3,-1,0,unknown,no,2025-06-04 15:00:00
30,services,single,secondary,no,101,yes,no,cellular,19,nov,85,2,-1,0,unknown,no,2025-06-04 16:00:00
59,retired,married,primary,no,2074,no,no,cellular,21,dec,467,1,186,2,success,yes,2025-06-04 17:00:00
60,retired,married,secondary,no,523,no,no,cellular,13,aug,192,3,-1,0,unknown,yes,2025-06-04 18:00:00
41,blue-collar,divorced,secondary,no,-333,yes,no,cellular,30,jan,118,3,270,2,failure,no,2025-06-04 19:00:00
54,blue-collar,married,primary,no,950,yes,no,unknown,15,may,285,2,-1,0,unknown,no,2025-06-04 20:00:00
27,technician,single,secondary,no,629,yes,yes,unknown,18,jun,680,2,-1,0,unknown,no,2025-06-04 21:00:00
29,technician,single,secondary,no,316,yes,no,cellular,3,mar,156,1,-1,0,unknown,yes,2025-06-04 22:00:00
41,entrepreneur,divorced,tertiary,no,285,no,yes,cellular,21,nov,158,1,-1,0,unknown,no,2025-06-04 23:00:00
38,management,married,tertiary,no,3724,yes,no,cellular,27,aug,23,10,-1,0,unknown,no,2025-06-05 00:00:00
56,services,divorced,secondary,no,450,no,no,unknown,9,jun,47,1,-1,0,unknown,no,2025-06-05 01:00:00
62,blue-collar,married,primary,no,115,no,no,telephone,29,oct,157,4,183,3,failure,no,2025-06-05 02:00:00
52,admin.,married,secondary,no,1004,yes,no,unknown,9,jun,144,1,-1,0,unknown,no,2025-06-05 03:00:00
32,entrepreneur,divorced,primary,no,1,yes,yes,cellular,20,nov,476,3,-1,0,unknown,no,2025-06-05 04:00:00
39,admin.,married,secondary,no,563,yes,no,cellular,4,may,190,3,-1,0,unknown,no,2025-06-05 05:00:00
38,technician,married,tertiary,no,940,no,no,cellular,12,aug,191,7,-1,0,unknown,no,2025-06-05 06:00:00
31,technician,single,secondary,no,0,no,no,cellular,29,aug,35,14,-1,0,unknown,no,2025-06-05 07:00:00
32,technician,married,secondary,no,396,yes,no,cellular,14,jul,41,2,-1,0,unknown,no,2025-06-05 08:00:00
29,entrepreneur,single,tertiary,no,1028,no,no,cellular,3,feb,667,2,-1,0,unknown,no,2025-06-05 09:00:00
36,blue-collar,married,secondary,no,420,yes,no,cellular,22,jul,58,1,-1,0,unknown,no,2025-06-05 10:00:00
27,management,single,tertiary,no,1623,no,no,cellular,9,dec,161,1,190,1,success,no,2025-06-05 11:00:00
32,blue-collar,single,secondary,no,-219,yes,no,cellular,7,may,446,6,342,2,failure,no,2025-06-05 12:00:00
40,self-employed,married,tertiary,no,642,no,no,cellular,18,nov,147,3,-1,0,unknown,no,2025-06-05 13:00:00
26,technician,single,secondary,no,252,no,no,cellular,29,jan,706,2,-1,0,unknown,no,2025-06-05 14:00:00
47,technician,married,secondary,no,335,no,no,cellular,17,feb,226,1,-1,0,unknown,yes,2025-06-05 15:00:00
38,blue-collar,married,primary,no,2472,yes,no,unknown,3,jun,176,2,-1,0,unknown,no,2025-06-05 16:00:00
64,unknown,married,unknown,no,2799,no,no,telephone,9,sep,378,4,-1,0,unknown,no,2025-06-05 17:00:00
34,admin.,married,secondary,no,260,no,no,cellular,28,jan,50,1,-1,0,unknown,no,2025-06-05 18:00:00
32,management,single,tertiary,no,14,no,yes,cellular,21,jul,53,1,-1,0,unknown,no,2025-06-05 19:00:00
33,self-employed,divorced,tertiary,no,454,no,yes,cellular,18,nov,134,1,-1,0,unknown,no,2025-06-05 20:00:00
51,technician,married,secondary,no,47,no,no,cellular,18,aug,54,4,-1,0,unknown,no,2025-06-05 21:00:00
28,technician,married,tertiary,no,1198,no,yes,cellular,10,jul,57,3,-1,0,unknown,no,2025-06-05 22:00:00
40,blue-collar,married,primary,no,12,yes,no,unknown,5,jun,54,26,-1,0,unknown,no,2025-06-05 23:00:00
37,blue-collar,married,secondary,no,398,yes,no,unknown,19,may,206,1,-1,0,unknown,no,2025-06-06 00:00:00
59,housemaid,divorced,secondary,no,0,no,no,unknown,17,jun,98,1,-1,0,unknown,no,2025-06-06 01:00:00
53,admin.,married,secondary,no,264,yes,no,cellular,5,feb,159,1,-1,0,unknown,no,2025-06-06 02:00:00
34,admin.,divorced,secondary,no,67,yes,no,unknown,6,may,90,1,-1,0,unknown,no,2025-06-06 03:00:00
44,services,married,secondary,no,3536,no,no,cellular,31,jul,106,6,-1,0,unknown,no,2025-06-06 04:00:00
37,entrepreneur,married,tertiary,no,986,no,no,cellular,11,jul,970,2,-1,0,unknown,no,2025-06-06 05:00:00
73,retired,married,primary,no,154,no,no,cellular,15,oct,103,1,-1,0,unknown,no,2025-06-06 06:00:00
43,management,married,tertiary,no,177,no,no,unknown,20,jun,9,18,-1,0,unknown,no,2025-06-06 07:00:00
33,technician,single,tertiary,no,288,yes,yes,unknown,3,jul,343,2,-1,0,unknown,no,2025-06-06 08:00:00
31,unemployed,married,secondary,no,90,no,no,cellular,28,jul,121,2,-1,0,unknown,no,2025-06-06 09:00:00
40,management,married,secondary,no,-63,no,no,unknown,9,jun,248,4,-1,0,unknown,no,2025-06-06 10:00:00
36,self-employed,married,secondary,no,189,yes,no,cellular,22,jul,632,1,-1,0,unknown,no,2025-06-06 11:00:00
37,management,married,tertiary,no,1170,no,yes,unknown,17,jun,153,3,-1,0,unknown,no,2025-06-06 12:00:00
28,blue-collar,single,secondary,no,322,no,no,telephone,11,sep,240,2,95,3,other,yes,2025-06-06 13:00:00
36,management,married,secondary,no,1160,yes,no,cellular,15,apr,56,1,323,3,failure,no,2025-06-06 14:00:00
53,retired,married,secondary,no,1554,no,no,unknown,5,jun,138,1,-1,0,unknown,no,2025-06-06 15:00:00
42,unemployed,married,secondary,no,8131,yes,no,cellular,21,nov,173,4,175,1,failure,no,2025-06-06 16:00:00
57,management,divorced,unknown,no,854,no,no,cellular,6,oct,480,1,40,5,success,yes,2025-06-06 17:00:00
49,technician,married,secondary,no,673,yes,no,cellular,19,aug,501,2,-1,0,unknown,no,2025-06-06 18:00:00
37,technician,married,secondary,no,0,yes,no,cellular,16,apr,657,4,149,1,other,no,2025-06-06 19:00:00
51,self-employed,married,primary,no,106,yes,no,telephone,31,jul,240,2,-1,0,unknown,no,2025-06-06 20:00:00
34,management,married,tertiary,no,271,yes,no,cellular,15,feb,308,1,94,4,success,yes,2025-06-06 21:00:00
31,blue-collar,single,secondary,no,823,yes,yes,cellular,7,apr,208,1,-1,0,unknown,no,2025-06-06 22:00:00
56,management,married,tertiary,no,502,no,no,cellular,21,aug,321,2,-1,0,unknown,no,2025-06-06 23:00:00
45,technician,married,tertiary,no,377,yes,no,unknown,19,jun,835,3,-1,0,unknown,yes,2025-06-07 00:00:00
32,technician,single,tertiary,no,-109,yes,yes,cellular,17,apr,419,1,-1,0,unknown,no,2025-06-07 01:00:00
47,services,divorced,secondary,no,-116,no,yes,cellular,25,jul,160,3,-1,0,unknown,no,2025-06-07 02:00:00
32,student,single,tertiary,no,64,no,no,cellular,30,jun,598,4,105,5,failure,yes,2025-06-07 03:00:00
32,admin.,married,secondary,no,159,no,yes,unknown,26,jun,177,1,-1,0,unknown,no,2025-06-07 04:00:00
55,retired,married,primary,no,0,yes,no,cellular,6,aug,113,4,-1,0,unknown,no,2025-06-07 05:00:00
59,retired,married,primary,no,143,yes,no,unknown,19,jun,11,1,-1,0,unknown,no,2025-06-07 06:00:00
30,management,single,tertiary,no,349,no,no,cellular,12,aug,180,3,-1,0,unknown,no,2025-06-07 07:00:00
26,unemployed,married,primary,no,440,no,no,cellular,5,feb,143,1,-1,0,unknown,no,2025-06-07 08:00:00
57,management,married,secondary,no,7633,no,no,cellular,12,aug,301,1,-1,0,unknown,no,2025-06-07 09:00:00
32,services,married,secondary,no,11,no,no,cellular,20,aug,322,2,-1,0,unknown,no,2025-06-07 10:00:00
57,retired,married,secondary,no,49,yes,yes,cellular,25,aug,93,4,-1,0,unknown,no,2025-06-07 11:00:00
29,services,single,unknown,no,-70,yes,yes,cellular,12,may,146,1,356,1,failure,no,2025-06-07 12:00:00
47,services,married,secondary,no,49,yes,no,cellular,18,may,250,4,-1,0,unknown,no,2025-06-07 13:00:00
34,services,married,secondary,no,-62,yes,no,unknown,16,jun,109,3,-1,0,unknown,no,2025-06-07 14:00:00
40,retired,married,primary,no,0,yes,yes,unknown,5,may,181,1,-1,0,unknown,no,2025-06-07 15:00:00
28,technician,single,secondary,no,2034,yes,no,unknown,21,may,196,1,-1,0,unknown,no,2025-06-07 16:00:00
42,unemployed,married,secondary,no,-283,no,yes,cellular,8,jul,96,2,-1,0,unknown,no,2025-06-07 17:00:00
37,blue-collar,divorced,secondary,no,811,yes,yes,cellular,6,apr,185,3,-1,0,unknown,no,2025-06-07 18:00:00
43,entrepreneur,married,tertiary,no,0,yes,no,cellular,17,nov,105,1,-1,0,unknown,no,2025-06-07 19:00:00
25,services,single,secondary,no,-268,yes,no,unknown,21,may,264,1,-1,0,unknown,no,2025-06-07 20:00:00
34,technician,married,secondary,no,903,yes,no,cellular,14,aug,67,2,-1,0,unknown,no,2025-06-07 21:00:00
31,management,married,tertiary,no,432,yes,no,cellular,21,nov,197,1,-1,0,unknown,no,2025-06-07 22:00:00
39,technician,married,tertiary,no,0,no,no,cellular,28,aug,13,17,-1,0,unknown,no,2025-06-07 23:00:00
36,blue-collar,married,secondary,no,349,yes,no,cellular,20,apr,365,1,-1,0,unknown,no,2025-06-08 00:00:00
30,blue-collar,single,secondary,no,99,yes,no,unknown,2,jun,572,4,-1,0,unknown,no,2025-06-08 01:00:00
47,technician,married,secondary,no,93,no,yes,cellular,18,nov,194,1,-1,0,unknown,no,2025-06-08 02:00:00
44,management,married,tertiary,no,588,yes,no,unknown,5,jun,245,2,-1,0,unknown,no,2025-06-08 03:00:00
37,blue-collar,married,primary,no,213,no,yes,unknown,5,jun,323,1,-1,0,unknown,no,2025-06-08 04:00:00
45,services,married,secondary,yes,144,no,no,cellular,18,jul,95,8,-1,0,unknown,no,2025-06-08 05:00:00
43,management,single,tertiary,no,0,no,no,cellular,11,aug,155,2,-1,0,unknown,no,2025-06-08 06:00:00
36,admin.,married,secondary,no,3321,yes,no,telephone,6,nov,132,1,-1,0,unknown,no,2025-06-08 07:00:00
36,services,married,secondary,no,1053,yes,no,telephone,30,jan,99,1,259,1,failure,no,2025-06-08 08:00:00
51,admin.,single,secondary,no,1994,no,no,unknown,18,jun,771,2,-1,0,unknown,yes,2025-06-08 09:00:00
56,unemployed,divorced,tertiary,no,832,no,no,unknown,6,jun,36,2,-1,0,unknown,no,2025-06-08 10:00:00
27,management,single,tertiary,no,148,yes,no,cellular,31,jul,632,18,-1,0,unknown,no,2025-06-08 11:00:00
43,services,married,secondary,no,778,no,no,cellular,14,jul,619,2,-1,0,unknown,no,2025-06-08 12:00:00
54,management,married,tertiary,no,2437,no,no,telephone,27,aug,1176,8,-1,0,unknown,no,2025-06-08 13:00:00
46,blue-collar,married,secondary,no,853,no,no,cellular,11,jul,1187,3,-1,0,unknown,no,2025-06-08 14:00:00
31,student,single,tertiary,no,307,no,no,cellular,20,nov,597,2,-1,0,unknown,no,2025-06-08 15:00:00
39,technician,married,primary,no,169,yes,no,unknown,27,may,133,2,-1,0,unknown,no,2025-06-08 16:00:00
55,management,married,secondary,no,190,no,no,unknown,9,jun,271,2,-1,0,unknown,no,2025-06-08 17:00:00
39,unemployed,married,secondary,no,0,yes,no,unknown,20,may,191,1,-1,0,unknown,no,2025-06-08 18:00:00
55,technician,married,secondary,no,0,no,no,cellular,19,nov,336,1,-1,0,unknown,no,2025-06-08 19:00:00
53,technician,married,secondary,no,144,no,no,cellular,21,aug,282,4,-1,0,unknown,no,2025-06-08 20:00:00
38,technician,single,secondary,no,28,yes,yes,cellular,20,apr,131,3,-1,0,unknown,no,2025-06-08 21:00:00
34,blue-collar,married,secondary,no,516,yes,yes,unknown,2,jun,26,1,-1,0,unknown,no,2025-06-08 22:00:00
30,management,married,tertiary,no,102,yes,no,cellular,5,apr,470,7,426,3,other,yes,2025-06-08 23:00:00
46,services,married,secondary,no,53,no,yes,cellular,28,jul,31,3,-1,0,unknown,no,2025-06-09 00:00:00
35,technician,married,secondary,no,2019,yes,yes,cellular,18,nov,83,2,144,1,failure,no,2025-06-09 01:00:00
53,admin.,divorced,secondary,no,0,yes,yes,cellular,30,apr,586,2,-1,0,unknown,no,2025-06-09 02:00:00
51,technician,married,secondary,no,117,no,no,cellular,24,aug,467,2,88,4,other,yes,2025-06-09 03:00:00
40,technician,married,tertiary,yes,-2827,yes,yes,cellular,31,jul,843,1,-1,0,unknown,no,2025-06-09 04:00:00
30,technician,single,tertiary,no,2530,yes,no,unknown,9,may,70,1,-1,0,unknown,no,2025-06-09 05:00:00
44,services,married,secondary,no,3843,yes,no,cellular,17,nov,70,1,150,2,other,no,2025-06-09 06:00:00
72,retired,married,secondary,no,2850,no,no,cellular,16,oct,131,2,241,1,success,no,2025-06-09 07:00:00
36,admin.,single,secondary,no,506,yes,no,cellular,8,may,208,4,-1,0,unknown,no,2025-06-09 08:00:00
55,management,divorced,unknown,no,0,yes,no,cellular,11,may,29,3,-1,0,unknown,no,2025-06-09 09:00:00
49,technician,married,secondary,no,597,yes,yes,cellular,7,aug,154,2,-1,0,unknown,no,2025-06-09 10:00:00
35,services,married,secondary,no,1317,yes,no,unknown,21,may,69,4,-1,0,unknown,no,2025-06-09 11:00:00
37,management,single,tertiary,no,553,no,no,cellular,12,aug,63,2,-1,0,unknown,no,2025-06-09 12:00:00
46,blue-collar,married,secondary,no,15,yes,yes,cellular,19,nov,46,2,91,3,failure,no,2025-06-09 13:00:00
31,technician,married,secondary,no,450,no,yes,cellular,20,nov,111,2,129,4,failure,no,2025-06-09 14:00:00
28,blue-collar,married,secondary,no,509,yes,yes,unknown,4,jun,121,2,-1,0,unknown,no,2025-06-09 15:00:00
30,services,married,secondary,no,419,yes,no,unknown,28,may,390,1,-1,0,unknown,no,2025-06-09 16:00:00
35,management,married,secondary,no,533,no,no,cellular,6,aug,221,12,-1,0,unknown,no,2025-06-09 17:00:00
55,management,divorced,tertiary,no,0,no,no,cellular,18,nov,120,2,-1,0,unknown,no,2025-06-09 18:00:00
28,admin.,single,secondary,no,891,yes,no,unknown,27,may,377,1,-1,0,unknown,no,2025-06-09 19:00:00
29,technician,married,secondary,no,0,no,no,unknown,12,may,33,2,-1,0,unknown,no,2025-06-09 20:00:00
57,management,divorced,tertiary,no,6468,yes,no,cellular,31,mar,684,4,-1,0,unknown,no,2025-06-09 21:00:00
45,services,married,primary,no,7811,no,no,unknown,16,jun,143,2,-1,0,unknown,no,2025-06-09 22:00:00
45,blue-collar,married,secondary,no,66,yes,no,unknown,5,may,808,2,-1,0,unknown,no,2025-06-09 23:00:00
52,admin.,married,secondary,no,531,no,no,unknown,5,jun,222,1,-1,0,unknown,no,2025-06-10 00:00:00
49,services,married,secondary,no,-22,yes,no,unknown,8,may,70,1,-1,0,unknown,no,2025-06-10 01:00:00
30,admin.,married,secondary,no,0,no,no,cellular,15,jul,127,5,-1,0,unknown,no,2025-06-10 02:00:00
27,management,married,secondary,no,2,yes,no,cellular,22,jul,493,5,-1,0,unknown,no,2025-06-10 03:00:00
50,management,married,tertiary,no,290,no,yes,cellular,8,aug,50,2,-1,0,unknown,no,2025-06-10 04:00:00
52,technician,divorced,secondary,no,280,no,no,cellular,14,jul,393,5,-1,0,unknown,no,2025-06-10 05:00:00
30,blue-collar,married,secondary,no,363,yes,no,cellular,3,feb,165,1,-1,0,unknown,no,2025-06-10 06:00:00
30,management,single,tertiary,no,167,no,no,cellular,30,jan,320,2,-1,0,unknown,no,2025-06-10 07:00:00
26,management,married,primary,no,1349,yes,no,unknown,9,may,275,1,-1,0,unknown,no,2025-06-10 08:00:00
41,technician,married,secondary,no,501,yes,no,unknown,19,may,579,5,-1,0,unknown,yes,2025-06-10 09:00:00
57,housemaid,married,tertiary,no,3,no,no,cellular,4,aug,142,2,-1,0,unknown,no,2025-06-10 10:00:00
31,technician,single,secondary,no,36,no,no,cellular,20,aug,99,3,-1,0,unknown,no,2025-06-10 11:00:00
33,blue-collar,married,secondary,no,842,no,no,cellular,29,aug,111,4,-1,0,unknown,no,2025-06-10 12:00:00
32,blue-collar,married,secondary,no,-205,yes,no,unknown,7,may,388,1,-1,0,unknown,no,2025-06-10 13:00:00
50,blue-collar,married,primary,no,888,no,yes,telephone,10,jul,160,3,-1,0,unknown,no,2025-06-10 14:00:00
28,technician,single,secondary,no,576,yes,yes,unknown,26,may,158,4,-1,0,unknown,no,2025-06-10 15:00:00
29,services,single,secondary,no,0,yes,no,cellular,11,jul,314,2,-1,0,unknown,no,2025-06-10 16:00:00
44,blue-collar,divorced,secondary,no,-239,yes,no,unknown,27,may,111,3,-1,0,unknown,no,2025-06-10 17:00:00
31,services,divorced,secondary,no,139,no,no,cellular,2,feb,178,1,-1,0,unknown,no,2025-06-10 18:00:00
42,blue-collar,married,unknown,no,665,yes,no,cellular,16,apr,291,1,332,3,failure,no,2025-06-10 19:00:00
30,blue-collar,single,secondary,no,132,yes,no,unknown,16,may,329,1,-1,0,unknown,no,2025-06-10 20:00:00
43,management,married,tertiary,no,136,no,no,cellular,6,aug,120,2,-1,0,unknown,no,2025-06-10 21:00:00
42,admin.,divorced,secondary,no,527,no,yes,cellular,20,apr,112,1,-1,0,unknown,yes,2025-06-10 22:00:00
52,blue-collar,married,secondary,no,782,yes,no,unknown,5,may,93,3,-1,0,unknown,no,2025-06-10 23:00:00
31,technician,single,secondary,no,106,yes,no,cellular,8,may,94,1,-1,0,unknown,no,2025-06-11 00:00:00
51,retired,married,secondary,no,2127,yes,no,unknown,5,may,172,1,-1,0,unknown,no,2025-06-11 01:00:00
41,blue-collar,married,primary,no,201,yes,no,cellular,4,feb,69,1,1,1,success,no,2025-06-11 02:00:00
36,technician,married,secondary,no,154,yes,no,cellular,18,nov,231,1,96,2,other,no,2025-06-11 03:00:00
34,services,single,secondary,no,-30,no,no,cellular,21,jul,1360,3,-1,0,unknown,yes,2025-06-11 04:00:00
48,management,single,tertiary,no,430,yes,no,cellular,16,apr,44,1,-1,0,unknown,no,2025-06-11 05:00:00
35,self-employed,married,secondary,no,-3,no,no,unknown,9,jun,438,5,-1,0,unknown,no,2025-06-11 06:00:00
39,services,married,secondary,no,124,yes,no,cellular,31,jul,81,5,-1,0,unknown,no,2025-06-11 07:00:00
50,management,married,tertiary,no,5108,yes,no,cellular,5,apr,874,2,108,3,success,no,2025-06-11 08:00:00
48,unemployed,married,primary,no,484,no,no,cellular,18,nov,399,1,-1,0,unknown,no,2025-06-11 09:00:00
50,unknown,married,unknown,no,200,no,no,unknown,18,jun,18,6,-1,0,unknown,no,2025-06-11 10:00:00
34,self-employed,married,tertiary,no,263,no,no,cellular,4,may,203,1,78,8,other,no,2025-06-11 11:00:00
44,management,divorced,tertiary,no,2367,no,no,cellular,22,sep,263,1,184,6,success,yes,2025-06-11 12:00:00
53,management,married,tertiary,no,32464,no,no,cellular,19,nov,135,4,-1,0,unknown,no,2025-06-11 13:00:00
35,blue-collar,single,primary,no,-759,yes,no,cellular,31,jul,142,2,-1,0,unknown,no,2025-06-11 14:00:00
42,technician,married,tertiary,no,0,no,no,cellular,28,jan,942,2,-1,0,unknown,no,2025-06-11 15:00:00
40,management,married,tertiary,no,406,no,no,unknown,6,jun,262,1,-1,0,unknown,no,2025-06-11 16:00:00
67,retired,single,primary,no,491,no,no,telephone,6,feb,110,1,-1,0,unknown,no,2025-06-11 17:00:00
34,services,married,secondary,no,305,yes,no,cellular,20,apr,212,2,-1,0,unknown,no,2025-06-11 18:00:00
42,blue-collar,married,secondary,no,2152,yes,no,cellular,5,may,319,2,169,1,failure,no,2025-06-11 19:00:00
52,services,married,primary,no,-585,yes,yes,unknown,27,may,201,2,-1,0,unknown,no,2025-06-11 20:00:00
43,technician,divorced,secondary,no,-36,yes,no,cellular,5,aug,292,1,-1,0,unknown,no,2025-06-11 21:00:00
43,services,married,secondary,no,0,yes,no,unknown,27,may,129,1,-1,0,unknown,no,2025-06-11 22:00:00
36,entrepreneur,married,tertiary,no,6,no,no,telephone,30,oct,246,1,-1,0,unknown,no,2025-06-11 23:00:00
58,self-employed,married,unknown,no,1187,yes,no,cellular,6,may,228,2,-1,0,unknown,no,2025-06-12 00:00:00
32,management,single,tertiary,no,90,no,no,cellular,13,aug,116,2,-1,0,unknown,no,2025-06-12 01:00:00
35,admin.,divorced,secondary,no,0,yes,yes,cellular,17,nov,86,2,-1,0,unknown,no,2025-06-12 02:00:00
38,blue-collar,married,primary,no,689,yes,no,cellular,6,may,585,2,296,2,failure,no,2025-06-12 03:00:00
57,management,married,tertiary,no,1172,no,no,unknown,18,jun,26,1,-1,0,unknown,no,2025-06-12 04:00:00
49,services,married,secondary,no,702,no,yes,cellular,23,jul,194,1,-1,0,unknown,no,2025-06-12 05:00:00
26,student,single,secondary,no,620,no,no,cellular,26,aug,76,1,96,2,success,no,2025-06-12 06:00:00
34,admin.,divorced,secondary,no,0,yes,no,cellular,7,may,323,3,-1,0,unknown,no,2025-06-12 07:00:00
39,entrepreneur,married,primary,no,13930,yes,no,cellular,25,jul,337,2,-1,0,unknown,no,2025-06-12 08:00:00
48,management,married,tertiary,no,0,yes,no,cellular,4,may,85,1,61,5,failure,no,2025-06-12 09:00:00
37,technician,married,secondary,no,5115,yes,no,unknown,30,may,45,4,-1,0,unknown,no,2025-06-12 10:00:00
63,retired,married,primary,no,1084,no,no,cellular,14,oct,201,1,183,1,success,no,2025-06-12 11:00:00
57,technician,divorced,secondary,no,204,no,no,unknown,6,jun,97,5,-1,0,unknown,no,2025-06-12 12:00:00
47,housemaid,married,tertiary,no,2290,no,no,cellular,15,apr,54,1,-1,0,unknown,no,2025-06-12 13:00:00
51,self-employed,divorced,secondary,no,1291,yes,no,unknown,3,jun,51,2,-1,0,unknown,no,2025-06-12 14:00:00
46,management,married,tertiary,no,0,no,no,unknown,7,may,70,2,-1,0,unknown,no,2025-06-12 15:00:00
43,management,single,tertiary,no,-56,yes,no,cellular,18,nov,146,2,151,14,failure,no,2025-06-12 16:00:00
28,technician,single,tertiary,no,172,yes,yes,cellular,3,apr,100,14,60,2,failure,no,2025-06-12 17:00:00
44,blue-collar,married,primary,no,279,yes,no,cellular,17,apr,85,1,339,6,other,no,2025-06-12 18:00:00
57,management,married,tertiary,no,75,no,no,cellular,28,aug,260,5,-1,0,unknown,no,2025-06-12 19:00:00
32,blue-collar,single,secondary,no,6982,yes,no,cellular,20,nov,224,2,183,1,failure,no,2025-06-12 20:00:00
35,unemployed,married,primary,no,3,no,no,cellular,24,jul,90,1,-1,0,unknown,no,2025-06-12 21:00:00
45,blue-collar,married,primary,no,1558,yes,no,cellular,6,may,179,1,-1,0,unknown,no,2025-06-12 22:00:00
43,services,married,secondary,no,378,no,yes,cellular,12,aug,321,4,-1,0,unknown,no,2025-06-12 23:00:00
31,technician,married,secondary,no,1230,no,no,cellular,21,nov,7,4,-1,0,unknown,no,2025-06-13 00:00:00
29,unemployed,single,unknown,no,67,no,no,cellular,28,jan,330,2,-1,0,unknown,no,2025-06-13 01:00:00
31,management,married,tertiary,no,1032,no,no,cellular,7,jul,284,1,-1,0,unknown,yes,2025-06-13 02:00:00
59,retired,divorced,tertiary,no,3444,no,no,cellular,10,aug,252,1,185,2,success,yes,2025-06-13 03:00:00
30,services,single,secondary,no,117,no,no,cellular,28,jan,135,1,-1,0,unknown,no,2025-06-13 04:00:00
52,self-employed,married,primary,no,314,yes,no,cellular,4,feb,131,2,-1,0,unknown,no,2025-06-13 05:00:00
39,technician,married,secondary,no,192,yes,yes,unknown,29,may,217,5,-1,0,unknown,no,2025-06-13 06:00:00
51,unemployed,married,secondary,no,74,no,yes,cellular,21,nov,289,3,-1,0,unknown,no,2025-06-13 07:00:00
48,management,married,primary,no,1910,yes,no,unknown,29,may,413,2,-1,0,unknown,no,2025-06-13 08:00:00
58,retired,divorced,unknown,no,5920,yes,no,cellular,23,jul,255,1,-1,0,unknown,no,2025-06-13 09:00:00
52,technician,married,secondary,no,383,no,yes,cellular,18,jul,135,1,-1,0,unknown,no,2025-06-13 10:00:00
43,services,married,secondary,no,3689,yes,no,cellular,20,apr,165,1,321,1,failure,no,2025-06-13 11:00:00
34,services,single,secondary,no,4062,yes,yes,cellular,15,may,29,1,-1,0,unknown,no,2025-06-13 12:00:00
48,admin.,married,secondary,no,1800,yes,no,unknown,18,jun,103,1,-1,0,unknown,no,2025-06-13 13:00:00
39,management,married,tertiary,no,22,yes,no,unknown,2,jun,493,1,-1,0,unknown,no,2025-06-13 14:00:00
51,blue-collar,married,secondary,no,4695,no,no,cellular,29,aug,8,10,-1,0,unknown,no,2025-06-13 15:00:00
38,technician,married,secondary,no,2220,no,no,cellular,7,jul,87,2,-1,0,unknown,no,2025-06-13 16:00:00
37,management,single,tertiary,no,1730,no,no,cellular,19,mar,167,1,-1,0,unknown,yes,2025-06-13 17:00:00
34,management,single,secondary,no,31,yes,no,unknown,20,may,20,14,-1,0,unknown,no,2025-06-13 18:00:00
44,management,single,tertiary,no,5063,no,no,cellular,27,oct,418,2,-1,0,unknown,yes,2025-06-13 19:00:00
27,admin.,married,secondary,no,186,yes,no,unknown,27,may,136,2,-1,0,unknown,no,2025-06-13 20:00:00
54,blue-collar,divorced,primary,no,215,yes,no,unknown,4,jun,71,5,-1,0,unknown,no,2025-06-13 21:00:00
58,retired,married,primary,no,590,yes,no,unknown,30,may,114,2,-1,0,unknown,no,2025-06-13 22:00:00
36,entrepreneur,married,secondary,no,134,no,no,unknown,20,may,98,1,-1,0,unknown,no,2025-06-13 23:00:00
40,technician,married,secondary,no,8379,no,no,unknown,12,jun,52,6,-1,0,unknown,no,2025-06-14 00:00:00
29,services,single,secondary,no,-453,yes,no,cellular,21,jul,213,1,-1,0,unknown,no,2025-06-14 01:00:00
30,services,married,unknown,no,280,yes,yes,unknown,28,may,674,2,-1,0,unknown,no,2025-06-14 02:00:00
37,services,divorced,secondary,no,319,yes,no,unknown,6,jun,467,3,-1,0,unknown,yes,2025-06-14 03:00:00
29,services,married,tertiary,no,-62,yes,yes,cellular,25,jul,126,1,-1,0,unknown,no,2025-06-14 04:00:00
59,self-employed,married,tertiary,no,10360,no,no,unknown,6,jun,37,1,-1,0,unknown,no,2025-06-14 05:00:00
36,blue-collar,married,primary,no,0,no,no,unknown,6,jun,149,1,-1,0,unknown,no,2025-06-14 06:00:00
39,admin.,married,secondary,no,1101,yes,no,cellular,6,may,128,3,-1,0,unknown,no,2025-06-14 07:00:00
26,admin.,single,secondary,no,96,no,no,cellular,11,aug,349,1,70,3,failure,yes,2025-06-14 08:00:00
32,technician,married,secondary,no,-413,yes,no,cellular,13,aug,100,2,-1,0,unknown,no,2025-06-14 09:00:00
51,management,married,tertiary,no,2430,no,no,cellular,4,aug,266,2,-1,0,unknown,no,2025-06-14 10:00:00
58,services,married,primary,no,374,no,yes,unknown,1,jul,420,2,-1,0,unknown,no,2025-06-14 11:00:00
37,admin.,single,secondary,no,309,yes,no,cellular,15,may,58,3,-1,0,unknown,no,2025-06-14 12:00:00
49,technician,divorced,tertiary,no,0,no,no,cellular,19,aug,68,2,-1,0,unknown,no,2025-06-14 13:00:00
53,admin.,married,secondary,no,2955,no,no,unknown,19,jun,605,1,-1,0,unknown,no,2025-06-14 14:00:00
37,technician,married,unknown,no,88,yes,yes,cellular,8,may,66,1,308,2,failure,no,2025-06-14 15:00:00
36,blue-collar,married,secondary,no,1482,yes,no,cellular,21,nov,154,1,-1,0,unknown,no,2025-06-14 16:00:00
31,management,single,tertiary,no,385,yes,no,unknown,21,may,304,1,-1,0,unknown,no,2025-06-14 17:00:00
48,self-employed,married,secondary,no,-817,yes,no,cellular,11,jul,175,1,-1,0,unknown,no,2025-06-14 18:00:00
42,blue-collar,married,primary,no,2273,yes,no,cellular,18,nov,253,1,112,2,failure,no,2025-06-14 19:00:00
37,technician,single,secondary,no,670,yes,no,unknown,8,may,78,3,-1,0,unknown,no,2025-06-14 20:00:00
26,admin.,single,secondary,no,160,no,yes,cellular,4,may,172,2,-1,0,unknown,no,2025-06-14 21:00:00
39,admin.,married,secondary,no,0,yes,no,telephone,8,may,283,3,296,5,failure,no,2025-06-14 22:00:00
36,admin.,married,secondary,no,542,yes,no,unknown,18,jun,604,6,-1,0,unknown,no,2025-06-14 23:00:00
53,services,married,secondary,yes,2262,no,no,cellular,28,aug,116,8,-1,0,unknown,no,2025-06-15 00:00:00
34,blue-collar,divorced,secondary,no,-566,yes,no,unknown,26,may,248,2,-1,0,unknown,no,2025-06-15 01:00:00
27,blue-collar,married,secondary,no,0,yes,no,unknown,13,may,296,1,-1,0,unknown,no,2025-06-15 02:00:00
30,technician,single,secondary,no,3107,yes,no,unknown,3,jun,1516,2,-1,0,unknown,no,2025-06-15 03:00:00
36,unemployed,married,secondary,no,439,yes,no,telephone,6,feb,18,6,-1,0,unknown,no,2025-06-15 04:00:00
26,services,single,secondary,no,598,yes,no,cellular,5,feb,401,2,272,1,other,no,2025-06-15 05:00:00
30,admin.,single,tertiary,no,261,no,no,cellular,19,oct,233,1,137,20,failure,no,2025-06-15 06:00:00
34,admin.,married,secondary,no,395,yes,no,cellular,14,apr,258,8,-1,0,unknown,no,2025-06-15 07:00:00
47,housemaid,married,primary,no,275,yes,no,cellular,14,may,261,3,-1,0,unknown,no,2025-06-15 08:00:00
72,retired,married,tertiary,no,0,no,no,cellular,13,feb,99,1,-1,0,unknown,yes,2025-06-15 09:00:00
24,blue-collar,married,primary,no,-247,yes,no,cellular,7,may,203,1,-1,0,unknown,no,2025-06-15 10:00:00
30,blue-collar,married,primary,no,714,yes,no,cellular,15,may,199,1,-1,0,unknown,no,2025-06-15 11:00:00
46,blue-collar,married,secondary,no,2603,yes,yes,cellular,11,may,50,3,277,2,failure,no,2025-06-15 12:00:00
27,self-employed,single,tertiary,no,82,no,yes,cellular,23,jul,387,1,-1,0,unknown,no,2025-06-15 13:00:00
54,unemployed,married,secondary,no,582,yes,no,cellular,15,may,693,5,372,2,failure,yes,2025-06-15 14:00:00
35,technician,single,secondary,no,694,no,no,cellular,9,feb,29,2,-1,0,unknown,no,2025-06-15 15:00:00
33,technician,single,secondary,no,659,no,no,cellular,26,aug,274,2,-1,0,unknown,no,2025-06-15 16:00:00
38,technician,divorced,secondary,no,1294,yes,no,unknown,29,may,565,1,-1,0,unknown,no,2025-06-15 17:00:00
35,admin.,divorced,secondary,no,-402,yes,no,cellular,17,apr,46,1,-1,0,unknown,no,2025-06-15 18:00:00
60,management,married,primary,no,92,no,no,telephone,2,feb,447,1,-1,0,unknown,no,2025-06-15 19:00:00
30,management,single,tertiary,no,5,no,no,unknown,16,may,476,3,-1,0,unknown,no,2025-06-15 20:00:00
36,management,married,primary,no,392,no,no,cellular,6,feb,148,2,-1,0,unknown,no,2025-06-15 21:00:00
34,blue-collar,married,secondary,no,529,yes,no,cellular,14,may,325,1,351,3,failure,no,2025-06-15 22:00:00
45,technician,married,primary,no,-322,no,no,unknown,9,jun,225,2,-1,0,unknown,no,2025-06-15 23:00:00
42,technician,married,secondary,no,1018,no,no,cellular,18,aug,280,2,-1,0,unknown,no,2025-06-16 00:00:00
23,student,single,secondary,no,287,no,no,telephone,3,mar,700,3,180,1,other,no,2025-06-16 01:00:00
43,blue-collar,married,primary,no,-93,yes,no,unknown,26,may,402,2,-1,0,unknown,no,2025-06-16 02:00:00
38,blue-collar,married,secondary,no,660,yes,yes,unknown,19,may,105,2,-1,0,unknown,no,2025-06-16 03:00:00
35,blue-collar,married,secondary,no,2054,yes,no,unknown,20,may,447,1,-1,0,unknown,no,2025-06-16 04:00:00
37,unemployed,married,tertiary,no,7620,no,no,telephone,25,may,100,3,-1,0,unknown,no,2025-06-16 05:00:00
35,management,single,tertiary,no,1599,yes,yes,cellular,13,apr,407,1,-1,0,unknown,yes,2025-06-16 06:00:00
30,services,married,secondary,no,0,yes,no,cellular,7,may,512,1,-1,0,unknown,no,2025-06-16 07:00:00
60,technician,married,secondary,no,358,no,no,cellular,2,feb,95,1,216,2,failure,no,2025-06-16 08:00:00
29,management,single,tertiary,no,841,no,no,cellular,5,feb,217,1,-1,0,unknown,no,2025-06-16 09:00:00
28,admin.,single,primary,no,25,yes,no,cellular,18,may,296,2,-1,0,unknown,no,2025-06-16 10:00:00
27,management,single,tertiary,no,102,no,no,unknown,26,jul,9,1,-1,0,unknown,no,2025-06-16 11:00:00
33,blue-collar,married,primary,no,1209,yes,no,cellular,16,apr,700,1,-1,0,unknown,no,2025-06-16 12:00:00
51,entrepreneur,divorced,tertiary,no,23,yes,no,cellular,18,jul,177,3,-1,0,unknown,no,2025-06-16 13:00:00
33,management,single,tertiary,no,417,yes,no,cellular,4,may,170,2,87,1,failure,no,2025-06-16 14:00:00
39,blue-collar,married,secondary,no,203,yes,no,unknown,3,jun,143,1,-1,0,unknown,no,2025-06-16 15:00:00
39,blue-collar,married,primary,no,398,yes,no,cellular,12,may,256,1,-1,0,unknown,no,2025-06-16 16:00:00
33,technician,single,secondary,no,487,yes,no,cellular,26,aug,532,14,-1,0,unknown,no,2025-06-16 17:00:00
58,blue-collar,married,secondary,no,602,yes,no,cellular,13,may,201,1,-1,0,unknown,no,2025-06-16 18:00:00
51,management,single,tertiary,yes,-55,yes,no,cellular,18,aug,119,6,-1,0,unknown,no,2025-06-16 19:00:00
38,student,single,unknown,no,64,no,no,cellular,6,aug,789,1,-1,0,unknown,no,2025-06-16 20:00:00
45,blue-collar,married,primary,no,351,yes,no,unknown,19,jun,66,1,-1,0,unknown,no,2025-06-16 21:00:00
33,admin.,married,secondary,no,1158,yes,no,cellular,20,apr,25,2,-1,0,unknown,no,2025-06-16 22:00:00
55,services,married,secondary,no,761,yes,no,telephone,11,may,28,1,-1,0,unknown,no,2025-06-16 23:00:00
33,services,divorced,secondary,no,437,yes,no,cellular,15,jul,184,2,-1,0,unknown,no,2025-06-17 00:00:00
45,technician,married,secondary,no,0,yes,yes,telephone,9,jul,74,1,-1,0,unknown,no,2025-06-17 01:00:00
35,self-employed,married,secondary,no,3329,no,no,cellular,18,nov,166,1,-1,0,unknown,no,2025-06-17 02:00:00
52,blue-collar,married,unknown,no,826,yes,no,unknown,15,may,468,2,-1,0,unknown,no,2025-06-17 03:00:00
57,technician,married,primary,no,592,no,yes,telephone,14,dec,88,6,193,5,other,no,2025-06-17 04:00:00
41,blue-collar,single,secondary,no,363,yes,no,unknown,8,may,183,3,-1,0,unknown,no,2025-06-17 05:00:00
41,entrepreneur,married,tertiary,no,3135,yes,yes,unknown,20,jun,160,3,-1,0,unknown,no,2025-06-17 06:00:00
50,unknown,married,unknown,no,0,no,no,cellular,21,aug,120,2,-1,0,unknown,no,2025-06-17 07:00:00
42,services,married,primary,no,473,yes,no,cellular,30,jan,54,1,-1,0,unknown,no,2025-06-17 08:00:00
31,services,married,secondary,no,338,yes,no,cellular,28,jan,155,1,-1,0,unknown,no,2025-06-17 09:00:00
54,retired,married,primary,no,-58,no,no,cellular,12,may,143,4,-1,0,unknown,no,2025-06-17 10:00:00
32,technician,married,secondary,no,4,no,no,cellular,4,feb,145,2,260,4,failure,no,2025-06-17 11:00:00
44,self-employed,married,secondary,no,5068,no,no,cellular,8,jul,256,2,-1,0,unknown,no,2025-06-17 12:00:00
55,admin.,married,unknown,no,98,no,yes,cellular,28,jan,214,1,-1,0,unknown,no,2025-06-17 13:00:00
50,technician,married,tertiary,no,5907,yes,yes,cellular,12,aug,338,2,-1,0,unknown,no,2025-06-17 14:00:00
37,housemaid,divorced,primary,no,0,yes,yes,cellular,21,nov,158,7,-1,0,unknown,no,2025-06-17 15:00:00
40,housemaid,married,secondary,no,1050,no,no,cellular,12,aug,117,2,-1,0,unknown,no,2025-06-17 16:00:00
31,management,single,tertiary,no,713,no,no,cellular,28,aug,162,1,-1,0,unknown,no,2025-06-17 17:00:00
51,technician,married,tertiary,no,1537,no,yes,cellular,14,jul,400,3,-1,0,unknown,no,2025-06-17 18:00:00
31,student,single,tertiary,no,410,yes,no,unknown,20,may,112,2,-1,0,unknown,no,2025-06-17 19:00:00
55,technician,married,secondary,no,0,no,no,cellular,29,jul,316,2,-1,0,unknown,no,2025-06-17 20:00:00
29,technician,married,unknown,no,2,no,no,cellular,15,jul,65,3,-1,0,unknown,no,2025-06-17 21:00:00
56,technician,married,primary,no,314,yes,yes,cellular,30,jan,108,2,2,5,other,no,2025-06-17 22:00:00
30,management,single,tertiary,no,297,no,no,cellular,8,nov,188,1,-1,0,unknown,yes,2025-06-17 23:00:00
28,admin.,married,tertiary,no,153,yes,no,cellular,5,jun,77,1,-1,0,unknown,no,2025-06-18 00:00:00
45,admin.,married,unknown,no,13562,yes,no,telephone,20,apr,16,12,-1,0,unknown,no,2025-06-18 01:00:00
59,retired,married,secondary,no,374,no,no,cellular,29,aug,272,2,-1,0,unknown,no,2025-06-18 02:00:00
30,admin.,single,secondary,no,390,yes,no,cellular,17,apr,175,1,347,1,failure,no,2025-06-18 03:00:00
38,services,single,secondary,no,91,no,no,cellular,2,mar,207,1,-1,0,unknown,yes,2025-06-18 04:00:00
39,blue-collar,married,secondary,no,0,yes,no,unknown,20,may,165,2,-1,0,unknown,no,2025-06-18 05:00:00
42,management,married,tertiary,no,7,no,no,cellular,20,aug,582,7,-1,0,unknown,no,2025-06-18 06:00:00
44,entrepreneur,married,tertiary,no,3689,yes,no,unknown,16,may,134,3,-1,0,unknown,no,2025-06-18 07:00:00
26,blue-collar,single,secondary,yes,-685,yes,yes,cellular,28,jul,314,4,-1,0,unknown,no,2025-06-18 08:00:00
44,management,married,tertiary,no,673,no,no,cellular,5,feb,105,1,-1,0,unknown,no,2025-06-18 09:00:00
27,blue-collar,married,secondary,no,106,yes,no,unknown,8,may,207,2,-1,0,unknown,no,2025-06-18 10:00:00
32,technician,single,secondary,no,34,no,no,cellular,22,aug,210,2,-1,0,unknown,no,2025-06-18 11:00:00
53,technician,married,secondary,no,4541,yes,no,unknown,15,may,190,6,-1,0,unknown,no,2025-06-18 12:00:00
33,management,single,tertiary,no,2934,no,no,cellular,30,oct,59,1,-1,0,unknown,no,2025-06-18 13:00:00
53,unemployed,single,secondary,no,6248,no,no,cellular,28,jan,885,1,-1,0,unknown,no,2025-06-18 14:00:00
53,services,married,secondary,no,6170,no,no,cellular,13,aug,838,4,-1,0,unknown,yes,2025-06-18 15:00:00
35,housemaid,single,secondary,no,-122,yes,yes,cellular,13,may,97,5,-1,0,unknown,no,2025-06-18 16:00:00
37,self-employed,married,secondary,no,2235,no,no,unknown,18,jun,94,1,-1,0,unknown,no,2025-06-18 17:00:00
34,technician,single,secondary,no,161,no,no,cellular,21,aug,406,1,-1,0,unknown,no,2025-06-18 18:00:00
39,blue-collar,married,secondary,no,23,yes,no,unknown,12,may,22,5,-1,0,unknown,no,2025-06-18 19:00:00
29,admin.,married,secondary,no,2121,no,no,cellular,16,apr,281,1,342,2,other,no,2025-06-18 20:00:00
50,admin.,married,primary,no,458,yes,no,cellular,6,may,116,2,363,1,failure,no,2025-06-18 21:00:00
35,services,married,secondary,no,377,no,yes,cellular,31,jul,30,13,-1,0,unknown,no,2025-06-18 22:00:00
58,entrepreneur,married,tertiary,no,0,yes,yes,cellular,4,feb,304,2,229,2,failure,no,2025-06-18 23:00:00
48,blue-collar,married,primary,no,680,yes,no,unknown,15,may,387,4,-1,0,unknown,no,2025-06-19 00:00:00
25,student,single,tertiary,no,241,no,no,cellular,26,may,351,1,-1,0,unknown,no,2025-06-19 01:00:00
57,services,married,primary,no,491,yes,no,cellular,15,apr,1217,3,-1,0,unknown,yes,2025-06-19 02:00:00
34,blue-collar,married,primary,no,392,yes,no,cellular,18,may,180,3,360,1,failure,no,2025-06-19 03:00:00
51,technician,married,secondary,no,805,no,no,cellular,13,aug,270,2,-1,0,unknown,no,2025-06-19 04:00:00
48,services,divorced,secondary,no,4906,yes,no,cellular,20,nov,200,1,190,1,failure,no,2025-06-19 05:00:00
41,management,married,tertiary,no,-556,yes,yes,unknown,26,may,127,3,-1,0,unknown,no,2025-06-19 06:00:00
44,management,married,tertiary,no,38,no,no,cellular,22,aug,98,5,-1,0,unknown,no,2025-06-19 07:00:00
36,technician,married,secondary,no,216,no,no,cellular,29,aug,80,2,-1,0,unknown,no,2025-06-19 08:00:00
29,technician,single,secondary,no,-218,yes,no,cellular,18,may,73,2,-1,0,unknown,no,2025-06-19 09:00:00
55,retired,married,primary,no,-966,no,yes,cellular,14,may,104,1,-1,0,unknown,no,2025-06-19 10:00:00
25,student,single,secondary,no,319,yes,no,cellular,20,apr,48,3,-1,0,unknown,no,2025-06-19 11:00:00
25,blue-collar,single,primary,no,6,yes,yes,unknown,27,may,174,2,-1,0,unknown,no,2025-06-19 12:00:00
38,management,married,tertiary,no,3228,no,no,cellular,27,aug,123,8,-1,0,unknown,no,2025-06-19 13:00:00
32,management,single,tertiary,no,3552,no,no,cellular,20,nov,310,3,-1,0,unknown,no,2025-06-19 14:00:00
40,management,married,tertiary,no,121,no,no,unknown,8,may,82,1,-1,0,unknown,no,2025-06-19 15:00:00
33,unemployed,married,secondary,no,66,no,yes,cellular,30,jul,189,8,-1,0,unknown,no,2025-06-19 16:00:00
31,admin.,single,secondary,no,121,yes,no,unknown,20,may,187,1,-1,0,unknown,no,2025-06-19 17:00:00
58,technician,married,tertiary,no,883,no,no,cellular,1,jun,373,2,-1,0,unknown,no,2025-06-19 18:00:00
35,blue-collar,married,secondary,no,270,yes,yes,cellular,6,apr,332,2,335,1,failure,no,2025-06-19 19:00:00
33,management,married,tertiary,no,685,no,no,unknown,17,nov,53,1,-1,0,unknown,no,2025-06-19 20:00:00
32,management,married,tertiary,no,141,yes,yes,cellular,22,aug,10,13,-1,0,unknown,no,2025-06-19 21:00:00
30,management,married,tertiary,no,739,no,no,cellular,17,mar,163,2,-1,0,unknown,no,2025-06-19 22:00:00
34,services,single,tertiary,no,88,no,no,cellular,5,jun,206,1,99,1,failure,no,2025-06-19 23:00:00
29,management,single,tertiary,no,42,yes,no,unknown,26,jun,91,4,-1,0,unknown,no,2025-06-20 00:00:00
39,management,married,secondary,no,6012,no,no,telephone,19,nov,140,1,119,2,failure,no,2025-06-20 01:00:00
25,blue-collar,married,secondary,no,2307,yes,no,cellular,31,jul,104,5,-1,0,unknown,no,2025-06-20 02:00:00
45,management,married,unknown,no,169,no,no,cellular,5,feb,58,1,-1,0,unknown,no,2025-06-20 03:00:00
34,technician,married,secondary,no,133,no,no,cellular,12,may,171,2,181,3,success,yes,2025-06-20 04:00:00
29,blue-collar,married,secondary,no,508,yes,yes,unknown,19,jun,262,5,-1,0,unknown,no,2025-06-20 05:00:00
52,blue-collar,married,primary,no,230,yes,no,cellular,6,may,198,2,170,2,failure,no,2025-06-20 06:00:00
54,technician,divorced,secondary,no,447,yes,no,unknown,14,may,146,4,-1,0,unknown,no,2025-06-20 07:00:00
79,retired,married,primary,no,3025,no,no,telephone,11,mar,184,1,90,6,success,no,2025-06-20 08:00:00
49,technician,married,secondary,no,905,no,no,cellular,21,dec,385,7,131,2,failure,no,2025-06-20 09:00:00
35,blue-collar,single,secondary,no,341,no,yes,cellular,4,feb,348,2,-1,0,unknown,no,2025-06-20 10:00:00
40,blue-collar,married,secondary,no,0,yes,yes,unknown,29,may,245,3,-1,0,unknown,no,2025-06-20 11:00:00
52,management,married,tertiary,no,1319,yes,no,cellular,17,nov,113,1,-1,0,unknown,no,2025-06-20 12:00:00
37,blue-collar,married,unknown,no,0,yes,no,cellular,21,nov,184,1,-1,0,unknown,no,2025-06-20 13:00:00
59,services,married,secondary,no,2965,yes,no,cellular,13,may,1970,3,-1,0,unknown,yes,2025-06-20 14:00:00
24,admin.,single,tertiary,no,674,yes,no,cellular,6,jul,267,1,-1,0,unknown,yes,2025-06-20 15:00:00
32,admin.,divorced,secondary,no,2017,no,yes,cellular,17,jul,686,1,-1,0,unknown,no,2025-06-20 16:00:00
35,admin.,single,secondary,no,424,yes,no,cellular,20,apr,23,4,-1,0,unknown,no,2025-06-20 17:00:00
45,admin.,married,secondary,no,5346,yes,yes,unknown,21,oct,187,1,-1,0,unknown,yes,2025-06-20 18:00:00
40,blue-collar,married,primary,no,2495,yes,no,cellular,12,may,135,2,354,3,other,no,2025-06-20 19:00:00
33,unemployed,married,tertiary,no,3335,no,no,cellular,18,aug,98,6,-1,0,unknown,no,2025-06-20 20:00:00
31,self-employed,married,secondary,no,581,yes,no,cellular,14,may,303,3,174,3,failure,no,2025-06-20 21:00:00
39,services,married,tertiary,no,6497,no,no,unknown,18,jun,567,1,-1,0,unknown,no,2025-06-20 22:00:00
46,services,married,secondary,no,2703,no,no,cellular,11,aug,211,6,-1,0,unknown,no,2025-06-20 23:00:00
31,services,single,secondary,no,516,yes,no,unknown,13,may,271,2,-1,0,unknown,no,2025-06-21 00:00:00
44,management,single,primary,no,4,no,no,cellular,29,jul,163,3,-1,0,unknown,no,2025-06-21 01:00:00
43,admin.,single,secondary,no,426,yes,no,cellular,11,may,76,2,304,2,failure,no,2025-06-21 02:00:00
34,unemployed,divorced,tertiary,no,182,yes,no,cellular,2,feb,170,1,-1,0,unknown,no,2025-06-21 03:00:00
80,retired,married,primary,no,1021,no,no,telephone,26,feb,37,1,-1,0,unknown,no,2025-06-21 04:00:00
32,student,single,tertiary,no,290,yes,no,cellular,5,may,18,6,-1,0,unknown,no,2025-06-21 05:00:00
34,management,married,secondary,no,487,yes,no,unknown,8,may,442,2,-1,0,unknown,no,2025-06-21 06:00:00
36,technician,married,secondary,no,474,yes,no,unknown,27,may,59,1,-1,0,unknown,no,2025-06-21 07:00:00
58,retired,married,primary,no,331,yes,no,unknown,19,may,145,4,-1,0,unknown,no,2025-06-21 08:00:00
32,technician,single,unknown,no,317,yes,no,unknown,21,may,394,2,-1,0,unknown,no,2025-06-21 09:00:00
29,unemployed,single,secondary,no,25,no,no,cellular,14,apr,207,2,-1,0,unknown,yes,2025-06-21 10:00:00
45,admin.,married,secondary,no,-183,yes,no,unknown,16,may,215,3,-1,0,unknown,no,2025-06-21 11:00:00
36,blue-collar,single,secondary,no,111,yes,no,cellular,6,may,174,3,-1,0,unknown,no,2025-06-21 12:00:00
45,management,married,tertiary,no,409,no,no,unknown,11,jun,144,1,-1,0,unknown,no,2025-06-21 13:00:00
38,management,single,tertiary,no,0,no,no,cellular,24,jul,164,1,-1,0,unknown,no,2025-06-21 14:00:00
34,admin.,married,secondary,no,396,yes,no,cellular,16,jul,101,3,-1,0,unknown,no,2025-06-21 15:00:00
50,housemaid,divorced,secondary,no,0,no,no,telephone,13,aug,43,1,105,2,failure,no,2025-06-21 16:00:00
35,technician,married,secondary,no,-360,yes,no,cellular,21,jul,169,1,-1,0,unknown,no,2025-06-21 17:00:00
53,services,married,secondary,no,1242,no,no,cellular,11,aug,168,2,-1,0,unknown,no,2025-06-21 18:00:00
31,blue-collar,married,secondary,no,1358,yes,no,unknown,2,jun,527,1,-1,0,unknown,no,2025-06-21 19:00:00
28,admin.,single,unknown,no,2736,no,no,cellular,8,jul,705,1,-1,0,unknown,yes,2025-06-21 20:00:00
39,admin.,single,unknown,no,0,yes,no,cellular,11,may,62,1,-1,0,unknown,no,2025-06-21 21:00:00
37,admin.,single,secondary,no,140,yes,no,unknown,6,may,310,1,-1,0,unknown,no,2025-06-21 22:00:00
49,services,married,tertiary,no,475,yes,no,cellular,28,jul,273,2,-1,0,unknown,no,2025-06-21 23:00:00
36,admin.,divorced,tertiary,no,4708,no,no,cellular,3,dec,284,1,171,1,failure,yes,2025-06-22 00:00:00
32,management,single,tertiary,no,41,yes,no,cellular,7,may,449,1,338,1,other,no,2025-06-22 01:00:00
30,technician,divorced,tertiary,no,-317,yes,no,unknown,7,may,381,2,-1,0,unknown,no,2025-06-22 02:00:00
46,management,single,tertiary,no,0,no,no,cellular,22,aug,686,2,-1,0,unknown,yes,2025-06-22 03:00:00
27,blue-collar,married,primary,no,1002,yes,no,unknown,3,jun,583,1,-1,0,unknown,no,2025-06-22 04:00:00
33,services,divorced,secondary,no,392,yes,yes,unknown,7,may,254,1,-1,0,unknown,no,2025-06-22 05:00:00
52,blue-collar,married,primary,no,994,no,no,cellular,22,aug,109,2,-1,0,unknown,no,2025-06-22 06:00:00
33,services,single,secondary,no,245,yes,no,unknown,2,jun,140,3,-1,0,unknown,no,2025-06-22 07:00:00
60,services,married,secondary,no,594,yes,no,cellular,3,feb,35,7,265,5,other,no,2025-06-22 08:00:00
29,unknown,single,primary,no,50,yes,no,unknown,7,may,50,2,-1,0,unknown,no,2025-06-22 09:00:00
71,retired,married,tertiary,no,2887,no,no,cellular,30,jun,128,1,-1,0,unknown,yes,2025-06-22 10:00:00
28,technician,single,tertiary,no,-31,yes,no,unknown,19,may,257,1,-1,0,unknown,no,2025-06-22 11:00:00
24,blue-collar,single,secondary,no,383,no,no,cellular,27,may,101,1,-1,0,unknown,no,2025-06-22 12:00:00
31,admin.,married,secondary,no,35,no,no,cellular,30,apr,615,1,-1,0,unknown,yes,2025-06-22 13:00:00
28,services,single,secondary,no,126,no,no,cellular,7,jul,321,1,-1,0,unknown,no,2025-06-22 14:00:00
34,admin.,married,tertiary,no,899,yes,no,cellular,9,apr,627,2,141,7,failure,no,2025-06-22 15:00:00
32,admin.,single,secondary,no,-267,no,yes,cellular,7,jul,98,1,-1,0,unknown,no,2025-06-22 16:00:00
30,management,single,tertiary,no,502,no,no,cellular,11,oct,463,3,95,6,success,yes,2025-06-22 17:00:00
40,management,married,tertiary,no,12409,yes,no,cellular,12,aug,196,2,-1,0,unknown,no,2025-06-22 18:00:00
45,management,single,tertiary,no,0,no,no,unknown,12,may,55,2,-1,0,unknown,no,2025-06-22 19:00:00
39,admin.,married,secondary,no,168,yes,no,cellular,19,nov,183,1,-1,0,unknown,no,2025-06-22 20:00:00
36,blue-collar,married,secondary,no,-173,yes,no,cellular,18,may,197,3,-1,0,unknown,no,2025-06-22 21:00:00
39,management,single,unknown,no,2887,yes,no,unknown,7,may,42,2,-1,0,unknown,no,2025-06-22 22:00:00
38,management,divorced,tertiary,no,112,yes,no,cellular,7,aug,266,4,-1,0,unknown,no,2025-06-22 23:00:00
43,technician,divorced,secondary,no,1612,no,no,cellular,25,may,262,2,353,1,other,yes,2025-06-23 00:00:00
45,blue-collar,married,secondary,no,-1400,yes,no,unknown,16,may,172,4,-1,0,unknown,no,2025-06-23 01:00:00
51,management,married,secondary,no,441,yes,no,cellular,7,may,189,2,167,2,other,no,2025-06-23 02:00:00
45,self-employed,married,tertiary,no,35589,no,no,telephone,18,nov,570,2,-1,0,unknown,no,2025-06-23 03:00:00
29,services,single,secondary,no,1008,yes,no,unknown,23,may,426,9,-1,0,unknown,no,2025-06-23 04:00:00
52,housemaid,married,primary,no,1340,no,no,unknown,5,jun,175,1,-1,0,unknown,no,2025-06-23 05:00:00
35,technician,single,tertiary,no,354,yes,no,cellular,4,aug,146,3,-1,0,unknown,no,2025-06-23 06:00:00
38,blue-collar,married,primary,no,168,yes,yes,telephone,13,may,212,3,-1,0,unknown,no,2025-06-23 07:00:00
40,management,married,tertiary,no,917,yes,no,unknown,20,may,292,1,-1,0,unknown,no,2025-06-23 08:00:00
35,entrepreneur,married,secondary,no,2436,no,yes,cellular,14,jul,1397,3,-1,0,unknown,yes,2025-06-23 09:00:00
30,management,single,tertiary,no,775,yes,no,unknown,16,jun,124,2,-1,0,unknown,no,2025-06-23 10:00:00
58,unknown,married,primary,no,15,no,no,cellular,11,aug,57,2,-1,0,unknown,no,2025-06-23 11:00:00
43,blue-collar,single,primary,no,13620,yes,no,cellular,20,nov,128,1,-1,0,unknown,no,2025-06-23 12:00:00
30,blue-collar,married,secondary,no,203,yes,no,cellular,5,may,18,6,-1,0,unknown,no,2025-06-23 13:00:00
32,technician,divorced,tertiary,no,267,no,no,cellular,26,may,128,1,-1,0,unknown,no,2025-06-23 14:00:00
43,admin.,married,secondary,no,477,yes,no,cellular,27,feb,476,2,-1,0,unknown,no,2025-06-23 15:00:00
47,blue-collar,married,primary,no,643,yes,no,unknown,20,jun,18,6,-1,0,unknown,no,2025-06-23 16:00:00
43,management,married,tertiary,yes,0,no,no,cellular,21,jul,455,2,-1,0,unknown,no,2025-06-23 17:00:00
42,admin.,single,secondary,no,2534,no,no,cellular,29,jul,105,2,-1,0,unknown,no,2025-06-23 18:00:00
35,technician,married,secondary,no,2789,yes,no,cellular,4,sep,256,2,94,1,failure,no,2025-06-23 19:00:00
43,self-employed,married,secondary,no,2940,no,no,cellular,29,jan,108,1,-1,0,unknown,no,2025-06-23 20:00:00
33,entrepreneur,single,secondary,no,339,yes,no,unknown,12,may,212,2,-1,0,unknown,no,2025-06-23 21:00:00
27,admin.,single,secondary,no,685,yes,no,unknown,6,jun,672,2,-1,0,unknown,no,2025-06-23 22:00:00
33,unemployed,single,tertiary,no,14889,yes,no,cellular,3,feb,22,3,-1,0,unknown,no,2025-06-23 23:00:00
35,management,divorced,secondary,no,124,yes,no,cellular,16,apr,48,4,146,5,failure,no,2025-06-24 00:00:00
25,services,single,secondary,no,-107,yes,no,cellular,14,may,156,1,-1,0,unknown,no,2025-06-24 01:00:00
35,housemaid,married,tertiary,no,11219,no,no,cellular,23,feb,135,1,195,3,failure,no,2025-06-24 02:00:00
44,unemployed,single,unknown,no,3938,yes,no,cellular,21,nov,200,1,-1,0,unknown,no,2025-06-24 03:00:00
31,services,married,secondary,no,851,yes,no,cellular,21,nov,158,1,-1,0,unknown,no,2025-06-24 04:00:00
27,technician,married,secondary,no,0,yes,no,cellular,28,jul,55,6,-1,0,unknown,no,2025-06-24 05:00:00
49,entrepreneur,single,tertiary,no,2209,no,no,cellular,18,aug,307,1,-1,0,unknown,no,2025-06-24 06:00:00
38,admin.,single,secondary,no,144,yes,no,cellular,18,may,177,1,-1,0,unknown,no,2025-06-24 07:00:00
44,admin.,married,secondary,no,0,no,no,cellular,31,jul,209,1,-1,0,unknown,no,2025-06-24 08:00:00
33,admin.,married,secondary,no,89,no,no,telephone,10,jul,524,3,-1,0,unknown,no,2025-06-24 09:00:00
39,entrepreneur,married,secondary,no,689,no,no,cellular,30,jul,240,3,-1,0,unknown,no,2025-06-24 10:00:00
26,management,single,tertiary,no,1222,no,yes,cellular,11,feb,108,1,-1,0,unknown,no,2025-06-24 11:00:00
37,unemployed,single,tertiary,no,953,yes,no,cellular,2,feb,102,1,155,5,failure,no,2025-06-24 12:00:00
31,management,single,tertiary,no,147,no,no,cellular,13,sep,81,3,96,5,success,no,2025-06-24 13:00:00
38,self-employed,married,tertiary,no,0,no,yes,cellular,15,jul,77,3,-1,0,unknown,no,2025-06-24 14:00:00
54,technician,married,secondary,no,10185,no,no,cellular,12,feb,251,1,186,3,success,yes,2025-06-24 15:00:00
42,management,single,tertiary,yes,0,no,yes,cellular,21,aug,384,5,-1,0,unknown,no,2025-06-24 16:00:00
42,services,married,secondary,no,1545,yes,no,cellular,17,apr,426,3,323,3,failure,no,2025-06-24 17:00:00
33,blue-collar,married,secondary,no,523,yes,no,cellular,18,may,18,5,360,5,failure,no,2025-06-24 18:00:00
39,services,married,secondary,no,54,yes,no,cellular,10,jul,466,1,-1,0,unknown,no,2025-06-24 19:00:00
33,blue-collar,married,secondary,no,215,no,no,cellular,15,apr,166,1,-1,0,unknown,no,2025-06-24 20:00:00
49,services,married,secondary,no,0,yes,no,telephone,17,nov,96,1,-1,0,unknown,no,2025-06-24 21:00:00
29,blue-collar,single,secondary,no,415,no,yes,cellular,28,jan,161,1,-1,0,unknown,no,2025-06-24 22:00:00
35,self-employed,single,secondary,no,250,no,no,unknown,20,jun,170,1,-1,0,unknown,no,2025-06-24 23:00:00
43,admin.,married,secondary,no,877,yes,no,cellular,2,feb,135,1,-1,0,unknown,no,2025-06-25 00:00:00
43,technician,single,secondary,no,145,no,no,cellular,14,jul,341,3,-1,0,unknown,no,2025-06-25 01:00:00
46,services,divorced,secondary,no,755,no,no,cellular,28,jan,246,1,-1,0,unknown,no,2025-06-25 02:00:00
57,retired,married,secondary,no,455,yes,no,cellular,7,may,361,1,-1,0,unknown,no,2025-06-25 03:00:00
50,blue-collar,married,unknown,no,51,no,no,telephone,27,jan,199,3,-1,0,unknown,no,2025-06-25 04:00:00
31,blue-collar,married,primary,no,2198,no,no,cellular,21,nov,423,2,172,2,failure,no,2025-06-25 05:00:00
60,technician,married,secondary,no,0,no,no,cellular,19,aug,83,2,-1,0,unknown,no,2025-06-25 06:00:00
45,technician,divorced,secondary,no,1738,no,no,cellular,7,aug,114,2,-1,0,unknown,no,2025-06-25 07:00:00
47,technician,married,secondary,no,2480,no,no,cellular,6,aug,763,2,-1,0,unknown,yes,2025-06-25 08:00:00
33,services,married,secondary,no,4789,yes,yes,cellular,11,may,220,1,339,4,failure,no,2025-06-25 09:00:00
52,admin.,divorced,secondary,no,48,no,yes,cellular,17,nov,591,1,-1,0,unknown,no,2025-06-25 10:00:00
55,blue-collar,married,secondary,no,5874,no,no,unknown,19,jun,229,1,-1,0,unknown,no,2025-06-25 11:00:00
31,technician,divorced,secondary,no,0,no,no,cellular,29,aug,256,2,-1,0,unknown,no,2025-06-25 12:00:00
42,blue-collar,married,primary,no,1673,yes,no,cellular,17,apr,636,3,-1,0,unknown,yes,2025-06-25 13:00:00
44,management,married,secondary,no,13054,yes,no,unknown,20,jun,23,7,-1,0,unknown,no,2025-06-25 14:00:00
34,management,single,tertiary,no,0,yes,no,unknown,21,may,759,1,-1,0,unknown,no,2025-06-25 15:00:00
34,technician,married,secondary,no,1072,no,yes,cellular,5,feb,136,1,252,2,failure,no,2025-06-25 16:00:00
29,blue-collar,married,primary,no,459,yes,yes,cellular,17,apr,202,3,318,1,failure,no,2025-06-25 17:00:00
29,blue-collar,married,secondary,no,1171,yes,no,unknown,28,may,565,2,-1,0,unknown,no,2025-06-25 18:00:00
59,services,married,secondary,no,204,no,no,cellular,23,jul,286,2,-1,0,unknown,no,2025-06-25 19:00:00
35,technician,married,secondary,no,0,no,no,cellular,20,nov,251,1,-1,0,unknown,no,2025-06-25 20:00:00
34,admin.,married,secondary,no,747,yes,yes,cellular,17,apr,248,2,-1,0,unknown,no,2025-06-25 21:00:00
35,management,married,tertiary,no,1582,no,no,telephone,21,jul,37,1,-1,0,unknown,no,2025-06-25 22:00:00
60,retired,divorced,primary,no,1327,yes,yes,unknown,14,may,80,1,-1,0,unknown,no,2025-06-25 23:00:00
33,technician,single,secondary,no,235,yes,no,cellular,20,apr,352,1,-1,0,unknown,no,2025-06-26 00:00:00
32,self-employed,married,tertiary,no,1676,yes,no,cellular,9,sep,223,2,-1,0,unknown,no,2025-06-26 01:00:00
42,self-employed,married,secondary,no,1216,yes,no,cellular,23,apr,296,1,521,1,failure,yes,2025-06-26 02:00:00
28,blue-collar,single,secondary,no,438,yes,no,cellular,5,feb,347,2,-1,0,unknown,no,2025-06-26 03:00:00
40,services,divorced,secondary,no,49,no,yes,cellular,18,jul,191,1,-1,0,unknown,no,2025-06-26 04:00:00
33,management,married,tertiary,no,901,no,no,cellular,11,aug,76,2,-1,0,unknown,no,2025-06-26 05:00:00
29,admin.,married,secondary,no,494,yes,no,unknown,26,may,341,2,-1,0,unknown,no,2025-06-26 06:00:00
37,blue-collar,married,primary,no,190,yes,yes,unknown,8,may,194,1,-1,0,unknown,no,2025-06-26 07:00:00
51,technician,married,primary,no,223,yes,no,unknown,5,jun,131,3,-1,0,unknown,no,2025-06-26 08:00:00
28,technician,single,secondary,no,390,no,yes,cellular,23,jul,475,2,-1,0,unknown,no,2025-06-26 09:00:00
47,blue-collar,married,primary,no,421,yes,yes,unknown,5,jun,52,1,-1,0,unknown,no,2025-06-26 10:00:00
40,management,single,tertiary,no,0,no,no,cellular,6,aug,641,6,-1,0,unknown,yes,2025-06-26 11:00:00
56,housemaid,single,primary,no,1,no,no,unknown,11,jun,83,2,-1,0,unknown,no,2025-06-26 12:00:00
29,admin.,single,secondary,no,25,yes,no,cellular,14,may,244,1,343,2,failure,no,2025-06-26 13:00:00
56,technician,married,secondary,no,264,yes,yes,cellular,7,may,639,2,280,5,success,no,2025-06-26 14:00:00
42,blue-collar,married,primary,no,-181,yes,no,unknown,15,may,297,3,-1,0,unknown,no,2025-06-26 15:00:00
30,management,single,tertiary,no,478,no,no,cellular,12,aug,193,3,-1,0,unknown,no,2025-06-26 16:00:00
33,blue-collar,single,primary,no,0,no,no,telephone,9,jul,83,1,-1,0,unknown,no,2025-06-26 17:00:00
46,admin.,married,secondary,no,3098,yes,no,telephone,21,nov,192,9,-1,0,unknown,no,2025-06-26 18:00:00
32,blue-collar,married,primary,no,410,yes,no,unknown,23,may,115,2,-1,0,unknown,no,2025-06-26 19:00:00
35,admin.,married,secondary,no,0,no,no,unknown,12,jun,88,2,-1,0,unknown,no,2025-06-26 20:00:00
36,blue-collar,married,primary,no,4143,no,yes,unknown,16,jun,78,5,-1,0,unknown,no,2025-06-26 21:00:00
57,housemaid,married,secondary,no,992,no,no,unknown,9,jun,329,3,-1,0,unknown,no,2025-06-26 22:00:00
51,management,divorced,tertiary,no,2011,yes,no,cellular,20,nov,118,3,-1,0,unknown,no,2025-06-26 23:00:00
36,management,married,secondary,no,565,no,no,cellular,27,mar,300,1,-1,0,unknown,yes,2025-06-27 00:00:00
47,technician,married,primary,no,145,yes,no,unknown,7,may,157,6,-1,0,unknown,no,2025-06-27 01:00:00
54,unemployed,single,secondary,no,380,no,no,cellular,17,nov,696,2,-1,0,unknown,yes,2025-06-27 02:00:00
23,student,single,secondary,no,1234,no,no,cellular,15,feb,379,1,91,1,success,yes,2025-06-27 03:00:00
53,retired,married,secondary,no,1300,no,no,unknown,6,jun,420,1,-1,0,unknown,no,2025-06-27 04:00:00
40,blue-collar,married,secondary,no,1451,no,no,cellular,30,sep,117,1,121,1,success,yes,2025-06-27 05:00:00
30,student,single,secondary,no,61,no,yes,cellular,5,feb,133,5,8,2,other,no,2025-06-27 06:00:00
41,student,single,secondary,no,1934,yes,no,cellular,21,nov,162,2,-1,0,unknown,no,2025-06-27 07:00:00
38,blue-collar,married,primary,no,178,yes,no,unknown,20,may,245,1,-1,0,unknown,no,2025-06-27 08:00:00
29,management,single,tertiary,no,7345,no,no,cellular,30,apr,222,1,-1,0,unknown,no,2025-06-27 09:00:00
49,management,married,tertiary,no,322,no,no,cellular,6,aug,72,4,-1,0,unknown,no,2025-06-27 10:00:00
40,self-employed,married,secondary,no,1749,no,no,cellular,14,jul,767,12,-1,0,unknown,no,2025-06-27 11:00:00
28,blue-collar,married,secondary,no,0,yes,no,unknown,26,may,245,3,-1,0,unknown,no,2025-06-27 12:00:00
42,housemaid,single,primary,no,206,no,yes,cellular,24,jul,148,1,-1,0,unknown,no,2025-06-27 13:00:00
55,services,married,secondary,no,408,yes,no,cellular,29,jul,314,2,-1,0,unknown,no,2025-06-27 14:00:00
31,management,single,tertiary,no,1836,yes,no,cellular,12,aug,177,2,-1,0,unknown,no,2025-06-27 15:00:00
52,technician,married,secondary,no,195,yes,no,cellular,26,may,145,1,98,2,failure,no,2025-06-27 16:00:00
37,technician,married,secondary,yes,693,no,no,unknown,12,jun,75,1,-1,0,unknown,no,2025-06-27 17:00:00
30,technician,single,secondary,yes,28,yes,no,cellular,15,may,778,5,301,1,failure,no,2025-06-27 18:00:00
34,blue-collar,married,primary,no,333,yes,yes,cellular,11,may,63,1,-1,0,unknown,no,2025-06-27 19:00:00
31,blue-collar,single,secondary,no,1124,yes,no,cellular,18,may,82,4,-1,0,unknown,no,2025-06-27 20:00:00
47,blue-collar,married,primary,no,1610,yes,no,unknown,12,jun,68,1,-1,0,unknown,no,2025-06-27 21:00:00
41,blue-collar,married,primary,no,254,yes,no,cellular,12,may,25,1,309,3,failure,no,2025-06-27 22:00:00
36,blue-collar,married,secondary,no,0,yes,no,telephone,8,may,91,2,170,2,failure,no,2025-06-27 23:00:00
27,admin.,single,tertiary,no,73,no,no,cellular,29,jan,242,1,-1,0,unknown,no,2025-06-28 00:00:00
36,admin.,married,secondary,no,286,yes,no,cellular,22,jul,167,9,-1,0,unknown,no,2025-06-28 01:00:00
33,services,married,secondary,no,3444,yes,no,telephone,21,oct,144,1,91,4,failure,yes,2025-06-28 02:00:00
30,technician,married,secondary,no,139,no,yes,cellular,8,jul,1046,2,-1,0,unknown,no,2025-06-28 03:00:00
59,management,married,unknown,no,147,no,no,cellular,7,jul,119,3,-1,0,unknown,no,2025-06-28 04:00:00
52,technician,married,unknown,no,370,yes,no,cellular,15,jul,101,2,-1,0,unknown,no,2025-06-28 05:00:00
32,management,married,tertiary,no,3,yes,no,cellular,31,jul,22,27,-1,0,unknown,no,2025-06-28 06:00:00
52,unemployed,married,secondary,no,-307,no,no,cellular,5,feb,272,1,-1,0,unknown,no,2025-06-28 07:00:00
45,management,married,tertiary,no,160,no,no,cellular,30,apr,619,1,-1,0,unknown,yes,2025-06-28 08:00:00
50,management,married,tertiary,no,4374,yes,no,cellular,21,nov,163,2,113,3,failure,no,2025-06-28 09:00:00
44,management,divorced,tertiary,no,213,yes,no,cellular,20,apr,65,2,-1,0,unknown,no,2025-06-28 10:00:00
37,services,married,secondary,no,3,yes,no,cellular,29,jul,88,6,-1,0,unknown,no,2025-06-28 11:00:00
61,retired,married,secondary,no,77,no,no,cellular,6,aug,455,4,-1,0,unknown,yes,2025-06-28 12:00:00
32,blue-collar,married,secondary,no,2366,yes,no,unknown,20,may,127,2,-1,0,unknown,no,2025-06-28 13:00:00
39,blue-collar,single,secondary,no,1170,no,no,unknown,6,jun,383,1,-1,0,unknown,no,2025-06-28 14:00:00
43,housemaid,single,primary,no,800,yes,no,cellular,13,may,902,1,-1,0,unknown,yes,2025-06-28 15:00:00
55,management,married,tertiary,no,0,no,no,unknown,16,jun,607,2,-1,0,unknown,no,2025-06-28 16:00:00
57,admin.,single,secondary,no,738,no,no,cellular,4,may,490,3,168,1,failure,no,2025-06-28 17:00:00
32,technician,married,tertiary,no,0,no,no,cellular,22,aug,277,3,-1,0,unknown,no,2025-06-28 18:00:00
50,self-employed,divorced,tertiary,no,387,no,no,cellular,7,jul,221,8,-1,0,unknown,no,2025-06-28 19:00:00
60,entrepreneur,married,primary,no,0,no,no,telephone,23,jul,40,1,-1,0,unknown,no,2025-06-28 20:00:00
32,blue-collar,married,primary,no,-94,yes,yes,cellular,11,may,308,1,-1,0,unknown,no,2025-06-28 21:00:00
67,retired,married,primary,no,4066,no,no,cellular,2,apr,104,6,-1,0,unknown,no,2025-06-28 22:00:00
39,self-employed,married,tertiary,no,585,yes,no,cellular,18,nov,48,1,181,3,failure,no,2025-06-28 23:00:00
29,admin.,married,secondary,no,19,no,no,cellular,28,jan,80,1,-1,0,unknown,no,2025-06-29 00:00:00
39,management,married,secondary,no,2981,no,no,cellular,26,mar,200,1,-1,0,unknown,yes,2025-06-29 01:00:00
22,unemployed,single,tertiary,no,993,no,no,cellular,28,jul,115,3,93,1,other,yes,2025-06-29 02:00:00
36,unemployed,single,tertiary,no,536,no,no,cellular,19,nov,520,1,-1,0,unknown,no,2025-06-29 03:00:00
30,management,single,tertiary,no,6493,no,no,cellular,11,aug,132,5,-1,0,unknown,no,2025-06-29 04:00:00
53,unknown,married,unknown,no,0,no,no,cellular,25,aug,209,5,-1,0,unknown,no,2025-06-29 05:00:00
34,admin.,married,secondary,no,95,yes,no,cellular,18,may,114,4,364,22,other,no,2025-06-29 06:00:00
42,services,single,secondary,no,241,yes,no,cellular,5,may,704,2,-1,0,unknown,no,2025-06-29 07:00:00
34,student,single,unknown,no,5827,no,no,cellular,17,nov,97,2,-1,0,unknown,no,2025-06-29 08:00:00
37,blue-collar,single,secondary,no,3572,yes,yes,cellular,20,nov,341,2,-1,0,unknown,no,2025-06-29 09:00:00
30,management,single,tertiary,no,-672,no,no,cellular,12,aug,130,2,-1,0,unknown,no,2025-06-29 10:00:00
39,technician,single,secondary,no,3867,no,no,cellular,26,aug,257,12,-1,0,unknown,no,2025-06-29 11:00:00
34,services,single,secondary,no,2257,no,yes,telephone,30,jan,568,2,-1,0,unknown,no,2025-06-29 12:00:00
44,management,married,secondary,no,38,yes,no,unknown,15,may,152,2,-1,0,unknown,no,2025-06-29 13:00:00
34,management,single,tertiary,no,647,yes,no,cellular,29,jan,392,1,-1,0,unknown,no,2025-06-29 14:00:00
39,entrepreneur,married,tertiary,no,2310,yes,yes,unknown,18,jun,104,1,-1,0,unknown,no,2025-06-29 15:00:00
52,blue-collar,married,secondary,no,4269,yes,yes,cellular,20,nov,44,1,-1,0,unknown,no,2025-06-29 16:00:00
30,self-employed,married,tertiary,no,1036,yes,yes,cellular,21,nov,82,2,-1,0,unknown,no,2025-06-29 17:00:00
31,admin.,single,secondary,no,130,yes,yes,unknown,12,may,132,1,-1,0,unknown,no,2025-06-29 18:00:00
38,services,married,secondary,no,18,yes,yes,cellular,17,nov,118,2,-1,0,unknown,no,2025-06-29 19:00:00
47,technician,married,tertiary,no,213,no,no,cellular,1,jun,154,1,-1,0,unknown,no,2025-06-29 20:00:00
34,technician,married,secondary,no,5553,yes,no,cellular,21,nov,798,2,182,5,failure,no,2025-06-29 21:00:00
49,management,single,tertiary,no,370,no,no,cellular,19,aug,386,3,-1,0,unknown,no,2025-06-29 22:00:00
34,services,married,secondary,no,1337,no,no,cellular,17,dec,330,2,127,3,success,yes,2025-06-29 23:00:00
57,housemaid,married,primary,no,473,no,no,unknown,9,jun,87,1,-1,0,unknown,no,2025-06-30 00:00:00
34,services,single,tertiary,no,3119,no,no,cellular,16,oct,306,1,-1,0,unknown,yes,2025-06-30 01:00:00
36,management,married,tertiary,no,0,no,no,cellular,12,aug,243,3,-1,0,unknown,no,2025-06-30 02:00:00
33,blue-collar,married,secondary,no,5441,yes,no,cellular,30,jul,312,6,-1,0,unknown,no,2025-06-30 03:00:00
33,blue-collar,married,primary,no,392,yes,no,unknown,23,may,302,1,-1,0,unknown,no,2025-06-30 04:00:00
37,admin.,single,secondary,no,686,yes,no,cellular,5,may,253,3,280,2,failure,no,2025-06-30 05:00:00
30,blue-collar,single,primary,no,185,no,no,unknown,26,jun,11,1,-1,0,unknown,no,2025-06-30 06:00:00
68,retired,married,primary,no,2398,no,no,cellular,8,oct,352,1,-1,0,unknown,no,2025-06-30 07:00:00
32,blue-collar,married,secondary,no,2089,yes,no,cellular,19,nov,192,1,5,1,success,no,2025-06-30 08:00:00
35,blue-collar,married,secondary,no,80,yes,yes,unknown,2,jun,579,2,-1,0,unknown,no,2025-06-30 09:00:00
32,management,single,tertiary,no,7444,yes,yes,cellular,13,may,22,1,370,1,failure,no,2025-06-30 10:00:00
32,self-employed,married,primary,no,-6,no,no,unknown,23,may,881,2,-1,0,unknown,no,2025-06-30 11:00:00
33,management,single,secondary,no,0,no,no,unknown,20,may,190,2,-1,0,unknown,no,2025-06-30 12:00:00
44,admin.,married,secondary,no,72,yes,yes,unknown,28,may,821,2,-1,0,unknown,no,2025-06-30 13:00:00
44,blue-collar,married,primary,no,1147,yes,no,cellular,12,may,23,1,-1,0,unknown,no,2025-06-30 14:00:00
69,retired,married,tertiary,no,473,no,no,cellular,7,jul,112,1,78,1,failure,no,2025-06-30 15:00:00
55,management,single,tertiary,no,854,yes,yes,unknown,17,jun,98,4,-1,0,unknown,no,2025-06-30 16:00:00
29,technician,single,secondary,no,0,yes,yes,cellular,13,may,77,4,-1,0,unknown,no,2025-06-30 17:00:00
28,services,single,secondary,no,0,no,no,cellular,28,jan,452,1,-1,0,unknown,no,2025-06-30 18:00:00
49,admin.,married,secondary,no,1629,no,no,cellular,31,jul,57,2,-1,0,unknown,no,2025-06-30 19:00:00
37,admin.,married,tertiary,no,2741,no,no,unknown,16,jun,204,4,-1,0,unknown,no,2025-06-30 20:00:00
58,management,married,tertiary,no,1517,yes,no,telephone,29,jul,7,5,-1,0,unknown,no,2025-06-30 21:00:00
42,admin.,married,unknown,no,642,yes,yes,unknown,16,may,509,2,-1,0,unknown,no,2025-06-30 22:00:00
27,student,single,tertiary,no,311,no,no,cellular,28,jul,462,1,148,4,success,yes,2025-06-30 23:00:00
52,admin.,married,primary,no,2255,yes,no,unknown,30,may,178,2,-1,0,unknown,no,2025-07-01 00:00:00
35,management,married,tertiary,no,24,yes,no,cellular,8,apr,169,1,231,2,failure,no,2025-07-01 01:00:00
34,unemployed,divorced,secondary,no,354,yes,no,unknown,9,may,308,1,-1,0,unknown,no,2025-07-01 02:00:00
31,blue-collar,married,primary,no,1644,no,no,cellular,5,jun,247,3,-1,0,unknown,no,2025-07-01 03:00:00
44,blue-collar,married,secondary,no,78,yes,no,unknown,12,may,253,2,-1,0,unknown,no,2025-07-01 04:00:00
40,technician,married,secondary,no,372,yes,no,cellular,13,aug,100,2,-1,0,unknown,no,2025-07-01 05:00:00
56,admin.,married,secondary,no,2146,no,yes,unknown,9,jun,594,1,-1,0,unknown,no,2025-07-01 06:00:00
59,management,married,tertiary,no,138,yes,yes,cellular,13,may,106,1,280,4,failure,no,2025-07-01 07:00:00
50,blue-collar,married,primary,no,1164,yes,no,unknown,8,may,166,2,-1,0,unknown,no,2025-07-01 08:00:00
54,management,divorced,tertiary,no,496,no,no,cellular,2,jun,161,1,140,3,success,no,2025-07-01 09:00:00
53,blue-collar,married,primary,no,4641,no,no,unknown,16,jun,356,2,-1,0,unknown,no,2025-07-01 10:00:00
28,unemployed,single,secondary,yes,-1270,no,yes,telephone,7,jul,237,2,-1,0,unknown,no,2025-07-01 11:00:00
40,blue-collar,married,secondary,no,0,yes,yes,cellular,19,nov,53,2,-1,0,unknown,no,2025-07-01 12:00:00
36,technician,married,tertiary,no,71,no,no,cellular,19,aug,587,2,-1,0,unknown,no,2025-07-01 13:00:00
45,blue-collar,married,primary,no,2433,no,no,cellular,6,aug,133,2,-1,0,unknown,no,2025-07-01 14:00:00
44,technician,married,secondary,no,1371,no,no,cellular,7,aug,159,3,-1,0,unknown,no,2025-07-01 15:00:00
53,technician,married,secondary,no,1344,no,no,cellular,19,aug,85,6,-1,0,unknown,no,2025-07-01 16:00:00
48,technician,married,secondary,no,759,yes,no,cellular,28,jul,84,5,-1,0,unknown,no,2025-07-01 17:00:00
44,management,married,tertiary,no,3665,no,no,cellular,17,mar,325,1,-1,0,unknown,no,2025-07-01 18:00:00
57,retired,married,primary,no,70,yes,yes,unknown,16,may,186,5,-1,0,unknown,no,2025-07-01 19:00:00
55,retired,divorced,secondary,no,138,no,no,cellular,17,jul,205,1,-1,0,unknown,no,2025-07-01 20:00:00
42,technician,married,secondary,no,300,yes,no,cellular,19,nov,76,1,-1,0,unknown,no,2025-07-01 21:00:00
42,technician,single,secondary,no,-1,no,no,cellular,29,jan,259,1,-1,0,unknown,no,2025-07-01 22:00:00
41,entrepreneur,married,primary,no,1331,no,no,telephone,10,jul,465,7,-1,0,unknown,no,2025-07-01 23:00:00
55,technician,married,tertiary,no,1320,no,no,cellular,28,jul,340,1,91,2,success,yes,2025-07-02 00:00:00
42,technician,divorced,secondary,no,37,no,no,cellular,28,aug,28,16,-1,0,unknown,no,2025-07-02 01:00:00
43,services,single,secondary,no,21,no,no,cellular,3,feb,203,3,-1,0,unknown,no,2025-07-02 02:00:00
48,technician,married,secondary,no,3069,no,no,cellular,4,aug,597,2,-1,0,unknown,no,2025-07-02 03:00:00
41,blue-collar,married,primary,no,208,yes,no,unknown,16,may,315,3,-1,0,unknown,no,2025-07-02 04:00:00
35,blue-collar,married,primary,no,2953,yes,no,telephone,6,may,97,2,-1,0,unknown,no,2025-07-02 05:00:00
27,technician,single,secondary,no,0,no,no,cellular,6,feb,161,1,-1,0,unknown,no,2025-07-02 06:00:00
53,admin.,married,secondary,no,105,no,yes,cellular,21,aug,74,2,-1,0,unknown,no,2025-07-02 07:00:00
31,unemployed,single,unknown,no,167,no,no,cellular,20,nov,316,1,-1,0,unknown,no,2025-07-02 08:00:00
30,blue-collar,married,secondary,no,-71,yes,no,cellular,6,may,165,2,-1,0,unknown,no,2025-07-02 09:00:00
48,blue-collar,divorced,secondary,no,271,yes,yes,cellular,24,jul,23,1,-1,0,unknown,no,2025-07-02 10:00:00
32,management,single,tertiary,no,462,no,no,cellular,21,apr,252,1,-1,0,unknown,no,2025-07-02 11:00:00
33,admin.,married,secondary,no,21,no,no,unknown,6,may,189,3,-1,0,unknown,no,2025-07-02 12:00:00
44,management,single,tertiary,no,825,yes,no,unknown,11,jun,427,2,-1,0,unknown,no,2025-07-02 13:00:00
33,self-employed,single,secondary,no,136,yes,no,cellular,18,may,30,2,336,13,other,no,2025-07-02 14:00:00
50,management,married,tertiary,no,830,no,no,cellular,17,nov,71,1,138,2,failure,no,2025-07-02 15:00:00
37,admin.,married,secondary,no,121,no,no,cellular,22,jul,22,6,-1,0,unknown,no,2025-07-02 16:00:00
33,blue-collar,married,secondary,no,1786,no,no,cellular,10,jul,209,1,-1,0,unknown,no,2025-07-02 17:00:00
53,blue-collar,married,secondary,no,143,yes,no,cellular,7,jul,122,5,-1,0,unknown,no,2025-07-02 18:00:00
33,admin.,single,tertiary,no,146,no,no,cellular,23,jul,351,3,-1,0,unknown,yes,2025-07-02 19:00:00
52,admin.,married,secondary,no,82,yes,yes,telephone,15,jul,1142,4,-1,0,unknown,no,2025-07-02 20:00:00
43,self-employed,married,tertiary,no,3157,no,no,cellular,21,apr,381,2,330,17,other,no,2025-07-02 21:00:00
39,housemaid,single,primary,no,109,yes,no,unknown,6,may,699,3,-1,0,unknown,no,2025-07-02 22:00:00
26,technician,single,secondary,no,3382,no,no,cellular,24,jul,844,5,-1,0,unknown,no,2025-07-02 23:00:00
38,technician,single,secondary,no,0,no,no,cellular,21,aug,66,2,-1,0,unknown,no,2025-07-03 00:00:00
27,entrepreneur,married,tertiary,no,-23,no,no,cellular,10,jul,123,4,-1,0,unknown,no,2025-07-03 01:00:00
35,technician,married,secondary,no,149,yes,no,cellular,29,jan,99,1,245,2,failure,no,2025-07-03 02:00:00
36,management,single,tertiary,no,86,no,no,cellular,25,aug,48,4,-1,0,unknown,no,2025-07-03 03:00:00
46,blue-collar,married,secondary,no,176,no,no,unknown,29,may,131,1,-1,0,unknown,no,2025-07-03 04:00:00
45,self-employed,married,tertiary,no,334,no,no,unknown,5,jun,87,2,-1,0,unknown,no,2025-07-03 05:00:00
45,management,married,tertiary,no,1929,yes,no,unknown,29,may,44,15,-1,0,unknown,no,2025-07-03 06:00:00
57,unemployed,married,secondary,no,1681,no,no,cellular,18,nov,226,1,-1,0,unknown,no,2025-07-03 07:00:00
39,technician,married,secondary,no,5574,no,no,cellular,14,aug,102,2,-1,0,unknown,no,2025-07-03 08:00:00
30,technician,single,tertiary,no,411,no,no,cellular,26,may,111,1,35,1,failure,no,2025-07-03 09:00:00
39,management,married,tertiary,no,3913,no,no,cellular,18,aug,150,4,-1,0,unknown,no,2025-07-03 10:00:00
34,management,married,tertiary,no,276,no,no,cellular,29,jan,216,1,-1,0,unknown,no,2025-07-03 11:00:00
50,management,single,tertiary,no,1300,yes,no,unknown,13,may,379,2,-1,0,unknown,no,2025-07-03 12:00:00
38,blue-collar,single,primary,no,199,yes,no,unknown,27,may,268,4,-1,0,unknown,no,2025-07-03 13:00:00
50,management,married,secondary,no,268,no,no,cellular,5,mar,61,2,-1,0,unknown,no,2025-07-03 14:00:00
30,management,married,tertiary,no,388,no,no,cellular,13,aug,157,1,-1,0,unknown,no,2025-07-03 15:00:00
56,technician,married,secondary,no,463,no,no,unknown,26,may,131,2,-1,0,unknown,no,2025-07-03 16:00:00
33,admin.,married,secondary,no,0,yes,no,cellular,21,nov,57,6,-1,0,unknown,no,2025-07-03 17:00:00
49,blue-collar,married,primary,no,-167,no,no,cellular,7,jul,51,1,-1,0,unknown,no,2025-07-03 18:00:00
23,technician,single,secondary,no,-306,yes,no,unknown,4,jun,217,2,-1,0,unknown,no,2025-07-03 19:00:00
35,entrepreneur,single,secondary,no,475,no,yes,cellular,21,jul,936,4,-1,0,unknown,no,2025-07-03 20:00:00
54,technician,single,secondary,no,23,no,no,cellular,30,jul,93,4,-1,0,unknown,no,2025-07-03 21:00:00
49,blue-collar,married,primary,no,383,yes,yes,unknown,26,may,31,1,-1,0,unknown,no,2025-07-03 22:00:00
37,admin.,single,secondary,no,810,yes,no,cellular,8,apr,376,1,295,1,failure,no,2025-07-03 23:00:00
71,retired,married,primary,no,4847,no,no,cellular,16,sep,657,2,-1,0,unknown,no,2025-07-04 00:00:00
42,management,married,tertiary,no,0,no,no,cellular,26,aug,179,16,-1,0,unknown,no,2025-07-04 01:00:00
33,admin.,single,secondary,no,422,yes,no,cellular,12,may,235,2,361,2,failure,no,2025-07-04 02:00:00
56,management,divorced,tertiary,no,535,yes,no,cellular,24,jul,67,1,-1,0,unknown,no,2025-07-04 03:00:00
45,management,married,tertiary,no,-61,no,no,cellular,30,jan,90,5,172,1,failure,no,2025-07-04 04:00:00
67,management,married,tertiary,no,405,no,no,cellular,10,nov,344,2,95,2,success,yes,2025-07-04 05:00:00
39,management,married,tertiary,no,622,no,no,cellular,22,may,181,2,184,1,failure,no,2025-07-04 06:00:00
31,admin.,single,secondary,no,-302,yes,yes,unknown,27,may,235,5,-1,0,unknown,no,2025-07-04 07:00:00
29,blue-collar,married,secondary,no,1956,yes,no,unknown,16,may,266,6,-1,0,unknown,no,2025-07-04 08:00:00
39,blue-collar,married,secondary,no,298,yes,no,unknown,20,may,216,1,-1,0,unknown,no,2025-07-04 09:00:00
34,technician,married,secondary,no,1246,no,no,unknown,28,may,88,3,-1,0,unknown,no,2025-07-04 10:00:00
41,blue-collar,married,secondary,no,14,yes,no,cellular,14,may,161,3,-1,0,unknown,no,2025-07-04 11:00:00
41,blue-collar,married,secondary,no,1293,no,no,telephone,31,jul,350,15,-1,0,unknown,no,2025-07-04 12:00:00
48,services,married,secondary,no,7019,yes,no,unknown,30,may,465,3,-1,0,unknown,no,2025-07-04 13:00:00
52,admin.,married,secondary,no,1648,yes,no,cellular,19,nov,172,3,-1,0,unknown,no,2025-07-04 14:00:00
32,admin.,single,secondary,no,211,yes,no,cellular,18,may,114,1,-1,0,unknown,no,2025-07-04 15:00:00
33,housemaid,married,primary,no,2293,yes,no,cellular,19,nov,457,2,-1,0,unknown,no,2025-07-04 16:00:00
37,management,married,unknown,no,247,no,no,cellular,9,jul,366,1,-1,0,unknown,no,2025-07-04 17:00:00
33,blue-collar,divorced,secondary,no,744,yes,no,cellular,21,nov,59,3,-1,0,unknown,no,2025-07-04 18:00:00
68,retired,married,unknown,no,3701,no,no,telephone,8,jun,149,1,-1,0,unknown,no,2025-07-04 19:00:00
53,retired,married,primary,no,136,yes,no,unknown,6,may,267,2,-1,0,unknown,no,2025-07-04 20:00:00
53,admin.,divorced,secondary,no,1151,yes,no,unknown,5,may,412,1,-1,0,unknown,no,2025-07-04 21:00:00
49,blue-collar,married,primary,no,2068,yes,no,unknown,3,jun,45,1,-1,0,unknown,no,2025-07-04 22:00:00
50,housemaid,married,tertiary,no,6181,no,no,unknown,17,jun,1162,2,-1,0,unknown,no,2025-07-04 23:00:00
37,admin.,married,secondary,no,0,no,yes,unknown,19,jun,176,2,-1,0,unknown,no,2025-07-05 00:00:00
26,admin.,single,secondary,no,712,yes,no,unknown,6,may,232,1,-1,0,unknown,no,2025-07-05 01:00:00
28,technician,single,tertiary,no,558,yes,no,cellular,15,may,300,1,-1,0,unknown,no,2025-07-05 02:00:00
29,admin.,divorced,secondary,no,1320,yes,yes,unknown,8,may,489,1,-1,0,unknown,no,2025-07-05 03:00:00
52,technician,married,secondary,no,64,no,no,telephone,29,aug,20,2,-1,0,unknown,no,2025-07-05 04:00:00
49,technician,married,secondary,no,175,yes,yes,cellular,21,nov,70,1,-1,0,unknown,no,2025-07-05 05:00:00
47,technician,married,secondary,no,536,yes,no,cellular,18,may,778,2,336,2,success,no,2025-07-05 06:00:00
26,management,single,tertiary,no,122,no,yes,cellular,8,jul,160,1,-1,0,unknown,no,2025-07-05 07:00:00
58,management,divorced,tertiary,no,-197,yes,no,unknown,27,may,277,4,-1,0,unknown,no,2025-07-05 08:00:00
42,blue-collar,single,secondary,no,-178,yes,no,cellular,15,jul,178,3,-1,0,unknown,no,2025-07-05 09:00:00
49,admin.,married,secondary,no,2116,no,no,cellular,8,aug,109,3,-1,0,unknown,no,2025-07-05 10:00:00
42,entrepreneur,married,secondary,no,0,yes,no,cellular,20,nov,73,4,-1,0,unknown,no,2025-07-05 11:00:00
46,blue-collar,married,primary,no,-271,yes,no,cellular,25,jul,65,2,-1,0,unknown,no,2025-07-05 12:00:00
48,entrepreneur,married,secondary,no,0,yes,no,cellular,11,may,430,3,-1,0,unknown,no,2025-07-05 13:00:00
45,blue-collar,single,primary,no,116,no,no,unknown,13,apr,122,1,-1,0,unknown,yes,2025-07-05 14:00:00
39,technician,married,secondary,no,0,yes,yes,cellular,21,nov,83,1,-1,0,unknown,no,2025-07-05 15:00:00
40,blue-collar,divorced,secondary,no,125,yes,no,unknown,19,may,349,2,-1,0,unknown,no,2025-07-05 16:00:00
32,blue-collar,married,secondary,no,2549,yes,no,unknown,23,may,246,3,-1,0,unknown,no,2025-07-05 17:00:00
35,blue-collar,divorced,primary,no,21,yes,no,cellular,4,feb,166,2,-1,0,unknown,no,2025-07-05 18:00:00
43,services,married,secondary,no,41,yes,yes,unknown,5,may,127,2,-1,0,unknown,no,2025-07-05 19:00:00
35,management,married,tertiary,no,260,no,no,cellular,7,aug,358,2,-1,0,unknown,no,2025-07-05 20:00:00
30,technician,single,secondary,no,2573,yes,no,unknown,5,may,67,2,-1,0,unknown,no,2025-07-05 21:00:00
42,blue-collar,married,primary,no,1461,yes,no,cellular,7,may,757,2,170,3,failure,yes,2025-07-05 22:00:00
32,self-employed,married,tertiary,no,322,yes,no,cellular,4,feb,192,2,272,1,failure,no,2025-07-05 23:00:00
32,management,single,tertiary,no,11315,no,no,unknown,23,may,286,1,-1,0,unknown,no,2025-07-06 00:00:00
56,admin.,married,primary,no,0,yes,no,cellular,3,apr,353,2,227,4,failure,no,2025-07-06 01:00:00
30,management,married,secondary,no,-559,yes,yes,cellular,7,may,98,1,167,2,failure,no,2025-07-06 02:00:00
59,blue-collar,married,secondary,no,5314,yes,no,cellular,5,may,200,3,-1,0,unknown,no,2025-07-06 03:00:00
32,blue-collar,single,secondary,no,322,yes,no,cellular,13,may,233,3,-1,0,unknown,no,2025-07-06 04:00:00
34,management,married,tertiary,no,0,yes,no,unknown,21,may,88,2,-1,0,unknown,no,2025-07-06 05:00:00
53,housemaid,married,tertiary,no,2353,yes,no,cellular,23,jul,471,2,-1,0,unknown,no,2025-07-06 06:00:00
38,management,married,tertiary,no,1308,yes,no,cellular,2,feb,626,1,-1,0,unknown,yes,2025-07-06 07:00:00
53,services,married,secondary,no,4994,no,no,cellular,18,aug,62,6,-1,0,unknown,no,2025-07-06 08:00:00
48,admin.,married,secondary,no,368,yes,no,telephone,7,may,430,2,367,2,failure,no,2025-07-06 09:00:00
38,blue-collar,married,secondary,no,0,no,no,unknown,20,jun,152,5,-1,0,unknown,no,2025-07-06 10:00:00
49,blue-collar,married,primary,no,-232,no,yes,cellular,11,aug,106,2,-1,0,unknown,no,2025-07-06 11:00:00
33,technician,married,secondary,no,1968,yes,no,cellular,20,apr,1817,3,-1,0,unknown,yes,2025-07-06 12:00:00
60,admin.,divorced,secondary,no,12039,no,no,telephone,8,apr,236,1,-1,0,unknown,yes,2025-07-06 13:00:00
43,self-employed,married,secondary,no,0,yes,no,cellular,8,may,131,1,-1,0,unknown,no,2025-07-06 14:00:00
57,retired,married,secondary,no,-133,no,no,cellular,19,aug,197,2,-1,0,unknown,no,2025-07-06 15:00:00
78,retired,married,primary,no,2735,no,no,telephone,26,feb,418,2,-1,0,unknown,no,2025-07-06 16:00:00
43,management,married,tertiary,no,1781,no,no,cellular,17,nov,69,2,-1,0,unknown,no,2025-07-06 17:00:00
37,blue-collar,married,secondary,no,688,yes,no,cellular,9,feb,158,2,279,2,failure,no,2025-07-06 18:00:00
47,technician,married,secondary,no,1387,yes,no,unknown,30,may,219,4,-1,0,unknown,no,2025-07-06 19:00:00
50,entrepreneur,divorced,tertiary,no,315,no,no,cellular,8,jan,249,1,119,1,failure,no,2025-07-06 20:00:00
58,unemployed,divorced,secondary,no,7798,no,no,unknown,18,jun,247,5,-1,0,unknown,no,2025-07-06 21:00:00
30,technician,single,tertiary,no,53,no,no,cellular,30,oct,155,1,184,1,success,no,2025-07-06 22:00:00
42,management,married,tertiary,no,559,no,no,cellular,19,aug,88,1,-1,0,unknown,no,2025-07-06 23:00:00
49,management,married,secondary,no,321,no,no,unknown,9,jun,135,3,-1,0,unknown,no,2025-07-07 00:00:00
39,blue-collar,married,secondary,no,2239,no,no,unknown,17,jun,133,2,-1,0,unknown,no,2025-07-07 01:00:00
35,admin.,married,secondary,no,449,yes,no,cellular,17,jul,43,8,-1,0,unknown,no,2025-07-07 02:00:00
42,blue-collar,married,secondary,no,-628,yes,yes,unknown,15,may,251,1,-1,0,unknown,no,2025-07-07 03:00:00
32,management,married,tertiary,no,71,no,no,cellular,6,aug,80,3,-1,0,unknown,no,2025-07-07 04:00:00
47,housemaid,married,secondary,no,3940,yes,no,cellular,30,apr,211,1,87,1,other,no,2025-07-07 05:00:00
57,technician,divorced,secondary,no,1244,yes,no,cellular,18,jul,383,1,-1,0,unknown,no,2025-07-07 06:00:00
62,management,married,tertiary,no,1859,no,no,telephone,6,aug,245,3,-1,0,unknown,yes,2025-07-07 07:00:00
45,technician,married,secondary,no,1412,yes,no,cellular,11,may,764,4,-1,0,unknown,no,2025-07-07 08:00:00
32,student,single,tertiary,no,922,no,no,cellular,18,oct,338,2,-1,0,unknown,no,2025-07-07 09:00:00
32,blue-collar,divorced,primary,no,-156,yes,no,cellular,24,jul,129,2,-1,0,unknown,no,2025-07-07 10:00:00
31,technician,married,secondary,no,4,yes,no,cellular,17,apr,234,2,-1,0,unknown,no,2025-07-07 11:00:00
28,admin.,single,secondary,no,520,yes,no,cellular,15,jun,29,1,-1,0,unknown,no,2025-07-07 12:00:00
38,entrepreneur,married,secondary,no,61,yes,yes,unknown,28,may,170,5,-1,0,unknown,no,2025-07-07 13:00:00
28,blue-collar,married,secondary,no,100,yes,yes,unknown,27,may,132,2,-1,0,unknown,no,2025-07-07 14:00:00
38,entrepreneur,married,secondary,no,0,yes,yes,cellular,17,nov,258,1,-1,0,unknown,no,2025-07-07 15:00:00
60,admin.,married,secondary,no,106,no,no,cellular,24,feb,137,1,187,4,success,yes,2025-07-07 16:00:00
38,blue-collar,single,primary,no,419,yes,no,unknown,20,may,656,1,-1,0,unknown,no,2025-07-07 17:00:00
41,services,single,secondary,no,0,no,no,unknown,20,jun,204,2,-1,0,unknown,no,2025-07-07 18:00:00
30,management,married,tertiary,no,370,no,no,cellular,29,jan,250,1,246,1,other,no,2025-07-07 19:00:00
37,management,married,tertiary,no,5,no,no,cellular,29,aug,36,2,-1,0,unknown,no,2025-07-07 20:00:00
40,blue-collar,married,primary,no,2880,yes,no,unknown,6,may,145,2,-1,0,unknown,no,2025-07-07 21:00:00
36,technician,married,secondary,no,318,no,no,cellular,30,jul,295,2,-1,0,unknown,no,2025-07-07 22:00:00
53,admin.,married,secondary,no,769,no,no,cellular,4,aug,59,1,-1,0,unknown,no,2025-07-07 23:00:00
37,technician,single,secondary,no,884,yes,yes,cellular,31,jul,128,2,-1,0,unknown,no,2025-07-08 00:00:00
51,admin.,married,unknown,no,3558,yes,no,unknown,9,jun,80,3,-1,0,unknown,no,2025-07-08 01:00:00
59,blue-collar,married,primary,no,595,no,no,telephone,31,jul,208,7,-1,0,unknown,no,2025-07-08 02:00:00
50,services,single,secondary,no,321,no,no,telephone,22,aug,90,11,-1,0,unknown,no,2025-07-08 03:00:00
28,services,single,secondary,no,458,no,no,cellular,4,feb,112,4,201,3,failure,no,2025-07-08 04:00:00
26,admin.,married,secondary,no,710,yes,yes,unknown,6,jun,1276,2,-1,0,unknown,yes,2025-07-08 05:00:00
38,blue-collar,married,secondary,no,1663,yes,no,cellular,13,apr,217,3,327,1,failure,no,2025-07-08 06:00:00
34,technician,single,secondary,no,232,no,no,cellular,7,jul,130,1,-1,0,unknown,no,2025-07-08 07:00:00
36,student,single,unknown,no,172,no,no,unknown,12,jun,81,1,-1,0,unknown,no,2025-07-08 08:00:00
64,housemaid,married,primary,no,67,no,no,telephone,14,dec,86,2,111,1,failure,no,2025-07-08 09:00:00
52,blue-collar,married,secondary,no,157,yes,yes,unknown,19,may,107,2,-1,0,unknown,no,2025-07-08 10:00:00
59,housemaid,married,primary,no,-187,yes,no,telephone,21,jul,118,7,-1,0,unknown,no,2025-07-08 11:00:00
72,retired,married,secondary,no,1978,no,no,cellular,6,sep,312,1,-1,0,unknown,yes,2025-07-08 12:00:00
34,management,single,tertiary,no,4348,yes,no,cellular,28,aug,373,8,-1,0,unknown,no,2025-07-08 13:00:00
38,admin.,married,secondary,no,0,yes,yes,cellular,17,apr,547,2,-1,0,unknown,yes,2025-07-08 14:00:00
52,technician,married,secondary,no,1815,no,no,cellular,6,aug,131,3,-1,0,unknown,no,2025-07-08 15:00:00
47,blue-collar,married,secondary,no,480,yes,no,unknown,28,may,211,2,-1,0,unknown,no,2025-07-08 16:00:00
42,blue-collar,married,primary,no,-67,yes,no,unknown,9,may,128,1,-1,0,unknown,no,2025-07-08 17:00:00
28,management,single,tertiary,no,957,no,no,cellular,25,may,915,2,-1,0,unknown,yes,2025-07-08 18:00:00
48,technician,married,secondary,no,2688,no,yes,cellular,26,aug,610,2,-1,0,unknown,no,2025-07-08 19:00:00
48,technician,married,secondary,no,0,yes,yes,unknown,2,jul,44,2,-1,0,unknown,no,2025-07-08 20:00:00
34,management,married,tertiary,no,1666,no,no,cellular,11,aug,36,4,-1,0,unknown,no,2025-07-08 21:00:00
38,technician,married,secondary,no,275,yes,no,cellular,3,apr,277,2,333,1,failure,no,2025-07-08 22:00:00
29,services,divorced,secondary,no,92,yes,no,cellular,7,may,240,1,-1,0,unknown,no,2025-07-08 23:00:00
31,management,single,tertiary,no,2007,yes,no,unknown,20,may,253,1,-1,0,unknown,no,2025-07-09 00:00:00
58,management,divorced,secondary,no,321,no,yes,cellular,17,nov,254,2,-1,0,unknown,no,2025-07-09 01:00:00
39,admin.,divorced,secondary,no,512,no,no,cellular,4,feb,275,1,-1,0,unknown,no,2025-07-09 02:00:00
32,management,married,tertiary,no,713,yes,no,cellular,11,aug,76,7,-1,0,unknown,no,2025-07-09 03:00:00
58,management,married,primary,no,4850,no,no,cellular,7,jul,179,2,-1,0,unknown,no,2025-07-09 04:00:00
44,management,married,tertiary,no,0,yes,no,unknown,28,may,260,1,-1,0,unknown,no,2025-07-09 05:00:00
36,services,single,tertiary,no,72,yes,no,unknown,8,may,80,1,-1,0,unknown,no,2025-07-09 06:00:00
39,blue-collar,married,secondary,no,138,no,no,unknown,9,jun,61,2,-1,0,unknown,no,2025-07-09 07:00:00
33,technician,married,tertiary,no,565,yes,no,cellular,8,may,77,2,-1,0,unknown,no,2025-07-09 08:00:00
31,management,single,tertiary,no,23,yes,no,cellular,7,may,98,1,-1,0,unknown,no,2025-07-09 09:00:00
47,blue-collar,married,primary,no,124,no,no,cellular,7,aug,76,2,-1,0,unknown,no,2025-07-09 10:00:00
54,blue-collar,married,unknown,no,363,yes,no,unknown,13,may,202,1,-1,0,unknown,no,2025-07-09 11:00:00
45,housemaid,married,primary,no,4994,no,no,unknown,20,jun,48,1,-1,0,unknown,no,2025-07-09 12:00:00
37,management,married,tertiary,no,16,no,no,cellular,20,aug,280,1,-1,0,unknown,no,2025-07-09 13:00:00
32,technician,married,tertiary,no,0,yes,yes,cellular,29,jan,223,1,261,2,failure,no,2025-07-09 14:00:00
37,management,single,tertiary,no,200,no,no,cellular,7,aug,259,4,-1,0,unknown,no,2025-07-09 15:00:00
39,services,married,primary,no,1601,yes,no,cellular,21,nov,219,2,182,2,failure,no,2025-07-09 16:00:00
29,management,single,tertiary,no,91,no,no,cellular,30,apr,99,1,274,4,other,no,2025-07-09 17:00:00
48,management,married,tertiary,no,6613,no,no,unknown,17,jun,159,3,-1,0,unknown,no,2025-07-09 18:00:00
28,technician,single,secondary,no,280,yes,no,unknown,14,may,142,3,-1,0,unknown,no,2025-07-09 19:00:00
37,management,married,tertiary,no,15437,yes,no,cellular,10,jul,123,1,-1,0,unknown,no,2025-07-09 20:00:00
34,management,married,tertiary,no,362,yes,no,unknown,30,may,38,3,-1,0,unknown,no,2025-07-09 21:00:00
44,services,married,primary,no,1161,yes,no,unknown,19,may,110,5,-1,0,unknown,no,2025-07-09 22:00:00
28,technician,single,secondary,no,16,no,no,cellular,17,apr,268,1,333,1,failure,no,2025-07-09 23:00:00
39,admin.,married,secondary,no,-650,no,no,cellular,15,may,123,2,364,1,failure,no,2025-07-10 00:00:00
42,technician,divorced,secondary,no,611,yes,no,cellular,16,apr,804,2,262,5,failure,no,2025-07-10 01:00:00
47,entrepreneur,married,tertiary,no,416,yes,yes,telephone,11,jul,87,2,-1,0,unknown,no,2025-07-10 02:00:00
24,technician,single,secondary,no,1371,yes,yes,cellular,7,may,166,2,-1,0,unknown,no,2025-07-10 03:00:00
47,unemployed,married,secondary,no,432,no,no,cellular,13,aug,334,2,-1,0,unknown,no,2025-07-10 04:00:00
25,admin.,single,secondary,no,19,no,no,cellular,10,jul,133,1,-1,0,unknown,no,2025-07-10 05:00:00
39,admin.,married,secondary,no,3732,yes,no,cellular,18,nov,515,1,181,2,failure,no,2025-07-10 06:00:00
29,technician,married,secondary,no,1599,yes,no,cellular,1,feb,200,2,96,3,failure,no,2025-07-10 07:00:00
46,entrepreneur,married,tertiary,no,-43,no,no,unknown,12,may,138,8,-1,0,unknown,no,2025-07-10 08:00:00
30,unemployed,married,primary,no,1379,no,yes,cellular,20,nov,172,2,-1,0,unknown,no,2025-07-10 09:00:00
36,blue-collar,married,secondary,no,71,yes,no,unknown,30,may,510,5,-1,0,unknown,no,2025-07-10 10:00:00
43,technician,married,secondary,no,310,yes,no,unknown,29,may,291,1,-1,0,unknown,no,2025-07-10 11:00:00
36,student,single,secondary,no,904,no,no,telephone,5,feb,36,9,8,13,other,no,2025-07-10 12:00:00
58,technician,married,secondary,no,99,no,no,telephone,22,sep,396,2,-1,0,unknown,yes,2025-07-10 13:00:00
30,services,married,secondary,no,2,no,yes,unknown,23,may,50,3,-1,0,unknown,no,2025-07-10 14:00:00
41,services,married,secondary,no,-700,no,yes,unknown,12,jun,309,1,-1,0,unknown,no,2025-07-10 15:00:00
26,blue-collar,single,secondary,no,2007,no,no,cellular,13,oct,194,1,92,5,success,yes,2025-07-10 16:00:00
36,entrepreneur,married,tertiary,no,125,yes,no,unknown,6,may,95,3,-1,0,unknown,no,2025-07-10 17:00:00
59,management,married,tertiary,no,1857,no,no,cellular,29,jan,386,1,168,4,failure,no,2025-07-10 18:00:00
75,retired,divorced,primary,no,1926,no,no,cellular,9,sep,761,1,93,5,other,no,2025-07-10 19:00:00
27,management,single,tertiary,no,205,no,no,cellular,13,may,204,3,-1,0,unknown,no,2025-07-10 20:00:00
40,admin.,married,primary,no,1314,yes,no,unknown,29,may,284,1,-1,0,unknown,no,2025-07-10 21:00:00
38,management,married,tertiary,no,1875,no,no,cellular,17,nov,286,1,-1,0,unknown,no,2025-07-10 22:00:00
44,blue-collar,divorced,secondary,no,-1,no,yes,cellular,15,jul,194,5,-1,0,unknown,no,2025-07-10 23:00:00
35,technician,divorced,secondary,no,2823,yes,no,cellular,2,feb,229,1,-1,0,unknown,no,2025-07-11 00:00:00
59,technician,married,tertiary,no,0,no,no,cellular,18,jul,274,5,-1,0,unknown,no,2025-07-11 01:00:00
34,technician,divorced,secondary,no,175,yes,no,cellular,14,may,21,8,-1,0,unknown,no,2025-07-11 02:00:00
32,admin.,married,secondary,no,8749,yes,yes,unknown,21,oct,294,1,-1,0,unknown,yes,2025-07-11 03:00:00
48,blue-collar,married,secondary,no,2054,yes,no,cellular,6,aug,127,2,-1,0,unknown,no,2025-07-11 04:00:00
49,management,married,tertiary,no,20,yes,no,cellular,4,feb,117,1,-1,0,unknown,no,2025-07-11 05:00:00
38,entrepreneur,single,tertiary,no,-274,yes,yes,cellular,29,jan,103,1,247,2,failure,no,2025-07-11 06:00:00
59,retired,married,secondary,no,1896,no,no,telephone,20,nov,134,9,-1,0,unknown,no,2025-07-11 07:00:00
27,blue-collar,single,tertiary,no,567,no,no,cellular,26,may,523,3,182,3,success,yes,2025-07-11 08:00:00
46,blue-collar,married,primary,no,1666,yes,no,unknown,9,jun,94,13,-1,0,unknown,no,2025-07-11 09:00:00
39,management,married,tertiary,no,1598,yes,yes,unknown,27,may,87,3,-1,0,unknown,no,2025-07-11 10:00:00
53,technician,married,secondary,no,287,no,no,telephone,6,feb,13,5,-1,0,unknown,no,2025-07-11 11:00:00
56,services,divorced,primary,no,588,no,no,cellular,17,nov,303,2,-1,0,unknown,no,2025-07-11 12:00:00
31,technician,single,tertiary,no,3729,yes,no,cellular,5,feb,176,2,8,10,other,no,2025-07-11 13:00:00
66,retired,married,secondary,no,780,no,no,cellular,12,feb,388,4,-1,0,unknown,no,2025-07-11 14:00:00
39,technician,married,secondary,no,-1451,yes,yes,cellular,30,jul,65,5,-1,0,unknown,no,2025-07-11 15:00:00
36,admin.,married,secondary,no,-423,yes,yes,unknown,13,may,106,1,-1,0,unknown,no,2025-07-11 16:00:00
52,technician,divorced,secondary,no,144,yes,no,cellular,15,may,362,1,-1,0,unknown,no,2025-07-11 17:00:00
38,services,married,secondary,no,25,yes,yes,unknown,26,may,266,3,-1,0,unknown,no,2025-07-11 18:00:00
52,technician,divorced,secondary,no,137,yes,no,unknown,30,may,84,3,-1,0,unknown,no,2025-07-11 19:00:00
45,technician,single,secondary,no,819,no,yes,cellular,17,nov,200,1,-1,0,unknown,no,2025-07-11 20:00:00
45,management,married,tertiary,no,0,no,no,cellular,14,aug,64,2,-1,0,unknown,no,2025-07-11 21:00:00
58,blue-collar,married,secondary,no,0,no,no,cellular,18,aug,27,17,-1,0,unknown,no,2025-07-11 22:00:00
33,management,divorced,tertiary,no,723,yes,no,unknown,27,may,246,1,-1,0,unknown,no,2025-07-11 23:00:00
47,admin.,single,secondary,no,3696,no,no,cellular,12,jul,250,2,181,4,success,yes,2025-07-12 00:00:00
29,services,single,secondary,no,31,yes,no,cellular,11,may,82,1,369,3,other,no,2025-07-12 01:00:00
44,entrepreneur,divorced,secondary,no,-600,yes,yes,cellular,29,jan,367,3,-1,0,unknown,no,2025-07-12 02:00:00
20,student,single,secondary,no,-322,yes,no,unknown,20,jun,73,4,-1,0,unknown,no,2025-07-12 03:00:00
44,services,divorced,secondary,no,51,yes,yes,unknown,27,may,3094,2,-1,0,unknown,yes,2025-07-12 04:00:00
35,blue-collar,married,secondary,no,1209,yes,no,unknown,26,may,304,3,-1,0,unknown,no,2025-07-12 05:00:00
28,management,married,tertiary,no,3844,yes,no,unknown,3,jun,132,2,-1,0,unknown,no,2025-07-12 06:00:00
31,management,single,tertiary,no,938,no,no,cellular,14,jun,472,1,384,3,failure,no,2025-07-12 07:00:00
34,technician,single,secondary,no,391,no,no,cellular,27,aug,214,8,-1,0,unknown,no,2025-07-12 08:00:00
32,technician,married,tertiary,no,-252,yes,no,cellular,29,jul,52,4,-1,0,unknown,no,2025-07-12 09:00:00
31,management,married,tertiary,no,1812,no,no,cellular,12,aug,112,1,104,1,success,no,2025-07-12 10:00:00
29,technician,single,secondary,no,28,no,no,cellular,9,feb,96,2,-1,0,unknown,no,2025-07-12 11:00:00
27,blue-collar,single,secondary,no,23,no,no,cellular,26,feb,590,2,-1,0,unknown,no,2025-07-12 12:00:00
33,technician,married,primary,no,5,no,no,unknown,21,may,57,2,-1,0,unknown,no,2025-07-12 13:00:00
31,admin.,single,secondary,no,12,yes,no,unknown,5,may,208,2,-1,0,unknown,no,2025-07-12 14:00:00
31,management,divorced,tertiary,no,294,yes,no,cellular,17,jul,536,5,-1,0,unknown,yes,2025-07-12 15:00:00
33,management,single,tertiary,no,0,no,no,cellular,26,aug,60,2,-1,0,unknown,no,2025-07-12 16:00:00
32,technician,single,secondary,no,4069,yes,no,cellular,25,jul,273,1,-1,0,unknown,no,2025-07-12 17:00:00
31,services,married,secondary,no,414,yes,no,unknown,7,may,215,1,-1,0,unknown,no,2025-07-12 18:00:00
46,management,married,secondary,no,10,yes,no,cellular,29,jul,122,7,-1,0,unknown,no,2025-07-12 19:00:00
50,management,married,tertiary,no,346,no,no,cellular,4,may,76,2,87,1,success,no,2025-07-12 20:00:00
25,student,single,secondary,no,304,no,no,cellular,26,may,226,2,-1,0,unknown,yes,2025-07-12 21:00:00
57,management,married,tertiary,no,0,yes,no,unknown,14,may,124,1,-1,0,unknown,no,2025-07-12 22:00:00
47,management,married,tertiary,no,260,no,yes,cellular,8,aug,138,2,-1,0,unknown,no,2025-07-12 23:00:00
36,management,married,tertiary,no,-115,yes,no,cellular,16,apr,297,4,182,2,other,yes,2025-07-13 00:00:00
60,management,married,primary,no,295,no,no,unknown,6,jun,126,4,-1,0,unknown,no,2025-07-13 01:00:00
41,services,married,secondary,no,957,yes,no,unknown,15,may,326,4,-1,0,unknown,no,2025-07-13 02:00:00
36,blue-collar,married,primary,no,871,yes,yes,telephone,18,nov,2,1,-1,0,unknown,no,2025-07-13 03:00:00
41,management,married,tertiary,no,1234,no,no,unknown,17,jun,68,1,-1,0,unknown,no,2025-07-13 04:00:00
41,blue-collar,married,primary,no,3658,yes,no,cellular,9,apr,268,1,330,1,failure,no,2025-07-13 05:00:00
30,management,single,secondary,no,24,no,no,cellular,12,aug,29,4,-1,0,unknown,no,2025-07-13 06:00:00
59,services,married,secondary,no,0,yes,no,telephone,11,may,437,2,361,5,failure,no,2025-07-13 07:00:00
44,management,divorced,tertiary,no,2696,yes,yes,cellular,12,may,58,1,-1,0,unknown,no,2025-07-13 08:00:00
25,blue-collar,married,secondary,no,1025,yes,no,unknown,28,may,478,2,-1,0,unknown,no,2025-07-13 09:00:00
24,student,single,primary,no,474,no,no,cellular,30,apr,551,1,-1,0,unknown,yes,2025-07-13 10:00:00
32,technician,single,secondary,no,1107,no,no,cellular,27,aug,113,8,-1,0,unknown,no,2025-07-13 11:00:00
30,management,single,tertiary,no,1692,yes,no,cellular,15,may,251,1,-1,0,unknown,no,2025-07-13 12:00:00
40,blue-collar,married,primary,no,236,yes,no,unknown,20,may,167,2,-1,0,unknown,no,2025-07-13 13:00:00
60,services,married,secondary,no,4428,no,no,cellular,9,nov,125,1,96,6,failure,no,2025-07-13 14:00:00
32,management,married,tertiary,no,440,no,no,cellular,5,aug,377,3,-1,0,unknown,no,2025-07-13 15:00:00
42,blue-collar,married,primary,no,-336,yes,no,telephone,15,may,12,6,-1,0,unknown,no,2025-07-13 16:00:00
51,blue-collar,married,secondary,no,1022,yes,no,cellular,8,may,311,3,-1,0,unknown,no,2025-07-13 17:00:00
24,self-employed,single,secondary,no,0,yes,no,unknown,6,may,278,1,-1,0,unknown,no,2025-07-13 18:00:00
36,management,single,unknown,no,601,no,no,cellular,2,feb,237,2,-1,0,unknown,no,2025-07-13 19:00:00
47,housemaid,married,primary,no,0,no,no,cellular,10,aug,1225,2,-1,0,unknown,no,2025-07-13 20:00:00
27,services,single,secondary,no,1913,yes,no,unknown,4,jun,216,2,-1,0,unknown,no,2025-07-13 21:00:00
55,management,married,tertiary,no,0,no,no,unknown,30,jun,111,2,-1,0,unknown,no,2025-07-13 22:00:00
34,blue-collar,married,secondary,no,129,yes,no,unknown,8,may,71,2,-1,0,unknown,no,2025-07-13 23:00:00
51,technician,married,secondary,no,4924,yes,no,unknown,30,may,448,1,-1,0,unknown,no,2025-07-14 00:00:00
26,blue-collar,single,secondary,no,37,no,yes,cellular,28,jul,301,2,-1,0,unknown,no,2025-07-14 01:00:00
51,blue-collar,married,tertiary,no,7816,yes,no,unknown,12,may,76,2,-1,0,unknown,no,2025-07-14 02:00:00
41,technician,married,secondary,no,0,no,no,cellular,28,jan,411,2,156,8,other,no,2025-07-14 03:00:00
45,technician,married,secondary,no,1841,yes,no,cellular,30,jul,154,2,-1,0,unknown,no,2025-07-14 04:00:00
56,retired,divorced,secondary,no,1886,yes,no,cellular,19,nov,682,1,-1,0,unknown,no,2025-07-14 05:00:00
40,management,single,tertiary,no,185,no,no,cellular,29,aug,173,4,-1,0,unknown,no,2025-07-14 06:00:00
57,services,married,secondary,no,204,no,no,telephone,24,jul,70,3,-1,0,unknown,no,2025-07-14 07:00:00
27,services,single,secondary,no,4,yes,yes,unknown,9,may,490,1,-1,0,unknown,no,2025-07-14 08:00:00
34,management,married,tertiary,no,-16,no,no,cellular,8,aug,108,2,-1,0,unknown,no,2025-07-14 09:00:00
36,services,married,secondary,no,1694,yes,yes,unknown,23,may,164,6,-1,0,unknown,no,2025-07-14 10:00:00
55,unknown,married,secondary,yes,-208,yes,no,unknown,3,jun,148,2,-1,0,unknown,no,2025-07-14 11:00:00
43,management,married,tertiary,no,241,no,no,cellular,28,aug,79,10,-1,0,unknown,no,2025-07-14 12:00:00
30,management,single,tertiary,no,73,no,no,cellular,25,aug,114,6,-1,0,unknown,no,2025-07-14 13:00:00
35,technician,single,secondary,no,230,no,no,cellular,28,aug,104,1,-1,0,unknown,no,2025-07-14 14:00:00
47,management,married,tertiary,no,866,no,no,unknown,20,jun,7,7,-1,0,unknown,no,2025-07-14 15:00:00
25,student,single,secondary,no,3165,no,no,telephone,20,oct,251,2,-1,0,unknown,no,2025-07-14 16:00:00
42,management,married,tertiary,no,6060,yes,no,cellular,30,apr,316,1,350,2,failure,yes,2025-07-14 17:00:00
57,entrepreneur,married,tertiary,no,1828,yes,no,cellular,19,nov,68,1,-1,0,unknown,no,2025-07-14 18:00:00
55,management,married,tertiary,no,685,yes,no,unknown,5,may,174,3,-1,0,unknown,no,2025-07-14 19:00:00
51,technician,married,secondary,no,180,yes,no,cellular,20,aug,154,2,-1,0,unknown,no,2025-07-14 20:00:00
43,technician,married,secondary,no,373,no,no,telephone,29,jan,221,1,-1,0,unknown,no,2025-07-14 21:00:00
65,retired,married,secondary,no,1370,no,no,cellular,12,nov,177,1,92,1,failure,no,2025-07-14 22:00:00
54,housemaid,married,secondary,no,962,yes,no,cellular,29,oct,288,3,-1,0,unknown,yes,2025-07-14 23:00:00
31,management,single,tertiary,no,0,yes,no,unknown,23,may,391,1,-1,0,unknown,no,2025-07-15 00:00:00
49,management,single,tertiary,no,163,yes,no,cellular,30,jan,281,2,269,3,failure,no,2025-07-15 01:00:00
49,technician,married,secondary,no,997,no,no,unknown,18,jun,118,1,-1,0,unknown,no,2025-07-15 02:00:00
39,self-employed,married,secondary,no,656,no,no,cellular,29,jan,309,3,-1,0,unknown,no,2025-07-15 03:00:00
40,admin.,single,secondary,no,664,no,no,cellular,21,jul,1342,2,-1,0,unknown,yes,2025-07-15 04:00:00
40,blue-collar,married,secondary,no,60,no,yes,cellular,25,jul,36,1,-1,0,unknown,no,2025-07-15 05:00:00
40,admin.,single,secondary,no,2002,yes,no,unknown,30,may,113,1,-1,0,unknown,no,2025-07-15 06:00:00
62,management,married,tertiary,no,0,no,no,cellular,13,oct,78,3,-1,0,unknown,no,2025-07-15 07:00:00
40,management,divorced,tertiary,no,-78,yes,no,unknown,27,may,67,4,-1,0,unknown,no,2025-07-15 08:00:00
33,management,single,tertiary,no,8038,yes,no,cellular,19,nov,60,1,-1,0,unknown,no,2025-07-15 09:00:00
57,retired,single,tertiary,no,2528,yes,yes,unknown,30,may,724,1,-1,0,unknown,no,2025-07-15 10:00:00
58,self-employed,married,tertiary,no,1636,no,no,cellular,15,apr,187,1,-1,0,unknown,no,2025-07-15 11:00:00
52,self-employed,single,tertiary,no,1623,yes,no,unknown,5,jun,21,17,-1,0,unknown,no,2025-07-15 12:00:00
43,blue-collar,married,primary,no,190,yes,no,cellular,13,may,168,2,-1,0,unknown,no,2025-07-15 13:00:00
34,entrepreneur,married,secondary,no,456,yes,yes,cellular,28,aug,137,8,-1,0,unknown,no,2025-07-15 14:00:00
31,management,married,tertiary,no,596,no,no,cellular,12,aug,192,4,-1,0,unknown,no,2025-07-15 15:00:00
57,blue-collar,single,primary,no,739,yes,no,cellular,14,may,172,2,364,1,failure,no,2025-07-15 16:00:00
56,blue-collar,divorced,primary,no,0,yes,no,cellular,5,may,313,1,-1,0,unknown,no,2025-07-15 17:00:00
48,blue-collar,married,secondary,no,1631,yes,no,unknown,26,may,51,5,-1,0,unknown,no,2025-07-15 18:00:00
59,blue-collar,married,primary,no,3540,no,no,cellular,8,jul,165,1,-1,0,unknown,no,2025-07-15 19:00:00
27,blue-collar,married,secondary,no,5854,no,no,cellular,15,may,255,2,-1,0,unknown,no,2025-07-15 20:00:00
45,blue-collar,married,secondary,no,603,no,no,cellular,22,may,204,1,-1,0,unknown,no,2025-07-15 21:00:00
36,self-employed,divorced,tertiary,no,6385,yes,no,cellular,21,nov,70,2,-1,0,unknown,no,2025-07-15 22:00:00
41,technician,married,tertiary,no,744,yes,no,unknown,14,may,125,1,-1,0,unknown,no,2025-07-15 23:00:00
39,unemployed,married,primary,no,7372,no,no,unknown,9,jun,76,1,-1,0,unknown,no,2025-07-16 00:00:00
49,blue-collar,married,secondary,no,59,yes,no,unknown,9,jun,154,10,-1,0,unknown,no,2025-07-16 01:00:00
55,services,married,unknown,no,715,yes,no,telephone,30,jul,90,2,-1,0,unknown,no,2025-07-16 02:00:00
38,services,married,secondary,no,5293,yes,no,cellular,11,may,475,1,171,6,failure,yes,2025-07-16 03:00:00
28,management,single,tertiary,no,187,no,no,cellular,10,sep,255,1,93,2,success,yes,2025-07-16 04:00:00
49,technician,married,secondary,no,775,yes,no,unknown,16,jun,135,1,-1,0,unknown,no,2025-07-16 05:00:00
35,technician,single,tertiary,no,470,yes,no,cellular,25,jul,743,13,-1,0,unknown,yes,2025-07-16 06:00:00
40,blue-collar,married,primary,no,3693,yes,no,unknown,30,may,57,10,-1,0,unknown,no,2025-07-16 07:00:00
57,technician,married,tertiary,no,0,yes,yes,cellular,17,nov,142,1,-1,0,unknown,no,2025-07-16 08:00:00
21,blue-collar,single,secondary,yes,-59,yes,yes,unknown,4,jun,83,1,-1,0,unknown,no,2025-07-16 09:00:00
40,services,married,secondary,no,-212,yes,yes,unknown,23,may,54,1,-1,0,unknown,no,2025-07-16 10:00:00
43,management,single,tertiary,no,8224,yes,no,cellular,15,jul,70,1,-1,0,unknown,no,2025-07-16 11:00:00
59,management,divorced,tertiary,no,3096,no,no,cellular,26,aug,18,17,-1,0,unknown,no,2025-07-16 12:00:00
42,student,married,unknown,no,-7,no,no,telephone,31,jul,41,6,-1,0,unknown,no,2025-07-16 13:00:00
33,management,married,tertiary,no,643,no,no,cellular,2,aug,203,3,94,1,other,no,2025-07-16 14:00:00
24,student,single,secondary,no,1957,no,no,cellular,4,jun,113,1,-1,0,unknown,no,2025-07-16 15:00:00
43,admin.,single,secondary,no,275,yes,no,unknown,12,may,457,4,-1,0,unknown,no,2025-07-16 16:00:00
41,technician,married,secondary,no,1385,no,no,unknown,17,jun,145,1,-1,0,unknown,no,2025-07-16 17:00:00
39,blue-collar,married,primary,no,481,yes,no,unknown,29,may,376,1,-1,0,unknown,no,2025-07-16 18:00:00
34,blue-collar,married,primary,no,428,yes,no,cellular,18,may,59,2,-1,0,unknown,no,2025-07-16 19:00:00
21,student,single,secondary,no,126,yes,no,telephone,15,may,52,1,-1,0,unknown,no,2025-07-16 20:00:00
50,admin.,married,secondary,no,4855,no,no,cellular,5,aug,720,2,-1,0,unknown,yes,2025-07-16 21:00:00
58,services,married,secondary,no,627,no,no,cellular,13,aug,110,4,-1,0,unknown,no,2025-07-16 22:00:00
46,management,single,tertiary,no,479,yes,no,unknown,26,may,34,3,-1,0,unknown,no,2025-07-16 23:00:00
53,retired,married,primary,no,118,no,no,telephone,31,jul,176,5,-1,0,unknown,no,2025-07-17 00:00:00
42,services,single,secondary,no,182,no,yes,cellular,21,jul,394,2,-1,0,unknown,no,2025-07-17 01:00:00
36,admin.,divorced,secondary,no,-611,yes,no,unknown,27,may,222,1,-1,0,unknown,no,2025-07-17 02:00:00
28,management,single,tertiary,no,1530,no,no,cellular,5,aug,98,3,-1,0,unknown,no,2025-07-17 03:00:00
48,management,married,tertiary,no,3842,no,no,cellular,1,oct,168,1,122,2,success,no,2025-07-17 04:00:00
31,services,divorced,secondary,no,62,yes,no,cellular,12,may,56,3,351,3,other,no,2025-07-17 05:00:00
39,management,married,tertiary,no,-409,yes,no,cellular,29,jul,590,23,-1,0,unknown,no,2025-07-17 06:00:00
51,technician,divorced,tertiary,no,3962,yes,no,cellular,2,feb,267,1,-1,0,unknown,no,2025-07-17 07:00:00
39,admin.,married,secondary,no,2319,no,no,cellular,7,jul,84,1,-1,0,unknown,no,2025-07-17 08:00:00
43,self-employed,single,unknown,no,3173,no,no,unknown,15,may,746,1,-1,0,unknown,yes,2025-07-17 09:00:00
29,unemployed,single,primary,no,1027,no,no,cellular,28,jan,451,3,-1,0,unknown,no,2025-07-17 10:00:00
44,self-employed,married,unknown,no,163,yes,no,cellular,4,may,364,3,-1,0,unknown,yes,2025-07-17 11:00:00
31,services,married,secondary,no,593,yes,no,cellular,19,nov,391,2,-1,0,unknown,no,2025-07-17 12:00:00
51,technician,married,secondary,no,463,yes,no,unknown,13,may,213,5,-1,0,unknown,no,2025-07-17 13:00:00
51,blue-collar,married,primary,no,-101,yes,yes,unknown,30,jun,60,3,-1,0,unknown,no,2025-07-17 14:00:00
30,management,single,secondary,no,0,no,no,cellular,11,aug,101,5,-1,0,unknown,no,2025-07-17 15:00:00
50,blue-collar,married,primary,no,2590,yes,no,unknown,9,may,257,6,-1,0,unknown,no,2025-07-17 16:00:00
41,blue-collar,married,secondary,no,901,yes,no,unknown,6,jun,80,3,-1,0,unknown,no,2025-07-17 17:00:00
39,management,married,unknown,no,1253,no,no,cellular,2,feb,337,1,-1,0,unknown,no,2025-07-17 18:00:00
26,technician,single,secondary,no,24299,yes,no,unknown,13,may,704,1,-1,0,unknown,no,2025-07-17 19:00:00
35,management,married,tertiary,yes,0,yes,yes,cellular,21,nov,70,1,-1,0,unknown,no,2025-07-17 20:00:00
31,blue-collar,married,secondary,no,64,yes,no,cellular,18,jul,302,3,-1,0,unknown,no,2025-07-17 21:00:00
48,blue-collar,married,secondary,no,48,yes,yes,unknown,29,may,144,1,-1,0,unknown,no,2025-07-17 22:00:00
31,services,single,secondary,no,181,no,no,cellular,12,aug,182,1,104,1,success,yes,2025-07-17 23:00:00
28,services,single,primary,no,198,no,no,cellular,4,feb,976,2,-1,0,unknown,yes,2025-07-18 00:00:00
22,student,single,secondary,no,1564,no,no,cellular,28,aug,36,2,-1,0,unknown,no,2025-07-18 01:00:00
67,retired,married,primary,no,942,no,no,cellular,6,nov,455,2,84,2,other,yes,2025-07-18 02:00:00
47,housemaid,divorced,secondary,no,80,no,no,cellular,19,aug,196,2,-1,0,unknown,no,2025-07-18 03:00:00
36,management,married,tertiary,no,1014,yes,no,unknown,4,jun,34,2,-1,0,unknown,no,2025-07-18 04:00:00
32,services,married,secondary,no,3839,yes,no,unknown,13,may,76,1,-1,0,unknown,no,2025-07-18 05:00:00
35,blue-collar,married,tertiary,no,5271,yes,no,cellular,14,apr,119,2,-1,0,unknown,no,2025-07-18 06:00:00
29,admin.,single,secondary,no,265,yes,no,cellular,25,nov,414,1,184,1,failure,yes,2025-07-18 07:00:00
32,blue-collar,single,tertiary,no,700,no,no,unknown,13,nov,90,1,-1,0,unknown,yes,2025-07-18 08:00:00
51,management,single,tertiary,no,2242,no,no,telephone,9,feb,11,8,-1,0,unknown,no,2025-07-18 09:00:00
47,services,married,secondary,no,4063,yes,yes,unknown,26,may,207,1,-1,0,unknown,no,2025-07-18 10:00:00
57,entrepreneur,divorced,secondary,yes,25,yes,no,cellular,11,may,652,1,370,4,other,no,2025-07-18 11:00:00
57,retired,married,tertiary,no,3571,no,no,unknown,13,may,708,2,-1,0,unknown,no,2025-07-18 12:00:00
49,housemaid,married,primary,no,785,no,no,unknown,16,jun,190,6,-1,0,unknown,no,2025-07-18 13:00:00
59,management,single,tertiary,no,623,yes,no,cellular,7,jul,212,4,-1,0,unknown,no,2025-07-18 14:00:00
41,management,married,tertiary,no,36,no,no,unknown,9,jun,44,4,-1,0,unknown,no,2025-07-18 15:00:00
30,management,single,tertiary,no,62,yes,no,cellular,29,jul,90,5,-1,0,unknown,no,2025-07-18 16:00:00
30,technician,single,tertiary,no,1289,yes,no,unknown,21,may,1697,2,-1,0,unknown,yes,2025-07-18 17:00:00
27,housemaid,married,primary,no,0,yes,no,cellular,23,jul,435,3,-1,0,unknown,no,2025-07-18 18:00:00
32,admin.,single,secondary,no,287,no,no,unknown,15,may,465,3,-1,0,unknown,no,2025-07-18 19:00:00
33,blue-collar,married,secondary,no,331,yes,no,cellular,14,may,178,7,365,5,other,no,2025-07-18 20:00:00
47,housemaid,divorced,secondary,no,1565,no,no,cellular,5,feb,253,1,-1,0,unknown,no,2025-07-18 21:00:00
36,unemployed,single,primary,no,0,yes,no,telephone,7,jul,63,6,-1,0,unknown,no,2025-07-18 22:00:00
30,services,married,secondary,no,637,yes,no,cellular,15,may,69,5,-1,0,unknown,no,2025-07-18 23:00:00
43,services,divorced,secondary,no,266,yes,yes,cellular,20,apr,79,1,152,1,failure,no,2025-07-19 00:00:00
45,blue-collar,married,secondary,no,4855,yes,no,cellular,9,jul,285,1,-1,0,unknown,no,2025-07-19 01:00:00
33,blue-collar,married,primary,no,754,yes,no,unknown,21,may,811,2,-1,0,unknown,no,2025-07-19 02:00:00
36,blue-collar,married,secondary,no,0,yes,no,cellular,8,may,171,1,172,3,failure,no,2025-07-19 03:00:00
47,entrepreneur,married,secondary,no,583,yes,no,cellular,2,feb,495,1,258,2,failure,no,2025-07-19 04:00:00
29,management,married,tertiary,no,246,yes,no,cellular,29,jan,61,1,265,1,failure,no,2025-07-19 05:00:00
36,technician,married,secondary,no,2473,no,no,cellular,28,aug,965,4,-1,0,unknown,yes,2025-07-19 06:00:00
56,housemaid,married,primary,no,0,no,no,cellular,26,aug,102,2,-1,0,unknown,no,2025-07-19 07:00:00
49,admin.,divorced,secondary,yes,2405,yes,no,cellular,23,jul,216,8,-1,0,unknown,no,2025-07-19 08:00:00
38,admin.,married,secondary,no,5270,no,no,cellular,8,oct,163,1,91,12,other,no,2025-07-19 09:00:00
48,blue-collar,married,secondary,no,2697,yes,yes,cellular,21,nov,82,1,179,5,failure,no,2025-07-19 10:00:00
39,entrepreneur,divorced,secondary,no,1202,yes,no,unknown,23,may,364,2,-1,0,unknown,no,2025-07-19 11:00:00
78,retired,divorced,tertiary,no,1016,no,no,cellular,22,jun,524,1,-1,0,unknown,no,2025-07-19 12:00:00
41,management,married,secondary,no,0,no,yes,cellular,7,jul,630,3,-1,0,unknown,no,2025-07-19 13:00:00
50,technician,single,tertiary,no,0,yes,no,unknown,8,may,393,2,-1,0,unknown,no,2025-07-19 14:00:00
32,technician,married,secondary,no,2556,no,no,cellular,6,aug,269,3,-1,0,unknown,no,2025-07-19 15:00:00
52,admin.,married,secondary,no,32,no,yes,cellular,9,jul,103,1,-1,0,unknown,no,2025-07-19 16:00:00
39,admin.,single,secondary,no,2854,yes,no,unknown,2,jun,64,1,-1,0,unknown,no,2025-07-19 17:00:00
48,management,married,tertiary,no,0,no,yes,cellular,6,feb,1423,3,-1,0,unknown,no,2025-07-19 18:00:00
59,blue-collar,divorced,secondary,no,-361,no,yes,cellular,28,jul,247,3,-1,0,unknown,no,2025-07-19 19:00:00
48,management,married,tertiary,no,342,no,no,unknown,16,jun,452,1,-1,0,unknown,no,2025-07-19 20:00:00
58,retired,divorced,secondary,no,312,no,no,cellular,7,aug,398,2,-1,0,unknown,no,2025-07-19 21:00:00
42,admin.,married,secondary,no,0,yes,no,cellular,20,apr,72,1,154,2,failure,no,2025-07-19 22:00:00
40,services,divorced,secondary,no,0,yes,no,unknown,4,jun,97,1,-1,0,unknown,no,2025-07-19 23:00:00
31,blue-collar,married,secondary,no,-88,yes,no,unknown,20,may,202,6,-1,0,unknown,no,2025-07-20 00:00:00
27,technician,single,secondary,no,337,no,no,unknown,9,jul,23,1,-1,0,unknown,yes,2025-07-20 01:00:00
33,blue-collar,married,secondary,no,18,yes,no,cellular,18,may,312,3,-1,0,unknown,no,2025-07-20 02:00:00
31,services,single,secondary,no,605,yes,no,unknown,28,may,222,1,-1,0,unknown,no,2025-07-20 03:00:00
36,blue-collar,married,unknown,no,-417,yes,no,unknown,27,may,597,3,-1,0,unknown,no,2025-07-20 04:00:00
32,technician,single,secondary,no,6402,yes,no,cellular,6,may,158,1,167,1,success,no,2025-07-20 05:00:00
36,technician,single,secondary,no,94,yes,no,cellular,20,apr,274,1,-1,0,unknown,no,2025-07-20 06:00:00
47,blue-collar,married,secondary,no,310,no,no,cellular,19,nov,353,2,-1,0,unknown,no,2025-07-20 07:00:00
56,retired,married,secondary,no,20,no,yes,cellular,19,aug,153,3,-1,0,unknown,no,2025-07-20 08:00:00
36,technician,single,unknown,no,0,yes,no,unknown,29,may,148,1,-1,0,unknown,no,2025-07-20 09:00:00
59,housemaid,divorced,tertiary,no,0,no,no,cellular,20,apr,379,1,332,2,other,no,2025-07-20 10:00:00
36,blue-collar,married,secondary,no,753,yes,no,unknown,12,jun,351,1,-1,0,unknown,no,2025-07-20 11:00:00
60,self-employed,married,primary,no,362,no,yes,cellular,29,jul,816,6,-1,0,unknown,yes,2025-07-20 12:00:00
56,retired,married,primary,no,161,no,yes,cellular,22,jul,121,2,-1,0,unknown,no,2025-07-20 13:00:00
40,services,married,secondary,no,1293,yes,no,cellular,13,apr,128,3,-1,0,unknown,no,2025-07-20 14:00:00
30,technician,single,tertiary,no,-266,no,yes,cellular,25,aug,66,4,-1,0,unknown,no,2025-07-20 15:00:00
55,blue-collar,married,primary,no,2144,yes,no,unknown,20,may,129,8,-1,0,unknown,no,2025-07-20 16:00:00
42,management,single,tertiary,no,1146,yes,no,unknown,15,may,98,2,-1,0,unknown,no,2025-07-20 17:00:00
57,blue-collar,married,unknown,no,4148,no,no,unknown,18,jun,340,3,-1,0,unknown,no,2025-07-20 18:00:00
76,retired,married,primary,no,2632,no,no,cellular,28,aug,368,2,-1,0,unknown,no,2025-07-20 19:00:00
30,admin.,single,secondary,yes,-228,yes,no,cellular,15,may,101,1,371,1,failure,no,2025-07-20 20:00:00
31,technician,married,tertiary,no,1570,yes,no,cellular,8,sep,213,4,184,5,success,no,2025-07-20 21:00:00
38,management,single,tertiary,no,470,no,no,cellular,7,aug,87,2,-1,0,unknown,no,2025-07-20 22:00:00
56,retired,married,primary,yes,-123,no,yes,cellular,28,aug,146,3,-1,0,unknown,no,2025-07-20 23:00:00
35,management,divorced,tertiary,no,146,no,no,cellular,20,nov,392,2,106,2,success,no,2025-07-21 00:00:00
60,self-employed,single,secondary,no,27,no,no,cellular,22,aug,40,2,-1,0,unknown,no,2025-07-21 01:00:00
46,blue-collar,married,primary,no,1726,yes,yes,unknown,9,may,195,1,-1,0,unknown,no,2025-07-21 02:00:00
43,blue-collar,married,primary,no,1892,yes,no,cellular,20,apr,378,1,-1,0,unknown,no,2025-07-21 03:00:00
55,unemployed,married,secondary,no,512,no,no,cellular,28,jan,70,1,-1,0,unknown,no,2025-07-21 04:00:00
50,technician,married,secondary,no,1838,yes,yes,cellular,13,aug,221,8,-1,0,unknown,no,2025-07-21 05:00:00
30,services,divorced,secondary,no,0,yes,no,cellular,13,may,172,1,-1,0,unknown,no,2025-07-21 06:00:00
54,blue-collar,married,secondary,no,3782,yes,no,unknown,30,may,211,4,-1,0,unknown,no,2025-07-21 07:00:00
40,management,single,tertiary,no,0,no,yes,cellular,17,nov,657,1,-1,0,unknown,no,2025-07-21 08:00:00
28,blue-collar,married,secondary,no,1113,yes,no,cellular,22,may,135,1,108,2,other,no,2025-07-21 09:00:00
40,blue-collar,married,secondary,no,737,yes,no,unknown,30,may,135,2,-1,0,unknown,no,2025-07-21 10:00:00
32,entrepreneur,married,tertiary,no,762,no,no,cellular,19,jul,187,11,-1,0,unknown,yes,2025-07-21 11:00:00
48,management,divorced,unknown,no,549,yes,no,unknown,6,may,427,1,-1,0,unknown,no,2025-07-21 12:00:00
34,management,single,tertiary,no,2576,yes,yes,cellular,6,aug,236,4,-1,0,unknown,no,2025-07-21 13:00:00
28,admin.,single,unknown,no,24,yes,no,cellular,18,jul,415,2,-1,0,unknown,yes,2025-07-21 14:00:00
28,blue-collar,married,secondary,no,8,yes,no,cellular,15,may,196,1,-1,0,unknown,no,2025-07-21 15:00:00
70,retired,divorced,secondary,no,6850,no,no,telephone,3,sep,228,1,182,4,failure,no,2025-07-21 16:00:00
40,blue-collar,divorced,secondary,no,701,no,no,unknown,18,nov,159,1,-1,0,unknown,no,2025-07-21 17:00:00
47,blue-collar,married,primary,no,205,yes,no,unknown,8,may,128,2,-1,0,unknown,no,2025-07-21 18:00:00
39,housemaid,single,secondary,no,2022,no,no,unknown,6,jun,105,1,-1,0,unknown,no,2025-07-21 19:00:00
43,entrepreneur,married,primary,no,629,yes,no,cellular,2,feb,70,3,265,4,other,no,2025-07-21 20:00:00
41,blue-collar,single,secondary,yes,1085,yes,yes,cellular,7,jul,599,1,-1,0,unknown,yes,2025-07-21 21:00:00
60,retired,divorced,secondary,no,2479,yes,yes,unknown,15,may,157,1,-1,0,unknown,no,2025-07-21 22:00:00
45,management,divorced,tertiary,no,335,no,no,cellular,5,aug,297,1,-1,0,unknown,no,2025-07-21 23:00:00
30,blue-collar,married,primary,no,0,yes,no,cellular,15,may,432,1,-1,0,unknown,no,2025-07-22 00:00:00
47,blue-collar,divorced,primary,no,1927,yes,no,cellular,5,feb,130,4,275,3,failure,no,2025-07-22 01:00:00
28,admin.,married,secondary,no,172,yes,no,cellular,19,oct,123,2,-1,0,unknown,no,2025-07-22 02:00:00
38,technician,divorced,secondary,no,276,no,no,cellular,18,aug,92,14,-1,0,unknown,no,2025-07-22 03:00:00
34,admin.,married,secondary,no,16489,yes,no,cellular,20,nov,145,1,-1,0,unknown,no,2025-07-22 04:00:00
31,admin.,single,tertiary,no,516,no,no,cellular,5,jun,227,1,-1,0,unknown,no,2025-07-22 05:00:00
28,admin.,single,tertiary,no,164,yes,no,cellular,9,feb,92,7,-1,0,unknown,no,2025-07-22 06:00:00
39,self-employed,married,tertiary,no,1047,no,no,unknown,6,jun,554,1,-1,0,unknown,yes,2025-07-22 07:00:00
43,admin.,married,secondary,no,2682,no,no,cellular,30,jul,103,8,-1,0,unknown,no,2025-07-22 08:00:00
36,blue-collar,married,secondary,no,16402,yes,no,unknown,3,jun,406,3,-1,0,unknown,no,2025-07-22 09:00:00
27,management,single,tertiary,no,99,yes,no,unknown,4,jun,767,2,-1,0,unknown,yes,2025-07-22 10:00:00
35,blue-collar,married,secondary,no,-281,yes,no,unknown,16,jun,15,15,-1,0,unknown,no,2025-07-22 11:00:00
37,blue-collar,single,secondary,no,180,yes,no,cellular,8,may,114,2,-1,0,unknown,no,2025-07-22 12:00:00
36,management,married,tertiary,no,222,yes,no,cellular,6,may,317,1,169,2,failure,no,2025-07-22 13:00:00
29,technician,single,secondary,no,103,no,no,unknown,19,may,314,1,-1,0,unknown,no,2025-07-22 14:00:00
57,entrepreneur,married,primary,no,1153,yes,yes,unknown,9,jun,238,6,-1,0,unknown,no,2025-07-22 15:00:00
31,management,single,tertiary,no,44128,no,no,cellular,21,nov,74,1,-1,0,unknown,no,2025-07-22 16:00:00
46,entrepreneur,single,tertiary,no,1410,yes,no,telephone,13,may,91,5,175,9,failure,no,2025-07-22 17:00:00
31,services,married,secondary,no,2083,yes,no,cellular,4,may,190,3,355,2,other,no,2025-07-22 18:00:00
48,management,married,tertiary,no,2218,yes,no,unknown,13,may,43,2,-1,0,unknown,no,2025-07-22 19:00:00
21,services,single,secondary,no,361,no,no,telephone,5,jun,329,1,95,1,other,no,2025-07-22 20:00:00
31,technician,single,secondary,no,373,no,no,cellular,22,aug,346,5,-1,0,unknown,no,2025-07-22 21:00:00
39,blue-collar,married,primary,no,-310,yes,yes,unknown,28,may,26,5,-1,0,unknown,no,2025-07-22 22:00:00
46,technician,married,secondary,no,4023,yes,no,cellular,7,aug,131,2,-1,0,unknown,no,2025-07-22 23:00:00
38,technician,married,tertiary,no,3234,no,no,cellular,18,nov,578,2,-1,0,unknown,yes,2025-07-23 00:00:00
42,admin.,single,secondary,no,2758,yes,no,unknown,5,jun,237,3,-1,0,unknown,no,2025-07-23 01:00:00
34,blue-collar,married,primary,no,267,yes,no,unknown,7,may,362,1,-1,0,unknown,no,2025-07-23 02:00:00
62,housemaid,married,tertiary,no,1528,no,no,cellular,15,oct,134,2,184,1,success,yes,2025-07-23 03:00:00
43,admin.,married,secondary,no,1996,no,yes,cellular,31,jul,34,3,-1,0,unknown,no,2025-07-23 04:00:00
37,technician,married,secondary,no,430,no,no,cellular,27,aug,154,4,-1,0,unknown,no,2025-07-23 05:00:00
47,housemaid,married,primary,no,97,no,yes,telephone,21,nov,109,1,-1,0,unknown,no,2025-07-23 06:00:00
25,services,single,secondary,no,199,no,no,cellular,15,feb,101,2,-1,0,unknown,no,2025-07-23 07:00:00
28,admin.,married,secondary,no,897,no,no,cellular,17,mar,395,1,285,1,success,no,2025-07-23 08:00:00
29,admin.,married,tertiary,no,238,no,no,cellular,26,feb,79,1,-1,0,unknown,no,2025-07-23 09:00:00
36,services,divorced,tertiary,no,162,yes,no,cellular,18,may,69,1,367,6,other,no,2025-07-23 10:00:00
30,services,single,secondary,no,732,yes,no,cellular,17,apr,358,2,-1,0,unknown,no,2025-07-23 11:00:00
50,admin.,married,secondary,no,-195,no,no,cellular,22,aug,119,4,-1,0,unknown,no,2025-07-23 12:00:00
54,technician,married,secondary,no,25,yes,no,telephone,2,mar,88,3,-1,0,unknown,no,2025-07-23 13:00:00
30,management,single,tertiary,no,114,no,no,cellular,14,aug,65,4,-1,0,unknown,no,2025-07-23 14:00:00
37,technician,single,tertiary,no,0,no,no,unknown,1,jul,1135,2,-1,0,unknown,yes,2025-07-23 15:00:00
57,admin.,married,tertiary,no,46,no,no,cellular,7,aug,238,2,-1,0,unknown,no,2025-07-23 16:00:00
30,admin.,married,secondary,no,396,yes,no,cellular,13,may,366,3,348,2,failure,yes,2025-07-23 17:00:00
55,admin.,married,secondary,no,859,no,no,telephone,8,jul,153,1,-1,0,unknown,no,2025-07-23 18:00:00
57,retired,married,secondary,no,712,yes,yes,unknown,19,jun,824,1,-1,0,unknown,no,2025-07-23 19:00:00
54,retired,divorced,secondary,yes,-200,no,yes,cellular,4,feb,71,1,243,1,failure,no,2025-07-23 20:00:00
57,entrepreneur,married,unknown,no,618,yes,no,unknown,8,may,10,7,-1,0,unknown,no,2025-07-23 21:00:00
31,technician,married,secondary,no,1173,yes,no,cellular,14,jul,444,3,-1,0,unknown,yes,2025-07-23 22:00:00
42,entrepreneur,married,tertiary,no,42045,no,no,cellular,8,aug,205,2,-1,0,unknown,no,2025-07-23 23:00:00
39,management,married,secondary,no,11835,yes,no,cellular,11,aug,744,2,-1,0,unknown,yes,2025-07-24 00:00:00
55,technician,divorced,secondary,no,217,yes,yes,cellular,26,may,176,1,-1,0,unknown,no,2025-07-24 01:00:00
50,blue-collar,married,secondary,no,0,no,no,cellular,8,aug,192,2,-1,0,unknown,no,2025-07-24 02:00:00
54,management,married,primary,no,2587,no,no,cellular,2,jun,236,2,-1,0,unknown,yes,2025-07-24 03:00:00
30,technician,single,tertiary,no,780,yes,no,cellular,20,may,339,2,-1,0,unknown,no,2025-07-24 04:00:00
47,management,married,tertiary,no,-50,no,yes,cellular,7,jul,175,1,-1,0,unknown,no,2025-07-24 05:00:00
52,blue-collar,married,secondary,no,782,yes,yes,cellular,20,apr,104,1,-1,0,unknown,no,2025-07-24 06:00:00
42,management,married,secondary,no,71,no,no,cellular,17,nov,80,1,-1,0,unknown,no,2025-07-24 07:00:00
35,blue-collar,married,primary,no,198,yes,no,unknown,9,may,471,2,-1,0,unknown,no,2025-07-24 08:00:00
48,management,divorced,secondary,no,769,no,yes,cellular,28,jan,58,2,184,15,other,no,2025-07-24 09:00:00
39,technician,divorced,secondary,no,385,no,no,cellular,25,may,644,1,-1,0,unknown,no,2025-07-24 10:00:00
40,entrepreneur,divorced,unknown,no,2418,yes,yes,unknown,2,jun,181,16,-1,0,unknown,no,2025-07-24 11:00:00
57,retired,married,secondary,no,523,no,yes,cellular,2,feb,49,6,-1,0,unknown,no,2025-07-24 12:00:00
28,blue-collar,married,secondary,no,2,yes,no,unknown,29,may,750,2,-1,0,unknown,no,2025-07-24 13:00:00
34,services,married,secondary,no,603,yes,yes,unknown,21,may,1409,3,-1,0,unknown,no,2025-07-24 14:00:00
50,services,divorced,secondary,no,0,yes,no,cellular,11,jul,170,2,-1,0,unknown,no,2025-07-24 15:00:00
35,management,single,tertiary,no,303,yes,yes,cellular,28,jul,85,9,-1,0,unknown,no,2025-07-24 16:00:00
34,unemployed,married,secondary,no,2173,yes,yes,cellular,7,may,370,1,-1,0,unknown,no,2025-07-24 17:00:00
27,technician,single,secondary,no,1996,yes,no,cellular,5,may,345,1,-1,0,unknown,no,2025-07-24 18:00:00
28,management,single,tertiary,no,0,no,no,cellular,7,jul,94,1,-1,0,unknown,no,2025-07-24 19:00:00
30,blue-collar,married,secondary,no,171,yes,no,unknown,2,jun,230,4,-1,0,unknown,no,2025-07-24 20:00:00
57,technician,divorced,tertiary,no,96,no,no,cellular,21,aug,913,4,-1,0,unknown,yes,2025-07-24 21:00:00
30,management,married,tertiary,no,0,no,no,cellular,21,aug,142,2,-1,0,unknown,no,2025-07-24 22:00:00
57,retired,married,secondary,no,1408,no,no,unknown,21,may,202,6,-1,0,unknown,no,2025-07-24 23:00:00
31,technician,married,secondary,no,2420,yes,no,cellular,19,nov,166,1,-1,0,unknown,no,2025-07-25 00:00:00
33,blue-collar,married,secondary,no,941,yes,no,unknown,26,may,218,2,-1,0,unknown,no,2025-07-25 01:00:00
48,entrepreneur,single,tertiary,no,2313,no,no,unknown,6,jun,130,1,-1,0,unknown,no,2025-07-25 02:00:00
33,housemaid,married,primary,no,0,no,no,cellular,8,aug,138,2,-1,0,unknown,no,2025-07-25 03:00:00
41,management,divorced,tertiary,no,25,yes,yes,cellular,26,mar,117,2,-1,0,unknown,yes,2025-07-25 04:00:00
24,student,single,secondary,no,382,no,no,cellular,13,aug,103,1,105,2,success,no,2025-07-25 05:00:00
25,services,single,secondary,no,64,no,no,cellular,21,jul,71,11,-1,0,unknown,no,2025-07-25 06:00:00
37,management,single,tertiary,no,102,yes,no,cellular,21,aug,101,2,-1,0,unknown,no,2025-07-25 07:00:00
51,services,divorced,secondary,no,12,yes,no,cellular,17,nov,150,1,-1,0,unknown,no,2025-07-25 08:00:00
29,self-employed,married,secondary,no,123,no,yes,cellular,22,oct,247,1,184,3,success,yes,2025-07-25 09:00:00
33,admin.,single,tertiary,no,1,yes,no,cellular,8,may,56,1,-1,0,unknown,no,2025-07-25 10:00:00
41,services,married,primary,no,373,yes,no,unknown,30,may,240,2,-1,0,unknown,no,2025-07-25 11:00:00
31,management,married,tertiary,no,2994,yes,no,cellular,10,nov,182,1,229,2,failure,no,2025-07-25 12:00:00
34,unemployed,single,secondary,no,9895,no,no,cellular,19,nov,356,2,-1,0,unknown,no,2025-07-25 13:00:00
43,technician,married,secondary,no,533,yes,no,cellular,31,jul,228,2,-1,0,unknown,no,2025-07-25 14:00:00
40,housemaid,divorced,secondary,no,4328,no,no,cellular,20,aug,133,2,-1,0,unknown,no,2025-07-25 15:00:00
26,unemployed,single,secondary,no,771,no,no,cellular,22,jun,113,1,109,1,failure,no,2025-07-25 16:00:00
35,services,married,secondary,no,528,no,no,unknown,7,may,274,2,-1,0,unknown,no,2025-07-25 17:00:00
55,admin.,married,tertiary,no,59,yes,no,cellular,11,may,51,1,305,1,failure,no,2025-07-25 18:00:00
28,entrepreneur,married,tertiary,no,1900,yes,no,cellular,15,may,9,6,-1,0,unknown,no,2025-07-25 19:00:00
74,retired,divorced,secondary,no,4079,no,no,cellular,19,oct,343,3,-1,0,unknown,yes,2025-07-25 20:00:00
25,blue-collar,single,unknown,no,373,yes,no,unknown,27,jun,634,2,-1,0,unknown,no,2025-07-25 21:00:00
27,student,single,unknown,no,3511,no,no,cellular,4,dec,300,3,-1,0,unknown,no,2025-07-25 22:00:00
43,management,married,tertiary,no,1791,no,no,cellular,5,aug,254,1,-1,0,unknown,yes,2025-07-25 23:00:00
37,technician,single,unknown,no,391,yes,no,unknown,8,may,103,3,-1,0,unknown,no,2025-07-26 00:00:00
45,blue-collar,married,primary,no,789,no,yes,cellular,29,jan,79,1,-1,0,unknown,no,2025-07-26 01:00:00
25,student,single,unknown,no,277,no,no,cellular,27,may,311,2,-1,0,unknown,yes,2025-07-26 02:00:00
49,management,married,tertiary,no,502,no,no,cellular,22,aug,379,4,-1,0,unknown,no,2025-07-26 03:00:00
39,management,married,tertiary,no,0,yes,no,unknown,29,may,184,2,-1,0,unknown,no,2025-07-26 04:00:00
24,technician,single,secondary,no,726,no,no,cellular,8,sep,445,2,-1,0,unknown,yes,2025-07-26 05:00:00
38,self-employed,single,tertiary,no,917,yes,no,unknown,23,may,260,1,-1,0,unknown,no,2025-07-26 06:00:00
33,blue-collar,married,primary,no,324,yes,no,cellular,13,may,217,2,-1,0,unknown,no,2025-07-26 07:00:00
46,technician,married,secondary,no,317,yes,yes,unknown,28,may,125,1,-1,0,unknown,no,2025-07-26 08:00:00
45,blue-collar,married,primary,no,959,yes,no,unknown,15,may,463,1,-1,0,unknown,no,2025-07-26 09:00:00
43,blue-collar,married,primary,no,289,yes,no,cellular,6,may,284,3,-1,0,unknown,no,2025-07-26 10:00:00
49,technician,married,secondary,no,626,yes,no,cellular,25,aug,90,4,-1,0,unknown,no,2025-07-26 11:00:00
43,blue-collar,married,secondary,no,1149,no,no,telephone,29,jul,237,2,-1,0,unknown,no,2025-07-26 12:00:00
45,admin.,divorced,primary,no,1807,yes,no,unknown,6,jun,118,2,-1,0,unknown,no,2025-07-26 13:00:00
32,services,married,secondary,no,1398,yes,yes,cellular,15,may,233,1,-1,0,unknown,no,2025-07-26 14:00:00
42,blue-collar,divorced,primary,no,1563,yes,no,cellular,14,may,164,2,364,1,failure,no,2025-07-26 15:00:00
41,services,married,secondary,no,841,yes,no,cellular,7,jul,250,2,-1,0,unknown,no,2025-07-26 16:00:00
43,unemployed,married,tertiary,no,0,no,no,cellular,16,jul,745,1,281,1,failure,yes,2025-07-26 17:00:00
46,management,married,tertiary,no,9678,yes,no,cellular,17,nov,318,1,-1,0,unknown,no,2025-07-26 18:00:00
39,blue-collar,married,primary,no,70,no,no,unknown,8,may,813,1,-1,0,unknown,yes,2025-07-26 19:00:00
49,entrepreneur,married,primary,no,137,yes,no,cellular,14,may,384,7,-1,0,unknown,no,2025-07-26 20:00:00
29,unemployed,single,secondary,no,12,yes,no,cellular,29,jan,298,3,-1,0,unknown,no,2025-07-26 21:00:00
28,management,married,secondary,no,152,yes,no,cellular,15,apr,412,2,-1,0,unknown,no,2025-07-26 22:00:00
42,services,married,secondary,yes,129,no,no,cellular,18,nov,390,3,-1,0,unknown,no,2025-07-26 23:00:00
54,blue-collar,married,primary,no,45,yes,no,unknown,18,jun,142,20,-1,0,unknown,no,2025-07-27 00:00:00
61,retired,married,primary,no,0,yes,yes,telephone,18,aug,280,13,-1,0,unknown,no,2025-07-27 01:00:00
32,blue-collar,married,secondary,no,476,yes,no,cellular,23,jul,956,9,-1,0,unknown,yes,2025-07-27 02:00:00
30,services,single,secondary,no,-100,yes,yes,cellular,15,may,292,1,-1,0,unknown,no,2025-07-27 03:00:00
41,technician,divorced,tertiary,no,3465,yes,no,cellular,11,aug,389,4,-1,0,unknown,no,2025-07-27 04:00:00
43,management,married,tertiary,no,-69,yes,no,unknown,26,may,48,2,-1,0,unknown,no,2025-07-27 05:00:00
32,management,married,tertiary,no,184,yes,no,cellular,14,jul,238,3,-1,0,unknown,no,2025-07-27 06:00:00
44,technician,married,tertiary,no,564,yes,no,cellular,13,may,88,2,-1,0,unknown,no,2025-07-27 07:00:00
58,unemployed,married,secondary,no,149,yes,no,cellular,28,jan,289,1,-1,0,unknown,no,2025-07-27 08:00:00
41,management,married,tertiary,no,437,yes,no,unknown,3,jun,14,21,-1,0,unknown,no,2025-07-27 09:00:00
59,management,divorced,tertiary,no,3552,yes,no,cellular,17,nov,690,1,123,7,other,no,2025-07-27 10:00:00
35,services,married,secondary,no,630,yes,no,unknown,7,may,17,2,-1,0,unknown,no,2025-07-27 11:00:00
28,blue-collar,single,secondary,no,75,no,no,unknown,1,jun,7,1,-1,0,unknown,no,2025-07-27 12:00:00
39,blue-collar,divorced,unknown,no,463,yes,no,cellular,18,may,169,1,-1,0,unknown,no,2025-07-27 13:00:00
52,management,married,tertiary,no,19797,yes,no,unknown,2,jun,966,3,-1,0,unknown,no,2025-07-27 14:00:00
60,unemployed,married,secondary,no,957,no,no,cellular,8,sep,246,1,184,3,success,yes,2025-07-27 15:00:00
46,management,married,tertiary,no,2671,no,no,cellular,13,nov,180,3,91,4,success,no,2025-07-27 16:00:00
44,blue-collar,married,secondary,no,2523,yes,no,unknown,29,may,1236,2,-1,0,unknown,no,2025-07-27 17:00:00
57,unemployed,married,primary,no,0,no,no,unknown,9,jun,540,1,-1,0,unknown,no,2025-07-27 18:00:00
45,services,divorced,secondary,no,343,yes,no,cellular,5,may,301,2,-1,0,unknown,no,2025-07-27 19:00:00
52,management,married,tertiary,no,2708,yes,no,cellular,20,nov,231,1,-1,0,unknown,no,2025-07-27 20:00:00
32,management,married,tertiary,no,578,no,yes,cellular,22,jul,29,2,-1,0,unknown,no,2025-07-27 21:00:00
49,management,married,tertiary,no,579,no,no,cellular,12,aug,201,4,-1,0,unknown,no,2025-07-27 22:00:00
40,blue-collar,married,primary,no,-234,yes,no,cellular,6,may,275,1,-1,0,unknown,no,2025-07-27 23:00:00
39,management,married,tertiary,no,63,yes,no,cellular,24,jul,203,1,-1,0,unknown,no,2025-07-28 00:00:00
24,technician,single,tertiary,no,777,yes,no,unknown,8,may,131,1,-1,0,unknown,no,2025-07-28 01:00:00
51,retired,divorced,secondary,no,343,yes,no,unknown,30,may,78,2,-1,0,unknown,no,2025-07-28 02:00:00
36,management,single,secondary,no,1898,yes,no,cellular,22,aug,243,4,-1,0,unknown,no,2025-07-28 03:00:00
35,blue-collar,single,unknown,no,484,no,no,cellular,12,apr,143,2,186,1,failure,no,2025-07-28 04:00:00
36,technician,married,tertiary,no,571,yes,yes,cellular,31,jul,46,3,-1,0,unknown,no,2025-07-28 05:00:00
26,blue-collar,single,secondary,no,26,yes,yes,cellular,15,may,899,1,-1,0,unknown,yes,2025-07-28 06:00:00
43,admin.,married,secondary,no,388,yes,no,cellular,19,nov,111,2,-1,0,unknown,no,2025-07-28 07:00:00
21,student,single,primary,no,423,no,no,telephone,18,jan,287,5,285,5,success,yes,2025-07-28 08:00:00
34,admin.,married,tertiary,no,1636,yes,yes,cellular,6,sep,136,1,521,2,failure,no,2025-07-28 09:00:00
75,retired,divorced,secondary,no,1341,no,no,cellular,18,dec,415,7,-1,0,unknown,yes,2025-07-28 10:00:00
39,technician,married,tertiary,no,206,no,no,cellular,20,oct,148,2,195,2,success,yes,2025-07-28 11:00:00
36,technician,married,secondary,no,146,yes,yes,unknown,15,may,284,2,-1,0,unknown,no,2025-07-28 12:00:00
49,management,single,secondary,no,61,yes,no,cellular,29,jan,185,2,246,1,failure,no,2025-07-28 13:00:00
53,management,married,tertiary,no,602,yes,no,cellular,24,jul,58,2,-1,0,unknown,no,2025-07-28 14:00:00
39,blue-collar,married,primary,no,275,yes,no,unknown,16,jun,189,2,-1,0,unknown,no,2025-07-28 15:00:00
49,management,married,tertiary,no,261,no,no,cellular,14,jul,225,2,-1,0,unknown,no,2025-07-28 16:00:00
34,blue-collar,single,primary,no,-175,yes,no,unknown,26,may,40,1,-1,0,unknown,no,2025-07-28 17:00:00
29,blue-collar,married,secondary,no,659,no,no,telephone,19,nov,401,1,-1,0,unknown,no,2025-07-28 18:00:00
24,technician,married,secondary,no,330,yes,yes,cellular,5,may,326,1,-1,0,unknown,no,2025-07-28 19:00:00
31,technician,married,secondary,no,522,yes,yes,cellular,27,aug,308,4,-1,0,unknown,no,2025-07-28 20:00:00
42,admin.,divorced,secondary,no,435,yes,no,unknown,30,may,148,1,-1,0,unknown,no,2025-07-28 21:00:00
32,admin.,single,secondary,no,-227,yes,yes,unknown,9,may,646,1,-1,0,unknown,no,2025-07-28 22:00:00
39,management,single,tertiary,no,1509,no,no,cellular,11,nov,248,1,-1,0,unknown,no,2025-07-28 23:00:00
30,services,married,secondary,no,114,no,no,cellular,20,aug,185,4,-1,0,unknown,no,2025-07-29 00:00:00
37,admin.,married,secondary,no,0,yes,no,cellular,8,apr,208,3,349,2,failure,no,2025-07-29 01:00:00
36,technician,single,tertiary,no,743,yes,no,unknown,3,jun,517,1,-1,0,unknown,no,2025-07-29 02:00:00
32,services,married,secondary,no,689,yes,yes,cellular,16,jun,162,3,-1,0,unknown,yes,2025-07-29 03:00:00
27,admin.,married,secondary,no,-790,yes,no,cellular,22,jul,273,4,-1,0,unknown,no,2025-07-29 04:00:00
35,blue-collar,married,secondary,no,728,yes,no,unknown,12,jun,410,16,-1,0,unknown,no,2025-07-29 05:00:00
48,services,married,secondary,no,0,no,no,telephone,24,jul,154,1,-1,0,unknown,no,2025-07-29 06:00:00
71,retired,married,primary,no,2171,no,no,cellular,10,mar,625,4,-1,0,unknown,no,2025-07-29 07:00:00
39,technician,married,secondary,no,-735,yes,no,cellular,30,jan,144,5,248,2,failure,no,2025-07-29 08:00:00
37,blue-collar,married,secondary,no,563,yes,no,telephone,10,jul,27,1,-1,0,unknown,no,2025-07-29 09:00:00
45,blue-collar,married,secondary,no,196,yes,no,cellular,2,feb,91,1,-1,0,unknown,no,2025-07-29 10:00:00
34,technician,single,tertiary,no,1039,no,no,cellular,11,aug,342,3,-1,0,unknown,no,2025-07-29 11:00:00
55,management,divorced,tertiary,no,2625,yes,no,cellular,5,may,286,1,252,3,failure,no,2025-07-29 12:00:00
35,services,divorced,secondary,no,-269,yes,no,unknown,3,jun,118,2,-1,0,unknown,no,2025-07-29 13:00:00
36,management,married,tertiary,no,59,yes,yes,unknown,4,jul,100,1,-1,0,unknown,no,2025-07-29 14:00:00
56,unemployed,married,unknown,no,846,yes,no,telephone,30,jul,213,7,-1,0,unknown,no,2025-07-29 15:00:00
36,self-employed,married,tertiary,no,506,no,no,cellular,3,feb,124,1,92,3,success,no,2025-07-29 16:00:00
61,retired,married,primary,no,1515,yes,no,cellular,15,apr,253,2,-1,0,unknown,no,2025-07-29 17:00:00
46,technician,divorced,unknown,no,103,no,no,unknown,19,may,158,5,-1,0,unknown,no,2025-07-29 18:00:00
29,blue-collar,single,secondary,no,180,no,no,cellular,12,jan,350,2,-1,0,unknown,no,2025-07-29 19:00:00
34,unemployed,single,tertiary,no,906,yes,no,unknown,27,may,101,3,-1,0,unknown,no,2025-07-29 20:00:00
30,blue-collar,single,secondary,no,-42,no,no,cellular,7,jul,86,2,-1,0,unknown,no,2025-07-29 21:00:00
36,technician,married,tertiary,no,837,no,no,cellular,28,aug,68,6,-1,0,unknown,no,2025-07-29 22:00:00
49,services,married,secondary,no,5673,no,yes,cellular,4,aug,357,3,-1,0,unknown,no,2025-07-29 23:00:00
67,retired,married,unknown,no,714,no,no,cellular,9,sep,372,1,-1,0,unknown,no,2025-07-30 00:00:00
28,student,single,tertiary,no,80,yes,no,unknown,19,may,234,1,-1,0,unknown,no,2025-07-30 01:00:00
56,admin.,married,secondary,no,2256,yes,no,unknown,15,may,171,2,-1,0,unknown,no,2025-07-30 02:00:00
39,services,married,secondary,no,800,yes,no,cellular,8,may,241,2,-1,0,unknown,no,2025-07-30 03:00:00
44,management,married,tertiary,no,4119,yes,yes,telephone,21,nov,1074,1,-1,0,unknown,yes,2025-07-30 04:00:00
32,management,single,tertiary,no,3981,yes,no,cellular,15,apr,362,1,271,1,failure,no,2025-07-30 05:00:00
55,services,married,secondary,no,879,no,no,cellular,28,aug,183,8,-1,0,unknown,no,2025-07-30 06:00:00
41,technician,single,secondary,no,0,yes,yes,unknown,19,may,162,1,-1,0,unknown,no,2025-07-30 07:00:00
56,retired,divorced,secondary,no,212,no,yes,telephone,17,jul,27,1,-1,0,unknown,no,2025-07-30 08:00:00
44,admin.,single,secondary,no,1534,no,no,cellular,7,aug,166,1,99,2,other,yes,2025-07-30 09:00:00
37,management,married,tertiary,no,355,no,no,cellular,4,aug,340,1,-1,0,unknown,no,2025-07-30 10:00:00
33,services,married,secondary,no,255,yes,yes,cellular,21,nov,588,2,184,2,failure,no,2025-07-30 11:00:00
50,retired,married,primary,no,1098,no,no,unknown,17,jun,168,1,-1,0,unknown,no,2025-07-30 12:00:00
43,unemployed,married,secondary,no,0,yes,no,unknown,6,may,37,2,-1,0,unknown,no,2025-07-30 13:00:00
39,management,married,secondary,no,1035,yes,no,cellular,20,apr,436,1,-1,0,unknown,no,2025-07-30 14:00:00
29,technician,single,secondary,no,5763,no,yes,cellular,5,jun,271,2,92,2,success,no,2025-07-30 15:00:00
49,blue-collar,married,primary,no,365,no,no,unknown,26,may,59,2,-1,0,unknown,no,2025-07-30 16:00:00
31,student,single,secondary,no,735,no,no,cellular,7,apr,88,3,322,1,other,no,2025-07-30 17:00:00
57,housemaid,divorced,primary,no,113,no,no,unknown,18,jun,378,2,-1,0,unknown,no,2025-07-30 18:00:00
51,unemployed,married,secondary,no,3640,no,no,telephone,5,feb,295,6,-1,0,unknown,no,2025-07-30 19:00:00
56,technician,single,secondary,no,751,yes,no,cellular,15,may,43,8,177,5,failure,no,2025-07-30 20:00:00
27,self-employed,single,secondary,no,78,yes,no,unknown,9,may,825,1,-1,0,unknown,no,2025-07-30 21:00:00
36,technician,divorced,secondary,no,1941,no,yes,cellular,13,aug,156,4,-1,0,unknown,no,2025-07-30 22:00:00
29,admin.,single,secondary,no,428,yes,yes,cellular,7,may,54,1,345,2,failure,no,2025-07-30 23:00:00
48,admin.,married,secondary,no,-160,no,yes,cellular,28,jul,84,3,-1,0,unknown,no,2025-07-31 00:00:00
46,admin.,married,tertiary,no,2552,no,no,cellular,3,sep,260,1,94,8,success,yes,2025-07-31 01:00:00
37,services,married,primary,no,0,yes,yes,unknown,12,jun,137,1,-1,0,unknown,no,2025-07-31 02:00:00
40,housemaid,divorced,primary,no,1,no,no,unknown,6,jun,113,3,-1,0,unknown,no,2025-07-31 03:00:00
41,services,married,secondary,no,-111,yes,no,unknown,13,may,21,1,-1,0,unknown,no,2025-07-31 04:00:00
32,blue-collar,divorced,primary,no,4805,no,yes,cellular,4,jul,138,3,-1,0,unknown,no,2025-07-31 05:00:00
48,management,married,secondary,no,268,yes,no,cellular,28,jul,458,7,-1,0,unknown,yes,2025-07-31 06:00:00
56,management,married,tertiary,no,1631,yes,no,cellular,15,jul,376,3,-1,0,unknown,no,2025-07-31 07:00:00
30,technician,married,secondary,no,418,yes,no,unknown,3,jun,112,1,-1,0,unknown,no,2025-07-31 08:00:00
31,self-employed,married,tertiary,no,322,yes,no,unknown,8,may,159,1,-1,0,unknown,no,2025-07-31 09:00:00
62,self-employed,married,tertiary,no,4886,yes,no,telephone,16,mar,44,1,-1,0,unknown,no,2025-07-31 10:00:00
40,blue-collar,married,primary,no,98,yes,no,unknown,2,jun,193,5,-1,0,unknown,no,2025-07-31 11:00:00
32,admin.,married,secondary,no,51,yes,yes,cellular,14,jan,203,1,87,2,other,yes,2025-07-31 12:00:00
59,retired,divorced,secondary,no,208,no,yes,cellular,28,jan,503,2,-1,0,unknown,no,2025-07-31 13:00:00
58,management,married,tertiary,no,2360,no,no,unknown,15,may,177,3,-1,0,unknown,no,2025-07-31 14:00:00
36,technician,married,secondary,no,-355,yes,no,cellular,8,may,89,1,-1,0,unknown,no,2025-07-31 15:00:00
31,technician,single,secondary,no,3701,no,no,cellular,18,aug,709,3,-1,0,unknown,no,2025-07-31 16:00:00
40,admin.,married,unknown,no,9110,yes,no,cellular,12,may,234,6,174,3,failure,no,2025-07-31 17:00:00
32,blue-collar,married,primary,no,1176,no,no,cellular,12,may,104,5,-1,0,unknown,no,2025-07-31 18:00:00
39,management,married,primary,no,738,yes,yes,cellular,18,jul,215,3,-1,0,unknown,no,2025-07-31 19:00:00
59,retired,divorced,secondary,no,1026,no,no,unknown,5,nov,669,1,-1,0,unknown,yes,2025-07-31 20:00:00
25,blue-collar,single,secondary,no,0,yes,no,unknown,15,may,244,2,-1,0,unknown,no,2025-07-31 21:00:00
28,technician,single,secondary,no,922,yes,no,cellular,7,apr,304,1,-1,0,unknown,no,2025-07-31 22:00:00
65,housemaid,married,primary,no,715,no,no,cellular,11,mar,323,1,-1,0,unknown,yes,2025-07-31 23:00:00
41,blue-collar,married,secondary,no,393,yes,yes,cellular,10,jul,122,1,-1,0,unknown,no,2025-08-01 00:00:00
33,management,single,tertiary,no,474,yes,no,cellular,2,feb,62,1,179,3,failure,no,2025-08-01 01:00:00
41,self-employed,married,tertiary,no,-326,yes,yes,unknown,23,may,86,2,-1,0,unknown,no,2025-08-01 02:00:00
27,self-employed,single,tertiary,no,4574,no,no,cellular,12,aug,187,2,-1,0,unknown,no,2025-08-01 03:00:00
52,admin.,married,secondary,no,979,yes,no,cellular,16,apr,156,1,336,1,other,no,2025-08-01 04:00:00
29,blue-collar,single,secondary,no,13654,yes,yes,cellular,16,apr,528,1,-1,0,unknown,no,2025-08-01 05:00:00
35,student,married,tertiary,no,387,yes,no,cellular,8,may,1024,3,347,3,failure,yes,2025-08-01 06:00:00
30,technician,single,tertiary,no,799,yes,yes,unknown,6,jun,91,18,-1,0,unknown,no,2025-08-01 07:00:00
37,technician,married,secondary,no,0,no,no,cellular,5,aug,409,1,-1,0,unknown,no,2025-08-01 08:00:00
31,management,single,tertiary,no,933,yes,no,cellular,9,jul,134,1,-1,0,unknown,no,2025-08-01 09:00:00
55,housemaid,married,primary,no,0,no,no,cellular,13,aug,139,2,-1,0,unknown,no,2025-08-01 10:00:00
40,management,single,secondary,no,9916,no,no,cellular,18,nov,411,3,8,1,failure,no,2025-08-01 11:00:00
60,technician,married,secondary,no,591,no,no,telephone,23,jul,248,2,-1,0,unknown,no,2025-08-01 12:00:00
45,unemployed,married,secondary,no,891,yes,no,unknown,7,jan,118,1,-1,0,unknown,yes,2025-08-01 13:00:00
39,technician,single,secondary,no,671,no,yes,cellular,11,jul,98,2,-1,0,unknown,no,2025-08-01 14:00:00
46,blue-collar,married,secondary,no,1232,no,yes,cellular,3,feb,300,3,195,8,other,no,2025-08-01 15:00:00
33,technician,married,secondary,no,956,yes,yes,cellular,20,aug,120,2,-1,0,unknown,no,2025-08-01 16:00:00
33,management,single,tertiary,no,71,no,no,cellular,22,aug,107,6,-1,0,unknown,no,2025-08-01 17:00:00
26,technician,divorced,secondary,no,21,yes,no,unknown,27,may,133,1,-1,0,unknown,no,2025-08-01 18:00:00
34,admin.,divorced,secondary,no,0,yes,no,cellular,6,may,153,1,-1,0,unknown,no,2025-08-01 19:00:00
32,blue-collar,married,primary,no,0,yes,yes,cellular,8,may,82,2,361,4,failure,no,2025-08-01 20:00:00
30,entrepreneur,married,tertiary,no,93,yes,no,cellular,6,feb,146,4,-1,0,unknown,no,2025-08-01 21:00:00
36,management,divorced,tertiary,no,668,yes,no,cellular,5,may,623,1,-1,0,unknown,no,2025-08-01 22:00:00
32,technician,single,tertiary,no,259,no,no,cellular,22,jul,407,4,-1,0,unknown,no,2025-08-01 23:00:00
37,technician,single,secondary,no,-242,yes,no,cellular,13,aug,1149,6,-1,0,unknown,yes,2025-08-02 00:00:00
52,technician,married,secondary,no,-384,yes,no,cellular,13,aug,114,4,-1,0,unknown,no,2025-08-02 01:00:00
57,management,married,tertiary,no,1631,yes,no,cellular,2,apr,254,2,261,3,failure,no,2025-08-02 02:00:00
36,management,single,tertiary,no,900,no,no,cellular,6,aug,499,4,-1,0,unknown,no,2025-08-02 03:00:00
28,admin.,single,tertiary,no,422,yes,no,unknown,9,may,274,1,-1,0,unknown,no,2025-08-02 04:00:00
59,retired,divorced,secondary,no,514,yes,no,cellular,17,nov,573,1,188,1,other,no,2025-08-02 05:00:00
37,blue-collar,married,primary,no,351,no,no,unknown,9,jun,108,1,-1,0,unknown,no,2025-08-02 06:00:00
53,blue-collar,married,primary,no,358,yes,no,unknown,3,jun,384,1,-1,0,unknown,no,2025-08-02 07:00:00
37,services,married,secondary,no,40,no,no,unknown,16,jun,42,3,-1,0,unknown,no,2025-08-02 08:00:00
55,self-employed,married,secondary,no,2387,yes,no,cellular,25,jul,155,4,-1,0,unknown,no,2025-08-02 09:00:00
58,retired,married,primary,no,-257,yes,yes,cellular,8,aug,163,2,-1,0,unknown,no,2025-08-02 10:00:00
28,student,single,secondary,no,197,yes,no,cellular,12,may,32,1,-1,0,unknown,no,2025-08-02 11:00:00
60,retired,married,secondary,no,89,no,no,cellular,30,apr,156,2,-1,0,unknown,no,2025-08-02 12:00:00
33,services,married,primary,no,0,yes,no,cellular,7,may,227,2,-1,0,unknown,no,2025-08-02 13:00:00
34,management,single,tertiary,no,699,no,no,cellular,26,may,66,1,-1,0,unknown,no,2025-08-02 14:00:00
39,management,married,tertiary,no,1423,yes,no,telephone,21,jul,733,3,-1,0,unknown,yes,2025-08-02 15:00:00
39,unemployed,married,secondary,no,2245,no,no,cellular,21,nov,749,2,-1,0,unknown,yes,2025-08-02 16:00:00
27,blue-collar,single,secondary,no,-116,yes,yes,cellular,17,apr,432,2,343,1,failure,no,2025-08-02 17:00:00
59,housemaid,married,primary,no,0,no,no,unknown,9,jun,332,1,-1,0,unknown,no,2025-08-02 18:00:00
53,technician,married,secondary,no,206,no,no,cellular,26,aug,87,6,-1,0,unknown,no,2025-08-02 19:00:00
36,services,married,secondary,no,-182,yes,yes,cellular,8,may,19,6,304,11,other,no,2025-08-02 20:00:00
37,services,single,secondary,no,-196,yes,no,unknown,7,may,207,1,-1,0,unknown,no,2025-08-02 21:00:00
40,technician,married,secondary,no,4441,yes,no,cellular,20,nov,153,2,183,2,failure,no,2025-08-02 22:00:00
28,management,single,secondary,no,2840,no,no,cellular,20,apr,227,5,-1,0,unknown,yes,2025-08-02 23:00:00
38,services,married,secondary,no,1970,yes,no,cellular,30,apr,701,1,176,1,success,yes,2025-08-03 00:00:00
59,entrepreneur,married,secondary,no,496,no,no,cellular,22,oct,738,3,183,1,success,yes,2025-08-03 01:00:00
48,management,single,tertiary,no,0,no,no,unknown,18,jun,96,3,-1,0,unknown,no,2025-08-03 02:00:00
27,services,single,secondary,no,468,yes,no,cellular,13,may,109,1,-1,0,unknown,no,2025-08-03 03:00:00
34,technician,married,tertiary,no,7717,yes,no,cellular,18,nov,386,1,-1,0,unknown,no,2025-08-03 04:00:00
33,blue-collar,married,primary,no,-219,yes,no,cellular,17,apr,64,1,-1,0,unknown,no,2025-08-03 05:00:00
51,admin.,married,tertiary,no,26,yes,no,telephone,28,aug,51,3,-1,0,unknown,no,2025-08-03 06:00:00
44,management,married,tertiary,no,4333,no,no,cellular,6,aug,68,6,-1,0,unknown,no,2025-08-03 07:00:00
41,management,married,tertiary,no,3872,no,no,cellular,15,oct,231,1,-1,0,unknown,no,2025-08-03 08:00:00
31,blue-collar,single,secondary,no,6982,yes,no,unknown,21,may,353,1,-1,0,unknown,no,2025-08-03 09:00:00
60,retired,divorced,secondary,no,1382,no,no,cellular,30,jul,112,10,-1,0,unknown,no,2025-08-03 10:00:00
33,technician,married,secondary,no,2666,no,no,cellular,19,aug,117,3,-1,0,unknown,no,2025-08-03 11:00:00
25,management,married,tertiary,no,0,yes,no,cellular,31,jul,20,31,-1,0,unknown,no,2025-08-03 12:00:00
50,housemaid,married,secondary,no,0,no,no,unknown,18,jun,551,1,-1,0,unknown,no,2025-08-03 13:00:00
52,blue-collar,married,secondary,no,3510,yes,no,telephone,24,jul,193,7,-1,0,unknown,no,2025-08-03 14:00:00
40,management,married,tertiary,no,326,no,no,cellular,8,aug,236,2,-1,0,unknown,no,2025-08-03 15:00:00
43,technician,married,tertiary,no,1796,no,no,cellular,28,jan,352,2,-1,0,unknown,no,2025-08-03 16:00:00
28,blue-collar,single,primary,no,150,no,yes,cellular,9,jul,112,2,-1,0,unknown,no,2025-08-03 17:00:00
37,admin.,married,secondary,no,637,no,no,unknown,5,jun,1084,1,-1,0,unknown,no,2025-08-03 18:00:00
32,management,single,tertiary,no,7290,yes,no,cellular,18,may,357,1,-1,0,unknown,yes,2025-08-03 19:00:00
48,services,divorced,secondary,no,-203,yes,no,cellular,18,may,156,5,297,1,other,no,2025-08-03 20:00:00
38,entrepreneur,married,secondary,no,0,yes,yes,cellular,20,apr,305,2,154,1,failure,no,2025-08-03 21:00:00
32,self-employed,single,tertiary,no,1815,no,no,telephone,10,aug,235,1,102,2,failure,yes,2025-08-03 22:00:00
29,admin.,single,secondary,no,1028,yes,no,unknown,14,may,343,1,-1,0,unknown,no,2025-08-03 23:00:00
36,technician,single,secondary,no,1855,yes,no,cellular,4,feb,75,1,273,1,failure,no,2025-08-04 00:00:00
46,blue-collar,married,primary,no,-160,no,yes,telephone,25,jul,93,11,-1,0,unknown,no,2025-08-04 01:00:00
44,blue-collar,married,secondary,no,-431,yes,no,unknown,29,may,52,8,-1,0,unknown,no,2025-08-04 02:00:00
26,student,single,secondary,no,374,no,no,telephone,12,aug,478,2,-1,0,unknown,no,2025-08-04 03:00:00
33,technician,married,secondary,no,0,no,no,cellular,20,aug,113,4,-1,0,unknown,no,2025-08-04 04:00:00
33,management,married,tertiary,no,6513,yes,no,cellular,11,jan,170,1,343,1,other,yes,2025-08-04 05:00:00
32,self-employed,married,primary,no,286,yes,no,cellular,6,aug,175,1,-1,0,unknown,no,2025-08-04 06:00:00
22,student,single,secondary,no,216,no,no,cellular,8,feb,363,1,187,1,success,yes,2025-08-04 07:00:00
56,admin.,married,secondary,no,699,no,no,unknown,7,jun,54,1,-1,0,unknown,no,2025-08-04 08:00:00
38,technician,single,tertiary,no,2496,no,no,unknown,17,jun,193,1,-1,0,unknown,no,2025-08-04 09:00:00
45,technician,married,secondary,no,34,no,no,cellular,26,aug,333,4,-1,0,unknown,no,2025-08-04 10:00:00
53,admin.,married,secondary,no,1252,no,no,cellular,17,aug,128,4,-1,0,unknown,no,2025-08-04 11:00:00
35,admin.,married,secondary,no,437,yes,no,cellular,17,apr,123,1,-1,0,unknown,no,2025-08-04 12:00:00
39,blue-collar,married,primary,no,2862,yes,no,unknown,28,may,227,2,-1,0,unknown,no,2025-08-04 13:00:00
45,blue-collar,married,primary,no,970,yes,no,unknown,19,may,208,5,-1,0,unknown,no,2025-08-04 14:00:00
48,technician,single,tertiary,no,-551,yes,no,cellular,11,may,168,2,-1,0,unknown,no,2025-08-04 15:00:00
56,management,divorced,tertiary,no,442,no,no,unknown,28,may,77,3,-1,0,unknown,no,2025-08-04 16:00:00
52,entrepreneur,married,tertiary,no,2309,no,yes,cellular,21,nov,13,2,-1,0,unknown,no,2025-08-04 17:00:00
47,blue-collar,married,primary,no,1112,yes,no,cellular,13,may,129,1,-1,0,unknown,no,2025-08-04 18:00:00
35,technician,divorced,secondary,no,-870,yes,no,cellular,14,jul,180,4,-1,0,unknown,no,2025-08-04 19:00:00
56,unknown,married,unknown,no,361,no,no,unknown,20,jun,247,7,-1,0,unknown,no,2025-08-04 20:00:00
77,retired,married,tertiary,no,7802,no,no,telephone,1,feb,483,2,-1,0,unknown,yes,2025-08-04 21:00:00
31,technician,single,tertiary,no,-749,yes,yes,cellular,29,jul,82,4,-1,0,unknown,no,2025-08-04 22:00:00
25,blue-collar,married,secondary,no,109,yes,no,unknown,16,may,306,1,-1,0,unknown,no,2025-08-04 23:00:00
38,services,married,secondary,no,208,yes,no,unknown,7,may,800,1,-1,0,unknown,no,2025-08-05 00:00:00
43,management,married,tertiary,no,143,no,no,cellular,19,aug,101,2,-1,0,unknown,no,2025-08-05 01:00:00
32,technician,single,secondary,no,1698,yes,no,unknown,20,may,115,1,-1,0,unknown,no,2025-08-05 02:00:00
45,management,single,tertiary,no,451,no,no,unknown,17,jun,881,1,-1,0,unknown,no,2025-08-05 03:00:00
52,admin.,married,secondary,no,1746,no,no,cellular,30,jul,142,9,-1,0,unknown,no,2025-08-05 04:00:00
30,blue-collar,single,secondary,no,315,no,no,cellular,23,jun,1407,1,-1,0,unknown,yes,2025-08-05 05:00:00
59,management,married,tertiary,no,0,no,no,cellular,19,aug,112,2,-1,0,unknown,no,2025-08-05 06:00:00
35,unemployed,single,secondary,no,295,no,no,unknown,17,mar,473,1,-1,0,unknown,yes,2025-08-05 07:00:00
33,technician,single,secondary,no,10,yes,no,cellular,6,feb,71,2,274,1,failure,no,2025-08-05 08:00:00
29,entrepreneur,married,secondary,no,291,yes,no,unknown,2,jun,205,3,-1,0,unknown,no,2025-08-05 09:00:00
30,admin.,single,secondary,no,127,yes,no,cellular,18,may,16,6,368,1,other,no,2025-08-05 10:00:00
26,blue-collar,married,primary,no,755,yes,no,unknown,28,may,61,1,-1,0,unknown,no,2025-08-05 11:00:00
30,management,single,tertiary,no,697,no,no,cellular,10,aug,179,3,102,2,success,yes,2025-08-05 12:00:00
43,technician,married,secondary,no,136,no,no,cellular,25,aug,363,7,-1,0,unknown,yes,2025-08-05 13:00:00
35,blue-collar,divorced,primary,no,4401,yes,no,cellular,31,jul,465,4,-1,0,unknown,no,2025-08-05 14:00:00
28,technician,single,tertiary,no,4987,no,no,cellular,9,feb,253,21,-1,0,unknown,yes,2025-08-05 15:00:00
24,admin.,married,secondary,no,299,yes,no,cellular,6,may,209,1,321,1,failure,no,2025-08-05 16:00:00
40,unemployed,single,tertiary,no,97,yes,yes,cellular,2,feb,73,1,252,1,failure,no,2025-08-05 17:00:00
71,retired,divorced,primary,no,275,no,no,cellular,14,jun,293,1,425,1,success,yes,2025-08-05 18:00:00
34,technician,divorced,secondary,no,-133,yes,no,cellular,8,jul,395,1,-1,0,unknown,no,2025-08-05 19:00:00
72,retired,married,unknown,no,413,no,no,telephone,7,dec,358,6,-1,0,unknown,no,2025-08-05 20:00:00
39,blue-collar,single,primary,no,561,yes,no,cellular,17,apr,88,1,-1,0,unknown,no,2025-08-05 21:00:00
58,management,divorced,tertiary,no,315,yes,no,cellular,1,apr,121,2,135,2,failure,no,2025-08-05 22:00:00
39,management,married,tertiary,no,429,no,no,cellular,18,aug,80,6,-1,0,unknown,no,2025-08-05 23:00:00
53,technician,married,unknown,no,253,yes,no,cellular,8,may,763,1,-1,0,unknown,no,2025-08-06 00:00:00
35,blue-collar,single,primary,no,337,yes,no,unknown,9,may,127,1,-1,0,unknown,no,2025-08-06 01:00:00
27,services,single,secondary,no,266,no,yes,cellular,7,jul,232,1,-1,0,unknown,no,2025-08-06 02:00:00
52,technician,married,secondary,no,306,no,no,cellular,25,aug,265,4,-1,0,unknown,no,2025-08-06 03:00:00
55,unknown,married,primary,no,159,no,no,unknown,4,sep,15,1,-1,0,unknown,no,2025-08-06 04:00:00
43,unknown,married,secondary,no,1926,no,no,telephone,7,jul,89,13,-1,0,unknown,no,2025-08-06 05:00:00
36,management,married,tertiary,no,3794,no,no,cellular,4,aug,230,1,-1,0,unknown,no,2025-08-06 06:00:00
32,blue-collar,married,secondary,no,14,yes,no,unknown,2,jun,171,1,-1,0,unknown,no,2025-08-06 07:00:00
35,blue-collar,married,secondary,no,444,yes,no,cellular,15,apr,244,3,-1,0,unknown,no,2025-08-06 08:00:00
37,technician,married,secondary,no,703,no,no,cellular,31,jul,92,2,-1,0,unknown,no,2025-08-06 09:00:00
31,admin.,single,secondary,no,431,yes,yes,unknown,20,may,1045,1,-1,0,unknown,yes,2025-08-06 10:00:00
32,technician,single,secondary,no,258,no,no,unknown,3,jun,114,3,-1,0,unknown,no,2025-08-06 11:00:00
23,services,single,tertiary,no,363,yes,no,unknown,30,may,16,18,-1,0,unknown,no,2025-08-06 12:00:00
25,blue-collar,single,secondary,no,-143,yes,yes,unknown,27,may,90,1,-1,0,unknown,no,2025-08-06 13:00:00
30,management,married,tertiary,no,-250,yes,no,unknown,20,jun,11,6,-1,0,unknown,no,2025-08-06 14:00:00
52,management,married,tertiary,no,31,no,no,cellular,10,mar,135,1,-1,0,unknown,yes,2025-08-06 15:00:00
56,retired,married,secondary,no,344,yes,no,unknown,15,may,221,1,-1,0,unknown,no,2025-08-06 16:00:00
60,management,divorced,tertiary,no,366,no,no,cellular,3,jun,593,1,-1,0,unknown,yes,2025-08-06 17:00:00
53,services,divorced,secondary,no,1467,yes,no,unknown,5,may,124,1,-1,0,unknown,no,2025-08-06 18:00:00
20,student,single,secondary,no,130,no,no,telephone,11,aug,88,1,99,3,failure,no,2025-08-06 19:00:00
33,management,divorced,tertiary,no,0,yes,yes,cellular,21,nov,211,7,94,8,failure,no,2025-08-06 20:00:00
32,management,single,tertiary,no,566,no,no,cellular,30,apr,114,2,-1,0,unknown,no,2025-08-06 21:00:00
59,self-employed,single,primary,no,0,yes,no,telephone,5,feb,1307,2,-1,0,unknown,no,2025-08-06 22:00:00
39,technician,married,secondary,no,697,no,no,cellular,15,jun,108,1,-1,0,unknown,no,2025-08-06 23:00:00
37,services,single,secondary,no,259,yes,no,unknown,7,may,130,1,-1,0,unknown,no,2025-08-07 00:00:00
36,services,married,secondary,no,211,yes,no,unknown,9,may,93,2,-1,0,unknown,no,2025-08-07 01:00:00
48,admin.,married,secondary,no,50,no,yes,cellular,21,oct,419,1,-1,0,unknown,yes,2025-08-07 02:00:00
27,blue-collar,married,secondary,no,4333,no,no,cellular,20,apr,163,1,-1,0,unknown,yes,2025-08-07 03:00:00
35,blue-collar,married,secondary,no,156,yes,no,cellular,8,may,302,1,283,3,failure,no,2025-08-07 04:00:00
58,blue-collar,married,primary,no,309,no,no,cellular,19,aug,156,2,-1,0,unknown,no,2025-08-07 05:00:00
25,student,single,tertiary,no,1189,no,no,cellular,3,dec,110,1,183,1,success,no,2025-08-07 06:00:00
56,management,married,secondary,no,208,no,yes,telephone,31,jul,84,6,-1,0,unknown,no,2025-08-07 07:00:00
36,blue-collar,married,secondary,no,219,no,no,unknown,11,jun,47,7,-1,0,unknown,no,2025-08-07 08:00:00
45,admin.,married,secondary,no,638,yes,no,cellular,20,aug,75,9,-1,0,unknown,no,2025-08-07 09:00:00
37,blue-collar,married,secondary,no,1205,yes,no,cellular,18,nov,99,1,-1,0,unknown,no,2025-08-07 10:00:00
26,unknown,single,secondary,no,3247,no,no,telephone,6,feb,341,3,-1,0,unknown,no,2025-08-07 11:00:00
52,services,married,secondary,no,-232,no,yes,cellular,29,jul,101,4,-1,0,unknown,no,2025-08-07 12:00:00
32,services,married,secondary,yes,-684,yes,no,unknown,27,may,298,3,-1,0,unknown,no,2025-08-07 13:00:00
25,student,single,secondary,no,108,no,no,cellular,29,apr,305,3,-1,0,unknown,yes,2025-08-07 14:00:00
26,blue-collar,single,secondary,no,179,no,no,cellular,30,jul,103,3,-1,0,unknown,no,2025-08-07 15:00:00
48,blue-collar,married,secondary,no,1730,yes,no,cellular,10,aug,158,1,102,1,success,no,2025-08-07 16:00:00
46,blue-collar,married,primary,no,687,no,no,cellular,19,aug,125,13,-1,0,unknown,no,2025-08-07 17:00:00
46,technician,married,secondary,no,-408,yes,yes,telephone,7,may,138,4,286,1,other,no,2025-08-07 18:00:00
28,blue-collar,married,unknown,no,486,yes,no,unknown,8,may,180,1,-1,0,unknown,no,2025-08-07 19:00:00
44,management,married,tertiary,no,736,no,no,cellular,21,nov,71,9,-1,0,unknown,no,2025-08-07 20:00:00
29,blue-collar,single,secondary,no,7531,no,no,cellular,15,may,50,2,-1,0,unknown,no,2025-08-07 21:00:00
52,entrepreneur,married,primary,no,1998,no,no,telephone,1,jun,153,1,-1,0,unknown,no,2025-08-07 22:00:00
45,management,married,primary,no,1533,no,no,cellular,31,jul,83,4,-1,0,unknown,no,2025-08-07 23:00:00
50,management,married,tertiary,no,0,no,no,cellular,9,jul,243,5,-1,0,unknown,no,2025-08-08 00:00:00
55,retired,married,secondary,no,188,no,no,unknown,14,may,139,2,-1,0,unknown,no,2025-08-08 01:00:00
40,management,married,tertiary,no,432,yes,yes,cellular,2,feb,101,1,-1,0,unknown,no,2025-08-08 02:00:00
56,blue-collar,married,secondary,no,2395,no,no,cellular,12,aug,150,2,-1,0,unknown,no,2025-08-08 03:00:00
35,technician,married,secondary,no,2779,no,no,cellular,22,oct,118,2,-1,0,unknown,yes,2025-08-08 04:00:00
32,blue-collar,single,secondary,no,70,yes,no,unknown,26,may,118,6,-1,0,unknown,no,2025-08-08 05:00:00
35,services,married,secondary,no,211,yes,no,cellular,12,may,187,1,-1,0,unknown,no,2025-08-08 06:00:00
49,self-employed,married,secondary,no,1,yes,no,unknown,6,may,260,3,-1,0,unknown,no,2025-08-08 07:00:00
48,blue-collar,married,secondary,no,685,yes,no,cellular,14,may,387,10,-1,0,unknown,no,2025-08-08 08:00:00
50,blue-collar,married,tertiary,no,267,yes,no,cellular,13,may,187,3,-1,0,unknown,no,2025-08-08 09:00:00
45,admin.,single,secondary,no,276,no,yes,unknown,9,jun,346,2,-1,0,unknown,no,2025-08-08 10:00:00
44,management,married,secondary,no,438,yes,no,telephone,8,may,37,3,303,1,failure,no,2025-08-08 11:00:00
46,management,married,tertiary,yes,-337,no,yes,cellular,21,aug,120,2,-1,0,unknown,no,2025-08-08 12:00:00
36,management,married,tertiary,no,539,no,no,cellular,11,aug,176,1,-1,0,unknown,no,2025-08-08 13:00:00
53,technician,married,secondary,no,1357,no,no,cellular,28,jan,146,1,-1,0,unknown,no,2025-08-08 14:00:00
32,management,single,secondary,no,-32,yes,no,unknown,23,may,139,1,-1,0,unknown,no,2025-08-08 15:00:00
32,management,single,tertiary,no,2974,yes,no,cellular,24,apr,227,1,4,1,failure,yes,2025-08-08 16:00:00
41,management,married,secondary,no,49,yes,no,cellular,28,jul,534,8,-1,0,unknown,no,2025-08-08 17:00:00
38,blue-collar,married,secondary,no,1116,no,no,unknown,9,jun,80,3,-1,0,unknown,no,2025-08-08 18:00:00
40,management,married,tertiary,no,384,no,no,unknown,28,may,191,2,-1,0,unknown,no,2025-08-08 19:00:00
61,self-employed,divorced,tertiary,no,6610,no,no,cellular,24,feb,481,2,-1,0,unknown,yes,2025-08-08 20:00:00
53,blue-collar,married,secondary,no,1103,yes,yes,unknown,30,may,163,4,-1,0,unknown,no,2025-08-08 21:00:00
38,management,divorced,tertiary,no,10638,no,no,unknown,12,jun,159,2,-1,0,unknown,no,2025-08-08 22:00:00
36,self-employed,married,tertiary,no,2012,no,no,cellular,10,feb,188,7,-1,0,unknown,no,2025-08-08 23:00:00
43,technician,divorced,unknown,no,4389,no,no,cellular,8,apr,618,1,-1,0,unknown,yes,2025-08-09 00:00:00
34,management,married,tertiary,no,48,no,no,cellular,24,jul,357,7,-1,0,unknown,no,2025-08-09 01:00:00
36,blue-collar,married,secondary,no,866,yes,no,cellular,16,apr,344,1,-1,0,unknown,no,2025-08-09 02:00:00
44,services,married,secondary,no,-236,yes,no,cellular,18,nov,218,2,113,7,success,no,2025-08-09 03:00:00
58,management,married,tertiary,no,1394,no,no,cellular,17,aug,628,1,83,1,other,no,2025-08-09 04:00:00
33,self-employed,married,tertiary,no,215,no,yes,cellular,22,aug,286,2,-1,0,unknown,no,2025-08-09 05:00:00
40,management,married,tertiary,no,211,yes,no,unknown,30,may,137,3,-1,0,unknown,no,2025-08-09 06:00:00
27,services,single,secondary,no,44,no,no,unknown,7,sep,11,1,-1,0,unknown,no,2025-08-09 07:00:00
53,blue-collar,married,secondary,no,6258,yes,no,telephone,15,jul,62,5,-1,0,unknown,no,2025-08-09 08:00:00
32,services,single,secondary,no,1987,yes,no,telephone,15,may,36,2,176,2,failure,no,2025-08-09 09:00:00
56,management,divorced,tertiary,no,722,no,no,cellular,19,feb,134,3,94,2,failure,no,2025-08-09 10:00:00
29,student,single,secondary,no,808,no,no,cellular,29,jun,189,1,362,1,other,no,2025-08-09 11:00:00
31,housemaid,single,secondary,no,49,yes,no,cellular,8,may,187,3,360,2,failure,no,2025-08-09 12:00:00
25,blue-collar,single,secondary,no,377,no,no,cellular,15,jul,1412,4,-1,0,unknown,no,2025-08-09 13:00:00
39,admin.,single,secondary,no,0,yes,no,unknown,5,jun,22,1,-1,0,unknown,no,2025-08-09 14:00:00
34,blue-collar,married,unknown,no,568,yes,no,cellular,25,jul,256,1,-1,0,unknown,no,2025-08-09 15:00:00
75,retired,married,tertiary,no,6027,no,no,cellular,16,nov,1248,2,94,2,failure,yes,2025-08-09 16:00:00
58,management,divorced,tertiary,no,1257,no,no,cellular,5,aug,1536,1,-1,0,unknown,yes,2025-08-09 17:00:00
31,admin.,single,secondary,no,81,yes,no,cellular,23,apr,215,2,165,11,other,no,2025-08-09 18:00:00
29,blue-collar,married,secondary,no,275,yes,no,cellular,18,may,180,1,-1,0,unknown,no,2025-08-09 19:00:00
37,blue-collar,married,unknown,no,969,yes,no,cellular,14,may,343,2,-1,0,unknown,no,2025-08-09 20:00:00
42,admin.,single,secondary,no,336,yes,no,unknown,4,jun,46,2,-1,0,unknown,no,2025-08-09 21:00:00
44,self-employed,divorced,tertiary,no,4,yes,no,unknown,6,may,312,3,-1,0,unknown,no,2025-08-09 22:00:00
39,management,married,secondary,no,1072,yes,no,unknown,27,may,1168,2,-1,0,unknown,no,2025-08-09 23:00:00
36,services,single,secondary,no,948,no,yes,cellular,29,jan,92,2,-1,0,unknown,no,2025-08-10 00:00:00
32,services,married,secondary,no,118,yes,no,cellular,15,may,20,6,-1,0,unknown,no,2025-08-10 01:00:00
33,blue-collar,single,secondary,no,2764,yes,no,unknown,21,may,118,1,-1,0,unknown,no,2025-08-10 02:00:00
27,blue-collar,single,secondary,no,20,yes,no,cellular,15,may,175,1,364,3,other,no,2025-08-10 03:00:00
56,management,married,tertiary,no,1388,no,no,cellular,18,nov,132,1,-1,0,unknown,no,2025-08-10 04:00:00
41,admin.,married,tertiary,no,96,yes,no,cellular,28,jul,269,7,-1,0,unknown,no,2025-08-10 05:00:00
34,management,married,tertiary,no,99,no,yes,cellular,3,feb,264,2,-1,0,unknown,no,2025-08-10 06:00:00
34,blue-collar,married,secondary,no,4622,yes,yes,unknown,20,may,217,1,-1,0,unknown,no,2025-08-10 07:00:00
45,technician,divorced,secondary,no,299,yes,no,cellular,28,jan,368,1,-1,0,unknown,no,2025-08-10 08:00:00
25,admin.,single,secondary,no,483,no,yes,cellular,30,apr,68,1,86,1,success,no,2025-08-10 09:00:00
50,management,married,tertiary,no,1562,yes,no,cellular,23,jul,92,2,-1,0,unknown,no,2025-08-10 10:00:00
36,unemployed,divorced,tertiary,no,734,no,no,cellular,19,aug,276,2,-1,0,unknown,no,2025-08-10 11:00:00
26,blue-collar,single,tertiary,no,644,no,no,cellular,2,dec,346,1,-1,0,unknown,yes,2025-08-10 12:00:00
58,housemaid,married,tertiary,no,6316,no,no,cellular,21,nov,91,1,-1,0,unknown,no,2025-08-10 13:00:00
38,services,married,unknown,no,4644,yes,no,telephone,18,nov,55,2,-1,0,unknown,no,2025-08-10 14:00:00
42,admin.,married,unknown,no,756,no,no,cellular,7,may,116,3,-1,0,unknown,no,2025-08-10 15:00:00
32,unemployed,married,secondary,no,10,yes,no,unknown,6,may,501,4,-1,0,unknown,no,2025-08-10 16:00:00
31,technician,single,tertiary,no,1798,yes,no,unknown,8,may,393,1,-1,0,unknown,no,2025-08-10 17:00:00
39,management,married,tertiary,no,45,no,no,cellular,28,aug,148,4,-1,0,unknown,no,2025-08-10 18:00:00
35,technician,single,secondary,no,1227,no,no,cellular,30,jul,1005,5,134,10,success,yes,2025-08-10 19:00:00
36,management,married,tertiary,no,9269,yes,yes,cellular,19,nov,107,2,-1,0,unknown,no,2025-08-10 20:00:00
42,blue-collar,married,secondary,no,-128,no,yes,cellular,28,jul,180,4,-1,0,unknown,no,2025-08-10 21:00:00
31,technician,single,tertiary,no,375,yes,no,unknown,9,may,207,1,-1,0,unknown,no,2025-08-10 22:00:00
29,technician,single,secondary,no,5,yes,yes,cellular,28,jul,54,2,-1,0,unknown,no,2025-08-10 23:00:00
43,unemployed,single,unknown,no,3274,yes,no,cellular,22,may,680,1,95,1,failure,no,2025-08-11 00:00:00
32,management,married,tertiary,no,1270,no,no,cellular,3,sep,420,1,15,3,success,no,2025-08-11 01:00:00
27,blue-collar,married,primary,no,500,yes,no,cellular,15,may,16,6,365,6,failure,no,2025-08-11 02:00:00
35,management,single,secondary,no,0,no,no,unknown,6,jun,19,1,-1,0,unknown,no,2025-08-11 03:00:00
23,student,single,tertiary,no,508,no,no,cellular,8,sep,210,1,92,1,failure,no,2025-08-11 04:00:00
34,management,married,tertiary,no,697,no,no,cellular,5,aug,166,1,-1,0,unknown,no,2025-08-11 05:00:00
34,management,single,tertiary,no,2015,no,no,unknown,21,may,388,1,-1,0,unknown,no,2025-08-11 06:00:00
34,unknown,single,secondary,no,859,no,no,cellular,28,jan,829,1,-1,0,unknown,yes,2025-08-11 07:00:00
37,blue-collar,married,primary,no,508,yes,yes,cellular,15,may,340,1,-1,0,unknown,no,2025-08-11 08:00:00
42,management,married,tertiary,no,176,yes,no,cellular,23,jul,123,1,-1,0,unknown,no,2025-08-11 09:00:00
58,management,married,tertiary,no,1907,no,no,cellular,30,apr,258,2,160,7,other,no,2025-08-11 10:00:00
35,housemaid,married,primary,no,77,no,no,cellular,8,aug,191,1,-1,0,unknown,no,2025-08-11 11:00:00
31,housemaid,married,secondary,no,592,no,yes,cellular,20,nov,124,1,-1,0,unknown,no,2025-08-11 12:00:00
44,technician,married,secondary,no,533,no,no,unknown,5,jun,74,1,-1,0,unknown,no,2025-08-11 13:00:00
62,management,married,tertiary,no,0,yes,yes,cellular,4,jun,106,1,64,3,failure,no,2025-08-11 14:00:00
31,technician,single,tertiary,no,1051,no,no,cellular,25,aug,106,4,-1,0,unknown,no,2025-08-11 15:00:00
55,entrepreneur,married,tertiary,no,3459,yes,yes,cellular,20,nov,88,2,112,3,other,no,2025-08-11 16:00:00
28,student,single,unknown,no,78,no,no,cellular,28,jan,554,2,-1,0,unknown,no,2025-08-11 17:00:00
36,admin.,married,secondary,no,-106,yes,no,unknown,6,may,130,2,-1,0,unknown,no,2025-08-11 18:00:00
53,management,divorced,tertiary,no,2152,no,no,cellular,13,feb,75,3,-1,0,unknown,yes,2025-08-11 19:00:00
35,management,married,tertiary,no,100,no,no,cellular,12,aug,120,2,-1,0,unknown,no,2025-08-11 20:00:00
55,blue-collar,married,secondary,no,224,yes,no,unknown,6,may,232,1,-1,0,unknown,no,2025-08-11 21:00:00
60,blue-collar,married,secondary,no,3122,no,no,telephone,18,aug,51,12,-1,0,unknown,no,2025-08-11 22:00:00
54,entrepreneur,married,tertiary,no,345,no,no,cellular,14,aug,183,6,-1,0,unknown,no,2025-08-11 23:00:00
36,admin.,single,tertiary,no,918,yes,no,cellular,16,apr,127,2,-1,0,unknown,no,2025-08-12 00:00:00
44,technician,married,secondary,no,-1317,yes,no,cellular,2,feb,371,1,-1,0,unknown,no,2025-08-12 01:00:00
42,blue-collar,married,secondary,no,476,yes,no,unknown,13,may,93,1,-1,0,unknown,no,2025-08-12 02:00:00
34,technician,single,secondary,no,4943,yes,yes,cellular,19,nov,117,2,-1,0,unknown,no,2025-08-12 03:00:00
40,technician,married,secondary,no,56,yes,yes,unknown,27,may,223,1,-1,0,unknown,no,2025-08-12 04:00:00
72,retired,married,primary,no,0,no,no,cellular,26,mar,201,3,191,3,failure,no,2025-08-12 05:00:00
45,blue-collar,married,primary,yes,153,no,yes,cellular,18,jul,706,9,-1,0,unknown,no,2025-08-12 06:00:00
23,housemaid,single,secondary,no,650,yes,no,cellular,14,may,136,1,367,4,failure,no,2025-08-12 07:00:00
53,technician,married,secondary,no,910,no,no,cellular,17,nov,156,1,-1,0,unknown,no,2025-08-12 08:00:00
31,entrepreneur,married,tertiary,no,281,yes,no,unknown,6,may,206,2,-1,0,unknown,no,2025-08-12 09:00:00
32,technician,single,tertiary,no,4432,no,no,telephone,18,nov,115,4,-1,0,unknown,no,2025-08-12 10:00:00
35,management,married,tertiary,no,0,no,no,cellular,25,aug,484,4,-1,0,unknown,no,2025-08-12 11:00:00
34,entrepreneur,married,secondary,no,393,yes,no,cellular,18,jul,172,3,-1,0,unknown,no,2025-08-12 12:00:00
41,services,single,primary,no,5907,yes,no,cellular,21,nov,6,5,-1,0,unknown,no,2025-08-12 13:00:00
51,blue-collar,married,primary,no,1238,no,no,unknown,18,jun,48,10,-1,0,unknown,no,2025-08-12 14:00:00
47,management,married,tertiary,no,274,no,yes,cellular,4,feb,313,2,-1,0,unknown,no,2025-08-12 15:00:00
30,technician,married,secondary,no,764,no,no,unknown,26,may,150,2,-1,0,unknown,no,2025-08-12 16:00:00
63,retired,divorced,secondary,no,859,no,no,cellular,13,feb,92,1,-1,0,unknown,no,2025-08-12 17:00:00
36,admin.,married,secondary,no,402,yes,no,unknown,14,may,482,2,-1,0,unknown,no,2025-08-12 18:00:00
48,services,divorced,secondary,no,4408,yes,no,unknown,3,jun,106,6,-1,0,unknown,no,2025-08-12 19:00:00
37,technician,married,tertiary,no,0,yes,yes,cellular,23,jul,155,2,-1,0,unknown,no,2025-08-12 20:00:00
57,entrepreneur,married,tertiary,no,234,no,no,cellular,23,jul,169,2,-1,0,unknown,no,2025-08-12 21:00:00
40,management,single,secondary,no,1623,yes,no,cellular,17,nov,161,1,167,2,failure,no,2025-08-12 22:00:00
26,blue-collar,single,secondary,no,-84,yes,yes,cellular,29,jul,63,5,-1,0,unknown,no,2025-08-12 23:00:00
50,management,married,secondary,no,2717,yes,no,cellular,18,nov,188,1,-1,0,unknown,no,2025-08-13 00:00:00
60,housemaid,married,primary,no,1163,no,no,cellular,30,apr,470,8,-1,0,unknown,yes,2025-08-13 01:00:00
52,technician,married,unknown,no,9687,yes,no,cellular,19,nov,222,3,174,1,failure,no,2025-08-13 02:00:00
57,services,divorced,secondary,no,14,no,yes,cellular,22,jul,445,2,-1,0,unknown,no,2025-08-13 03:00:00
43,entrepreneur,single,tertiary,no,5347,no,no,cellular,21,nov,189,3,-1,0,unknown,no,2025-08-13 04:00:00
34,management,married,tertiary,no,1870,yes,no,cellular,3,jun,68,1,-1,0,unknown,no,2025-08-13 05:00:00
61,retired,married,primary,no,1060,yes,no,unknown,13,may,118,1,-1,0,unknown,no,2025-08-13 06:00:00
35,management,single,tertiary,no,995,no,no,cellular,5,feb,39,1,-1,0,unknown,no,2025-08-13 07:00:00
33,technician,married,secondary,no,3002,yes,no,unknown,28,may,176,2,-1,0,unknown,no,2025-08-13 08:00:00
46,technician,married,secondary,no,9299,no,no,cellular,21,oct,201,5,94,3,success,no,2025-08-13 09:00:00
27,blue-collar,married,secondary,no,30,no,yes,cellular,18,may,110,1,334,4,other,no,2025-08-13 10:00:00
42,management,married,secondary,no,2608,yes,no,unknown,29,may,201,1,-1,0,unknown,no,2025-08-13 11:00:00
30,services,single,secondary,no,3405,no,no,cellular,29,jan,276,2,-1,0,unknown,no,2025-08-13 12:00:00
36,management,married,tertiary,no,255,no,no,cellular,22,may,970,2,92,2,other,yes,2025-08-13 13:00:00
29,blue-collar,married,secondary,no,97,yes,no,cellular,18,may,342,4,-1,0,unknown,no,2025-08-13 14:00:00
35,management,single,tertiary,no,556,no,no,cellular,28,aug,52,8,-1,0,unknown,no,2025-08-13 15:00:00
28,admin.,single,tertiary,no,282,yes,yes,cellular,3,feb,329,1,-1,0,unknown,no,2025-08-13 16:00:00
32,admin.,single,secondary,no,212,no,no,cellular,7,jul,830,5,-1,0,unknown,yes,2025-08-13 17:00:00
34,blue-collar,married,secondary,no,10,yes,yes,cellular,11,may,196,2,356,1,failure,no,2025-08-13 18:00:00
27,services,married,secondary,no,0,yes,no,cellular,22,jul,1608,13,-1,0,unknown,yes,2025-08-13 19:00:00
23,services,single,secondary,no,870,no,no,cellular,29,dec,296,1,176,4,success,yes,2025-08-13 20:00:00
53,blue-collar,married,primary,no,1090,yes,no,cellular,9,apr,207,1,-1,0,unknown,no,2025-08-13 21:00:00
33,services,single,primary,no,92,yes,no,cellular,17,jul,63,11,-1,0,unknown,no,2025-08-13 22:00:00
26,services,single,secondary,no,-224,yes,yes,unknown,3,jun,189,1,-1,0,unknown,no,2025-08-13 23:00:00
60,blue-collar,married,primary,no,1670,no,no,cellular,4,aug,115,1,-1,0,unknown,no,2025-08-14 00:00:00
41,admin.,married,secondary,no,1535,yes,no,cellular,12,may,261,1,363,1,success,no,2025-08-14 01:00:00
50,admin.,married,primary,no,495,no,no,cellular,28,jan,93,1,-1,0,unknown,no,2025-08-14 02:00:00
45,blue-collar,married,secondary,no,42,yes,no,unknown,19,may,125,5,-1,0,unknown,no,2025-08-14 03:00:00
49,services,married,secondary,no,199,yes,no,cellular,31,jul,28,25,-1,0,unknown,no,2025-08-14 04:00:00
39,admin.,single,secondary,no,782,yes,no,cellular,5,may,542,4,47,11,other,no,2025-08-14 05:00:00
37,blue-collar,married,secondary,no,298,yes,no,cellular,31,jul,10,6,-1,0,unknown,no,2025-08-14 06:00:00
32,self-employed,married,tertiary,no,312,yes,no,unknown,9,may,262,2,-1,0,unknown,no,2025-08-14 07:00:00
51,blue-collar,married,secondary,no,1374,yes,no,unknown,30,may,378,1,-1,0,unknown,no,2025-08-14 08:00:00
26,management,single,tertiary,no,9447,no,no,cellular,4,sep,113,1,100,2,other,no,2025-08-14 09:00:00
57,retired,married,tertiary,no,53,no,no,telephone,29,jul,539,2,-1,0,unknown,no,2025-08-14 10:00:00
44,technician,divorced,secondary,no,268,no,no,unknown,17,jun,108,6,-1,0,unknown,no,2025-08-14 11:00:00
50,management,married,tertiary,no,451,yes,no,cellular,14,may,441,3,-1,0,unknown,no,2025-08-14 12:00:00
42,management,married,secondary,no,283,yes,no,cellular,18,nov,400,1,-1,0,unknown,no,2025-08-14 13:00:00
42,blue-collar,married,secondary,no,1657,yes,yes,cellular,17,nov,155,1,-1,0,unknown,no,2025-08-14 14:00:00
53,blue-collar,married,unknown,no,2509,no,no,telephone,22,may,231,2,-1,0,unknown,yes,2025-08-14 15:00:00
50,management,single,primary,no,766,no,no,unknown,17,jun,174,2,-1,0,unknown,no,2025-08-14 16:00:00
46,blue-collar,married,secondary,yes,-319,no,yes,cellular,10,jul,502,2,-1,0,unknown,no,2025-08-14 17:00:00
35,services,divorced,secondary,no,-33,no,yes,cellular,6,may,109,1,-1,0,unknown,no,2025-08-14 18:00:00
45,blue-collar,married,secondary,no,130,yes,no,unknown,30,may,127,1,-1,0,unknown,no,2025-08-14 19:00:00
36,technician,single,secondary,no,2419,no,no,cellular,29,aug,29,3,-1,0,unknown,no,2025-08-14 20:00:00
31,self-employed,married,tertiary,no,227,yes,yes,cellular,30,jan,154,6,263,3,failure,no,2025-08-14 21:00:00
58,retired,divorced,primary,no,593,no,yes,unknown,9,jun,204,2,-1,0,unknown,no,2025-08-14 22:00:00
34,blue-collar,married,secondary,no,615,yes,no,unknown,7,may,225,2,-1,0,unknown,no,2025-08-14 23:00:00
24,blue-collar,single,secondary,no,476,yes,no,unknown,4,jun,161,1,-1,0,unknown,no,2025-08-15 00:00:00
37,technician,single,secondary,no,300,no,no,cellular,12,aug,82,1,-1,0,unknown,no,2025-08-15 01:00:00
39,blue-collar,married,primary,no,1014,no,no,cellular,30,jul,261,4,-1,0,unknown,no,2025-08-15 02:00:00
50,blue-collar,married,primary,no,4121,yes,yes,cellular,20,nov,177,1,-1,0,unknown,no,2025-08-15 03:00:00
19,student,single,secondary,no,1803,no,no,cellular,23,jun,124,1,105,1,failure,no,2025-08-15 04:00:00
40,entrepreneur,single,secondary,no,5,no,yes,cellular,15,jul,117,3,-1,0,unknown,no,2025-08-15 05:00:00
63,retired,divorced,tertiary,no,0,no,no,cellular,13,may,263,1,181,2,success,yes,2025-08-15 06:00:00
34,technician,divorced,tertiary,no,501,yes,no,unknown,19,may,546,12,-1,0,unknown,no,2025-08-15 07:00:00
40,blue-collar,divorced,secondary,no,635,yes,no,cellular,13,may,122,2,-1,0,unknown,no,2025-08-15 08:00:00
54,blue-collar,married,primary,no,-51,no,no,unknown,20,jun,198,10,-1,0,unknown,no,2025-08-15 09:00:00
35,admin.,single,secondary,no,855,yes,no,unknown,12,may,241,3,-1,0,unknown,no,2025-08-15 10:00:00
28,admin.,single,secondary,no,762,no,no,cellular,18,sep,115,3,-1,0,unknown,yes,2025-08-15 11:00:00
46,admin.,single,secondary,no,596,yes,no,cellular,20,apr,138,3,-1,0,unknown,no,2025-08-15 12:00:00
44,blue-collar,married,primary,no,924,yes,no,unknown,4,jun,89,3,-1,0,unknown,no,2025-08-15 13:00:00
32,management,single,tertiary,no,593,yes,no,cellular,13,may,86,3,-1,0,unknown,no,2025-08-15 14:00:00
33,management,married,tertiary,no,3713,yes,no,cellular,20,nov,175,1,-1,0,unknown,no,2025-08-15 15:00:00
29,blue-collar,married,secondary,no,580,yes,yes,cellular,17,apr,1311,2,-1,0,unknown,yes,2025-08-15 16:00:00
32,student,single,secondary,no,0,no,no,cellular,21,nov,206,1,-1,0,unknown,no,2025-08-15 17:00:00
35,blue-collar,single,secondary,no,-441,yes,no,cellular,6,may,151,1,-1,0,unknown,no,2025-08-15 18:00:00
61,housemaid,married,unknown,no,0,no,no,unknown,5,jun,118,1,-1,0,unknown,no,2025-08-15 19:00:00
36,blue-collar,single,secondary,no,275,yes,no,cellular,17,apr,89,1,332,2,failure,no,2025-08-15 20:00:00
43,blue-collar,married,primary,no,1401,yes,no,unknown,12,may,195,2,-1,0,unknown,no,2025-08-15 21:00:00
31,technician,married,secondary,no,0,no,no,cellular,20,aug,102,2,-1,0,unknown,no,2025-08-15 22:00:00
27,management,single,tertiary,no,118,yes,no,unknown,9,may,132,3,-1,0,unknown,no,2025-08-15 23:00:00
35,technician,single,tertiary,no,914,no,no,unknown,3,jun,166,1,-1,0,unknown,no,2025-08-16 00:00:00
41,housemaid,married,secondary,no,879,no,no,unknown,5,jun,1053,2,-1,0,unknown,yes,2025-08-16 01:00:00
30,technician,married,secondary,no,1211,yes,no,cellular,18,may,176,1,-1,0,unknown,no,2025-08-16 02:00:00
34,technician,married,tertiary,no,3743,yes,no,cellular,18,may,722,4,-1,0,unknown,yes,2025-08-16 03:00:00
33,management,married,tertiary,no,2599,no,no,cellular,30,apr,1373,2,-1,0,unknown,yes,2025-08-16 04:00:00
32,management,single,tertiary,no,3050,yes,no,cellular,21,nov,58,1,182,1,failure,no,2025-08-16 05:00:00
60,admin.,married,secondary,no,3735,no,no,cellular,22,mar,248,1,90,10,success,yes,2025-08-16 06:00:00
56,retired,married,secondary,no,5879,no,no,unknown,20,jun,237,3,-1,0,unknown,no,2025-08-16 07:00:00
37,services,married,secondary,no,102,yes,no,cellular,31,jul,107,3,-1,0,unknown,no,2025-08-16 08:00:00
31,technician,single,secondary,no,2088,no,no,cellular,9,feb,15,14,-1,0,unknown,no,2025-08-16 09:00:00
29,blue-collar,married,primary,no,1101,yes,yes,unknown,28,may,165,1,-1,0,unknown,no,2025-08-16 10:00:00
31,technician,single,tertiary,no,2807,no,no,unknown,8,nov,154,1,-1,0,unknown,yes,2025-08-16 11:00:00
47,admin.,married,secondary,no,368,no,no,cellular,23,feb,269,1,187,5,success,yes,2025-08-16 12:00:00
55,management,married,tertiary,no,1433,no,no,unknown,12,jun,298,3,-1,0,unknown,no,2025-08-16 13:00:00
56,blue-collar,married,secondary,no,771,yes,yes,unknown,19,jun,254,1,-1,0,unknown,no,2025-08-16 14:00:00
39,technician,married,secondary,no,616,no,no,telephone,8,dec,170,1,-1,0,unknown,no,2025-08-16 15:00:00
54,blue-collar,divorced,primary,no,190,yes,no,unknown,15,may,196,2,-1,0,unknown,no,2025-08-16 16:00:00
40,admin.,single,secondary,no,142,no,yes,unknown,20,jun,14,3,-1,0,unknown,no,2025-08-16 17:00:00
52,housemaid,married,primary,no,994,no,no,cellular,17,jul,188,3,-1,0,unknown,no,2025-08-16 18:00:00
34,admin.,single,secondary,no,1352,yes,no,cellular,20,apr,126,1,334,3,other,no,2025-08-16 19:00:00
38,blue-collar,married,primary,no,5643,yes,no,cellular,18,may,106,2,362,1,failure,no,2025-08-16 20:00:00
58,management,married,tertiary,no,911,yes,no,cellular,30,jan,49,1,-1,0,unknown,no,2025-08-16 21:00:00
43,blue-collar,married,primary,no,714,yes,no,cellular,18,may,16,6,362,28,failure,no,2025-08-16 22:00:00
38,technician,married,tertiary,no,45,no,no,cellular,22,jul,125,4,-1,0,unknown,no,2025-08-16 23:00:00
34,services,divorced,secondary,no,44,no,no,unknown,9,jun,118,1,-1,0,unknown,no,2025-08-17 00:00:00
40,blue-collar,married,unknown,no,0,yes,no,cellular,14,jul,699,3,-1,0,unknown,no,2025-08-17 01:00:00
60,retired,married,secondary,no,-222,no,no,cellular,17,jul,82,2,-1,0,unknown,no,2025-08-17 02:00:00
53,blue-collar,married,secondary,no,0,no,no,telephone,31,jul,36,4,-1,0,unknown,no,2025-08-17 03:00:00
32,unemployed,divorced,primary,no,0,no,no,cellular,15,jul,175,4,-1,0,unknown,no,2025-08-17 04:00:00
33,management,married,tertiary,no,3915,no,no,cellular,7,aug,65,4,-1,0,unknown,no,2025-08-17 05:00:00
55,services,married,unknown,no,2944,no,no,cellular,27,aug,672,6,-1,0,unknown,yes,2025-08-17 06:00:00
34,admin.,married,tertiary,no,69,no,yes,cellular,4,aug,120,3,1,6,success,yes,2025-08-17 07:00:00
35,blue-collar,married,secondary,no,98,yes,no,unknown,2,jun,136,1,-1,0,unknown,no,2025-08-17 08:00:00
23,services,married,secondary,no,83,yes,no,cellular,6,may,199,1,358,1,failure,no,2025-08-17 09:00:00
57,services,married,primary,no,-319,no,yes,cellular,5,feb,620,1,196,1,other,no,2025-08-17 10:00:00
29,blue-collar,married,secondary,no,228,yes,no,cellular,11,may,12,8,342,9,failure,no,2025-08-17 11:00:00
48,management,divorced,tertiary,no,869,no,no,cellular,18,aug,48,6,-1,0,unknown,no,2025-08-17 12:00:00
60,unknown,married,unknown,no,7337,no,no,cellular,4,aug,122,1,-1,0,unknown,no,2025-08-17 13:00:00
29,management,married,tertiary,no,1671,yes,no,unknown,30,may,182,1,-1,0,unknown,no,2025-08-17 14:00:00
55,blue-collar,married,primary,no,472,no,no,unknown,12,jun,80,2,-1,0,unknown,no,2025-08-17 15:00:00
31,services,single,secondary,no,1192,yes,no,cellular,7,may,156,2,349,2,other,no,2025-08-17 16:00:00
50,technician,single,secondary,no,1811,no,no,cellular,8,jun,97,4,-1,0,unknown,no,2025-08-17 17:00:00
57,entrepreneur,married,unknown,no,20584,no,no,telephone,31,jul,28,2,-1,0,unknown,no,2025-08-17 18:00:00
47,blue-collar,married,primary,no,320,no,no,telephone,30,jul,203,2,-1,0,unknown,no,2025-08-17 19:00:00
28,blue-collar,single,primary,no,54,yes,no,cellular,14,may,533,1,371,1,other,yes,2025-08-17 20:00:00
31,technician,single,secondary,no,35,no,yes,cellular,16,jul,229,1,-1,0,unknown,no,2025-08-17 21:00:00
32,admin.,single,tertiary,no,594,yes,no,unknown,13,may,134,2,-1,0,unknown,no,2025-08-17 22:00:00
72,retired,married,secondary,no,4130,no,no,cellular,12,nov,427,1,-1,0,unknown,no,2025-08-17 23:00:00
46,admin.,married,secondary,no,35,no,no,unknown,16,may,84,2,-1,0,unknown,no,2025-08-18 00:00:00
29,unknown,single,secondary,no,1502,no,no,cellular,28,jan,59,1,-1,0,unknown,no,2025-08-18 01:00:00
38,technician,single,secondary,no,173,no,no,cellular,29,aug,150,4,-1,0,unknown,no,2025-08-18 02:00:00
32,student,single,tertiary,no,214,no,no,cellular,4,may,117,1,-1,0,unknown,no,2025-08-18 03:00:00
43,blue-collar,married,secondary,no,511,yes,no,cellular,30,jul,67,7,-1,0,unknown,no,2025-08-18 04:00:00
34,blue-collar,married,secondary,no,-53,yes,no,cellular,12,may,196,2,357,1,failure,no,2025-08-18 05:00:00
48,unemployed,married,primary,no,0,no,no,cellular,21,nov,213,2,-1,0,unknown,no,2025-08-18 06:00:00
31,technician,single,secondary,no,0,no,no,cellular,29,aug,213,4,-1,0,unknown,no,2025-08-18 07:00:00
60,blue-collar,married,primary,no,136,yes,no,unknown,8,may,43,2,-1,0,unknown,no,2025-08-18 08:00:00
51,technician,married,tertiary,no,1315,no,no,telephone,5,jun,303,2,-1,0,unknown,no,2025-08-18 09:00:00
36,unknown,married,secondary,no,1370,no,no,unknown,18,jun,221,5,-1,0,unknown,no,2025-08-18 10:00:00
28,technician,single,tertiary,no,940,yes,no,unknown,19,jun,296,1,-1,0,unknown,no,2025-08-18 11:00:00
25,entrepreneur,single,tertiary,no,140,yes,no,cellular,7,may,348,1,-1,0,unknown,no,2025-08-18 12:00:00
54,management,married,tertiary,no,0,no,no,cellular,19,nov,214,3,-1,0,unknown,no,2025-08-18 13:00:00
35,technician,single,secondary,no,417,no,no,cellular,19,aug,92,4,-1,0,unknown,no,2025-08-18 14:00:00
73,retired,married,primary,no,796,no,no,cellular,23,apr,888,1,182,3,success,yes,2025-08-18 15:00:00
40,management,married,tertiary,no,10786,no,no,unknown,20,jun,111,3,-1,0,unknown,no,2025-08-18 16:00:00
40,blue-collar,married,primary,no,105,yes,no,cellular,14,may,143,2,370,2,failure,no,2025-08-18 17:00:00
28,blue-collar,married,secondary,no,269,yes,no,unknown,3,jun,615,1,-1,0,unknown,no,2025-08-18 18:00:00
29,technician,single,tertiary,no,313,no,yes,cellular,8,jul,227,2,-1,0,unknown,no,2025-08-18 19:00:00
48,management,divorced,tertiary,no,1492,yes,no,unknown,26,may,249,2,-1,0,unknown,no,2025-08-18 20:00:00
56,blue-collar,married,primary,no,8163,no,no,cellular,14,aug,1231,4,-1,0,unknown,yes,2025-08-18 21:00:00
45,technician,married,secondary,no,376,no,yes,cellular,18,aug,86,2,-1,0,unknown,no,2025-08-18 22:00:00
40,services,divorced,secondary,no,5766,yes,yes,cellular,17,nov,68,2,173,1,failure,no,2025-08-18 23:00:00
56,entrepreneur,married,tertiary,no,21,no,no,cellular,21,jul,118,3,-1,0,unknown,no,2025-08-19 00:00:00
55,technician,divorced,tertiary,no,56,no,no,cellular,27,aug,94,6,-1,0,unknown,no,2025-08-19 01:00:00
30,technician,single,secondary,no,157,yes,no,unknown,20,jun,74,3,-1,0,unknown,no,2025-08-19 02:00:00
46,services,married,primary,no,860,no,no,cellular,25,jul,80,1,-1,0,unknown,no,2025-08-19 03:00:00
34,admin.,single,secondary,no,303,no,no,cellular,4,jun,282,3,126,3,failure,yes,2025-08-19 04:00:00
58,housemaid,married,primary,no,588,no,yes,cellular,4,feb,171,2,-1,0,unknown,no,2025-08-19 05:00:00
19,student,single,secondary,no,88,no,no,cellular,8,sep,191,1,-1,0,unknown,no,2025-08-19 06:00:00
37,management,married,tertiary,no,2951,no,no,cellular,21,nov,101,3,-1,0,unknown,no,2025-08-19 07:00:00
41,management,married,tertiary,no,2487,no,no,cellular,5,aug,206,1,97,1,failure,no,2025-08-19 08:00:00
57,blue-collar,married,primary,no,23,yes,no,telephone,31,jul,25,8,-1,0,unknown,no,2025-08-19 09:00:00
28,management,single,tertiary,no,890,yes,no,cellular,7,sep,201,1,-1,0,unknown,yes,2025-08-19 10:00:00
56,retired,married,primary,no,556,yes,no,cellular,28,aug,102,4,-1,0,unknown,no,2025-08-19 11:00:00
32,technician,single,unknown,no,491,no,no,cellular,9,jul,474,7,-1,0,unknown,yes,2025-08-19 12:00:00
40,blue-collar,married,primary,no,-108,yes,no,unknown,19,jun,149,3,-1,0,unknown,no,2025-08-19 13:00:00
52,entrepreneur,single,tertiary,no,3469,yes,no,cellular,20,nov,653,1,-1,0,unknown,yes,2025-08-19 14:00:00
51,management,married,tertiary,no,7197,no,no,cellular,14,aug,45,5,-1,0,unknown,no,2025-08-19 15:00:00
37,admin.,married,secondary,no,176,yes,no,cellular,5,may,147,2,347,1,failure,no,2025-08-19 16:00:00
66,management,married,tertiary,no,6251,no,no,cellular,10,aug,273,2,356,10,other,no,2025-08-19 17:00:00
35,admin.,married,secondary,no,846,yes,yes,unknown,19,may,175,2,-1,0,unknown,no,2025-08-19 18:00:00
30,admin.,single,tertiary,no,5,no,yes,cellular,11,jul,58,1,-1,0,unknown,no,2025-08-19 19:00:00
25,admin.,single,secondary,no,184,no,yes,telephone,11,jul,437,7,-1,0,unknown,no,2025-08-19 20:00:00
33,management,divorced,tertiary,no,0,no,no,cellular,13,aug,305,2,-1,0,unknown,no,2025-08-19 21:00:00
34,blue-collar,married,primary,no,-703,yes,no,cellular,18,may,160,2,-1,0,unknown,no,2025-08-19 22:00:00
60,housemaid,married,secondary,no,283,no,no,cellular,2,jun,138,1,-1,0,unknown,no,2025-08-19 23:00:00
32,technician,single,tertiary,no,849,yes,no,cellular,28,jul,289,5,-1,0,unknown,no,2025-08-20 00:00:00
55,housemaid,married,primary,no,10,no,no,cellular,4,feb,174,3,-1,0,unknown,no,2025-08-20 01:00:00
40,management,married,tertiary,no,1666,yes,no,cellular,28,aug,271,4,-1,0,unknown,no,2025-08-20 02:00:00
35,technician,single,secondary,no,1,no,no,unknown,30,may,66,4,-1,0,unknown,no,2025-08-20 03:00:00
47,technician,married,tertiary,no,545,yes,no,cellular,12,aug,588,3,-1,0,unknown,no,2025-08-20 04:00:00
28,management,single,tertiary,no,1466,yes,no,cellular,25,jul,40,1,-1,0,unknown,no,2025-08-20 05:00:00
37,services,married,secondary,no,-5,yes,yes,unknown,30,may,43,2,-1,0,unknown,no,2025-08-20 06:00:00
36,blue-collar,single,tertiary,no,1830,no,no,cellular,14,oct,183,1,91,11,failure,no,2025-08-20 07:00:00
47,management,divorced,tertiary,no,0,no,yes,cellular,20,nov,18,6,-1,0,unknown,no,2025-08-20 08:00:00
45,admin.,divorced,secondary,no,397,yes,yes,cellular,22,may,582,1,95,2,success,yes,2025-08-20 09:00:00
44,blue-collar,single,secondary,no,-210,yes,no,cellular,11,may,73,4,-1,0,unknown,no,2025-08-20 10:00:00
47,blue-collar,married,secondary,no,292,no,no,cellular,10,feb,277,1,-1,0,unknown,yes,2025-08-20 11:00:00
27,entrepreneur,married,secondary,no,220,yes,no,unknown,19,may,480,1,-1,0,unknown,no,2025-08-20 12:00:00
42,technician,married,tertiary,no,1361,no,no,cellular,13,aug,75,5,-1,0,unknown,no,2025-08-20 13:00:00
52,blue-collar,married,primary,no,320,yes,no,cellular,6,feb,306,3,253,4,other,no,2025-08-20 14:00:00
55,admin.,married,unknown,no,1848,yes,no,unknown,20,may,204,1,-1,0,unknown,no,2025-08-20 15:00:00
33,services,married,secondary,no,174,yes,no,cellular,15,may,45,1,298,1,other,no,2025-08-20 16:00:00
40,blue-collar,single,secondary,no,677,yes,no,cellular,17,nov,619,1,171,5,other,no,2025-08-20 17:00:00
47,management,married,secondary,no,414,no,no,cellular,26,aug,142,2,-1,0,unknown,no,2025-08-20 18:00:00
30,management,single,tertiary,no,201,yes,no,cellular,17,mar,325,2,-1,0,unknown,yes,2025-08-20 19:00:00
34,student,single,unknown,no,242,no,no,telephone,4,mar,364,2,244,2,failure,no,2025-08-20 20:00:00
32,services,married,secondary,no,413,yes,no,telephone,13,may,67,1,365,1,failure,no,2025-08-20 21:00:00
35,entrepreneur,married,tertiary,no,129,yes,no,cellular,20,apr,231,3,151,5,other,no,2025-08-20 22:00:00
34,self-employed,married,secondary,no,-56,yes,no,unknown,19,may,248,3,-1,0,unknown,no,2025-08-20 23:00:00
41,technician,married,secondary,no,636,yes,no,cellular,21,nov,1055,1,177,1,other,no,2025-08-21 00:00:00
25,blue-collar,single,secondary,no,1243,no,yes,cellular,10,jul,1341,7,-1,0,unknown,yes,2025-08-21 01:00:00
40,technician,married,secondary,no,1952,yes,no,cellular,17,nov,310,1,-1,0,unknown,no,2025-08-21 02:00:00
52,entrepreneur,divorced,secondary,no,-99,no,yes,unknown,26,may,91,3,-1,0,unknown,no,2025-08-21 03:00:00
30,services,single,secondary,no,-386,yes,no,cellular,29,jan,196,1,237,2,other,no,2025-08-21 04:00:00
35,technician,married,secondary,yes,-1322,yes,no,cellular,30,jul,105,11,-1,0,unknown,no,2025-08-21 05:00:00
58,blue-collar,married,primary,no,189,yes,no,telephone,8,apr,119,1,-1,0,unknown,no,2025-08-21 06:00:00
34,services,married,secondary,no,-85,yes,no,cellular,8,may,129,4,-1,0,unknown,no,2025-08-21 07:00:00
32,services,single,secondary,no,101,yes,no,cellular,11,may,369,1,-1,0,unknown,no,2025-08-21 08:00:00
56,self-employed,married,secondary,no,1539,no,no,cellular,28,aug,149,14,-1,0,unknown,no,2025-08-21 09:00:00
43,blue-collar,married,primary,no,3664,no,no,telephone,29,jul,274,1,-1,0,unknown,no,2025-08-21 10:00:00
58,retired,married,tertiary,no,0,no,no,cellular,19,aug,207,4,-1,0,unknown,no,2025-08-21 11:00:00
43,management,married,tertiary,no,2383,no,no,cellular,13,aug,379,6,-1,0,unknown,yes,2025-08-21 12:00:00
50,management,married,tertiary,yes,161,no,yes,cellular,18,jul,642,1,-1,0,unknown,no,2025-08-21 13:00:00
45,blue-collar,married,secondary,no,4022,yes,no,cellular,29,jan,244,3,-1,0,unknown,no,2025-08-21 14:00:00
28,management,single,tertiary,no,175,yes,no,cellular,17,apr,219,1,-1,0,unknown,no,2025-08-21 15:00:00
35,technician,married,secondary,no,295,yes,no,unknown,29,may,882,2,-1,0,unknown,no,2025-08-21 16:00:00
32,admin.,married,secondary,no,1539,yes,yes,cellular,23,jul,218,2,-1,0,unknown,no,2025-08-21 17:00:00
52,unemployed,married,secondary,no,1639,no,no,cellular,8,aug,93,1,-1,0,unknown,no,2025-08-21 18:00:00
50,admin.,married,primary,no,276,no,yes,unknown,17,jun,641,6,-1,0,unknown,no,2025-08-21 19:00:00
44,blue-collar,single,primary,no,1593,yes,no,unknown,29,may,828,3,-1,0,unknown,yes,2025-08-21 20:00:00
38,blue-collar,married,secondary,no,2423,yes,no,unknown,9,jun,37,1,-1,0,unknown,no,2025-08-21 21:00:00
32,self-employed,married,tertiary,no,1423,no,no,cellular,6,aug,1249,4,-1,0,unknown,yes,2025-08-21 22:00:00
57,management,married,tertiary,no,388,no,yes,unknown,15,may,262,4,-1,0,unknown,no,2025-08-21 23:00:00
34,admin.,married,secondary,no,256,no,no,unknown,27,may,388,2,-1,0,unknown,no,2025-08-22 00:00:00
31,admin.,single,secondary,no,299,yes,no,unknown,7,may,492,2,-1,0,unknown,no,2025-08-22 01:00:00
29,unemployed,divorced,tertiary,no,1718,yes,no,cellular,18,jul,579,2,-1,0,unknown,no,2025-08-22 02:00:00
41,management,married,secondary,no,0,no,no,cellular,21,nov,624,1,-1,0,unknown,no,2025-08-22 03:00:00
26,technician,single,secondary,no,855,yes,no,unknown,28,may,87,2,-1,0,unknown,no,2025-08-22 04:00:00
49,blue-collar,married,secondary,no,203,no,no,unknown,4,jun,167,1,-1,0,unknown,no,2025-08-22 05:00:00
31,management,married,tertiary,no,4924,yes,no,unknown,21,may,389,2,-1,0,unknown,no,2025-08-22 06:00:00
27,student,single,secondary,no,1625,no,no,cellular,2,feb,180,5,-1,0,unknown,no,2025-08-22 07:00:00
33,technician,married,secondary,no,8,no,no,cellular,29,aug,462,2,-1,0,unknown,no,2025-08-22 08:00:00
30,blue-collar,divorced,secondary,no,292,yes,no,cellular,7,may,381,1,335,5,other,no,2025-08-22 09:00:00
25,technician,single,secondary,no,1312,yes,no,cellular,16,apr,307,1,-1,0,unknown,no,2025-08-22 10:00:00
30,technician,married,tertiary,no,0,yes,yes,cellular,23,jul,232,1,-1,0,unknown,no,2025-08-22 11:00:00
34,management,married,tertiary,no,176,no,no,cellular,18,aug,61,4,-1,0,unknown,no,2025-08-22 12:00:00
28,blue-collar,single,tertiary,no,1372,no,no,cellular,15,may,48,4,298,1,failure,no,2025-08-22 13:00:00
34,management,married,tertiary,no,889,yes,no,cellular,24,jul,539,1,-1,0,unknown,no,2025-08-22 14:00:00
32,blue-collar,married,secondary,no,320,yes,no,unknown,6,may,198,2,-1,0,unknown,no,2025-08-22 15:00:00
27,services,married,unknown,no,-209,yes,yes,cellular,29,jan,128,1,-1,0,unknown,no,2025-08-22 16:00:00
53,management,married,tertiary,no,349,no,no,cellular,7,aug,146,2,-1,0,unknown,no,2025-08-22 17:00:00
51,management,married,tertiary,no,2125,no,yes,cellular,7,aug,20,2,-1,0,unknown,no,2025-08-22 18:00:00
34,services,divorced,secondary,no,380,yes,yes,cellular,25,jul,102,2,-1,0,unknown,no,2025-08-22 19:00:00
32,admin.,single,secondary,no,6042,yes,no,cellular,15,may,183,1,361,1,failure,no,2025-08-22 20:00:00
57,management,married,primary,no,687,yes,yes,telephone,21,jul,107,3,-1,0,unknown,no,2025-08-22 21:00:00
34,services,single,secondary,no,16,yes,no,cellular,20,nov,340,1,-1,0,unknown,no,2025-08-22 22:00:00
46,self-employed,divorced,tertiary,no,926,yes,no,cellular,1,apr,463,1,133,3,failure,no,2025-08-22 23:00:00
33,technician,single,tertiary,no,8874,no,yes,unknown,21,may,152,3,-1,0,unknown,no,2025-08-23 00:00:00
44,admin.,married,secondary,no,14,no,yes,unknown,30,may,827,5,-1,0,unknown,no,2025-08-23 01:00:00
38,technician,single,tertiary,no,0,no,no,cellular,28,aug,247,2,-1,0,unknown,no,2025-08-23 02:00:00
40,admin.,married,secondary,no,3087,yes,yes,unknown,27,may,185,1,-1,0,unknown,no,2025-08-23 03:00:00
33,technician,married,secondary,no,1072,no,yes,unknown,29,may,144,2,-1,0,unknown,no,2025-08-23 04:00:00
38,technician,divorced,secondary,no,1,no,yes,cellular,23,jul,73,1,-1,0,unknown,no,2025-08-23 05:00:00
50,unknown,married,primary,no,1502,no,no,unknown,6,jun,34,2,-1,0,unknown,no,2025-08-23 06:00:00
46,blue-collar,married,primary,no,2904,no,no,cellular,20,apr,277,2,-1,0,unknown,no,2025-08-23 07:00:00
44,blue-collar,married,secondary,no,261,yes,no,unknown,19,may,87,5,-1,0,unknown,no,2025-08-23 08:00:00
41,management,married,primary,no,-4,yes,yes,unknown,13,may,181,3,-1,0,unknown,no,2025-08-23 09:00:00
39,blue-collar,single,primary,no,2,yes,no,unknown,9,jun,259,2,-1,0,unknown,no,2025-08-23 10:00:00
43,management,married,tertiary,no,2759,yes,yes,cellular,8,aug,329,2,-1,0,unknown,no,2025-08-23 11:00:00
34,admin.,married,secondary,no,-142,yes,no,cellular,3,feb,107,3,-1,0,unknown,no,2025-08-23 12:00:00
48,management,married,primary,no,0,yes,no,unknown,5,jun,107,1,-1,0,unknown,no,2025-08-23 13:00:00
37,services,single,secondary,no,393,yes,no,cellular,8,may,348,4,350,2,other,no,2025-08-23 14:00:00
60,housemaid,married,secondary,no,3587,no,no,unknown,11,jun,133,2,-1,0,unknown,no,2025-08-23 15:00:00
47,management,married,tertiary,no,2820,no,no,unknown,20,jun,92,3,-1,0,unknown,no,2025-08-23 16:00:00
39,housemaid,married,primary,no,1146,yes,no,telephone,10,jul,364,1,-1,0,unknown,no,2025-08-23 17:00:00
48,management,married,secondary,no,286,no,no,cellular,12,aug,127,1,-1,0,unknown,no,2025-08-23 18:00:00
59,retired,married,primary,yes,-488,no,yes,unknown,6,jun,247,1,-1,0,unknown,no,2025-08-23 19:00:00
46,management,married,tertiary,no,349,no,no,cellular,15,feb,295,2,616,1,failure,yes,2025-08-23 20:00:00
38,services,married,secondary,no,53,no,no,cellular,4,feb,226,1,-1,0,unknown,no,2025-08-23 21:00:00
51,blue-collar,married,unknown,no,-19,yes,no,unknown,5,may,163,2,-1,0,unknown,no,2025-08-23 22:00:00
54,management,divorced,tertiary,no,12018,yes,no,cellular,21,dec,267,2,-1,0,unknown,yes,2025-08-23 23:00:00
30,blue-collar,married,secondary,no,3653,yes,yes,unknown,6,jun,167,4,-1,0,unknown,no,2025-08-24 00:00:00
34,technician,married,secondary,no,210,yes,yes,cellular,12,may,211,2,173,1,failure,no,2025-08-24 01:00:00
30,technician,divorced,secondary,no,0,no,no,cellular,21,jul,101,1,-1,0,unknown,no,2025-08-24 02:00:00
38,services,married,tertiary,no,0,yes,no,cellular,17,apr,239,1,147,4,failure,no,2025-08-24 03:00:00
40,blue-collar,married,primary,no,-166,yes,no,unknown,13,may,136,1,-1,0,unknown,no,2025-08-24 04:00:00
21,student,single,secondary,no,2488,no,no,cellular,12,oct,180,1,-1,0,unknown,yes,2025-08-24 05:00:00
53,blue-collar,divorced,primary,no,1480,yes,no,cellular,20,nov,95,2,-1,0,unknown,no,2025-08-24 06:00:00
35,technician,single,tertiary,no,364,no,yes,cellular,30,jan,162,3,205,3,failure,no,2025-08-24 07:00:00
29,management,married,tertiary,no,877,no,no,cellular,3,feb,166,3,-1,0,unknown,no,2025-08-24 08:00:00
41,unemployed,married,secondary,no,2081,yes,no,cellular,3,feb,53,3,-1,0,unknown,no,2025-08-24 09:00:00
24,technician,single,secondary,no,-126,yes,yes,unknown,13,may,382,2,-1,0,unknown,no,2025-08-24 10:00:00
47,blue-collar,married,secondary,no,1110,yes,no,telephone,23,jul,329,3,-1,0,unknown,no,2025-08-24 11:00:00
57,management,married,tertiary,no,1172,no,no,cellular,19,nov,164,3,-1,0,unknown,no,2025-08-24 12:00:00
35,housemaid,married,primary,no,8127,no,no,unknown,6,jun,315,1,-1,0,unknown,no,2025-08-24 13:00:00
50,technician,married,secondary,no,1412,no,no,cellular,6,aug,131,3,-1,0,unknown,no,2025-08-24 14:00:00
38,admin.,single,secondary,no,4803,no,no,cellular,16,jul,129,2,182,2,success,no,2025-08-24 15:00:00
57,retired,married,primary,no,65,yes,no,telephone,23,jul,588,1,-1,0,unknown,no,2025-08-24 16:00:00
35,technician,married,secondary,no,1057,yes,no,cellular,21,jul,144,2,-1,0,unknown,no,2025-08-24 17:00:00
52,management,divorced,tertiary,no,0,no,no,cellular,21,nov,328,1,-1,0,unknown,no,2025-08-24 18:00:00
36,management,single,tertiary,no,1,yes,no,cellular,13,may,131,1,-1,0,unknown,no,2025-08-24 19:00:00
44,management,married,secondary,no,488,no,yes,cellular,29,jan,138,2,183,11,failure,no,2025-08-24 20:00:00
43,technician,married,secondary,no,-796,no,no,cellular,7,jul,190,4,-1,0,unknown,no,2025-08-24 21:00:00
27,management,single,secondary,no,565,yes,no,cellular,18,may,170,2,346,11,failure,no,2025-08-24 22:00:00
30,admin.,single,secondary,no,-118,no,no,cellular,15,may,377,1,-1,0,unknown,no,2025-08-24 23:00:00
46,services,divorced,secondary,no,864,yes,no,cellular,18,nov,105,5,188,2,failure,no,2025-08-25 00:00:00
30,blue-collar,married,secondary,no,393,yes,no,cellular,17,apr,1034,2,-1,0,unknown,no,2025-08-25 01:00:00
50,technician,married,secondary,no,103,yes,no,unknown,12,may,79,6,-1,0,unknown,no,2025-08-25 02:00:00
34,technician,married,secondary,no,0,yes,no,cellular,3,feb,146,1,91,2,other,no,2025-08-25 03:00:00
45,technician,married,secondary,no,2571,no,no,unknown,18,jun,146,2,-1,0,unknown,no,2025-08-25 04:00:00
56,technician,married,secondary,no,992,no,no,unknown,9,jun,123,1,-1,0,unknown,no,2025-08-25 05:00:00
33,blue-collar,married,secondary,no,20,yes,yes,cellular,13,may,259,1,370,3,failure,no,2025-08-25 06:00:00
43,unknown,single,tertiary,no,2731,no,no,cellular,21,nov,11,7,-1,0,unknown,no,2025-08-25 07:00:00
46,housemaid,married,primary,no,0,no,no,cellular,6,aug,322,5,-1,0,unknown,no,2025-08-25 08:00:00
53,retired,divorced,primary,no,1126,no,no,unknown,20,jun,92,3,-1,0,unknown,no,2025-08-25 09:00:00
33,admin.,single,secondary,no,289,no,no,cellular,3,feb,515,3,6,13,other,no,2025-08-25 10:00:00
51,blue-collar,married,unknown,no,125,yes,no,unknown,8,may,102,2,-1,0,unknown,no,2025-08-25 11:00:00
37,admin.,single,secondary,no,16,no,no,cellular,18,may,488,5,336,2,failure,no,2025-08-25 12:00:00
51,blue-collar,married,unknown,no,1137,no,no,unknown,11,jun,76,1,-1,0,unknown,no,2025-08-25 13:00:00
57,entrepreneur,married,secondary,no,926,no,no,unknown,17,jun,447,3,-1,0,unknown,no,2025-08-25 14:00:00
30,blue-collar,single,secondary,no,144,yes,no,unknown,21,may,202,3,-1,0,unknown,no,2025-08-25 15:00:00
54,housemaid,married,primary,no,1319,yes,no,telephone,23,jul,70,2,-1,0,unknown,no,2025-08-25 16:00:00
36,management,single,tertiary,no,3875,yes,no,unknown,27,may,21,5,-1,0,unknown,no,2025-08-25 17:00:00
40,management,single,tertiary,no,-318,yes,yes,cellular,9,apr,133,1,-1,0,unknown,no,2025-08-25 18:00:00
43,blue-collar,married,secondary,no,1617,yes,no,cellular,7,apr,239,1,-1,0,unknown,no,2025-08-25 19:00:00
55,management,divorced,tertiary,no,26306,yes,no,cellular,23,sep,84,1,589,4,failure,no,2025-08-25 20:00:00
31,technician,single,tertiary,no,1081,no,no,cellular,24,apr,202,5,261,2,failure,yes,2025-08-25 21:00:00
23,student,single,secondary,no,1029,yes,no,cellular,18,may,68,1,-1,0,unknown,no,2025-08-25 22:00:00
31,management,single,tertiary,no,10215,no,no,cellular,22,aug,139,2,-1,0,unknown,no,2025-08-25 23:00:00
37,blue-collar,married,primary,no,253,yes,no,cellular,19,nov,59,2,153,2,failure,no,2025-08-26 00:00:00
43,entrepreneur,divorced,tertiary,no,626,yes,no,cellular,28,jan,72,1,167,2,failure,no,2025-08-26 01:00:00
37,blue-collar,married,unknown,no,0,yes,no,cellular,9,jul,90,1,-1,0,unknown,no,2025-08-26 02:00:00
46,technician,married,secondary,no,231,yes,no,unknown,3,jun,117,1,-1,0,unknown,no,2025-08-26 03:00:00
31,management,single,secondary,no,783,yes,no,unknown,6,may,320,1,-1,0,unknown,no,2025-08-26 04:00:00
49,blue-collar,married,unknown,no,51,yes,no,unknown,7,may,984,1,-1,0,unknown,no,2025-08-26 05:00:00
40,technician,single,secondary,no,2244,no,yes,cellular,20,aug,58,2,-1,0,unknown,no,2025-08-26 06:00:00
46,technician,married,secondary,no,388,no,no,cellular,4,feb,6,9,7,1,other,no,2025-08-26 07:00:00
34,admin.,married,secondary,no,592,yes,no,unknown,8,jun,49,1,-1,0,unknown,no,2025-08-26 08:00:00
47,admin.,divorced,secondary,no,106,yes,no,unknown,15,may,303,1,-1,0,unknown,no,2025-08-26 09:00:00
34,technician,single,tertiary,no,0,yes,no,cellular,17,apr,158,2,-1,0,unknown,no,2025-08-26 10:00:00
53,entrepreneur,married,tertiary,no,77,no,no,unknown,20,jun,13,3,-1,0,unknown,no,2025-08-26 11:00:00
34,blue-collar,married,secondary,no,157,yes,no,cellular,11,jul,254,2,-1,0,unknown,no,2025-08-26 12:00:00
42,technician,single,secondary,no,823,yes,no,cellular,28,jan,137,1,-1,0,unknown,no,2025-08-26 13:00:00
44,management,divorced,tertiary,no,193,no,yes,cellular,8,jul,104,2,-1,0,unknown,no,2025-08-26 14:00:00
38,services,divorced,secondary,no,53,no,no,cellular,8,oct,78,1,58,1,other,no,2025-08-26 15:00:00
32,technician,single,tertiary,no,514,yes,yes,cellular,7,may,138,1,168,1,failure,no,2025-08-26 16:00:00
33,blue-collar,single,tertiary,no,457,yes,no,cellular,30,jan,159,1,191,4,failure,no,2025-08-26 17:00:00
60,retired,married,tertiary,no,9397,no,no,unknown,5,jun,428,1,-1,0,unknown,no,2025-08-26 18:00:00
24,technician,single,secondary,no,246,yes,yes,cellular,15,may,224,1,-1,0,unknown,no,2025-08-26 19:00:00
49,self-employed,married,secondary,no,289,yes,no,cellular,2,feb,243,1,-1,0,unknown,no,2025-08-26 20:00:00
30,technician,single,secondary,no,538,yes,no,cellular,19,nov,148,1,-1,0,unknown,no,2025-08-26 21:00:00
52,unemployed,married,secondary,no,94,no,no,cellular,10,nov,293,3,190,10,failure,yes,2025-08-26 22:00:00
37,blue-collar,divorced,primary,no,511,yes,no,telephone,11,may,42,1,-1,0,unknown,no,2025-08-26 23:00:00
48,technician,married,unknown,no,5176,no,no,cellular,29,jul,162,2,-1,0,unknown,no,2025-08-27 00:00:00
51,management,single,tertiary,no,6030,yes,no,cellular,18,nov,157,2,110,3,failure,no,2025-08-27 01:00:00
35,management,married,tertiary,no,1510,yes,no,unknown,9,may,61,1,-1,0,unknown,no,2025-08-27 02:00:00
54,blue-collar,married,secondary,no,734,no,yes,unknown,12,jun,124,1,-1,0,unknown,no,2025-08-27 03:00:00
26,technician,single,secondary,no,150,yes,no,unknown,28,may,216,1,-1,0,unknown,no,2025-08-27 04:00:00
38,technician,single,secondary,no,1685,yes,no,unknown,5,may,185,1,-1,0,unknown,no,2025-08-27 05:00:00
56,management,married,tertiary,no,424,yes,yes,cellular,20,nov,113,5,-1,0,unknown,no,2025-08-27 06:00:00
33,management,married,tertiary,no,1674,yes,no,cellular,12,aug,284,7,-1,0,unknown,no,2025-08-27 07:00:00
46,management,single,tertiary,no,379,no,no,cellular,11,aug,83,6,-1,0,unknown,no,2025-08-27 08:00:00
32,blue-collar,divorced,secondary,no,98,yes,no,cellular,29,jan,364,2,-1,0,unknown,no,2025-08-27 09:00:00
33,management,married,tertiary,no,4,yes,yes,cellular,24,jul,604,1,-1,0,unknown,no,2025-08-27 10:00:00
42,admin.,married,secondary,no,0,no,no,unknown,19,jun,370,1,-1,0,unknown,no,2025-08-27 11:00:00
50,management,married,tertiary,no,2809,yes,no,cellular,13,may,200,2,259,9,failure,no,2025-08-27 12:00:00
53,blue-collar,married,primary,no,0,no,no,cellular,7,jul,114,1,-1,0,unknown,no,2025-08-27 13:00:00
41,technician,married,secondary,no,1190,no,no,cellular,25,aug,69,4,-1,0,unknown,no,2025-08-27 14:00:00
42,technician,married,secondary,no,0,no,no,cellular,4,aug,240,1,-1,0,unknown,no,2025-08-27 15:00:00
43,technician,single,secondary,no,336,yes,no,unknown,9,may,181,1,-1,0,unknown,no,2025-08-27 16:00:00
34,services,divorced,secondary,no,89,yes,no,cellular,15,may,1871,4,-1,0,unknown,yes,2025-08-27 17:00:00
30,technician,single,tertiary,no,2784,no,no,cellular,11,aug,161,1,-1,0,unknown,no,2025-08-27 18:00:00
37,blue-collar,single,secondary,no,847,no,no,unknown,20,jun,54,1,-1,0,unknown,no,2025-08-27 19:00:00
39,services,single,secondary,no,-189,yes,no,unknown,30,may,76,9,-1,0,unknown,no,2025-08-27 20:00:00
34,blue-collar,married,secondary,no,172,no,no,cellular,12,aug,237,2,-1,0,unknown,no,2025-08-27 21:00:00
31,management,single,tertiary,no,528,no,yes,cellular,21,nov,5,7,-1,0,unknown,no,2025-08-27 22:00:00
36,self-employed,married,tertiary,no,4515,yes,no,unknown,17,jun,408,2,-1,0,unknown,no,2025-08-27 23:00:00
32,blue-collar,single,secondary,no,6337,yes,no,cellular,19,nov,126,2,-1,0,unknown,no,2025-08-28 00:00:00
49,self-employed,married,tertiary,no,7254,no,no,cellular,29,jul,132,4,-1,0,unknown,no,2025-08-28 01:00:00
47,blue-collar,married,secondary,no,2215,no,no,cellular,8,aug,194,4,-1,0,unknown,no,2025-08-28 02:00:00
39,technician,divorced,tertiary,no,665,yes,no,cellular,8,may,133,8,-1,0,unknown,no,2025-08-28 03:00:00
26,services,married,secondary,no,549,no,no,unknown,3,jul,149,1,-1,0,unknown,no,2025-08-28 04:00:00
35,technician,married,secondary,no,482,no,no,cellular,12,aug,138,2,-1,0,unknown,no,2025-08-28 05:00:00
26,blue-collar,single,secondary,no,8,yes,no,cellular,13,may,167,1,-1,0,unknown,no,2025-08-28 06:00:00
32,technician,married,secondary,no,9608,no,no,cellular,8,aug,114,4,-1,0,unknown,no,2025-08-28 07:00:00
57,admin.,married,secondary,no,2,no,no,telephone,10,jul,144,2,-1,0,unknown,no,2025-08-28 08:00:00
41,management,married,tertiary,no,141,yes,yes,unknown,8,may,146,3,-1,0,unknown,no,2025-08-28 09:00:00
36,unemployed,single,tertiary,no,9019,yes,no,unknown,11,jun,952,3,-1,0,unknown,no,2025-08-28 10:00:00
31,management,married,tertiary,no,1170,no,no,cellular,20,aug,200,4,-1,0,unknown,no,2025-08-28 11:00:00
37,technician,married,secondary,no,7957,no,no,cellular,19,nov,706,1,111,2,failure,no,2025-08-28 12:00:00
27,services,single,secondary,no,387,no,yes,cellular,9,jul,194,1,-1,0,unknown,no,2025-08-28 13:00:00
42,management,married,tertiary,no,2816,no,no,cellular,10,nov,193,2,-1,0,unknown,yes,2025-08-28 14:00:00
43,technician,divorced,secondary,no,1326,no,no,cellular,26,aug,93,2,-1,0,unknown,no,2025-08-28 15:00:00
30,blue-collar,married,secondary,no,-99,yes,no,cellular,15,may,144,5,-1,0,unknown,no,2025-08-28 16:00:00
64,retired,divorced,tertiary,no,890,no,no,cellular,3,jul,531,3,-1,0,unknown,no,2025-08-28 17:00:00
33,management,married,tertiary,no,17946,yes,no,cellular,6,feb,195,5,259,1,failure,no,2025-08-28 18:00:00
42,management,divorced,unknown,no,7702,no,no,cellular,16,feb,138,2,-1,0,unknown,yes,2025-08-28 19:00:00
57,services,married,secondary,no,1315,no,no,cellular,14,aug,260,2,-1,0,unknown,no,2025-08-28 20:00:00
30,management,single,tertiary,no,6825,no,no,cellular,4,feb,217,2,-1,0,unknown,no,2025-08-28 21:00:00
25,management,single,tertiary,no,3,yes,yes,cellular,16,apr,1034,1,-1,0,unknown,yes,2025-08-28 22:00:00
60,retired,married,primary,no,1906,no,no,telephone,2,jun,79,1,60,2,other,no,2025-08-28 23:00:00
62,management,married,secondary,no,4562,yes,no,cellular,3,mar,168,1,-1,0,unknown,yes,2025-08-29 00:00:00
36,management,married,secondary,no,6077,no,no,cellular,19,nov,227,1,-1,0,unknown,no,2025-08-29 01:00:00
51,management,married,tertiary,no,15904,no,no,cellular,7,aug,504,4,-1,0,unknown,no,2025-08-29 02:00:00
57,management,married,tertiary,no,256,no,no,cellular,5,jun,304,2,91,1,success,yes,2025-08-29 03:00:00
32,blue-collar,married,secondary,no,0,yes,yes,unknown,28,may,219,3,-1,0,unknown,no,2025-08-29 04:00:00
36,admin.,single,tertiary,no,994,no,no,cellular,13,aug,185,2,105,3,success,no,2025-08-29 05:00:00
36,technician,married,primary,no,3350,yes,no,cellular,16,apr,86,1,269,3,other,no,2025-08-29 06:00:00
30,services,single,tertiary,no,44,no,no,unknown,16,jun,108,2,-1,0,unknown,no,2025-08-29 07:00:00
24,services,single,secondary,no,-248,yes,no,unknown,16,may,187,1,-1,0,unknown,no,2025-08-29 08:00:00
38,blue-collar,married,primary,no,398,yes,yes,cellular,17,apr,239,1,332,1,failure,no,2025-08-29 09:00:00
47,unemployed,married,primary,no,122,no,yes,unknown,5,jun,240,3,-1,0,unknown,no,2025-08-29 10:00:00
54,self-employed,divorced,secondary,no,1016,yes,no,cellular,21,nov,643,3,-1,0,unknown,no,2025-08-29 11:00:00
33,management,married,tertiary,no,876,no,no,unknown,20,may,1287,2,-1,0,unknown,no,2025-08-29 12:00:00
23,blue-collar,single,secondary,no,492,yes,no,unknown,4,jun,638,1,-1,0,unknown,yes,2025-08-29 13:00:00
36,technician,married,secondary,no,283,yes,yes,unknown,27,jun,56,2,-1,0,unknown,no,2025-08-29 14:00:00
38,admin.,married,secondary,no,384,no,no,cellular,3,feb,387,1,-1,0,unknown,no,2025-08-29 15:00:00
38,management,married,tertiary,no,1440,no,no,cellular,11,aug,111,2,-1,0,unknown,no,2025-08-29 16:00:00
45,technician,single,secondary,no,-55,no,no,cellular,29,jan,78,3,197,1,failure,no,2025-08-29 17:00:00
47,technician,married,secondary,no,1059,yes,no,cellular,21,nov,58,1,127,1,failure,no,2025-08-29 18:00:00
33,management,divorced,tertiary,no,219,yes,no,cellular,13,may,93,1,301,1,failure,no,2025-08-29 19:00:00
30,technician,single,secondary,no,1112,no,no,cellular,14,jul,133,3,-1,0,unknown,no,2025-08-29 20:00:00
56,blue-collar,married,primary,no,2765,no,no,cellular,13,apr,222,3,-1,0,unknown,no,2025-08-29 21:00:00
29,admin.,married,secondary,no,453,yes,no,cellular,17,jul,384,4,-1,0,unknown,no,2025-08-29 22:00:00
39,technician,married,secondary,no,-184,no,yes,unknown,17,jun,185,3,-1,0,unknown,no,2025-08-29 23:00:00
27,technician,single,tertiary,no,149,no,yes,cellular,30,jan,283,1,-1,0,unknown,no,2025-08-30 00:00:00
32,management,married,tertiary,no,1501,yes,no,unknown,23,may,70,6,-1,0,unknown,no,2025-08-30 01:00:00
27,management,single,tertiary,no,134,yes,yes,unknown,7,may,68,3,-1,0,unknown,no,2025-08-30 02:00:00
57,retired,married,secondary,no,479,no,no,telephone,14,aug,82,2,-1,0,unknown,no,2025-08-30 03:00:00
49,technician,divorced,secondary,no,57,no,no,cellular,21,aug,396,3,-1,0,unknown,no,2025-08-30 04:00:00
53,blue-collar,married,secondary,no,3397,yes,no,unknown,6,may,231,1,-1,0,unknown,no,2025-08-30 05:00:00
45,services,married,secondary,no,0,no,no,cellular,11,jul,106,2,-1,0,unknown,no,2025-08-30 06:00:00
37,admin.,married,tertiary,no,2693,yes,no,cellular,8,apr,261,1,-1,0,unknown,no,2025-08-30 07:00:00
48,blue-collar,married,secondary,no,4770,yes,yes,cellular,19,nov,616,2,-1,0,unknown,no,2025-08-30 08:00:00
43,admin.,single,unknown,no,682,no,no,unknown,19,jun,156,6,-1,0,unknown,no,2025-08-30 09:00:00
45,self-employed,married,tertiary,no,424,no,no,cellular,27,aug,141,8,-1,0,unknown,no,2025-08-30 10:00:00
30,management,married,tertiary,no,7,yes,no,cellular,28,aug,173,1,164,4,other,yes,2025-08-30 11:00:00
51,technician,married,unknown,no,425,yes,no,unknown,19,may,124,3,-1,0,unknown,no,2025-08-30 12:00:00
52,services,married,secondary,no,-1,no,yes,unknown,26,jun,138,3,-1,0,unknown,no,2025-08-30 13:00:00
32,self-employed,divorced,tertiary,no,3695,yes,no,cellular,15,may,34,1,353,3,other,no,2025-08-30 14:00:00
20,student,single,secondary,no,162,no,no,cellular,25,may,106,2,-1,0,unknown,no,2025-08-30 15:00:00
51,self-employed,married,tertiary,no,150,no,no,unknown,9,jun,146,1,-1,0,unknown,no,2025-08-30 16:00:00
46,blue-collar,married,primary,no,143,yes,no,unknown,7,may,279,1,-1,0,unknown,no,2025-08-30 17:00:00
34,management,single,tertiary,no,2455,no,no,cellular,8,aug,244,6,-1,0,unknown,no,2025-08-30 18:00:00
54,services,married,primary,no,198,yes,no,cellular,31,jul,69,3,-1,0,unknown,no,2025-08-30 19:00:00
61,retired,divorced,secondary,no,410,no,yes,cellular,31,jul,470,4,-1,0,unknown,no,2025-08-30 20:00:00
69,retired,married,primary,no,2713,no,no,telephone,3,feb,32,1,-1,0,unknown,no,2025-08-30 21:00:00
49,blue-collar,married,primary,no,11317,yes,no,unknown,14,may,208,1,-1,0,unknown,no,2025-08-30 22:00:00
54,retired,married,secondary,no,1614,yes,no,unknown,17,jun,534,4,-1,0,unknown,no,2025-08-30 23:00:00
54,retired,married,secondary,no,2626,no,no,cellular,19,nov,221,2,190,2,failure,no,2025-08-31 00:00:00
56,entrepreneur,divorced,tertiary,no,3846,no,no,cellular,31,jul,86,7,-1,0,unknown,no,2025-08-31 01:00:00
59,retired,married,secondary,no,184,no,no,cellular,8,jul,163,1,-1,0,unknown,no,2025-08-31 02:00:00
50,blue-collar,divorced,primary,no,149,yes,no,unknown,7,may,74,1,-1,0,unknown,no,2025-08-31 03:00:00
30,technician,single,secondary,no,175,no,no,cellular,25,aug,167,4,-1,0,unknown,no,2025-08-31 04:00:00
32,management,single,tertiary,no,2343,no,no,cellular,18,jul,226,1,-1,0,unknown,no,2025-08-31 05:00:00
49,blue-collar,divorced,secondary,no,23,no,no,cellular,17,nov,221,2,-1,0,unknown,no,2025-08-31 06:00:00
34,technician,single,tertiary,no,449,no,no,cellular,8,aug,765,3,-1,0,unknown,no,2025-08-31 07:00:00
56,blue-collar,married,secondary,no,2190,no,yes,cellular,30,jan,90,2,232,1,failure,no,2025-08-31 08:00:00
37,management,married,tertiary,no,789,yes,yes,cellular,11,aug,93,1,190,2,other,no,2025-08-31 09:00:00
37,technician,married,secondary,no,1725,no,no,cellular,22,aug,75,7,-1,0,unknown,no,2025-08-31 10:00:00
33,student,single,unknown,no,86,no,no,cellular,22,may,136,1,-1,0,unknown,no,2025-08-31 11:00:00
36,blue-collar,married,secondary,no,779,yes,no,cellular,14,may,172,1,-1,0,unknown,no,2025-08-31 12:00:00
40,entrepreneur,married,secondary,no,0,yes,yes,unknown,15,may,435,1,-1,0,unknown,no,2025-08-31 13:00:00
56,management,married,secondary,no,2811,no,no,cellular,21,nov,150,2,-1,0,unknown,no,2025-08-31 14:00:00
50,blue-collar,married,primary,no,0,yes,no,cellular,13,may,131,1,364,2,failure,no,2025-08-31 15:00:00
37,admin.,married,secondary,no,96,no,no,cellular,7,aug,155,1,99,2,success,yes,2025-08-31 16:00:00
48,unemployed,married,primary,no,0,no,no,cellular,29,jul,569,2,-1,0,unknown,no,2025-08-31 17:00:00
40,services,divorced,primary,no,1937,yes,no,unknown,2,jun,86,1,-1,0,unknown,no,2025-08-31 18:00:00
34,blue-collar,married,primary,no,15841,yes,no,cellular,20,apr,423,5,-1,0,unknown,no,2025-08-31 19:00:00
60,admin.,married,secondary,no,1025,no,no,cellular,6,aug,388,8,-1,0,unknown,no,2025-08-31 20:00:00
19,student,single,secondary,no,372,no,no,telephone,8,jul,444,3,-1,0,unknown,yes,2025-08-31 21:00:00
28,admin.,single,secondary,no,119,no,no,cellular,19,feb,260,3,-1,0,unknown,no,2025-08-31 22:00:00
58,blue-collar,married,primary,no,1406,yes,no,unknown,14,may,252,3,-1,0,unknown,no,2025-08-31 23:00:00
45,blue-collar,married,unknown,no,5640,yes,no,telephone,31,jul,18,9,-1,0,unknown,no,2025-09-01 00:00:00
37,services,married,secondary,no,-21,yes,yes,unknown,23,may,61,2,-1,0,unknown,no,2025-09-01 01:00:00
51,unemployed,married,tertiary,no,1801,no,no,cellular,2,jul,82,1,77,3,success,no,2025-09-01 02:00:00
58,services,married,secondary,no,382,no,no,cellular,26,aug,384,4,-1,0,unknown,no,2025-09-01 03:00:00
37,admin.,married,tertiary,no,828,yes,no,cellular,6,may,206,2,342,1,failure,no,2025-09-01 04:00:00
34,technician,single,secondary,no,19348,yes,no,cellular,8,aug,316,2,-1,0,unknown,no,2025-09-01 05:00:00
26,student,single,secondary,no,0,no,no,cellular,2,feb,1223,2,-1,0,unknown,yes,2025-09-01 06:00:00
63,retired,single,tertiary,no,791,no,no,cellular,21,oct,212,2,-1,0,unknown,yes,2025-09-01 07:00:00
52,retired,married,secondary,no,603,no,yes,unknown,9,jun,79,1,-1,0,unknown,no,2025-09-01 08:00:00
32,technician,married,secondary,no,169,yes,no,cellular,7,may,22,11,-1,0,unknown,no,2025-09-01 09:00:00
29,technician,married,primary,no,95,yes,no,cellular,21,jul,255,1,-1,0,unknown,no,2025-09-01 10:00:00
27,admin.,married,tertiary,no,73,no,no,cellular,10,feb,159,1,-1,0,unknown,yes,2025-09-01 11:00:00
49,self-employed,divorced,tertiary,no,0,no,no,cellular,4,feb,279,3,-1,0,unknown,no,2025-09-01 12:00:00
93,retired,married,unknown,no,775,no,no,cellular,22,jul,860,2,177,7,success,yes,2025-09-01 13:00:00
29,technician,single,tertiary,no,7,yes,no,cellular,29,jul,70,5,-1,0,unknown,no,2025-09-01 14:00:00
28,blue-collar,single,secondary,no,2845,yes,no,unknown,12,may,182,2,-1,0,unknown,no,2025-09-01 15:00:00
52,housemaid,single,tertiary,no,0,no,no,unknown,6,jun,431,2,-1,0,unknown,no,2025-09-01 16:00:00
34,admin.,married,secondary,no,159,yes,no,cellular,21,jul,124,1,-1,0,unknown,no,2025-09-01 17:00:00
38,management,single,tertiary,no,21963,no,no,telephone,18,jul,70,2,-1,0,unknown,no,2025-09-01 18:00:00
36,technician,married,tertiary,no,4932,yes,no,cellular,21,nov,273,5,-1,0,unknown,no,2025-09-01 19:00:00
45,technician,divorced,secondary,no,167,no,no,cellular,30,jul,97,11,-1,0,unknown,no,2025-09-01 20:00:00
29,technician,single,secondary,yes,28,yes,no,cellular,18,jul,203,1,-1,0,unknown,no,2025-09-01 21:00:00
45,technician,married,secondary,no,0,yes,yes,unknown,14,may,246,2,-1,0,unknown,no,2025-09-01 22:00:00
45,technician,married,secondary,no,351,yes,no,telephone,29,aug,18,2,-1,0,unknown,no,2025-09-01 23:00:00
37,blue-collar,married,secondary,no,-26,no,no,telephone,17,jul,209,2,-1,0,unknown,no,2025-09-02 00:00:00
33,blue-collar,married,secondary,no,152,yes,no,unknown,13,may,351,2,-1,0,unknown,no,2025-09-02 01:00:00
33,technician,single,secondary,no,555,no,no,cellular,30,jun,255,2,-1,0,unknown,no,2025-09-02 02:00:00
49,technician,married,tertiary,no,80,no,no,cellular,17,jul,123,1,-1,0,unknown,no,2025-09-02 03:00:00
49,management,single,primary,no,548,no,no,telephone,31,jul,115,6,-1,0,unknown,no,2025-09-02 04:00:00
46,blue-collar,single,secondary,no,57,yes,no,unknown,14,may,194,4,-1,0,unknown,no,2025-09-02 05:00:00
34,management,single,tertiary,no,13014,no,no,cellular,12,feb,637,1,183,1,success,yes,2025-09-02 06:00:00
46,technician,married,tertiary,no,841,yes,no,unknown,6,may,158,1,-1,0,unknown,no,2025-09-02 07:00:00
31,management,married,unknown,no,0,yes,no,unknown,26,may,763,6,-1,0,unknown,no,2025-09-02 08:00:00
32,blue-collar,married,secondary,no,419,yes,no,unknown,30,may,56,2,-1,0,unknown,no,2025-09-02 09:00:00
33,technician,single,secondary,no,-32,no,no,cellular,25,aug,196,12,-1,0,unknown,no,2025-09-02 10:00:00
39,blue-collar,married,primary,no,279,yes,no,unknown,5,may,361,1,-1,0,unknown,no,2025-09-02 11:00:00
54,services,married,unknown,no,386,no,yes,cellular,19,nov,74,1,152,1,success,no,2025-09-02 12:00:00
29,services,single,secondary,no,32,yes,no,unknown,4,jun,563,1,-1,0,unknown,yes,2025-09-02 13:00:00
22,student,single,secondary,no,224,no,no,unknown,14,sep,5,1,-1,0,unknown,no,2025-09-02 14:00:00
40,blue-collar,married,primary,no,481,yes,no,cellular,20,apr,228,3,347,1,failure,no,2025-09-02 15:00:00
26,blue-collar,single,primary,no,230,yes,no,unknown,28,may,289,1,-1,0,unknown,no,2025-09-02 16:00:00
45,blue-collar,married,secondary,no,1179,no,no,cellular,21,aug,172,6,-1,0,unknown,no,2025-09-02 17:00:00
50,technician,married,secondary,no,349,yes,no,telephone,28,jul,27,17,-1,0,unknown,no,2025-09-02 18:00:00
35,blue-collar,married,secondary,no,1454,yes,no,telephone,20,apr,19,6,-1,0,unknown,no,2025-09-02 19:00:00
50,blue-collar,married,unknown,no,0,no,no,unknown,16,jun,599,3,-1,0,unknown,no,2025-09-02 20:00:00
31,self-employed,single,tertiary,no,283,no,no,cellular,28,jan,98,2,241,1,failure,no,2025-09-02 21:00:00
41,blue-collar,married,secondary,no,290,yes,no,unknown,5,may,240,2,-1,0,unknown,no,2025-09-02 22:00:00
38,technician,single,tertiary,no,369,no,no,cellular,7,aug,365,8,-1,0,unknown,no,2025-09-02 23:00:00
28,services,single,secondary,no,3028,yes,no,cellular,17,apr,183,1,-1,0,unknown,no,2025-09-03 00:00:00
52,management,single,tertiary,no,1205,no,no,telephone,19,aug,18,20,-1,0,unknown,no,2025-09-03 01:00:00
58,retired,married,primary,no,0,yes,no,unknown,23,may,138,6,-1,0,unknown,no,2025-09-03 02:00:00
31,technician,single,tertiary,no,1887,no,yes,cellular,20,nov,225,2,183,1,failure,no,2025-09-03 03:00:00
34,technician,single,secondary,no,664,yes,yes,cellular,11,may,88,2,343,2,other,no,2025-09-03 04:00:00
31,self-employed,single,tertiary,no,283,no,no,cellular,1,jun,134,1,-1,0,unknown,no,2025-09-03 05:00:00
34,admin.,single,secondary,no,2677,yes,no,cellular,20,nov,259,1,-1,0,unknown,no,2025-09-03 06:00:00
69,housemaid,married,primary,no,1080,no,no,cellular,22,apr,164,2,-1,0,unknown,no,2025-09-03 07:00:00
60,entrepreneur,married,unknown,yes,-284,yes,yes,cellular,4,aug,67,8,-1,0,unknown,no,2025-09-03 08:00:00
41,services,married,secondary,no,2399,yes,no,cellular,15,may,303,2,351,2,failure,no,2025-09-03 09:00:00
35,admin.,divorced,secondary,no,30,no,no,unknown,23,may,186,1,-1,0,unknown,no,2025-09-03 10:00:00
56,retired,married,secondary,no,277,no,no,cellular,4,aug,143,1,-1,0,unknown,no,2025-09-03 11:00:00
47,admin.,married,secondary,no,-1091,yes,yes,cellular,31,jul,153,4,-1,0,unknown,no,2025-09-03 12:00:00
18,student,single,unknown,no,108,no,no,cellular,9,feb,92,1,183,1,success,yes,2025-09-03 13:00:00
38,unemployed,married,primary,no,311,no,no,telephone,31,jul,80,11,-1,0,unknown,no,2025-09-03 14:00:00
44,blue-collar,married,secondary,no,406,yes,no,unknown,4,jun,222,1,-1,0,unknown,no,2025-09-03 15:00:00
33,admin.,single,secondary,no,352,yes,no,unknown,5,may,225,2,-1,0,unknown,no,2025-09-03 16:00:00
27,blue-collar,married,unknown,no,-442,yes,no,unknown,30,may,85,7,-1,0,unknown,no,2025-09-03 17:00:00
31,technician,single,secondary,no,2388,no,no,cellular,5,aug,123,1,-1,0,unknown,no,2025-09-03 18:00:00
58,retired,married,primary,no,657,yes,no,unknown,12,jun,128,2,-1,0,unknown,no,2025-09-03 19:00:00
42,management,married,tertiary,no,24780,no,no,cellular,6,aug,184,2,-1,0,unknown,no,2025-09-03 20:00:00
52,management,married,tertiary,no,2635,no,no,cellular,6,sep,313,1,108,8,success,no,2025-09-03 21:00:00
50,entrepreneur,married,tertiary,no,-52,yes,no,unknown,14,may,166,4,-1,0,unknown,no,2025-09-03 22:00:00
54,retired,married,secondary,no,522,no,yes,cellular,14,jul,81,3,-1,0,unknown,no,2025-09-03 23:00:00
58,technician,married,unknown,no,49,yes,no,unknown,15,may,75,2,-1,0,unknown,no,2025-09-04 00:00:00
36,blue-collar,single,secondary,no,219,yes,yes,cellular,11,may,270,2,347,1,failure,no,2025-09-04 01:00:00
37,management,married,tertiary,no,1125,yes,no,unknown,3,jun,301,1,-1,0,unknown,no,2025-09-04 02:00:00
27,technician,married,secondary,no,374,yes,no,unknown,19,may,188,2,-1,0,unknown,no,2025-09-04 03:00:00
71,housemaid,married,primary,no,227,no,no,cellular,8,apr,74,1,-1,0,unknown,no,2025-09-04 04:00:00
61,blue-collar,divorced,primary,no,1428,yes,no,unknown,5,may,82,2,-1,0,unknown,no,2025-09-04 05:00:00
28,technician,single,secondary,no,2335,no,no,cellular,13,may,624,1,-1,0,unknown,yes,2025-09-04 06:00:00
28,technician,single,secondary,no,154,yes,no,cellular,18,feb,416,2,-1,0,unknown,yes,2025-09-04 07:00:00
39,management,married,primary,no,197,yes,no,cellular,15,may,193,1,-1,0,unknown,no,2025-09-04 08:00:00
51,blue-collar,divorced,unknown,no,10287,yes,no,unknown,29,may,117,1,-1,0,unknown,no,2025-09-04 09:00:00
59,management,married,tertiary,no,1831,no,no,cellular,26,may,245,2,98,2,failure,no,2025-09-04 10:00:00
32,technician,divorced,secondary,no,18,no,no,unknown,26,may,52,1,-1,0,unknown,no,2025-09-04 11:00:00
31,technician,single,secondary,no,147,yes,no,unknown,7,may,374,1,-1,0,unknown,no,2025-09-04 12:00:00
46,admin.,divorced,secondary,no,3163,no,no,cellular,21,nov,128,3,-1,0,unknown,no,2025-09-04 13:00:00
36,management,divorced,tertiary,no,608,no,no,cellular,26,aug,125,2,-1,0,unknown,no,2025-09-04 14:00:00
40,blue-collar,single,secondary,no,82,yes,no,cellular,13,may,135,6,370,5,failure,no,2025-09-04 15:00:00
44,management,married,tertiary,no,254,no,no,cellular,26,aug,224,6,-1,0,unknown,no,2025-09-04 16:00:00
38,management,married,tertiary,no,630,no,no,cellular,2,sep,362,1,388,3,other,yes,2025-09-04 17:00:00
56,blue-collar,married,secondary,no,3460,yes,no,cellular,3,jul,897,3,-1,0,unknown,no,2025-09-04 18:00:00
33,management,single,tertiary,no,1150,yes,no,telephone,12,may,109,2,-1,0,unknown,no,2025-09-04 19:00:00
36,management,married,tertiary,no,0,yes,no,cellular,21,nov,72,3,29,4,success,no,2025-09-04 20:00:00
50,self-employed,married,tertiary,no,1503,no,no,cellular,27,aug,128,12,-1,0,unknown,no,2025-09-04 21:00:00
66,retired,married,tertiary,no,0,no,no,cellular,5,aug,177,1,-1,0,unknown,no,2025-09-04 22:00:00
34,blue-collar,married,primary,no,1524,yes,no,cellular,20,nov,57,3,-1,0,unknown,no,2025-09-04 23:00:00
54,blue-collar,married,secondary,no,1070,no,no,cellular,18,nov,373,4,-1,0,unknown,no,2025-09-05 00:00:00
60,management,divorced,secondary,no,151,no,no,cellular,6,aug,160,4,-1,0,unknown,no,2025-09-05 01:00:00
33,management,married,tertiary,no,812,no,no,cellular,22,dec,396,1,-1,0,unknown,no,2025-09-05 02:00:00
57,entrepreneur,married,tertiary,no,958,no,no,unknown,6,jun,250,2,-1,0,unknown,no,2025-09-05 03:00:00
48,blue-collar,married,secondary,no,1513,no,yes,cellular,17,jul,1171,1,-1,0,unknown,no,2025-09-05 04:00:00
48,self-employed,married,secondary,no,91,no,no,cellular,21,aug,136,8,-1,0,unknown,no,2025-09-05 05:00:00
27,blue-collar,married,primary,no,-443,no,yes,cellular,21,jul,93,4,-1,0,unknown,no,2025-09-05 06:00:00
46,blue-collar,single,primary,no,3046,yes,yes,cellular,18,nov,84,1,183,1,other,no,2025-09-05 07:00:00
35,technician,single,secondary,no,-196,yes,no,cellular,18,may,45,2,-1,0,unknown,no,2025-09-05 08:00:00
32,services,single,primary,no,1806,no,yes,cellular,21,jul,126,4,-1,0,unknown,no,2025-09-05 09:00:00
33,blue-collar,divorced,secondary,no,865,yes,no,cellular,18,may,158,2,-1,0,unknown,no,2025-09-05 10:00:00
40,technician,married,secondary,no,-312,yes,no,unknown,28,may,198,1,-1,0,unknown,no,2025-09-05 11:00:00
72,admin.,married,primary,no,2321,no,no,cellular,12,jul,200,6,122,6,other,no,2025-09-05 12:00:00
39,services,married,secondary,no,0,yes,no,cellular,8,may,503,1,-1,0,unknown,no,2025-09-05 13:00:00
39,services,married,secondary,no,946,yes,no,cellular,17,apr,295,2,-1,0,unknown,no,2025-09-05 14:00:00
52,management,married,tertiary,no,575,no,no,unknown,3,jun,315,1,-1,0,unknown,no,2025-09-05 15:00:00
52,blue-collar,single,secondary,no,2430,yes,yes,unknown,27,jun,185,3,-1,0,unknown,no,2025-09-05 16:00:00
32,technician,married,secondary,no,1337,no,no,unknown,26,may,368,6,-1,0,unknown,no,2025-09-05 17:00:00
34,services,married,primary,no,1042,yes,no,unknown,20,may,167,1,-1,0,unknown,no,2025-09-05 18:00:00
46,services,married,secondary,no,198,no,yes,unknown,5,jun,49,1,-1,0,unknown,no,2025-09-05 19:00:00
59,retired,divorced,secondary,no,337,yes,no,unknown,15,may,118,4,-1,0,unknown,no,2025-09-05 20:00:00
42,housemaid,married,primary,no,2328,no,no,cellular,20,aug,133,2,-1,0,unknown,no,2025-09-05 21:00:00
51,management,married,tertiary,no,10995,yes,no,cellular,19,nov,220,2,-1,0,unknown,no,2025-09-05 22:00:00
78,retired,divorced,primary,no,527,no,no,cellular,16,sep,193,1,-1,0,unknown,yes,2025-09-05 23:00:00
41,admin.,married,secondary,no,1705,no,no,cellular,30,jul,92,3,-1,0,unknown,no,2025-09-06 00:00:00
40,blue-collar,married,secondary,no,1386,yes,yes,cellular,20,apr,396,3,151,4,other,no,2025-09-06 01:00:00
24,blue-collar,single,secondary,no,167,no,yes,cellular,25,may,288,1,96,2,success,yes,2025-09-06 02:00:00
30,management,single,tertiary,no,370,no,no,cellular,22,aug,64,2,-1,0,unknown,no,2025-09-06 03:00:00
46,management,divorced,tertiary,no,134,no,no,cellular,19,aug,134,2,-1,0,unknown,no,2025-09-06 04:00:00
39,self-employed,single,tertiary,no,426,no,no,unknown,18,jun,1029,1,-1,0,unknown,yes,2025-09-06 05:00:00
47,admin.,married,secondary,no,104,yes,yes,cellular,14,jul,77,2,-1,0,unknown,no,2025-09-06 06:00:00
40,blue-collar,married,primary,no,2502,yes,no,cellular,18,may,205,1,-1,0,unknown,no,2025-09-06 07:00:00
34,admin.,single,secondary,no,66,yes,no,unknown,26,may,237,1,-1,0,unknown,no,2025-09-06 08:00:00
44,blue-collar,married,secondary,no,0,no,no,cellular,30,jul,684,2,-1,0,unknown,yes,2025-09-06 09:00:00
44,services,married,secondary,no,26,yes,no,unknown,2,jun,119,9,-1,0,unknown,no,2025-09-06 10:00:00
49,management,married,tertiary,no,0,yes,no,cellular,18,nov,102,1,-1,0,unknown,no,2025-09-06 11:00:00
45,technician,married,secondary,no,2403,no,no,cellular,21,nov,207,1,-1,0,unknown,no,2025-09-06 12:00:00
34,housemaid,married,tertiary,no,11219,no,no,cellular,25,may,112,1,-1,0,unknown,no,2025-09-06 13:00:00
35,self-employed,married,tertiary,yes,28,no,yes,cellular,8,jul,259,1,-1,0,unknown,no,2025-09-06 14:00:00
51,blue-collar,married,primary,no,581,yes,no,cellular,11,may,282,1,-1,0,unknown,no,2025-09-06 15:00:00
53,management,married,tertiary,no,8627,no,no,cellular,10,feb,66,1,-1,0,unknown,no,2025-09-06 16:00:00
30,management,married,tertiary,no,877,no,no,cellular,13,aug,202,1,83,5,failure,no,2025-09-06 17:00:00
31,management,single,tertiary,no,34,yes,no,cellular,28,jul,127,4,-1,0,unknown,no,2025-09-06 18:00:00
53,management,married,tertiary,no,0,yes,no,cellular,9,jul,296,1,-1,0,unknown,no,2025-09-06 19:00:00
38,technician,married,secondary,no,226,yes,no,unknown,30,may,762,3,-1,0,unknown,yes,2025-09-06 20:00:00
39,blue-collar,married,primary,no,3324,no,no,cellular,17,nov,96,1,131,1,failure,no,2025-09-06 21:00:00
44,self-employed,divorced,tertiary,no,1070,yes,no,cellular,30,apr,381,1,160,2,other,yes,2025-09-06 22:00:00
21,admin.,single,tertiary,no,242,no,yes,cellular,26,mar,131,4,-1,0,unknown,no,2025-09-06 23:00:00
34,services,married,secondary,no,196,no,no,cellular,6,feb,59,3,-1,0,unknown,no,2025-09-07 00:00:00
46,blue-collar,married,secondary,no,1934,yes,no,unknown,13,may,20,1,-1,0,unknown,no,2025-09-07 01:00:00
50,management,married,tertiary,no,0,no,no,unknown,17,jun,117,3,-1,0,unknown,no,2025-09-07 02:00:00
36,technician,married,secondary,no,1345,yes,no,cellular,18,nov,82,1,172,3,failure,no,2025-09-07 03:00:00
47,blue-collar,married,primary,no,0,no,no,cellular,26,aug,292,2,-1,0,unknown,no,2025-09-07 04:00:00
39,housemaid,married,tertiary,no,2990,no,no,telephone,30,apr,127,4,-1,0,unknown,no,2025-09-07 05:00:00
34,management,single,tertiary,no,76,yes,no,cellular,13,may,747,2,371,3,failure,yes,2025-09-07 06:00:00
30,technician,single,secondary,no,-123,no,yes,cellular,21,aug,120,2,-1,0,unknown,no,2025-09-07 07:00:00
31,management,single,tertiary,no,816,yes,no,cellular,16,apr,339,1,-1,0,unknown,no,2025-09-07 08:00:00
42,admin.,divorced,secondary,yes,723,no,no,cellular,20,nov,298,2,112,2,other,no,2025-09-07 09:00:00
35,management,single,tertiary,no,2576,yes,yes,cellular,6,may,136,3,273,4,failure,no,2025-09-07 10:00:00
31,management,married,tertiary,no,22867,yes,no,unknown,27,may,241,2,-1,0,unknown,no,2025-09-07 11:00:00
48,admin.,married,secondary,no,811,no,yes,cellular,8,aug,149,2,-1,0,unknown,no,2025-09-07 12:00:00
42,services,divorced,secondary,no,257,yes,no,cellular,12,may,955,2,-1,0,unknown,yes,2025-09-07 13:00:00
36,admin.,divorced,secondary,no,592,no,no,cellular,14,jan,96,7,93,7,success,no,2025-09-07 14:00:00
56,services,married,tertiary,no,3480,no,no,cellular,4,aug,124,1,-1,0,unknown,no,2025-09-07 15:00:00
40,technician,married,secondary,no,169,yes,no,cellular,18,aug,43,4,-1,0,unknown,no,2025-09-07 16:00:00
39,technician,married,secondary,no,116,no,no,cellular,24,aug,79,2,94,2,success,no,2025-09-07 17:00:00
34,management,married,tertiary,no,0,yes,no,unknown,20,may,150,1,-1,0,unknown,no,2025-09-07 18:00:00
32,technician,married,secondary,no,687,no,no,cellular,20,aug,161,4,-1,0,unknown,no,2025-09-07 19:00:00
37,retired,married,secondary,no,71,no,yes,cellular,8,may,254,1,-1,0,unknown,no,2025-09-07 20:00:00
39,admin.,married,secondary,no,217,yes,no,cellular,8,apr,284,1,308,4,failure,no,2025-09-07 21:00:00
35,management,single,tertiary,no,2015,no,no,cellular,15,jun,60,1,390,1,failure,no,2025-09-07 22:00:00
43,services,single,secondary,no,66,yes,no,cellular,8,may,198,1,-1,0,unknown,no,2025-09-07 23:00:00
31,blue-collar,married,secondary,no,30,yes,no,unknown,11,jun,172,14,-1,0,unknown,no,2025-09-08 00:00:00
41,blue-collar,married,primary,no,449,yes,no,cellular,20,apr,10,6,-1,0,unknown,no,2025-09-08 01:00:00
50,admin.,divorced,secondary,no,3423,yes,yes,unknown,4,jun,192,6,-1,0,unknown,no,2025-09-08 02:00:00
32,technician,single,secondary,no,483,no,no,cellular,8,aug,580,3,-1,0,unknown,yes,2025-09-08 03:00:00
54,blue-collar,married,secondary,no,497,yes,no,cellular,25,aug,150,4,-1,0,unknown,no,2025-09-08 04:00:00
45,admin.,divorced,secondary,no,-288,no,yes,cellular,9,jul,192,2,-1,0,unknown,no,2025-09-08 05:00:00
27,blue-collar,single,primary,no,140,no,no,telephone,28,jan,183,2,-1,0,unknown,no,2025-09-08 06:00:00
31,technician,divorced,secondary,no,342,yes,no,unknown,30,may,34,2,-1,0,unknown,no,2025-09-08 07:00:00
44,self-employed,divorced,secondary,no,8,no,no,cellular,26,jul,423,4,-1,0,unknown,yes,2025-09-08 08:00:00
40,admin.,married,secondary,yes,94,no,no,cellular,29,jul,117,2,-1,0,unknown,no,2025-09-08 09:00:00
45,management,married,tertiary,no,1199,no,no,telephone,3,feb,221,2,-1,0,unknown,no,2025-09-08 10:00:00
48,services,married,unknown,no,1705,yes,no,unknown,5,may,107,1,-1,0,unknown,no,2025-09-08 11:00:00
44,management,married,secondary,no,781,yes,no,cellular,12,aug,112,5,-1,0,unknown,no,2025-09-08 12:00:00
29,management,single,tertiary,no,1739,yes,no,cellular,3,jun,114,1,-1,0,unknown,no,2025-09-08 13:00:00
28,admin.,single,secondary,no,0,yes,yes,cellular,18,may,390,5,-1,0,unknown,yes,2025-09-08 14:00:00
44,admin.,married,secondary,no,429,yes,no,cellular,28,jan,99,1,246,4,failure,no,2025-09-08 15:00:00
43,management,divorced,tertiary,no,-173,no,yes,cellular,18,aug,119,7,-1,0,unknown,no,2025-09-08 16:00:00
36,services,married,tertiary,no,702,yes,no,cellular,13,may,52,4,-1,0,unknown,no,2025-09-08 17:00:00
48,management,married,tertiary,no,2,no,no,cellular,15,sep,103,1,91,2,failure,no,2025-09-08 18:00:00
57,housemaid,married,secondary,no,271,no,no,cellular,31,jul,81,4,-1,0,unknown,no,2025-09-08 19:00:00
36,technician,married,secondary,no,483,yes,no,cellular,11,may,179,1,304,2,failure,no,2025-09-08 20:00:00
28,student,single,secondary,no,1350,yes,no,cellular,2,apr,173,2,-1,0,unknown,no,2025-09-08 21:00:00
34,blue-collar,married,primary,no,765,yes,no,unknown,3,jun,111,7,-1,0,unknown,no,2025-09-08 22:00:00
43,self-employed,married,tertiary,yes,310,yes,no,cellular,11,may,84,7,-1,0,unknown,no,2025-09-08 23:00:00
37,services,single,secondary,no,248,yes,no,cellular,10,feb,77,1,279,2,failure,no,2025-09-09 00:00:00
59,retired,divorced,secondary,no,914,no,no,cellular,28,jan,192,1,-1,0,unknown,no,2025-09-09 01:00:00
42,management,married,tertiary,no,744,no,no,unknown,6,may,157,1,-1,0,unknown,no,2025-09-09 02:00:00
36,admin.,single,secondary,no,281,no,no,cellular,9,jul,225,2,-1,0,unknown,no,2025-09-09 03:00:00
35,technician,divorced,tertiary,no,1718,yes,yes,cellular,17,nov,74,1,167,16,other,no,2025-09-09 04:00:00
60,management,married,tertiary,no,79,no,no,unknown,11,jun,48,3,-1,0,unknown,no,2025-09-09 05:00:00
36,management,single,tertiary,no,479,no,no,cellular,9,feb,629,2,-1,0,unknown,yes,2025-09-09 06:00:00
55,technician,single,secondary,no,11,no,no,unknown,20,jun,14,2,-1,0,unknown,no,2025-09-09 07:00:00
53,technician,married,tertiary,no,431,yes,no,unknown,11,jun,74,1,-1,0,unknown,no,2025-09-09 08:00:00
54,admin.,married,unknown,no,1044,yes,no,cellular,29,jul,597,5,-1,0,unknown,no,2025-09-09 09:00:00
32,management,single,tertiary,no,863,yes,no,unknown,20,may,264,1,-1,0,unknown,no,2025-09-09 10:00:00
30,management,single,tertiary,no,2,yes,yes,cellular,13,may,305,8,-1,0,unknown,no,2025-09-09 11:00:00
39,unemployed,married,tertiary,no,201,no,no,cellular,3,jun,699,1,119,1,failure,yes,2025-09-09 12:00:00
47,admin.,married,secondary,no,0,no,yes,cellular,29,jun,238,1,139,4,failure,no,2025-09-09 13:00:00
46,management,married,tertiary,no,1514,no,no,cellular,7,aug,94,2,-1,0,unknown,no,2025-09-09 14:00:00
59,technician,divorced,secondary,no,2735,no,no,cellular,3,feb,213,2,-1,0,unknown,no,2025-09-09 15:00:00
32,blue-collar,married,primary,no,225,yes,no,unknown,23,may,23,1,-1,0,unknown,no,2025-09-09 16:00:00
34,admin.,married,secondary,no,-44,yes,yes,cellular,17,apr,759,2,-1,0,unknown,no,2025-09-09 17:00:00
29,blue-collar,married,secondary,no,247,no,yes,cellular,6,feb,204,2,214,1,failure,no,2025-09-09 18:00:00
36,management,married,tertiary,no,1113,no,no,cellular,1,sep,212,1,-1,0,unknown,yes,2025-09-09 19:00:00
26,blue-collar,single,secondary,no,1006,yes,no,cellular,14,may,667,1,-1,0,unknown,yes,2025-09-09 20:00:00
35,admin.,married,secondary,no,1,yes,yes,cellular,5,may,58,1,-1,0,unknown,no,2025-09-09 21:00:00
50,unemployed,single,secondary,no,588,no,no,cellular,31,jul,649,3,-1,0,unknown,no,2025-09-09 22:00:00
33,management,single,secondary,no,-424,yes,no,unknown,26,may,863,1,-1,0,unknown,no,2025-09-09 23:00:00
40,management,divorced,tertiary,no,862,yes,no,cellular,13,aug,98,2,-1,0,unknown,no,2025-09-10 00:00:00
50,management,married,tertiary,no,11528,yes,no,unknown,30,may,57,1,-1,0,unknown,no,2025-09-10 01:00:00
45,housemaid,single,primary,no,959,yes,no,telephone,6,feb,156,2,-1,0,unknown,no,2025-09-10 02:00:00
27,admin.,single,secondary,no,914,no,no,cellular,8,jul,131,2,-1,0,unknown,no,2025-09-10 03:00:00
58,technician,married,primary,no,4015,no,no,unknown,20,jun,106,3,-1,0,unknown,no,2025-09-10 04:00:00
33,management,single,tertiary,no,561,no,no,cellular,7,apr,104,1,-1,0,unknown,no,2025-09-10 05:00:00
42,blue-collar,divorced,primary,no,301,yes,no,cellular,17,jul,1175,2,-1,0,unknown,yes,2025-09-10 06:00:00
38,technician,married,secondary,no,508,yes,no,cellular,18,nov,722,3,175,2,failure,no,2025-09-10 07:00:00
33,self-employed,married,tertiary,no,1545,yes,no,unknown,21,may,357,2,-1,0,unknown,no,2025-09-10 08:00:00
37,blue-collar,married,secondary,no,1407,yes,no,cellular,21,nov,14,7,-1,0,unknown,no,2025-09-10 09:00:00
30,technician,married,secondary,no,1660,yes,no,cellular,30,apr,236,1,-1,0,unknown,no,2025-09-10 10:00:00
57,technician,married,secondary,no,3071,yes,yes,cellular,7,may,63,3,-1,0,unknown,no,2025-09-10 11:00:00
57,services,divorced,secondary,no,-752,yes,no,unknown,28,may,102,1,-1,0,unknown,no,2025-09-10 12:00:00
43,blue-collar,married,primary,no,186,yes,no,unknown,8,may,178,1,-1,0,unknown,no,2025-09-10 13:00:00
48,blue-collar,married,primary,no,5172,yes,no,unknown,27,may,144,7,-1,0,unknown,no,2025-09-10 14:00:00
55,technician,divorced,secondary,no,35,yes,no,cellular,20,aug,126,4,-1,0,unknown,no,2025-09-10 15:00:00
37,services,single,secondary,no,-111,yes,no,cellular,13,may,147,4,-1,0,unknown,no,2025-09-10 16:00:00
42,technician,single,secondary,no,1977,no,no,cellular,17,jul,72,6,-1,0,unknown,no,2025-09-10 17:00:00
41,self-employed,single,tertiary,no,-94,yes,no,cellular,4,feb,1164,1,203,1,failure,yes,2025-09-10 18:00:00
37,admin.,married,secondary,no,764,yes,no,cellular,16,jul,108,5,-1,0,unknown,no,2025-09-10 19:00:00
54,services,married,secondary,no,0,no,no,unknown,19,jun,220,1,-1,0,unknown,no,2025-09-10 20:00:00
33,technician,single,tertiary,no,389,no,no,telephone,18,aug,79,2,-1,0,unknown,no,2025-09-10 21:00:00
54,retired,married,secondary,no,883,no,no,telephone,5,feb,305,4,-1,0,unknown,no,2025-09-10 22:00:00
31,management,single,tertiary,no,1852,yes,no,unknown,6,may,170,3,-1,0,unknown,no,2025-09-10 23:00:00
42,admin.,single,secondary,no,243,yes,no,unknown,14,may,46,5,-1,0,unknown,no,2025-09-11 00:00:00
45,management,married,primary,no,0,no,yes,unknown,12,jun,54,1,-1,0,unknown,no,2025-09-11 01:00:00
53,technician,married,secondary,no,1776,no,no,unknown,18,jun,443,7,-1,0,unknown,no,2025-09-11 02:00:00
36,blue-collar,single,primary,no,79,no,no,unknown,20,jun,9,3,-1,0,unknown,no,2025-09-11 03:00:00
32,management,single,tertiary,no,1017,no,no,cellular,15,jul,166,7,163,1,failure,no,2025-09-11 04:00:00
39,blue-collar,married,secondary,no,0,yes,no,unknown,29,may,209,3,-1,0,unknown,no,2025-09-11 05:00:00
57,retired,married,primary,no,2927,no,yes,telephone,30,jul,78,5,-1,0,unknown,no,2025-09-11 06:00:00
44,retired,married,secondary,no,902,no,no,unknown,26,may,206,1,-1,0,unknown,no,2025-09-11 07:00:00
24,blue-collar,married,secondary,no,1470,yes,no,cellular,12,may,212,1,-1,0,unknown,no,2025-09-11 08:00:00
26,management,single,tertiary,no,155,yes,no,cellular,27,may,74,4,43,5,other,no,2025-09-11 09:00:00
50,blue-collar,married,unknown,no,1537,no,no,unknown,17,jun,24,6,-1,0,unknown,no,2025-09-11 10:00:00
36,admin.,married,tertiary,no,586,yes,no,cellular,28,jan,126,1,-1,0,unknown,no,2025-09-11 11:00:00
57,housemaid,divorced,tertiary,no,3767,no,no,cellular,2,feb,19,6,-1,0,unknown,no,2025-09-11 12:00:00
48,management,single,tertiary,no,5689,no,no,cellular,12,feb,262,1,-1,0,unknown,yes,2025-09-11 13:00:00
27,admin.,married,secondary,no,710,yes,yes,cellular,6,may,653,1,334,2,success,yes,2025-09-11 14:00:00
39,technician,single,secondary,no,1104,no,no,cellular,7,aug,395,2,-1,0,unknown,yes,2025-09-11 15:00:00
31,blue-collar,married,primary,no,63,yes,no,cellular,12,may,256,1,-1,0,unknown,no,2025-09-11 16:00:00
47,services,married,unknown,no,12839,yes,no,cellular,7,may,50,1,171,4,failure,no,2025-09-11 17:00:00
42,management,divorced,tertiary,no,0,no,no,unknown,20,jun,85,2,-1,0,unknown,no,2025-09-11 18:00:00
41,technician,married,secondary,no,767,yes,yes,unknown,6,may,204,1,-1,0,unknown,no,2025-09-11 19:00:00
41,blue-collar,married,secondary,no,795,yes,no,unknown,2,jun,147,1,-1,0,unknown,no,2025-09-11 20:00:00
33,admin.,married,secondary,no,372,yes,no,unknown,16,jun,106,10,-1,0,unknown,no,2025-09-11 21:00:00
30,technician,single,secondary,no,458,no,no,cellular,20,nov,51,7,-1,0,unknown,no,2025-09-11 22:00:00
26,student,single,tertiary,no,2,no,no,cellular,30,apr,120,2,-1,0,unknown,no,2025-09-11 23:00:00
54,management,divorced,tertiary,no,192,yes,no,unknown,28,may,157,3,-1,0,unknown,no,2025-09-12 00:00:00
26,student,single,secondary,no,3096,yes,no,unknown,14,may,107,1,-1,0,unknown,no,2025-09-12 01:00:00
38,technician,single,secondary,no,1255,yes,no,cellular,6,may,120,1,170,4,failure,no,2025-09-12 02:00:00
35,admin.,married,secondary,no,3863,yes,no,cellular,14,may,125,1,175,1,failure,no,2025-09-12 03:00:00
40,admin.,married,secondary,no,1011,yes,no,cellular,8,jul,145,12,-1,0,unknown,no,2025-09-12 04:00:00
34,self-employed,married,primary,no,7468,yes,yes,cellular,30,apr,383,1,-1,0,unknown,yes,2025-09-12 05:00:00
38,technician,single,secondary,no,0,yes,no,unknown,6,jun,64,1,-1,0,unknown,no,2025-09-12 06:00:00
27,blue-collar,single,secondary,yes,-27,no,no,unknown,23,jun,498,2,-1,0,unknown,yes,2025-09-12 07:00:00
30,technician,single,secondary,no,8826,yes,no,cellular,20,apr,90,3,151,3,other,no,2025-09-12 08:00:00
30,management,single,tertiary,no,2344,yes,no,cellular,20,oct,316,2,92,3,failure,no,2025-09-12 09:00:00
37,services,married,secondary,no,1694,yes,yes,cellular,29,jan,404,2,251,6,failure,no,2025-09-12 10:00:00
23,management,single,tertiary,no,2605,yes,no,unknown,7,may,278,6,-1,0,unknown,no,2025-09-12 11:00:00
54,blue-collar,married,secondary,no,219,yes,no,unknown,14,may,341,5,-1,0,unknown,no,2025-09-12 12:00:00
51,admin.,married,secondary,no,-192,no,no,unknown,16,jun,176,3,-1,0,unknown,no,2025-09-12 13:00:00
44,services,married,secondary,yes,-146,yes,no,cellular,11,jul,256,2,-1,0,unknown,no,2025-09-12 14:00:00
34,services,married,secondary,no,295,yes,yes,cellular,4,jul,64,1,-1,0,unknown,no,2025-09-12 15:00:00
60,retired,married,secondary,no,0,no,no,cellular,15,jul,94,3,-1,0,unknown,no,2025-09-12 16:00:00
30,management,married,secondary,no,678,yes,no,unknown,15,may,236,4,-1,0,unknown,no,2025-09-12 17:00:00
48,services,married,primary,no,0,yes,no,cellular,20,apr,90,2,259,1,failure,no,2025-09-12 18:00:00
36,management,single,tertiary,no,688,no,no,cellular,2,jun,126,1,120,1,failure,no,2025-09-12 19:00:00
27,admin.,single,secondary,no,349,yes,no,unknown,27,may,165,3,-1,0,unknown,no,2025-09-12 20:00:00
39,admin.,married,secondary,no,1577,yes,no,unknown,4,jun,282,15,-1,0,unknown,no,2025-09-12 21:00:00
38,admin.,married,secondary,no,70,no,yes,unknown,2,jul,199,1,-1,0,unknown,no,2025-09-12 22:00:00
46,management,married,tertiary,no,1950,no,no,cellular,4,sep,56,2,-1,0,unknown,no,2025-09-12 23:00:00
40,admin.,single,secondary,no,118,yes,no,unknown,8,may,383,3,-1,0,unknown,no,2025-09-13 00:00:00
42,management,married,primary,no,860,yes,no,unknown,15,may,90,3,-1,0,unknown,no,2025-09-13 01:00:00
48,services,married,secondary,no,51,yes,yes,cellular,2,feb,90,1,262,1,failure,no,2025-09-13 02:00:00
49,unknown,married,secondary,no,1269,no,no,cellular,12,aug,117,9,-1,0,unknown,no,2025-09-13 03:00:00
43,unemployed,married,secondary,no,775,no,no,cellular,30,apr,488,1,-1,0,unknown,no,2025-09-13 04:00:00
53,services,married,primary,no,6,no,no,cellular,22,aug,80,2,-1,0,unknown,no,2025-09-13 05:00:00
54,services,married,secondary,no,-22,no,yes,cellular,9,jul,85,1,-1,0,unknown,no,2025-09-13 06:00:00
36,management,single,tertiary,no,490,no,no,cellular,28,aug,207,8,98,1,failure,yes,2025-09-13 07:00:00
34,management,married,tertiary,no,812,no,no,cellular,27,sep,156,2,279,1,failure,no,2025-09-13 08:00:00
40,blue-collar,married,primary,no,3462,yes,no,cellular,9,feb,171,3,277,4,other,no,2025-09-13 09:00:00
59,retired,divorced,secondary,no,602,no,no,unknown,20,jun,89,3,-1,0,unknown,no,2025-09-13 10:00:00
47,admin.,married,secondary,no,3480,no,no,cellular,16,apr,443,1,-1,0,unknown,yes,2025-09-13 11:00:00
30,management,single,tertiary,no,2766,yes,yes,cellular,20,nov,244,1,-1,0,unknown,no,2025-09-13 12:00:00
30,services,divorced,secondary,no,98,yes,no,unknown,7,may,155,1,-1,0,unknown,no,2025-09-13 13:00:00
30,management,single,tertiary,no,2419,no,yes,cellular,5,jun,213,2,-1,0,unknown,no,2025-09-13 14:00:00
52,admin.,divorced,secondary,no,1049,no,yes,unknown,4,jun,80,6,-1,0,unknown,no,2025-09-13 15:00:00
31,management,single,tertiary,no,391,yes,no,cellular,12,aug,454,3,-1,0,unknown,no,2025-09-13 16:00:00
33,unemployed,single,tertiary,no,850,no,no,cellular,4,may,324,3,-1,0,unknown,no,2025-09-13 17:00:00
27,blue-collar,married,secondary,no,1341,yes,yes,unknown,30,may,254,2,-1,0,unknown,no,2025-09-13 18:00:00
35,management,married,tertiary,no,416,no,no,cellular,7,aug,163,4,-1,0,unknown,no,2025-09-13 19:00:00
28,self-employed,single,secondary,no,1166,no,yes,cellular,30,jan,177,3,192,3,other,no,2025-09-13 20:00:00
44,technician,divorced,tertiary,no,9192,yes,no,unknown,6,jun,59,3,-1,0,unknown,no,2025-09-13 21:00:00
39,blue-collar,married,primary,no,4166,no,no,unknown,16,jun,314,3,-1,0,unknown,no,2025-09-13 22:00:00
36,housemaid,married,tertiary,yes,-1941,yes,no,unknown,16,jun,505,1,-1,0,unknown,no,2025-09-13 23:00:00
40,management,single,primary,no,858,yes,no,unknown,21,may,173,1,-1,0,unknown,no,2025-09-14 00:00:00
58,retired,married,secondary,no,166,no,yes,unknown,3,jul,211,1,-1,0,unknown,no,2025-09-14 01:00:00
50,management,single,tertiary,no,709,yes,no,cellular,8,may,207,1,-1,0,unknown,no,2025-09-14 02:00:00
29,blue-collar,single,secondary,no,922,yes,no,cellular,18,may,72,1,-1,0,unknown,no,2025-09-14 03:00:00
42,services,married,secondary,no,120,yes,no,cellular,17,apr,179,1,-1,0,unknown,no,2025-09-14 04:00:00
44,management,married,tertiary,no,-692,no,yes,cellular,21,nov,52,2,-1,0,unknown,no,2025-09-14 05:00:00
52,services,divorced,secondary,no,289,yes,yes,telephone,6,feb,102,5,-1,0,unknown,no,2025-09-14 06:00:00
28,blue-collar,married,primary,no,103,yes,no,unknown,20,jun,41,28,-1,0,unknown,no,2025-09-14 07:00:00
46,blue-collar,divorced,secondary,no,931,no,yes,cellular,20,nov,90,2,-1,0,unknown,no,2025-09-14 08:00:00
31,services,married,secondary,no,1801,yes,no,telephone,6,feb,136,1,274,2,failure,no,2025-09-14 09:00:00
59,housemaid,divorced,primary,no,502,yes,no,telephone,14,may,27,3,-1,0,unknown,no,2025-09-14 10:00:00
54,services,married,secondary,no,869,no,no,cellular,14,aug,152,2,-1,0,unknown,no,2025-09-14 11:00:00
52,management,married,secondary,no,173,no,no,unknown,23,may,48,5,-1,0,unknown,no,2025-09-14 12:00:00
34,management,single,tertiary,no,5,no,no,cellular,18,aug,370,2,-1,0,unknown,yes,2025-09-14 13:00:00
44,services,married,secondary,no,163,yes,no,cellular,17,nov,73,1,-1,0,unknown,no,2025-09-14 14:00:00
66,management,married,tertiary,no,2169,no,no,cellular,7,jul,282,1,-1,0,unknown,no,2025-09-14 15:00:00
27,admin.,married,secondary,no,4,yes,no,unknown,6,may,243,1,-1,0,unknown,no,2025-09-14 16:00:00
40,unemployed,divorced,secondary,no,6322,no,no,cellular,4,feb,459,1,272,1,failure,no,2025-09-14 17:00:00
33,technician,divorced,secondary,no,2,yes,no,cellular,7,may,600,2,330,17,failure,no,2025-09-14 18:00:00
50,unemployed,married,secondary,no,3674,yes,no,unknown,30,may,886,3,-1,0,unknown,yes,2025-09-14 19:00:00
43,blue-collar,married,primary,no,547,no,yes,unknown,9,jun,96,6,-1,0,unknown,no,2025-09-14 20:00:00
49,housemaid,married,secondary,no,183,no,no,cellular,25,jul,206,2,-1,0,unknown,no,2025-09-14 21:00:00
52,technician,married,secondary,no,2619,yes,no,cellular,18,nov,77,2,-1,0,unknown,no,2025-09-14 22:00:00
52,unemployed,married,tertiary,no,1023,no,no,cellular,7,jul,107,6,-1,0,unknown,no,2025-09-14 23:00:00
32,blue-collar,married,secondary,no,328,yes,no,unknown,20,may,132,1,-1,0,unknown,no,2025-09-15 00:00:00
36,services,married,primary,no,795,no,yes,cellular,8,jul,215,2,-1,0,unknown,no,2025-09-15 01:00:00
36,services,married,secondary,no,4721,no,no,cellular,9,dec,149,3,-1,0,unknown,yes,2025-09-15 02:00:00
34,admin.,single,tertiary,no,2045,no,no,cellular,29,jan,146,2,-1,0,unknown,no,2025-09-15 03:00:00
54,management,married,secondary,no,0,no,no,cellular,19,nov,106,1,-1,0,unknown,no,2025-09-15 04:00:00
39,housemaid,divorced,secondary,yes,127,no,no,unknown,20,jun,150,2,-1,0,unknown,no,2025-09-15 05:00:00
39,technician,married,secondary,no,287,yes,no,unknown,23,may,63,1,-1,0,unknown,no,2025-09-15 06:00:00
48,blue-collar,single,secondary,no,2288,no,no,unknown,24,jun,114,4,-1,0,unknown,no,2025-09-15 07:00:00
35,management,married,tertiary,no,1870,yes,no,cellular,24,jun,134,1,386,1,failure,no,2025-09-15 08:00:00
31,technician,divorced,secondary,no,431,yes,yes,cellular,18,aug,75,2,-1,0,unknown,no,2025-09-15 09:00:00
59,housemaid,married,primary,no,116,no,no,cellular,8,aug,129,4,-1,0,unknown,no,2025-09-15 10:00:00
31,management,divorced,tertiary,no,1145,yes,no,unknown,26,may,1272,4,-1,0,unknown,yes,2025-09-15 11:00:00
29,management,single,tertiary,no,2637,yes,no,cellular,18,may,179,3,-1,0,unknown,no,2025-09-15 12:00:00
29,admin.,single,secondary,no,-133,no,no,cellular,18,jul,108,1,-1,0,unknown,no,2025-09-15 13:00:00
35,housemaid,married,tertiary,no,303,no,no,cellular,4,aug,311,1,-1,0,unknown,no,2025-09-15 14:00:00
40,admin.,single,unknown,no,355,yes,no,cellular,7,apr,345,2,138,6,other,no,2025-09-15 15:00:00
43,management,married,tertiary,no,0,no,no,cellular,18,aug,241,5,-1,0,unknown,no,2025-09-15 16:00:00
47,housemaid,married,primary,no,0,yes,no,telephone,15,jul,162,1,-1,0,unknown,no,2025-09-15 17:00:00
35,blue-collar,single,secondary,no,470,yes,no,unknown,21,may,123,1,-1,0,unknown,no,2025-09-15 18:00:00
54,technician,married,secondary,no,0,no,no,telephone,14,aug,159,2,106,6,success,no,2025-09-15 19:00:00
46,management,married,secondary,no,174,yes,no,cellular,8,may,157,1,-1,0,unknown,no,2025-09-15 20:00:00
76,retired,divorced,primary,no,86,no,no,cellular,12,aug,192,1,-1,0,unknown,no,2025-09-15 21:00:00
38,management,married,tertiary,no,494,no,no,cellular,17,nov,146,1,104,2,other,no,2025-09-15 22:00:00
31,blue-collar,married,primary,no,498,yes,yes,cellular,9,jul,445,2,-1,0,unknown,no,2025-09-15 23:00:00
46,technician,married,unknown,no,312,no,no,cellular,27,aug,129,4,-1,0,unknown,no,2025-09-16 00:00:00
29,technician,married,tertiary,no,1535,yes,no,cellular,17,jul,134,2,-1,0,unknown,no,2025-09-16 01:00:00
45,services,married,secondary,no,162,no,no,unknown,6,jun,166,4,-1,0,unknown,no,2025-09-16 02:00:00
28,services,single,secondary,no,-358,yes,no,unknown,26,may,253,2,-1,0,unknown,no,2025-09-16 03:00:00
59,unemployed,married,secondary,no,1047,no,no,cellular,18,feb,83,3,-1,0,unknown,yes,2025-09-16 04:00:00
34,technician,single,tertiary,no,299,yes,no,unknown,21,may,205,2,-1,0,unknown,no,2025-09-16 05:00:00
38,management,single,tertiary,no,0,no,no,cellular,28,aug,59,12,-1,0,unknown,no,2025-09-16 06:00:00
34,admin.,divorced,secondary,no,479,yes,no,cellular,12,may,515,1,350,5,failure,yes,2025-09-16 07:00:00
57,housemaid,married,primary,no,0,no,no,unknown,9,jun,257,2,-1,0,unknown,no,2025-09-16 08:00:00
59,housemaid,married,primary,no,5,no,yes,telephone,22,jul,204,2,-1,0,unknown,no,2025-09-16 09:00:00
54,unemployed,married,secondary,no,23,yes,no,unknown,8,may,27,3,-1,0,unknown,no,2025-09-16 10:00:00
55,technician,married,unknown,no,574,yes,no,cellular,29,jan,243,2,-1,0,unknown,no,2025-09-16 11:00:00
30,admin.,divorced,secondary,no,1320,yes,yes,cellular,5,may,122,3,362,1,failure,no,2025-09-16 12:00:00
48,management,divorced,tertiary,no,174,no,no,cellular,6,aug,290,2,-1,0,unknown,no,2025-09-16 13:00:00
44,housemaid,married,secondary,no,281,yes,no,unknown,8,may,604,1,-1,0,unknown,no,2025-09-16 14:00:00
37,blue-collar,married,primary,no,1720,yes,no,unknown,2,jun,118,1,-1,0,unknown,no,2025-09-16 15:00:00
36,management,married,tertiary,no,0,yes,no,cellular,18,nov,103,1,175,2,failure,no,2025-09-16 16:00:00
34,technician,married,secondary,no,966,yes,no,cellular,18,may,16,4,273,7,other,no,2025-09-16 17:00:00
46,management,single,tertiary,no,311,yes,yes,cellular,27,oct,96,1,158,1,failure,no,2025-09-16 18:00:00
49,management,single,tertiary,no,11,no,no,cellular,22,aug,251,2,-1,0,unknown,no,2025-09-16 19:00:00
28,blue-collar,married,primary,no,5542,yes,no,cellular,16,apr,404,1,-1,0,unknown,no,2025-09-16 20:00:00
27,blue-collar,married,secondary,no,245,yes,no,cellular,7,may,121,1,344,2,failure,no,2025-09-16 21:00:00
44,services,married,primary,no,2386,yes,no,cellular,7,may,228,2,-1,0,unknown,no,2025-09-16 22:00:00
51,blue-collar,married,primary,no,440,no,no,cellular,11,aug,46,5,-1,0,unknown,no,2025-09-16 23:00:00
29,management,single,tertiary,no,2955,no,no,cellular,29,apr,226,2,-1,0,unknown,yes,2025-09-17 00:00:00
34,blue-collar,single,secondary,no,2764,yes,no,cellular,13,may,158,1,357,1,failure,no,2025-09-17 01:00:00
27,services,single,secondary,no,201,yes,no,unknown,4,jun,172,2,-1,0,unknown,no,2025-09-17 02:00:00
37,blue-collar,married,secondary,no,2016,yes,yes,cellular,18,may,20,6,-1,0,unknown,no,2025-09-17 03:00:00
38,blue-collar,single,tertiary,no,172,yes,no,cellular,1,apr,1176,1,-1,0,unknown,yes,2025-09-17 04:00:00
57,technician,married,primary,no,0,no,no,unknown,5,jun,58,8,-1,0,unknown,no,2025-09-17 05:00:00
44,blue-collar,married,secondary,no,545,yes,no,cellular,6,apr,122,3,136,1,failure,no,2025-09-17 06:00:00
56,management,divorced,tertiary,no,0,no,no,unknown,6,jun,463,4,-1,0,unknown,no,2025-09-17 07:00:00
30,admin.,married,secondary,no,-150,yes,no,cellular,6,may,174,1,365,1,failure,no,2025-09-17 08:00:00
31,blue-collar,married,secondary,no,0,no,no,telephone,23,jul,36,1,-1,0,unknown,no,2025-09-17 09:00:00
38,blue-collar,married,primary,no,-459,yes,yes,cellular,19,nov,219,2,-1,0,unknown,no,2025-09-17 10:00:00
59,management,divorced,tertiary,no,0,yes,no,cellular,31,jul,52,8,-1,0,unknown,no,2025-09-17 11:00:00
57,retired,divorced,primary,no,2439,yes,no,unknown,14,may,32,1,-1,0,unknown,no,2025-09-17 12:00:00
25,blue-collar,single,primary,no,758,yes,no,cellular,7,may,258,1,357,1,failure,no,2025-09-17 13:00:00
36,blue-collar,married,secondary,no,56,no,no,unknown,24,jun,481,6,-1,0,unknown,no,2025-09-17 14:00:00
49,management,divorced,tertiary,no,651,no,yes,cellular,6,aug,79,3,-1,0,unknown,no,2025-09-17 15:00:00
28,services,married,secondary,no,1214,no,no,unknown,28,may,582,1,-1,0,unknown,no,2025-09-17 16:00:00
40,management,married,secondary,no,8486,no,no,unknown,6,may,260,3,-1,0,unknown,no,2025-09-17 17:00:00
52,entrepreneur,married,primary,no,-104,no,yes,cellular,10,jul,124,1,-1,0,unknown,no,2025-09-17 18:00:00
30,entrepreneur,married,primary,no,2686,yes,no,cellular,15,jul,808,3,-1,0,unknown,yes,2025-09-17 19:00:00
50,blue-collar,single,secondary,no,708,yes,no,unknown,15,may,104,1,-1,0,unknown,no,2025-09-17 20:00:00
24,blue-collar,single,secondary,no,-169,yes,no,cellular,14,may,366,2,-1,0,unknown,no,2025-09-17 21:00:00
39,self-employed,married,tertiary,no,-176,yes,no,unknown,15,may,156,13,-1,0,unknown,no,2025-09-17 22:00:00
32,management,single,tertiary,no,3,yes,no,cellular,13,may,568,1,-1,0,unknown,yes,2025-09-17 23:00:00
40,blue-collar,married,secondary,no,299,yes,no,cellular,15,jul,180,4,-1,0,unknown,no,2025-09-18 00:00:00
46,technician,married,secondary,no,2098,no,no,cellular,7,aug,110,2,-1,0,unknown,no,2025-09-18 01:00:00
45,technician,married,tertiary,no,533,yes,no,unknown,16,jun,332,2,-1,0,unknown,no,2025-09-18 02:00:00
35,technician,single,secondary,no,449,yes,no,cellular,12,may,245,1,-1,0,unknown,no,2025-09-18 03:00:00
22,student,single,secondary,no,120,no,no,cellular,7,dec,245,5,-1,0,unknown,no,2025-09-18 04:00:00
41,admin.,single,secondary,no,84,yes,no,unknown,6,jun,238,3,-1,0,unknown,no,2025-09-18 05:00:00
47,admin.,married,secondary,no,-121,yes,yes,cellular,18,may,167,4,314,4,failure,no,2025-09-18 06:00:00
42,management,married,tertiary,no,72,yes,no,cellular,20,apr,124,2,348,3,failure,no,2025-09-18 07:00:00
41,blue-collar,married,primary,no,-571,yes,yes,unknown,26,may,207,4,-1,0,unknown,no,2025-09-18 08:00:00
47,retired,married,tertiary,no,1225,yes,yes,unknown,16,jun,339,2,-1,0,unknown,no,2025-09-18 09:00:00
35,technician,divorced,secondary,no,2823,yes,no,cellular,26,feb,74,1,24,1,failure,no,2025-09-18 10:00:00
34,services,divorced,secondary,no,797,yes,no,cellular,17,jul,54,1,-1,0,unknown,no,2025-09-18 11:00:00
39,management,married,secondary,no,1410,yes,no,unknown,23,may,55,1,-1,0,unknown,no,2025-09-18 12:00:00
42,blue-collar,single,primary,no,-95,yes,no,cellular,6,may,204,1,-1,0,unknown,no,2025-09-18 13:00:00
31,blue-collar,married,primary,no,206,yes,no,unknown,23,may,1171,1,-1,0,unknown,no,2025-09-18 14:00:00
27,technician,single,secondary,no,235,yes,no,cellular,12,may,13,5,-1,0,unknown,no,2025-09-18 15:00:00
49,management,married,tertiary,no,78,yes,no,cellular,8,apr,65,3,-1,0,unknown,no,2025-09-18 16:00:00
51,blue-collar,married,primary,no,3942,yes,no,unknown,17,jun,363,3,-1,0,unknown,no,2025-09-18 17:00:00
53,blue-collar,married,secondary,no,21522,no,no,unknown,24,jun,146,4,-1,0,unknown,no,2025-09-18 18:00:00
23,services,married,secondary,no,14,yes,yes,telephone,13,may,19,8,358,1,failure,no,2025-09-18 19:00:00
26,student,single,tertiary,no,5169,yes,no,cellular,25,may,397,1,35,2,failure,yes,2025-09-18 20:00:00
26,technician,single,secondary,no,1105,yes,no,cellular,6,sep,415,1,297,3,other,yes,2025-09-18 21:00:00
28,management,single,tertiary,no,1825,no,no,cellular,9,mar,236,1,-1,0,unknown,yes,2025-09-18 22:00:00
35,self-employed,married,tertiary,no,1250,yes,no,cellular,2,apr,361,1,136,1,other,no,2025-09-18 23:00:00
41,management,divorced,tertiary,no,1757,no,no,cellular,26,aug,515,13,-1,0,unknown,no,2025-09-19 00:00:00
30,admin.,single,tertiary,no,739,yes,no,cellular,17,apr,297,1,-1,0,unknown,no,2025-09-19 01:00:00
31,admin.,married,secondary,no,752,yes,no,unknown,14,may,178,1,-1,0,unknown,no,2025-09-19 02:00:00
43,blue-collar,married,primary,no,-77,yes,no,unknown,8,may,468,1,-1,0,unknown,no,2025-09-19 03:00:00
56,blue-collar,married,primary,no,827,yes,no,telephone,15,may,462,4,-1,0,unknown,yes,2025-09-19 04:00:00
46,admin.,single,secondary,no,1693,yes,no,cellular,20,oct,427,1,-1,0,unknown,yes,2025-09-19 05:00:00
54,retired,single,secondary,no,515,yes,no,unknown,17,jun,205,1,-1,0,unknown,no,2025-09-19 06:00:00
27,self-employed,married,tertiary,no,607,yes,no,cellular,23,jul,123,3,-1,0,unknown,no,2025-09-19 07:00:00
43,management,divorced,tertiary,no,439,yes,no,cellular,31,jul,92,3,-1,0,unknown,no,2025-09-19 08:00:00
72,retired,married,primary,no,2600,no,no,cellular,3,feb,443,2,82,3,success,yes,2025-09-19 09:00:00
55,technician,divorced,secondary,yes,284,yes,no,cellular,7,aug,78,2,-1,0,unknown,no,2025-09-19 10:00:00
37,housemaid,married,tertiary,no,0,yes,no,cellular,21,jul,97,2,-1,0,unknown,no,2025-09-19 11:00:00
39,admin.,divorced,secondary,no,676,yes,no,cellular,5,may,281,2,-1,0,unknown,no,2025-09-19 12:00:00
32,technician,single,unknown,no,-301,yes,no,cellular,18,may,176,2,-1,0,unknown,no,2025-09-19 13:00:00
29,admin.,married,secondary,no,943,yes,no,unknown,4,jun,355,1,-1,0,unknown,no,2025-09-19 14:00:00
54,management,married,tertiary,no,203,no,no,cellular,21,nov,70,1,-1,0,unknown,no,2025-09-19 15:00:00
27,blue-collar,single,secondary,no,2074,no,yes,cellular,25,jul,203,2,-1,0,unknown,no,2025-09-19 16:00:00
38,technician,single,tertiary,no,1727,no,no,telephone,28,oct,182,2,-1,0,unknown,no,2025-09-19 17:00:00
51,blue-collar,divorced,primary,no,325,yes,no,unknown,6,may,254,2,-1,0,unknown,no,2025-09-19 18:00:00
30,blue-collar,married,secondary,no,1312,yes,no,unknown,19,may,285,2,-1,0,unknown,no,2025-09-19 19:00:00
44,technician,single,secondary,no,0,no,no,cellular,20,aug,156,2,-1,0,unknown,no,2025-09-19 20:00:00
59,unemployed,married,tertiary,no,279,no,no,unknown,20,jun,41,1,-1,0,unknown,no,2025-09-19 21:00:00
28,entrepreneur,married,tertiary,no,4064,no,yes,cellular,11,may,93,2,-1,0,unknown,no,2025-09-19 22:00:00
35,blue-collar,divorced,secondary,no,286,yes,no,cellular,15,may,158,1,365,4,other,no,2025-09-19 23:00:00
29,technician,single,secondary,no,32,yes,yes,cellular,17,apr,514,1,-1,0,unknown,no,2025-09-20 00:00:00
27,management,married,tertiary,no,4909,no,yes,cellular,17,jul,159,3,-1,0,unknown,no,2025-09-20 01:00:00
37,management,married,secondary,no,0,no,no,cellular,12,aug,132,2,-1,0,unknown,no,2025-09-20 02:00:00
56,blue-collar,married,secondary,no,25,yes,no,unknown,19,may,264,1,-1,0,unknown,no,2025-09-20 03:00:00
48,admin.,divorced,secondary,no,0,no,yes,cellular,11,jul,487,3,-1,0,unknown,no,2025-09-20 04:00:00
30,management,single,tertiary,no,30,no,no,cellular,21,aug,220,5,-1,0,unknown,no,2025-09-20 05:00:00
38,management,married,tertiary,no,328,no,no,cellular,8,aug,230,2,-1,0,unknown,no,2025-09-20 06:00:00
29,management,single,tertiary,no,112,yes,yes,unknown,28,may,117,2,-1,0,unknown,no,2025-09-20 07:00:00
59,retired,married,unknown,yes,-114,no,yes,cellular,9,jul,611,2,-1,0,unknown,no,2025-09-20 08:00:00
47,technician,married,secondary,no,2149,yes,no,cellular,15,oct,241,1,183,2,success,no,2025-09-20 09:00:00
36,unemployed,married,tertiary,no,39385,no,no,cellular,1,oct,120,1,-1,0,unknown,no,2025-09-20 10:00:00
35,management,married,tertiary,no,2793,no,no,cellular,20,nov,258,2,-1,0,unknown,no,2025-09-20 11:00:00
28,blue-collar,married,primary,no,-65,yes,no,cellular,4,may,90,4,-1,0,unknown,no,2025-09-20 12:00:00
29,technician,married,tertiary,no,-246,yes,no,unknown,6,jun,311,3,-1,0,unknown,no,2025-09-20 13:00:00
35,management,married,tertiary,no,3109,yes,no,cellular,3,jun,467,1,-1,0,unknown,no,2025-09-20 14:00:00
28,management,married,tertiary,no,247,no,no,cellular,6,feb,1192,3,-1,0,unknown,no,2025-09-20 15:00:00
49,entrepreneur,divorced,tertiary,no,315,no,no,cellular,11,sep,240,1,-1,0,unknown,no,2025-09-20 16:00:00
41,management,divorced,tertiary,no,3355,no,no,cellular,14,oct,181,2,500,1,failure,no,2025-09-20 17:00:00
33,blue-collar,married,primary,yes,-744,yes,no,unknown,8,may,206,1,-1,0,unknown,no,2025-09-20 18:00:00
46,management,married,unknown,no,3082,no,no,telephone,4,may,157,3,-1,0,unknown,no,2025-09-20 19:00:00
33,management,single,tertiary,no,627,no,no,cellular,27,aug,61,5,-1,0,unknown,no,2025-09-20 20:00:00
29,admin.,single,secondary,no,291,no,no,cellular,9,feb,12,9,-1,0,unknown,no,2025-09-20 21:00:00
35,technician,married,tertiary,no,4,yes,no,cellular,14,may,88,1,-1,0,unknown,no,2025-09-20 22:00:00
36,management,married,secondary,no,1825,yes,no,cellular,14,may,24,1,346,1,failure,no,2025-09-20 23:00:00
